Reading LAVA input for local h2 screening
[1] "...Processing input info"
[1] "...** All phenotypes treated as BINARY ('psoriasis', 'psa', 'crohn', 'uc', 'cad')"
[1] "...Reading in sumstats"
[1] "...Reading in SNP info from reference data"
|--------------------------------------------------|
|==================================================|
[1] "...Extracting common SNPs"
[1] "... 1127243 SNPs shared across data sets"
[1] "...Aligning effect alleles to reference data set"
Shared SNPs across all phenotypes: 1127243
Running univariate local h2 across 2495 loci using 6 cores
[1] "Warning: Negative variance estimate for phenotype(s) 'psa' in locus 2; Dropping these as they cannot be analysed"
[1] "Warning: Negative variance estimate for phenotype(s) 'psa' in locus 3; Dropping these as they cannot be analysed"
[1] "Warning: Negative variance estimate for phenotype(s) 'psa' in locus 6; Dropping these as they cannot be analysed"
[1] "Warning: Negative variance estimate for phenotype(s) 'psa' in locus 7; Dropping these as they cannot be analysed"
[1] "Warning: Negative variance estimate for phenotype(s) 'psa', 'uc' in locus 12; Dropping these as they cannot be analysed"
[1] "Warning: Negative variance estimate for phenotype(s) 'psa', 'crohn' in locus 18; Dropping these as they cannot be analysed"
[1] "Warning: Negative variance estimate for phenotype(s) 'crohn' in locus 22; Dropping these as they cannot be analysed"
[1] "Warning: Negative variance estimate for phenotype(s) 'psa' in locus 25; Dropping these as they cannot be analysed"
[1] "Warning: Negative variance estimate for phenotype(s) 'psa' in locus 27; Dropping these as they cannot be analysed"
[1] "Warning: Negative variance estimate for phenotype(s) 'psa' in locus 32; Dropping these as they cannot be analysed"
[1] "Warning: Negative variance estimate for phenotype(s) 'psa', 'uc' in locus 34; Dropping these as they cannot be analysed"
[1] "Warning: Negative variance estimate for phenotype(s) 'psa' in locus 40; Dropping these as they cannot be analysed"
[1] "Warning: Negative variance estimate for phenotype(s) 'psoriasis', 'psa', 'crohn' in locus 42; Dropping these as they cannot be analysed"
[1] "Warning: Negative variance estimate for phenotype(s) 'psa' in locus 41; Dropping these as they cannot be analysed"
[1] "Warning: Negative variance estimate for phenotype(s) 'psoriasis', 'psa', 'crohn' in locus 45; Dropping these as they cannot be analysed"
[1] "Warning: Negative variance estimate for phenotype(s) 'psoriasis', 'psa' in locus 61; Dropping these as they cannot be analysed"
[1] "Warning: Negative variance estimate for phenotype(s) 'psoriasis', 'uc' in locus 63; Dropping these as they cannot be analysed"
[1] "Warning: Negative variance estimate for phenotype(s) 'uc' in locus 64; Dropping these as they cannot be analysed"
[1] "Warning: Negative variance estimate for phenotype(s) 'psoriasis', 'psa', 'crohn' in locus 68; Dropping these as they cannot be analysed"
[1] "Warning: Negative variance estimate for phenotype(s) 'psa', 'crohn' in locus 69; Dropping these as they cannot be analysed"
[1] "Warning: Negative variance estimate for phenotype(s) 'crohn' in locus 72; Dropping these as they cannot be analysed"
[1] "Warning: Negative variance estimate for phenotype(s) 'crohn' in locus 74; Dropping these as they cannot be analysed"
[1] "Warning: Negative variance estimate for phenotype(s) 'psoriasis' in locus 75; Dropping these as they cannot be analysed"
[1] "Warning: Negative variance estimate for phenotype(s) 'psa' in locus 77; Dropping these as they cannot be analysed"
[1] "Warning: Negative variance estimate for phenotype(s) 'cad' in locus 81; Dropping these as they cannot be analysed"
[1] "Warning: Negative variance estimate for phenotype(s) 'psa', 'cad' in locus 87; Dropping these as they cannot be analysed"
[1] "Warning: Negative variance estimate for phenotype(s) 'psoriasis' in locus 84; Dropping these as they cannot be analysed"
[1] "Warning: Negative variance estimate for phenotype(s) 'crohn' in locus 85; Dropping these as they cannot be analysed"
[1] "Warning: Negative variance estimate for phenotype(s) 'psoriasis', 'psa', 'crohn', 'uc' in locus 89; Dropping these as they cannot be analysed"
[1] "Warning: Negative variance estimate for phenotype(s) 'cad' in locus 91; Dropping these as they cannot be analysed"
[1] "Warning: Negative variance estimate for phenotype(s) 'psoriasis', 'cad' in locus 92; Dropping these as they cannot be analysed"
[1] "Warning: Negative variance estimate for phenotype(s) 'psa' in locus 88; Dropping these as they cannot be analysed"
[1] "Warning: Negative variance estimate for phenotype(s) 'psa' in locus 94; Dropping these as they cannot be analysed"
[1] "Warning: Negative variance estimate for phenotype(s) 'psa' in locus 99; Dropping these as they cannot be analysed"
[1] "Warning: Negative variance estimate for phenotype(s) 'uc' in locus 100; Dropping these as they cannot be analysed"
[1] "Warning: Negative variance estimate for phenotype(s) 'psa', 'uc' in locus 104; Dropping these as they cannot be analysed"
[1] "Warning: Negative variance estimate for phenotype(s) 'crohn' in locus 108; Dropping these as they cannot be analysed"
[1] "Warning: Negative variance estimate for phenotype(s) 'uc' in locus 107; Dropping these as they cannot be analysed"
[1] "Warning: Negative variance estimate for phenotype(s) 'psa' in locus 109; Dropping these as they cannot be analysed"
[1] "Warning: Negative variance estimate for phenotype(s) 'cad' in locus 111; Dropping these as they cannot be analysed"
[1] "Warning: Negative variance estimate for phenotype(s) 'psa' in locus 115; Dropping these as they cannot be analysed"
[1] "Warning: Negative variance estimate for phenotype(s) 'psoriasis' in locus 116; Dropping these as they cannot be analysed"
[1] "Warning: Negative variance estimate for phenotype(s) 'psa' in locus 118; Dropping these as they cannot be analysed"
[1] "Warning: Negative variance estimate for phenotype(s) 'psoriasis' in locus 122; Dropping these as they cannot be analysed"
[1] "Warning: Negative variance estimate for phenotype(s) 'psa' in locus 127; Dropping these as they cannot be analysed"
[1] "Warning: Negative variance estimate for phenotype(s) 'psoriasis' in locus 128; Dropping these as they cannot be analysed"
[1] "Warning: Negative variance estimate for phenotype(s) 'psa' in locus 129; Dropping these as they cannot be analysed"
[1] "Warning: Negative variance estimate for phenotype(s) 'psa' in locus 132; Dropping these as they cannot be analysed"
[1] "Warning: Negative variance estimate for phenotype(s) 'psa' in locus 134; Dropping these as they cannot be analysed"
[1] "Warning: Negative variance estimate for phenotype(s) 'psoriasis', 'psa' in locus 133; Dropping these as they cannot be analysed"
[1] "Warning: Negative variance estimate for phenotype(s) 'psa', 'uc' in locus 140; Dropping these as they cannot be analysed"
[1] "Warning: Negative variance estimate for phenotype(s) 'psoriasis' in locus 142; Dropping these as they cannot be analysed"
[1] "Warning: Negative variance estimate for phenotype(s) 'uc', 'cad' in locus 143; Dropping these as they cannot be analysed"
[1] "Warning: Negative variance estimate for phenotype(s) 'psoriasis', 'psa' in locus 144; Dropping these as they cannot be analysed"
[1] "Warning: Negative variance estimate for phenotype(s) 'psoriasis', 'uc' in locus 146; Dropping these as they cannot be analysed"
[1] "Warning: Negative variance estimate for phenotype(s) 'crohn' in locus 145; Dropping these as they cannot be analysed"
[1] "Warning: Negative variance estimate for phenotype(s) 'psoriasis', 'psa', 'uc' in locus 148; Dropping these as they cannot be analysed"
[1] "Warning: Negative variance estimate for phenotype(s) 'psoriasis' in locus 149; Dropping these as they cannot be analysed"
[1] "Warning: Negative variance estimate for phenotype(s) 'psoriasis' in locus 153; Dropping these as they cannot be analysed"
[1] "Warning: Negative variance estimate for phenotype(s) 'psoriasis', 'psa' in locus 165; Dropping these as they cannot be analysed"
[1] "Warning: Negative variance estimate for phenotype(s) 'psa' in locus 170; Dropping these as they cannot be analysed"
[1] "Warning: Negative variance estimate for phenotype(s) 'psa' in locus 171; Dropping these as they cannot be analysed"
[1] "Warning: Negative variance estimate for phenotype(s) 'psoriasis' in locus 169; Dropping these as they cannot be analysed"
[1] "Warning: Negative variance estimate for phenotype(s) 'psoriasis' in locus 174; Dropping these as they cannot be analysed"
[1] "Warning: Negative variance estimate for phenotype(s) 'uc' in locus 177; Dropping these as they cannot be analysed"
[1] "Warning: Negative variance estimate for phenotype(s) 'psa', 'uc' in locus 175; Dropping these as they cannot be analysed"
[1] "Warning: Negative variance estimate for phenotype(s) 'psoriasis' in locus 182; Dropping these as they cannot be analysed"
[1] "Warning: Negative variance estimate for phenotype(s) 'psoriasis' in locus 181; Dropping these as they cannot be analysed"
[1] "Warning: Negative variance estimate for phenotype(s) 'psa', 'cad' in locus 185; Dropping these as they cannot be analysed"
[1] "Warning: Negative variance estimate for phenotype(s) 'cad' in locus 188; Dropping these as they cannot be analysed"
[1] "Warning: Negative variance estimate for phenotype(s) 'psa' in locus 189; Dropping these as they cannot be analysed"
[1] "Warning: Negative variance estimate for phenotype(s) 'uc' in locus 192; Dropping these as they cannot be analysed"
[1] "Warning: Negative variance estimate for phenotype(s) 'crohn' in locus 200; Dropping these as they cannot be analysed"
[1] "Warning: Negative variance estimate for phenotype(s) 'crohn' in locus 198; Dropping these as they cannot be analysed"
[1] "Warning: Negative variance estimate for phenotype(s) 'psoriasis', 'cad' in locus 202; Dropping these as they cannot be analysed"
[1] "Warning: Negative variance estimate for phenotype(s) 'psa', 'uc' in locus 203; Dropping these as they cannot be analysed"
[1] "Warning: Negative variance estimate for phenotype(s) 'psa' in locus 213; Dropping these as they cannot be analysed"
[1] "Warning: Negative variance estimate for phenotype(s) 'crohn', 'uc' in locus 218; Dropping these as they cannot be analysed"
[1] "Warning: Negative variance estimate for phenotype(s) 'psa', 'cad' in locus 219; Dropping these as they cannot be analysed"
[1] "Warning: Negative variance estimate for phenotype(s) 'psa' in locus 225; Dropping these as they cannot be analysed"
[1] "Warning: Negative variance estimate for phenotype(s) 'psoriasis', 'psa' in locus 226; Dropping these as they cannot be analysed"
[1] "Warning: Negative variance estimate for phenotype(s) 'psoriasis' in locus 229; Dropping these as they cannot be analysed"
[1] "Warning: Negative variance estimate for phenotype(s) 'psoriasis' in locus 232; Dropping these as they cannot be analysed"
[1] "Warning: Negative variance estimate for phenotype(s) 'crohn' in locus 233; Dropping these as they cannot be analysed"
[1] "Warning: Negative variance estimate for phenotype(s) 'crohn' in locus 238; Dropping these as they cannot be analysed"
[1] "Warning: Negative variance estimate for phenotype(s) 'uc' in locus 237; Dropping these as they cannot be analysed"
[1] "Warning: Negative variance estimate for phenotype(s) 'psa' in locus 236; Dropping these as they cannot be analysed"
[1] "Warning: Negative variance estimate for phenotype(s) 'psoriasis', 'crohn' in locus 239; Dropping these as they cannot be analysed"
[1] "Warning: Negative variance estimate for phenotype(s) 'psa', 'uc' in locus 249; Dropping these as they cannot be analysed"
[1] "Warning: Negative variance estimate for phenotype(s) 'uc' in locus 250; Dropping these as they cannot be analysed"
[1] "Warning: Negative variance estimate for phenotype(s) 'crohn' in locus 252; Dropping these as they cannot be analysed"
[1] "Warning: Negative variance estimate for phenotype(s) 'psa', 'uc' in locus 259; Dropping these as they cannot be analysed"
[1] "Warning: Negative variance estimate for phenotype(s) 'psa', 'crohn' in locus 256; Dropping these as they cannot be analysed"
[1] "Warning: Negative variance estimate for phenotype(s) 'psoriasis', 'cad' in locus 265; Dropping these as they cannot be analysed"
[1] "Warning: Negative variance estimate for phenotype(s) 'uc' in locus 261; Dropping these as they cannot be analysed"
[1] "Warning: Negative variance estimate for phenotype(s) 'psa' in locus 264; Dropping these as they cannot be analysed"
[1] "Warning: Negative variance estimate for phenotype(s) 'uc' in locus 260; Dropping these as they cannot be analysed"
[1] "Warning: Negative variance estimate for phenotype(s) 'psa' in locus 267; Dropping these as they cannot be analysed"
[1] "Warning: Negative variance estimate for phenotype(s) 'psa' in locus 278; Dropping these as they cannot be analysed"
[1] "Warning: Negative variance estimate for phenotype(s) 'psa', 'crohn', 'uc' in locus 281; Dropping these as they cannot be analysed"
[1] "Warning: Negative variance estimate for phenotype(s) 'crohn' in locus 280; Dropping these as they cannot be analysed"
[1] "Warning: Negative variance estimate for phenotype(s) 'psoriasis', 'crohn', 'uc' in locus 282; Dropping these as they cannot be analysed"
[1] "Warning: Negative variance estimate for phenotype(s) 'psoriasis', 'psa' in locus 284; Dropping these as they cannot be analysed"
[1] "Warning: Negative variance estimate for phenotype(s) 'psoriasis', 'psa' in locus 287; Dropping these as they cannot be analysed"
[1] "Warning: Negative variance estimate for phenotype(s) 'psoriasis' in locus 285; Dropping these as they cannot be analysed"
[1] "Warning: Negative variance estimate for phenotype(s) 'crohn' in locus 288; Dropping these as they cannot be analysed"
[1] "Warning: Negative variance estimate for phenotype(s) 'crohn' in locus 286; Dropping these as they cannot be analysed"
[1] "Warning: Negative variance estimate for phenotype(s) 'psoriasis', 'psa' in locus 289; Dropping these as they cannot be analysed"
[1] "Warning: Negative variance estimate for phenotype(s) 'psa', 'crohn', 'cad' in locus 293; Dropping these as they cannot be analysed"
[1] "Warning: Negative variance estimate for phenotype(s) 'psa' in locus 291; Dropping these as they cannot be analysed"
[1] "Warning: Negative variance estimate for phenotype(s) 'psa' in locus 290; Dropping these as they cannot be analysed"
[1] "Warning: Negative variance estimate for phenotype(s) 'cad' in locus 294; Dropping these as they cannot be analysed"
[1] "Warning: Negative variance estimate for phenotype(s) 'uc' in locus 296; Dropping these as they cannot be analysed"
[1] "Warning: Negative variance estimate for phenotype(s) 'psoriasis' in locus 298; Dropping these as they cannot be analysed"
[1] "Warning: Negative variance estimate for phenotype(s) 'cad' in locus 297; Dropping these as they cannot be analysed"
[1] "Warning: Negative variance estimate for phenotype(s) 'crohn', 'uc' in locus 300; Dropping these as they cannot be analysed"
[1] "Warning: Negative variance estimate for phenotype(s) 'psa', 'crohn' in locus 302; Dropping these as they cannot be analysed"
[1] "Warning: Negative variance estimate for phenotype(s) 'psa', 'crohn' in locus 303; Dropping these as they cannot be analysed"
[1] "Warning: Negative variance estimate for phenotype(s) 'uc' in locus 304; Dropping these as they cannot be analysed"
[1] "Warning: Negative variance estimate for phenotype(s) 'psoriasis', 'psa', 'cad' in locus 307; Dropping these as they cannot be analysed"
[1] "Warning: Negative variance estimate for phenotype(s) 'uc' in locus 310; Dropping these as they cannot be analysed"
[1] "Warning: Negative variance estimate for phenotype(s) 'psoriasis' in locus 311; Dropping these as they cannot be analysed"
[1] "Warning: Negative variance estimate for phenotype(s) 'psa', 'cad' in locus 312; Dropping these as they cannot be analysed"
[1] "Warning: Negative variance estimate for phenotype(s) 'psa', 'crohn', 'uc' in locus 315; Dropping these as they cannot be analysed"
[1] "Warning: Negative variance estimate for phenotype(s) 'uc' in locus 314; Dropping these as they cannot be analysed"
[1] "Warning: Negative variance estimate for phenotype(s) 'uc', 'cad' in locus 316; Dropping these as they cannot be analysed"
[1] "Warning: Negative variance estimate for phenotype(s) 'psa', 'uc' in locus 317; Dropping these as they cannot be analysed"
[1] "Warning: Negative variance estimate for phenotype(s) 'psoriasis', 'psa', 'cad' in locus 323; Dropping these as they cannot be analysed"
[1] "Warning: Negative variance estimate for phenotype(s) 'psa', 'cad' in locus 324; Dropping these as they cannot be analysed"
[1] "Warning: Negative variance estimate for phenotype(s) 'crohn' in locus 322; Dropping these as they cannot be analysed"
[1] "Error: Negative variance estimate for all phenotypes in locus 329. This locus cannot be analysed"
[1] "Warning: Negative variance estimate for phenotype(s) 'crohn' in locus 328; Dropping these as they cannot be analysed"
[1] "Warning: Negative variance estimate for phenotype(s) 'psa', 'cad' in locus 333; Dropping these as they cannot be analysed"
[1] "Warning: Negative variance estimate for phenotype(s) 'psa', 'uc' in locus 332; Dropping these as they cannot be analysed"
[1] "Warning: Negative variance estimate for phenotype(s) 'uc' in locus 334; Dropping these as they cannot be analysed"
[1] "Warning: Negative variance estimate for phenotype(s) 'crohn' in locus 336; Dropping these as they cannot be analysed"
[1] "Warning: Negative variance estimate for phenotype(s) 'psoriasis', 'psa' in locus 342; Dropping these as they cannot be analysed"
[1] "Warning: Negative variance estimate for phenotype(s) 'psa' in locus 338; Dropping these as they cannot be analysed"
[1] "Warning: Negative variance estimate for phenotype(s) 'psa' in locus 340; Dropping these as they cannot be analysed"
[1] "Warning: Negative variance estimate for phenotype(s) 'crohn' in locus 348; Dropping these as they cannot be analysed"
[1] "Warning: Negative variance estimate for phenotype(s) 'cad' in locus 343; Dropping these as they cannot be analysed"
[1] "Warning: Negative variance estimate for phenotype(s) 'psa' in locus 346; Dropping these as they cannot be analysed"
[1] "Warning: Negative variance estimate for phenotype(s) 'psa' in locus 351; Dropping these as they cannot be analysed"
[1] "Warning: Negative variance estimate for phenotype(s) 'psa' in locus 352; Dropping these as they cannot be analysed"
[1] "Warning: Negative variance estimate for phenotype(s) 'crohn' in locus 354; Dropping these as they cannot be analysed"
[1] "Warning: Negative variance estimate for phenotype(s) 'psoriasis', 'psa' in locus 356; Dropping these as they cannot be analysed"
[1] "Warning: Negative variance estimate for phenotype(s) 'psa', 'uc' in locus 362; Dropping these as they cannot be analysed"
[1] "Warning: Negative variance estimate for phenotype(s) 'psa' in locus 364; Dropping these as they cannot be analysed"
[1] "Warning: Negative variance estimate for phenotype(s) 'crohn', 'uc' in locus 368; Dropping these as they cannot be analysed"
[1] "Warning: Negative variance estimate for phenotype(s) 'psa' in locus 366; Dropping these as they cannot be analysed"
[1] "Warning: Negative variance estimate for phenotype(s) 'psoriasis', 'uc' in locus 367; Dropping these as they cannot be analysed"
[1] "Warning: Negative variance estimate for phenotype(s) 'psoriasis', 'psa' in locus 370; Dropping these as they cannot be analysed"
[1] "Warning: Negative variance estimate for phenotype(s) 'psoriasis', 'psa' in locus 371; Dropping these as they cannot be analysed"
[1] "Warning: Negative variance estimate for phenotype(s) 'psoriasis', 'psa', 'uc' in locus 372; Dropping these as they cannot be analysed"
[1] "Warning: Negative variance estimate for phenotype(s) 'psa' in locus 376; Dropping these as they cannot be analysed"
[1] "Warning: Negative variance estimate for phenotype(s) 'uc' in locus 375; Dropping these as they cannot be analysed"
[1] "Warning: Negative variance estimate for phenotype(s) 'uc' in locus 377; Dropping these as they cannot be analysed"
[1] "Warning: Negative variance estimate for phenotype(s) 'crohn' in locus 384; Dropping these as they cannot be analysed"
[1] "Warning: Negative variance estimate for phenotype(s) 'psoriasis', 'psa', 'cad' in locus 387; Dropping these as they cannot be analysed"
[1] "Warning: Negative variance estimate for phenotype(s) 'psa' in locus 386; Dropping these as they cannot be analysed"
[1] "Warning: Negative variance estimate for phenotype(s) 'psa' in locus 388; Dropping these as they cannot be analysed"
[1] "Warning: Negative variance estimate for phenotype(s) 'uc' in locus 391; Dropping these as they cannot be analysed"
[1] "Warning: Negative variance estimate for phenotype(s) 'psoriasis' in locus 389; Dropping these as they cannot be analysed"
[1] "Warning: Negative variance estimate for phenotype(s) 'psoriasis', 'psa', 'uc' in locus 392; Dropping these as they cannot be analysed"
[1] "Warning: Negative variance estimate for phenotype(s) 'psa' in locus 396; Dropping these as they cannot be analysed"
[1] "Warning: Negative variance estimate for phenotype(s) 'crohn' in locus 397; Dropping these as they cannot be analysed"
[1] "Warning: Negative variance estimate for phenotype(s) 'cad' in locus 398; Dropping these as they cannot be analysed"
[1] "Warning: Negative variance estimate for phenotype(s) 'crohn' in locus 400; Dropping these as they cannot be analysed"
[1] "Warning: Negative variance estimate for phenotype(s) 'psoriasis' in locus 403; Dropping these as they cannot be analysed"
[1] "Warning: Negative variance estimate for phenotype(s) 'crohn' in locus 404; Dropping these as they cannot be analysed"
[1] "Warning: Negative variance estimate for phenotype(s) 'crohn' in locus 408; Dropping these as they cannot be analysed"
[1] "Warning: Negative variance estimate for phenotype(s) 'uc' in locus 407; Dropping these as they cannot be analysed"
[1] "Warning: Negative variance estimate for phenotype(s) 'psa' in locus 411; Dropping these as they cannot be analysed"
[1] "Warning: Negative variance estimate for phenotype(s) 'uc' in locus 413; Dropping these as they cannot be analysed"
[1] "Warning: Negative variance estimate for phenotype(s) 'cad' in locus 416; Dropping these as they cannot be analysed"
[1] "Warning: Negative variance estimate for phenotype(s) 'cad' in locus 417; Dropping these as they cannot be analysed"
[1] "Warning: Negative variance estimate for phenotype(s) 'psoriasis', 'psa', 'crohn' in locus 422; Dropping these as they cannot be analysed"
[1] "Warning: Negative variance estimate for phenotype(s) 'psoriasis', 'psa' in locus 423; Dropping these as they cannot be analysed"
[1] "Warning: Negative variance estimate for phenotype(s) 'psoriasis', 'crohn' in locus 437; Dropping these as they cannot be analysed"
[1] "Warning: Negative variance estimate for phenotype(s) 'psoriasis', 'psa', 'crohn' in locus 447; Dropping these as they cannot be analysed"
[1] "Warning: Negative variance estimate for phenotype(s) 'psa' in locus 452; Dropping these as they cannot be analysed"
[1] "Warning: Negative variance estimate for phenotype(s) 'psa' in locus 453; Dropping these as they cannot be analysed"
[1] "Warning: Negative variance estimate for phenotype(s) 'psoriasis' in locus 454; Dropping these as they cannot be analysed"
[1] "Warning: Negative variance estimate for phenotype(s) 'psa', 'crohn' in locus 455; Dropping these as they cannot be analysed"
[1] "Warning: Negative variance estimate for phenotype(s) 'psoriasis', 'uc' in locus 456; Dropping these as they cannot be analysed"
[1] "Warning: Negative variance estimate for phenotype(s) 'psa', 'cad' in locus 459; Dropping these as they cannot be analysed"
[1] "Warning: Negative variance estimate for phenotype(s) 'psa' in locus 465; Dropping these as they cannot be analysed"
[1] "Warning: Negative variance estimate for phenotype(s) 'psa' in locus 463; Dropping these as they cannot be analysed"
[1] "Warning: Negative variance estimate for phenotype(s) 'psoriasis' in locus 464; Dropping these as they cannot be analysed"
[1] "Warning: Negative variance estimate for phenotype(s) 'psa' in locus 466; Dropping these as they cannot be analysed"
[1] "Warning: Negative variance estimate for phenotype(s) 'psa' in locus 469; Dropping these as they cannot be analysed"
[1] "Warning: Negative variance estimate for phenotype(s) 'psa' in locus 470; Dropping these as they cannot be analysed"
[1] "Warning: Negative variance estimate for phenotype(s) 'psoriasis' in locus 476; Dropping these as they cannot be analysed"
[1] "Warning: Negative variance estimate for phenotype(s) 'crohn' in locus 479; Dropping these as they cannot be analysed"
[1] "Warning: Negative variance estimate for phenotype(s) 'psa' in locus 480; Dropping these as they cannot be analysed"
[1] "Warning: Negative variance estimate for phenotype(s) 'psa' in locus 483; Dropping these as they cannot be analysed"
[1] "Warning: Negative variance estimate for phenotype(s) 'psa' in locus 481; Dropping these as they cannot be analysed"
[1] "Warning: Negative variance estimate for phenotype(s) 'crohn' in locus 486; Dropping these as they cannot be analysed"
[1] "Warning: Negative variance estimate for phenotype(s) 'cad' in locus 487; Dropping these as they cannot be analysed"
[1] "Warning: Negative variance estimate for phenotype(s) 'cad' in locus 490; Dropping these as they cannot be analysed"
[1] "Warning: Negative variance estimate for phenotype(s) 'psoriasis' in locus 492; Dropping these as they cannot be analysed"
[1] "Warning: Negative variance estimate for phenotype(s) 'cad' in locus 489; Dropping these as they cannot be analysed"
[1] "Warning: Negative variance estimate for phenotype(s) 'psoriasis', 'uc' in locus 493; Dropping these as they cannot be analysed"
[1] "Warning: Negative variance estimate for phenotype(s) 'psoriasis', 'psa' in locus 496; Dropping these as they cannot be analysed"
[1] "Warning: Negative variance estimate for phenotype(s) 'crohn', 'uc' in locus 494; Dropping these as they cannot be analysed"
[1] "Warning: Negative variance estimate for phenotype(s) 'psa' in locus 495; Dropping these as they cannot be analysed"
[1] "Warning: Negative variance estimate for phenotype(s) 'psoriasis', 'psa' in locus 497; Dropping these as they cannot be analysed"
[1] "Warning: Negative variance estimate for phenotype(s) 'psoriasis' in locus 498; Dropping these as they cannot be analysed"
[1] "Warning: Negative variance estimate for phenotype(s) 'psoriasis', 'psa' in locus 500; Dropping these as they cannot be analysed"
[1] "Warning: Negative variance estimate for phenotype(s) 'psoriasis', 'cad' in locus 501; Dropping these as they cannot be analysed"
[1] "Error: Negative variance estimate for all phenotypes in locus 502. This locus cannot be analysed"
[1] "Warning: Negative variance estimate for phenotype(s) 'crohn', 'cad' in locus 503; Dropping these as they cannot be analysed"
[1] "Warning: Negative variance estimate for phenotype(s) 'psa', 'crohn', 'cad' in locus 504; Dropping these as they cannot be analysed"
[1] "Warning: Negative variance estimate for phenotype(s) 'psa' in locus 505; Dropping these as they cannot be analysed"
[1] "Warning: Negative variance estimate for phenotype(s) 'uc' in locus 508; Dropping these as they cannot be analysed"
[1] "Warning: Negative variance estimate for phenotype(s) 'psoriasis', 'psa' in locus 509; Dropping these as they cannot be analysed"
[1] "Warning: Negative variance estimate for phenotype(s) 'uc' in locus 506; Dropping these as they cannot be analysed"
[1] "Warning: Negative variance estimate for phenotype(s) 'psa', 'crohn' in locus 510; Dropping these as they cannot be analysed"
[1] "Warning: Negative variance estimate for phenotype(s) 'psoriasis', 'psa', 'uc' in locus 514; Dropping these as they cannot be analysed"
[1] "Warning: Negative variance estimate for phenotype(s) 'psoriasis', 'psa' in locus 513; Dropping these as they cannot be analysed"
[1] "Warning: Negative variance estimate for phenotype(s) 'psoriasis' in locus 515; Dropping these as they cannot be analysed"
[1] "Warning: Negative variance estimate for phenotype(s) 'psa' in locus 512; Dropping these as they cannot be analysed"
[1] "Warning: Negative variance estimate for phenotype(s) 'psa', 'uc' in locus 516; Dropping these as they cannot be analysed"
[1] "Warning: Negative variance estimate for phenotype(s) 'psa' in locus 517; Dropping these as they cannot be analysed"
[1] "Warning: Negative variance estimate for phenotype(s) 'crohn', 'uc', 'cad' in locus 520; Dropping these as they cannot be analysed"
[1] "Warning: Negative variance estimate for phenotype(s) 'psa' in locus 526; Dropping these as they cannot be analysed"
[1] "Warning: Negative variance estimate for phenotype(s) 'psa', 'crohn' in locus 525; Dropping these as they cannot be analysed"
[1] "Warning: Negative variance estimate for phenotype(s) 'crohn' in locus 524; Dropping these as they cannot be analysed"
[1] "Warning: Negative variance estimate for phenotype(s) 'psa', 'crohn' in locus 531; Dropping these as they cannot be analysed"
[1] "Warning: Negative variance estimate for phenotype(s) 'psoriasis', 'crohn' in locus 530; Dropping these as they cannot be analysed"
[1] "Warning: Negative variance estimate for phenotype(s) 'psa' in locus 534; Dropping these as they cannot be analysed"
[1] "Warning: Negative variance estimate for phenotype(s) 'uc' in locus 535; Dropping these as they cannot be analysed"
[1] "Warning: Negative variance estimate for phenotype(s) 'psoriasis' in locus 536; Dropping these as they cannot be analysed"
[1] "Warning: Negative variance estimate for phenotype(s) 'psoriasis', 'uc' in locus 537; Dropping these as they cannot be analysed"
[1] "Warning: Negative variance estimate for phenotype(s) 'uc' in locus 540; Dropping these as they cannot be analysed"
[1] "Warning: Negative variance estimate for phenotype(s) 'psa' in locus 541; Dropping these as they cannot be analysed"
[1] "Warning: Negative variance estimate for phenotype(s) 'psa', 'uc' in locus 542; Dropping these as they cannot be analysed"
[1] "Warning: Negative variance estimate for phenotype(s) 'psa' in locus 544; Dropping these as they cannot be analysed"
[1] "Warning: Negative variance estimate for phenotype(s) 'uc' in locus 547; Dropping these as they cannot be analysed"
[1] "Warning: Negative variance estimate for phenotype(s) 'psoriasis', 'psa' in locus 545; Dropping these as they cannot be analysed"
[1] "Warning: Negative variance estimate for phenotype(s) 'psoriasis' in locus 549; Dropping these as they cannot be analysed"
[1] "Warning: Negative variance estimate for phenotype(s) 'uc' in locus 550; Dropping these as they cannot be analysed"
[1] "Warning: Negative variance estimate for phenotype(s) 'psa' in locus 556; Dropping these as they cannot be analysed"
[1] "Warning: Negative variance estimate for phenotype(s) 'psa' in locus 557; Dropping these as they cannot be analysed"
[1] "Warning: Negative variance estimate for phenotype(s) 'uc' in locus 558; Dropping these as they cannot be analysed"
[1] "Warning: Negative variance estimate for phenotype(s) 'crohn' in locus 559; Dropping these as they cannot be analysed"
[1] "Warning: Negative variance estimate for phenotype(s) 'psoriasis' in locus 560; Dropping these as they cannot be analysed"
[1] "Warning: Negative variance estimate for phenotype(s) 'psa', 'crohn', 'uc' in locus 564; Dropping these as they cannot be analysed"
[1] "Warning: Negative variance estimate for phenotype(s) 'uc' in locus 562; Dropping these as they cannot be analysed"
[1] "Warning: Negative variance estimate for phenotype(s) 'psoriasis', 'psa' in locus 563; Dropping these as they cannot be analysed"
[1] "Warning: Negative variance estimate for phenotype(s) 'crohn', 'cad' in locus 565; Dropping these as they cannot be analysed"
[1] "Warning: Negative variance estimate for phenotype(s) 'psoriasis', 'uc' in locus 567; Dropping these as they cannot be analysed"
[1] "Warning: Negative variance estimate for phenotype(s) 'crohn', 'uc', 'cad' in locus 566; Dropping these as they cannot be analysed"
[1] "Warning: Negative variance estimate for phenotype(s) 'crohn', 'uc' in locus 568; Dropping these as they cannot be analysed"
[1] "Warning: Negative variance estimate for phenotype(s) 'uc' in locus 576; Dropping these as they cannot be analysed"
[1] "Warning: Negative variance estimate for phenotype(s) 'cad' in locus 577; Dropping these as they cannot be analysed"
[1] "Warning: Negative variance estimate for phenotype(s) 'psa', 'uc' in locus 578; Dropping these as they cannot be analysed"
[1] "Warning: Negative variance estimate for phenotype(s) 'crohn' in locus 579; Dropping these as they cannot be analysed"
[1] "Warning: Negative variance estimate for phenotype(s) 'crohn', 'uc', 'cad' in locus 587; Dropping these as they cannot be analysed"
[1] "Warning: Negative variance estimate for phenotype(s) 'cad' in locus 588; Dropping these as they cannot be analysed"
[1] "Warning: Negative variance estimate for phenotype(s) 'psoriasis', 'crohn', 'cad' in locus 592; Dropping these as they cannot be analysed"
[1] "Warning: Negative variance estimate for phenotype(s) 'psa' in locus 591; Dropping these as they cannot be analysed"
[1] "Warning: Negative variance estimate for phenotype(s) 'cad' in locus 595; Dropping these as they cannot be analysed"
[1] "Warning: Negative variance estimate for phenotype(s) 'psa', 'uc' in locus 596; Dropping these as they cannot be analysed"
[1] "Warning: Negative variance estimate for phenotype(s) 'psoriasis' in locus 600; Dropping these as they cannot be analysed"
[1] "Warning: Negative variance estimate for phenotype(s) 'psoriasis' in locus 606; Dropping these as they cannot be analysed"
[1] "Warning: Negative variance estimate for phenotype(s) 'psoriasis', 'crohn', 'uc', 'cad' in locus 607; Dropping these as they cannot be analysed"
[1] "Warning: Negative variance estimate for phenotype(s) 'psoriasis', 'psa', 'crohn', 'cad' in locus 608; Dropping these as they cannot be analysed"
[1] "Warning: Negative variance estimate for phenotype(s) 'psoriasis', 'psa' in locus 610; Dropping these as they cannot be analysed"
[1] "Warning: Negative variance estimate for phenotype(s) 'psoriasis', 'psa' in locus 612; Dropping these as they cannot be analysed"
[1] "Warning: Negative variance estimate for phenotype(s) 'psa', 'uc' in locus 611; Dropping these as they cannot be analysed"
[1] "Warning: Negative variance estimate for phenotype(s) 'uc' in locus 615; Dropping these as they cannot be analysed"
[1] "Warning: Negative variance estimate for phenotype(s) 'uc' in locus 618; Dropping these as they cannot be analysed"
[1] "Warning: Negative variance estimate for phenotype(s) 'crohn', 'uc' in locus 620; Dropping these as they cannot be analysed"
[1] "Warning: Negative variance estimate for phenotype(s) 'psoriasis', 'psa', 'uc' in locus 626; Dropping these as they cannot be analysed"
[1] "Warning: Negative variance estimate for phenotype(s) 'psoriasis', 'psa', 'cad' in locus 625; Dropping these as they cannot be analysed"
[1] "Warning: Negative variance estimate for phenotype(s) 'psoriasis', 'crohn', 'uc' in locus 627; Dropping these as they cannot be analysed"
[1] "Warning: Negative variance estimate for phenotype(s) 'psoriasis', 'uc' in locus 628; Dropping these as they cannot be analysed"
[1] "Warning: Negative variance estimate for phenotype(s) 'psoriasis', 'crohn', 'uc' in locus 630; Dropping these as they cannot be analysed"
[1] "Warning: Negative variance estimate for phenotype(s) 'psa' in locus 631; Dropping these as they cannot be analysed"
[1] "Warning: Negative variance estimate for phenotype(s) 'cad' in locus 632; Dropping these as they cannot be analysed"
[1] "Warning: Negative variance estimate for phenotype(s) 'psoriasis' in locus 633; Dropping these as they cannot be analysed"
[1] "Warning: Negative variance estimate for phenotype(s) 'psoriasis' in locus 634; Dropping these as they cannot be analysed"
[1] "Warning: Negative variance estimate for phenotype(s) 'cad' in locus 635; Dropping these as they cannot be analysed"
[1] "Warning: Negative variance estimate for phenotype(s) 'uc' in locus 639; Dropping these as they cannot be analysed"
[1] "Warning: Negative variance estimate for phenotype(s) 'psa', 'uc' in locus 642; Dropping these as they cannot be analysed"
[1] "Warning: Negative variance estimate for phenotype(s) 'crohn', 'uc' in locus 644; Dropping these as they cannot be analysed"
[1] "Warning: Negative variance estimate for phenotype(s) 'psoriasis', 'psa', 'crohn' in locus 646; Dropping these as they cannot be analysed"
[1] "Warning: Negative variance estimate for phenotype(s) 'psoriasis', 'uc', 'cad' in locus 645; Dropping these as they cannot be analysed"
[1] "Warning: Negative variance estimate for phenotype(s) 'psoriasis' in locus 650; Dropping these as they cannot be analysed"
[1] "Warning: Negative variance estimate for phenotype(s) 'psoriasis', 'uc' in locus 655; Dropping these as they cannot be analysed"
[1] "Warning: Negative variance estimate for phenotype(s) 'psa' in locus 654; Dropping these as they cannot be analysed"
[1] "Warning: Negative variance estimate for phenotype(s) 'cad' in locus 656; Dropping these as they cannot be analysed"
[1] "Warning: Negative variance estimate for phenotype(s) 'psa', 'cad' in locus 659; Dropping these as they cannot be analysed"
[1] "Warning: Negative variance estimate for phenotype(s) 'cad' in locus 660; Dropping these as they cannot be analysed"
[1] "Warning: Negative variance estimate for phenotype(s) 'psa' in locus 661; Dropping these as they cannot be analysed"
[1] "Warning: Negative variance estimate for phenotype(s) 'psoriasis', 'psa' in locus 662; Dropping these as they cannot be analysed"
[1] "Warning: Negative variance estimate for phenotype(s) 'psa', 'crohn' in locus 664; Dropping these as they cannot be analysed"
[1] "Warning: Negative variance estimate for phenotype(s) 'psa', 'uc', 'cad' in locus 663; Dropping these as they cannot be analysed"
[1] "Warning: Negative variance estimate for phenotype(s) 'psoriasis', 'psa' in locus 665; Dropping these as they cannot be analysed"
[1] "Warning: Negative variance estimate for phenotype(s) 'psoriasis', 'psa' in locus 666; Dropping these as they cannot be analysed"
[1] "Warning: Negative variance estimate for phenotype(s) 'psa' in locus 668; Dropping these as they cannot be analysed"
[1] "Warning: Negative variance estimate for phenotype(s) 'psa', 'crohn' in locus 671; Dropping these as they cannot be analysed"
[1] "Warning: Negative variance estimate for phenotype(s) 'psoriasis' in locus 672; Dropping these as they cannot be analysed"
[1] "Warning: Negative variance estimate for phenotype(s) 'uc' in locus 674; Dropping these as they cannot be analysed"
[1] "Warning: Negative variance estimate for phenotype(s) 'psoriasis', 'psa' in locus 673; Dropping these as they cannot be analysed"
[1] "Warning: Negative variance estimate for phenotype(s) 'psa' in locus 678; Dropping these as they cannot be analysed"
[1] "Warning: Negative variance estimate for phenotype(s) 'psoriasis', 'psa' in locus 677; Dropping these as they cannot be analysed"
[1] "Warning: Negative variance estimate for phenotype(s) 'crohn' in locus 681; Dropping these as they cannot be analysed"
[1] "Warning: Negative variance estimate for phenotype(s) 'psa', 'uc' in locus 683; Dropping these as they cannot be analysed"
[1] "Warning: Negative variance estimate for phenotype(s) 'uc' in locus 682; Dropping these as they cannot be analysed"
[1] "Warning: Negative variance estimate for phenotype(s) 'psa' in locus 684; Dropping these as they cannot be analysed"
[1] "Warning: Negative variance estimate for phenotype(s) 'crohn' in locus 687; Dropping these as they cannot be analysed"
[1] "Warning: Negative variance estimate for phenotype(s) 'psa' in locus 690; Dropping these as they cannot be analysed"
[1] "Warning: Negative variance estimate for phenotype(s) 'psoriasis', 'psa', 'crohn' in locus 688; Dropping these as they cannot be analysed"
[1] "Warning: Negative variance estimate for phenotype(s) 'uc' in locus 689; Dropping these as they cannot be analysed"
[1] "Warning: Negative variance estimate for phenotype(s) 'psoriasis', 'psa' in locus 693; Dropping these as they cannot be analysed"
[1] "Warning: Negative variance estimate for phenotype(s) 'psa' in locus 696; Dropping these as they cannot be analysed"
[1] "Warning: Negative variance estimate for phenotype(s) 'uc', 'cad' in locus 695; Dropping these as they cannot be analysed"
[1] "Warning: Negative variance estimate for phenotype(s) 'crohn', 'uc' in locus 702; Dropping these as they cannot be analysed"
[1] "Warning: Negative variance estimate for phenotype(s) 'psa' in locus 703; Dropping these as they cannot be analysed"
[1] "Warning: Negative variance estimate for phenotype(s) 'psa' in locus 704; Dropping these as they cannot be analysed"
[1] "Warning: Negative variance estimate for phenotype(s) 'psoriasis' in locus 706; Dropping these as they cannot be analysed"
[1] "Warning: Negative variance estimate for phenotype(s) 'psoriasis', 'uc' in locus 707; Dropping these as they cannot be analysed"
[1] "Warning: Negative variance estimate for phenotype(s) 'psoriasis' in locus 705; Dropping these as they cannot be analysed"
[1] "Warning: Negative variance estimate for phenotype(s) 'uc' in locus 708; Dropping these as they cannot be analysed"
[1] "Warning: Negative variance estimate for phenotype(s) 'psa' in locus 712; Dropping these as they cannot be analysed"
[1] "Warning: Negative variance estimate for phenotype(s) 'cad' in locus 710; Dropping these as they cannot be analysed"
[1] "Warning: Negative variance estimate for phenotype(s) 'cad' in locus 711; Dropping these as they cannot be analysed"
[1] "Warning: Negative variance estimate for phenotype(s) 'crohn', 'cad' in locus 713; Dropping these as they cannot be analysed"
[1] "Warning: Negative variance estimate for phenotype(s) 'uc' in locus 715; Dropping these as they cannot be analysed"
[1] "Warning: Negative variance estimate for phenotype(s) 'psa' in locus 714; Dropping these as they cannot be analysed"
[1] "Warning: Negative variance estimate for phenotype(s) 'psoriasis', 'psa' in locus 716; Dropping these as they cannot be analysed"
[1] "Warning: Negative variance estimate for phenotype(s) 'psoriasis', 'crohn', 'uc' in locus 717; Dropping these as they cannot be analysed"
[1] "Warning: Negative variance estimate for phenotype(s) 'crohn' in locus 718; Dropping these as they cannot be analysed"
[1] "Warning: Negative variance estimate for phenotype(s) 'psoriasis', 'psa', 'uc' in locus 719; Dropping these as they cannot be analysed"
[1] "Warning: Negative variance estimate for phenotype(s) 'psoriasis', 'psa' in locus 720; Dropping these as they cannot be analysed"
[1] "Warning: Negative variance estimate for phenotype(s) 'psa', 'cad' in locus 721; Dropping these as they cannot be analysed"
[1] "Warning: Negative variance estimate for phenotype(s) 'psoriasis', 'psa', 'uc' in locus 723; Dropping these as they cannot be analysed"
[1] "Warning: Negative variance estimate for phenotype(s) 'psoriasis', 'cad' in locus 724; Dropping these as they cannot be analysed"
[1] "Warning: Negative variance estimate for phenotype(s) 'psa' in locus 730; Dropping these as they cannot be analysed"
[1] "Warning: Negative variance estimate for phenotype(s) 'psa' in locus 731; Dropping these as they cannot be analysed"
[1] "Warning: Negative variance estimate for phenotype(s) 'psa' in locus 729; Dropping these as they cannot be analysed"
[1] "Warning: Negative variance estimate for phenotype(s) 'psoriasis', 'psa' in locus 732; Dropping these as they cannot be analysed"
[1] "Warning: Negative variance estimate for phenotype(s) 'psoriasis', 'cad' in locus 734; Dropping these as they cannot be analysed"
[1] "Warning: Negative variance estimate for phenotype(s) 'psa', 'uc', 'cad' in locus 735; Dropping these as they cannot be analysed"
[1] "Warning: Negative variance estimate for phenotype(s) 'psa' in locus 739; Dropping these as they cannot be analysed"
[1] "Warning: Negative variance estimate for phenotype(s) 'crohn' in locus 742; Dropping these as they cannot be analysed"
[1] "Warning: Negative variance estimate for phenotype(s) 'psoriasis' in locus 741; Dropping these as they cannot be analysed"
[1] "Warning: Negative variance estimate for phenotype(s) 'crohn', 'cad' in locus 743; Dropping these as they cannot be analysed"
[1] "Warning: Negative variance estimate for phenotype(s) 'psoriasis', 'psa' in locus 744; Dropping these as they cannot be analysed"
[1] "Warning: Negative variance estimate for phenotype(s) 'psoriasis', 'cad' in locus 745; Dropping these as they cannot be analysed"
[1] "Warning: Negative variance estimate for phenotype(s) 'psa', 'uc' in locus 746; Dropping these as they cannot be analysed"
[1] "Warning: Negative variance estimate for phenotype(s) 'crohn' in locus 747; Dropping these as they cannot be analysed"
[1] "Warning: Negative variance estimate for phenotype(s) 'psoriasis' in locus 749; Dropping these as they cannot be analysed"
[1] "Warning: Negative variance estimate for phenotype(s) 'psa' in locus 748; Dropping these as they cannot be analysed"
[1] "Warning: Negative variance estimate for phenotype(s) 'crohn' in locus 751; Dropping these as they cannot be analysed"
[1] "Warning: Negative variance estimate for phenotype(s) 'uc' in locus 754; Dropping these as they cannot be analysed"
[1] "Warning: Negative variance estimate for phenotype(s) 'psa', 'uc' in locus 753; Dropping these as they cannot be analysed"
[1] "Warning: Negative variance estimate for phenotype(s) 'uc' in locus 757; Dropping these as they cannot be analysed"
[1] "Warning: Negative variance estimate for phenotype(s) 'psa', 'crohn' in locus 761; Dropping these as they cannot be analysed"
[1] "Warning: Negative variance estimate for phenotype(s) 'psa', 'crohn', 'cad' in locus 760; Dropping these as they cannot be analysed"
[1] "Warning: Negative variance estimate for phenotype(s) 'psoriasis' in locus 762; Dropping these as they cannot be analysed"
[1] "Warning: Negative variance estimate for phenotype(s) 'psa' in locus 763; Dropping these as they cannot be analysed"
[1] "Warning: Negative variance estimate for phenotype(s) 'psa' in locus 767; Dropping these as they cannot be analysed"
[1] "Warning: Negative variance estimate for phenotype(s) 'psa' in locus 764; Dropping these as they cannot be analysed"
[1] "Warning: Negative variance estimate for phenotype(s) 'uc', 'cad' in locus 769; Dropping these as they cannot be analysed"
[1] "Warning: Negative variance estimate for phenotype(s) 'psoriasis', 'psa', 'uc' in locus 774; Dropping these as they cannot be analysed"
[1] "Warning: Negative variance estimate for phenotype(s) 'psa' in locus 775; Dropping these as they cannot be analysed"
[1] "Warning: Negative variance estimate for phenotype(s) 'psa' in locus 776; Dropping these as they cannot be analysed"
[1] "Warning: Negative variance estimate for phenotype(s) 'psa' in locus 780; Dropping these as they cannot be analysed"
[1] "Warning: Negative variance estimate for phenotype(s) 'psoriasis', 'psa' in locus 788; Dropping these as they cannot be analysed"
[1] "Warning: Negative variance estimate for phenotype(s) 'psoriasis', 'psa', 'uc' in locus 787; Dropping these as they cannot be analysed"
[1] "Warning: Negative variance estimate for phenotype(s) 'psa', 'cad' in locus 794; Dropping these as they cannot be analysed"
[1] "Warning: Negative variance estimate for phenotype(s) 'psa' in locus 795; Dropping these as they cannot be analysed"
[1] "Warning: Negative variance estimate for phenotype(s) 'psoriasis' in locus 796; Dropping these as they cannot be analysed"
[1] "Warning: Negative variance estimate for phenotype(s) 'psa', 'crohn' in locus 797; Dropping these as they cannot be analysed"
[1] "Warning: Negative variance estimate for phenotype(s) 'psoriasis' in locus 798; Dropping these as they cannot be analysed"
[1] "Warning: Negative variance estimate for phenotype(s) 'uc' in locus 800; Dropping these as they cannot be analysed"
[1] "Warning: Negative variance estimate for phenotype(s) 'crohn' in locus 801; Dropping these as they cannot be analysed"
[1] "Warning: Negative variance estimate for phenotype(s) 'psa', 'crohn' in locus 807; Dropping these as they cannot be analysed"
[1] "Warning: Negative variance estimate for phenotype(s) 'psa' in locus 810; Dropping these as they cannot be analysed"
[1] "Warning: Negative variance estimate for phenotype(s) 'psoriasis', 'crohn' in locus 813; Dropping these as they cannot be analysed"
[1] "Warning: Negative variance estimate for phenotype(s) 'psa', 'cad' in locus 814; Dropping these as they cannot be analysed"
[1] "Warning: Negative variance estimate for phenotype(s) 'crohn', 'uc' in locus 815; Dropping these as they cannot be analysed"
[1] "Warning: Negative variance estimate for phenotype(s) 'psa' in locus 817; Dropping these as they cannot be analysed"
[1] "Warning: Negative variance estimate for phenotype(s) 'psa' in locus 818; Dropping these as they cannot be analysed"
[1] "Warning: Negative variance estimate for phenotype(s) 'cad' in locus 821; Dropping these as they cannot be analysed"
[1] "Warning: Negative variance estimate for phenotype(s) 'psa' in locus 827; Dropping these as they cannot be analysed"
[1] "Warning: Negative variance estimate for phenotype(s) 'psa' in locus 826; Dropping these as they cannot be analysed"
[1] "Warning: Negative variance estimate for phenotype(s) 'psa', 'uc' in locus 830; Dropping these as they cannot be analysed"
[1] "Warning: Negative variance estimate for phenotype(s) 'psoriasis', 'crohn' in locus 837; Dropping these as they cannot be analysed"
[1] "Warning: Negative variance estimate for phenotype(s) 'psoriasis' in locus 842; Dropping these as they cannot be analysed"
[1] "Warning: Negative variance estimate for phenotype(s) 'psoriasis', 'psa' in locus 843; Dropping these as they cannot be analysed"
[1] "Warning: Negative variance estimate for phenotype(s) 'psa', 'crohn' in locus 846; Dropping these as they cannot be analysed"
[1] "Warning: Negative variance estimate for phenotype(s) 'psoriasis' in locus 848; Dropping these as they cannot be analysed"
[1] "Warning: Negative variance estimate for phenotype(s) 'psoriasis', 'uc' in locus 851; Dropping these as they cannot be analysed"
[1] "Warning: Negative variance estimate for phenotype(s) 'psa' in locus 852; Dropping these as they cannot be analysed"
[1] "Warning: Negative variance estimate for phenotype(s) 'uc', 'cad' in locus 853; Dropping these as they cannot be analysed"
[1] "Warning: Negative variance estimate for phenotype(s) 'crohn', 'cad' in locus 855; Dropping these as they cannot be analysed"
[1] "Warning: Negative variance estimate for phenotype(s) 'psoriasis', 'psa', 'crohn' in locus 857; Dropping these as they cannot be analysed"
[1] "Warning: Negative variance estimate for phenotype(s) 'crohn', 'cad' in locus 858; Dropping these as they cannot be analysed"
[1] "Warning: Negative variance estimate for phenotype(s) 'crohn', 'uc', 'cad' in locus 859; Dropping these as they cannot be analysed"
[1] "Warning: Negative variance estimate for phenotype(s) 'psa', 'crohn', 'cad' in locus 860; Dropping these as they cannot be analysed"
[1] "Warning: Negative variance estimate for phenotype(s) 'psa' in locus 866; Dropping these as they cannot be analysed"
[1] "Warning: Negative variance estimate for phenotype(s) 'psa' in locus 869; Dropping these as they cannot be analysed"
[1] "Warning: Negative variance estimate for phenotype(s) 'psoriasis' in locus 870; Dropping these as they cannot be analysed"
[1] "Warning: Negative variance estimate for phenotype(s) 'crohn', 'uc', 'cad' in locus 876; Dropping these as they cannot be analysed"
[1] "Warning: Negative variance estimate for phenotype(s) 'psoriasis' in locus 877; Dropping these as they cannot be analysed"
[1] "Warning: Negative variance estimate for phenotype(s) 'psa', 'crohn', 'uc' in locus 878; Dropping these as they cannot be analysed"
[1] "Warning: Negative variance estimate for phenotype(s) 'crohn', 'uc' in locus 879; Dropping these as they cannot be analysed"
[1] "Warning: Negative variance estimate for phenotype(s) 'psa', 'cad' in locus 883; Dropping these as they cannot be analysed"
[1] "Warning: Negative variance estimate for phenotype(s) 'cad' in locus 889; Dropping these as they cannot be analysed"
[1] "Warning: Negative variance estimate for phenotype(s) 'uc' in locus 892; Dropping these as they cannot be analysed"
[1] "Warning: Negative variance estimate for phenotype(s) 'crohn', 'cad' in locus 895; Dropping these as they cannot be analysed"
[1] "Warning: Negative variance estimate for phenotype(s) 'psa', 'crohn' in locus 900; Dropping these as they cannot be analysed"
[1] "Warning: Negative variance estimate for phenotype(s) 'psoriasis', 'psa', 'uc' in locus 901; Dropping these as they cannot be analysed"
[1] "Warning: Negative variance estimate for phenotype(s) 'uc' in locus 905; Dropping these as they cannot be analysed"
[1] "Warning: Negative variance estimate for phenotype(s) 'psoriasis', 'uc' in locus 904; Dropping these as they cannot be analysed"
[1] "Warning: Negative variance estimate for phenotype(s) 'cad' in locus 908; Dropping these as they cannot be analysed"
[1] "Warning: Negative variance estimate for phenotype(s) 'psoriasis', 'crohn' in locus 911; Dropping these as they cannot be analysed"
[1] "Warning: Negative variance estimate for phenotype(s) 'psa', 'crohn' in locus 910; Dropping these as they cannot be analysed"
[1] "Warning: Negative variance estimate for phenotype(s) 'psoriasis' in locus 912; Dropping these as they cannot be analysed"
[1] "Warning: Negative variance estimate for phenotype(s) 'psoriasis' in locus 916; Dropping these as they cannot be analysed"
[1] "Warning: Negative variance estimate for phenotype(s) 'cad' in locus 929; Dropping these as they cannot be analysed"
[1] "Warning: Negative variance estimate for phenotype(s) 'crohn', 'uc', 'cad' in locus 940; Dropping these as they cannot be analysed"
[1] "Warning: Negative variance estimate for phenotype(s) 'psoriasis', 'crohn', 'uc' in locus 942; Dropping these as they cannot be analysed"
[1] "Error: none of specified SNP IDs are present in reference data"
[1] "Error: none of specified SNP IDs are present in reference data"
[1] "Warning: Negative variance estimate for phenotype(s) 'crohn', 'cad' in locus 949; Dropping these as they cannot be analysed"
[1] "Error: none of specified SNP IDs are present in reference data"
[1] "Error: none of specified SNP IDs are present in reference data"
[1] "Error: none of specified SNP IDs are present in reference data"
[1] "Error: none of specified SNP IDs are present in reference data"
[1] "Error: none of specified SNP IDs are present in reference data"
[1] "Error: none of specified SNP IDs are present in reference data"
[1] "Error: none of specified SNP IDs are present in reference data"
[1] "Error: none of specified SNP IDs are present in reference data"
[1] "Error: none of specified SNP IDs are present in reference data"
[1] "Error: none of specified SNP IDs are present in reference data"
[1] "Error: none of specified SNP IDs are present in reference data"
[1] "Error: none of specified SNP IDs are present in reference data"
[1] "Error: none of specified SNP IDs are present in reference data"
[1] "Error: none of specified SNP IDs are present in reference data"
[1] "Error: none of specified SNP IDs are present in reference data"
[1] "Error: none of specified SNP IDs are present in reference data"
[1] "Error: none of specified SNP IDs are present in reference data"
[1] "Error: none of specified SNP IDs are present in reference data"
[1] "Warning: Negative variance estimate for phenotype(s) 'psoriasis', 'psa' in locus 979; Dropping these as they cannot be analysed"
[1] "Warning: Negative variance estimate for phenotype(s) 'psa' in locus 976; Dropping these as they cannot be analysed"
[1] "Warning: Negative variance estimate for phenotype(s) 'psoriasis', 'psa' in locus 981; Dropping these as they cannot be analysed"
[1] "Warning: Negative variance estimate for phenotype(s) 'crohn', 'uc', 'cad' in locus 983; Dropping these as they cannot be analysed"
[1] "Warning: Negative variance estimate for phenotype(s) 'crohn', 'uc' in locus 982; Dropping these as they cannot be analysed"
[1] "Warning: Negative variance estimate for phenotype(s) 'psa' in locus 987; Dropping these as they cannot be analysed"
[1] "Warning: Negative variance estimate for phenotype(s) 'psa' in locus 988; Dropping these as they cannot be analysed"
[1] "Warning: Negative variance estimate for phenotype(s) 'psoriasis' in locus 989; Dropping these as they cannot be analysed"
[1] "Warning: Negative variance estimate for phenotype(s) 'psoriasis', 'psa', 'crohn', 'uc' in locus 992; Dropping these as they cannot be analysed"
[1] "Warning: Negative variance estimate for phenotype(s) 'psoriasis', 'psa', 'crohn' in locus 993; Dropping these as they cannot be analysed"
[1] "Warning: Negative variance estimate for phenotype(s) 'psoriasis', 'psa', 'uc' in locus 991; Dropping these as they cannot be analysed"
[1] "Warning: Negative variance estimate for phenotype(s) 'psoriasis', 'crohn', 'uc' in locus 994; Dropping these as they cannot be analysed"
[1] "Warning: Negative variance estimate for phenotype(s) 'cad' in locus 997; Dropping these as they cannot be analysed"
[1] "Warning: Negative variance estimate for phenotype(s) 'uc', 'cad' in locus 998; Dropping these as they cannot be analysed"
[1] "Warning: Negative variance estimate for phenotype(s) 'psoriasis', 'crohn' in locus 996; Dropping these as they cannot be analysed"
[1] "Warning: Negative variance estimate for phenotype(s) 'psa', 'crohn', 'cad' in locus 999; Dropping these as they cannot be analysed"
[1] "Warning: Negative variance estimate for phenotype(s) 'uc' in locus 1004; Dropping these as they cannot be analysed"
[1] "Warning: Negative variance estimate for phenotype(s) 'psa' in locus 1000; Dropping these as they cannot be analysed"
[1] "Warning: Negative variance estimate for phenotype(s) 'psoriasis', 'psa', 'uc' in locus 1002; Dropping these as they cannot be analysed"
[1] "Warning: Negative variance estimate for phenotype(s) 'psa', 'uc' in locus 1003; Dropping these as they cannot be analysed"
[1] "Warning: Negative variance estimate for phenotype(s) 'psoriasis', 'uc' in locus 1005; Dropping these as they cannot be analysed"
[1] "Warning: Negative variance estimate for phenotype(s) 'psa', 'crohn', 'uc' in locus 1009; Dropping these as they cannot be analysed"
[1] "Warning: Negative variance estimate for phenotype(s) 'psa' in locus 1007; Dropping these as they cannot be analysed"
[1] "Warning: Negative variance estimate for phenotype(s) 'psoriasis', 'psa' in locus 1008; Dropping these as they cannot be analysed"
[1] "Warning: Negative variance estimate for phenotype(s) 'crohn', 'uc', 'cad' in locus 1010; Dropping these as they cannot be analysed"
[1] "Warning: Negative variance estimate for phenotype(s) 'psoriasis', 'psa', 'crohn', 'uc' in locus 1011; Dropping these as they cannot be analysed"
[1] "Warning: Negative variance estimate for phenotype(s) 'psoriasis' in locus 1013; Dropping these as they cannot be analysed"
[1] "Warning: Negative variance estimate for phenotype(s) 'psoriasis', 'crohn' in locus 1014; Dropping these as they cannot be analysed"
[1] "Warning: Negative variance estimate for phenotype(s) 'psa', 'crohn' in locus 1015; Dropping these as they cannot be analysed"
[1] "Warning: Negative variance estimate for phenotype(s) 'psa', 'cad' in locus 1019; Dropping these as they cannot be analysed"
[1] "Warning: Negative variance estimate for phenotype(s) 'crohn' in locus 1018; Dropping these as they cannot be analysed"
[1] "Warning: Negative variance estimate for phenotype(s) 'psa' in locus 1020; Dropping these as they cannot be analysed"
[1] "Warning: Negative variance estimate for phenotype(s) 'psa' in locus 1023; Dropping these as they cannot be analysed"
[1] "Warning: Negative variance estimate for phenotype(s) 'psoriasis' in locus 1025; Dropping these as they cannot be analysed"
[1] "Warning: Negative variance estimate for phenotype(s) 'psa' in locus 1024; Dropping these as they cannot be analysed"
[1] "Warning: Negative variance estimate for phenotype(s) 'psa' in locus 1028; Dropping these as they cannot be analysed"
[1] "Warning: Negative variance estimate for phenotype(s) 'psa' in locus 1029; Dropping these as they cannot be analysed"
[1] "Warning: Negative variance estimate for phenotype(s) 'crohn', 'cad' in locus 1031; Dropping these as they cannot be analysed"
[1] "Warning: Negative variance estimate for phenotype(s) 'psoriasis', 'uc' in locus 1032; Dropping these as they cannot be analysed"
[1] "Warning: Negative variance estimate for phenotype(s) 'psa' in locus 1033; Dropping these as they cannot be analysed"
[1] "Warning: Negative variance estimate for phenotype(s) 'uc' in locus 1034; Dropping these as they cannot be analysed"
[1] "Warning: Negative variance estimate for phenotype(s) 'uc' in locus 1035; Dropping these as they cannot be analysed"
[1] "Warning: Negative variance estimate for phenotype(s) 'cad' in locus 1036; Dropping these as they cannot be analysed"
[1] "Warning: Negative variance estimate for phenotype(s) 'psa', 'crohn' in locus 1040; Dropping these as they cannot be analysed"
[1] "Warning: Negative variance estimate for phenotype(s) 'crohn' in locus 1039; Dropping these as they cannot be analysed"
[1] "Warning: Negative variance estimate for phenotype(s) 'psoriasis', 'psa', 'cad' in locus 1044; Dropping these as they cannot be analysed"
[1] "Warning: Negative variance estimate for phenotype(s) 'cad' in locus 1046; Dropping these as they cannot be analysed"
[1] "Warning: Negative variance estimate for phenotype(s) 'psoriasis', 'uc', 'cad' in locus 1043; Dropping these as they cannot be analysed"
[1] "Warning: Negative variance estimate for phenotype(s) 'psa' in locus 1045; Dropping these as they cannot be analysed"
[1] "Warning: Negative variance estimate for phenotype(s) 'crohn' in locus 1047; Dropping these as they cannot be analysed"
[1] "Warning: Negative variance estimate for phenotype(s) 'psoriasis' in locus 1049; Dropping these as they cannot be analysed"
[1] "Warning: Negative variance estimate for phenotype(s) 'psa', 'crohn' in locus 1050; Dropping these as they cannot be analysed"
[1] "Warning: Negative variance estimate for phenotype(s) 'crohn', 'cad' in locus 1048; Dropping these as they cannot be analysed"
[1] "Warning: Negative variance estimate for phenotype(s) 'psa' in locus 1051; Dropping these as they cannot be analysed"
[1] "Warning: Negative variance estimate for phenotype(s) 'cad' in locus 1055; Dropping these as they cannot be analysed"
[1] "Warning: Negative variance estimate for phenotype(s) 'psoriasis' in locus 1054; Dropping these as they cannot be analysed"
[1] "Warning: Negative variance estimate for phenotype(s) 'psoriasis', 'uc' in locus 1068; Dropping these as they cannot be analysed"
[1] "Warning: Negative variance estimate for phenotype(s) 'psa' in locus 1066; Dropping these as they cannot be analysed"
[1] "Warning: Negative variance estimate for phenotype(s) 'psoriasis', 'psa' in locus 1069; Dropping these as they cannot be analysed"
[1] "Warning: Negative variance estimate for phenotype(s) 'psoriasis', 'crohn', 'uc' in locus 1077; Dropping these as they cannot be analysed"
[1] "Warning: Negative variance estimate for phenotype(s) 'uc', 'cad' in locus 1081; Dropping these as they cannot be analysed"
[1] "Warning: Negative variance estimate for phenotype(s) 'psa' in locus 1088; Dropping these as they cannot be analysed"
[1] "Warning: Negative variance estimate for phenotype(s) 'uc', 'cad' in locus 1094; Dropping these as they cannot be analysed"
[1] "Warning: Negative variance estimate for phenotype(s) 'psoriasis', 'psa' in locus 1093; Dropping these as they cannot be analysed"
[1] "Warning: Negative variance estimate for phenotype(s) 'psa' in locus 1102; Dropping these as they cannot be analysed"
[1] "Warning: Negative variance estimate for phenotype(s) 'cad' in locus 1106; Dropping these as they cannot be analysed"
[1] "Warning: Negative variance estimate for phenotype(s) 'uc', 'cad' in locus 1108; Dropping these as they cannot be analysed"
[1] "Warning: Negative variance estimate for phenotype(s) 'psa' in locus 1107; Dropping these as they cannot be analysed"
[1] "Warning: Negative variance estimate for phenotype(s) 'crohn' in locus 1111; Dropping these as they cannot be analysed"
[1] "Warning: Negative variance estimate for phenotype(s) 'psa' in locus 1112; Dropping these as they cannot be analysed"
[1] "Warning: Negative variance estimate for phenotype(s) 'psoriasis', 'uc' in locus 1110; Dropping these as they cannot be analysed"
[1] "Warning: Negative variance estimate for phenotype(s) 'crohn' in locus 1123; Dropping these as they cannot be analysed"
[1] "Warning: Negative variance estimate for phenotype(s) 'psa', 'uc' in locus 1130; Dropping these as they cannot be analysed"
[1] "Warning: Negative variance estimate for phenotype(s) 'cad' in locus 1135; Dropping these as they cannot be analysed"
[1] "Warning: Negative variance estimate for phenotype(s) 'crohn' in locus 1137; Dropping these as they cannot be analysed"
[1] "Warning: Negative variance estimate for phenotype(s) 'psa' in locus 1138; Dropping these as they cannot be analysed"
[1] "Warning: Negative variance estimate for phenotype(s) 'psa' in locus 1144; Dropping these as they cannot be analysed"
[1] "Warning: Negative variance estimate for phenotype(s) 'psa' in locus 1147; Dropping these as they cannot be analysed"
[1] "Warning: Negative variance estimate for phenotype(s) 'crohn', 'uc' in locus 1149; Dropping these as they cannot be analysed"
[1] "Warning: Negative variance estimate for phenotype(s) 'uc' in locus 1151; Dropping these as they cannot be analysed"
[1] "Warning: Negative variance estimate for phenotype(s) 'crohn', 'uc' in locus 1150; Dropping these as they cannot be analysed"
[1] "Warning: Negative variance estimate for phenotype(s) 'psa', 'uc' in locus 1154; Dropping these as they cannot be analysed"
[1] "Warning: Negative variance estimate for phenotype(s) 'psa' in locus 1152; Dropping these as they cannot be analysed"
[1] "Warning: Negative variance estimate for phenotype(s) 'psa', 'crohn', 'uc' in locus 1155; Dropping these as they cannot be analysed"
[1] "Warning: Negative variance estimate for phenotype(s) 'psa', 'uc', 'cad' in locus 1156; Dropping these as they cannot be analysed"
[1] "Warning: Negative variance estimate for phenotype(s) 'psa' in locus 1157; Dropping these as they cannot be analysed"
[1] "Warning: Negative variance estimate for phenotype(s) 'psoriasis', 'crohn' in locus 1158; Dropping these as they cannot be analysed"
[1] "Warning: Negative variance estimate for phenotype(s) 'psa', 'uc' in locus 1160; Dropping these as they cannot be analysed"
[1] "Warning: Negative variance estimate for phenotype(s) 'psa', 'crohn', 'uc' in locus 1159; Dropping these as they cannot be analysed"
[1] "Warning: Negative variance estimate for phenotype(s) 'psoriasis' in locus 1161; Dropping these as they cannot be analysed"
[1] "Warning: Negative variance estimate for phenotype(s) 'uc' in locus 1163; Dropping these as they cannot be analysed"
[1] "Warning: Negative variance estimate for phenotype(s) 'psa' in locus 1164; Dropping these as they cannot be analysed"
[1] "Warning: Negative variance estimate for phenotype(s) 'psa' in locus 1168; Dropping these as they cannot be analysed"
[1] "Warning: Negative variance estimate for phenotype(s) 'psa', 'uc', 'cad' in locus 1174; Dropping these as they cannot be analysed"
[1] "Warning: Negative variance estimate for phenotype(s) 'psoriasis', 'crohn', 'uc' in locus 1175; Dropping these as they cannot be analysed"
[1] "Warning: Negative variance estimate for phenotype(s) 'psa', 'uc' in locus 1176; Dropping these as they cannot be analysed"
[1] "Warning: Negative variance estimate for phenotype(s) 'crohn', 'uc' in locus 1178; Dropping these as they cannot be analysed"
[1] "Warning: Negative variance estimate for phenotype(s) 'psoriasis', 'psa' in locus 1177; Dropping these as they cannot be analysed"
[1] "Warning: Negative variance estimate for phenotype(s) 'psoriasis', 'uc' in locus 1184; Dropping these as they cannot be analysed"
[1] "Warning: Negative variance estimate for phenotype(s) 'psa', 'crohn' in locus 1181; Dropping these as they cannot be analysed"
[1] "Warning: Negative variance estimate for phenotype(s) 'psoriasis', 'psa' in locus 1183; Dropping these as they cannot be analysed"
[1] "Warning: Negative variance estimate for phenotype(s) 'psa' in locus 1189; Dropping these as they cannot be analysed"
[1] "Warning: Negative variance estimate for phenotype(s) 'psa', 'crohn' in locus 1190; Dropping these as they cannot be analysed"
[1] "Warning: Negative variance estimate for phenotype(s) 'psoriasis' in locus 1192; Dropping these as they cannot be analysed"
[1] "Warning: Negative variance estimate for phenotype(s) 'psa' in locus 1196; Dropping these as they cannot be analysed"
[1] "Warning: Negative variance estimate for phenotype(s) 'psoriasis', 'psa' in locus 1197; Dropping these as they cannot be analysed"
[1] "Warning: Negative variance estimate for phenotype(s) 'psa' in locus 1198; Dropping these as they cannot be analysed"
[1] "Warning: Negative variance estimate for phenotype(s) 'crohn', 'uc' in locus 1201; Dropping these as they cannot be analysed"
[1] "Warning: Negative variance estimate for phenotype(s) 'cad' in locus 1202; Dropping these as they cannot be analysed"
[1] "Warning: Negative variance estimate for phenotype(s) 'psa', 'uc' in locus 1204; Dropping these as they cannot be analysed"
[1] "Warning: Negative variance estimate for phenotype(s) 'uc' in locus 1203; Dropping these as they cannot be analysed"
[1] "Warning: Negative variance estimate for phenotype(s) 'psoriasis', 'uc' in locus 1219; Dropping these as they cannot be analysed"
[1] "Warning: Negative variance estimate for phenotype(s) 'psa', 'uc' in locus 1218; Dropping these as they cannot be analysed"
[1] "Warning: Negative variance estimate for phenotype(s) 'psa' in locus 1216; Dropping these as they cannot be analysed"
[1] "Warning: Negative variance estimate for phenotype(s) 'cad' in locus 1221; Dropping these as they cannot be analysed"
[1] "Warning: Negative variance estimate for phenotype(s) 'crohn' in locus 1230; Dropping these as they cannot be analysed"
[1] "Warning: Negative variance estimate for phenotype(s) 'uc' in locus 1232; Dropping these as they cannot be analysed"
[1] "Warning: Negative variance estimate for phenotype(s) 'crohn', 'cad' in locus 1233; Dropping these as they cannot be analysed"
[1] "Warning: Negative variance estimate for phenotype(s) 'psoriasis', 'psa', 'cad' in locus 1236; Dropping these as they cannot be analysed"
[1] "Warning: Negative variance estimate for phenotype(s) 'psa', 'crohn', 'cad' in locus 1234; Dropping these as they cannot be analysed"
[1] "Warning: Negative variance estimate for phenotype(s) 'cad' in locus 1238; Dropping these as they cannot be analysed"
[1] "Warning: Negative variance estimate for phenotype(s) 'psoriasis', 'psa' in locus 1243; Dropping these as they cannot be analysed"
[1] "Warning: Negative variance estimate for phenotype(s) 'psoriasis', 'crohn' in locus 1245; Dropping these as they cannot be analysed"
[1] "Warning: Negative variance estimate for phenotype(s) 'psa', 'uc' in locus 1248; Dropping these as they cannot be analysed"
[1] "Warning: Negative variance estimate for phenotype(s) 'uc' in locus 1249; Dropping these as they cannot be analysed"
[1] "Warning: Negative variance estimate for phenotype(s) 'crohn' in locus 1251; Dropping these as they cannot be analysed"
[1] "Warning: Negative variance estimate for phenotype(s) 'psoriasis' in locus 1252; Dropping these as they cannot be analysed"
[1] "Warning: Negative variance estimate for phenotype(s) 'crohn' in locus 1250; Dropping these as they cannot be analysed"
[1] "Warning: Negative variance estimate for phenotype(s) 'psa' in locus 1253; Dropping these as they cannot be analysed"
[1] "Warning: Negative variance estimate for phenotype(s) 'psoriasis', 'psa', 'crohn', 'uc' in locus 1255; Dropping these as they cannot be analysed"
[1] "Warning: Negative variance estimate for phenotype(s) 'uc', 'cad' in locus 1257; Dropping these as they cannot be analysed"
[1] "Warning: Negative variance estimate for phenotype(s) 'psoriasis', 'psa' in locus 1258; Dropping these as they cannot be analysed"
[1] "Warning: Negative variance estimate for phenotype(s) 'psa' in locus 1259; Dropping these as they cannot be analysed"
[1] "Warning: Negative variance estimate for phenotype(s) 'psa' in locus 1260; Dropping these as they cannot be analysed"
[1] "Warning: Negative variance estimate for phenotype(s) 'psoriasis', 'psa' in locus 1261; Dropping these as they cannot be analysed"
[1] "Warning: Negative variance estimate for phenotype(s) 'psoriasis', 'psa' in locus 1264; Dropping these as they cannot be analysed"
[1] "Warning: Negative variance estimate for phenotype(s) 'psa' in locus 1265; Dropping these as they cannot be analysed"
[1] "Warning: Negative variance estimate for phenotype(s) 'psoriasis' in locus 1266; Dropping these as they cannot be analysed"
[1] "Warning: Negative variance estimate for phenotype(s) 'psoriasis', 'psa' in locus 1269; Dropping these as they cannot be analysed"
[1] "Warning: Negative variance estimate for phenotype(s) 'psa' in locus 1270; Dropping these as they cannot be analysed"
[1] "Warning: Negative variance estimate for phenotype(s) 'psa' in locus 1272; Dropping these as they cannot be analysed"
[1] "Warning: Negative variance estimate for phenotype(s) 'cad' in locus 1276; Dropping these as they cannot be analysed"
[1] "Warning: Negative variance estimate for phenotype(s) 'psoriasis', 'psa' in locus 1278; Dropping these as they cannot be analysed"
[1] "Warning: Negative variance estimate for phenotype(s) 'psa' in locus 1277; Dropping these as they cannot be analysed"
[1] "Warning: Negative variance estimate for phenotype(s) 'psa' in locus 1282; Dropping these as they cannot be analysed"
[1] "Warning: Negative variance estimate for phenotype(s) 'psa', 'crohn' in locus 1281; Dropping these as they cannot be analysed"
[1] "Warning: Negative variance estimate for phenotype(s) 'psoriasis', 'psa', 'uc', 'cad' in locus 1285; Dropping these as they cannot be analysed"
[1] "Warning: Negative variance estimate for phenotype(s) 'cad' in locus 1288; Dropping these as they cannot be analysed"
[1] "Warning: Negative variance estimate for phenotype(s) 'psoriasis', 'uc', 'cad' in locus 1287; Dropping these as they cannot be analysed"
[1] "Warning: Negative variance estimate for phenotype(s) 'psoriasis', 'psa' in locus 1286; Dropping these as they cannot be analysed"
[1] "Warning: Negative variance estimate for phenotype(s) 'psoriasis', 'psa', 'uc' in locus 1289; Dropping these as they cannot be analysed"
[1] "Warning: Negative variance estimate for phenotype(s) 'psoriasis', 'uc', 'cad' in locus 1290; Dropping these as they cannot be analysed"
[1] "Warning: Negative variance estimate for phenotype(s) 'crohn' in locus 1291; Dropping these as they cannot be analysed"
[1] "Warning: Negative variance estimate for phenotype(s) 'psa', 'crohn' in locus 1297; Dropping these as they cannot be analysed"
[1] "Warning: Negative variance estimate for phenotype(s) 'psoriasis', 'psa', 'uc' in locus 1299; Dropping these as they cannot be analysed"
[1] "Warning: Negative variance estimate for phenotype(s) 'psa' in locus 1301; Dropping these as they cannot be analysed"
[1] "Warning: Negative variance estimate for phenotype(s) 'crohn', 'uc' in locus 1303; Dropping these as they cannot be analysed"
[1] "Warning: Negative variance estimate for phenotype(s) 'psoriasis' in locus 1306; Dropping these as they cannot be analysed"
[1] "Warning: Negative variance estimate for phenotype(s) 'psoriasis' in locus 1308; Dropping these as they cannot be analysed"
[1] "Warning: Negative variance estimate for phenotype(s) 'psa' in locus 1311; Dropping these as they cannot be analysed"
[1] "Warning: Negative variance estimate for phenotype(s) 'psoriasis' in locus 1310; Dropping these as they cannot be analysed"
[1] "Warning: Negative variance estimate for phenotype(s) 'psa' in locus 1315; Dropping these as they cannot be analysed"
[1] "Warning: Negative variance estimate for phenotype(s) 'crohn' in locus 1317; Dropping these as they cannot be analysed"
[1] "Warning: Negative variance estimate for phenotype(s) 'psoriasis', 'psa' in locus 1319; Dropping these as they cannot be analysed"
[1] "Warning: Negative variance estimate for phenotype(s) 'psoriasis', 'psa' in locus 1321; Dropping these as they cannot be analysed"
[1] "Warning: Negative variance estimate for phenotype(s) 'psa', 'uc', 'cad' in locus 1323; Dropping these as they cannot be analysed"
[1] "Warning: Negative variance estimate for phenotype(s) 'psa', 'crohn' in locus 1329; Dropping these as they cannot be analysed"
[1] "Warning: Negative variance estimate for phenotype(s) 'psa', 'crohn' in locus 1333; Dropping these as they cannot be analysed"
[1] "Warning: Negative variance estimate for phenotype(s) 'psa' in locus 1334; Dropping these as they cannot be analysed"
[1] "Warning: Negative variance estimate for phenotype(s) 'psa' in locus 1336; Dropping these as they cannot be analysed"
[1] "Warning: Negative variance estimate for phenotype(s) 'psa', 'cad' in locus 1339; Dropping these as they cannot be analysed"
[1] "Warning: Negative variance estimate for phenotype(s) 'psoriasis', 'psa' in locus 1338; Dropping these as they cannot be analysed"
[1] "Warning: Negative variance estimate for phenotype(s) 'cad' in locus 1341; Dropping these as they cannot be analysed"
[1] "Warning: Negative variance estimate for phenotype(s) 'psoriasis', 'uc' in locus 1342; Dropping these as they cannot be analysed"
[1] "Warning: Negative variance estimate for phenotype(s) 'psa' in locus 1346; Dropping these as they cannot be analysed"
[1] "Warning: Negative variance estimate for phenotype(s) 'psa' in locus 1348; Dropping these as they cannot be analysed"
[1] "Warning: Negative variance estimate for phenotype(s) 'psa' in locus 1356; Dropping these as they cannot be analysed"
[1] "Warning: Negative variance estimate for phenotype(s) 'cad' in locus 1363; Dropping these as they cannot be analysed"
[1] "Warning: Negative variance estimate for phenotype(s) 'psoriasis', 'psa', 'crohn', 'cad' in locus 1362; Dropping these as they cannot be analysed"
[1] "Warning: Negative variance estimate for phenotype(s) 'psa' in locus 1364; Dropping these as they cannot be analysed"
[1] "Warning: Negative variance estimate for phenotype(s) 'psa' in locus 1366; Dropping these as they cannot be analysed"
[1] "Warning: Negative variance estimate for phenotype(s) 'cad' in locus 1371; Dropping these as they cannot be analysed"
[1] "Warning: Negative variance estimate for phenotype(s) 'psoriasis' in locus 1370; Dropping these as they cannot be analysed"
[1] "Warning: Negative variance estimate for phenotype(s) 'psa' in locus 1379; Dropping these as they cannot be analysed"
[1] "Warning: Negative variance estimate for phenotype(s) 'crohn' in locus 1384; Dropping these as they cannot be analysed"
[1] "Warning: Negative variance estimate for phenotype(s) 'psoriasis', 'psa' in locus 1385; Dropping these as they cannot be analysed"
[1] "Warning: Negative variance estimate for phenotype(s) 'psa', 'uc', 'cad' in locus 1386; Dropping these as they cannot be analysed"
[1] "Warning: Negative variance estimate for phenotype(s) 'psa' in locus 1388; Dropping these as they cannot be analysed"
[1] "Warning: Negative variance estimate for phenotype(s) 'psa' in locus 1390; Dropping these as they cannot be analysed"
[1] "Warning: Negative variance estimate for phenotype(s) 'uc' in locus 1393; Dropping these as they cannot be analysed"
[1] "Warning: Negative variance estimate for phenotype(s) 'psoriasis', 'psa' in locus 1392; Dropping these as they cannot be analysed"
[1] "Warning: Negative variance estimate for phenotype(s) 'psoriasis' in locus 1394; Dropping these as they cannot be analysed"
[1] "Warning: Negative variance estimate for phenotype(s) 'psoriasis' in locus 1397; Dropping these as they cannot be analysed"
[1] "Warning: Negative variance estimate for phenotype(s) 'psa' in locus 1400; Dropping these as they cannot be analysed"
[1] "Warning: Negative variance estimate for phenotype(s) 'psa' in locus 1398; Dropping these as they cannot be analysed"
[1] "Warning: Negative variance estimate for phenotype(s) 'psa' in locus 1404; Dropping these as they cannot be analysed"
[1] "Warning: Negative variance estimate for phenotype(s) 'psoriasis', 'psa' in locus 1406; Dropping these as they cannot be analysed"
[1] "Warning: Negative variance estimate for phenotype(s) 'psa' in locus 1405; Dropping these as they cannot be analysed"
[1] "Warning: Negative variance estimate for phenotype(s) 'psoriasis' in locus 1407; Dropping these as they cannot be analysed"
[1] "Warning: Negative variance estimate for phenotype(s) 'psoriasis', 'psa', 'crohn', 'cad' in locus 1408; Dropping these as they cannot be analysed"
[1] "Warning: Negative variance estimate for phenotype(s) 'psa', 'crohn', 'uc', 'cad' in locus 1409; Dropping these as they cannot be analysed"
[1] "Warning: Negative variance estimate for phenotype(s) 'cad' in locus 1415; Dropping these as they cannot be analysed"
[1] "Error: none of specified SNP IDs are present in reference data"
[1] "Warning: Negative variance estimate for phenotype(s) 'psa', 'crohn', 'uc' in locus 1416; Dropping these as they cannot be analysed"
[1] "Warning: Negative variance estimate for phenotype(s) 'psoriasis' in locus 1422; Dropping these as they cannot be analysed"
[1] "Warning: Negative variance estimate for phenotype(s) 'psoriasis' in locus 1419; Dropping these as they cannot be analysed"
[1] "Warning: Negative variance estimate for phenotype(s) 'crohn' in locus 1425; Dropping these as they cannot be analysed"
[1] "Warning: Negative variance estimate for phenotype(s) 'psa' in locus 1426; Dropping these as they cannot be analysed"
[1] "Warning: Negative variance estimate for phenotype(s) 'psa' in locus 1432; Dropping these as they cannot be analysed"
[1] "Warning: Negative variance estimate for phenotype(s) 'psa' in locus 1433; Dropping these as they cannot be analysed"
[1] "Warning: Negative variance estimate for phenotype(s) 'psa', 'uc' in locus 1434; Dropping these as they cannot be analysed"
[1] "Warning: Negative variance estimate for phenotype(s) 'uc' in locus 1435; Dropping these as they cannot be analysed"
[1] "Warning: Negative variance estimate for phenotype(s) 'psa' in locus 1436; Dropping these as they cannot be analysed"
[1] "Warning: Negative variance estimate for phenotype(s) 'psoriasis' in locus 1439; Dropping these as they cannot be analysed"
[1] "Warning: Negative variance estimate for phenotype(s) 'psa', 'crohn' in locus 1442; Dropping these as they cannot be analysed"
[1] "Warning: Negative variance estimate for phenotype(s) 'psa' in locus 1444; Dropping these as they cannot be analysed"
[1] "Warning: Negative variance estimate for phenotype(s) 'psa' in locus 1446; Dropping these as they cannot be analysed"
[1] "Warning: Negative variance estimate for phenotype(s) 'psa', 'uc' in locus 1449; Dropping these as they cannot be analysed"
[1] "Warning: Negative variance estimate for phenotype(s) 'uc' in locus 1448; Dropping these as they cannot be analysed"
[1] "Warning: Negative variance estimate for phenotype(s) 'psa' in locus 1455; Dropping these as they cannot be analysed"
[1] "Warning: Negative variance estimate for phenotype(s) 'psoriasis', 'crohn' in locus 1456; Dropping these as they cannot be analysed"
[1] "Warning: Negative variance estimate for phenotype(s) 'psa' in locus 1459; Dropping these as they cannot be analysed"
[1] "Warning: Negative variance estimate for phenotype(s) 'psoriasis' in locus 1464; Dropping these as they cannot be analysed"
[1] "Warning: Negative variance estimate for phenotype(s) 'psoriasis', 'crohn' in locus 1467; Dropping these as they cannot be analysed"
[1] "Warning: Negative variance estimate for phenotype(s) 'uc' in locus 1471; Dropping these as they cannot be analysed"
[1] "Warning: Negative variance estimate for phenotype(s) 'uc' in locus 1486; Dropping these as they cannot be analysed"
[1] "Warning: Negative variance estimate for phenotype(s) 'psa' in locus 1485; Dropping these as they cannot be analysed"
[1] "Warning: Negative variance estimate for phenotype(s) 'psa', 'cad' in locus 1491; Dropping these as they cannot be analysed"
[1] "Warning: Negative variance estimate for phenotype(s) 'uc' in locus 1497; Dropping these as they cannot be analysed"
[1] "Warning: Negative variance estimate for phenotype(s) 'psa' in locus 1504; Dropping these as they cannot be analysed"
[1] "Warning: Negative variance estimate for phenotype(s) 'psoriasis', 'uc' in locus 1506; Dropping these as they cannot be analysed"
[1] "Warning: Negative variance estimate for phenotype(s) 'cad' in locus 1507; Dropping these as they cannot be analysed"
[1] "Warning: Negative variance estimate for phenotype(s) 'psoriasis', 'psa' in locus 1508; Dropping these as they cannot be analysed"
[1] "Warning: Negative variance estimate for phenotype(s) 'psa' in locus 1511; Dropping these as they cannot be analysed"
[1] "Warning: Negative variance estimate for phenotype(s) 'uc' in locus 1510; Dropping these as they cannot be analysed"
[1] "Warning: Negative variance estimate for phenotype(s) 'psoriasis', 'psa' in locus 1509; Dropping these as they cannot be analysed"
[1] "Warning: Negative variance estimate for phenotype(s) 'uc' in locus 1513; Dropping these as they cannot be analysed"
[1] "Warning: Negative variance estimate for phenotype(s) 'psoriasis', 'psa' in locus 1514; Dropping these as they cannot be analysed"
[1] "Warning: Negative variance estimate for phenotype(s) 'psa', 'crohn' in locus 1515; Dropping these as they cannot be analysed"
[1] "Warning: Negative variance estimate for phenotype(s) 'crohn' in locus 1517; Dropping these as they cannot be analysed"
[1] "Warning: Negative variance estimate for phenotype(s) 'psa' in locus 1521; Dropping these as they cannot be analysed"
[1] "Warning: Negative variance estimate for phenotype(s) 'psoriasis', 'cad' in locus 1525; Dropping these as they cannot be analysed"
[1] "Warning: Negative variance estimate for phenotype(s) 'psoriasis', 'uc', 'cad' in locus 1524; Dropping these as they cannot be analysed"
[1] "Warning: Negative variance estimate for phenotype(s) 'psoriasis', 'psa', 'crohn', 'cad' in locus 1526; Dropping these as they cannot be analysed"
[1] "Warning: Negative variance estimate for phenotype(s) 'psa' in locus 1527; Dropping these as they cannot be analysed"
[1] "Warning: Negative variance estimate for phenotype(s) 'psa' in locus 1528; Dropping these as they cannot be analysed"
[1] "Warning: Negative variance estimate for phenotype(s) 'psoriasis', 'psa', 'uc' in locus 1530; Dropping these as they cannot be analysed"
[1] "Warning: Negative variance estimate for phenotype(s) 'psoriasis' in locus 1532; Dropping these as they cannot be analysed"
[1] "Warning: Negative variance estimate for phenotype(s) 'psoriasis', 'psa' in locus 1533; Dropping these as they cannot be analysed"
[1] "Warning: Negative variance estimate for phenotype(s) 'psoriasis' in locus 1535; Dropping these as they cannot be analysed"
[1] "Warning: Negative variance estimate for phenotype(s) 'psoriasis', 'psa', 'crohn' in locus 1537; Dropping these as they cannot be analysed"
[1] "Warning: Negative variance estimate for phenotype(s) 'psoriasis', 'psa' in locus 1539; Dropping these as they cannot be analysed"
[1] "Warning: Negative variance estimate for phenotype(s) 'crohn', 'cad' in locus 1541; Dropping these as they cannot be analysed"
[1] "Warning: Negative variance estimate for phenotype(s) 'crohn' in locus 1543; Dropping these as they cannot be analysed"
[1] "Warning: Negative variance estimate for phenotype(s) 'psa' in locus 1546; Dropping these as they cannot be analysed"
[1] "Warning: Negative variance estimate for phenotype(s) 'cad' in locus 1547; Dropping these as they cannot be analysed"
[1] "Warning: Negative variance estimate for phenotype(s) 'uc' in locus 1548; Dropping these as they cannot be analysed"
[1] "Warning: Negative variance estimate for phenotype(s) 'cad' in locus 1550; Dropping these as they cannot be analysed"
[1] "Warning: Negative variance estimate for phenotype(s) 'uc' in locus 1560; Dropping these as they cannot be analysed"
[1] "Warning: Negative variance estimate for phenotype(s) 'cad' in locus 1564; Dropping these as they cannot be analysed"
[1] "Warning: Negative variance estimate for phenotype(s) 'psoriasis', 'uc' in locus 1574; Dropping these as they cannot be analysed"
[1] "Warning: Negative variance estimate for phenotype(s) 'cad' in locus 1578; Dropping these as they cannot be analysed"
[1] "Warning: Negative variance estimate for phenotype(s) 'psa' in locus 1583; Dropping these as they cannot be analysed"
[1] "Warning: Negative variance estimate for phenotype(s) 'cad' in locus 1584; Dropping these as they cannot be analysed"
[1] "Warning: Negative variance estimate for phenotype(s) 'crohn', 'uc', 'cad' in locus 1585; Dropping these as they cannot be analysed"
[1] "Warning: Negative variance estimate for phenotype(s) 'psa' in locus 1586; Dropping these as they cannot be analysed"
[1] "Warning: Negative variance estimate for phenotype(s) 'psa' in locus 1591; Dropping these as they cannot be analysed"
[1] "Warning: Negative variance estimate for phenotype(s) 'psa' in locus 1603; Dropping these as they cannot be analysed"
[1] "Warning: Negative variance estimate for phenotype(s) 'crohn' in locus 1600; Dropping these as they cannot be analysed"
[1] "Warning: Negative variance estimate for phenotype(s) 'psa' in locus 1609; Dropping these as they cannot be analysed"
[1] "Warning: Negative variance estimate for phenotype(s) 'uc' in locus 1605; Dropping these as they cannot be analysed"
[1] "Warning: Negative variance estimate for phenotype(s) 'psa' in locus 1612; Dropping these as they cannot be analysed"
[1] "Warning: Negative variance estimate for phenotype(s) 'psoriasis' in locus 1626; Dropping these as they cannot be analysed"
[1] "Warning: Negative variance estimate for phenotype(s) 'psa' in locus 1628; Dropping these as they cannot be analysed"
[1] "Warning: Negative variance estimate for phenotype(s) 'psoriasis', 'psa', 'uc' in locus 1637; Dropping these as they cannot be analysed"
[1] "Warning: Negative variance estimate for phenotype(s) 'crohn' in locus 1638; Dropping these as they cannot be analysed"
[1] "Warning: Negative variance estimate for phenotype(s) 'psoriasis', 'psa' in locus 1634; Dropping these as they cannot be analysed"
[1] "Warning: Negative variance estimate for phenotype(s) 'psoriasis', 'psa' in locus 1633; Dropping these as they cannot be analysed"
[1] "Warning: Negative variance estimate for phenotype(s) 'psa' in locus 1636; Dropping these as they cannot be analysed"
[1] "Warning: Negative variance estimate for phenotype(s) 'crohn' in locus 1641; Dropping these as they cannot be analysed"
[1] "Warning: Negative variance estimate for phenotype(s) 'psa', 'uc' in locus 1639; Dropping these as they cannot be analysed"
[1] "Warning: Negative variance estimate for phenotype(s) 'psa', 'crohn', 'uc' in locus 1642; Dropping these as they cannot be analysed"
[1] "Warning: Negative variance estimate for phenotype(s) 'crohn' in locus 1645; Dropping these as they cannot be analysed"
[1] "Warning: Negative variance estimate for phenotype(s) 'cad' in locus 1646; Dropping these as they cannot be analysed"
[1] "Warning: Negative variance estimate for phenotype(s) 'psa', 'uc' in locus 1651; Dropping these as they cannot be analysed"
[1] "Warning: Negative variance estimate for phenotype(s) 'psoriasis', 'uc' in locus 1654; Dropping these as they cannot be analysed"
[1] "Warning: Negative variance estimate for phenotype(s) 'psoriasis', 'psa', 'uc' in locus 1652; Dropping these as they cannot be analysed"
[1] "Warning: Negative variance estimate for phenotype(s) 'crohn', 'uc' in locus 1655; Dropping these as they cannot be analysed"
[1] "Warning: Negative variance estimate for phenotype(s) 'psa' in locus 1657; Dropping these as they cannot be analysed"
[1] "Error: none of specified SNP IDs are present in reference data"
[1] "Warning: Negative variance estimate for phenotype(s) 'psa' in locus 1664; Dropping these as they cannot be analysed"
[1] "Warning: Negative variance estimate for phenotype(s) 'psa' in locus 1665; Dropping these as they cannot be analysed"
[1] "Warning: Negative variance estimate for phenotype(s) 'psa' in locus 1666; Dropping these as they cannot be analysed"
[1] "Warning: Negative variance estimate for phenotype(s) 'cad' in locus 1669; Dropping these as they cannot be analysed"
[1] "Warning: Negative variance estimate for phenotype(s) 'psa', 'uc', 'cad' in locus 1683; Dropping these as they cannot be analysed"
[1] "Warning: Negative variance estimate for phenotype(s) 'psoriasis' in locus 1685; Dropping these as they cannot be analysed"
[1] "Warning: Negative variance estimate for phenotype(s) 'cad' in locus 1686; Dropping these as they cannot be analysed"
[1] "Warning: Negative variance estimate for phenotype(s) 'psoriasis', 'psa', 'crohn' in locus 1689; Dropping these as they cannot be analysed"
[1] "Warning: Negative variance estimate for phenotype(s) 'uc' in locus 1688; Dropping these as they cannot be analysed"
[1] "Warning: Negative variance estimate for phenotype(s) 'crohn' in locus 1691; Dropping these as they cannot be analysed"
[1] "Warning: Negative variance estimate for phenotype(s) 'psa' in locus 1692; Dropping these as they cannot be analysed"
[1] "Warning: Negative variance estimate for phenotype(s) 'psoriasis', 'psa' in locus 1694; Dropping these as they cannot be analysed"
[1] "Warning: Negative variance estimate for phenotype(s) 'psa', 'uc' in locus 1696; Dropping these as they cannot be analysed"
[1] "Warning: Negative variance estimate for phenotype(s) 'uc' in locus 1697; Dropping these as they cannot be analysed"
[1] "Warning: Negative variance estimate for phenotype(s) 'psoriasis', 'psa', 'uc', 'cad' in locus 1700; Dropping these as they cannot be analysed"
[1] "Warning: Negative variance estimate for phenotype(s) 'psa' in locus 1698; Dropping these as they cannot be analysed"
[1] "Warning: Negative variance estimate for phenotype(s) 'psoriasis', 'psa', 'cad' in locus 1703; Dropping these as they cannot be analysed"
[1] "Warning: Negative variance estimate for phenotype(s) 'psoriasis' in locus 1707; Dropping these as they cannot be analysed"
[1] "Warning: Negative variance estimate for phenotype(s) 'psoriasis' in locus 1708; Dropping these as they cannot be analysed"
[1] "Warning: Negative variance estimate for phenotype(s) 'psoriasis', 'psa' in locus 1709; Dropping these as they cannot be analysed"
[1] "Warning: Negative variance estimate for phenotype(s) 'uc' in locus 1712; Dropping these as they cannot be analysed"
[1] "Warning: Negative variance estimate for phenotype(s) 'psa' in locus 1714; Dropping these as they cannot be analysed"
[1] "Warning: Negative variance estimate for phenotype(s) 'psa' in locus 1725; Dropping these as they cannot be analysed"
[1] "Warning: Negative variance estimate for phenotype(s) 'psa' in locus 1728; Dropping these as they cannot be analysed"
[1] "Warning: Negative variance estimate for phenotype(s) 'psa' in locus 1738; Dropping these as they cannot be analysed"
[1] "Warning: Negative variance estimate for phenotype(s) 'psa' in locus 1751; Dropping these as they cannot be analysed"
[1] "Warning: Negative variance estimate for phenotype(s) 'psa' in locus 1755; Dropping these as they cannot be analysed"
[1] "Warning: Negative variance estimate for phenotype(s) 'psa' in locus 1754; Dropping these as they cannot be analysed"
[1] "Warning: Negative variance estimate for phenotype(s) 'psoriasis' in locus 1760; Dropping these as they cannot be analysed"
[1] "Warning: Negative variance estimate for phenotype(s) 'psoriasis', 'psa', 'crohn' in locus 1761; Dropping these as they cannot be analysed"
[1] "Warning: Negative variance estimate for phenotype(s) 'psoriasis' in locus 1768; Dropping these as they cannot be analysed"
[1] "Warning: Negative variance estimate for phenotype(s) 'psa' in locus 1769; Dropping these as they cannot be analysed"
[1] "Warning: Negative variance estimate for phenotype(s) 'crohn' in locus 1773; Dropping these as they cannot be analysed"
[1] "Warning: Negative variance estimate for phenotype(s) 'psoriasis' in locus 1774; Dropping these as they cannot be analysed"
[1] "Warning: Negative variance estimate for phenotype(s) 'psoriasis', 'psa', 'cad' in locus 1775; Dropping these as they cannot be analysed"
[1] "Warning: Negative variance estimate for phenotype(s) 'psa', 'cad' in locus 1771; Dropping these as they cannot be analysed"
[1] "Warning: Negative variance estimate for phenotype(s) 'psa', 'crohn', 'uc', 'cad' in locus 1776; Dropping these as they cannot be analysed"
[1] "Warning: Negative variance estimate for phenotype(s) 'psoriasis', 'psa', 'crohn' in locus 1777; Dropping these as they cannot be analysed"
[1] "Warning: Negative variance estimate for phenotype(s) 'psa', 'uc', 'cad' in locus 1780; Dropping these as they cannot be analysed"
[1] "Warning: Negative variance estimate for phenotype(s) 'crohn' in locus 1783; Dropping these as they cannot be analysed"
[1] "Warning: Negative variance estimate for phenotype(s) 'psa' in locus 1786; Dropping these as they cannot be analysed"
[1] "Warning: Negative variance estimate for phenotype(s) 'uc' in locus 1787; Dropping these as they cannot be analysed"
[1] "Warning: Negative variance estimate for phenotype(s) 'uc' in locus 1785; Dropping these as they cannot be analysed"
[1] "Warning: Negative variance estimate for phenotype(s) 'psa' in locus 1788; Dropping these as they cannot be analysed"
[1] "Warning: Negative variance estimate for phenotype(s) 'psa', 'uc' in locus 1799; Dropping these as they cannot be analysed"
[1] "Warning: Negative variance estimate for phenotype(s) 'psa' in locus 1800; Dropping these as they cannot be analysed"
[1] "Warning: Negative variance estimate for phenotype(s) 'psoriasis', 'psa', 'crohn' in locus 1808; Dropping these as they cannot be analysed"
[1] "Warning: Negative variance estimate for phenotype(s) 'crohn', 'uc' in locus 1806; Dropping these as they cannot be analysed"
[1] "Warning: Negative variance estimate for phenotype(s) 'cad' in locus 1809; Dropping these as they cannot be analysed"
[1] "Warning: Negative variance estimate for phenotype(s) 'uc' in locus 1807; Dropping these as they cannot be analysed"
[1] "Warning: Negative variance estimate for phenotype(s) 'psoriasis' in locus 1811; Dropping these as they cannot be analysed"
[1] "Warning: Negative variance estimate for phenotype(s) 'psa', 'crohn', 'uc' in locus 1815; Dropping these as they cannot be analysed"
[1] "Warning: Negative variance estimate for phenotype(s) 'psoriasis' in locus 1816; Dropping these as they cannot be analysed"
[1] "Warning: Negative variance estimate for phenotype(s) 'cad' in locus 1812; Dropping these as they cannot be analysed"
[1] "Warning: Negative variance estimate for phenotype(s) 'cad' in locus 1818; Dropping these as they cannot be analysed"
[1] "Warning: Negative variance estimate for phenotype(s) 'cad' in locus 1819; Dropping these as they cannot be analysed"
[1] "Warning: Negative variance estimate for phenotype(s) 'psoriasis', 'psa' in locus 1820; Dropping these as they cannot be analysed"
[1] "Warning: Negative variance estimate for phenotype(s) 'psa', 'uc' in locus 1822; Dropping these as they cannot be analysed"
[1] "Warning: Negative variance estimate for phenotype(s) 'uc' in locus 1824; Dropping these as they cannot be analysed"
[1] "Warning: Negative variance estimate for phenotype(s) 'psa' in locus 1828; Dropping these as they cannot be analysed"
[1] "Warning: Negative variance estimate for phenotype(s) 'cad' in locus 1829; Dropping these as they cannot be analysed"
[1] "Warning: Negative variance estimate for phenotype(s) 'psoriasis' in locus 1833; Dropping these as they cannot be analysed"
[1] "Warning: Negative variance estimate for phenotype(s) 'psoriasis', 'psa' in locus 1834; Dropping these as they cannot be analysed"
[1] "Warning: Negative variance estimate for phenotype(s) 'psa' in locus 1840; Dropping these as they cannot be analysed"
[1] "Warning: Negative variance estimate for phenotype(s) 'psoriasis' in locus 1839; Dropping these as they cannot be analysed"
[1] "Warning: Negative variance estimate for phenotype(s) 'psa' in locus 1836; Dropping these as they cannot be analysed"
[1] "Warning: Negative variance estimate for phenotype(s) 'psoriasis', 'psa', 'crohn' in locus 1853; Dropping these as they cannot be analysed"
[1] "Warning: Negative variance estimate for phenotype(s) 'psa', 'cad' in locus 1854; Dropping these as they cannot be analysed"
[1] "Warning: Negative variance estimate for phenotype(s) 'cad' in locus 1863; Dropping these as they cannot be analysed"
[1] "Warning: Negative variance estimate for phenotype(s) 'psoriasis', 'psa' in locus 1861; Dropping these as they cannot be analysed"
[1] "Warning: Negative variance estimate for phenotype(s) 'crohn' in locus 1864; Dropping these as they cannot be analysed"
[1] "Warning: Negative variance estimate for phenotype(s) 'crohn', 'uc' in locus 1871; Dropping these as they cannot be analysed"
[1] "Warning: Negative variance estimate for phenotype(s) 'cad' in locus 1878; Dropping these as they cannot be analysed"
[1] "Warning: Negative variance estimate for phenotype(s) 'psoriasis', 'psa' in locus 1880; Dropping these as they cannot be analysed"
[1] "Warning: Negative variance estimate for phenotype(s) 'psoriasis', 'uc' in locus 1881; Dropping these as they cannot be analysed"
[1] "Warning: Negative variance estimate for phenotype(s) 'crohn' in locus 1882; Dropping these as they cannot be analysed"
[1] "Warning: Negative variance estimate for phenotype(s) 'psa' in locus 1884; Dropping these as they cannot be analysed"
[1] "Warning: Negative variance estimate for phenotype(s) 'psa' in locus 1885; Dropping these as they cannot be analysed"
[1] "Warning: Negative variance estimate for phenotype(s) 'uc' in locus 1890; Dropping these as they cannot be analysed"
[1] "Warning: Negative variance estimate for phenotype(s) 'psa' in locus 1892; Dropping these as they cannot be analysed"
[1] "Warning: Negative variance estimate for phenotype(s) 'psa' in locus 1891; Dropping these as they cannot be analysed"
[1] "Warning: Negative variance estimate for phenotype(s) 'psoriasis', 'psa', 'crohn' in locus 1897; Dropping these as they cannot be analysed"
[1] "Warning: Negative variance estimate for phenotype(s) 'psoriasis', 'psa', 'crohn' in locus 1896; Dropping these as they cannot be analysed"
[1] "Warning: Negative variance estimate for phenotype(s) 'psoriasis' in locus 1898; Dropping these as they cannot be analysed"
[1] "Warning: Negative variance estimate for phenotype(s) 'psa', 'cad' in locus 1904; Dropping these as they cannot be analysed"
[1] "Warning: Negative variance estimate for phenotype(s) 'psa', 'cad' in locus 1907; Dropping these as they cannot be analysed"
[1] "Warning: Negative variance estimate for phenotype(s) 'crohn' in locus 1905; Dropping these as they cannot be analysed"
[1] "Warning: Negative variance estimate for phenotype(s) 'crohn', 'uc' in locus 1915; Dropping these as they cannot be analysed"
[1] "Warning: Negative variance estimate for phenotype(s) 'psa' in locus 1921; Dropping these as they cannot be analysed"
[1] "Warning: Negative variance estimate for phenotype(s) 'psa' in locus 1920; Dropping these as they cannot be analysed"
[1] "Warning: Negative variance estimate for phenotype(s) 'psa', 'crohn' in locus 1918; Dropping these as they cannot be analysed"
[1] "Warning: Negative variance estimate for phenotype(s) 'crohn' in locus 1916; Dropping these as they cannot be analysed"
[1] "Warning: Negative variance estimate for phenotype(s) 'crohn' in locus 1917; Dropping these as they cannot be analysed"
[1] "Warning: Negative variance estimate for phenotype(s) 'psoriasis', 'cad' in locus 1926; Dropping these as they cannot be analysed"
[1] "Warning: Negative variance estimate for phenotype(s) 'psoriasis' in locus 1927; Dropping these as they cannot be analysed"
[1] "Warning: Negative variance estimate for phenotype(s) 'psa' in locus 1924; Dropping these as they cannot be analysed"
[1] "Warning: Negative variance estimate for phenotype(s) 'psa', 'cad' in locus 1922; Dropping these as they cannot be analysed"
[1] "Warning: Negative variance estimate for phenotype(s) 'psoriasis', 'psa', 'crohn' in locus 1928; Dropping these as they cannot be analysed"
[1] "Warning: Negative variance estimate for phenotype(s) 'psoriasis', 'psa', 'crohn', 'uc' in locus 1930; Dropping these as they cannot be analysed"
[1] "Warning: Negative variance estimate for phenotype(s) 'psoriasis', 'psa', 'uc', 'cad' in locus 1929; Dropping these as they cannot be analysed"
[1] "Warning: Negative variance estimate for phenotype(s) 'uc', 'cad' in locus 1931; Dropping these as they cannot be analysed"
[1] "Warning: Negative variance estimate for phenotype(s) 'crohn' in locus 1936; Dropping these as they cannot be analysed"
[1] "Warning: Negative variance estimate for phenotype(s) 'uc' in locus 1939; Dropping these as they cannot be analysed"
[1] "Warning: Negative variance estimate for phenotype(s) 'psoriasis', 'crohn' in locus 1943; Dropping these as they cannot be analysed"
[1] "Warning: Negative variance estimate for phenotype(s) 'psa' in locus 1944; Dropping these as they cannot be analysed"
[1] "Warning: Negative variance estimate for phenotype(s) 'psoriasis', 'uc' in locus 1952; Dropping these as they cannot be analysed"
[1] "Warning: Negative variance estimate for phenotype(s) 'psoriasis', 'crohn' in locus 1954; Dropping these as they cannot be analysed"
[1] "Warning: Negative variance estimate for phenotype(s) 'crohn' in locus 1959; Dropping these as they cannot be analysed"
[1] "Warning: Negative variance estimate for phenotype(s) 'psa' in locus 1960; Dropping these as they cannot be analysed"
[1] "Warning: Negative variance estimate for phenotype(s) 'psa', 'uc' in locus 1962; Dropping these as they cannot be analysed"
[1] "Warning: Negative variance estimate for phenotype(s) 'psa', 'cad' in locus 1964; Dropping these as they cannot be analysed"
[1] "Warning: Negative variance estimate for phenotype(s) 'cad' in locus 1967; Dropping these as they cannot be analysed"
[1] "Warning: Negative variance estimate for phenotype(s) 'psoriasis' in locus 1971; Dropping these as they cannot be analysed"
[1] "Warning: Negative variance estimate for phenotype(s) 'psa', 'crohn', 'cad' in locus 1973; Dropping these as they cannot be analysed"
[1] "Warning: Negative variance estimate for phenotype(s) 'psoriasis', 'psa' in locus 1972; Dropping these as they cannot be analysed"
[1] "Warning: Negative variance estimate for phenotype(s) 'crohn' in locus 1974; Dropping these as they cannot be analysed"
[1] "Warning: Negative variance estimate for phenotype(s) 'crohn', 'uc', 'cad' in locus 1975; Dropping these as they cannot be analysed"
[1] "Warning: Negative variance estimate for phenotype(s) 'psa', 'uc' in locus 1978; Dropping these as they cannot be analysed"
[1] "Warning: Negative variance estimate for phenotype(s) 'psoriasis' in locus 1976; Dropping these as they cannot be analysed"
[1] "Warning: Negative variance estimate for phenotype(s) 'uc' in locus 1980; Dropping these as they cannot be analysed"
[1] "Warning: Negative variance estimate for phenotype(s) 'psa' in locus 1984; Dropping these as they cannot be analysed"
[1] "Warning: Negative variance estimate for phenotype(s) 'uc' in locus 1982; Dropping these as they cannot be analysed"
[1] "Warning: Negative variance estimate for phenotype(s) 'cad' in locus 1983; Dropping these as they cannot be analysed"
[1] "Warning: Negative variance estimate for phenotype(s) 'psoriasis' in locus 1987; Dropping these as they cannot be analysed"
[1] "Warning: Negative variance estimate for phenotype(s) 'psoriasis', 'uc' in locus 1991; Dropping these as they cannot be analysed"
[1] "Warning: Negative variance estimate for phenotype(s) 'psa' in locus 1989; Dropping these as they cannot be analysed"
[1] "Warning: Negative variance estimate for phenotype(s) 'psoriasis', 'psa' in locus 1990; Dropping these as they cannot be analysed"
[1] "Warning: Negative variance estimate for phenotype(s) 'psoriasis', 'psa', 'uc' in locus 1992; Dropping these as they cannot be analysed"
[1] "Warning: Negative variance estimate for phenotype(s) 'psa' in locus 1995; Dropping these as they cannot be analysed"
[1] "Warning: Negative variance estimate for phenotype(s) 'crohn' in locus 1993; Dropping these as they cannot be analysed"
[1] "Warning: Negative variance estimate for phenotype(s) 'psoriasis', 'psa', 'uc' in locus 1997; Dropping these as they cannot be analysed"
[1] "Warning: Negative variance estimate for phenotype(s) 'crohn' in locus 2002; Dropping these as they cannot be analysed"
[1] "Warning: Negative variance estimate for phenotype(s) 'psoriasis', 'crohn', 'uc' in locus 2003; Dropping these as they cannot be analysed"
[1] "Warning: Negative variance estimate for phenotype(s) 'psa', 'cad' in locus 2014; Dropping these as they cannot be analysed"
[1] "Warning: Negative variance estimate for phenotype(s) 'psa' in locus 2015; Dropping these as they cannot be analysed"
[1] "Error: none of specified SNP IDs are present in reference data"
[1] "Warning: Negative variance estimate for phenotype(s) 'psa', 'cad' in locus 2033; Dropping these as they cannot be analysed"
[1] "Warning: Negative variance estimate for phenotype(s) 'crohn' in locus 2034; Dropping these as they cannot be analysed"
[1] "Warning: Negative variance estimate for phenotype(s) 'psa', 'cad' in locus 2036; Dropping these as they cannot be analysed"
[1] "Warning: Negative variance estimate for phenotype(s) 'psa', 'crohn' in locus 2037; Dropping these as they cannot be analysed"
[1] "Warning: Negative variance estimate for phenotype(s) 'psa', 'uc' in locus 2042; Dropping these as they cannot be analysed"
[1] "Warning: Negative variance estimate for phenotype(s) 'psoriasis' in locus 2043; Dropping these as they cannot be analysed"
[1] "Warning: Negative variance estimate for phenotype(s) 'psa' in locus 2045; Dropping these as they cannot be analysed"
[1] "Warning: Negative variance estimate for phenotype(s) 'crohn' in locus 2053; Dropping these as they cannot be analysed"
[1] "Warning: Negative variance estimate for phenotype(s) 'psa' in locus 2051; Dropping these as they cannot be analysed"
[1] "Warning: Negative variance estimate for phenotype(s) 'uc' in locus 2056; Dropping these as they cannot be analysed"
[1] "Warning: Negative variance estimate for phenotype(s) 'psa' in locus 2062; Dropping these as they cannot be analysed"
[1] "Warning: Negative variance estimate for phenotype(s) 'psoriasis', 'uc' in locus 2064; Dropping these as they cannot be analysed"
[1] "Warning: Negative variance estimate for phenotype(s) 'psa', 'uc' in locus 2074; Dropping these as they cannot be analysed"
[1] "Warning: Negative variance estimate for phenotype(s) 'crohn', 'uc' in locus 2076; Dropping these as they cannot be analysed"
[1] "Warning: Negative variance estimate for phenotype(s) 'psoriasis' in locus 2078; Dropping these as they cannot be analysed"
[1] "Warning: Negative variance estimate for phenotype(s) 'psoriasis' in locus 2080; Dropping these as they cannot be analysed"
[1] "Warning: Negative variance estimate for phenotype(s) 'uc' in locus 2082; Dropping these as they cannot be analysed"
[1] "Warning: Negative variance estimate for phenotype(s) 'crohn' in locus 2085; Dropping these as they cannot be analysed"
[1] "Warning: Negative variance estimate for phenotype(s) 'psa' in locus 2086; Dropping these as they cannot be analysed"
[1] "Warning: Negative variance estimate for phenotype(s) 'psoriasis' in locus 2084; Dropping these as they cannot be analysed"
[1] "Warning: Negative variance estimate for phenotype(s) 'psa' in locus 2090; Dropping these as they cannot be analysed"
[1] "Warning: Negative variance estimate for phenotype(s) 'psoriasis', 'uc' in locus 2103; Dropping these as they cannot be analysed"
[1] "Warning: Negative variance estimate for phenotype(s) 'psoriasis', 'psa' in locus 2112; Dropping these as they cannot be analysed"
[1] "Warning: Negative variance estimate for phenotype(s) 'psa', 'crohn' in locus 2113; Dropping these as they cannot be analysed"
[1] "Warning: Negative variance estimate for phenotype(s) 'psoriasis' in locus 2122; Dropping these as they cannot be analysed"
[1] "Warning: Negative variance estimate for phenotype(s) 'psa', 'crohn', 'uc' in locus 2130; Dropping these as they cannot be analysed"
[1] "Warning: Negative variance estimate for phenotype(s) 'psoriasis', 'psa', 'uc', 'cad' in locus 2129; Dropping these as they cannot be analysed"
[1] "Warning: Negative variance estimate for phenotype(s) 'psa', 'uc' in locus 2131; Dropping these as they cannot be analysed"
[1] "Warning: Negative variance estimate for phenotype(s) 'crohn' in locus 2140; Dropping these as they cannot be analysed"
[1] "Warning: Negative variance estimate for phenotype(s) 'psa' in locus 2139; Dropping these as they cannot be analysed"
[1] "Warning: Negative variance estimate for phenotype(s) 'psa' in locus 2141; Dropping these as they cannot be analysed"
[1] "Warning: Negative variance estimate for phenotype(s) 'uc' in locus 2142; Dropping these as they cannot be analysed"
[1] "Warning: Negative variance estimate for phenotype(s) 'psa', 'uc', 'cad' in locus 2144; Dropping these as they cannot be analysed"
[1] "Warning: Negative variance estimate for phenotype(s) 'psa' in locus 2148; Dropping these as they cannot be analysed"
[1] "Warning: Negative variance estimate for phenotype(s) 'psa' in locus 2149; Dropping these as they cannot be analysed"
[1] "Warning: Negative variance estimate for phenotype(s) 'cad' in locus 2152; Dropping these as they cannot be analysed"
[1] "Warning: Negative variance estimate for phenotype(s) 'psoriasis', 'psa' in locus 2154; Dropping these as they cannot be analysed"
[1] "Warning: Negative variance estimate for phenotype(s) 'psa' in locus 2155; Dropping these as they cannot be analysed"
[1] "Warning: Negative variance estimate for phenotype(s) 'psa', 'cad' in locus 2156; Dropping these as they cannot be analysed"
[1] "Warning: Negative variance estimate for phenotype(s) 'psa', 'cad' in locus 2158; Dropping these as they cannot be analysed"
[1] "Warning: Negative variance estimate for phenotype(s) 'psoriasis' in locus 2160; Dropping these as they cannot be analysed"
[1] "Warning: Negative variance estimate for phenotype(s) 'psa' in locus 2170; Dropping these as they cannot be analysed"
[1] "Warning: Negative variance estimate for phenotype(s) 'uc' in locus 2190; Dropping these as they cannot be analysed"
[1] "Warning: Negative variance estimate for phenotype(s) 'psa', 'uc', 'cad' in locus 2192; Dropping these as they cannot be analysed"
[1] "Warning: Negative variance estimate for phenotype(s) 'psoriasis' in locus 2193; Dropping these as they cannot be analysed"
[1] "Warning: Negative variance estimate for phenotype(s) 'cad' in locus 2194; Dropping these as they cannot be analysed"
[1] "Warning: Negative variance estimate for phenotype(s) 'psa' in locus 2207; Dropping these as they cannot be analysed"
[1] "Warning: Negative variance estimate for phenotype(s) 'uc' in locus 2208; Dropping these as they cannot be analysed"
[1] "Warning: Negative variance estimate for phenotype(s) 'crohn', 'uc' in locus 2213; Dropping these as they cannot be analysed"
[1] "Warning: Negative variance estimate for phenotype(s) 'psoriasis', 'psa' in locus 2212; Dropping these as they cannot be analysed"
[1] "Warning: Negative variance estimate for phenotype(s) 'psa' in locus 2219; Dropping these as they cannot be analysed"
[1] "Warning: Negative variance estimate for phenotype(s) 'psa' in locus 2218; Dropping these as they cannot be analysed"
[1] "Warning: Negative variance estimate for phenotype(s) 'psa' in locus 2217; Dropping these as they cannot be analysed"
[1] "Warning: Negative variance estimate for phenotype(s) 'uc' in locus 2235; Dropping these as they cannot be analysed"
[1] "Warning: Negative variance estimate for phenotype(s) 'psa' in locus 2237; Dropping these as they cannot be analysed"
[1] "Warning: Negative variance estimate for phenotype(s) 'psa' in locus 2243; Dropping these as they cannot be analysed"
[1] "Warning: Negative variance estimate for phenotype(s) 'psa', 'uc' in locus 2253; Dropping these as they cannot be analysed"
[1] "Warning: Negative variance estimate for phenotype(s) 'cad' in locus 2252; Dropping these as they cannot be analysed"
[1] "Warning: Negative variance estimate for phenotype(s) 'psoriasis', 'uc' in locus 2254; Dropping these as they cannot be analysed"
[1] "Warning: Negative variance estimate for phenotype(s) 'psoriasis', 'crohn', 'uc' in locus 2260; Dropping these as they cannot be analysed"
[1] "Warning: Negative variance estimate for phenotype(s) 'uc' in locus 2257; Dropping these as they cannot be analysed"
[1] "Warning: Negative variance estimate for phenotype(s) 'crohn' in locus 2263; Dropping these as they cannot be analysed"
[1] "Warning: Negative variance estimate for phenotype(s) 'psoriasis' in locus 2264; Dropping these as they cannot be analysed"
[1] "Warning: Negative variance estimate for phenotype(s) 'uc' in locus 2266; Dropping these as they cannot be analysed"
[1] "Warning: Negative variance estimate for phenotype(s) 'psoriasis' in locus 2265; Dropping these as they cannot be analysed"
[1] "Warning: Negative variance estimate for phenotype(s) 'psoriasis', 'crohn', 'uc' in locus 2267; Dropping these as they cannot be analysed"
[1] "Warning: Negative variance estimate for phenotype(s) 'psoriasis' in locus 2270; Dropping these as they cannot be analysed"
[1] "Warning: Negative variance estimate for phenotype(s) 'psa' in locus 2269; Dropping these as they cannot be analysed"
[1] "Warning: Negative variance estimate for phenotype(s) 'psa' in locus 2275; Dropping these as they cannot be analysed"
[1] "Warning: Negative variance estimate for phenotype(s) 'psoriasis', 'psa' in locus 2279; Dropping these as they cannot be analysed"
[1] "Warning: Negative variance estimate for phenotype(s) 'psa' in locus 2278; Dropping these as they cannot be analysed"
[1] "Warning: Negative variance estimate for phenotype(s) 'uc' in locus 2280; Dropping these as they cannot be analysed"
[1] "Warning: Negative variance estimate for phenotype(s) 'psa', 'uc' in locus 2282; Dropping these as they cannot be analysed"
[1] "Warning: Negative variance estimate for phenotype(s) 'psoriasis', 'psa' in locus 2283; Dropping these as they cannot be analysed"
[1] "Warning: Negative variance estimate for phenotype(s) 'psoriasis' in locus 2285; Dropping these as they cannot be analysed"
[1] "Warning: Negative variance estimate for phenotype(s) 'psoriasis', 'psa' in locus 2286; Dropping these as they cannot be analysed"
[1] "Warning: Negative variance estimate for phenotype(s) 'psoriasis' in locus 2291; Dropping these as they cannot be analysed"
[1] "Warning: Negative variance estimate for phenotype(s) 'cad' in locus 2292; Dropping these as they cannot be analysed"
[1] "Warning: Negative variance estimate for phenotype(s) 'psoriasis', 'crohn' in locus 2294; Dropping these as they cannot be analysed"
[1] "Warning: Negative variance estimate for phenotype(s) 'uc' in locus 2295; Dropping these as they cannot be analysed"
[1] "Warning: Negative variance estimate for phenotype(s) 'psa' in locus 2298; Dropping these as they cannot be analysed"
[1] "Warning: Negative variance estimate for phenotype(s) 'psa' in locus 2297; Dropping these as they cannot be analysed"
[1] "Warning: Negative variance estimate for phenotype(s) 'cad' in locus 2306; Dropping these as they cannot be analysed"
[1] "Warning: Negative variance estimate for phenotype(s) 'psa' in locus 2305; Dropping these as they cannot be analysed"
[1] "Warning: Negative variance estimate for phenotype(s) 'crohn' in locus 2304; Dropping these as they cannot be analysed"
[1] "Warning: Negative variance estimate for phenotype(s) 'psa' in locus 2319; Dropping these as they cannot be analysed"
[1] "Warning: Negative variance estimate for phenotype(s) 'psa', 'crohn' in locus 2324; Dropping these as they cannot be analysed"
[1] "Warning: Negative variance estimate for phenotype(s) 'psa', 'uc', 'cad' in locus 2329; Dropping these as they cannot be analysed"
[1] "Warning: Negative variance estimate for phenotype(s) 'psoriasis', 'crohn' in locus 2330; Dropping these as they cannot be analysed"
[1] "Warning: Negative variance estimate for phenotype(s) 'psoriasis', 'psa' in locus 2333; Dropping these as they cannot be analysed"
[1] "Warning: Negative variance estimate for phenotype(s) 'crohn' in locus 2332; Dropping these as they cannot be analysed"
[1] "Warning: Negative variance estimate for phenotype(s) 'psoriasis', 'psa', 'crohn', 'cad' in locus 2334; Dropping these as they cannot be analysed"
[1] "Warning: Negative variance estimate for phenotype(s) 'psa' in locus 2339; Dropping these as they cannot be analysed"
[1] "Warning: Negative variance estimate for phenotype(s) 'psoriasis', 'psa' in locus 2341; Dropping these as they cannot be analysed"
[1] "Warning: Negative variance estimate for phenotype(s) 'uc' in locus 2344; Dropping these as they cannot be analysed"
[1] "Warning: Negative variance estimate for phenotype(s) 'crohn' in locus 2345; Dropping these as they cannot be analysed"
[1] "Warning: Negative variance estimate for phenotype(s) 'psa' in locus 2347; Dropping these as they cannot be analysed"
[1] "Warning: Negative variance estimate for phenotype(s) 'psa' in locus 2349; Dropping these as they cannot be analysed"
[1] "Warning: Negative variance estimate for phenotype(s) 'crohn' in locus 2360; Dropping these as they cannot be analysed"
[1] "Warning: Negative variance estimate for phenotype(s) 'cad' in locus 2364; Dropping these as they cannot be analysed"
[1] "Warning: Negative variance estimate for phenotype(s) 'psa' in locus 2376; Dropping these as they cannot be analysed"
[1] "Warning: Negative variance estimate for phenotype(s) 'uc' in locus 2377; Dropping these as they cannot be analysed"
[1] "Warning: Negative variance estimate for phenotype(s) 'cad' in locus 2382; Dropping these as they cannot be analysed"
[1] "Warning: Negative variance estimate for phenotype(s) 'psoriasis' in locus 2383; Dropping these as they cannot be analysed"
[1] "Warning: Negative variance estimate for phenotype(s) 'cad' in locus 2386; Dropping these as they cannot be analysed"
[1] "Warning: Negative variance estimate for phenotype(s) 'psoriasis' in locus 2392; Dropping these as they cannot be analysed"
[1] "Warning: Negative variance estimate for phenotype(s) 'uc' in locus 2393; Dropping these as they cannot be analysed"
[1] "Warning: Negative variance estimate for phenotype(s) 'psa' in locus 2391; Dropping these as they cannot be analysed"
[1] "Warning: Negative variance estimate for phenotype(s) 'psa', 'uc' in locus 2395; Dropping these as they cannot be analysed"
[1] "Warning: Negative variance estimate for phenotype(s) 'uc' in locus 2396; Dropping these as they cannot be analysed"
[1] "Warning: Negative variance estimate for phenotype(s) 'psa' in locus 2399; Dropping these as they cannot be analysed"
[1] "Warning: Negative variance estimate for phenotype(s) 'psa' in locus 2398; Dropping these as they cannot be analysed"
[1] "Warning: Negative variance estimate for phenotype(s) 'cad' in locus 2402; Dropping these as they cannot be analysed"
[1] "Warning: Negative variance estimate for phenotype(s) 'psa' in locus 2409; Dropping these as they cannot be analysed"
[1] "Warning: Negative variance estimate for phenotype(s) 'psa' in locus 2411; Dropping these as they cannot be analysed"
[1] "Warning: Negative variance estimate for phenotype(s) 'psoriasis', 'uc' in locus 2417; Dropping these as they cannot be analysed"
[1] "Warning: Negative variance estimate for phenotype(s) 'psa' in locus 2418; Dropping these as they cannot be analysed"
[1] "Warning: Negative variance estimate for phenotype(s) 'psa', 'cad' in locus 2426; Dropping these as they cannot be analysed"
[1] "Warning: Negative variance estimate for phenotype(s) 'psoriasis', 'uc', 'cad' in locus 2430; Dropping these as they cannot be analysed"
[1] "Warning: Negative variance estimate for phenotype(s) 'psa' in locus 2431; Dropping these as they cannot be analysed"
[1] "Warning: Negative variance estimate for phenotype(s) 'uc' in locus 2434; Dropping these as they cannot be analysed"
[1] "Warning: Negative variance estimate for phenotype(s) 'psa' in locus 2436; Dropping these as they cannot be analysed"
[1] "Warning: Negative variance estimate for phenotype(s) 'crohn' in locus 2439; Dropping these as they cannot be analysed"
[1] "Warning: Negative variance estimate for phenotype(s) 'psoriasis' in locus 2438; Dropping these as they cannot be analysed"
[1] "Warning: Negative variance estimate for phenotype(s) 'psa' in locus 2441; Dropping these as they cannot be analysed"
[1] "Warning: Negative variance estimate for phenotype(s) 'psa' in locus 2444; Dropping these as they cannot be analysed"
[1] "Warning: Negative variance estimate for phenotype(s) 'psa' in locus 2445; Dropping these as they cannot be analysed"
[1] "Warning: Negative variance estimate for phenotype(s) 'psa', 'crohn' in locus 2446; Dropping these as they cannot be analysed"
[1] "Warning: Negative variance estimate for phenotype(s) 'uc' in locus 2455; Dropping these as they cannot be analysed"
[1] "Warning: Negative variance estimate for phenotype(s) 'crohn' in locus 2462; Dropping these as they cannot be analysed"
[1] "Warning: Negative variance estimate for phenotype(s) 'cad' in locus 2467; Dropping these as they cannot be analysed"
[1] "Warning: Negative variance estimate for phenotype(s) 'crohn', 'uc' in locus 2464; Dropping these as they cannot be analysed"
[1] "Warning: Negative variance estimate for phenotype(s) 'psa' in locus 2465; Dropping these as they cannot be analysed"
[1] "Warning: Negative variance estimate for phenotype(s) 'psa' in locus 2476; Dropping these as they cannot be analysed"
[1] "Warning: Negative variance estimate for phenotype(s) 'psa' in locus 2479; Dropping these as they cannot be analysed"
[1] "Warning: Negative variance estimate for phenotype(s) 'psa', 'crohn' in locus 2480; Dropping these as they cannot be analysed"
[1] "Warning: Negative variance estimate for phenotype(s) 'psa' in locus 2484; Dropping these as they cannot be analysed"
[1] "Warning: Negative variance estimate for phenotype(s) 'psa' in locus 2486; Dropping these as they cannot be analysed"
[1] "Warning: Negative variance estimate for phenotype(s) 'crohn' in locus 2487; Dropping these as they cannot be analysed"
[1] "Warning: Negative variance estimate for phenotype(s) 'psa' in locus 2491; Dropping these as they cannot be analysed"
Local h2 screening complete
