donor_id	gsm	timepoint	tissue_state	baseline_primary	cell_type	refined_state	F1_CORE_mean	F1_CORE_count	F1_EXTENDED_mean	F1_EXTENDED_count	F2_CORE_mean	F2_CORE_count	F2_EXTENDED_mean	F2_EXTENDED_count	F6_CORE_mean	F6_CORE_count	F6_EXTENDED_mean	F6_EXTENDED_count	F7_CORE_mean	F7_CORE_count	F7_EXTENDED_mean	F7_EXTENDED_count
P1	GSM7120449	baseline	lesional	True	B_cell	B_cell_plasma	0.26439878477442313	19	0.1968047286957563	19	0.14413545496952476	19	0.15144979204475725	19	0.3634178094967453	19	0.3668136205732708	19	1.3536872194502163	19	0.767029150392791	19
P1	GSM7120449	baseline	lesional	True	B_cell	B_cell_unresolved	0.21268427978828808	22	0.1574097942412454	22	0.11597221715726698	22	0.11917322853795352	22	0.3308107249224511	22	0.316885274161707	22	1.3020421665955786	22	0.726186961790121	22
P1	GSM7120449	baseline	lesional	True	NK_cell	T_cell_TRM_T17_like	0.27871755368687107	3	0.20106031922461168	3	0.14319776631481607	3	0.14905179790255957	3	0.41189766339293926	3	0.3807072030398307	3	1.4523828213649563	3	0.8159610716947719	3
P1	GSM7120449	baseline	lesional	True	NK_cell	cytotoxic_NK_T	0.252613266251512	24	0.18866081868635667	24	0.14264941728812883	24	0.14745486368475258	24	0.34921198819047555	24	0.3398955426728991	24	1.3276110166192436	24	0.7527205275253332	24
P1	GSM7120449	baseline	lesional	True	T_cell	T_cell_TRM_T17_like	0.27173004780951726	35	0.2021377991418786	35	0.15728867166965416	35	0.15786455659340085	35	0.3591593454430156	35	0.3484832811400305	35	1.2453204159759677	35	0.7157736031325517	35
P1	GSM7120449	baseline	lesional	True	T_cell	cytotoxic_NK_T	0.2048328913990562	1	0.158663336737686	1	0.11167193194571984	1	0.1154018505673801	1	0.3093531473637555	1	0.2554106381096509	1	1.0446477275679955	1	0.5892248088000845	1
P1	GSM7120449	baseline	lesional	True	dendritic	dendritic_LAMP3_CCR7	0.2640699916300272	19	0.20886436208975617	19	0.1628355964288866	19	0.1664221220161112	19	0.3722749000244717	19	0.36251535503551596	19	1.2849149372966109	19	0.7599880136774381	19
P1	GSM7120449	baseline	lesional	True	dendritic	myeloid_monocyte_macrophage	0.255370203551272	4	0.21081454572773223	4	0.15502450765938175	4	0.16247431087859102	4	0.40120212256536436	4	0.38515151790422636	4	1.3363703775888773	4	0.7941584905991972	4
P1	GSM7120449	baseline	lesional	True	endothelial	endothelial_activated	0.2890483379743218	79	0.2226191462634712	79	0.18055066328561065	79	0.19194169421688392	79	0.3731660279550445	79	0.3568993375980913	79	1.2805538959730538	79	0.7335365594138608	79
P1	GSM7120449	baseline	lesional	True	endothelial	endothelial_vascular	0.3053595324986434	215	0.22914363177645294	215	0.1794480075809298	215	0.19028455210714926	215	0.3698605428998195	215	0.3476627738802822	215	1.2252026355764902	215	0.7042558966433323	215
P1	GSM7120449	baseline	lesional	True	fibroblast	fibroblast_homeostatic_matrix	0.3064861680789199	1056	0.23683507443171314	1056	0.17106533665711793	1056	0.19590040083111365	1056	0.3493565993129537	1056	0.334689671660153	1056	1.1489989654583235	1056	0.6664075133015314	1056
P1	GSM7120449	baseline	lesional	True	fibroblast	fibroblast_inflammatory	0.29067694820324036	26	0.2261180000428832	26	0.1587910306815233	26	0.1826812359479229	26	0.3314560659552087	26	0.3396946321809165	26	1.2238907642332593	26	0.7025432464671248	26
P1	GSM7120449	baseline	lesional	True	keratinocyte	keratinocyte_IFN_response	0.2782908548583086	5	0.20163556441099897	5	0.16248566711210702	5	0.15594763533598963	5	0.3934191211047509	5	0.32659907734875715	5	1.1126032821510807	5	0.6607705990339057	5
P1	GSM7120449	baseline	lesional	True	keratinocyte	keratinocyte_basal	0.4099811636811858	2323	0.29075261604098124	2323	0.1750078035707219	2323	0.1948730156274654	2323	0.4561844307250907	2323	0.43864476064664865	2323	1.272163866085604	2323	0.7437393538971601	2323
P1	GSM7120449	baseline	lesional	True	keratinocyte	keratinocyte_inflammatory_T17	0.3209009296102215	8508	0.22145295080032526	8508	0.13354704780984877	8508	0.14657627333834858	8508	0.37600847487874556	8508	0.3517269746387537	8508	1.1546015165006476	8508	0.6587807240971221	8508
P1	GSM7120449	baseline	lesional	True	keratinocyte	keratinocyte_proliferative	0.3408511053202832	10	0.27074284787839986	10	0.19492853561914764	10	0.20067119410674739	10	0.47501117932368986	10	0.45721766084725174	10	1.3126773223625854	10	0.7826227283427689	10
P1	GSM7120449	baseline	lesional	True	keratinocyte	keratinocyte_spinous_suprabasal	0.2951576602610249	202	0.19909581607316199	202	0.12097442916049034	202	0.1456038792088226	202	0.2995814539255344	202	0.27714895885977087	202	0.9061200595840541	202	0.5234716251239124	202
P1	GSM7120449	baseline	lesional	True	keratinocyte	keratinocyte_stress_hypoxia	0.2561657729624777	6	0.20108792017060803	6	0.14632082985722974	6	0.162083330886633	6	0.3428619668788739	6	0.32832795578968865	6	1.1838046143808203	6	0.6791056902622655	6
P1	GSM7120449	baseline	lesional	True	mast_cell	mast_cell	0.15520459698168224	255	0.09297184014490321	255	0.05511023861998539	255	0.06901963689145285	255	0.1530107524245986	255	0.14161942862704574	255	0.7416042345974305	255	0.396744418827529	255
P1	GSM7120449	baseline	lesional	True	melanocyte	melanocyte_unresolved	0.384616005488002	151	0.2799739637986286	151	0.1778517244727098	151	0.19255263342279114	151	0.42338122614216794	151	0.3676553388425856	151	1.0540896523556953	151	0.632071379083996	151
P1	GSM7120449	baseline	lesional	True	myeloid_monocyte	dendritic_LAMP3_CCR7	0.2543281868624915	139	0.19506125144260614	139	0.1494635149510712	139	0.15559283140852048	139	0.36845044168676017	139	0.3482549209430614	139	1.2701882519947492	139	0.7387654709340321	139
P1	GSM7120449	baseline	lesional	True	myeloid_monocyte	myeloid_monocyte_macrophage	0.25759595450832257	586	0.197239631822252	586	0.14772936027163416	586	0.1544479812359538	586	0.37257833332503987	586	0.32848588953597146	586	1.157117966942035	586	0.683135249063753	586
P1	GSM7120449	baseline	lesional	True	myeloid_monocyte	myeloid_monocyte_unresolved	0.18632385011097125	4	0.10537731163874481	4	0.055697582562968834	4	0.07983093486510788	4	0.15606649465141373	4	0.1332852786240957	4	0.7320261629440054	4	0.38702278795613504	4
P1	GSM7120449	baseline	lesional	True	pericyte_smooth_muscle	pericyte_smooth_muscle_unresolved	0.3013667164861512	514	0.2271743621540991	514	0.18039062666353367	514	0.1919748308404595	514	0.3651924903287177	514	0.3562515541620641	514	1.2391199080798414	514	0.7017815141487226	514
P1	GSM7120450	baseline	nonlesional	True	B_cell	B_cell_plasma	0.26804325371652116	65	0.2016308891383014	65	0.15344739295159007	65	0.1692075476305346	65	0.3319990421170794	65	0.33330217539766205	65	1.243421784698882	65	0.6997529115109465	65
P1	GSM7120450	baseline	nonlesional	True	B_cell	B_cell_unresolved	0.26338537459572625	326	0.19662348895565976	326	0.14665957377551747	326	0.16526632359091561	326	0.3137270758033979	326	0.3182053882195119	326	1.113618221311957	326	0.6341339429406214	326
P1	GSM7120450	baseline	nonlesional	True	NK_cell	T_cell_TRM_T17_like	0.20994318841886192	5	0.16478398342095404	5	0.13178654028343845	5	0.1408409936499991	5	0.2833620503316864	5	0.311046371040029	5	1.202706816873918	5	0.6872466325479221	5
P1	GSM7120450	baseline	nonlesional	True	NK_cell	cytotoxic_NK_T	0.21757496271754237	13	0.1639299957113704	13	0.11699641946290949	13	0.12939919274707082	13	0.27259381259805504	13	0.2902820972939419	13	1.1705351500196732	13	0.6630119454004426	13
P1	GSM7120450	baseline	nonlesional	True	T_cell	T_cell_TRM_T17_like	0.21062955986235762	247	0.15962472729318952	247	0.120731356075347	247	0.1283938508633785	247	0.2714174062649001	247	0.2882351694051068	247	1.2056465731085186	247	0.6668676949050678	247
P1	GSM7120450	baseline	nonlesional	True	T_cell	T_cell_unresolved	0.08620361114977555	5	0.08208037548985854	5	0.05264564676823132	5	0.06032222420947544	5	0.1441643903532884	5	0.12250714305638902	5	0.46863459207189706	5	0.2628641972669121	5
P1	GSM7120450	baseline	nonlesional	True	dendritic	dendritic_LAMP3_CCR7	0.2339419253937517	30	0.1824876747624623	30	0.14166107009977472	30	0.15115872052360527	30	0.3147192784089817	30	0.31799279053992435	30	1.1380384675547495	30	0.6662789052281861	30
P1	GSM7120450	baseline	nonlesional	True	dendritic	myeloid_monocyte_macrophage	0.2649988083553302	65	0.20980887168911172	65	0.16194812813930878	65	0.17188650708939038	65	0.3562821986853185	65	0.3550449866468721	65	1.228440527089286	65	0.7213845300787549	65
P1	GSM7120450	baseline	nonlesional	True	endothelial	endothelial_activated	0.283211210282603	400	0.22500215938075263	400	0.17612063898266095	400	0.19330001948678863	400	0.3563572025019138	400	0.36348664410509257	400	1.2838859305878794	400	0.7287577501705949	400
P1	GSM7120450	baseline	nonlesional	True	endothelial	endothelial_vascular	0.28456455236844014	415	0.21362831645448294	415	0.163135601229996	415	0.17958709876533974	415	0.32787007888552283	415	0.32956997529511495	415	1.200060036570693	415	0.6756231625454386	415
P1	GSM7120450	baseline	nonlesional	True	fibroblast	fibroblast_homeostatic_matrix	0.30507295593291056	1514	0.23933451344873238	1514	0.1728985454746479	1514	0.2019368818929944	1514	0.31475012014942655	1514	0.3236128791991874	1514	1.1107466063085474	1514	0.640124950955899	1514
P1	GSM7120450	baseline	nonlesional	True	fibroblast	fibroblast_inflammatory	0.2521618266626949	61	0.19204637762723847	61	0.1300377834044683	61	0.15470096957151774	61	0.2641864858440381	61	0.2842719855448794	61	1.085056361561617	61	0.6072935796981171	61
P1	GSM7120450	baseline	nonlesional	True	fibroblast	fibroblast_unresolved	0.22301885531524446	1	0.12127502084448111	1	0.0730734861302289	1	0.10911900967100539	1	0.13955813112914003	1	0.1565866904889911	1	0.8910807980463068	1	0.4657774872199184	1
P1	GSM7120450	baseline	nonlesional	True	keratinocyte	keratinocyte_IFN_response	0.18241478623925325	3	0.16057130098530217	3	0.131166388946901	3	0.13244522235541598	3	0.19459712335941218	3	0.20073856650832797	3	0.8515880190642039	3	0.4719712219040237	3
P1	GSM7120450	baseline	nonlesional	True	keratinocyte	keratinocyte_basal	0.3326893037714053	1206	0.2394402917662407	1206	0.14691934424819286	1206	0.1682635322441444	1206	0.3579569779933856	1206	0.34839095801256015	1206	1.258201923818466	1206	0.7076580436412495	1206
P1	GSM7120450	baseline	nonlesional	True	keratinocyte	keratinocyte_inflammatory_T17	0.3066480945329173	16	0.2308260763903729	16	0.14823586112983006	16	0.1636199714084751	16	0.38996324416384376	16	0.3497126758014229	16	1.179256382225405	16	0.6781904956002895	16
P1	GSM7120450	baseline	nonlesional	True	keratinocyte	keratinocyte_proliferative	0.3643836172429843	10	0.27008572057323404	10	0.17400620954439466	10	0.18976873499734487	10	0.42906166004708857	10	0.43790362259288795	10	1.3643489539706102	10	0.7871030224504765	10
P1	GSM7120450	baseline	nonlesional	True	keratinocyte	keratinocyte_spinous_suprabasal	0.309676734731023	2765	0.21678031013171856	2765	0.12761713690665955	2765	0.14706143699767132	2765	0.3376101513082293	2765	0.32225355420625523	2765	1.2723838910086949	2765	0.7041489913504408	2765
P1	GSM7120450	baseline	nonlesional	True	keratinocyte	keratinocyte_stress_hypoxia	0.2600966043366106	14	0.19494778881144217	14	0.1311238774516416	14	0.14712474499474543	14	0.2860782917994353	14	0.2854062803306686	14	0.9834546088465632	14	0.5743892927975596	14
P1	GSM7120450	baseline	nonlesional	True	keratinocyte	keratinocyte_unresolved	0.2401541121318532	1	0.15488883932035236	1	0.09368148444490626	1	0.1415034491838639	1	0.10658639189271994	1	0.15278623518008172	1	0.2955379395342193	1	0.21284045674830032	1
P1	GSM7120450	baseline	nonlesional	True	mast_cell	mast_cell	0.1974431061513087	227	0.12130944110275306	227	0.07248752714456265	227	0.08992539091790067	227	0.19346642882085743	227	0.1953358101233275	227	1.0161513906582371	227	0.5406173164707792	227
P1	GSM7120450	baseline	nonlesional	True	melanocyte	melanocyte_unresolved	0.3875421112600002	188	0.2877478134571347	188	0.18528563436084786	188	0.20523714307578925	188	0.40534021166315665	188	0.3748535345897162	188	1.1370521174821973	188	0.6727094828028618	188
P1	GSM7120450	baseline	nonlesional	True	myeloid_monocyte	dendritic_LAMP3_CCR7	0.21922137949467407	4	0.16168996891858206	4	0.12181628122146193	4	0.1399241356390289	4	0.2840105171228105	4	0.306045108761541	4	1.125601623985122	4	0.6530009546282899	4
P1	GSM7120450	baseline	nonlesional	True	myeloid_monocyte	myeloid_monocyte_macrophage	0.2434237309950749	69	0.18215332118454478	69	0.1342208838594028	69	0.14991334105025408	69	0.3141443453587422	69	0.2972259475065998	69	1.012263902511563	69	0.5958782515718234	69
P1	GSM7120450	baseline	nonlesional	True	pericyte_smooth_muscle	pericyte_smooth_muscle_unresolved	0.27568592644725326	907	0.21193328897724537	907	0.15662586038445794	907	0.17614817579263037	907	0.31217242682423263	907	0.33215282199063895	907	1.1936076958651596	907	0.6691655897076009	907
P1	GSM7120450	baseline	nonlesional	True	unassigned	unassigned_unresolved	0.1923099225823361	20	0.12482148307915816	20	0.0715290844998875	20	0.08970446786818677	20	0.1592637421544761	20	0.16498424358320035	20	0.6635053940892301	20	0.3706305912148221	20
P1	GSM7120451	day3	lesional	False	B_cell	B_cell_plasma	0.25508354236320424	67	0.1923813601026148	67	0.13737324142363494	67	0.14629288126646878	67	0.35803900633796854	67	0.34890533693313247	67	1.3734938785067288	67	0.7713476951068696	67
P1	GSM7120451	day3	lesional	False	B_cell	B_cell_unresolved	0.2441892115151913	202	0.18107046542685082	202	0.12908488970811138	202	0.13828541205626088	202	0.3276073399189257	202	0.3265595409743817	202	1.326675322788395	202	0.7404847876917852	202
P1	GSM7120451	day3	lesional	False	NK_cell	T_cell_TRM_T17_like	0.28286205533707615	1	0.17745583192031514	1	0.11170860517062485	1	0.13033826966785295	1	0.3219470514361219	1	0.3285590939099803	1	1.4051302375957848	1	0.7837877970741414	1
P1	GSM7120451	day3	lesional	False	NK_cell	cytotoxic_NK_T	0.21816036502351127	13	0.1636394727705689	13	0.12488966000433413	13	0.1277331944782876	13	0.3155561943189365	13	0.3036952720877324	13	1.199985943950099	13	0.6713948136269892	13
P1	GSM7120451	day3	lesional	False	T_cell	T_cell_TRM_T17_like	0.2460086783025388	123	0.18635842939896693	123	0.1443097229100742	123	0.14642559849780803	123	0.3404226811523335	123	0.3387371923351876	123	1.260844976084783	123	0.7121892124539192	123
P1	GSM7120451	day3	lesional	False	T_cell	T_cell_unresolved	0.15310941087976587	1	0.09129844068683526	1	0.053823139457716336	1	0.06768611263667629	1	0.09659969710389746	1	0.1499157998521073	1	0.7236162513394413	1	0.3782288394445297	1
P1	GSM7120451	day3	lesional	False	T_cell	cytotoxic_NK_T	0.2950299257603358	1	0.1964351785540879	1	0.14624508991440438	1	0.15409544536018915	1	0.35734080002577495	1	0.35643491922378323	1	0.753577721461026	1	0.4746766869994728	1
P1	GSM7120451	day3	lesional	False	dendritic	dendritic_LAMP3_CCR7	0.26345695147504633	83	0.21143326723649072	83	0.1651928992121652	83	0.16950775642340649	83	0.39107402761495186	83	0.3781508149269256	83	1.3562155156893372	83	0.7988372853122004	83
P1	GSM7120451	day3	lesional	False	dendritic	myeloid_monocyte_macrophage	0.2574929760550394	32	0.20446662495696444	32	0.15485213639726106	32	0.16106118463338373	32	0.3582171714258894	32	0.35849498507038813	32	1.3172533058017009	32	0.777875811271348	32
P1	GSM7120451	day3	lesional	False	endothelial	endothelial_activated	0.30628218463762247	315	0.2275811094786917	315	0.17330089548134137	315	0.18994239227030701	315	0.36314759345536424	315	0.35469530225352	315	1.3195890720283665	315	0.7482905479198244	315
P1	GSM7120451	day3	lesional	False	endothelial	endothelial_vascular	0.3172326819103247	504	0.23296436521939268	504	0.1790832608989135	504	0.19449016966373212	504	0.36710334793295973	504	0.348295269532163	504	1.2564013907035105	504	0.7174595448453667	504
P1	GSM7120451	day3	lesional	False	fibroblast	fibroblast_homeostatic_matrix	0.3090380490905655	2424	0.23719523161057796	2424	0.16838823726135427	2424	0.1972271951736237	2424	0.3343981681177454	2424	0.32874123096698854	2424	1.2063141667545108	2424	0.6916600822965414	2424
P1	GSM7120451	day3	lesional	False	fibroblast	fibroblast_inflammatory	0.30610639455915145	70	0.22725038003364284	70	0.15221202194060288	70	0.18030239283012042	70	0.33208364550797187	70	0.32987479296016786	70	1.2203373219148448	70	0.6972260992423082	70
P1	GSM7120451	day3	lesional	False	keratinocyte	keratinocyte_IFN_response	0.26865064321424803	9	0.1898643371272395	9	0.14430295586237915	9	0.15819863365617365	9	0.3066811175993809	9	0.3024991038616409	9	1.1824361980275726	9	0.6643518829817014	9
P1	GSM7120451	day3	lesional	False	keratinocyte	keratinocyte_basal	0.38828906252517065	3201	0.2674192671542966	3201	0.15579169805979895	3201	0.17938778181571732	3201	0.406050517472381	3201	0.38754414047389313	3201	1.3038971720351769	3201	0.7444543727812571	3201
P1	GSM7120451	day3	lesional	False	keratinocyte	keratinocyte_inflammatory_T17	0.34153304395072864	2970	0.23420400837643265	2970	0.1375090312596463	2970	0.1538903881814841	2970	0.3832110662778854	2970	0.3557226256488043	2970	1.2071475701015846	2970	0.6876174224666257	2970
P1	GSM7120451	day3	lesional	False	keratinocyte	keratinocyte_proliferative	0.35766715460328163	21	0.26015233903972607	21	0.17543356288126707	21	0.1861084377034905	21	0.41242119501863894	21	0.42289405904225996	21	1.3030642092414921	21	0.7513969439947695	21
P1	GSM7120451	day3	lesional	False	keratinocyte	keratinocyte_spinous_suprabasal	0.3413910043691581	560	0.2302033409298981	560	0.13209987762966513	560	0.1547944438039655	560	0.3569827883063615	560	0.3280741078440739	560	1.1452702354273876	560	0.6539502753934952	560
P1	GSM7120451	day3	lesional	False	keratinocyte	keratinocyte_stress_hypoxia	0.271584006584235	48	0.19630265189452856	48	0.14243628977182196	48	0.16125217984631948	48	0.31533843888128793	48	0.31505543503203864	48	1.1357447647622358	48	0.6447226568186157	48
P1	GSM7120451	day3	lesional	False	mast_cell	mast_cell	0.1492717048984623	351	0.08795583087665756	351	0.04995935264296604	351	0.06429089114567565	351	0.13981304433144132	351	0.13052920440920487	351	0.7319224941474833	351	0.3867600649205797	351
P1	GSM7120451	day3	lesional	False	melanocyte	melanocyte_unresolved	0.3909457767549786	170	0.2742962428099639	170	0.1644996282374825	170	0.18810311045866054	170	0.38850368625781423	170	0.3439507292830202	170	0.9927515027987118	170	0.595498300487445	170
P1	GSM7120451	day3	lesional	False	myeloid_monocyte	dendritic_LAMP3_CCR7	0.24984087238965916	197	0.19545875477140498	197	0.1481599329652149	197	0.15619530755248495	197	0.3629604555338126	197	0.34950648724521155	197	1.3058391903094178	197	0.755245949234636	197
P1	GSM7120451	day3	lesional	False	myeloid_monocyte	myeloid_monocyte_macrophage	0.2541290304194	738	0.19599479414991464	738	0.14576161351519754	738	0.15622639539564093	738	0.3594890979099858	738	0.32777758573431576	738	1.1883244338365522	738	0.6976331107221311	738
P1	GSM7120451	day3	lesional	False	myeloid_monocyte	myeloid_monocyte_unresolved	0.17316981113608665	4	0.09146367435280922	4	0.04887088167218068	4	0.07188015508759847	4	0.12224989505044782	4	0.1157300886994887	4	0.5847459953771164	4	0.2932883394637088	4
P1	GSM7120451	day3	lesional	False	pericyte_smooth_muscle	pericyte_smooth_muscle_unresolved	0.3047160309148952	874	0.22768099261785937	874	0.17332338021358634	874	0.1887216069959	874	0.35923758971514597	874	0.35254978320232117	874	1.2571442267957031	874	0.7092508676124372	874
P1	GSM7120451	day3	lesional	False	unassigned	unassigned_unresolved	0.13893852969711673	1	0.0753493700959493	1	0.04074783730981951	1	0.058122352439508765	1	0.11401202486537448	1	0.13629496182997808	1	0.7973522208900317	1	0.4011887753065901	1
P1	GSM7120452	day14	lesional	False	B_cell	B_cell_plasma	0.30970213445075184	125	0.2119179649004804	125	0.14317858255654506	125	0.16716166797642287	125	0.3247715633583651	125	0.32795449820235584	125	1.2982857112663901	125	0.7247502107313731	125
P1	GSM7120452	day14	lesional	False	B_cell	B_cell_unresolved	0.28838868318666444	671	0.19211324510657213	671	0.1247102749990553	671	0.1500883744655301	671	0.29465156621353017	671	0.2939300591646176	671	1.2059063471459364	671	0.6697685502965598	671
P1	GSM7120452	day14	lesional	False	NK_cell	T_cell_TRM_T17_like	0.2529782159986181	1	0.16866368686954678	1	0.1367666410191158	1	0.14278880154933238	1	0.2817159225431865	1	0.2569236410478061	1	1.2377318855106298	1	0.6923065631411389	1
P1	GSM7120452	day14	lesional	False	NK_cell	cytotoxic_NK_T	0.2827538016922085	17	0.19852805165141807	17	0.13780186510792108	17	0.15466042547157216	17	0.3343335971105819	17	0.3170436077375493	17	1.2300827505808125	17	0.7012851741867607	17
P1	GSM7120452	day14	lesional	False	T_cell	T_cell_TRM_T17_like	0.2650538856841305	120	0.18714968885383787	120	0.12793836104879627	120	0.1428741704940851	120	0.3124564538014607	120	0.31574904789795305	120	1.2417863826010265	120	0.6986368282427253	120
P1	GSM7120452	day14	lesional	False	dendritic	dendritic_LAMP3_CCR7	0.29155750291676713	47	0.21462879258153889	47	0.14967791110677772	47	0.17025396494392958	47	0.3677018259049798	47	0.35692938964054943	47	1.2536308257156141	47	0.7489453002023367	47
P1	GSM7120452	day14	lesional	False	dendritic	dendritic_unresolved	0.28444924913719266	1	0.1632045350479188	1	0.08292999462907791	1	0.11218402152211573	1	0.2684568828052495	1	0.19280914682406655	1	1.026603880759713	1	0.5553801523638189	1
P1	GSM7120452	day14	lesional	False	dendritic	myeloid_monocyte_macrophage	0.29803139583537597	34	0.2199653808578071	34	0.15581933261019876	34	0.17157514593928985	34	0.3841622051234468	34	0.3626099157629977	34	1.3009519488809016	34	0.7829479322272935	34
P1	GSM7120452	day14	lesional	False	endothelial	endothelial_activated	0.31355856954155864	632	0.2179447235768249	632	0.1489299914437396	632	0.17427521210934105	632	0.3271967359585377	632	0.3252508157353044	632	1.2598187179602034	632	0.7059710221424387	632
P1	GSM7120452	day14	lesional	False	endothelial	endothelial_vascular	0.3116319407225163	657	0.21287140764638576	657	0.1493796858001482	657	0.17170193753132812	657	0.31499593784518154	657	0.31129103738369224	657	1.2193008215310952	657	0.6817740829981497	657
P1	GSM7120452	day14	lesional	False	fibroblast	fibroblast_homeostatic_matrix	0.33433938775639993	1925	0.24934857708518776	1925	0.16863239004037628	1925	0.20536272673800082	1925	0.34004688537200417	1925	0.33731540693652184	1925	1.1635226558058283	1925	0.6737952713535929	1925
P1	GSM7120452	day14	lesional	False	fibroblast	fibroblast_inflammatory	0.30552821671250613	69	0.21478670519630097	69	0.13320570100838897	69	0.17006019064499026	69	0.28031430059460805	69	0.296793805261407	69	1.1054166894055049	69	0.6268498872190973	69
P1	GSM7120452	day14	lesional	False	fibroblast	fibroblast_unresolved	0.4014790710541513	2	0.2843544065443798	2	0.15209723402287997	2	0.19132952922804503	2	0.34000595671658573	2	0.31783821355665726	2	0.9415541287339091	2	0.5813843008789215	2
P1	GSM7120452	day14	lesional	False	keratinocyte	keratinocyte_IFN_response	0.27052212490105965	3	0.166643753750127	3	0.08811943245464426	3	0.12184822258984469	3	0.25784880719610725	3	0.2729966119578486	3	1.057072939242434	3	0.5776191883212679	3
P1	GSM7120452	day14	lesional	False	keratinocyte	keratinocyte_basal	0.3817514145468775	3315	0.26625610097976377	3315	0.15614367402526377	3315	0.1795859674526374	3315	0.4102337860148416	3315	0.3894834554456794	3315	1.3068719786493816	3315	0.7462175104386537	3315
P1	GSM7120452	day14	lesional	False	keratinocyte	keratinocyte_inflammatory_T17	0.34514016561313143	18	0.23740597060971044	18	0.1414861214788259	18	0.1628362983766634	18	0.36909160963246324	18	0.33557240383358944	18	1.147000834019859	18	0.6582936636137301	18
P1	GSM7120452	day14	lesional	False	keratinocyte	keratinocyte_proliferative	0.4019337396424504	13	0.28811535719746495	13	0.17887204463154724	13	0.19646182276397875	13	0.44266707312408177	13	0.4353730389821342	13	1.2943087747860575	13	0.7503933394803521	13
P1	GSM7120452	day14	lesional	False	keratinocyte	keratinocyte_spinous_suprabasal	0.3763243555151589	2335	0.26235803560132853	2335	0.1539077184304467	2335	0.17499242745988947	2335	0.41999194850109944	2335	0.38777647903803314	2335	1.3207109793896292	2335	0.7539851696617998	2335
P1	GSM7120452	day14	lesional	False	keratinocyte	keratinocyte_stress_hypoxia	0.3183397837082244	22	0.21891471144858413	22	0.13454571772733762	22	0.16250341008154431	22	0.30711632364182523	22	0.2988248279040484	22	1.04059415246689	22	0.6002832315385955	22
P1	GSM7120452	day14	lesional	False	keratinocyte	keratinocyte_unresolved	0.1934637899618937	1	0.09920271091809593	1	0.034838132339531556	1	0.07529753970017228	1	0.05735692511468226	1	0.07875921061786557	1	0.1928663046420104	1	0.10622031634461213	1
P1	GSM7120452	day14	lesional	False	mast_cell	mast_cell	0.22781771596829103	270	0.12478232973520778	270	0.06258004576675191	270	0.09012964139173542	270	0.18857394681346637	270	0.17656614780478766	270	0.8162679026591539	270	0.44258723014390244	270
P1	GSM7120452	day14	lesional	False	melanocyte	melanocyte_unresolved	0.4258700191655033	417	0.30865735354542495	417	0.1890340201293249	417	0.20748215159024316	417	0.46541572230368244	417	0.41110245795002986	417	1.1523447639314204	417	0.6961327695850344	417
P1	GSM7120452	day14	lesional	False	myeloid_monocyte	dendritic_LAMP3_CCR7	0.28093994345877327	19	0.18595410546237687	19	0.1213287687058451	19	0.14552632754064684	19	0.28506814471839903	19	0.2721413962742344	19	1.011494104499504	19	0.5967980978486196	19
P1	GSM7120452	day14	lesional	False	myeloid_monocyte	myeloid_monocyte_macrophage	0.2816084203684528	67	0.20209761768249165	67	0.1391404462874053	67	0.16220296756023578	67	0.33914679919304147	67	0.31710159914824315	67	1.0957894171065277	67	0.6560927132282801	67
P1	GSM7120452	day14	lesional	False	pericyte_smooth_muscle	pericyte_smooth_muscle_unresolved	0.323331794013025	1260	0.23024993475919112	1260	0.1593830961539591	1260	0.18833506699893426	1260	0.3389707844911351	1260	0.3520548005244848	1260	1.238119964052368	1260	0.700973636596209	1260
P1	GSM7120452	day14	lesional	False	unassigned	unassigned_unresolved	0.2348092203238367	22	0.1314788782654517	22	0.05980558101997666	22	0.09468765501516524	22	0.16222590089732591	22	0.15444795961908656	22	0.6754743375367634	22	0.3660331120209221	22
P2	GSM7120453	baseline	lesional	True	B_cell	B_cell_plasma	0.2501518195469991	125	0.17499871646825851	125	0.11945921610920146	125	0.13459533195071027	125	0.30750750226636897	125	0.30872477507678603	125	1.2127481360419095	125	0.6810574477500064	125
P2	GSM7120453	baseline	lesional	True	B_cell	B_cell_unresolved	0.24168626500097354	536	0.16511009714680858	536	0.11160775835457845	536	0.1285292408854746	536	0.2876941922847109	536	0.2854767008432358	536	1.1148765294857523	536	0.6282688052042046	536
P2	GSM7120453	baseline	lesional	True	NK_cell	T_cell_TRM_T17_like	0.235254333571936	5	0.1616890449790284	5	0.10917479710172646	5	0.11884704368150475	5	0.29050069835798303	5	0.29524878341436256	5	1.2838737222142944	5	0.7167783718708066	5
P2	GSM7120453	baseline	lesional	True	NK_cell	cytotoxic_NK_T	0.25178298986173814	35	0.17457665219046384	35	0.11976001298652084	35	0.13360310729515315	35	0.30107673302367727	35	0.31607915040982026	35	1.2121688960151515	35	0.6926927506495304	35
P2	GSM7120453	baseline	lesional	True	T_cell	T_cell_TRM_T17_like	0.25324535484282834	47	0.1729769590946746	47	0.12303491026078775	47	0.13266010049406432	47	0.30026355506846614	47	0.29681251787363	47	1.0653204613501697	47	0.6053083872522923	47
P2	GSM7120453	baseline	lesional	True	T_cell	cytotoxic_NK_T	0.25505901542255344	1	0.14313879063161836	1	0.10342156826632709	1	0.11423376350948197	1	0.23793433064154798	1	0.2553074121778202	1	1.2423127438004098	1	0.6950827307946205	1
P2	GSM7120453	baseline	lesional	True	dendritic	dendritic_LAMP3_CCR7	0.25406474808081675	106	0.18225761506322313	106	0.1320002170264594	106	0.14837619982907396	106	0.31506678639969277	106	0.31097345458052245	106	1.1284656755673275	106	0.6646132450859541	106
P2	GSM7120453	baseline	lesional	True	dendritic	dendritic_unresolved	0.22373313362139577	1	0.11002427211701368	1	0.05514328128178649	1	0.09325353910501546	1	0.16137766247116583	1	0.1340841805473017	1	0.6713307675585416	1	0.34312546454432785	1
P2	GSM7120453	baseline	lesional	True	dendritic	myeloid_monocyte_macrophage	0.263404558978889	46	0.1938626874679378	46	0.1420354888501964	46	0.15641483791868596	46	0.3475857228158086	46	0.33101754390334526	46	1.1571450829069911	46	0.6936755727454726	46
P2	GSM7120453	baseline	lesional	True	endothelial	endothelial_activated	0.2603000049313137	697	0.18412205116070512	697	0.1352258423399219	697	0.15489649024827015	697	0.2886886307850682	697	0.2844875388785729	697	1.067896649850487	697	0.6050942998867029	697
P2	GSM7120453	baseline	lesional	True	endothelial	endothelial_vascular	0.2549181600050369	425	0.17557731142889568	425	0.12896823309741284	425	0.1462709745938401	425	0.2703355067769388	425	0.2601838069362885	425	0.9904345633867707	425	0.5594589253028724	425
P2	GSM7120453	baseline	lesional	True	fibroblast	fibroblast_homeostatic_matrix	0.2691339451063828	2802	0.2042386115461543	2802	0.1457356417363403	2802	0.17203821495162785	2802	0.29164837738034965	2802	0.2839733235767447	2802	0.9824836899590368	2802	0.5715708066734861	2802
P2	GSM7120453	baseline	lesional	True	fibroblast	fibroblast_inflammatory	0.2363117559192598	80	0.17040517949127737	80	0.11112327546739506	80	0.13706979695985172	80	0.24087600546897442	80	0.24436079384252044	80	0.9204107285114634	80	0.5237863577084998	80
P2	GSM7120453	baseline	lesional	True	keratinocyte	keratinocyte_IFN_response	0.2511347329374224	8	0.17335773471710106	8	0.11819455772245507	8	0.13623776133333912	8	0.2872234459117621	8	0.27357044219880805	8	1.07037196057118	8	0.6079977771226057	8
P2	GSM7120453	baseline	lesional	True	keratinocyte	keratinocyte_basal	0.31484697589744437	2132	0.20929002962073065	2132	0.11869511793795103	2132	0.14417717269373073	2132	0.30639930731579884	2132	0.29333205859465267	2132	0.9898686570629504	2132	0.5672235483882644	2132
P2	GSM7120453	baseline	lesional	True	keratinocyte	keratinocyte_inflammatory_T17	0.3137520532073608	2842	0.20729241753398614	2842	0.11528020738489006	2842	0.13568895678047155	2842	0.3247993626833348	2842	0.3052832241481133	2842	1.0340408581800673	2842	0.5907761933321555	2842
P2	GSM7120453	baseline	lesional	True	keratinocyte	keratinocyte_proliferative	0.20853931644750018	4	0.1347118259448849	4	0.07020721922961762	4	0.0900976135809624	4	0.19345181592787047	4	0.189153156517761	4	0.5986796321142467	4	0.3451645788325505	4
P2	GSM7120453	baseline	lesional	True	keratinocyte	keratinocyte_spinous_suprabasal	0.24572211957041096	141	0.15183454583449363	141	0.07902717345138935	141	0.10624464271631712	141	0.2060461512330184	141	0.19333658909443097	141	0.6900513558222232	141	0.39351724478172945	141
P2	GSM7120453	baseline	lesional	True	keratinocyte	keratinocyte_stress_hypoxia	0.24235856429695776	21	0.15781410840704013	21	0.1024304172471811	21	0.12359239882907172	21	0.24238501611899588	21	0.23774513975038403	21	0.8722869786451585	21	0.49314086461556556	21
P2	GSM7120453	baseline	lesional	True	mast_cell	mast_cell	0.17323644008679506	287	0.09126346612295919	287	0.0450043797926867	287	0.0686064888694518	287	0.12712858516508765	287	0.12245678071072563	287	0.6484239802931591	287	0.34517441233316287	287
P2	GSM7120453	baseline	lesional	True	melanocyte	melanocyte_unresolved	0.3633408716267298	155	0.25851639518927144	155	0.1574943775172922	155	0.1708261904791791	155	0.4004072436184154	155	0.33832249719005514	155	0.9692459126341235	155	0.584162725300156	155
P2	GSM7120453	baseline	lesional	True	myeloid_monocyte	dendritic_LAMP3_CCR7	0.23939343454733286	158	0.1692513540321645	158	0.12075284384129732	158	0.1387310305310603	158	0.2950117165346499	158	0.27881294933596135	158	1.031502182402757	158	0.6053731604098341	158
P2	GSM7120453	baseline	lesional	True	myeloid_monocyte	myeloid_monocyte_macrophage	0.22597457290430592	1179	0.16211905691344744	1179	0.11633630966823053	1179	0.1335074816375922	1179	0.289751622085203	1179	0.2631237213065306	1179	0.9762183974419845	1179	0.5770259039423413	1179
P2	GSM7120453	baseline	lesional	True	myeloid_monocyte	myeloid_monocyte_unresolved	0.16211060050701434	9	0.09264885870047462	9	0.04517993019405156	9	0.06927809211269874	9	0.09764344316874668	9	0.10480280597411347	9	0.45038377912618954	9	0.24592519988494344	9
P2	GSM7120453	baseline	lesional	True	pericyte_smooth_muscle	pericyte_smooth_muscle_unresolved	0.29016641943307	686	0.20896519569521385	686	0.1532195646328689	686	0.17633949973982802	686	0.32195700870726734	686	0.3224631675497629	686	1.145950922477858	686	0.6497035021006617	686
P2	GSM7120453	baseline	lesional	True	unassigned	unassigned_unresolved	0.08715621356411751	4	0.05438868849646687	4	0.03987471948042401	4	0.04410607080973969	4	0.08989765090237961	4	0.10459293356514648	4	0.69681343551705	4	0.34642671281953213	4
P2	GSM7120454	baseline	nonlesional	True	B_cell	B_cell_plasma	0.2705436316034449	87	0.1854277121957017	87	0.12486976079578557	87	0.14726549875878697	87	0.30669928315537376	87	0.30814432360051297	87	1.2365869754011698	87	0.6917533277665062	87
P2	GSM7120454	baseline	nonlesional	True	B_cell	B_cell_unresolved	0.2654731574263348	502	0.1759721632968249	502	0.11452049484507694	502	0.14004577213277414	502	0.27768345400472394	502	0.2736139083906681	502	1.0698948626934182	502	0.6036683724325085	502
P2	GSM7120454	baseline	nonlesional	True	NK_cell	cytotoxic_NK_T	0.33442291751741116	1	0.18872131844009182	1	0.10745850432980583	1	0.1414989364937515	1	0.2319246549296651	1	0.24612439493687582	1	0.8438026301007276	1	0.5188962073897005	1
P2	GSM7120454	baseline	nonlesional	True	T_cell	T_cell_TRM_T17_like	0.26879404134793894	24	0.18498827928259456	24	0.13324870412984016	24	0.14183381508829532	24	0.3176778066894661	24	0.31090997811839	24	1.2245742284610974	24	0.692338522270589	24
P2	GSM7120454	baseline	nonlesional	True	dendritic	dendritic_LAMP3_CCR7	0.26543641212835223	33	0.18833187255199144	33	0.13621630290930956	33	0.15442598935986945	33	0.32002730999698553	33	0.30495167602478285	33	1.0727396710337749	33	0.6362401888983145	33
P2	GSM7120454	baseline	nonlesional	True	dendritic	dendritic_unresolved	0.1797140916404338	3	0.0936939091783046	3	0.04397064930566169	3	0.07323226912146852	3	0.08766757704684773	3	0.08902136468259585	3	0.36707819354278937	3	0.20624497814647744	3
P2	GSM7120454	baseline	nonlesional	True	dendritic	myeloid_monocyte_macrophage	0.2978218471612482	122	0.21597190399018507	122	0.15373865564669079	122	0.16857644584156345	122	0.3905184428805927	122	0.363663535648559	122	1.2797863938730782	122	0.7551885522143669	122
P2	GSM7120454	baseline	nonlesional	True	endothelial	endothelial_activated	0.2868442768949096	439	0.2032861255774794	439	0.14260389377420374	439	0.16474029317452835	439	0.3138361021364727	439	0.3143494579896948	439	1.231055773242402	439	0.690301983263732	439
P2	GSM7120454	baseline	nonlesional	True	endothelial	endothelial_vascular	0.27757199832453094	379	0.19372371891475262	379	0.1379914709155525	379	0.15773557919284364	379	0.29208818564523203	379	0.2904066418869694	379	1.15254665899806	379	0.6453078389755554	379
P2	GSM7120454	baseline	nonlesional	True	fibroblast	fibroblast_homeostatic_matrix	0.30668331546642225	2644	0.23618036969468056	2644	0.16561475727002611	2644	0.1973353823444871	2644	0.3296221406736337	2644	0.3381599208215863	2644	1.1917086594421367	2644	0.686357335499734	2644
P2	GSM7120454	baseline	nonlesional	True	fibroblast	fibroblast_inflammatory	0.27764183672616016	159	0.1989399474399676	159	0.12384667019880187	159	0.15568333300087514	159	0.28240621975276353	159	0.3002005784285718	159	1.177195401082404	159	0.6610250661593056	159
P2	GSM7120454	baseline	nonlesional	True	fibroblast	fibroblast_unresolved	0.213467241356388	1	0.11481589447484186	1	0.03466216052373241	1	0.08480632550527581	1	0.04928737295658129	1	0.08650223656911657	1	0.25228628883003895	1	0.155027060688504	1
P2	GSM7120454	baseline	nonlesional	True	keratinocyte	keratinocyte_IFN_response	0.26253125317949116	3	0.14736403093830985	3	0.07376566174011318	3	0.11069110884878275	3	0.15381255719141437	3	0.14671233055097227	3	0.4895697400212302	3	0.2876941278164349	3
P2	GSM7120454	baseline	nonlesional	True	keratinocyte	keratinocyte_basal	0.29864166406720444	3219	0.19799625114049035	3219	0.11194137185379009	3219	0.13414375531748476	3219	0.2915161594243915	3219	0.2783367866834027	3219	1.0445880476345013	3219	0.5851900568569375	3219
P2	GSM7120454	baseline	nonlesional	True	keratinocyte	keratinocyte_inflammatory_T17	0.2887410858333098	488	0.18535008709369424	488	0.10115963681215998	488	0.12390031622010432	488	0.28314346763081494	488	0.2549850720061564	488	0.9373552118432268	488	0.5307155049847087	488
P2	GSM7120454	baseline	nonlesional	True	keratinocyte	keratinocyte_proliferative	0.24098385066646566	5	0.15775395415807664	5	0.09166237736238243	5	0.11242128175863401	5	0.2059955313846647	5	0.21666736613407034	5	0.8014516022285942	5	0.4564870778208522	5
P2	GSM7120454	baseline	nonlesional	True	keratinocyte	keratinocyte_spinous_suprabasal	0.281363592063786	2407	0.18138255101339226	2407	0.10046654796549183	2407	0.12319092640685429	2407	0.2703100758491126	2407	0.24806709799098026	2407	0.9287450344033875	2407	0.5251364024157388	2407
P2	GSM7120454	baseline	nonlesional	True	keratinocyte	keratinocyte_stress_hypoxia	0.26596603472913105	46	0.16191200724323182	46	0.08372788075887069	46	0.11417644993462636	46	0.20217405188798035	46	0.19986690309830152	46	0.686331887515247	46	0.4012162896836801	46
P2	GSM7120454	baseline	nonlesional	True	mast_cell	mast_cell	0.22645217994493708	206	0.12317387662120921	206	0.06357990878344219	206	0.09197066207702882	206	0.1835446245289202	206	0.18276291029312475	206	0.9622833616740779	206	0.5112126043868996	206
P2	GSM7120454	baseline	nonlesional	True	melanocyte	melanocyte_unresolved	0.3947481983735963	554	0.2801083306951626	554	0.16953685355571332	554	0.18787382754917262	554	0.41377585863587524	554	0.36146718112608045	554	1.0789457693474087	554	0.6460492580176732	554
P2	GSM7120454	baseline	nonlesional	True	myeloid_monocyte	dendritic_LAMP3_CCR7	0.30913233286064706	22	0.2179298336058193	22	0.1385961514812495	22	0.16403556141741732	22	0.3401864702151686	22	0.32035369477431	22	1.0390187973206801	22	0.622619433459355	22
P2	GSM7120454	baseline	nonlesional	True	myeloid_monocyte	myeloid_monocyte_macrophage	0.27723325210294414	314	0.20261547432379334	314	0.14551902690487392	314	0.1636551368691336	314	0.3559281777873802	314	0.3242522079956916	314	1.1229076912549965	314	0.6689742395284877	314
P2	GSM7120454	baseline	nonlesional	True	myeloid_monocyte	myeloid_monocyte_unresolved	0.1908584889040745	3	0.08919567774293485	3	0.028960525080869784	3	0.06683092391035172	3	0.056698256589231506	3	0.08875618607820118	3	0.447363300398647	3	0.22434033798656697	3
P2	GSM7120454	baseline	nonlesional	True	pericyte_smooth_muscle	pericyte_smooth_muscle_unresolved	0.30865893307658243	1132	0.2260595992689021	1132	0.15726382519316504	1132	0.1842927251954339	1132	0.34134102884553535	1132	0.3537557170582959	1132	1.2559163020752482	1132	0.7080604884885144	1132
P2	GSM7120454	baseline	nonlesional	True	unassigned	unassigned_unresolved	0.22731869235386631	32	0.12243654594753989	32	0.06030464478063757	32	0.08892126566335869	32	0.1647470085106386	32	0.17226238937200725	32	0.9289575841270444	32	0.49024160524037647	32
P2	GSM7120455	day3	lesional	False	B_cell	B_cell_plasma	0.2699566180779389	131	0.1891292830300777	131	0.1293835969056529	131	0.14565801144896526	131	0.3279191277116242	131	0.3278773638342821	131	1.3255219242393097	131	0.7447735031792789	131
P2	GSM7120455	day3	lesional	False	B_cell	B_cell_unresolved	0.2598814436878614	370	0.17694641649957354	370	0.11798748824971918	370	0.1345244213532222	370	0.30823822645024856	370	0.30560219645303166	370	1.2813199581835766	370	0.7139134737658058	370
P2	GSM7120455	day3	lesional	False	NK_cell	T_cell_TRM_T17_like	0.24871119065470504	3	0.1536374138269172	3	0.09686697988341002	3	0.11970550526554358	3	0.24084349202670738	3	0.25263767913998175	3	1.3216962836622679	3	0.7262454093101894	3
P2	GSM7120455	day3	lesional	False	NK_cell	cytotoxic_NK_T	0.26349213456224035	28	0.18554257794857287	28	0.12677687734152318	28	0.14455962971976283	28	0.3365654053597032	28	0.33966415697091895	28	1.3280380408441286	28	0.752382342750732	28
P2	GSM7120455	day3	lesional	False	T_cell	T_cell_TRM_T17_like	0.2682295036357069	89	0.1843182925498051	89	0.13337513256491332	89	0.14277343857121966	89	0.3258812552980448	89	0.32035767710092383	89	1.214026849482902	89	0.6863737188981609	89
P2	GSM7120455	day3	lesional	False	T_cell	cytotoxic_NK_T	0.27332693143683207	3	0.18017605890252086	3	0.13799508141874772	3	0.14296757289832498	3	0.326991267511999	3	0.27438408499011696	3	0.9686004665378688	3	0.5589509065911294	3
P2	GSM7120455	day3	lesional	False	dendritic	dendritic_LAMP3_CCR7	0.25281401208740695	75	0.19088476308023156	75	0.14434497470048388	75	0.15690715381785433	75	0.34130354636545085	75	0.33376133425943794	75	1.2345188916577174	75	0.7178494376995829	75
P2	GSM7120455	day3	lesional	False	dendritic	myeloid_monocyte_macrophage	0.2712439014119105	14	0.2032674754192725	14	0.15016929006857718	14	0.16212232993665915	14	0.3572860896766263	14	0.3453279961199235	14	1.325599689000374	14	0.77879226190315	14
P2	GSM7120455	day3	lesional	False	endothelial	endothelial_activated	0.29098878324091476	376	0.20062271802880677	376	0.14260462906781707	376	0.16321373794721092	376	0.3103621564222992	376	0.301370696854964	376	1.1739416540770617	376	0.6605737109862593	376
P2	GSM7120455	day3	lesional	False	endothelial	endothelial_vascular	0.28911895748765665	572	0.1952294181104934	572	0.13853862000396092	572	0.15831446585438172	572	0.297477582185679	572	0.2811812126561627	572	1.0974639006613216	572	0.6166026877400428	572
P2	GSM7120455	day3	lesional	False	fibroblast	fibroblast_homeostatic_matrix	0.31802665998524116	1248	0.2359914610873537	1248	0.16638036710289977	1248	0.19307943662865956	1248	0.34029623551233945	1248	0.32650817499682727	1248	1.1768772016251365	1248	0.677001779762394	1248
P2	GSM7120455	day3	lesional	False	fibroblast	fibroblast_inflammatory	0.2758224877310884	13	0.1889511345105445	13	0.1227307561016099	13	0.14734935839969293	13	0.27659709131449367	13	0.26184282631891453	13	1.0177417271913138	13	0.5689032162326035	13
P2	GSM7120455	day3	lesional	False	keratinocyte	keratinocyte_IFN_response	0.25823054406274165	27	0.16652752635119641	27	0.10441003609674245	27	0.13081753953829336	27	0.25697518479303905	27	0.24019540732565275	27	1.012067638005315	27	0.5628082690868701	27
P2	GSM7120455	day3	lesional	False	keratinocyte	keratinocyte_basal	0.3604080748156373	1563	0.23992868635967704	1563	0.13749028277179243	1563	0.16415296205606694	1563	0.3552508363319077	1563	0.3306223596104351	1563	1.1250927037678669	1563	0.6436796797811498	1563
P2	GSM7120455	day3	lesional	False	keratinocyte	keratinocyte_inflammatory_T17	0.36239390219144446	3801	0.23930025191289145	3801	0.13423810527535418	3801	0.15417052289345276	3801	0.3807652657219263	3801	0.3480610257356006	3801	1.155270632237402	3801	0.6620431180305374	3801
P2	GSM7120455	day3	lesional	False	keratinocyte	keratinocyte_proliferative	0.3505592323080669	5	0.24282588983373005	5	0.17639580923765164	5	0.18564757156175232	5	0.356173201010019	5	0.34434199093921036	5	1.0944517434601537	5	0.646442185115552	5
P2	GSM7120455	day3	lesional	False	keratinocyte	keratinocyte_spinous_suprabasal	0.28541093175495785	236	0.17843895683793853	236	0.09926299028112276	236	0.12605411462141916	236	0.25526568211199113	236	0.23596391849084986	236	0.8468537211822454	236	0.4805378535543556	236
P2	GSM7120455	day3	lesional	False	keratinocyte	keratinocyte_stress_hypoxia	0.27069150834598243	24	0.17445289013703036	24	0.11445626134919451	24	0.13872015130723825	24	0.26676068544571113	24	0.2512075892583484	24	0.9976433067206337	24	0.5592726123336159	24
P2	GSM7120455	day3	lesional	False	mast_cell	mast_cell	0.20233701513774538	155	0.1067102428035889	155	0.05243583151289897	155	0.07983494549213138	155	0.14989923358444754	155	0.1439132199478609	155	0.8340702923789283	155	0.4372123870675091	155
P2	GSM7120455	day3	lesional	False	melanocyte	melanocyte_unresolved	0.38840475084114723	205	0.27492350336714366	205	0.16821340649062927	205	0.18297899414294694	205	0.4129113117288483	205	0.3554506860242888	205	1.0821156252824276	205	0.6449268473123277	205
P2	GSM7120455	day3	lesional	False	myeloid_monocyte	dendritic_LAMP3_CCR7	0.26297594517840406	240	0.18918209024101557	240	0.136482916745509	240	0.1520030396407681	240	0.3356881150740218	240	0.32829407403949473	240	1.2772144365415377	240	0.7311550978616966	240
P2	GSM7120455	day3	lesional	False	myeloid_monocyte	myeloid_monocyte_macrophage	0.26080180150374	968	0.18944245476756344	968	0.13765104787336105	968	0.15325672366376952	968	0.3365223978626919	968	0.30588731793243723	968	1.145397291861882	968	0.6719134145132583	968
P2	GSM7120455	day3	lesional	False	myeloid_monocyte	myeloid_monocyte_unresolved	0.2295215715742765	16	0.12726543368304874	16	0.06086859943958538	16	0.09271315320117995	16	0.15412223888735954	16	0.1496516680777259	16	0.6925563784377742	16	0.3709145730572587	16
P2	GSM7120455	day3	lesional	False	pericyte_smooth_muscle	pericyte_smooth_muscle_unresolved	0.3224378794661878	732	0.22676912368677865	732	0.16486658078085797	732	0.18794304203223702	732	0.3487034272162132	732	0.34269788691321096	732	1.2630190808648465	732	0.7077757802769806	732
P2	GSM7120455	day3	lesional	False	unassigned	unassigned_unresolved	0.23540238108785022	1	0.1137314439716314	1	0.04245948313433949	1	0.07997937735544867	1	0.17342704875588852	1	0.1998447736023349	1	1.0739952980373815	1	0.5306894845715237	1
P2	GSM7120456	day14	lesional	False	B_cell	B_cell_plasma	0.28436865156599117	148	0.19980085041306994	148	0.1387926676928252	148	0.15571700594668095	148	0.348264811966384	148	0.3535738547699504	148	1.3224068081123483	148	0.7493547675357678	148
P2	GSM7120456	day14	lesional	False	B_cell	B_cell_unresolved	0.2729097167383524	477	0.18691819239107055	477	0.12342828836012319	477	0.1428871931755179	477	0.31090498533306166	477	0.31660159962474643	477	1.2546731571342824	477	0.7026254245772975	477
P2	GSM7120456	day14	lesional	False	NK_cell	T_cell_TRM_T17_like	0.25250739072295303	4	0.18398150107755384	4	0.11546669487951279	4	0.13288349945533187	4	0.3199125448349379	4	0.32199003947773197	4	1.3548287435811603	4	0.7629522453216826	4
P2	GSM7120456	day14	lesional	False	NK_cell	cytotoxic_NK_T	0.27537508843646075	42	0.19120080868558373	42	0.1254507073999122	42	0.1449753543262982	42	0.3188178918141838	42	0.3299448718432964	42	1.2841917193911205	42	0.7320655406128532	42
P2	GSM7120456	day14	lesional	False	T_cell	T_cell_TRM_T17_like	0.25467058288950506	203	0.17194635962148724	203	0.11692286874133641	203	0.13148198550132792	203	0.2893117202834032	203	0.2975890828873208	203	1.1717337330704685	203	0.6548092637732813	203
P2	GSM7120456	day14	lesional	False	T_cell	T_cell_unresolved	0.24996172078137327	1	0.15891246568392464	1	0.09821831253957256	1	0.12824340099451978	1	0.2178781882731413	1	0.21970068479412985	1	0.884356952155291	1	0.4683009374216946	1
P2	GSM7120456	day14	lesional	False	T_cell	cytotoxic_NK_T	0.2370975755005469	7	0.162900137822535	7	0.11034624365869938	7	0.12608964291060704	7	0.2616376416817193	7	0.2882532238585796	7	1.097305700971273	7	0.6238199211862687	7
P2	GSM7120456	day14	lesional	False	dendritic	dendritic_LAMP3_CCR7	0.2697415430699594	178	0.19951084519820628	178	0.14824375399618528	178	0.16237002362818084	178	0.3516086916716573	178	0.345951854433227	178	1.2393581925755583	178	0.7252621031817584	178
P2	GSM7120456	day14	lesional	False	dendritic	myeloid_monocyte_macrophage	0.30844256606238074	42	0.2321692818315816	42	0.17530487470662726	42	0.18374522327140008	42	0.41117003914214306	42	0.38782476465800947	42	1.3017257100340485	42	0.7859839251415485	42
P2	GSM7120456	day14	lesional	False	endothelial	endothelial_activated	0.31843479731363117	400	0.22222892044521245	400	0.15719092618070854	400	0.1812762708604568	400	0.33815375580641766	400	0.33588508056038135	400	1.2075928448683555	400	0.6862891293432283	400
P2	GSM7120456	day14	lesional	False	endothelial	endothelial_vascular	0.31680567094490003	338	0.21502290501498847	338	0.1539623409053766	338	0.17630026436870144	338	0.32375119182704193	338	0.31327659554109216	338	1.1246340626880962	338	0.6385811391687176	338
P2	GSM7120456	day14	lesional	False	fibroblast	fibroblast_homeostatic_matrix	0.31965764788696555	2241	0.24029543599990041	2241	0.16477968180129948	2241	0.19698876090629358	2241	0.33797393841207235	2241	0.3373498932990368	2241	1.1857094202517795	2241	0.6828504044234217	2241
P2	GSM7120456	day14	lesional	False	fibroblast	fibroblast_inflammatory	0.2812876048667306	53	0.1979184644408359	53	0.12621332819962963	53	0.15497786826184892	53	0.2778307124138325	53	0.2876750787617748	53	1.1084270766547133	53	0.6231041914299562	53
P2	GSM7120456	day14	lesional	False	keratinocyte	keratinocyte_IFN_response	0.28575751475634903	10	0.1840598846512927	10	0.10920463721617604	10	0.13784776645694624	10	0.26901836955340086	10	0.25879114162800676	10	0.9786418190854285	10	0.5550157824074601	10
P2	GSM7120456	day14	lesional	False	keratinocyte	keratinocyte_basal	0.37684220195580503	4002	0.25315854463788917	4002	0.14339895926944435	4002	0.17094259155015043	4002	0.37142498624597164	4002	0.35403999286610804	4002	1.1847114908739282	4002	0.6776564077538252	4002
P2	GSM7120456	day14	lesional	False	keratinocyte	keratinocyte_inflammatory_T17	0.36712616945291654	4618	0.24502941343799378	4618	0.13678976457310968	4618	0.1586149853543989	4618	0.37983664809696194	4618	0.3609949052007519	4618	1.1643281349245869	4618	0.6665327894785128	4618
P2	GSM7120456	day14	lesional	False	keratinocyte	keratinocyte_proliferative	0.3283617269363345	11	0.22952351121492	11	0.14092762098729883	11	0.16037966157674055	11	0.3759971454972778	11	0.3713840413642084	11	1.2376210943938195	11	0.7140654715747246	11
P2	GSM7120456	day14	lesional	False	keratinocyte	keratinocyte_spinous_suprabasal	0.31432318888184635	112	0.20190918930760673	112	0.11198133336268778	112	0.14050994831529592	112	0.2922872992585887	112	0.2733300683581299	112	0.9236976074265371	112	0.5273604674010668	112
P2	GSM7120456	day14	lesional	False	keratinocyte	keratinocyte_stress_hypoxia	0.28114023849947356	26	0.19216781563737861	26	0.12750076183925788	26	0.15336920794461964	26	0.28424678489896277	26	0.30134476370569263	26	1.105587703772159	26	0.6238767427537545	26
P2	GSM7120456	day14	lesional	False	mast_cell	mast_cell	0.20457850447803083	302	0.11302374801919177	302	0.056437938641494864	302	0.08288132232074295	302	0.1616084155665051	302	0.15903494323621697	302	0.7770251015444584	302	0.4163236621654814	302
P2	GSM7120456	day14	lesional	False	melanocyte	melanocyte_unresolved	0.4115518449465024	228	0.29172721213683755	228	0.1759250235633461	228	0.19432111503142357	228	0.4273254515344083	228	0.37575254971723654	228	1.0735524716602522	228	0.645614419006278	228
P2	GSM7120456	day14	lesional	False	myeloid_monocyte	dendritic_LAMP3_CCR7	0.26979097225162785	237	0.1934488026821054	237	0.13913574825994385	237	0.157554489444431	237	0.3286197879291665	237	0.32096313109326724	237	1.15797560788232	237	0.6753515931060218	237
P2	GSM7120456	day14	lesional	False	myeloid_monocyte	myeloid_monocyte_macrophage	0.28505985741081236	977	0.21055740321113647	977	0.15376638042960838	977	0.17170263490578722	977	0.3650900874405332	977	0.336358203566038	977	1.123749406034476	977	0.6742032302590352	977
P2	GSM7120456	day14	lesional	False	myeloid_monocyte	myeloid_monocyte_unresolved	0.19278484784765937	11	0.11213035170791602	11	0.05907390592909246	11	0.08086728062392196	11	0.15591383471410702	11	0.15141407348732938	11	0.6951058164917723	11	0.37988000864539456	11
P2	GSM7120456	day14	lesional	False	pericyte_smooth_muscle	pericyte_smooth_muscle_unresolved	0.32407457811759993	795	0.22627361765257814	795	0.15867257957231126	795	0.18612193822463818	795	0.33738040760842813	795	0.3464095251782866	795	1.2560573662721655	795	0.7047508182507204	795
P2	GSM7120456	day14	lesional	False	unassigned	unassigned_unresolved	0.12330853811213142	3	0.07306692867203839	3	0.030362740911376807	3	0.0506944154873617	3	0.07658146562857711	3	0.11019087269355725	3	0.7606445511424035	3	0.3878268634257392	3
P3	GSM7120457	baseline	lesional	True	B_cell	B_cell_plasma	0.20784796942327358	108	0.13868335224608522	108	0.09261555289101775	108	0.10869978315469693	108	0.2396161349069412	108	0.24438761415978674	108	1.0414767027267382	108	0.5758611148496361	108
P3	GSM7120457	baseline	lesional	True	B_cell	B_cell_unresolved	0.19904701204000705	872	0.12999189580187223	872	0.08609336359822724	872	0.10258417671968732	872	0.223379307860331	872	0.2246928675088067	872	0.9537937440864194	872	0.5287533472099902	872
P3	GSM7120457	baseline	lesional	True	NK_cell	T_cell_TRM_T17_like	0.20436803778195123	5	0.1262279739808858	5	0.08273361983614227	5	0.0929776505465876	5	0.2174657709562621	5	0.22589199374845972	5	1.1030511243621957	5	0.5985135360620717	5
P3	GSM7120457	baseline	lesional	True	NK_cell	cytotoxic_NK_T	0.20433890895771764	36	0.13190455747545377	36	0.09033825131927321	36	0.1026763098359081	36	0.227433255868852	36	0.24310253350871816	36	1.0445132947355507	36	0.5816652245992479	36
P3	GSM7120457	baseline	lesional	True	T_cell	T_cell_TRM_T17_like	0.197231982670627	43	0.12814569402839193	43	0.08715912854806485	43	0.09887016381734424	43	0.2245878766737948	43	0.2290965460019821	43	0.9389117563845406	43	0.5201891380425308	43
P3	GSM7120457	baseline	lesional	True	T_cell	T_cell_unresolved	0.17204282322480455	1	0.10876125291353142	1	0.04890592735239428	1	0.06889561128458895	1	0.09549489072838561	1	0.10799429316076925	1	0.7981235709035492	1	0.4145348364394341	1
P3	GSM7120457	baseline	lesional	True	dendritic	dendritic_LAMP3_CCR7	0.2093565258986494	113	0.14273415691742253	113	0.10009144784999112	113	0.11686317821028025	113	0.24582750244820095	113	0.24187718866396338	113	0.9729242396057989	113	0.5600502600082014	113
P3	GSM7120457	baseline	lesional	True	dendritic	myeloid_monocyte_macrophage	0.2152231429989311	39	0.15394218048552927	39	0.10863291358819736	39	0.12331806711279004	39	0.27586940243177527	39	0.2689286013651279	39	1.040551506169684	39	0.6027453853255745	39
P3	GSM7120457	baseline	lesional	True	endothelial	endothelial_activated	0.2021372304411308	551	0.1348938518698502	551	0.09536243893138761	551	0.1130512469518865	551	0.21123951396171733	551	0.21087860501425743	551	0.8885075456499424	551	0.49065659137747747	551
P3	GSM7120457	baseline	lesional	True	endothelial	endothelial_vascular	0.19797134498381952	376	0.1297803156948819	376	0.09236093646695699	376	0.10827957646149794	376	0.19741983792922616	376	0.19368071479987428	376	0.8282729007756867	376	0.45671550844091446	376
P3	GSM7120457	baseline	lesional	True	fibroblast	fibroblast_homeostatic_matrix	0.21321019131384383	2726	0.1552008692357131	2726	0.10858491407820503	2726	0.131943236937888	2726	0.22135388952945026	2726	0.21777765156597723	2726	0.833999481361505	2726	0.4734347903716192	2726
P3	GSM7120457	baseline	lesional	True	fibroblast	fibroblast_inflammatory	0.1825269929327225	117	0.12517673452535608	117	0.07738623504217879	117	0.10043957797210923	117	0.17423716710094492	117	0.17849555845355405	117	0.7386968134697935	117	0.41184532211315833	117
P3	GSM7120457	baseline	lesional	True	keratinocyte	keratinocyte_IFN_response	0.18566896702926688	10	0.11360892914285817	10	0.06539532191045414	10	0.08514886411199497	10	0.16214035112433306	10	0.15443370575676243	10	0.6938925038193309	10	0.3780460512024873	10
P3	GSM7120457	baseline	lesional	True	keratinocyte	keratinocyte_basal	0.2600270539774654	1955	0.16610160262709556	1955	0.08989776407073242	1955	0.11386536042261122	1955	0.2409726733929496	1955	0.23329572210667696	1955	0.8753606839982527	1955	0.48986034337776085	1955
P3	GSM7120457	baseline	lesional	True	keratinocyte	keratinocyte_inflammatory_T17	0.27269897165080365	2609	0.1758888649009533	2609	0.09572196507855703	2609	0.11480650696327113	2609	0.2790799003028362	2609	0.26414628883374897	2609	0.9693959898090407	2609	0.5436579272615959	2609
P3	GSM7120457	baseline	lesional	True	keratinocyte	keratinocyte_proliferative	0.16890936359113268	5	0.10580984622912762	5	0.07783128687648386	5	0.0835356575715187	5	0.20988526115367273	5	0.1920245067696636	5	0.7574071037921584	5	0.4218418745629182	5
P3	GSM7120457	baseline	lesional	True	keratinocyte	keratinocyte_spinous_suprabasal	0.2180494121678309	128	0.12960289344746803	128	0.06524300067967162	128	0.09009484208196912	128	0.1765920533766758	128	0.16695807519544467	128	0.6320085105968737	128	0.3556260058445523	128
P3	GSM7120457	baseline	lesional	True	keratinocyte	keratinocyte_stress_hypoxia	0.16309420528679971	18	0.10001620513434767	18	0.0648428580073081	18	0.08087196783965882	18	0.17052592137882353	18	0.16067756693244967	18	0.7036652956073752	18	0.38520194470868885	18
P3	GSM7120457	baseline	lesional	True	mast_cell	mast_cell	0.13944977458665353	127	0.07251873414127245	127	0.035394685232849436	127	0.0553632851140241	127	0.0978587681925061	127	0.09478235430327052	127	0.5053467111336585	127	0.2696042200862233	127
P3	GSM7120457	baseline	lesional	True	melanocyte	melanocyte_unresolved	0.28784332449051453	151	0.19697156838494306	151	0.11767914794712384	151	0.13020334259397384	151	0.3090152114787796	151	0.2604814312494783	151	0.8241016103002617	151	0.48407226215100535	151
P3	GSM7120457	baseline	lesional	True	myeloid_monocyte	dendritic_LAMP3_CCR7	0.19784548662455143	128	0.13448728836566784	128	0.09495789418785597	128	0.11140636117630777	128	0.23460942902166793	128	0.22330730768183416	128	0.8879956510176075	128	0.5123574561550153	128
P3	GSM7120457	baseline	lesional	True	myeloid_monocyte	myeloid_monocyte_macrophage	0.18370757103515067	1043	0.12569029053455885	1043	0.08733881803548195	1043	0.10361108805432055	1043	0.2256973190069492	1043	0.20662764172298073	1043	0.8392294803870595	1043	0.4857550150006313	1043
P3	GSM7120457	baseline	lesional	True	myeloid_monocyte	myeloid_monocyte_unresolved	0.16861332191177356	16	0.09118322597555271	16	0.04920004174760422	16	0.07339310049303827	16	0.1050697180768254	16	0.11337680308427392	16	0.5038986102370839	16	0.276567281377598	16
P3	GSM7120457	baseline	lesional	True	pericyte_smooth_muscle	pericyte_smooth_muscle_unresolved	0.23731151550052668	670	0.16327310907966677	670	0.1162229390580536	670	0.13848438110388225	670	0.2514862685840941	670	0.2554605304373659	670	1.0127842366944888	670	0.5607821976887394	670
P3	GSM7120457	baseline	lesional	True	unassigned	unassigned_unresolved	0.14864366924727246	5	0.07798066233810699	5	0.038460437428740175	5	0.06177277722466048	5	0.0893008707355252	5	0.10500749333574481	5	0.5034140164907581	5	0.27530334553233726	5
P3	GSM7120458	baseline	nonlesional	True	B_cell	B_cell_plasma	0.21294178707810346	58	0.13727384613736435	58	0.08783412893043532	58	0.10864593484249807	58	0.22274047962404153	58	0.22517283300136354	58	1.0285001341924027	58	0.5605559030114026	58
P3	GSM7120458	baseline	nonlesional	True	B_cell	B_cell_unresolved	0.21798701213483385	738	0.13798173649295223	738	0.08722108056873575	738	0.10934177928272056	738	0.2208705022236792	738	0.21803953656105296	738	0.9535732901097623	738	0.5252820382069004	738
P3	GSM7120458	baseline	nonlesional	True	NK_cell	cytotoxic_NK_T	0.24092592190482195	3	0.15168757408558128	3	0.08501718282289585	3	0.11012935444414397	3	0.22152980740693826	3	0.24837318183888993	3	1.0241456966441616	3	0.576733928636694	3
P3	GSM7120458	baseline	nonlesional	True	T_cell	T_cell_TRM_T17_like	0.21940894685868817	19	0.14827243689471842	19	0.10226512622386846	19	0.11109377089608526	19	0.2427507915543671	19	0.24494557250349977	19	1.0614096995910587	19	0.5853666159612597	19
P3	GSM7120458	baseline	nonlesional	True	dendritic	dendritic_LAMP3_CCR7	0.2369810319955165	30	0.16604827876604303	30	0.1148658380371846	30	0.13286013000156632	30	0.3020646976440144	30	0.29110975601553574	30	1.1163188507318642	30	0.6448280663760944	30
P3	GSM7120458	baseline	nonlesional	True	dendritic	dendritic_unresolved	0.1324999811680134	1	0.07495305419429717	1	0.034794393943025644	1	0.047467547780108386	1	0.08491021843412672	1	0.09444985819965086	1	0.6708814481644749	1	0.34147371986169445	1
P3	GSM7120458	baseline	nonlesional	True	dendritic	myeloid_monocyte_macrophage	0.2504614703449624	89	0.1737928326174978	89	0.12057392387581604	89	0.1348403288001022	89	0.3169504348560842	89	0.297742444981623	89	1.1732120808974762	89	0.6764750839670575	89
P3	GSM7120458	baseline	nonlesional	True	endothelial	endothelial_activated	0.2193268519453639	335	0.14670585355860521	335	0.098869540550671	335	0.1188118243333922	335	0.2258928069249174	335	0.23056772531741032	335	1.037810182894686	335	0.5657059523996483	335
P3	GSM7120458	baseline	nonlesional	True	endothelial	endothelial_vascular	0.21246345861604224	315	0.1383932795885646	315	0.0947910996359697	315	0.11275769558194393	315	0.20806617041295203	315	0.21140010916966967	315	0.9710420599957942	315	0.5290222624286764	315
P3	GSM7120458	baseline	nonlesional	True	fibroblast	fibroblast_homeostatic_matrix	0.24551862934450097	2524	0.18092406935582844	2524	0.12408833674301177	2524	0.15265752981304898	2524	0.25468306451684575	2524	0.264317564578263	2524	1.0577847366527307	2524	0.5918914168149976	2524
P3	GSM7120458	baseline	nonlesional	True	fibroblast	fibroblast_inflammatory	0.2198935229289214	233	0.1487543666704419	233	0.08846609323812656	233	0.11690404213447364	233	0.20860781354836547	233	0.22473794840826658	233	0.9956639393560646	233	0.5443332237800564	233
P3	GSM7120458	baseline	nonlesional	True	fibroblast	fibroblast_unresolved	0.2653724262721767	1	0.13410715015902241	1	0.06180450351460008	1	0.10125397758273312	1	0.1413075526631222	1	0.1768899546978458	1	0.7941738954073907	1	0.3990264236758437	1
P3	GSM7120458	baseline	nonlesional	True	keratinocyte	keratinocyte_IFN_response	0.23975369985794784	3	0.1307744868413916	3	0.0744450325322833	3	0.09826397404759052	3	0.19043206559186385	3	0.19269692186877752	3	0.9026211957590876	3	0.493429745535759	3
P3	GSM7120458	baseline	nonlesional	True	keratinocyte	keratinocyte_basal	0.23146625952786973	2998	0.14587791805950315	2998	0.07821739763999509	2998	0.09839527408957303	2998	0.21420337636246892	2998	0.20813903280718665	2998	0.9077498422552469	2998	0.4937365962044797	2998
P3	GSM7120458	baseline	nonlesional	True	keratinocyte	keratinocyte_inflammatory_T17	0.22936925254967205	413	0.14201000212998174	413	0.07546218223722034	413	0.09492517911409007	413	0.22125506584695442	413	0.20068026207397457	413	0.843392787972908	413	0.46510039233870104	413
P3	GSM7120458	baseline	nonlesional	True	keratinocyte	keratinocyte_proliferative	0.2334913095100813	4	0.13762637924397084	4	0.07585045517626111	4	0.1001033528162455	4	0.18624159111951924	4	0.18368709318046436	4	0.7107221162021535	4	0.3942756869909992	4
P3	GSM7120458	baseline	nonlesional	True	keratinocyte	keratinocyte_spinous_suprabasal	0.22816690931950287	2158	0.14187363199553205	2158	0.07609202674773045	2158	0.09589518290269648	2158	0.21418716816935582	2158	0.19968275042145225	2158	0.8529531062689817	2158	0.4693818951336105	2158
P3	GSM7120458	baseline	nonlesional	True	keratinocyte	keratinocyte_stress_hypoxia	0.21160358083134548	25	0.12078683992025879	25	0.05696503817466635	25	0.08770910830031552	25	0.14331652981939105	25	0.13698461893662897	25	0.5284146854071214	25	0.3005011472195929	25
P3	GSM7120458	baseline	nonlesional	True	mast_cell	mast_cell	0.20339086348135318	69	0.10986866400086037	69	0.05695517212290059	69	0.08113151992032308	69	0.1589791662717285	69	0.15542129035267727	69	0.8217208212968136	69	0.436447079439812	69
P3	GSM7120458	baseline	nonlesional	True	melanocyte	melanocyte_unresolved	0.3112262230319101	544	0.20895274918602988	544	0.12198610783551278	544	0.14045770284839668	544	0.30708445393664113	544	0.2697097662499678	544	0.9255684265283327	544	0.5356160717139994	544
P3	GSM7120458	baseline	nonlesional	True	myeloid_monocyte	dendritic_LAMP3_CCR7	0.2942251084074524	15	0.20136266848187387	15	0.12776205999470497	15	0.15417815136718047	15	0.3074661022912197	15	0.28589327226828337	15	1.0114734076030765	15	0.5990606681743448	15
P3	GSM7120458	baseline	nonlesional	True	myeloid_monocyte	myeloid_monocyte_macrophage	0.23077805168611779	254	0.1625981835492507	254	0.11282307262042462	254	0.1306388083268238	254	0.2907658675404632	254	0.26741075409675946	254	1.0241235326330613	254	0.5938956485303756	254
P3	GSM7120458	baseline	nonlesional	True	myeloid_monocyte	myeloid_monocyte_unresolved	0.2020204747453848	6	0.10741962436217878	6	0.04458743695404	6	0.0742917489472358	6	0.13945263234056313	6	0.12241379739545287	6	0.627221770739227	6	0.34505171581267474	6
P3	GSM7120458	baseline	nonlesional	True	pericyte_smooth_muscle	pericyte_smooth_muscle_unresolved	0.25234995386083603	1115	0.1749337027152187	1115	0.11710104426030475	1115	0.1431391307654734	1115	0.26649874008160673	1115	0.280603503530298	1115	1.128702488212225	1115	0.6195685676435381	1115
P3	GSM7120458	baseline	nonlesional	True	unassigned	unassigned_unresolved	0.24322332897785404	84	0.13440861398799195	84	0.06057666221951467	84	0.09375029255438132	84	0.14897409335166079	84	0.15299046682702264	84	0.6702933175169634	84	0.3708496724845618	84
P3	GSM7120459	day3	lesional	False	B_cell	B_cell_plasma	0.24447270267475557	54	0.1744801270654172	54	0.12389389868846597	54	0.1348573345230689	54	0.30303185407790206	54	0.2955062091589575	54	1.189314702873809	54	0.6655170919252057	54
P3	GSM7120459	day3	lesional	False	B_cell	B_cell_unresolved	0.2332049342182326	94	0.1618525373565744	94	0.1089302613729747	94	0.12420404737188696	94	0.274630639385171	94	0.26468335767545	94	1.079521567825407	94	0.6024703147627118	94
P3	GSM7120459	day3	lesional	False	NK_cell	cytotoxic_NK_T	0.24351546282694078	23	0.18496169964259568	23	0.13361818990319127	23	0.13669055160320212	23	0.35060633134942143	23	0.33216871576285656	23	1.2409522960112733	23	0.7174731353123864	23
P3	GSM7120459	day3	lesional	False	T_cell	T_cell_TRM_T17_like	0.22131751685334364	42	0.16336378273084956	42	0.12531465690496726	42	0.12376498571684054	42	0.297966131998872	42	0.28534918839279966	42	1.0924806388512822	42	0.6175794162145705	42
P3	GSM7120459	day3	lesional	False	T_cell	T_cell_unresolved	0.28198917237732213	1	0.12370238781547184	1	0.07130117448506598	1	0.09945799156311796	1	0.11986789911363263	1	0.0924778940095561	1	0.210905096894969	1	0.14357696900443326	1
P3	GSM7120459	day3	lesional	False	T_cell	cytotoxic_NK_T	0.08165273231518085	1	0.07231302122701093	1	0.05624517523930408	1	0.05926968996180272	1	0.1555089315903298	1	0.189761099896885	1	0.9199742153590402	1	0.49238569924302494	1
P3	GSM7120459	day3	lesional	False	dendritic	dendritic_LAMP3_CCR7	0.2353916339397529	45	0.18377943587205064	45	0.1433604061965341	45	0.14493609946844854	45	0.35904472810658733	45	0.3359069734464581	45	1.2199967543957837	45	0.7151637903391217	45
P3	GSM7120459	day3	lesional	False	dendritic	myeloid_monocyte_macrophage	0.2735726436539145	25	0.21312589884505861	25	0.15989507731031574	25	0.16087406228599743	25	0.40658441745998486	25	0.3714207308645496	25	1.2853367799815596	25	0.7684466435963708	25
P3	GSM7120459	day3	lesional	False	endothelial	endothelial_activated	0.2630292480241156	268	0.18865838033930366	268	0.1366141933043931	268	0.15230269963310603	268	0.3016723862391003	268	0.2867305492900914	268	1.1072534751789698	268	0.6232430915258786	268
P3	GSM7120459	day3	lesional	False	endothelial	endothelial_vascular	0.2727235693464931	295	0.19514177721617476	295	0.14211500856194997	295	0.1557205223850447	295	0.30467791066353916	295	0.2754974503052402	295	1.005843876416626	295	0.5769809755335845	295
P3	GSM7120459	day3	lesional	False	fibroblast	fibroblast_homeostatic_matrix	0.2941267182830001	744	0.22673240229428088	744	0.1623298453421367	744	0.1864153646902462	744	0.32940504974223905	744	0.31611961637439184	744	1.1319718176365352	744	0.6545051769195674	744
P3	GSM7120459	day3	lesional	False	fibroblast	fibroblast_inflammatory	0.26412584889270385	18	0.1925860818568559	18	0.12820197793300034	18	0.15396334027644198	18	0.28336371515326175	18	0.28222081559304935	18	1.1601532392703642	18	0.6511004030020973	18
P3	GSM7120459	day3	lesional	False	keratinocyte	keratinocyte_IFN_response	0.22091701428014798	12	0.15022262771316208	12	0.09580147024803796	12	0.11307568712335665	12	0.22229981956659672	12	0.22895456640934544	12	1.0273817481657819	12	0.5600282681713896	12
P3	GSM7120459	day3	lesional	False	keratinocyte	keratinocyte_basal	0.35658060669819264	1360	0.23624850108253567	1360	0.13111138856790133	1360	0.15643267627635532	1360	0.34486542981025986	1360	0.329079017971917	1360	1.0949549733171224	1360	0.625490739637666	1360
P3	GSM7120459	day3	lesional	False	keratinocyte	keratinocyte_inflammatory_T17	0.36199407396029976	3279	0.2412577556683407	3279	0.13488078379968754	3279	0.15260302418156751	3279	0.3865707084011993	3279	0.35491578130346213	3279	1.141208683641572	3279	0.657018189337366	3279
P3	GSM7120459	day3	lesional	False	keratinocyte	keratinocyte_proliferative	0.26422643307324656	9	0.17055016393242228	9	0.10150830596171187	9	0.12250426671321951	9	0.22194270698031401	9	0.2219892757477474	9	0.6865016722912073	9	0.395737987434966	9
P3	GSM7120459	day3	lesional	False	keratinocyte	keratinocyte_spinous_suprabasal	0.2934466843543103	457	0.18335661936966174	457	0.09846705882472921	457	0.12622850039192246	457	0.25794412910619013	457	0.23929611454838745	457	0.8004293756183789	457	0.46000954911931086	457
P3	GSM7120459	day3	lesional	False	keratinocyte	keratinocyte_stress_hypoxia	0.21833496333056351	21	0.14190186180345984	21	0.09031084682565052	21	0.11631630156096898	21	0.2052588644477795	21	0.19877135965342352	21	0.7515371742763258	21	0.4265733630038461	21
P3	GSM7120459	day3	lesional	False	mast_cell	mast_cell	0.14481890007310272	258	0.09192978627377427	258	0.05761351103834617	258	0.06584708778864172	258	0.16547774079621444	258	0.15129151138271552	258	0.7382635405754358	258	0.401811356725027	258
P3	GSM7120459	day3	lesional	False	melanocyte	melanocyte_unresolved	0.34292774365645207	63	0.23113520661521395	63	0.13265585803788008	63	0.1568325483092867	63	0.31042019601777304	63	0.27143197536343733	63	0.7915919149425471	63	0.47760917421127114	63
P3	GSM7120459	day3	lesional	False	myeloid_monocyte	dendritic_LAMP3_CCR7	0.25707178407147924	61	0.19143740565218106	61	0.139923708772168	61	0.14978828675095118	61	0.34903008260888196	61	0.319443123214978	61	1.1305191259691856	61	0.6611759439418194	61
P3	GSM7120459	day3	lesional	False	myeloid_monocyte	myeloid_monocyte_macrophage	0.26341912325238476	309	0.2002310920134321	309	0.14971934110073076	309	0.15758839427661234	309	0.3713932363874816	309	0.3188316987963662	309	1.0491811149459334	309	0.6337660352298121	309
P3	GSM7120459	day3	lesional	False	myeloid_monocyte	myeloid_monocyte_unresolved	0.20223223360797035	14	0.12398250390179702	14	0.07655907120955978	14	0.09624241505599926	14	0.17614367253316027	14	0.1657116547285464	14	0.7368103843509006	14	0.39875997921624295	14
P3	GSM7120459	day3	lesional	False	pericyte_smooth_muscle	pericyte_smooth_muscle_unresolved	0.26901212679777553	345	0.20345646895338476	345	0.14791327731889398	345	0.1648586784903683	345	0.31894122430743027	345	0.32157052583324325	345	1.2014355767051819	345	0.6740559011723575	345
P3	GSM7120459	day3	lesional	False	unassigned	unassigned_unresolved	0.1854327707599166	3	0.09195563207297064	3	0.04656220813069536	3	0.07381355985942582	3	0.11237141736352789	3	0.10943356815532522	3	0.5686330903270367	3	0.30868479866531545	3
P3	GSM7120460	day14	lesional	False	B_cell	B_cell_plasma	0.29390356466011447	40	0.19264917529868103	40	0.12388250588046239	40	0.14482695812218568	40	0.3199630303738161	40	0.302128521328386	40	1.1999141413753214	40	0.6730348596179778	40
P3	GSM7120460	day14	lesional	False	B_cell	B_cell_unresolved	0.27126919236935304	199	0.17932159918725618	199	0.11443969267726219	199	0.13730713743083553	199	0.2916687090091432	199	0.2804645146881369	199	1.0623704112412704	199	0.6059588506512268	199
P3	GSM7120460	day14	lesional	False	NK_cell	cytotoxic_NK_T	0.30035692201333	11	0.21901870747964594	11	0.14598881195396177	11	0.1613882978086009	11	0.39318101712354764	11	0.3880016437950838	11	1.3175590639326298	11	0.7762448177778672	11
P3	GSM7120460	day14	lesional	False	T_cell	T_cell_TRM_T17_like	0.27112018553791567	42	0.17923161019816114	42	0.11752362992698441	42	0.13169903300460556	42	0.30209132708445013	42	0.2875718671135133	42	1.1783179293526491	42	0.6584344852808018	42
P3	GSM7120460	day14	lesional	False	T_cell	cytotoxic_NK_T	0.26040254896567006	1	0.1920640878871752	1	0.11545632052644027	1	0.13454555460888687	1	0.30518771927398974	1	0.3200540940768344	1	1.2352346416356896	1	0.7036561632395628	1
P3	GSM7120460	day14	lesional	False	dendritic	dendritic_LAMP3_CCR7	0.3198584123673734	47	0.22448698935087522	47	0.14960330993892273	47	0.16947417180564683	47	0.39590774877772306	47	0.3602913701333909	47	1.1866918089221754	47	0.7147559848769228	47
P3	GSM7120460	day14	lesional	False	dendritic	dendritic_unresolved	0.24278258147000908	2	0.11806575379012775	2	0.05947869869049238	2	0.09045478160415635	2	0.18348184490564684	2	0.1542077729268003	2	0.5566018337711298	2	0.3223686195599701	2
P3	GSM7120460	day14	lesional	False	dendritic	myeloid_monocyte_macrophage	0.3312678028219116	66	0.23637507821335618	66	0.1632974631663301	66	0.17995962365559	66	0.4067155241771958	66	0.36585835688400675	66	1.2257553140268522	66	0.7417138215558479	66
P3	GSM7120460	day14	lesional	False	endothelial	endothelial_activated	0.30032218104812564	363	0.20810276765529048	363	0.1438334889619281	363	0.1677415501005732	363	0.31522105934432665	363	0.2966171857671614	363	1.1243931682235875	363	0.6363942895433581	363
P3	GSM7120460	day14	lesional	False	endothelial	endothelial_vascular	0.3050221878841204	323	0.21132790489117864	323	0.14773057694094038	323	0.16831737511653622	323	0.3207900426620516	323	0.29329290592190804	323	1.0575921482421218	323	0.6054964012618343	323
P3	GSM7120460	day14	lesional	False	fibroblast	fibroblast_homeostatic_matrix	0.3499759766695888	1261	0.263323193332368	1261	0.1812627046379297	1261	0.21573982513893072	1261	0.37095880535803083	1261	0.3566391065323771	1261	1.2021396783826794	1261	0.7059535523451884	1261
P3	GSM7120460	day14	lesional	False	fibroblast	fibroblast_inflammatory	0.3199353607739168	44	0.23389318429638284	44	0.1452045744561094	44	0.18354406222373126	44	0.3285658796793988	44	0.35007700649354506	44	1.2646274978844296	44	0.7219436549098653	44
P3	GSM7120460	day14	lesional	False	keratinocyte	keratinocyte_IFN_response	0.24178946937151805	3	0.1636914215472226	3	0.0971441269258958	3	0.13318842654242058	3	0.217702890497941	3	0.19401075678659285	3	0.656991590221549	3	0.39145153121957205	3
P3	GSM7120460	day14	lesional	False	keratinocyte	keratinocyte_basal	0.38237459217663355	1403	0.2528246876472636	1403	0.1410686737169623	1403	0.16470503933768144	1403	0.37897896896649996	1403	0.35065966062901754	1403	1.1368738393045186	1403	0.6539334656319805	1403
P3	GSM7120460	day14	lesional	False	keratinocyte	keratinocyte_inflammatory_T17	0.40630999642317356	1535	0.270139907373944	1535	0.14951742261590087	1535	0.16638114086953457	1535	0.43651994602223665	1535	0.3951160522384493	1535	1.2284838224781267	1535	0.7106836160917438	1535
P3	GSM7120460	day14	lesional	False	keratinocyte	keratinocyte_proliferative	0.2530279984852945	5	0.13418437908427344	5	0.06753821365704242	5	0.10550206157091799	5	0.12847475731421512	5	0.13671777280594116	5	0.4142551025076414	5	0.2396217358517468	5
P3	GSM7120460	day14	lesional	False	keratinocyte	keratinocyte_spinous_suprabasal	0.3434864669657028	1059	0.21723173928142084	1059	0.11539687377135908	1059	0.14230833567154702	1059	0.3122828164796611	1059	0.28516562261249856	1059	0.9223037960594614	1059	0.5346470104156733	1059
P3	GSM7120460	day14	lesional	False	keratinocyte	keratinocyte_stress_hypoxia	0.2571365234106618	16	0.1504972360660155	16	0.07997634744024172	16	0.11621991198420664	16	0.17338559200502981	16	0.16705118756641407	16	0.5373258822417899	16	0.31753362429944676	16
P3	GSM7120460	day14	lesional	False	mast_cell	mast_cell	0.22400638167103565	684	0.12815394793583998	684	0.07150538759185768	684	0.09383350580990939	684	0.19576419015538293	684	0.18117177361857403	684	0.7959735240548599	684	0.4430720062930066	684
P3	GSM7120460	day14	lesional	False	melanocyte	melanocyte_unresolved	0.37779079919995784	41	0.25492589562452067	41	0.147545492264138	41	0.16986090029084236	41	0.3471667894901548	41	0.3013180428037197	41	0.8838396678294409	41	0.5322358230328794	41
P3	GSM7120460	day14	lesional	False	myeloid_monocyte	dendritic_LAMP3_CCR7	0.29994456805608627	35	0.20910682135199052	35	0.13822258480595206	35	0.16255268560198877	35	0.35178845201767756	35	0.3053478214726801	35	1.0070925759006386	35	0.6065884272485051	35
P3	GSM7120460	day14	lesional	False	myeloid_monocyte	myeloid_monocyte_macrophage	0.3048198132653291	442	0.21910305015216075	442	0.15445577575743566	442	0.17464950141272337	442	0.38189875020167474	442	0.32506411788091993	442	0.9939312038806585	442	0.615069066083999	442
P3	GSM7120460	day14	lesional	False	myeloid_monocyte	myeloid_monocyte_unresolved	0.22602245978079583	12	0.1250604719466527	12	0.057606364766196065	12	0.09066637272686967	12	0.15894497496940807	12	0.1563646427937348	12	0.7021424793724155	12	0.37543137828784584	12
P3	GSM7120460	day14	lesional	False	pericyte_smooth_muscle	pericyte_smooth_muscle_unresolved	0.3420049232103639	311	0.24632048750778957	311	0.16977518780001463	311	0.19871665364023272	311	0.37336106697298194	311	0.37081028949314154	311	1.279935117009146	311	0.7293637782508609	311
P3	GSM7120460	day14	lesional	False	unassigned	unassigned_unresolved	0.23123701743656688	4	0.11992902197418474	4	0.06016777105180379	4	0.08538013765268923	4	0.14966560289992153	4	0.1379555979837207	4	0.7030242430500833	4	0.37631847416756886	4
P4	GSM7120461	baseline	lesional	True	B_cell	B_cell_plasma	0.28263556119529587	28	0.19644085325151237	28	0.1264932646105609	28	0.14472052046501932	28	0.33751951354646187	28	0.3420762036329525	28	1.4070560062246984	28	0.7943099940561218	28
P4	GSM7120461	baseline	lesional	True	B_cell	B_cell_unresolved	0.2654784462615086	38	0.18049108194698418	38	0.1139128139046415	38	0.1300535946410811	38	0.32496064894289245	38	0.31934686241628213	38	1.348284826314516	38	0.7597031950504027	38
P4	GSM7120461	baseline	lesional	True	NK_cell	T_cell_TRM_T17_like	0.26977005053098535	2	0.19112097218201313	2	0.12186977712231431	2	0.14364146259123883	2	0.3131022707406357	2	0.26729132310035225	2	1.0141103487650367	2	0.5755245218423535	2
P4	GSM7120461	baseline	lesional	True	NK_cell	cytotoxic_NK_T	0.2883478624491133	34	0.19313268141920076	34	0.1299152962674987	34	0.1438469027387763	34	0.32222796038035084	34	0.30574608227102623	34	1.2718711449853541	34	0.7170305603010634	34
P4	GSM7120461	baseline	lesional	True	T_cell	T_cell_TRM_T17_like	0.2742773105798934	44	0.1841507944999238	44	0.1232730417518936	44	0.13857973940866908	44	0.3053277353878767	44	0.2876862935286187	44	1.159057160484849	44	0.6522121048834798	44
P4	GSM7120461	baseline	lesional	True	T_cell	cytotoxic_NK_T	0.30670538140417425	4	0.21887767981349038	4	0.14412753962389743	4	0.15706341890104414	4	0.3493566469841803	4	0.3230139124660806	4	1.1791231738980317	4	0.6807878002673943	4
P4	GSM7120461	baseline	lesional	True	dendritic	dendritic_LAMP3_CCR7	0.3059912026492288	57	0.21952340712258903	57	0.1510347483985226	57	0.16834942922714827	57	0.3636111775151174	57	0.3493321947958902	57	1.305168862292115	57	0.7655499641715597	57
P4	GSM7120461	baseline	lesional	True	dendritic	myeloid_monocyte_macrophage	0.28923805634340055	36	0.2102533941802876	36	0.1425288970373614	36	0.16054235071976705	36	0.3510817199385151	36	0.33616679916830144	36	1.3210080246398843	36	0.7703700617143747	36
P4	GSM7120461	baseline	lesional	True	endothelial	endothelial_activated	0.33436581281188504	203	0.24489923559610516	203	0.18297480489855106	203	0.2054649341417508	203	0.3897254686651682	203	0.3641052608756146	203	1.2493101986025628	203	0.7217661598185383	203
P4	GSM7120461	baseline	lesional	True	endothelial	endothelial_vascular	0.33397046413565784	231	0.23870702349673728	231	0.1783417033189364	231	0.19734624984462112	231	0.37194878148157967	231	0.3391744862236347	231	1.170807343237763	231	0.6773950816687021	231
P4	GSM7120461	baseline	lesional	True	fibroblast	fibroblast_homeostatic_matrix	0.341891859387667	1772	0.2563222602261653	1772	0.17897957910829393	1772	0.2163132762243422	1772	0.35243931042858617	1772	0.3373417222226925	1772	1.1831489344174506	1772	0.690438636433613	1772
P4	GSM7120461	baseline	lesional	True	fibroblast	fibroblast_inflammatory	0.32845154554226297	40	0.24014102248514896	40	0.15768655243492344	40	0.1923179454047101	40	0.347852630939271	40	0.3396847590962634	40	1.23272962494295	40	0.7102622064740491	40
P4	GSM7120461	baseline	lesional	True	keratinocyte	keratinocyte_IFN_response	0.27225815904526385	13	0.19759277451499	13	0.1404202483433763	13	0.15882104417658205	13	0.3026375351519047	13	0.2979057493495322	13	1.1499758961404631	13	0.6471341910815654	13
P4	GSM7120461	baseline	lesional	True	keratinocyte	keratinocyte_basal	0.3684631147764743	3874	0.24532594001915103	3874	0.1374267328094382	3874	0.16186161359920953	3874	0.3611591236498348	3874	0.34133003494612146	3874	1.1904473381417175	3874	0.6767719269499399	3874
P4	GSM7120461	baseline	lesional	True	keratinocyte	keratinocyte_inflammatory_T17	0.324110445345084	3805	0.21340335801385382	3805	0.12034674575872878	3805	0.13902347260452713	3805	0.3386222298633078	3805	0.3125166962240843	3805	1.1059210139255502	3805	0.6253631963825357	3805
P4	GSM7120461	baseline	lesional	True	keratinocyte	keratinocyte_proliferative	0.39101436800871986	14	0.26950574945867417	14	0.17384455657529357	14	0.1941081543455634	14	0.4091114842562192	14	0.39126706797217553	14	1.2100612262839636	14	0.7110554316560569	14
P4	GSM7120461	baseline	lesional	True	keratinocyte	keratinocyte_spinous_suprabasal	0.3025035533426202	838	0.19438416945661705	838	0.10887708624770655	838	0.1331637808472062	838	0.289042478869321	838	0.26722370332722195	838	0.9650165340742805	838	0.5462577862827283	838
P4	GSM7120461	baseline	lesional	True	keratinocyte	keratinocyte_stress_hypoxia	0.3042061497966959	26	0.21114726857850308	26	0.14217768806876988	26	0.1687200192057588	26	0.34580209015598257	26	0.3260801882135139	26	1.2001405515934258	26	0.6795222086787491	26
P4	GSM7120461	baseline	lesional	True	mast_cell	mast_cell	0.2592967852629649	722	0.14022074295325665	722	0.06881445548433998	722	0.09960431333974362	722	0.19544922060463712	722	0.1803024523445469	722	0.9188910030093616	722	0.4983687725912704	722
P4	GSM7120461	baseline	lesional	True	melanocyte	melanocyte_unresolved	0.38089064214798435	136	0.25565930613868687	136	0.1435537757392621	136	0.16493338839809527	136	0.3689804098333352	136	0.3122693269308582	136	0.9453780699842641	136	0.5616935832825829	136
P4	GSM7120461	baseline	lesional	True	myeloid_monocyte	dendritic_LAMP3_CCR7	0.2907956193392978	128	0.2057704511047782	128	0.1426355766003275	128	0.16071300159969656	128	0.3543579871031165	128	0.3324142227666839	128	1.3005593069617185	128	0.7578928814686862	128
P4	GSM7120461	baseline	lesional	True	myeloid_monocyte	myeloid_monocyte_macrophage	0.29787705359465905	788	0.21567031127374725	788	0.1514275997217324	788	0.17084790425052446	788	0.37580790659109203	788	0.3296154761068418	788	1.1389702641691024	788	0.682020822479018	788
P4	GSM7120461	baseline	lesional	True	myeloid_monocyte	myeloid_monocyte_unresolved	0.2793044330735404	1	0.1324512173570215	1	0.044813362418616484	1	0.0795837078120755	1	0.13533580250399	1	0.15953514346407044	1	0.6869574916183928	1	0.3521214240624403	1
P4	GSM7120461	baseline	lesional	True	pericyte_smooth_muscle	pericyte_smooth_muscle_unresolved	0.3415899168585155	289	0.2378438362108184	289	0.16563289690907118	289	0.19471199546335474	289	0.3584095959612681	289	0.3486785763193922	289	1.2798790005851683	289	0.7219987172048811	289
P4	GSM7120462	baseline	nonlesional	True	B_cell	B_cell_plasma	0.3401225043681963	100	0.24171186096534886	100	0.17117650655790018	100	0.19449351655452854	100	0.39174441524477865	100	0.3694742722201982	100	1.2507172822688206	100	0.7278508966748062	100
P4	GSM7120462	baseline	nonlesional	True	B_cell	B_cell_unresolved	0.31339351530557774	461	0.21954518756851898	461	0.15209776473733363	461	0.17590976962713914	461	0.3561893048282326	461	0.3301345900138837	461	1.105522254449829	461	0.6492210984041639	461
P4	GSM7120462	baseline	nonlesional	True	NK_cell	T_cell_TRM_T17_like	0.2950413835963345	13	0.20919971878744825	13	0.13738458471170237	13	0.15603616766671546	13	0.35055813765843724	13	0.3270688838388398	13	1.338771025713369	13	0.7598951731911973	13
P4	GSM7120462	baseline	nonlesional	True	NK_cell	cytotoxic_NK_T	0.3050340789182266	202	0.20304414707244162	202	0.1376278210142307	202	0.15393464696064502	202	0.336699639524412	202	0.32371787957229636	202	1.3017583062495726	202	0.7381747075013617	202
P4	GSM7120462	baseline	nonlesional	True	T_cell	T_cell_TRM_T17_like	0.28956768336638206	612	0.1947348887175413	612	0.12815156612402162	612	0.14606760100030322	612	0.31771742153969523	612	0.32397265347119897	612	1.3588330379039661	612	0.7597716432268703	612
P4	GSM7120462	baseline	nonlesional	True	T_cell	T_cell_unresolved	0.272650491968159	2	0.18013935867692563	2	0.10066165932415547	2	0.13092385667953546	2	0.24983405509955484	2	0.3129435214750026	2	1.3032151195817732	2	0.7275751909871879	2
P4	GSM7120462	baseline	nonlesional	True	T_cell	cytotoxic_NK_T	0.24308012415027164	8	0.1660972662284069	8	0.11962683977883855	8	0.12923538522920025	8	0.2860860654777535	8	0.29962873872029083	8	1.2197896070966834	8	0.6810000861351786	8
P4	GSM7120462	baseline	nonlesional	True	dendritic	dendritic_LAMP3_CCR7	0.3253361982151321	131	0.23562655115851064	131	0.16600434514641205	131	0.18343889190205592	131	0.4058255091038769	131	0.37338440744699736	131	1.27383842208865	131	0.7582768199254897	131
P4	GSM7120462	baseline	nonlesional	True	dendritic	dendritic_unresolved	0.22890542942910666	3	0.11276855962318634	3	0.0600192410600622	3	0.09198206670509722	3	0.17194550007679235	3	0.14245421263045913	3	0.6731119383994262	3	0.35321260913694674	3
P4	GSM7120462	baseline	nonlesional	True	dendritic	myeloid_monocyte_macrophage	0.3285512689729964	127	0.24401604042846323	127	0.17357574751857785	127	0.1877569052404717	127	0.43125839645080394	127	0.3845577942193731	127	1.3117075266037843	127	0.7791508646853171	127
P4	GSM7120462	baseline	nonlesional	True	endothelial	endothelial_activated	0.35773499873191744	458	0.2601824366543766	458	0.18504791233255527	458	0.20975011454923628	458	0.409565966856242	458	0.3910343105260601	458	1.350973678403715	458	0.7766148853974856	458
P4	GSM7120462	baseline	nonlesional	True	endothelial	endothelial_vascular	0.3513935136362254	288	0.24885525511760845	288	0.173970675238858	288	0.19681536543016584	288	0.3853868397080902	288	0.3670047695161366	288	1.2945811583930602	288	0.7393921853346404	288
P4	GSM7120462	baseline	nonlesional	True	fibroblast	fibroblast_homeostatic_matrix	0.35655395679569674	2235	0.2665888486526649	2235	0.1812624734816719	2235	0.2177442710426772	2235	0.3762055940138519	2235	0.3670364113369339	2235	1.24556810776594	2235	0.7224715006747897	2235
P4	GSM7120462	baseline	nonlesional	True	fibroblast	fibroblast_inflammatory	0.3262928397048027	190	0.23541256730498508	190	0.14728286432666599	190	0.1835518066215154	190	0.3469605960211619	190	0.3524505834496814	190	1.2518704409082222	190	0.7140547048592192	190
P4	GSM7120462	baseline	nonlesional	True	keratinocyte	keratinocyte_IFN_response	0.2870587538900495	1	0.21228599757166478	1	0.14743467071434765	1	0.14698897270201638	1	0.46145369238895173	1	0.36263245964721547	1	1.3779271435897278	1	0.7997102898786298	1
P4	GSM7120462	baseline	nonlesional	True	keratinocyte	keratinocyte_basal	0.31743061461237804	1947	0.20952736343098416	1947	0.11901462749335662	1947	0.1418075411690231	1947	0.31313824157654746	1947	0.29842776998221426	1947	1.1886303671541723	1947	0.6593581740861729	1947
P4	GSM7120462	baseline	nonlesional	True	keratinocyte	keratinocyte_inflammatory_T17	0.2387687113830326	44	0.1605607346736821	44	0.09196390655720982	44	0.11110456385626578	44	0.2485923853237878	44	0.22773767127881442	44	0.9875243236936911	44	0.5499600002321315	44
P4	GSM7120462	baseline	nonlesional	True	keratinocyte	keratinocyte_proliferative	0.33658619287662606	6	0.23778629039916355	6	0.14106962609737464	6	0.15861912805592307	6	0.36304152703225917	6	0.3749456363864836	6	1.4087395027798024	6	0.7933953650757156	6
P4	GSM7120462	baseline	nonlesional	True	keratinocyte	keratinocyte_spinous_suprabasal	0.29061580214351324	3765	0.18562009751141842	3765	0.10136175700195363	3765	0.1233496859672861	3765	0.28417385339926093	3765	0.26472823022962927	3765	1.1283310481902715	3765	0.6196060146635546	3765
P4	GSM7120462	baseline	nonlesional	True	keratinocyte	keratinocyte_stress_hypoxia	0.2660150952250937	22	0.18137067536203622	22	0.11328906331961627	22	0.13787746569125903	22	0.2600046172331713	22	0.256566936868584	22	1.0051603915949718	22	0.5643612226280745	22
P4	GSM7120462	baseline	nonlesional	True	mast_cell	mast_cell	0.28756397252613425	230	0.17782656002665048	230	0.10784500991327249	230	0.1299639838386526	230	0.29455489257233164	230	0.2717354678336884	230	1.1219073172380705	230	0.6263881313468818	230
P4	GSM7120462	baseline	nonlesional	True	melanocyte	melanocyte_unresolved	0.4113242930370912	292	0.2791236530555701	292	0.1609233436985518	292	0.18670081907304487	292	0.37941427528878036	292	0.3379449375119391	292	1.0904537848805724	292	0.6366510673164628	292
P4	GSM7120462	baseline	nonlesional	True	myeloid_monocyte	dendritic_LAMP3_CCR7	0.2809319478545289	15	0.20207036157798633	15	0.14172980751290815	15	0.16274802672650496	15	0.33451551330343915	15	0.3168420302715024	15	1.1266609471322933	15	0.6561948161011049	15
P4	GSM7120462	baseline	nonlesional	True	myeloid_monocyte	myeloid_monocyte_macrophage	0.33071402574876413	355	0.24473833164663958	355	0.1795622992563009	355	0.19975898989835664	355	0.42019637071520044	355	0.36249550621975174	355	1.0913927865946016	355	0.6731381397470809	355
P4	GSM7120462	baseline	nonlesional	True	pericyte_smooth_muscle	pericyte_smooth_muscle_unresolved	0.3380075702669006	325	0.23687191657589154	325	0.15430565531348248	325	0.1867065529834535	325	0.36174454713524534	325	0.3618168103238955	325	1.3193027583859132	325	0.7420004649708688	325
P4	GSM7120462	baseline	nonlesional	True	unassigned	unassigned_unresolved	0.25472059276277104	5	0.15171221573397548	5	0.06915582830141108	5	0.10124322501625153	5	0.1823412220302185	5	0.19280171992812045	5	0.7779008889543774	5	0.4202809593430075	5
P4	GSM7120463	day3	lesional	False	B_cell	B_cell_plasma	0.2747421977385089	43	0.18359004226213793	43	0.11379582171135748	43	0.13406130509139164	43	0.3100265579934836	43	0.3042530273415351	43	1.2666264350270533	43	0.7091535448514342	43
P4	GSM7120463	day3	lesional	False	B_cell	B_cell_unresolved	0.26921088667856496	142	0.17150124687245494	142	0.1026891889232578	142	0.1259331987528422	142	0.27495667229236626	142	0.2693501824228863	142	1.20281993908597	142	0.6652146505172399	142
P4	GSM7120463	day3	lesional	False	NK_cell	T_cell_TRM_T17_like	0.2579570921501877	1	0.15024678511369283	1	0.08219588730268906	1	0.10918464275747483	1	0.24721913889217845	1	0.2462207936859885	1	0.9930216447467901	1	0.5544592828520215	1
P4	GSM7120463	day3	lesional	False	NK_cell	cytotoxic_NK_T	0.2711380937288602	35	0.1757307201871405	35	0.10673982501177762	35	0.1258699029237002	35	0.2849321056367459	35	0.2711540322228233	35	1.173347270581374	35	0.6566693710192042	35
P4	GSM7120463	day3	lesional	False	T_cell	T_cell_TRM_T17_like	0.26712907239988304	107	0.17332452418591582	107	0.10934429489166649	107	0.1267552531409333	107	0.27005888364088293	107	0.2704711003446528	107	1.2053842860052095	107	0.6673770759232193	107
P4	GSM7120463	day3	lesional	False	T_cell	cytotoxic_NK_T	0.17930190936437387	1	0.11154948660836711	1	0.07941799886837854	1	0.08851905677576588	1	0.22768197603749277	1	0.19653873010516154	1	0.9886171624490434	1	0.5347537871546063	1
P4	GSM7120463	day3	lesional	False	dendritic	dendritic_LAMP3_CCR7	0.29654741491542586	64	0.20400751982984758	64	0.13367181596410452	64	0.1532448214045417	64	0.3502115245266293	64	0.3300316759558153	64	1.264901717168655	64	0.7345045227660283	64
P4	GSM7120463	day3	lesional	False	dendritic	myeloid_monocyte_macrophage	0.31823696566756576	14	0.2269137767998877	14	0.14744771231980108	14	0.16498888798136518	14	0.3524306384905148	14	0.3466964153344457	14	1.331012853667151	14	0.7847060209827236	14
P4	GSM7120463	day3	lesional	False	endothelial	endothelial_activated	0.3253474921396291	390	0.22380359918664364	390	0.15370733708872872	390	0.17773315751134403	390	0.3443539323193666	390	0.33036243392779635	390	1.249406264460134	390	0.7052900018460548	390
P4	GSM7120463	day3	lesional	False	endothelial	endothelial_vascular	0.31755491340726716	360	0.21333243433127944	360	0.14762523067385425	360	0.1697744710020259	360	0.3204682581464422	360	0.29885376898648575	360	1.152812437839565	360	0.6521628860389844	360
P4	GSM7120463	day3	lesional	False	fibroblast	fibroblast_homeostatic_matrix	0.33640731209858477	1668	0.23822499094674365	1668	0.15467182975277377	1668	0.1911235131002601	1668	0.3253660198799835	1668	0.31022488830538036	1668	1.1859148071460466	1668	0.6793191260196662	1668
P4	GSM7120463	day3	lesional	False	fibroblast	fibroblast_inflammatory	0.3141477361378249	62	0.21105763146014048	62	0.12513331818159537	62	0.15934384808494734	62	0.2898994132055274	62	0.28700388875805655	62	1.1348534184825823	62	0.642847964635953	62
P4	GSM7120463	day3	lesional	False	keratinocyte	keratinocyte_IFN_response	0.28158597283141057	11	0.17988008728012347	11	0.11938254099509918	11	0.14177701550137464	11	0.2946967607753131	11	0.2727132504994327	11	1.168718412688407	11	0.6464302639236919	11
P4	GSM7120463	day3	lesional	False	keratinocyte	keratinocyte_basal	0.4028712964864457	2618	0.2688658840082991	2618	0.14766479950887715	2618	0.1711550311393552	2618	0.39969173283249754	2618	0.3742429727892878	2618	1.2828294583657744	2618	0.7326739508028851	2618
P4	GSM7120463	day3	lesional	False	keratinocyte	keratinocyte_inflammatory_T17	0.3942497839796932	5154	0.26084841426150557	5154	0.14350941125668915	5154	0.16217307452794344	5154	0.4103597834143037	5154	0.3762153283205841	5154	1.1904936152706105	5154	0.6869850368081915	5154
P4	GSM7120463	day3	lesional	False	keratinocyte	keratinocyte_proliferative	0.3992632477160904	7	0.2731888407628145	7	0.17954066002028243	7	0.20209671071331656	7	0.4154245567369338	7	0.4154777503837862	7	1.2360253765300249	7	0.7214448609284804	7
P4	GSM7120463	day3	lesional	False	keratinocyte	keratinocyte_spinous_suprabasal	0.3217816831984513	68	0.20121637537965087	68	0.10756484760968592	68	0.1355810619106517	68	0.29146535335139045	68	0.2675371530177748	68	0.9669536498990146	68	0.5510137682806797	68
P4	GSM7120463	day3	lesional	False	keratinocyte	keratinocyte_stress_hypoxia	0.3150668465465373	30	0.21211453839508781	30	0.14188149881286016	30	0.16754624019090908	30	0.3465509406038595	30	0.3205009335383439	30	1.2147951961414545	30	0.6801935620806743	30
P4	GSM7120463	day3	lesional	False	mast_cell	mast_cell	0.2298741032631862	347	0.1151396221134827	347	0.04906771784896579	347	0.08052301851827023	347	0.1464847711612133	347	0.1337823504861825	347	0.7195818215522557	347	0.3855258194717769	347
P4	GSM7120463	day3	lesional	False	melanocyte	melanocyte_unresolved	0.3492976925915289	220	0.22917811124003204	220	0.12650467374464797	220	0.14836024848684004	220	0.3220088749487131	220	0.2746083551816565	220	0.9239770749489462	220	0.5380520427169887	220
P4	GSM7120463	day3	lesional	False	myeloid_monocyte	dendritic_LAMP3_CCR7	0.29030196277927117	267	0.19740731660026506	267	0.12921535924057162	267	0.14789267585206348	267	0.33771932314696124	267	0.3222593080119479	267	1.2793071640510874	267	0.7347736667696027	267
P4	GSM7120463	day3	lesional	False	myeloid_monocyte	myeloid_monocyte_macrophage	0.2924690819909524	1018	0.20155125864822	1018	0.13068775053658566	1018	0.1508229412714621	1018	0.34734419271257816	1018	0.30848563417446717	1018	1.1487930408119047	1018	0.6724318730563769	1018
P4	GSM7120463	day3	lesional	False	myeloid_monocyte	myeloid_monocyte_unresolved	0.25732974583830015	29	0.14463565673355536	29	0.08105525348182872	29	0.11086492239577864	29	0.20639622645494687	29	0.19660629205556465	29	0.9456086539955674	29	0.5098745380443814	29
P4	GSM7120463	day3	lesional	False	pericyte_smooth_muscle	pericyte_smooth_muscle_unresolved	0.328860424570916	348	0.22056472544227396	348	0.14398359142672895	348	0.1750386115534944	348	0.3345469575452373	348	0.3241039201721044	348	1.2664806383003802	348	0.7048894673562615	348
P4	GSM7120463	day3	lesional	False	unassigned	unassigned_unresolved	0.13703181471443937	1	0.08399625326089961	1	0.04176835463219995	1	0.071475714635159	1	0.07844138637023908	1	0.11334999094405501	1	0.2634562208730242	1	0.1608943996687956	1
P4	GSM7120464	day14	lesional	False	B_cell	B_cell_plasma	0.30879112180249024	52	0.2105387956794488	52	0.13468628716290337	52	0.15805982107244151	52	0.34684495177757413	52	0.3403454251522907	52	1.2825095653720242	52	0.7316615472340224	52
P4	GSM7120464	day14	lesional	False	B_cell	B_cell_unresolved	0.28899303533053017	249	0.18630936020015193	249	0.11630778490078525	249	0.14224608902092514	249	0.29926444522291484	249	0.2942442280182454	249	1.141584103686358	249	0.6490073229718707	249
P4	GSM7120464	day14	lesional	False	NK_cell	T_cell_TRM_T17_like	0.3443640185309394	1	0.24230903144717375	1	0.14840824334013403	1	0.14848151470433507	1	0.40156922953823126	1	0.3264542995228009	1	1.2387828345577379	1	0.7022704559450528	1
P4	GSM7120464	day14	lesional	False	NK_cell	cytotoxic_NK_T	0.32334528424758974	21	0.21904169441551327	21	0.14068733650206414	21	0.157797828931351	21	0.3645420353896339	21	0.326300464602887	21	1.0826512463608562	21	0.6338218919679717	21
P4	GSM7120464	day14	lesional	False	T_cell	T_cell_TRM_T17_like	0.32031276593081587	59	0.21568642346307004	59	0.14458688333623038	59	0.15895201130799533	59	0.34135720567083955	59	0.30895382591056747	59	1.0622382375895398	59	0.6130154574951394	59
P4	GSM7120464	day14	lesional	False	T_cell	cytotoxic_NK_T	0.23390230759644481	1	0.14758026308857766	1	0.08471488984057884	1	0.10311150921213116	1	0.24424032052918537	1	0.2539924314368916	1	1.3059894083770618	1	0.7305150932644394	1
P4	GSM7120464	day14	lesional	False	dendritic	dendritic_LAMP3_CCR7	0.33127777549271925	104	0.2305283329919304	104	0.15868241824711904	104	0.17778611547324275	104	0.3865000317077805	104	0.35212512022848147	104	1.2174946978045176	104	0.7294397311042995	104
P4	GSM7120464	day14	lesional	False	dendritic	myeloid_monocyte_macrophage	0.3504747888076592	38	0.24558969416370535	38	0.16207830745360416	38	0.17999814599114983	38	0.41917827243121564	38	0.3706306429457556	38	1.3075818103317338	38	0.777765427893121	38
P4	GSM7120464	day14	lesional	False	endothelial	endothelial_activated	0.3333727563549102	492	0.23373132344584152	492	0.1664690876001138	492	0.19317044773789427	492	0.35633506604608706	492	0.34576771599002787	492	1.2211814464068662	492	0.7006347742084801	492
P4	GSM7120464	day14	lesional	False	endothelial	endothelial_vascular	0.32735003264168827	329	0.22914664825786452	329	0.1646504282363246	329	0.18784029794019097	329	0.33686588712207843	329	0.3202468634191486	329	1.1062636626769038	329	0.6408159391488554	329
P4	GSM7120464	day14	lesional	False	fibroblast	fibroblast_homeostatic_matrix	0.34820363560144674	2438	0.2512038488687929	2438	0.1691076338099608	2438	0.20989709302879372	2438	0.33117802266286883	2438	0.32110120797125763	2438	1.1317868513643734	2438	0.6616452106079546	2438
P4	GSM7120464	day14	lesional	False	fibroblast	fibroblast_inflammatory	0.3252150825403272	61	0.22322918667897088	61	0.13684617684114944	61	0.17599922540687224	61	0.3052862688693042	61	0.29627189022376926	61	1.1210709130865388	61	0.6412894506202229	61
P4	GSM7120464	day14	lesional	False	fibroblast	fibroblast_unresolved	0.28004230017279347	1	0.13718682138539023	1	0.0721670878832348	1	0.11775005816872837	1	0.20439079416853828	1	0.13910368657199465	1	0.3475044252554905	1	0.21016075967953884	1
P4	GSM7120464	day14	lesional	False	keratinocyte	keratinocyte_IFN_response	0.17552971651521657	1	0.09902910516639983	1	0.06558717777555981	1	0.09029836367077605	1	0.06711062021031045	1	0.08287984747236951	1	0.15056609460450995	1	0.09818550173361941	1
P4	GSM7120464	day14	lesional	False	keratinocyte	keratinocyte_basal	0.42359614299964893	2090	0.28459926666221025	2090	0.1598498682407227	2090	0.18530394462636066	2090	0.4205049790127442	2090	0.3952133834889193	2090	1.2447330049001908	2090	0.7219001766274943	2090
P4	GSM7120464	day14	lesional	False	keratinocyte	keratinocyte_inflammatory_T17	0.39688381383096477	2018	0.2559294071770313	2018	0.13711254875914192	2018	0.16064151708626873	2018	0.3859852987262609	2018	0.35405119408861857	2018	1.0297987892655573	2018	0.6033398705984584	2018
P4	GSM7120464	day14	lesional	False	keratinocyte	keratinocyte_proliferative	0.301120945635876	2	0.1934267852882028	2	0.1292845307213869	2	0.16041569863246843	2	0.25945193615437306	2	0.25266640297255893	2	0.9818114784967601	2	0.5520497034677027	2
P4	GSM7120464	day14	lesional	False	keratinocyte	keratinocyte_spinous_suprabasal	0.3454340969395258	46	0.2132337890163416	46	0.11147099705633555	46	0.14327722154795638	46	0.29486432871169815	46	0.27042025985884066	46	0.8645580630521256	46	0.5016536647295897	46
P4	GSM7120464	day14	lesional	False	keratinocyte	keratinocyte_stress_hypoxia	0.2776923589735327	16	0.17208785632623805	16	0.10067489373486208	16	0.13875292525581676	16	0.19760786199095406	16	0.2071434619719476	16	0.7005340307074832	16	0.4114637940529039	16
P4	GSM7120464	day14	lesional	False	mast_cell	mast_cell	0.25102442259134095	120	0.1336857070257199	120	0.06470632408938351	120	0.09519442751253901	120	0.18821503046364038	120	0.16953137336424634	120	0.8108113524622796	120	0.44509392197833464	120
P4	GSM7120464	day14	lesional	False	melanocyte	melanocyte_unresolved	0.3865437779642104	80	0.25682854151899603	80	0.1479272282671132	80	0.17355705452585338	80	0.3436145891527201	80	0.29827431122318393	80	0.9011803754005975	80	0.5372199938802562	80
P4	GSM7120464	day14	lesional	False	myeloid_monocyte	dendritic_LAMP3_CCR7	0.3086426629101781	97	0.2090009257001987	97	0.14068142856454907	97	0.1628086161347386	97	0.33876845925228827	97	0.3058329040232404	97	1.0757589643646732	97	0.6413871541960289	97
P4	GSM7120464	day14	lesional	False	myeloid_monocyte	myeloid_monocyte_macrophage	0.3165624606334193	495	0.2229179575673039	495	0.15341182459549005	495	0.17501097269665003	495	0.3804295797971407	495	0.3257832511865213	495	1.0884129979505475	495	0.6608723187240059	495
P4	GSM7120464	day14	lesional	False	myeloid_monocyte	myeloid_monocyte_unresolved	0.20503802933174214	20	0.09908328934999022	20	0.03986648840226523	20	0.07543372911527214	20	0.09011055356893158	20	0.08337185308423103	20	0.3104753538177338	20	0.17551857237896026	20
P4	GSM7120464	day14	lesional	False	pericyte_smooth_muscle	pericyte_smooth_muscle_unresolved	0.3574782711618838	489	0.24951462418188483	489	0.1693605676592087	489	0.2040600699143382	489	0.36211184593832807	489	0.3585203945913014	489	1.2428951039732725	489	0.7101630334737027	489
P4	GSM7120464	day14	lesional	False	unassigned	unassigned_unresolved	0.19402966943194766	2	0.08594545073208883	2	0.028953928818480773	2	0.07366623620694365	2	0.05440454194858607	2	0.09008164748155717	2	0.18538543468500612	2	0.12291654412943644	2
P5	GSM7120465	baseline	lesional	True	B_cell	B_cell_plasma	0.2766632196804531	68	0.20255697827120944	68	0.1397271214682671	68	0.15165162931682757	68	0.3618987693788118	68	0.35892708990614985	68	1.3077094769702402	68	0.7560845588626018	68
P5	GSM7120465	baseline	lesional	True	B_cell	B_cell_unresolved	0.2536386405228552	144	0.17524087703279695	144	0.11493254341341516	144	0.13273840614323362	144	0.31039343333663144	144	0.3145229611042195	144	1.2528944801612203	144	0.7098690311870891	144
P5	GSM7120465	baseline	lesional	True	NK_cell	T_cell_TRM_T17_like	0.30721003632033234	3	0.20018809154369763	3	0.14661912981305433	3	0.15953413453315202	3	0.3233830207464408	3	0.30483380778778707	3	1.2279335216951115	3	0.6886135187753218	3
P5	GSM7120465	baseline	lesional	True	NK_cell	cytotoxic_NK_T	0.30803604191311407	40	0.22832294354146104	40	0.16135794063414038	40	0.16599406519962565	40	0.3848530381063075	40	0.37736623821945836	40	1.3547912510234943	40	0.7916562702385799	40
P5	GSM7120465	baseline	lesional	True	T_cell	T_cell_TRM_T17_like	0.29045572334421793	98	0.19867467050092988	98	0.13603651145588447	98	0.14501501907755138	98	0.3268700057536429	98	0.3350334964492425	98	1.3303065346808896	98	0.7485928181384934	98
P5	GSM7120465	baseline	lesional	True	T_cell	cytotoxic_NK_T	0.24051014171991458	2	0.15578748876641166	2	0.11507120327106772	2	0.12218673543922542	2	0.2525775118717687	2	0.28584945044026805	2	1.2277096011670734	2	0.6965543442331469	2
P5	GSM7120465	baseline	lesional	True	dendritic	dendritic_LAMP3_CCR7	0.29597748097468884	104	0.21441101870290455	104	0.15997084723073496	104	0.17153894430243338	104	0.37402955181945097	104	0.3623813537670557	104	1.2839929786058721	104	0.7572702439386968	104
P5	GSM7120465	baseline	lesional	True	dendritic	myeloid_monocyte_macrophage	0.32485683267036336	16	0.24815642972410146	16	0.17698847842189588	16	0.18607283638985164	16	0.44344011843280856	16	0.4048782976074827	16	1.3054653516162358	16	0.7919565070936155	16
P5	GSM7120465	baseline	lesional	True	endothelial	endothelial_activated	0.32550301307439405	252	0.24594074499133828	252	0.1845461566859872	252	0.2035017672765776	252	0.3988860723166796	252	0.3842824837745352	252	1.2635669438711359	252	0.7373312342015028	252
P5	GSM7120465	baseline	lesional	True	endothelial	endothelial_vascular	0.3284372074790948	246	0.2430273392778024	246	0.18495469694619468	246	0.20271626932564618	246	0.3843278375201138	246	0.3690247228036737	246	1.2040004419276393	246	0.7037107720998546	246
P5	GSM7120465	baseline	lesional	True	fibroblast	fibroblast_homeostatic_matrix	0.336244431826844	2850	0.2609232119300661	2850	0.18381459760670574	2850	0.21778565050037937	2850	0.3638187079108553	2850	0.35965320406590845	2850	1.194344397100466	2850	0.7064205755044658	2850
P5	GSM7120465	baseline	lesional	True	fibroblast	fibroblast_inflammatory	0.32064353285619596	127	0.247516900392355	127	0.1678641030214639	127	0.19597519487400453	127	0.37600280070135983	127	0.38379920151639824	127	1.298138127892334	127	0.7555423146275922	127
P5	GSM7120465	baseline	lesional	True	keratinocyte	keratinocyte_IFN_response	0.24928617377344237	10	0.18000486639381658	10	0.11888396041980506	10	0.12853404875320326	10	0.27220531480672466	10	0.2857014453635337	10	1.0670135178811972	10	0.6040352057977851	10
P5	GSM7120465	baseline	lesional	True	keratinocyte	keratinocyte_basal	0.3799170737189773	2616	0.2577586775574576	2616	0.1465102288169786	2616	0.169335440266467	2616	0.3804038122319715	2616	0.3669906047094471	2616	1.1691504747561405	2616	0.6757247872494383	2616
P5	GSM7120465	baseline	lesional	True	keratinocyte	keratinocyte_inflammatory_T17	0.3572907727789084	4349	0.24179565065533964	4349	0.1387967999281015	4349	0.15477324193857442	4349	0.3870968519744718	4349	0.3610982913318089	4349	1.1486133430395329	4349	0.6646088959447569	4349
P5	GSM7120465	baseline	lesional	True	keratinocyte	keratinocyte_proliferative	0.31628398914028977	6	0.2148404701067712	6	0.1483293021605074	6	0.15959693493959418	6	0.3741630863475523	6	0.3382256072242229	6	1.1915083905379333	6	0.6773842593399421	6
P5	GSM7120465	baseline	lesional	True	keratinocyte	keratinocyte_spinous_suprabasal	0.3266250077038466	825	0.21281910735506096	825	0.11945574560223533	825	0.14332210104769236	825	0.3146554027329332	825	0.29076125777023565	825	0.9296764441709955	825	0.5410200118398901	825
P5	GSM7120465	baseline	lesional	True	keratinocyte	keratinocyte_stress_hypoxia	0.2990811425334058	48	0.21679409813756445	48	0.15071230868517074	48	0.17617965598705188	48	0.328969478841549	48	0.3307995329330848	48	1.1008412052248706	48	0.6381771200044144	48
P5	GSM7120465	baseline	lesional	True	mast_cell	mast_cell	0.2157295766416696	189	0.12245209910484021	189	0.07103504047659194	189	0.09399776627045005	189	0.1855090275076878	189	0.17724092305341355	189	0.7436499712122879	189	0.4146580043806689	189
P5	GSM7120465	baseline	lesional	True	melanocyte	melanocyte_unresolved	0.39146471804201444	63	0.27829470726610656	63	0.16592778255276497	63	0.1897672931454587	63	0.3741117753970809	63	0.3369085260999897	63	0.9801941663169784	63	0.5929453625874208	63
P5	GSM7120465	baseline	lesional	True	myeloid_monocyte	dendritic_LAMP3_CCR7	0.2882229441536696	254	0.20858279108933117	254	0.14723531123427455	254	0.1621120014617389	254	0.36889267810901005	254	0.3535359407334597	254	1.2904675317154068	254	0.7550608358246533	254
P5	GSM7120465	baseline	lesional	True	myeloid_monocyte	myeloid_monocyte_macrophage	0.2930463701587185	1576	0.2179621453369895	1576	0.1574907160652282	1576	0.17293323877156716	1576	0.3835426614824079	1576	0.3421253595129349	1576	1.1047408891334816	1576	0.6731697413172212	1576
P5	GSM7120465	baseline	lesional	True	myeloid_monocyte	myeloid_monocyte_unresolved	0.21993242065040977	5	0.13147028445643483	5	0.0766337819319485	5	0.1005359859575062	5	0.22025995381373425	5	0.22786787650057563	5	1.0890084194601646	5	0.595282428612092	5
P5	GSM7120465	baseline	lesional	True	pericyte_smooth_muscle	pericyte_smooth_muscle_unresolved	0.31007214391286925	363	0.22261529288673207	363	0.1592605412959419	363	0.1838617447356474	363	0.35241162164656786	363	0.35623932684852294	363	1.307414915532896	363	0.7342318617256886	363
P5	GSM7120465	baseline	lesional	True	unassigned	unassigned_unresolved	0.2221990806790932	1	0.09947660756824558	1	0.03194262940918092	1	0.07408538605789267	1	0.15100040071407214	1	0.1390591093152414	1	0.7773466540601709	1	0.3906020748780056	1
P5	GSM7120466	baseline	nonlesional	True	B_cell	B_cell_plasma	0.31820489380827416	46	0.22367077228184337	46	0.15371864795129292	46	0.1767636680479445	46	0.35855040636678065	46	0.35623410832330277	46	1.2758422109404155	46	0.7322321650941339	46
P5	GSM7120466	baseline	nonlesional	True	B_cell	B_cell_unresolved	0.31129732384540754	489	0.2188099168327959	489	0.1513761577913435	489	0.17545574855370308	489	0.34853574534316056	489	0.3426383605373453	489	1.1970298480865778	489	0.6885955977954497	489
P5	GSM7120466	baseline	nonlesional	True	NK_cell	T_cell_TRM_T17_like	0.25973844756882813	10	0.18069675327615473	10	0.13058872951216133	10	0.14221451766145235	10	0.2866325260532633	10	0.30729030992414075	10	1.2832440525158122	10	0.7275503288461992	10
P5	GSM7120466	baseline	nonlesional	True	NK_cell	cytotoxic_NK_T	0.26169334450853565	107	0.17036117242185428	107	0.11353870025277249	107	0.1308092352526037	107	0.27470668855428143	107	0.29048319282301505	107	1.2619918685311102	107	0.6960268859287171	107
P5	GSM7120466	baseline	nonlesional	True	T_cell	T_cell_TRM_T17_like	0.2584240202904496	240	0.17092307269335122	240	0.1120165346339281	240	0.12829485306883723	240	0.27871128384159893	240	0.29506954531565366	240	1.2961036265104002	240	0.7162620607983647	240
P5	GSM7120466	baseline	nonlesional	True	T_cell	T_cell_unresolved	0.1722549165137377	2	0.12736087730962267	2	0.0966466740681518	2	0.09708946449700975	2	0.2762469392815853	2	0.23685536540262017	2	1.1217340313889939	2	0.5810398372577228	2
P5	GSM7120466	baseline	nonlesional	True	T_cell	cytotoxic_NK_T	0.23896375724258775	11	0.1610223886588301	11	0.11330782983070103	11	0.12589373604762835	11	0.25847358074817844	11	0.2799232908942635	11	1.299175592473951	11	0.7097729355027218	11
P5	GSM7120466	baseline	nonlesional	True	dendritic	dendritic_LAMP3_CCR7	0.31274425302217146	41	0.22774225074400162	41	0.16036477984349196	41	0.18022326988410223	41	0.3823464943457944	41	0.35994618934969236	41	1.1361152846626414	41	0.6884371489876902	41
P5	GSM7120466	baseline	nonlesional	True	dendritic	myeloid_monocyte_macrophage	0.33174218952140905	53	0.24411307825039635	53	0.16944249269860023	53	0.1879718288625322	53	0.4098671865227782	53	0.38216832576601945	53	1.2630688326766422	53	0.7576730439057314	53
P5	GSM7120466	baseline	nonlesional	True	endothelial	endothelial_activated	0.33702819730408945	407	0.24540828654794242	407	0.17537013515653663	407	0.19835176665230855	407	0.38932100197829334	407	0.38827790283189156	407	1.3700730647979378	407	0.7802014883799376	407
P5	GSM7120466	baseline	nonlesional	True	endothelial	endothelial_vascular	0.320337896000224	312	0.2324315418845871	312	0.16757309005730678	312	0.18914022641158662	312	0.3602358053964182	312	0.36349182724650514	312	1.2946548235880893	312	0.7368810248941455	312
P5	GSM7120466	baseline	nonlesional	True	fibroblast	fibroblast_homeostatic_matrix	0.34197414765275924	2937	0.256052331693658	2937	0.17021867445845254	2937	0.20781655178651	2937	0.34663668305137835	2937	0.358692748968611	2937	1.2281867623330143	2937	0.7129980896728949	2937
P5	GSM7120466	baseline	nonlesional	True	fibroblast	fibroblast_inflammatory	0.3128184295666207	265	0.22007396759701658	265	0.13194240645483035	265	0.16995240246332993	265	0.3135760748583371	265	0.3348109767558538	265	1.2762487915186584	265	0.717915149769493	265
P5	GSM7120466	baseline	nonlesional	True	fibroblast	fibroblast_unresolved	0.2543804378522038	12	0.15788748772035757	12	0.0858198756965564	12	0.12855014796881656	12	0.21721801920184838	12	0.20886310789313775	12	0.8080855343990955	12	0.45711965774790797	12
P5	GSM7120466	baseline	nonlesional	True	keratinocyte	keratinocyte_IFN_response	0.22506829759030633	1	0.11398142613894806	1	0.05461386957434012	1	0.08896954696810798	1	0.08835706054628077	1	0.07678647837249296	1	0.2608734638049587	1	0.14669886727615478	1
P5	GSM7120466	baseline	nonlesional	True	keratinocyte	keratinocyte_basal	0.3275325122842543	985	0.22347173418701805	985	0.1307928642089981	985	0.15610780309687022	985	0.3241223637995735	985	0.3232692843584599	985	1.1829608884380682	985	0.6641687757179239	985
P5	GSM7120466	baseline	nonlesional	True	keratinocyte	keratinocyte_inflammatory_T17	0.23816312973814235	24	0.1472842263853	24	0.0740470649319869	24	0.10392988179457859	24	0.19984068709388367	24	0.1978501599248362	24	0.7768558280462527	24	0.4339255912196094	24
P5	GSM7120466	baseline	nonlesional	True	keratinocyte	keratinocyte_proliferative	0.28318051924489995	9	0.2071680805556565	9	0.12544209298493392	9	0.15265200639661725	9	0.30944534827755715	9	0.3353092750221568	9	1.0276315527665176	9	0.5851830940550931	9
P5	GSM7120466	baseline	nonlesional	True	keratinocyte	keratinocyte_spinous_suprabasal	0.30251679684894306	5046	0.20153044924946012	5046	0.11364225491733058	5046	0.1361962342464569	5046	0.3027326811040002	5046	0.28874013901367895	5046	1.1187061795578215	5046	0.6252294345269722	5046
P5	GSM7120466	baseline	nonlesional	True	keratinocyte	keratinocyte_stress_hypoxia	0.23690390466434655	27	0.14772535928583824	27	0.07329193338350375	27	0.10723269528448824	27	0.18101455175471692	27	0.18944146257688252	27	0.6754614233289863	27	0.38294159008397605	27
P5	GSM7120466	baseline	nonlesional	True	mast_cell	mast_cell	0.25573253034431603	71	0.15655692587116818	71	0.09995099027271499	71	0.1221318113368905	71	0.25355796895772115	71	0.24712012599363536	71	1.0289659934560174	71	0.5698136344146131	71
P5	GSM7120466	baseline	nonlesional	True	melanocyte	melanocyte_unresolved	0.38912600620867555	489	0.27182334130141617	489	0.1608841552627049	489	0.1863013674282975	489	0.3622570945914062	489	0.33928557720550656	489	1.1768917675236248	489	0.6801561141787763	489
P5	GSM7120466	baseline	nonlesional	True	myeloid_monocyte	dendritic_LAMP3_CCR7	0.29832490219348057	15	0.22990988383043867	15	0.15697161575672064	15	0.17475365909966173	15	0.3964668045025233	15	0.3706413044731017	15	1.100807665820954	15	0.6727352652285545	15
P5	GSM7120466	baseline	nonlesional	True	myeloid_monocyte	myeloid_monocyte_macrophage	0.3277617124266828	214	0.24086585682720668	214	0.17340014584592528	214	0.19377576789519058	214	0.39650955138921223	214	0.36120421887832854	214	1.0375604074239058	214	0.6455640110572046	214
P5	GSM7120466	baseline	nonlesional	True	myeloid_monocyte	myeloid_monocyte_unresolved	0.2247225228621663	2	0.10840345986814531	2	0.036258185597365974	2	0.07562707958891832	2	0.076610680010115	2	0.05798506858393919	2	0.13573572141903772	2	0.08520163474257521	2
P5	GSM7120466	baseline	nonlesional	True	pericyte_smooth_muscle	pericyte_smooth_muscle_unresolved	0.3073717456156954	824	0.22073125646400768	824	0.14497809050003868	824	0.17850796789363782	824	0.3331272815014819	824	0.35794517058130115	824	1.3158141619821215	824	0.7346667860961204	824
P5	GSM7120466	baseline	nonlesional	True	unassigned	unassigned_unresolved	0.2213292276114865	36	0.12356373366360808	36	0.06355622698602287	36	0.09245590856038056	36	0.16266797062281885	36	0.15025473043169085	36	0.6523323972790288	36	0.3579390554678665	36
P5	GSM7120467	day3	lesional	False	B_cell	B_cell_plasma	0.2634745654337512	55	0.19157671683405983	55	0.13364321275858287	55	0.13927582087400392	55	0.34419819570801646	55	0.3377962086123711	55	1.306970925156982	55	0.7420970396736766	55
P5	GSM7120467	day3	lesional	False	B_cell	B_cell_unresolved	0.26138938598925343	58	0.18637902354370156	58	0.12636426602046583	58	0.1374178038284734	58	0.33008718933821296	58	0.32687832993402943	58	1.3014687702982992	58	0.7341667418236988	58
P5	GSM7120467	day3	lesional	False	NK_cell	T_cell_TRM_T17_like	0.22935036787188326	4	0.1551365677380542	4	0.12312634192443148	4	0.12442110602945891	4	0.24048678128297993	4	0.28787599127431285	4	1.1782045481406043	4	0.6667889697037793	4
P5	GSM7120467	day3	lesional	False	NK_cell	cytotoxic_NK_T	0.2500614724774075	127	0.17966208780866988	127	0.12538406075341313	127	0.13177533663336977	127	0.31334616845986046	127	0.30480288737784833	127	1.296768715448215	127	0.7295207941663787	127
P5	GSM7120467	day3	lesional	False	T_cell	T_cell_TRM_T17_like	0.24295348897569416	495	0.17084855406403032	495	0.12056538119326979	495	0.12580298263205586	495	0.30296077053683146	495	0.3028024638275664	495	1.3113082466008426	495	0.7277923999115	495
P5	GSM7120467	day3	lesional	False	T_cell	cytotoxic_NK_T	0.21130860782516528	7	0.15920795297809795	7	0.11493572582509667	7	0.11535667184925087	7	0.29653425648807735	7	0.29096368563473957	7	1.250646186361884	7	0.6975604075825405	7
P5	GSM7120467	day3	lesional	False	dendritic	dendritic_LAMP3_CCR7	0.27298275262740734	55	0.21368605405211602	55	0.16300953203968563	55	0.16668865252977644	55	0.40879677799909847	55	0.37882649991648365	55	1.3174931282813276	55	0.7828971736777255	55
P5	GSM7120467	day3	lesional	False	dendritic	dendritic_unresolved	0.07799499313437988	1	0.04961582568495836	1	0.04559585989203427	1	0.038406487754238265	1	0.10315591420130175	1	0.09322735199261727	1	0.5202788876311714	1	0.2625015870447524	1
P5	GSM7120467	day3	lesional	False	dendritic	myeloid_monocyte_macrophage	0.266996977185918	37	0.20253217045993033	37	0.14596850464759656	37	0.1517840315757818	37	0.37881514760384094	37	0.3457436574862042	37	1.2737250685449542	37	0.7505406451792275	37
P5	GSM7120467	day3	lesional	False	endothelial	endothelial_activated	0.3384113709030158	173	0.2498101294720908	173	0.17953003338082063	173	0.19883298011626907	173	0.4166997553654829	173	0.3949302255843843	173	1.3221030562913032	173	0.7639500368374947	173
P5	GSM7120467	day3	lesional	False	endothelial	endothelial_vascular	0.3286659620214706	254	0.23873919259886156	254	0.1740417823838309	254	0.19009590370611143	254	0.3950706116829271	254	0.36632031153567046	254	1.2489027893225793	254	0.7189210194869446	254
P5	GSM7120467	day3	lesional	False	fibroblast	fibroblast_homeostatic_matrix	0.33250191154736725	2122	0.24903779549745098	2122	0.16723431396943603	2122	0.19961150383406323	2122	0.35824885144025104	2122	0.34410277326326755	2122	1.184537325503401	2122	0.6920572911244763	2122
P5	GSM7120467	day3	lesional	False	fibroblast	fibroblast_inflammatory	0.3059178437058612	58	0.2308317629280178	58	0.14834186024192303	58	0.17515334858557355	58	0.3598577052351438	58	0.35699562840502297	58	1.2618447488176034	58	0.7246900417085879	58
P5	GSM7120467	day3	lesional	False	keratinocyte	keratinocyte_IFN_response	0.29305311074192586	11	0.213505189757863	11	0.14396354196496347	11	0.15915447432309768	11	0.32412304328119945	11	0.30674614675785256	11	1.0043914355468209	11	0.5924125255385456	11
P5	GSM7120467	day3	lesional	False	keratinocyte	keratinocyte_basal	0.33702200085842265	3733	0.2229631205000781	3733	0.12420943559552622	3733	0.1484036456316017	3733	0.3263310213045759	3733	0.30925630538398996	3733	1.0340603626335927	3733	0.5914282266658655	3733
P5	GSM7120467	day3	lesional	False	keratinocyte	keratinocyte_inflammatory_T17	0.24430109726745222	3911	0.16090954415535974	3911	0.09232343158609531	3911	0.1043208208226281	3911	0.27118363523811745	3911	0.2554988621722684	3911	1.0282165898811	3911	0.5660165926767902	3911
P5	GSM7120467	day3	lesional	False	keratinocyte	keratinocyte_proliferative	0.301066638825937	5	0.1933324876389801	5	0.1373844956678602	5	0.1631837804670267	5	0.2728882088638633	5	0.26440106464150503	5	0.8511182072222656	5	0.5023461358701777	5
P5	GSM7120467	day3	lesional	False	keratinocyte	keratinocyte_spinous_suprabasal	0.24460010571730278	2934	0.1530998990083553	2934	0.08596237353573748	2934	0.11028910858356454	2934	0.21775588211444805	2934	0.20751525915167565	2934	0.7609490103247912	2934	0.429109793082924	2934
P5	GSM7120467	day3	lesional	False	keratinocyte	keratinocyte_stress_hypoxia	0.28133207561807994	36	0.20533891705242133	36	0.1380236802567708	36	0.15690199302044722	36	0.33592084461987015	36	0.32524097176677874	36	1.1561497271297851	36	0.6576476692246349	36
P5	GSM7120467	day3	lesional	False	mast_cell	mast_cell	0.22006447854232977	236	0.1284702925350906	236	0.07350771081524478	236	0.09258222713115327	236	0.2063734914932329	236	0.19513183158426553	236	0.8940391967927735	236	0.4890657243571898	236
P5	GSM7120467	day3	lesional	False	melanocyte	melanocyte_unresolved	0.3947425570998473	84	0.27573075048824275	84	0.160521508459424	84	0.18499045936940298	84	0.3795142469868041	84	0.34029731798956014	84	0.9868988328097738	84	0.5930755844461302	84
P5	GSM7120467	day3	lesional	False	myeloid_monocyte	dendritic_LAMP3_CCR7	0.2475130783515048	35	0.17757550909871944	35	0.12940995801615476	35	0.14007285113589743	35	0.3308783098932048	35	0.3089161182994253	35	1.1712299544305813	35	0.681091925579651	35
P5	GSM7120467	day3	lesional	False	myeloid_monocyte	myeloid_monocyte_macrophage	0.27953507148142465	401	0.21369474499414445	401	0.15570069459495584	401	0.1642875701582897	401	0.3895009573869167	401	0.34141676640383245	401	1.1649950910910154	401	0.6988928069049085	401
P5	GSM7120467	day3	lesional	False	myeloid_monocyte	myeloid_monocyte_unresolved	0.1943676577306187	3	0.10369451749914504	3	0.053883700150499016	3	0.07555211861335466	3	0.19475884932558404	3	0.16904479590325097	3	1.1087126071659357	3	0.5599322059103466	3
P5	GSM7120467	day3	lesional	False	pericyte_smooth_muscle	pericyte_smooth_muscle_unresolved	0.3102447890488151	492	0.22654792406373958	492	0.16004917264918378	492	0.18195036759048486	492	0.371792426809229	492	0.36632387650708237	492	1.3080867652830104	492	0.7381798830126053	492
P5	GSM7120468	day14	lesional	False	B_cell	B_cell_plasma	0.32238059137368097	12	0.23689359444662414	12	0.15472232001640196	12	0.1771118838741144	12	0.39701704027519796	12	0.3799793585655669	12	1.2980350718694693	12	0.743927994028102	12
P5	GSM7120468	day14	lesional	False	B_cell	B_cell_unresolved	0.3207372619562774	26	0.22577153272699732	26	0.15406754946034504	26	0.1705911223783163	26	0.388686539626657	26	0.36559735222793055	26	1.2199595722980505	26	0.7194503462943584	26
P5	GSM7120468	day14	lesional	False	NK_cell	T_cell_TRM_T17_like	0.2923842489413164	1	0.2062321863109401	1	0.14399458681250882	1	0.15614104316728616	1	0.3540301832475529	1	0.32788726162819637	1	1.3864001631788212	1	0.7812781770214495	1
P5	GSM7120468	day14	lesional	False	NK_cell	cytotoxic_NK_T	0.29073445607373943	6	0.2013912122020833	6	0.14984192388376638	6	0.1593491628828705	6	0.31490264775096566	6	0.33772154667022075	6	1.2841020436476365	6	0.7349697257322717	6
P5	GSM7120468	day14	lesional	False	T_cell	T_cell_TRM_T17_like	0.2664367619851384	54	0.18674142339882566	54	0.12919714300284282	54	0.14332252328176576	54	0.3059436026854853	54	0.31277400062966804	54	1.303234138366102	54	0.7287724640017053	54
P5	GSM7120468	day14	lesional	False	dendritic	dendritic_LAMP3_CCR7	0.2779049801581291	19	0.1982973177988729	19	0.1415737969547537	19	0.16124135011162452	19	0.3085686633101298	19	0.29874550530627325	19	1.020527461780243	19	0.6099059949901315	19
P5	GSM7120468	day14	lesional	False	dendritic	myeloid_monocyte_macrophage	0.3193579721713138	36	0.2380847787096304	36	0.16937877839758236	36	0.18356635415604924	36	0.4021574443318236	36	0.382866286903415	36	1.311777817933581	36	0.7864909232939633	36
P5	GSM7120468	day14	lesional	False	endothelial	endothelial_activated	0.31903009231644464	30	0.2359157616438331	30	0.17371483083811745	30	0.19602104569729623	30	0.36901568226902726	30	0.37127358028026375	30	1.2643884846565867	30	0.7261166083046624	30
P5	GSM7120468	day14	lesional	False	endothelial	endothelial_vascular	0.29749535858714915	51	0.21262047585894644	51	0.15835699259180983	51	0.18608548510696388	51	0.3108010210060617	51	0.3031337241607631	51	0.9496168474297949	51	0.5544211570254287	51
P5	GSM7120468	day14	lesional	False	fibroblast	fibroblast_homeostatic_matrix	0.281854982755783	1384	0.18512764823775005	1384	0.11665109373558148	1384	0.16565582460667672	1384	0.18944850541210304	1384	0.19927773000023488	1384	0.5644538567207195	1384	0.33515016712543105	1384
P5	GSM7120468	day14	lesional	False	fibroblast	fibroblast_inflammatory	0.2962158807560875	4	0.1960500422963174	4	0.12719662299148182	4	0.16981936235734887	4	0.2597575870915143	4	0.26099507845055836	4	0.7827998861554526	4	0.4671740801072554	4
P5	GSM7120468	day14	lesional	False	keratinocyte	keratinocyte_IFN_response	0.4021748256373381	1	0.2875423816597853	1	0.19703298514910972	1	0.20500021408957303	1	0.5344723218182882	1	0.48078709579196566	1	1.5040062079191119	1	0.8948129039604675	1
P5	GSM7120468	day14	lesional	False	keratinocyte	keratinocyte_basal	0.33607305739962146	3820	0.22450064659355054	3820	0.12916153457696722	3820	0.15806033380491893	3820	0.30968245531906763	3820	0.2953669412829086	3820	0.9840213427532968	3820	0.565894293584032	3820
P5	GSM7120468	day14	lesional	False	keratinocyte	keratinocyte_inflammatory_T17	0.3643144678413233	137	0.24598313379238496	137	0.1435369733442422	137	0.1591020084050627	137	0.40333931993946165	137	0.36399357763048845	137	1.185188985632672	137	0.6816243585411363	137
P5	GSM7120468	day14	lesional	False	keratinocyte	keratinocyte_proliferative	0.42678347051515	2	0.29460254248253787	2	0.18298030387993974	2	0.19980204206545601	2	0.4602512164249596	2	0.43846128226799197	2	1.39423731775494	2	0.7989542393169016	2
P5	GSM7120468	day14	lesional	False	keratinocyte	keratinocyte_spinous_suprabasal	0.2501228704831003	9168	0.1530934328113138	9168	0.08573390126911724	9168	0.11969690401706026	9168	0.18394103562484634	9168	0.17974501688217234	9168	0.5785166145057316	9168	0.33387573442439017	9168
P5	GSM7120468	day14	lesional	False	keratinocyte	keratinocyte_stress_hypoxia	0.3083003487800647	8	0.20930776121866818	8	0.1347258921451153	8	0.16616733654266416	8	0.2928526922253042	8	0.2882532175542864	8	0.8744374528388443	8	0.518628895909267	8
P5	GSM7120468	day14	lesional	False	mast_cell	mast_cell	0.25143647647964584	437	0.14088790312506952	437	0.07700649283655876	437	0.10435450253716082	437	0.21486507182630102	437	0.20512979688991057	437	0.9639098573168905	437	0.5222866749427939	437
P5	GSM7120468	day14	lesional	False	melanocyte	melanocyte_unresolved	0.4062562382603235	90	0.283651996911693	90	0.16562520052510624	90	0.19120584026836443	90	0.3866571482532795	90	0.34330393275587173	90	0.9579424206274624	90	0.5791673364718481	90
P5	GSM7120468	day14	lesional	False	myeloid_monocyte	dendritic_LAMP3_CCR7	0.32119548245883967	4	0.23600359487481964	4	0.1766415437114449	4	0.1883266346659932	4	0.40390319405092867	4	0.37761395980839113	4	1.2843681123014443	4	0.7654244740802276	4
P5	GSM7120468	day14	lesional	False	myeloid_monocyte	myeloid_monocyte_macrophage	0.33032051813895663	109	0.24706544074566558	109	0.18198985182886876	109	0.19792166201523823	109	0.42265066056464884	109	0.37530573839617504	109	1.202027051800126	109	0.7318692398056104	109
P5	GSM7120468	day14	lesional	False	pericyte_smooth_muscle	pericyte_smooth_muscle_unresolved	0.29408579608838	309	0.20189613807658557	309	0.14521386114077717	309	0.18102412271175247	309	0.26483678502991836	309	0.2668740468738305	309	0.7831986597610744	309	0.4595491808007172	309
