phen	h2.obs	h2.latent	ascertained	p	locus	chr	start	stop	fdr_within_pheno
psoriasis	0.000300133	0.00104989	FALSE	0.00712043	1	1	10539	1376204	0.0161896092631579
psa	0.000901343	0.00187367	FALSE	0.0187505	1	1	10539	1376204	0.0498476407103825
crohn	0.000111725	0.000193475	FALSE	0.313756	1	1	10539	1376204	0.335855727839003
uc	0.000784593	0.00141651	FALSE	0.00149391	1	1	10539	1376204	0.00481030258064516
cad	1.27448e-05	2.47417e-05	FALSE	0.239535	1	1	10539	1376204	0.261242581306629
psoriasis	0.000104128	0.000364248	FALSE	0.167184	2	1	1376205	2215495	0.20837705712637
crohn	0.0015424	0.00267097	FALSE	3.41929e-06	2	1	1376205	2215495	2.61599104794521e-05
uc	0.000743594	0.00134249	FALSE	0.00300229	2	1	1376205	2215495	0.00843820020460358
cad	0.000115947	0.00022509	FALSE	2.42522e-06	2	1	1376205	2215495	1.51543118579235e-05
psoriasis	0.000317899	0.00111204	FALSE	0.0193114	3	1	2215496	2983519	0.036208875
crohn	0.000218741	0.000378794	FALSE	0.262862	3	1	2215496	2983519	0.289991954567901
uc	0.00190906	0.00344663	FALSE	4.06501e-07	3	1	2215496	2983519	6.07262718367347e-06
cad	0.000195305	0.000379147	FALSE	3.61391e-09	3	1	2215496	2983519	5.03964156707317e-08
psoriasis	0.000566249	0.00198079	FALSE	0.00106384	4	1	2983520	3582047	0.0033351152394775
psa	0.0022878	0.00475578	FALSE	0.000597071	4	1	2983520	3582047	0.00410565429681979
crohn	0.000239491	0.000414726	FALSE	0.272456	4	1	2983520	3582047	0.299246167158309
uc	0.000348045	0.000628365	FALSE	0.167252	4	1	2983520	3582047	0.207388702428007
cad	0.000262585	0.00050976	FALSE	7.4589e-12	4	1	2983520	3582047	1.85418525e-10
psoriasis	0.000438879	0.00153524	FALSE	0.00450912	5	1	3582048	4281476	0.0111057003420753
psa	0.00144435	0.00300246	FALSE	0.0112614	5	1	3582048	4281476	0.0347852133333333
crohn	0.000522115	0.000904146	FALSE	0.0920729	5	1	3582048	4281476	0.122800512597015
uc	0.00103581	0.00187006	FALSE	0.0026705	5	1	3582048	4281476	0.00767593979057592
cad	4.20938e-05	8.17172e-05	FALSE	0.0744116	5	1	3582048	4281476	0.0979167601841197
psoriasis	0.000299314	0.00104703	FALSE	0.0349129	6	1	4281477	4773403	0.0594262127659574
crohn	0.000844312	0.0014621	FALSE	0.023999	6	1	4281477	4773403	0.0420852984301413
uc	0.000711736	0.00128498	FALSE	0.0280976	6	1	4281477	4773403	0.0491260585987261
cad	0.000124949	0.000242566	FALSE	0.000114683	6	1	4281477	4773403	0.000415347425632911
psoriasis	1.16334e-05	4.06947e-05	FALSE	0.456325	7	1	4773404	5362404	0.461317173607861
crohn	0.000215571	0.000373305	FALSE	0.294339	7	1	4773404	5362404	0.319114055312955
uc	0.000687862	0.00124187	FALSE	0.037377	7	1	4773404	5362404	0.0612079731543624
cad	4.32104e-05	8.38848e-05	FALSE	0.0865107	7	1	4773404	5362404	0.11102691969697
psoriasis	0.000574216	0.00200866	FALSE	0.000647598	8	1	5362405	6136814	0.00219938943396226
psa	0.000975013	0.00202681	FALSE	0.0654648	8	1	5362405	6136814	0.119731673684211
crohn	0.00111072	0.00192344	FALSE	0.00615745	8	1	5362405	6136814	0.0139228171052632
uc	0.000459326	0.000829273	FALSE	0.103828	8	1	5362405	6136814	0.141355417234966
cad	9.88545e-05	0.000191907	FALSE	0.00151727	8	1	5362405	6136814	0.00370726120726496
psoriasis	0.000253292	0.000886039	FALSE	0.102773	9	1	6136815	7711794	0.141125034965035
psa	0.000888952	0.00184791	FALSE	0.125801	9	1	6136815	7711794	0.191107530054645
crohn	0.0012713	0.00220152	FALSE	0.00880118	9	1	6136815	7711794	0.0185314195287465
uc	0.000702371	0.00126807	FALSE	0.0608053	9	1	6136815	7711794	0.0915187885010267
cad	0.000128623	0.000249698	FALSE	0.000764536	9	1	6136815	7711794	0.00209903221128451
psoriasis	0.00142522	0.00498557	FALSE	2.83201e-14	10	1	7711795	8580987	1.22342832e-12
psa	0.000511166	0.00106259	FALSE	0.171863	10	1	7711795	8580987	0.237701064676617
crohn	0.0027205	0.0047111	FALSE	1.21392e-09	10	1	7711795	8580987	2.76724212244898e-08
uc	0.00134842	0.00243446	FALSE	0.000100476	10	1	7711795	8580987	0.000548868895522388
cad	7.95468e-05	0.000154425	FALSE	0.00313982	10	1	7711795	8580987	0.00666738007428041
psoriasis	0.000908782	0.00317901	FALSE	2.04377e-06	11	1	8580988	9475966	1.78005774193548e-05
psa	0.000539953	0.00112243	FALSE	0.200245	11	1	8580988	9475966	0.262232012113055
crohn	0.0019701	0.00341163	FALSE	2.90837e-05	11	1	8580988	9475966	0.000158085123600973
uc	0.00152604	0.00275513	FALSE	0.000152755	11	1	8580988	9475966	0.000758936606334842
cad	0.000104007	0.00020191	FALSE	0.00136078	11	1	8580988	9475966	0.00340865702081051
psoriasis	0.000546461	0.00191157	FALSE	0.000496693	12	1	9475967	10753427	0.00180186402684564
crohn	0.000327172	0.000566565	FALSE	0.185121	12	1	9475967	10753427	0.218237632717678
cad	5.35521e-05	0.000103961	FALSE	0.0314171	12	1	9475967	10753427	0.0473014533903884
psoriasis	0.000706659	0.00247196	FALSE	5.11263e-05	13	1	10753428	11709173	0.00027608202
psa	0.000852481	0.0017721	FALSE	0.0851117	13	1	10753428	11709173	0.144671248558952
crohn	0.00135484	0.00234617	FALSE	0.00109724	13	1	10753428	11709173	0.00328143796519411
uc	0.000441401	0.000796911	FALSE	0.105917	13	1	10753428	11709173	0.143665059913527
cad	4.50061e-05	8.73708e-05	FALSE	0.0679098	13	1	10753428	11709173	0.0909576010526316
psoriasis	0.00169713	0.00593671	FALSE	1.82464e-13	14	1	11709174	13481025	7.16585890909091e-12
psa	0.00292023	0.00607044	FALSE	0.000105009	14	1	11709174	13481025	0.00108505459259259
crohn	0.00225415	0.00390351	FALSE	9.32586e-06	14	1	11709174	13481025	6.00402629394813e-05
uc	0.00145982	0.00263558	FALSE	0.000520191	14	1	11709174	13481025	0.00200410427368421
cad	0.000131536	0.000255352	FALSE	0.000245252	14	1	11709174	13481025	0.000812885976811594
psoriasis	0.000702613	0.00245781	FALSE	0.000357037	15	1	13481026	14720131	0.00135884154929577
psa	0.00118391	0.00246106	FALSE	0.0581157	15	1	13481026	14720131	0.110442531445312
crohn	0.00177098	0.0030668	FALSE	0.000407925	15	1	13481026	14720131	0.00143286863207547
uc	0.00105493	0.00190458	FALSE	0.00912828	15	1	13481026	14720131	0.0199325419085487
cad	4.09735e-05	7.95424e-05	FALSE	0.124417	15	1	13481026	14720131	0.150471538339503
psoriasis	0.000693091	0.0024245	FALSE	0.000753939	16	1	14720132	15755230	0.0024862721221374
psa	0.00333704	0.0069369	FALSE	5.94117e-05	16	1	14720132	15755230	0.000672181210465116
crohn	0.00250267	0.00433387	FALSE	7.20204e-06	16	1	14720132	15755230	4.78849921428571e-05
uc	0.00228078	0.00411774	FALSE	3.55203e-06	16	1	14720132	15755230	3.51540032432432e-05
cad	0.000156836	0.000304468	FALSE	8.63191e-05	16	1	14720132	15755230	0.000327382722553897
psoriasis	0.000195599	0.000684225	FALSE	0.0613725	17	1	15755231	16732168	0.0932896551724138
psa	0.00193582	0.00402409	FALSE	0.000245013	17	1	15755231	16732168	0.00211801615789474
crohn	0.00087632	0.00151752	FALSE	0.00556413	17	1	15755231	16732168	0.0127883399382716
uc	0.000439047	0.000792661	FALSE	0.0608715	17	1	15755231	16732168	0.0915187885010267
cad	4.44923e-05	8.63734e-05	FALSE	0.0336792	17	1	15755231	16732168	0.050375624852845
psoriasis	0.000174216	0.000609425	FALSE	0.0694283	18	1	16732169	17557746	0.103210686854783
uc	0.000276741	0.000499631	FALSE	0.13387	18	1	16732169	17557746	0.173643544004725
cad	5.67709e-05	0.00011021	FALSE	0.00736905	18	1	16732169	17557746	0.013586070008058
psoriasis	0.00104086	0.00364101	FALSE	8.57823e-08	19	1	17557747	18427820	1.16534445283019e-06
psa	0.000576488	0.00119838	FALSE	0.182764	19	1	17557747	18427820	0.24735852294854
crohn	0.00024026	0.000416059	FALSE	0.275262	19	1	17557747	18427820	0.301586713094654
uc	0.00124765	0.00225252	FALSE	0.00112639	19	1	17557747	18427820	0.00381721055555556
cad	0.00014044	0.000272638	FALSE	3.9786e-05	19	1	17557747	18427820	0.000163946994594595
psoriasis	0.000626389	0.00219117	FALSE	0.00160125	20	1	18427821	19238924	0.00471855388813097
psa	0.000812819	0.00168965	FALSE	0.142591	20	1	18427821	19238924	0.208930168421053
crohn	0.00274431	0.00475233	FALSE	8.35419e-07	20	1	18427821	19238924	7.68035409876543e-06
uc	0.000969411	0.00175019	FALSE	0.0171648	20	1	18427821	19238924	0.033035846450482
cad	0.000184862	0.000358875	FALSE	4.80542e-06	20	1	18427821	19238924	2.7002446044226e-05
psoriasis	0.000299728	0.00104848	FALSE	0.0549986	21	1	19238925	20556202	0.0858980303687636
psa	0.00275038	0.00571736	FALSE	0.000240748	21	1	19238925	20556202	0.00210892295964126
crohn	0.000317312	0.000549489	FALSE	0.240543	21	1	19238925	20556202	0.268955486486486
uc	0.0135906	0.0245366	FALSE	3.25093e-82	21	1	19238925	20556202	7.13904228e-79
cad	0.000231082	0.000448603	FALSE	8.51862e-09	21	1	19238925	20556202	1.09759168707865e-07
psoriasis	0.000206993	0.00072408	FALSE	0.082284	22	1	20556203	21416121	0.117860371352785
psa	3.53158e-05	7.34128e-05	FALSE	0.457577	22	1	20556203	21416121	0.464984251697128
uc	0.00137083	0.00247492	FALSE	0.000128109	22	1	20556203	21416121	0.000665642382978723
cad	0.000127337	0.000247202	FALSE	3.43999e-05	22	1	20556203	21416121	0.000144088958424908
psoriasis	0.000103567	0.000362288	FALSE	0.220671	23	1	21416122	22145629	0.260291194762684
psa	0.000250946	0.000521655	FALSE	0.308579	23	1	21416122	22145629	0.35680019845514
crohn	0.000613036	0.0010616	FALSE	0.0492235	23	1	21416122	22145629	0.075681554714384
uc	0.000726777	0.00131213	FALSE	0.0149744	23	1	21416122	22145629	0.0298400929219601
cad	7.80274e-05	0.000151476	FALSE	0.00349593	23	1	21416122	22145629	0.00726835628181818
psoriasis	2.65114e-05	9.27396e-05	FALSE	0.407805	24	1	22145630	22740287	0.419656407813244
psa	0.000469025	0.000974988	FALSE	0.192844	24	1	22145630	22740287	0.255288723809524
crohn	0.00126784	0.00219552	FALSE	0.000899768	24	1	22145630	22740287	0.00277252649931034
uc	0.0037469	0.00676469	FALSE	1.45084e-17	24	1	22145630	22740287	2.12402976e-15
cad	0.000117962	0.000229	FALSE	6.73593e-05	24	1	22145630	22740287	0.000264237940137221
psoriasis	9.16397e-05	0.000320564	FALSE	0.268273	25	1	22740288	23907045	0.303387267015707
crohn	0.000983055	0.00170236	FALSE	0.0107348	25	1	22740288	23907045	0.0218014029090909
uc	0.000722257	0.00130397	FALSE	0.0249364	25	1	22740288	23907045	0.0447388352941177
cad	4.04952e-05	7.86139e-05	FALSE	0.0879434	25	1	22740288	23907045	0.11248688803132
psoriasis	0.00692596	0.0242277	FALSE	2.15734e-92	26	1	23907046	25885138	1.5532848e-89
psa	0.00969021	0.0201436	FALSE	2.2189e-22	26	1	23907046	25885138	1.07949485e-19
crohn	0.0028927	0.00500929	FALSE	2.42833e-07	26	1	23907046	25885138	2.59564077511962e-06
uc	0.00233907	0.00422299	FALSE	1.33951e-06	26	1	23907046	25885138	1.607412e-05
cad	0.000129936	0.000252246	FALSE	0.000575919	26	1	23907046	25885138	0.00165676321132075
psoriasis	0.000780183	0.00272915	FALSE	2.08452e-05	27	1	25885139	27992665	0.000131653894736842
crohn	0.00263353	0.00456049	FALSE	8.49552e-08	27	1	25885139	27992665	1.03146693913043e-06
uc	0.00084959	0.00153386	FALSE	0.0148402	27	1	25885139	27992665	0.0296122920980926
cad	0.000152463	0.000295977	FALSE	1.03233e-05	27	1	25885139	27992665	5.20030552863436e-05
psoriasis	0.000305584	0.00106896	FALSE	0.00955461	28	1	27992666	29188426	0.020514868389662
psa	0.000307151	0.000638493	FALSE	0.240093	28	1	27992666	29188426	0.2979725625
crohn	0.00101019	0.00174935	FALSE	0.00154094	28	1	27992666	29188426	0.0043741549682338
uc	0.000446322	0.000805794	FALSE	0.0520686	28	1	27992666	29188426	0.0809219006369427
cad	5.7824e-05	0.000112255	FALSE	0.00863479	28	1	27992666	29188426	0.0156356015281077
psoriasis	0.00020683	0.000723511	FALSE	0.110295	29	1	29188427	30405182	0.149458720200753
psa	0.00222915	0.00463386	FALSE	0.000950251	29	1	29188427	30405182	0.00574282126086957
crohn	0.00158764	0.00274931	FALSE	0.000411508	29	1	29188427	30405182	0.00144318504238619
uc	0.000860896	0.00155427	FALSE	0.0148259	29	1	29188427	30405182	0.0296122920980926
cad	0.000155881	0.000302614	FALSE	8.71314e-06	29	1	29188427	30405182	4.4679262735426e-05
psoriasis	0.000473643	0.00165685	FALSE	0.00777478	30	1	30405183	31639217	0.0172755823227133
psa	0.00159383	0.00331319	FALSE	0.0172363	30	1	30405183	31639217	0.0472420278873239
crohn	0.000716256	0.00124034	FALSE	0.0677616	30	1	30405183	31639217	0.0970380861538462
uc	0.00147108	0.0026559	FALSE	0.00056414	30	1	30405183	31639217	0.00213201791752577
cad	4.87973e-05	9.47309e-05	FALSE	0.0824566	30	1	30405183	31639217	0.106661902828054
psoriasis	0.000410887	0.00143732	FALSE	0.00371967	31	1	31639218	33066846	0.00946347137809187
psa	0.00027835	0.000578621	FALSE	0.290867	31	1	31639218	33066846	0.341803853864734
crohn	0.000119033	0.00020613	FALSE	0.352411	31	1	31639218	33066846	0.37118631494578
uc	0.000281487	0.0005082	FALSE	0.178526	31	1	31639218	33066846	0.21780172
cad	7.47507e-05	0.000145114	FALSE	0.00456228	31	1	31639218	33066846	0.00909671696599826
psoriasis	0.000813179	0.00284458	FALSE	6.98395e-06	32	1	33066847	34371022	5.18396288659794e-05
crohn	0.00171347	0.00296721	FALSE	0.000118396	32	1	33066847	34371022	0.000509627483622351
uc	0.00103843	0.00187479	FALSE	0.00397971	32	1	33066847	34371022	0.010501256182473
cad	3.18577e-05	6.18457e-05	FALSE	0.145689	32	1	33066847	34371022	0.171482626351004
psoriasis	0.000281759	0.000985618	FALSE	0.0456818	33	1	34371023	35201626	0.0741342509391435
psa	9.76101e-05	0.000202908	FALSE	0.422829	33	1	34371023	35201626	0.443884270386266
crohn	0.000409187	0.00070859	FALSE	0.159065	33	1	34371023	35201626	0.193335805223069
uc	0.000800629	0.00144547	FALSE	0.0182258	33	1	34371023	35201626	0.0346827181975737
cad	2.87818e-05	5.58744e-05	FALSE	0.169208	33	1	34371023	35201626	0.193974283709273
psoriasis	0.000135124	0.000472676	FALSE	0.157279	34	1	35201627	36855139	0.198204574095683
crohn	0.00148336	0.00256873	FALSE	9.25789e-05	34	1	35201627	36855139	0.000415303740160643
cad	6.60919e-05	0.000128305	FALSE	0.00781247	34	1	35201627	36855139	0.0143112000480384
psoriasis	0.000563578	0.00197145	FALSE	0.00248579	35	1	36855140	38474036	0.00679659037974683
psa	0.000689395	0.00143308	FALSE	0.167279	35	1	36855140	38474036	0.233854119252874
crohn	0.00223231	0.00386569	FALSE	1.51468e-05	35	1	36855140	38474036	8.99945510638298e-05
uc	0.00159185	0.00287394	FALSE	0.000252392	35	1	36855140	38474036	0.001108505664
cad	0.000190862	0.000370524	FALSE	1.05082e-06	35	1	36855140	38474036	7.5100791875e-06
psoriasis	0.0017046	0.00596287	FALSE	1.05865e-12	36	1	38474037	40200950	3.74866229508197e-11
psa	0.00083743	0.00174081	FALSE	0.135307	36	1	38474037	40200950	0.200855952779893
crohn	0.00136962	0.00237177	FALSE	0.00494596	36	1	38474037	40200950	0.011586732327044
uc	0.00142031	0.00256424	FALSE	0.00131703	36	1	38474037	40200950	0.00433612875562219
cad	0.000312032	0.000605751	FALSE	2.20783e-12	36	1	38474037	40200950	6.55754183116883e-11
psoriasis	0.000169775	0.00059389	FALSE	0.111166	37	1	40200951	41093875	0.150167954971857
psa	0.000418494	0.000869948	FALSE	0.209706	37	1	40200951	41093875	0.270615302387268
crohn	0.000383329	0.000663812	FALSE	0.136358	37	1	40200951	41093875	0.170276004471772
uc	0.000427942	0.000772612	FALSE	0.0855993	37	1	40200951	41093875	0.120189298465473
cad	5.36779e-05	0.000104206	FALSE	0.0246674	37	1	40200951	41093875	0.038481817053206
psoriasis	0.000239286	0.000837045	FALSE	0.054134	38	1	41093876	41977966	0.0849160784313726
psa	0.00110695	0.00230107	FALSE	0.0308355	38	1	41093876	41977966	0.0699369265734266
crohn	0.00156204	0.00270498	FALSE	0.000113376	38	1	41093876	41977966	0.000492625196116505
uc	0.00156156	0.00281926	FALSE	1.83371e-05	38	1	41093876	41977966	0.000133942867774086
cad	8.61649e-05	0.000167273	FALSE	0.00207235	38	1	41093876	41977966	0.0047065188182721
psoriasis	0.00050863	0.00177924	FALSE	0.00130809	39	1	41977967	43512669	0.00394291882845188
psa	0.0003791	0.000788056	FALSE	0.252873	39	1	41977967	43512669	0.309491105660377
crohn	0.00147468	0.0025537	FALSE	0.000387262	39	1	41977967	43512669	0.00137929287619048
uc	0.000233181	0.000420989	FALSE	0.238942	39	1	41977967	43512669	0.273860455114823
cad	8.81222e-05	0.000171073	FALSE	0.00258609	39	1	41977967	43512669	0.00564889
psoriasis	0.000890982	0.00311674	FALSE	4.86141e-06	40	1	43512670	45167235	3.74540925266904e-05
crohn	0.000767438	0.00132897	FALSE	0.0484025	40	1	43512670	45167235	0.0746801994478951
uc	0.00246976	0.00445894	FALSE	5.7385e-08	40	1	43512670	45167235	1.0863574137931e-06
cad	0.000167683	0.000325526	FALSE	5.12455e-06	40	1	43512670	45167235	2.83773507263923e-05
psoriasis	0.000402865	0.00140926	FALSE	0.00365656	41	1	45167236	47257261	0.00933507626918536
crohn	0.000720149	0.00124708	FALSE	0.0244373	41	1	45167236	47257261	0.0426086310210444
uc	0.00125501	0.00226582	FALSE	0.000158158	41	1	45167236	47257261	0.000782240918918919
cad	0.000139	0.000269842	FALSE	2.81642e-06	41	1	45167236	47257261	1.73149261827957e-05
uc	0.000686216	0.0012389	FALSE	0.0131048	42	1	47257262	48105233	0.0268202616961789
cad	5.26848e-05	0.000102278	FALSE	0.0201128	42	1	47257262	48105233	0.0322340389628591
psoriasis	0.000298569	0.00104442	FALSE	0.0331628	43	1	48105234	49185414	0.0569408966613673
psa	0.00217958	0.00453081	FALSE	0.000648513	43	1	48105234	49185414	0.00430718873037543
crohn	0.000694864	0.0012033	FALSE	0.0461673	43	1	48105234	49185414	0.0718229444289694
uc	0.000868093	0.00156727	FALSE	0.0100602	43	1	48105234	49185414	0.0216802739941119
cad	5.39993e-05	0.000104829	FALSE	0.0384949	43	1	48105234	49185414	0.0561107943275972
psoriasis	5.04029e-06	1.76314e-05	FALSE	0.465749	44	1	49185415	51777577	0.46835094972067
psa	0.000981954	0.00204124	FALSE	0.0370063	44	1	49185415	51777577	0.0801940532293987
crohn	0.000549664	0.000951853	FALSE	0.0604529	44	1	49185415	51777577	0.0889669160737813
uc	0.000405209	0.000731569	FALSE	0.09235	44	1	49185415	51777577	0.127788657844991
cad	5.77666e-05	0.000112143	FALSE	0.0163425	44	1	49185415	51777577	0.0269274477665706
uc	0.000559623	0.00101035	FALSE	0.0191915	45	1	51777578	53114186	0.0361445403087479
cad	1.98749e-05	3.85834e-05	FALSE	0.167734	45	1	51777578	53114186	0.192574125502008
psoriasis	0.000704878	0.00246573	FALSE	0.000345981	46	1	53114187	54771293	0.00132268842477876
psa	0.00192136	0.00399405	FALSE	0.00711916	46	1	53114187	54771293	0.0248931830879713
crohn	0.00174794	0.00302692	FALSE	0.000481368	46	1	53114187	54771293	0.00164682406125574
uc	0.0013145	0.00237322	FALSE	0.00200533	46	1	53114187	54771293	0.00607407542068966
cad	0.000199703	0.000387686	FALSE	6.07113e-07	46	1	53114187	54771293	4.67497451515152e-06
psoriasis	0.00123378	0.00431586	FALSE	5.03787e-09	47	1	54771294	55727134	8.91950754098361e-08
psa	0.000899491	0.00186982	FALSE	0.101364	47	1	54771294	55727134	0.164241751873439
crohn	0.00173201	0.00299932	FALSE	0.000315333	47	1	54771294	55727134	0.00116246521782178
uc	0.000799001	0.00144253	FALSE	0.0279849	47	1	54771294	55727134	0.0490461615323224
cad	0.00042703	0.000828998	FALSE	3.3957e-21	47	1	54771294	55727134	2.87628366666667e-19
psoriasis	0.000417116	0.00145911	FALSE	0.00485659	48	1	55727135	56799636	0.0118399936794582
psa	0.00185596	0.00385809	FALSE	0.00190828	48	1	55727135	56799636	0.00985016679045093
crohn	0.000727561	0.00125992	FALSE	0.0339335	48	1	55727135	56799636	0.0556180770359501
uc	0.00104321	0.00188341	FALSE	0.00224474	48	1	55727135	56799636	0.00668853329715061
cad	0.000128022	0.00024853	FALSE	3.94305e-05	48	1	55727135	56799636	0.00016277536732852
psoriasis	0.000251476	0.000879689	FALSE	0.0539756	49	1	56799637	57529670	0.0847291395348837
psa	0.000742431	0.00154333	FALSE	0.106864	49	1	56799637	57529670	0.17115830781893
crohn	0.000810148	0.00140293	FALSE	0.0236298	49	1	56799637	57529670	0.0415334171518489
uc	0.000850958	0.00153633	FALSE	0.0097108	49	1	56799637	57529670	0.0209890913385827
cad	0.000318699	0.000618694	FALSE	1.11407e-16	49	1	56799637	57529670	6.0663764047619e-15
psoriasis	0.000314337	0.00109958	FALSE	0.0278626	50	1	57529671	58387483	0.049377174733388
psa	0.00169792	0.00352955	FALSE	0.00522768	50	1	57529671	58387483	0.0199941750884086
crohn	0.00123005	0.00213008	FALSE	0.00253685	50	1	57529671	58387483	0.00670689100591716
uc	0.00141319	0.00255138	FALSE	0.00018619	50	1	57529671	58387483	0.000896651842105263
cad	9.84159e-05	0.000191056	FALSE	0.00128285	50	1	57529671	58387483	0.003242966
psoriasis	0.000728348	0.00254783	FALSE	0.000191383	51	1	58387484	59889045	0.000825124311377245
psa	0.00199918	0.0041558	FALSE	0.00489549	51	1	58387484	59889045	0.0192247144758065
crohn	0.00251461	0.00435455	FALSE	1.94239e-06	51	1	58387484	59889045	1.60121743911439e-05
uc	0.00231995	0.00418846	FALSE	6.87943e-07	51	1	58387484	59889045	9.38337160248447e-06
cad	0.000209345	0.000406404	FALSE	1.49201e-07	51	1	58387484	59889045	1.33812818431373e-06
psoriasis	0.000965568	0.00337765	FALSE	8.65415e-07	52	1	59889046	61377615	8.79282253521127e-06
psa	0.00153099	0.00318255	FALSE	0.0156886	52	1	59889046	61377615	0.0441185196531792
crohn	0.00183279	0.00317384	FALSE	0.000108155	52	1	59889046	61377615	0.000474692082514735
uc	0.00158286	0.00285771	FALSE	0.000129515	52	1	59889046	61377615	0.000669211623529412
cad	8.18576e-05	0.000158911	FALSE	0.00902779	52	1	59889046	61377615	0.0161933770431373
psoriasis	0.0014674	0.0051331	FALSE	4.43112e-10	53	1	61377616	62778733	1.05178232967033e-08
psa	0.00602334	0.0125211	FALSE	6.48559e-11	53	1	61377616	62778733	1.14735983090909e-08
crohn	0.00398428	0.00689958	FALSE	4.75832e-11	53	1	61377616	62778733	1.71453014193548e-09
uc	0.00290059	0.00523676	FALSE	1.58598e-08	53	1	61377616	62778733	3.66611797894737e-07
cad	0.000121438	0.000235749	FALSE	0.00141908	53	1	61377616	62778733	0.00352381754614549
psoriasis	0.000248141	0.00086802	FALSE	0.0909895	54	1	62778734	64344226	0.127208621359223
psa	0.00180636	0.00375498	FALSE	0.00871704	54	1	62778734	64344226	0.0288983983645656
crohn	0.00497698	0.00861863	FALSE	9.59112e-17	54	1	62778734	64344226	7.6523436e-15
uc	0.00169944	0.00306819	FALSE	0.000103348	54	1	62778734	64344226	0.000558995586206897
cad	8.34322e-05	0.000161968	FALSE	0.0111495	54	1	62778734	64344226	0.0192589928247734
psoriasis	0.000780523	0.00273034	FALSE	6.49148e-05	55	1	64344227	65894184	0.000334644315035799
psa	0.00476726	0.00990997	FALSE	8.46572e-09	55	1	64344227	65894184	8.23714556e-07
crohn	0.00357575	0.00619213	FALSE	1.34998e-10	55	1	64344227	65894184	4.22660388888889e-09
uc	0.0013254	0.00239288	FALSE	0.00137947	55	1	64344227	65894184	0.00450791089285714
cad	4.72343e-05	9.16965e-05	FALSE	0.0866917	55	1	64344227	65894184	0.111196813180034
psoriasis	0.000303113	0.00106032	FALSE	0.0116573	56	1	65894185	66778015	0.0241416759348035
psa	0.00105311	0.00218917	FALSE	0.0204051	56	1	65894185	66778015	0.0526090145695364
crohn	0.000311425	0.000539295	FALSE	0.158196	56	1	65894185	66778015	0.192489032679739
uc	0.000242011	0.000436929	FALSE	0.184225	56	1	65894185	66778015	0.223142912300055
cad	3.56204e-05	6.91504e-05	FALSE	0.0679701	56	1	65894185	66778015	0.0909576010526316
psoriasis	0.00521621	0.0182468	FALSE	2.52945e-81	57	1	66778016	67761890	9.10602e-79
psa	0.00997351	0.0207325	FALSE	1.1098e-32	57	1	66778016	67761890	1.0798354e-29
crohn	0.0276692	0.0479147	FALSE	3.31129e-199	57	1	66778016	67761890	3.69871093e-196
uc	0.00929634	0.0167837	FALSE	3.5364e-61	57	1	66778016	67761890	3.8829672e-58
cad	6.22617e-05	0.000120869	FALSE	0.0112107	57	1	66778016	67761890	0.019350091245283
psoriasis	0.00102266	0.00357738	FALSE	4.4187e-08	58	1	67761891	68633860	6.4269132885906e-07
psa	0.00215077	0.00447093	FALSE	0.000815897	58	1	67761891	68633860	0.00510525904180064
crohn	0.0059505	0.0103045	FALSE	4.85808e-25	58	1	67761891	68633860	8.34842363076923e-23
uc	0.00369051	0.0066629	FALSE	1.67128e-15	58	1	67761891	68633860	1.468052352e-13
cad	6.81662e-05	0.000132332	FALSE	0.0152403	58	1	67761891	68633860	0.0254227323851203
psoriasis	0.000368582	0.00128934	FALSE	0.00420794	59	1	68633861	69438909	0.0105320398609502
psa	9.05968e-05	0.000188329	FALSE	0.407562	59	1	68633861	69438909	0.432283485558583
crohn	0.000571729	0.000990063	FALSE	0.0458093	59	1	68633861	69438909	0.0713653948396095
uc	0.000265944	0.000480139	FALSE	0.170508	59	1	68633861	69438909	0.210512678270634
cad	9.73213e-05	0.000188931	FALSE	0.000219757	59	1	68633861	69438909	0.000739094498529412
psoriasis	8.02203e-05	0.000280618	FALSE	0.29773	60	1	69438910	70992905	0.328949769820972
psa	0.00152793	0.0031762	FALSE	0.0113765	60	1	69438910	70992905	0.0349190362776025
crohn	0.00162315	0.00281081	FALSE	0.000227259	60	1	69438910	70992905	0.000875338975862069
uc	0.00112241	0.0020264	FALSE	0.00222185	60	1	69438910	70992905	0.00662932418478261
cad	3.27194e-05	6.35186e-05	FALSE	0.139746	60	1	69438910	70992905	0.165681234836703
crohn	0.000910074	0.00157598	FALSE	0.0108956	61	1	70992906	72513119	0.0220079298372514
uc	0.000568054	0.00102557	FALSE	0.0455446	61	1	70992906	72513119	0.0719021866283249
cad	8.75664e-05	0.000169994	FALSE	0.00181946	61	1	70992906	72513119	0.00423737782077393
psoriasis	0.000124874	0.000436823	FALSE	0.108069	62	1	72513120	73992170	0.147273842271293
psa	0.000133541	0.000277598	FALSE	0.342205	62	1	72513120	73992170	0.384264818234276
crohn	0.000804824	0.00139371	FALSE	0.00279895	62	1	72513120	73992170	0.0072623162601626
uc	5.62837e-05	0.000101615	FALSE	0.375314	62	1	72513120	73992170	0.394537838200096
cad	5.16646e-05	0.000100297	FALSE	0.00680398	62	1	72513120	73992170	0.0127442278951679
psa	0.000558081	0.00116011	FALSE	0.128862	63	1	73992171	75132092	0.194693673913043
crohn	0.000494007	0.000855473	FALSE	0.0685329	63	1	73992171	75132092	0.0978290725878594
cad	5.11166e-05	9.92334e-05	FALSE	0.0218571	63	1	73992171	75132092	0.0346171659972299
psoriasis	7.5397e-05	0.000263746	FALSE	0.246753	64	1	75132093	76097247	0.284562989855846
psa	0.000110154	0.000228983	FALSE	0.383556	64	1	75132093	76097247	0.415127906562848
crohn	0.00076317	0.00132158	FALSE	0.009771	64	1	75132093	76097247	0.0200813376264949
cad	1.14189e-05	2.21677e-05	FALSE	0.285913	64	1	75132093	76097247	0.303732295401765
psoriasis	0.000554	0.00193794	FALSE	0.000276808	65	1	76097248	76977915	0.00110518536044362
psa	0.000368434	0.000765885	FALSE	0.24215	65	1	76097248	76977915	0.299951559516232
crohn	0.000494655	0.000856595	FALSE	0.0888747	65	1	76097248	76977915	0.119211121008403
uc	0.000425009	0.000767316	FALSE	0.0927059	65	1	76097248	76977915	0.128119670484582
cad	7.43259e-05	0.00014429	FALSE	0.00517409	65	1	76097248	76977915	0.0101572050042918
psoriasis	0.000299658	0.00104823	FALSE	0.0250645	66	1	76977916	77895394	0.0451537281067556
psa	0.000423413	0.000880172	FALSE	0.21974	66	1	76977916	77895394	0.280390945645056
crohn	0.00150167	0.00260045	FALSE	0.000191153	66	1	76977916	77895394	0.000759850181494662
uc	0.000221891	0.000400605	FALSE	0.238121	66	1	76977916	77895394	0.273061992689295
cad	3.97107e-05	7.70909e-05	FALSE	0.0773973	66	1	76977916	77895394	0.101186289371429
psoriasis	0.000441683	0.00154505	FALSE	0.00128445	67	1	77895395	79065286	0.00389664606741573
psa	0.000474878	0.000987155	FALSE	0.171802	67	1	77895395	79065286	0.237701064676617
crohn	0.00115165	0.00199431	FALSE	0.00111109	67	1	77895395	79065286	0.0033157749799733
uc	0.00114033	0.00205877	FALSE	0.000338392	67	1	77895395	79065286	0.00140489618903592
cad	7.40733e-05	0.000143799	FALSE	0.00327182	67	1	77895395	79065286	0.0068774378125
uc	0.000514503	0.00092889	FALSE	0.0396084	68	1	79065287	80099353	0.0642868044345898
cad	6.19172e-05	0.000120201	FALSE	0.00792267	68	1	79065287	80099353	0.0144837300479616
psoriasis	5.94134e-05	0.000207834	FALSE	0.270388	69	1	80099354	80781442	0.305140062695925
uc	0.000466891	0.00084293	FALSE	0.032122	69	1	80099354	80781442	0.0541781198156682
cad	2.42349e-05	4.70475e-05	FALSE	0.113283	69	1	80099354	80781442	0.139439300861141
psoriasis	0.000427372	0.00149499	FALSE	0.01458	70	1	80781443	82123368	0.0288395604395604
psa	0.00240873	0.00500717	FALSE	0.00114009	70	1	80781443	82123368	0.00666250792792793
crohn	0.00133614	0.00231379	FALSE	0.0043287	70	1	80781443	82123368	0.010331533974359
uc	0.00170962	0.00308657	FALSE	0.000112332	70	1	80781443	82123368	0.000595848
cad	0.00010241	0.00019881	FALSE	0.00325006	70	1	80781443	82123368	0.00685469757603687
psoriasis	0.000549139	0.00192094	FALSE	0.000747646	71	1	82123369	83461215	0.00247562462480858
psa	0.00089729	0.00186525	FALSE	0.0745449	71	1	82123369	83461215	0.131637364246824
crohn	0.00105759	0.00183143	FALSE	0.00687036	71	1	82123369	83461215	0.0151215608275862
uc	0.00126417	0.00228234	FALSE	0.000581576	71	1	82123369	83461215	0.00218314683076923
cad	9.50915e-05	0.000184602	FALSE	0.00162282	71	1	82123369	83461215	0.00387739603340292
psoriasis	9.93928e-05	0.000347686	FALSE	0.228705	72	1	83461216	84728347	0.267752195121951
psa	0.00124109	0.00257993	FALSE	0.0162104	72	1	83461216	84728347	0.0452588786226686
uc	0.000748902	0.00135208	FALSE	0.012583	72	1	83461216	84728347	0.0259214521575985
cad	1.39807e-05	2.71409e-05	FALSE	0.283677	72	1	83461216	84728347	0.301753162325581
psoriasis	0.000755423	0.00264254	FALSE	0.000148274	73	1	84728348	86017267	0.000668625970772443
psa	0.00211071	0.00438765	FALSE	0.0035841	73	1	84728348	86017267	0.0154648749445676
crohn	0.00207057	0.00358561	FALSE	5.60073e-05	73	1	84728348	86017267	0.000276203770860927
uc	0.00065449	0.00118162	FALSE	0.0635553	73	1	84728348	86017267	0.0946037691474966
cad	0.000124767	0.000242212	FALSE	0.000620492	73	1	84728348	86017267	0.00176940798503741
psoriasis	0.000134089	0.000469057	FALSE	0.136201	74	1	86017268	86761554	0.175953444976077
psa	0.0005624	0.00116909	FALSE	0.120615	74	1	86017268	86761554	0.185400308056872
uc	0.000277266	0.000500579	FALSE	0.15322	74	1	86017268	86761554	0.193041376936317
cad	1.04129e-05	2.02147e-05	FALSE	0.309	74	1	86017268	86761554	0.324166513761468
psa	0.000662932	0.00137807	FALSE	0.088235	75	1	86761555	87667572	0.148920477016479
crohn	0.000234084	0.000405364	FALSE	0.219269	75	1	86761555	87667572	0.248905968495935
uc	0.000506493	0.000914428	FALSE	0.0401286	75	1	86761555	87667572	0.0649870247787611
cad	5.8246e-05	0.000113074	FALSE	0.0104605	75	1	86761555	87667572	0.018178695668693
psoriasis	0.000584079	0.00204316	FALSE	0.000974825	76	1	87667573	88656689	0.00309650294117647
psa	0.00145521	0.00302503	FALSE	0.0191377	76	1	87667573	88656689	0.0505930955223881
crohn	0.00110516	0.00191381	FALSE	0.00885105	76	1	87667573	88656689	0.0186013600188147
uc	0.000675966	0.0012204	FALSE	0.0438787	76	1	87667573	88656689	0.0697233178002894
cad	0.000120082	0.000233118	FALSE	0.00038905	76	1	87667573	88656689	0.00118643766266667
psoriasis	0.0001748	0.000611466	FALSE	0.0750329	77	1	88656690	89753964	0.109359692307692
crohn	0.000140607	0.000243489	FALSE	0.304366	77	1	88656690	89753964	0.327530657032755
uc	0.000618542	0.00111672	FALSE	0.0154824	77	1	88656690	89753964	0.0307130536585366
cad	4.84306e-05	9.40189e-05	FALSE	0.0213366	77	1	88656690	89753964	0.0339574141962422
psoriasis	0.000559114	0.00195583	FALSE	0.000615924	78	1	89753965	90941549	0.00211802594594595
psa	0.00176466	0.00366829	FALSE	0.00363154	78	1	89753965	90941549	0.0155660282819383
crohn	0.000210468	0.000364467	FALSE	0.28557	78	1	89753965	90941549	0.311201648780488
uc	0.000849505	0.00153371	FALSE	0.0108842	78	1	89753965	90941549	0.0232506840466926
cad	0.000164945	0.00032021	FALSE	9.42781e-07	78	1	89753965	90941549	6.80170393375394e-06
psoriasis	0.000648225	0.00226755	FALSE	1.51972e-05	79	1	90941550	91870059	0.000100385174311927
psa	0.00289414	0.00601621	FALSE	1.44973e-06	79	1	90941550	91870059	6.1329882173913e-05
crohn	0.000493573	0.000854721	FALSE	0.0737844	79	1	90941550	91870059	0.103409253199498
uc	0.000318688	0.000575364	FALSE	0.136021	79	1	90941550	91870059	0.175914084805654
cad	6.18717e-05	0.000120112	FALSE	0.00984723	79	1	90941550	91870059	0.0174038755873261
psoriasis	0.000523564	0.00183148	FALSE	0.000813987	80	1	91870060	92904465	0.00264304864864865
psa	0.00241545	0.00502113	FALSE	0.000135023	80	1	91870060	92904465	0.00131377379
crohn	0.0015511	0.00268604	FALSE	0.000171275	80	1	91870060	92904465	0.000695510572463768
uc	0.00175914	0.00317597	FALSE	3.99073e-06	80	1	91870060	92904465	3.8102796e-05
cad	6.21867e-05	0.000120724	FALSE	0.0183137	80	1	91870060	92904465	0.0298527668567356
psoriasis	0.000333798	0.00116766	FALSE	0.00211865	81	1	92904466	94168576	0.00593708638132296
psa	0.00062104	0.00129099	FALSE	0.0649736	81	1	92904466	94168576	0.119225239019793
crohn	0.00128929	0.00223267	FALSE	2.78844e-05	81	1	92904466	94168576	0.000151935974634146
uc	0.000603235	0.00108909	FALSE	0.00834774	81	1	92904466	94168576	0.0187248590806946
psoriasis	0.000597016	0.00208842	FALSE	0.000299887	82	1	94168577	95122541	0.00118419729433272
psa	0.00163152	0.00339153	FALSE	0.00630769	82	1	94168577	95122541	0.0226890290942699
crohn	0.00121192	0.00209869	FALSE	0.00261999	82	1	94168577	95122541	0.00687785858989424
uc	0.00140903	0.00254388	FALSE	0.000170641	82	1	94168577	95122541	0.000830881676274945
cad	1.31974e-05	2.56203e-05	FALSE	0.312641	82	1	94168577	95122541	0.326637719049794
psoriasis	1.41641e-05	4.95475e-05	FALSE	0.444431	83	1	95122542	96147576	0.452389707822809
psa	0.00123565	0.00256861	FALSE	0.0218168	83	1	95122542	96147576	0.0550654900129702
crohn	0.00150914	0.00261339	FALSE	0.000225607	83	1	95122542	96147576	0.000873494
uc	0.000147735	0.000266723	FALSE	0.314493	83	1	95122542	96147576	0.343462258449304
cad	0.000216743	0.000420767	FALSE	4.28804e-10	83	1	95122542	96147576	7.72184840944882e-09
psa	0.00116692	0.00242574	FALSE	0.0295264	84	1	96147577	97721186	0.0680786426540284
crohn	0.000385603	0.000667749	FALSE	0.156525	84	1	96147577	97721186	0.19077482487725
uc	0.000121785	0.000219872	FALSE	0.344397	84	1	96147577	97721186	0.369465467513434
cad	0.000105725	0.000205245	FALSE	0.000459411	84	1	96147577	97721186	0.00136628472951886
psoriasis	0.000814354	0.00284869	FALSE	7.96289e-06	85	1	97721187	99425000	5.83045505084746e-05
psa	0.000625881	0.00130105	FALSE	0.157975	85	1	97721187	99425000	0.224066581632653
uc	0.00121699	0.00219717	FALSE	0.00111792	85	1	97721187	99425000	0.00379436216383308
cad	0.000111761	0.000216964	FALSE	0.000477029	85	1	97721187	99425000	0.00140407377477477
psoriasis	0.00033598	0.00117529	FALSE	0.0132837	86	1	99425001	100269207	0.0267906554621849
psa	0.000618816	0.00128637	FALSE	0.130783	86	1	99425001	100269207	0.196527967567568
crohn	0.000639262	0.00110701	FALSE	0.0443757	86	1	99425001	100269207	0.0696174956460674
uc	0.000263782	0.000476236	FALSE	0.195927	86	1	99425001	100269207	0.234344058823529
cad	2.40838e-05	4.67542e-05	FALSE	0.177824	86	1	99425001	100269207	0.202330093532338
psoriasis	0.000369219	0.00129156	FALSE	0.00144515	87	1	100269208	101188315	0.00428780769230769
crohn	0.00042766	0.000740579	FALSE	0.0664528	87	1	100269208	101188315	0.0954195096401028
uc	0.000299764	0.000541197	FALSE	0.108781	87	1	100269208	101188315	0.146914560885609
psoriasis	0.00100133	0.00350275	FALSE	3.07206e-07	88	1	101188316	102424611	3.72789303370786e-06
crohn	0.000866575	0.00150065	FALSE	0.0276871	88	1	101188316	102424611	0.0472160163358779
uc	0.00135414	0.00244477	FALSE	0.000614359	88	1	101188316	102424611	0.00229054730730051
cad	0.0002032	0.000394475	FALSE	4.92956e-08	88	1	101188316	102424611	5.19534733640553e-07
cad	7.99224e-06	1.55154e-05	FALSE	0.309859	89	1	102424612	103148412	0.324472313644689
psoriasis	9.98375e-05	0.000349241	FALSE	0.116762	90	1	103148413	103784541	0.155682666666667
psa	0.000128618	0.000267365	FALSE	0.320736	90	1	103148413	103784541	0.367580833922261
crohn	0.000171871	0.00029763	FALSE	0.198747	90	1	103148413	103784541	0.230649765194805
uc	0.000193441	0.00034924	FALSE	0.146915	90	1	103148413	103784541	0.186596495083864
cad	2.44266e-06	4.74197e-06	FALSE	0.407468	90	1	103148413	103784541	0.413984591737006
psoriasis	0.000107157	0.000374846	FALSE	0.164787	91	1	103784542	104984435	0.20598375
psa	0.00027803	0.000577957	FALSE	0.248878	91	1	103784542	104984435	0.306335602783049
crohn	0.000553442	0.000958395	FALSE	0.0339852	91	1	103784542	104984435	0.0556619771260997
uc	0.000774353	0.00139803	FALSE	0.00304184	91	1	103784542	104984435	0.00850940208917197
psa	0.00143064	0.00297395	FALSE	0.00386246	92	1	104984436	106089656	0.0161588991416309
crohn	0.000699495	0.00121132	FALSE	0.0196404	92	1	104984436	106089656	0.0354129569007264
uc	0.000173139	0.000312588	FALSE	0.253997	92	1	104984436	106089656	0.287514129896907
psoriasis	0.000435068	0.00152191	FALSE	0.000577831	93	1	106089657	106864947	0.00202616064935065
psa	0.000552998	0.00114955	FALSE	0.111433	93	1	106089657	106864947	0.175133717514124
crohn	0.000449957	0.000779191	FALSE	0.0692979	93	1	106089657	106864947	0.098606056433121
uc	0.000151132	0.000272855	FALSE	0.264637	93	1	106089657	106864947	0.296955979560552
cad	2.82538e-05	5.48495e-05	FALSE	0.0994168	93	1	106089657	106864947	0.125755653539823
psoriasis	0.000379549	0.0013277	FALSE	0.00500802	94	1	106864948	107874653	0.0121450909090909
crohn	0.000272406	0.000471725	FALSE	0.206338	94	1	106864948	107874653	0.238098704545455
uc	0.000478665	0.000864187	FALSE	0.0614293	94	1	106864948	107874653	0.0920894473720137
cad	1.19391e-05	2.31774e-05	FALSE	0.303526	94	1	106864948	107874653	0.319596667587477
psoriasis	0.000159608	0.000558324	FALSE	0.173504	95	1	107874654	109271449	0.214275951972556
psa	0.00196928	0.00409364	FALSE	0.00334093	95	1	107874654	109271449	0.0149718082298851
crohn	0.000717055	0.00124173	FALSE	0.0563479	95	1	107874654	109271449	0.0843142723375754
uc	0.000527804	0.000952903	FALSE	0.0884679	95	1	107874654	109271449	0.123349529142857
cad	0.000110374	0.000214271	FALSE	0.000960517	95	1	107874654	109271449	0.00257526656389215
psoriasis	0.000401442	0.00140428	FALSE	0.00557366	96	1	109271450	110224230	0.0133323428571429
psa	0.00106921	0.00222263	FALSE	0.03619	96	1	109271450	110224230	0.0787436397765363
crohn	0.00161793	0.00280177	FALSE	8.00672e-05	96	1	109271450	110224230	0.000367596917622951
uc	6.51236e-05	0.000117575	FALSE	0.403677	96	1	109271450	110224230	0.417302004705882
cad	0.000670138	0.00130095	FALSE	5.10454e-47	96	1	109271450	110224230	1.4592603725e-44
psoriasis	0.00125586	0.00439312	FALSE	3.82065e-09	97	1	110224231	111134062	7.11431379310345e-08
psa	0.00253893	0.00527782	FALSE	0.000531594	97	1	110224231	111134062	0.00378931107692308
crohn	0.0017912	0.00310181	FALSE	0.00023529	97	1	110224231	111134062	0.000901608679245283
uc	0.00145391	0.00262491	FALSE	0.000542468	97	1	110224231	111134062	0.00206815925
cad	0.000223416	0.00043372	FALSE	1.74478e-08	97	1	110224231	111134062	2.04631377435897e-07
psoriasis	0.00134577	0.00470763	FALSE	2.28417e-09	98	1	111134063	112489248	4.52642862385321e-08
psa	0.00202242	0.00420412	FALSE	0.00590294	98	1	111134063	112489248	0.0216645034210526
crohn	0.00251293	0.00435165	FALSE	3.91911e-06	98	1	111134063	112489248	2.93801736241611e-05
uc	0.0019511	0.00352254	FALSE	2.91444e-05	98	1	111134063	112489248	0.000200003445
cad	0.00012598	0.000244567	FALSE	0.000750167	98	1	111134063	112489248	0.0020745247025393
psoriasis	0.0003815	0.00133452	FALSE	0.00705523	99	1	112489249	113418037	0.0161081088607595
crohn	0.00116545	0.00201821	FALSE	0.00206618	99	1	112489249	113418037	0.00560856150668287
uc	0.000251356	0.000453801	FALSE	0.210399	99	1	112489249	113418037	0.248273081139172
cad	5.57121e-05	0.000108155	FALSE	0.0255442	99	1	112489249	113418037	0.0395796649051491
psoriasis	6.34621e-05	0.000221997	FALSE	0.309917	100	1	113418038	114664387	0.339807472081218
psa	0.00114136	0.0023726	FALSE	0.0240775	100	1	113418038	114664387	0.0593850633713561
crohn	0.00280859	0.00486364	FALSE	4.15316e-10	100	1	113418038	114664387	1.11785053493976e-08
cad	0.000114998	0.000223247	FALSE	7.98814e-05	100	1	113418038	114664387	0.000307039935798319
psoriasis	0.00123849	0.00433236	FALSE	8.22768e-09	101	1	114664388	116207297	1.388421e-07
psa	0.00297752	0.00618955	FALSE	9.94674e-05	101	1	114664388	116207297	0.00105772437377049
crohn	0.0023681	0.00410084	FALSE	5.15504e-06	101	1	114664388	116207297	3.68726339297125e-05
uc	0.000837598	0.00151221	FALSE	0.02553	101	1	114664388	116207297	0.0456918337408313
cad	0.000375599	0.000729156	FALSE	3.41117e-17	101	1	114664388	116207297	2.05298573421053e-15
psoriasis	3.69968e-05	0.000129418	FALSE	0.377451	102	1	116207298	117046311	0.396736817518248
psa	0.000188129	0.000391074	FALSE	0.347554	102	1	116207298	117046311	0.388032176706827
crohn	0.000393753	0.000681862	FALSE	0.132695	102	1	116207298	117046311	0.166671460674157
uc	0.000445681	0.000804637	FALSE	0.0796792	102	1	116207298	117046311	0.113179510478655
cad	7.09637e-05	0.000137763	FALSE	0.00620527	102	1	116207298	117046311	0.0117576242667771
psoriasis	0.000277686	0.000971372	FALSE	0.0429024	103	1	117046312	118118667	0.0705244931506849
psa	0.00143608	0.00298525	FALSE	0.0133344	103	1	117046312	118118667	0.039676976146789
crohn	0.0011555	0.00200098	FALSE	0.00382407	103	1	117046312	118118667	0.00936729427631579
uc	0.000706927	0.0012763	FALSE	0.0268252	103	1	117046312	118118667	0.0474682829975826
cad	9.02701e-05	0.000175243	FALSE	0.00247128	103	1	117046312	118118667	0.00544491075144509
psoriasis	0.000306756	0.00107306	FALSE	0.0176503	104	1	118118668	119408888	0.0336419047619048
crohn	0.000888393	0.00153843	FALSE	0.00925603	104	1	118118668	119408888	0.0192711752283318
cad	5.08286e-05	9.86742e-05	FALSE	0.0300661	104	1	118118668	119408888	0.0454769647486772
psoriasis	0.000207531	0.000725965	FALSE	0.0719457	105	1	119408889	120345066	0.105860158038147
psa	0.000199537	0.000414789	FALSE	0.33999	105	1	119408889	120345066	0.38243961849711
crohn	0.000596586	0.00103311	FALSE	0.0519644	105	1	119408889	120345066	0.0791332444444444
uc	0.000793583	0.00143274	FALSE	0.00896416	105	1	119408889	120345066	0.0197247448496994
cad	4.91196e-05	9.53566e-05	FALSE	0.0359862	105	1	119408889	120345066	0.0529263275884244
psoriasis	3.29235e-06	1.15169e-05	FALSE	0.455053	106	1	120345067	145803848	0.460755126522962
psa	0.000173203	0.000360046	FALSE	0.283381	106	1	120345067	145803848	0.335846179049939
crohn	0.000190291	0.000329527	FALSE	0.186453	106	1	120345067	145803848	0.219576173958882
uc	8.04207e-05	0.000145192	FALSE	0.315215	106	1	120345067	145803848	0.343700168818272
cad	1.71436e-05	3.3281e-05	FALSE	0.144216	106	1	120345067	145803848	0.170186786377709
psoriasis	5.42841e-05	0.000189891	FALSE	0.281018	107	1	145803849	147083835	0.314670233281493
psa	0.000311666	0.000647878	FALSE	0.208908	107	1	145803849	147083835	0.269764411413404
crohn	7.97203e-05	0.000138052	FALSE	0.358065	107	1	145803849	147083835	0.376077672778561
cad	8.66379e-05	0.000168191	FALSE	0.0001094	107	1	145803849	147083835	0.000399039553429027
psoriasis	3.43472e-05	0.00012015	FALSE	0.352227	108	1	147083836	149716037	0.377066640237859
psa	0.00153053	0.0031816	FALSE	0.000788007	108	1	147083836	149716037	0.0049787715
uc	0.000142752	0.000257727	FALSE	0.259767	108	1	147083836	149716037	0.292088239631336
cad	8.06102e-06	1.5649e-05	FALSE	0.323671	108	1	147083836	149716037	0.336930167045972
psoriasis	0.000356448	0.00124689	FALSE	0.0037286	109	1	149716038	151146407	0.00947503058823529
crohn	0.00146408	0.00253535	FALSE	3.09342e-05	109	1	149716038	151146407	0.000166925127536232
uc	0.000524184	0.000946367	FALSE	0.0318954	109	1	149716038	151146407	0.0539617090909091
cad	0.000252232	0.000489661	FALSE	2.96582e-15	109	1	149716038	151146407	1.32996673333333e-13
psoriasis	0.00142916	0.00499933	FALSE	1.36127e-14	110	1	151146408	152535630	6.00070040816327e-13
psa	0.000630375	0.0013104	FALSE	0.12039	110	1	151146408	152535630	0.185334578656126
crohn	0.00262096	0.00453872	FALSE	2.05377e-09	110	1	151146408	152535630	4.21334449541284e-08
uc	0.00164891	0.00297696	FALSE	3.65086e-06	110	1	151146408	152535630	3.5893864e-05
cad	0.000180525	0.000350455	FALSE	1.30899e-08	110	1	151146408	152535630	1.61819466486486e-07
psoriasis	0.00246617	0.0086269	FALSE	6.67935e-33	111	1	152535631	153410809	8.01522e-31
psa	0.000938704	0.00195134	FALSE	0.0323971	111	1	152535631	153410809	0.0726322080645161
crohn	0.000190233	0.000329427	FALSE	0.259954	111	1	152535631	153410809	0.287209315529179
uc	0.000268544	0.000484832	FALSE	0.161602	111	1	152535631	153410809	0.201749853325753
psoriasis	0.00128207	0.00448479	FALSE	2.17881e-13	112	1	153410810	154685545	8.40398142857143e-12
psa	0.00152747	0.00317525	FALSE	0.00305185	112	1	153410810	154685545	0.0139339980327869
crohn	0.00188544	0.00326501	FALSE	1.352e-06	112	1	153410810	154685545	1.1766486692607e-05
uc	0.000273681	0.000494108	FALSE	0.166838	112	1	153410810	154685545	0.207343660441426
cad	0.000198268	0.0003849	FALSE	2.21468e-10	112	1	153410810	154685545	4.29235013559322e-09
psoriasis	0.00140234	0.00490552	FALSE	6.99071e-10	113	1	154685546	156813845	1.54080955102041e-08
psa	0.00344889	0.00716941	FALSE	2.25591e-05	113	1	154685546	156813845	0.000362813204958678
crohn	0.00492	0.00851997	FALSE	1.4118e-15	113	1	154685546	156813845	9.01131771428571e-14
uc	0.00287991	0.00519942	FALSE	8.2356e-09	113	1	154685546	156813845	2.0320648988764e-07
cad	0.000216369	0.000420039	FALSE	1.52361e-07	113	1	154685546	156813845	1.36113127734375e-06
psoriasis	0.000753773	0.00263677	FALSE	0.000100082	114	1	156813846	158081627	0.000472577816593887
psa	0.00122162	0.00253944	FALSE	0.0469604	114	1	156813846	158081627	0.0959349442348008
crohn	0.00319291	0.00552916	FALSE	4.31769e-09	114	1	156813846	158081627	8.03809955e-08
uc	0.00104896	0.00189381	FALSE	0.00759202	114	1	156813846	158081627	0.0174316506583072
cad	0.000275706	0.000535231	FALSE	2.70869e-11	114	1	156813846	158081627	6.45288961458333e-10
psoriasis	0.000183736	0.000642725	FALSE	0.0775607	115	1	158081628	158900369	0.111911230460922
crohn	0.000304455	0.000527225	FALSE	0.168597	115	1	158081628	158900369	0.202280181525242
uc	0.000576937	0.00104161	FALSE	0.0271499	115	1	158081628	158900369	0.047888498313253
cad	1.76409e-05	3.42466e-05	FALSE	0.219648	115	1	158081628	158900369	0.242440763996139
psa	0.000296132	0.000615586	FALSE	0.29884	116	1	158900370	159882515	0.348639300598802
crohn	0.00197137	0.00341383	FALSE	8.80718e-06	116	1	158900370	159882515	5.76986513782991e-05
uc	0.000420242	0.00075871	FALSE	0.113016	116	1	158900370	159882515	0.150871207294833
cad	0.000134741	0.000261574	FALSE	2.84864e-05	116	1	158900370	159882515	0.000122459392481203
psoriasis	0.00122116	0.00427174	FALSE	9.07697e-09	117	1	159882516	161054076	1.51986474418605e-07
psa	0.00096141	0.00199854	FALSE	0.089417	117	1	159882516	161054076	0.150004725862069
crohn	0.00433635	0.00750926	FALSE	5.53751e-14	117	1	159882516	161054076	3.01726764390244e-12
uc	0.00257748	0.00465341	FALSE	3.68988e-08	117	1	159882516	161054076	7.502756e-07
cad	0.000133442	0.000259054	FALSE	0.000207293	117	1	159882516	161054076	0.000704426583952452
psoriasis	0.000555878	0.00194452	FALSE	0.000187642	118	1	161054077	161945442	0.00081386891566265
crohn	0.00144694	0.00250566	FALSE	0.000148318	118	1	161054077	161945442	0.0006204914082397
uc	0.00318629	0.00575256	FALSE	1.02481e-14	118	1	161054077	161945442	7.76028537931034e-13
cad	6.9838e-05	0.000135577	FALSE	0.00610582	118	1	161054077	161945442	0.0115980152325581
psoriasis	0.00046487	0.00162616	FALSE	0.00786233	119	1	161945443	163141862	0.0174359679671458
psa	0.00179049	0.00372198	FALSE	0.00861951	119	1	161945443	163141862	0.0286727631794872
crohn	0.00223417	0.00386892	FALSE	1.12742e-05	119	1	161945443	163141862	6.99626744444444e-05
uc	0.000748986	0.00135223	FALSE	0.0373747	119	1	161945443	163141862	0.0612079731543624
cad	0.000173615	0.000337041	FALSE	4.58309e-06	119	1	161945443	163141862	2.6008751439206e-05
psoriasis	0.000512791	0.00179379	FALSE	0.000204915	120	1	163141863	163854567	0.000870526679764244
psa	0.000883743	0.00183709	FALSE	0.0416867	120	1	163141863	163854567	0.0876641477321814
crohn	0.000468503	0.000811307	FALSE	0.0759857	120	1	163141863	163854567	0.10605925452277
uc	0.000340637	0.000614991	FALSE	0.11295	120	1	163141863	163854567	0.150871207294833
cad	2.47506e-05	4.80487e-05	FALSE	0.144162	120	1	163141863	163854567	0.170186786377709
psoriasis	0.000627743	0.00219591	FALSE	0.000171529	121	1	163854568	164726579	0.000757331265306122
psa	0.00265239	0.00551368	FALSE	5.31971e-05	121	1	163854568	164726579	0.000630722187878788
crohn	3.36679e-05	5.83028e-05	FALSE	0.448629	121	1	163854568	164726579	0.454529336054422
uc	0.00160504	0.00289776	FALSE	2.48952e-05	121	1	163854568	164726579	0.000175223907692308
cad	4.02428e-05	7.81239e-05	FALSE	0.0845432	121	1	163854568	164726579	0.10887549375
psa	0.000466543	0.000969829	FALSE	0.234157	122	1	164726580	165553812	0.292646924261874
crohn	0.0010753	0.0018621	FALSE	0.0101721	122	1	164726580	165553812	0.0207909161939616
uc	0.000869046	0.00156899	FALSE	0.0155424	122	1	164726580	165553812	0.0307764746618575
cad	5.36387e-05	0.000104129	FALSE	0.0522164	122	1	164726580	165553812	0.0727277142509135
psoriasis	0.000207245	0.000724963	FALSE	0.0851453	123	1	165553813	166458031	0.121112378698225
psa	0.00148926	0.00309582	FALSE	0.0086972	123	1	165553813	166458031	0.0288818279863481
crohn	0.000184251	0.000319067	FALSE	0.301287	123	1	165553813	166458031	0.324843222972973
uc	0.00102741	0.0018549	FALSE	0.00252786	123	1	165553813	166458031	0.00737208573705179
cad	6.44394e-05	0.000125097	FALSE	0.0154642	123	1	165553813	166458031	0.0257211821090909
psoriasis	4.84398e-05	0.000169447	FALSE	0.343502	124	1	166458032	167163954	0.369872542372881
psa	0.00010033	0.000208561	FALSE	0.406284	124	1	166458032	167163954	0.431801564172583
crohn	0.000721758	0.00124987	FALSE	0.0247092	124	1	166458032	167163954	0.0429909289719626
uc	0.00048432	0.000874397	FALSE	0.0611572	124	1	166458032	167163954	0.0917985038961039
cad	4.94645e-07	9.6026e-07	FALSE	0.473035	124	1	166458032	167163954	0.473241926946632
psoriasis	0.000761651	0.00266433	FALSE	6.29612e-05	125	1	167163955	168179086	0.000328493217391304
psa	0.0021755	0.00452234	FALSE	0.00170523	125	1	167163955	168179086	0.00916496879781421
crohn	0.00201418	0.00348795	FALSE	3.45787e-05	125	1	167163955	168179086	0.000183488873634204
uc	0.000426793	0.000770538	FALSE	0.137343	125	1	167163955	168179086	0.177206361927145
cad	8.39135e-05	0.000162902	FALSE	0.00836573	125	1	167163955	168179086	0.0151965246306593
psoriasis	0.00114215	0.00399534	FALSE	4.43338e-08	126	1	168179087	169521551	6.4269132885906e-07
psa	0.00143851	0.00299032	FALSE	0.0251	126	1	168179087	169521551	0.0609795255930087
crohn	0.00203177	0.00351842	FALSE	4.47285e-05	126	1	168179087	169521551	0.000231304326388889
uc	0.00158241	0.00285691	FALSE	0.000206669	126	1	168179087	169521551	0.000961536279661017
cad	0.000325645	0.000632179	FALSE	2.34313e-14	126	1	168179087	169521551	9.74316056363636e-13
psoriasis	5.61554e-06	1.96437e-05	FALSE	0.455852	127	1	169521552	170193207	0.461189845433255
crohn	1.71685e-06	2.97307e-06	FALSE	0.473853	127	1	169521552	170193207	0.474915927321669
uc	0.000745096	0.00134521	FALSE	0.00361918	127	1	169521552	170193207	0.00970417494505495
cad	3.04848e-05	5.91805e-05	FALSE	0.0762903	127	1	169521552	170193207	0.100100927194492
psa	0.000364638	0.000757993	FALSE	0.211121	128	1	170193208	171044255	0.271809351851852
crohn	0.000468596	0.000811467	FALSE	0.0703604	128	1	170193208	171044255	0.0998634902160102
uc	0.000289455	0.000522585	FALSE	0.141018	128	1	170193208	171044255	0.180674170361727
cad	4.19605e-05	8.14585e-05	FALSE	0.039603	128	1	170193208	171044255	0.0573603932868904
psoriasis	0.000356394	0.0012467	FALSE	0.0177188	129	1	171044256	172465153	0.0337203594713656
crohn	0.00125225	0.00216852	FALSE	0.00259129	129	1	171044256	172465153	0.00681051983529412
uc	0.000769497	0.00138926	FALSE	0.0211547	129	1	171044256	172465153	0.038997238590604
cad	5.276e-05	0.000102424	FALSE	0.0459437	129	1	171044256	172465153	0.0652223723774053
psoriasis	0.00109561	0.00383254	FALSE	6.44446e-10	130	1	172465154	173582511	1.43505501030928e-08
psa	0.00158846	0.00330202	FALSE	0.00435686	130	1	172465154	173582511	0.0177003122338205
crohn	0.00464195	0.00803848	FALSE	1.21832e-19	130	1	172465154	173582511	1.43248783157895e-17
uc	0.000598381	0.00108032	FALSE	0.03592	130	1	172465154	173582511	0.0593531376975169
cad	6.05163e-05	0.000117481	FALSE	0.0167307	130	1	172465154	173582511	0.0275274179136691
psoriasis	0.000348493	0.00121906	FALSE	0.0038497	131	1	173582512	175385220	0.00972555789473684
psa	0.000406855	0.000845752	FALSE	0.178898	131	1	173582512	175385220	0.244648986647927
crohn	0.000239973	0.000415562	FALSE	0.201082	131	1	173582512	175385220	0.232755019689119
uc	0.00040047	0.000723013	FALSE	0.0677029	131	1	173582512	175385220	0.0996485042895442
cad	5.50957e-05	0.000106958	FALSE	0.0104934	131	1	173582512	175385220	0.0182220241457859
psoriasis	0.000566953	0.00198325	FALSE	0.0002176	132	1	175385221	176449096	0.0009216
crohn	0.00100097	0.00173338	FALSE	0.00530579	132	1	175385221	176449096	0.0123085512564901
uc	0.00102311	0.00184713	FALSE	0.00170962	132	1	175385221	176449096	0.00537868985673352
cad	5.818e-05	0.000112946	FALSE	0.019259	132	1	175385221	176449096	0.0311494575671853
crohn	0.000675595	0.00116993	FALSE	0.0397522	133	1	176449097	177746472	0.0634955815582559
uc	2.6853e-05	4.84807e-05	FALSE	0.448904	133	1	176449097	177746472	0.45388044198895
cad	7.94369e-05	0.000154212	FALSE	0.00380895	133	1	176449097	177746472	0.00783369482913669
psoriasis	7.39841e-05	0.000258803	FALSE	0.28674	134	1	177746473	178915113	0.319256907216495
crohn	0.000491158	0.000850538	FALSE	0.0902829	134	1	177746473	178915113	0.120701375583483
uc	0.000396053	0.000715039	FALSE	0.107192	134	1	177746473	178915113	0.14512554377312
cad	9.8678e-06	1.91565e-05	FALSE	0.339363	134	1	177746473	178915113	0.351505063858696
psoriasis	5.87111e-06	2.05377e-05	FALSE	0.466642	135	1	178915114	180221608	0.469030581665891
psa	0.000361816	0.000752127	FALSE	0.255924	135	1	178915114	180221608	0.311657136420526
crohn	0.00170438	0.00295148	FALSE	4.88644e-05	135	1	178915114	180221608	0.000249801074599542
uc	0.000757381	0.00136738	FALSE	0.0160742	135	1	178915114	180221608	0.031652818230563
cad	5.98976e-05	0.00011628	FALSE	0.0212925	135	1	178915114	180221608	0.0339108269498607
psoriasis	0.000306458	0.00107202	FALSE	0.0239205	136	1	180221609	181324205	0.0433458724832215
psa	0.000129102	0.000268371	FALSE	0.393768	136	1	180221609	181324205	0.421868822882288
crohn	0.000946466	0.001639	FALSE	0.00940135	136	1	180221609	181324205	0.0195373171162791
uc	0.000456049	0.000823356	FALSE	0.0859075	136	1	180221609	181324205	0.12054496485623
cad	7.35675e-05	0.000142818	FALSE	0.00684109	136	1	180221609	181324205	0.0128023980473856
psoriasis	0.000539681	0.00188786	FALSE	0.00105894	137	1	181324206	182420540	0.00332941834061135
psa	0.00164024	0.00340966	FALSE	0.00712332	137	1	181324206	182420540	0.0248931830879713
crohn	0.00131046	0.00226933	FALSE	0.00170312	137	1	181324206	182420540	0.00477986190954774
uc	0.000163462	0.000295116	FALSE	0.310955	137	1	181324206	182420540	0.34057714713217
cad	3.58347e-05	6.95663e-05	FALSE	0.117341	137	1	181324206	182420540	0.143969349248927
psoriasis	0.000922476	0.00322691	FALSE	7.43891e-07	138	1	182420541	183920616	7.93489300492611e-06
psa	0.000137368	0.000285554	FALSE	0.398943	138	1	182420541	183920616	0.425965843115743
crohn	0.00199435	0.00345361	FALSE	1.52191e-05	138	1	182420541	183920616	9.01842689655172e-05
uc	0.000883321	0.00159476	FALSE	0.0113047	138	1	182420541	183920616	0.0239624722007722
cad	9.36477e-05	0.0001818	FALSE	0.00249044	138	1	182420541	183920616	0.00547776082692308
psoriasis	0.000312723	0.00109393	FALSE	0.0172335	139	1	183920617	184953089	0.0330589342806394
psa	0.000836715	0.00173933	FALSE	0.0670476	139	1	183920617	184953089	0.121985100934579
crohn	0.00196835	0.0034086	FALSE	2.03991e-06	139	1	183920617	184953089	1.65714870545455e-05
uc	0.00107642	0.00194338	FALSE	0.00102327	139	1	183920617	184953089	0.0035110951875
cad	0.000109529	0.000212629	FALSE	0.000139198	139	1	183920617	184953089	0.000497415353125
psoriasis	0.000187038	0.000654277	FALSE	0.0856844	140	1	184953090	186179447	0.121522195666448
crohn	0.00111047	0.00192301	FALSE	0.00178273	140	1	184953090	186179447	0.00494735257142857
cad	4.64122e-05	9.01007e-05	FALSE	0.0389039	140	1	184953090	186179447	0.0565627586141132
psoriasis	1.91063e-06	6.68358e-06	FALSE	0.469699	141	1	186179448	187072605	0.471664267782427
psa	0.000593629	0.00123401	FALSE	0.0897554	141	1	186179448	187072605	0.150313260240964
crohn	0.000957382	0.0016579	FALSE	0.00157383	141	1	186179448	187072605	0.00445619292775665
uc	0.000613488	0.0011076	FALSE	0.0119898	141	1	186179448	187072605	0.0250050227703985
cad	2.32742e-05	4.51825e-05	FALSE	0.132035	141	1	186179448	187072605	0.158262078092243
psa	0.000302678	0.000629194	FALSE	0.241519	142	1	187072606	187757076	0.299360492993631
crohn	0.000488017	0.000845099	FALSE	0.0578601	142	1	187072606	187757076	0.0860763769640479
uc	3.55833e-05	6.42426e-05	FALSE	0.423823	142	1	187072606	187757076	0.433092279199628
cad	1.03762e-05	2.01434e-05	FALSE	0.301529	142	1	187072606	187757076	0.318226498846331
psoriasis	0.000204318	0.000714725	FALSE	0.0411656	143	1	187757077	188625772	0.0682407490406754
psa	0.000905259	0.00188181	FALSE	0.0255445	143	1	187757077	188625772	0.061751052173913
crohn	0.000346031	0.000599223	FALSE	0.11307	143	1	187757077	188625772	0.146095072296125
crohn	0.000306706	0.000531123	FALSE	0.126302	144	1	188625773	189904637	0.160135452894438
uc	0.000101969	0.000184096	FALSE	0.312176	144	1	188625773	189904637	0.341573739910314
cad	5.64057e-05	0.000109501	FALSE	0.00538515	144	1	188625773	189904637	0.0104726514030612
psoriasis	0.000227725	0.000796602	FALSE	0.0381728	145	1	189904638	191419275	0.0640164968944099
psa	0.00106079	0.00220512	FALSE	0.0192529	145	1	189904638	191419275	0.0506984349120433
uc	5.34058e-05	9.64195e-05	FALSE	0.402131	145	1	189904638	191419275	0.416154418473139
cad	5.1444e-05	9.98689e-05	FALSE	0.0187284	145	1	189904638	191419275	0.0304636207681366
psa	0.000640795	0.00133206	FALSE	0.0886431	146	1	191419276	192468373	0.149350192727273
crohn	0.000247924	0.000429331	FALSE	0.200241	146	1	191419276	192468373	0.232142394395433
cad	3.84986e-05	7.47379e-05	FALSE	0.0500854	146	1	191419276	192468373	0.0700582934556575
psoriasis	0.000766438	0.00268107	FALSE	1.01241e-06	147	1	192468374	193575516	9.89504796380091e-06
psa	0.000719627	0.00149593	FALSE	0.0846357	147	1	192468374	193575516	0.144348003680982
crohn	0.000178971	0.000309923	FALSE	0.283354	147	1	192468374	193575516	0.30923929457743
uc	0.000426583	0.000770159	FALSE	0.0782773	147	1	192468374	193575516	0.111476621789883
cad	7.0839e-05	0.000137521	FALSE	0.00461251	147	1	192468374	193575516	0.00915695344618056
crohn	0.000545935	0.000945397	FALSE	0.0338684	148	1	193575517	194365688	0.0555521333333333
cad	1.37083e-05	2.66121e-05	FALSE	0.24122	148	1	193575517	194365688	0.262700066666667
psa	0.00044838	0.000932072	FALSE	0.10901	149	1	194365689	195161235	0.17260655817738
crohn	0.00015154	0.000262423	FALSE	0.244138	149	1	194365689	195161235	0.272429716283716
uc	6.54857e-05	0.000118229	FALSE	0.350244	149	1	194365689	195161235	0.374235356031128
cad	3.7041e-05	7.19081e-05	FALSE	0.0246606	149	1	194365689	195161235	0.038481817053206
psoriasis	0.000109172	0.000381896	FALSE	0.199427	150	1	195161236	196179110	0.239845389755011
psa	0.000261139	0.000542844	FALSE	0.292188	150	1	195161236	196179110	0.342942007237636
crohn	0.000718632	0.00124446	FALSE	0.0226586	150	1	195161236	196179110	0.0400469243670886
uc	0.00029737	0.000536875	FALSE	0.154864	150	1	195161236	196179110	0.194332196571429
cad	4.26824e-05	8.28599e-05	FALSE	0.0494015	150	1	195161236	196179110	0.0691863015921617
psoriasis	0.00124008	0.00433792	FALSE	4.89584e-14	151	1	196179111	197935821	2.03365661538462e-12
psa	0.00216098	0.00449216	FALSE	3.91157e-05	151	1	196179111	197935821	0.000500783896052632
crohn	0.00266849	0.00462102	FALSE	2.9549e-11	151	1	196179111	197935821	1.1188553559322e-09
uc	0.000777591	0.00140387	FALSE	0.00387837	151	1	196179111	197935821	0.0102737038841978
cad	7.26657e-05	0.000141067	FALSE	0.00177439	151	1	196179111	197935821	0.00414507653728294
psoriasis	0.00063974	0.00223787	FALSE	0.00012356	152	1	197935822	199263389	0.000569060980810234
psa	0.00198275	0.00412165	FALSE	0.001409	152	1	197935822	199263389	0.0078117207977208
crohn	0.0014437	0.00250006	FALSE	0.000520514	152	1	197935822	199263389	0.00175653818126888
uc	0.000557401	0.00100634	FALSE	0.0582711	152	1	197935822	199263389	0.0882505762758621
cad	4.20901e-05	8.171e-05	FALSE	0.0774272	152	1	197935822	199263389	0.101186289371429
psa	0.000306938	0.000638049	FALSE	0.255828	153	1	199263390	200134005	0.311657136420526
crohn	0.000390025	0.000675406	FALSE	0.116134	153	1	199263390	200134005	0.149794085450346
uc	0.00195111	0.00352256	FALSE	3.13167e-08	153	1	199263390	200134005	6.48787483018868e-07
cad	8.72023e-05	0.000169287	FALSE	0.000684288	153	1	199263390	200134005	0.00191785129411765
psoriasis	6.38185e-05	0.000223243	FALSE	0.314893	154	1	200134006	201067952	0.34404091047041
psa	0.000796534	0.0016558	FALSE	0.0830511	154	1	200134006	201067952	0.142519788888889
crohn	0.00162881	0.00282061	FALSE	6.61909e-05	154	1	200134006	201067952	0.000313284895338983
uc	0.00337913	0.00610072	FALSE	5.43581e-15	154	1	200134006	201067952	4.59116875384615e-13
cad	6.74033e-05	0.000130851	FALSE	0.0105597	154	1	200134006	201067952	0.0183148993934799
psoriasis	0.00125024	0.00437345	FALSE	1.18099e-07	155	1	201067953	202583884	1.55845317073171e-06
psa	0.00245455	0.00510242	FALSE	0.00256917	155	1	201067953	202583884	0.0124059672952854
crohn	0.00378871	0.00656091	FALSE	1.04054e-09	155	1	201067953	202583884	2.45669452631579e-08
uc	0.00267804	0.00483496	FALSE	3.24075e-07	155	1	201067953	202583884	4.94214375e-06
cad	0.000243855	0.000473399	FALSE	5.039e-08	155	1	201067953	202583884	5.26218858447489e-07
psoriasis	0.000871681	0.00304922	FALSE	4.10852e-05	156	1	202583885	204092537	0.0002275488
psa	0.0030551	0.00635081	FALSE	0.000151687	156	1	202583885	204092537	0.00145410296551724
crohn	0.00141558	0.00245135	FALSE	0.00412446	156	1	202583885	204092537	0.0099289263362069
uc	0.000965041	0.0017423	FALSE	0.0179439	156	1	202583885	204092537	0.0341758928013877
cad	0.000208611	0.000404979	FALSE	4.84466e-07	156	1	202583885	204092537	3.80746990378007e-06
psoriasis	0.000338174	0.00118296	FALSE	0.0273199	157	1	204092538	205009623	0.0486087182866557
psa	0.000890808	0.00185177	FALSE	0.0898437	157	1	204092538	205009623	0.150331762854686
crohn	0.00141399	0.00244861	FALSE	0.00130625	157	1	204092538	205009623	0.00381459150326797
uc	0.00100014	0.00180566	FALSE	0.00649088	157	1	204092538	205009623	0.0155441357470011
cad	0.000221644	0.000430281	FALSE	3.97489e-09	157	1	204092538	205009623	5.47624905421687e-08
psoriasis	0.00025952	0.000907825	FALSE	0.0602305	158	1	205009624	205917548	0.0918988474576271
psa	0.000320387	0.000666006	FALSE	0.295202	158	1	205009624	205917548	0.345853757977122
crohn	0.00044668	0.000773516	FALSE	0.140289	158	1	205009624	205917548	0.174307912124583
uc	0.00167053	0.00301599	FALSE	3.01144e-05	158	1	205009624	205917548	0.000204108711111111
cad	7.53817e-05	0.00014634	FALSE	0.0104182	158	1	205009624	205917548	0.0181241706463878
psoriasis	0.00231387	0.00809414	FALSE	1.65739e-21	159	1	205917549	208162951	1.1933208e-19
psa	0.002773	0.00576439	FALSE	0.000199576	159	1	205917549	208162951	0.00183195705660377
crohn	0.00397375	0.00688134	FALSE	2.31304e-12	159	1	205917549	208162951	1.01320222745098e-10
uc	0.00544219	0.00982539	FALSE	2.67205e-23	159	1	205917549	208162951	9.779703e-21
cad	0.000127794	0.000248088	FALSE	0.000339706	159	1	205917549	208162951	0.00106571690260631
psoriasis	0.00108729	0.00380344	FALSE	2.81117e-06	160	1	208162952	209711169	2.3087936121673e-05
psa	0.00143578	0.00298464	FALSE	0.0456334	160	1	208162952	209711169	0.0940705470338983
crohn	0.00228047	0.0039491	FALSE	6.82864e-05	160	1	208162952	209711169	0.000321839277637131
uc	0.00238854	0.00431229	FALSE	3.88763e-06	160	1	208162952	209711169	3.7280504279476e-05
cad	0.000162666	0.000315786	FALSE	0.000106592	160	1	208162952	209711169	0.000389418376996805
psoriasis	0.000500527	0.00175089	FALSE	0.00526771	161	1	209711170	211082892	0.012690710367893
psa	0.0019069	0.00396398	FALSE	0.00624651	161	1	209711170	211082892	0.0225193282222222
crohn	0.00227081	0.00393236	FALSE	1.01594e-05	161	1	209711170	211082892	6.41132757062147e-05
uc	0.0034587	0.00624438	FALSE	4.7246e-12	161	1	209711170	211082892	2.47029085714286e-10
cad	0.000116746	0.00022664	FALSE	0.000973664	161	1	209711170	211082892	0.00260136631775701
psoriasis	0.000420646	0.00147146	FALSE	0.00524093	162	1	211082893	212347582	0.0126768295632699
psa	0.00232788	0.00483909	FALSE	0.000248154	162	1	211082893	212347582	0.00211801615789474
crohn	0.00173166	0.00299872	FALSE	5.0478e-05	162	1	211082893	212347582	0.000255323455656109
uc	0.000379395	0.000684963	FALSE	0.131679	162	1	211082893	212347582	0.171510725978648
cad	3.60576e-06	6.9999e-06	FALSE	0.432633	162	1	211082893	212347582	0.437414531830239
psoriasis	0.000994383	0.00347845	FALSE	2.15758e-06	163	1	212347583	213958292	1.84204458498024e-05
psa	0.00231862	0.00481984	FALSE	0.00181608	163	1	212347583	213958292	0.00954188666666667
crohn	0.00273805	0.00474148	FALSE	4.77642e-07	163	1	212347583	213958292	4.76362601785714e-06
uc	0.00152732	0.00275744	FALSE	0.00049445	163	1	212347583	213958292	0.0019150126984127
cad	7.72061e-05	0.000149881	FALSE	0.0190842	163	1	212347583	213958292	0.0308885813163482
psoriasis	0.000377942	0.00132208	FALSE	0.0125472	164	1	213958293	214783872	0.02554378133836
psa	0.000154611	0.000321399	FALSE	0.385807	164	1	213958293	214783872	0.417159695555556
crohn	0.00123927	0.00214605	FALSE	0.00252717	164	1	213958293	214783872	0.00668921537914692
uc	0.000710308	0.0012824	FALSE	0.0279187	164	1	213958293	214783872	0.0490083654676259
cad	4.14878e-05	8.05408e-05	FALSE	0.0853953	164	1	213958293	214783872	0.109841985995501
crohn	0.000437579	0.000757757	FALSE	0.0817704	165	1	214783873	215825791	0.111796250673195
uc	8.75583e-05	0.000158079	FALSE	0.353003	165	1	214783873	215825791	0.375943059165858
cad	7.36844e-06	1.43045e-05	FALSE	0.352806	165	1	214783873	215825791	0.363781479711452
psoriasis	0.000293306	0.00102601	FALSE	0.0327724	166	1	215825792	216658126	0.0564500669856459
psa	0.000729316	0.00151607	FALSE	0.111506	166	1	215825792	216658126	0.175133717514124
crohn	0.000822649	0.00142458	FALSE	0.0225038	166	1	215825792	216658126	0.0398048212193191
uc	0.000743994	0.00134322	FALSE	0.0195317	166	1	215825792	216658126	0.0367222715753425
cad	7.36104e-05	0.000142901	FALSE	0.0084333	166	1	215825792	216658126	0.0152949699444885
psoriasis	0.000456603	0.00159724	FALSE	0.00478356	167	1	216658127	217352165	0.0116751294915254
psa	0.000478652	0.000995001	FALSE	0.220019	167	1	216658127	217352165	0.280390945645056
crohn	0.000658478	0.00114029	FALSE	0.0624613	167	1	216658127	217352165	0.0911533285434356
uc	0.000300394	0.000542335	FALSE	0.200617	167	1	216658127	217352165	0.239301972840847
cad	0.000101996	0.000198006	FALSE	0.00129554	167	1	216658127	217352165	0.00326670339581036
psoriasis	0.000385287	0.00134777	FALSE	0.012336	168	1	217352166	218563960	0.0252088552507096
psa	0.000349734	0.000727012	FALSE	0.279285	168	1	217352166	218563960	0.332205751833741
crohn	0.00200285	0.00346833	FALSE	1.35422e-05	168	1	217352166	218563960	8.15452150943396e-05
uc	0.00134384	0.00242619	FALSE	0.000438617	168	1	217352166	218563960	0.00173237937410072
cad	8.80763e-05	0.000170984	FALSE	0.00383381	168	1	217352166	218563960	0.00786360849327354
psa	0.00200457	0.00416702	FALSE	0.00197987	169	1	218563961	220073132	0.0101390184736842
crohn	0.00178288	0.00308742	FALSE	8.02837e-05	169	1	218563961	220073132	0.000367596917622951
uc	0.00185578	0.00335044	FALSE	5.92347e-06	169	1	218563961	220073132	5.26637251821862e-05
cad	0.000160405	0.000311396	FALSE	3.70115e-06	169	1	218563961	220073132	2.15931889030612e-05
psoriasis	9.46986e-05	0.000331265	FALSE	0.231521	170	1	220073133	220978151	0.270499989183342
crohn	0.000898849	0.00155654	FALSE	0.00797051	170	1	220073133	220978151	0.0171297368683958
uc	0.000794168	0.0014338	FALSE	0.00757442	170	1	220073133	220978151	0.0174172003350785
cad	3.20526e-05	6.22241e-05	FALSE	0.104669	170	1	220073133	220978151	0.131598682242991
psoriasis	0.000266126	0.000930935	FALSE	0.0207532	171	1	220978152	221856864	0.0383792054794521
crohn	0.00105103	0.00182007	FALSE	0.00148229	171	1	220978152	221856864	0.00424543058974359
uc	0.00117559	0.00212242	FALSE	0.000127217	171	1	220978152	221856864	0.000663583211401425
cad	2.48442e-05	4.82303e-05	FALSE	0.139236	171	1	220978152	221856864	0.165247914893617
psoriasis	0.000412849	0.00144418	FALSE	0.00364329	172	1	221856865	222763597	0.00931302532544379
psa	0.000238821	0.000496451	FALSE	0.31537	172	1	221856865	222763597	0.363142023668639
crohn	0.000451873	0.000782509	FALSE	0.104328	172	1	221856865	222763597	0.136610343292326
uc	0.000673575	0.00121608	FALSE	0.0208683	172	1	221856865	222763597	0.0387377741335587
cad	0.000263829	0.000512175	FALSE	4.9556e-14	172	1	221856865	222763597	1.92092494915254e-12
psoriasis	0.000402555	0.00140818	FALSE	0.00433362	173	1	222763598	223654902	0.0107469795637199
psa	5.57465e-05	0.000115883	FALSE	0.439291	173	1	222763598	223654902	0.453026118706942
crohn	0.00025611	0.000443506	FALSE	0.222639	173	1	222763598	223654902	0.251708262145749
uc	0.00021625	0.00039042	FALSE	0.230136	173	1	222763598	223654902	0.26577603785489
cad	0.000291522	0.000565936	FALSE	2.33609e-16	173	1	222763598	223654902	1.16144300652174e-14
psa	3.23768e-05	6.73035e-05	FALSE	0.458105	174	1	223654903	224943337	0.465277834029228
crohn	5.72078e-05	9.90668e-05	FALSE	0.418894	174	1	223654903	224943337	0.429073450710683
uc	0.00031622	0.000570907	FALSE	0.156111	174	1	223654903	224943337	0.195561754706218
cad	8.52975e-05	0.000165589	FALSE	0.00189866	174	1	223654903	224943337	0.00438167045408678
psoriasis	0.000651453	0.00227885	FALSE	8.9362e-05	175	1	224943338	226534711	0.0004308525
crohn	0.00169251	0.00293093	FALSE	7.21322e-05	175	1	224943338	226534711	0.00033782669769392
cad	0.00012233	0.000237482	FALSE	9.28195e-05	175	1	224943338	226534711	0.000346293958401305
psoriasis	0.000513187	0.00179518	FALSE	0.00134672	176	1	226534712	228045554	0.00404016
psa	0.000541136	0.00112489	FALSE	0.181806	176	1	226534712	228045554	0.24671860251046
crohn	0.00145254	0.00251536	FALSE	0.000525735	176	1	226534712	228045554	0.00177148113122172
uc	0.000720419	0.00130065	FALSE	0.0244311	176	1	226534712	228045554	0.0440120554552912
cad	8.79875e-05	0.000170811	FALSE	0.00292323	176	1	226534712	228045554	0.00628329606203008
psoriasis	0.000205159	0.000717664	FALSE	0.0629393	177	1	228045555	229075156	0.0951356808957313
psa	0.000375156	0.000779858	FALSE	0.220941	177	1	228045555	229075156	0.281381666230367
crohn	0.000376535	0.000652046	FALSE	0.128593	177	1	228045555	229075156	0.162395003957038
cad	0.000111849	0.000217134	FALSE	5.05184e-05	177	1	228045555	229075156	0.000201985281118881
psoriasis	0.000489201	0.00171127	FALSE	0.00279655	178	1	229075157	230227247	0.00753185536159601
psa	0.00137197	0.00285199	FALSE	0.0197486	178	1	229075157	230227247	0.051718611827957
crohn	0.000832183	0.00144109	FALSE	0.0274039	178	1	229075157	230227247	0.0468045203363914
uc	0.000618425	0.00111651	FALSE	0.0492722	178	1	229075157	230227247	0.0769024528784648
cad	7.39212e-05	0.000143504	FALSE	0.0113819	178	1	229075157	230227247	0.0195717333082707
psoriasis	0.000786776	0.00275222	FALSE	9.87219e-05	179	1	230227248	231287764	0.0004696900969163
psa	0.00068145	0.00141657	FALSE	0.176663	179	1	230227248	231287764	0.242913298022599
crohn	0.00246966	0.00427671	FALSE	4.20678e-06	179	1	230227248	231287764	3.10602678547855e-05
uc	0.00241796	0.00436542	FALSE	4.65936e-07	179	1	230227248	231287764	6.76187407894737e-06
cad	0.000211788	0.000411147	FALSE	1.9359e-07	179	1	230227248	231287764	1.70284742307692e-06
psoriasis	0.000123535	0.000432137	FALSE	0.200335	180	1	231287765	232177704	0.240803338898164
psa	0.000531369	0.00110459	FALSE	0.179435	180	1	231287765	232177704	0.245211032303371
crohn	0.00144425	0.002501	FALSE	0.000429852	180	1	231287765	232177704	0.00149811133853354
uc	0.00045318	0.000818176	FALSE	0.0930756	180	1	231287765	232177704	0.128549696603774
cad	9.29556e-06	1.80456e-05	FALSE	0.356346	180	1	231287765	232177704	0.366770162916292
psa	0.000180613	0.000375451	FALSE	0.380393	181	1	232177705	232954942	0.4130830234375
crohn	0.00181997	0.00315165	FALSE	0.000118262	181	1	232177705	232954942	0.000509627483622351
uc	0.00138961	0.00250881	FALSE	0.000565043	181	1	232177705	232954942	0.00213201791752577
cad	1.66826e-05	3.23861e-05	FALSE	0.292981	181	1	232177705	232954942	0.310494692771084
psa	0.00056516	0.00117483	FALSE	0.150735	182	1	232954943	233639473	0.216854588322247
crohn	0.00187884	0.00325358	FALSE	5.74676e-06	182	1	232954943	233639473	3.98703783850932e-05
uc	0.000296023	0.000534443	FALSE	0.170706	182	1	232954943	233639473	0.210512678270634
cad	2.76842e-05	5.37437e-05	FALSE	0.147052	182	1	232954943	233639473	0.172554091328887
psoriasis	8.3063e-06	2.90562e-05	FALSE	0.461486	183	1	233639474	234365796	0.464929925373134
psa	0.00120741	0.00250992	FALSE	0.0278679	183	1	233639474	234365796	0.0659293491525424
crohn	0.000608468	0.00105368	FALSE	0.0660056	183	1	233639474	234365796	0.0949494593689633
uc	0.0011314	0.00204265	FALSE	0.00147424	183	1	233639474	234365796	0.004760928
cad	9.58581e-05	0.000186091	FALSE	0.00138251	183	1	233639474	234365796	0.00344721652505447
psoriasis	0.00131297	0.00459289	FALSE	1.66063e-09	184	1	234365797	235097113	3.40829831775701e-08
psa	0.0022754	0.00473001	FALSE	0.00172154	184	1	234365797	235097113	0.00916496879781421
crohn	0.00235177	0.00407256	FALSE	5.82356e-06	184	1	234365797	235097113	4.02781208668731e-05
uc	0.00148209	0.00267577	FALSE	0.00052236	184	1	234365797	235097113	0.0020089361821366
cad	0.000148973	0.000289202	FALSE	6.18322e-05	184	1	234365797	235097113	0.000243810761034483
psoriasis	0.000386874	0.00135332	FALSE	0.00407339	185	1	235097114	236199671	0.01023084
crohn	1.35122e-05	2.33991e-05	FALSE	0.46447	185	1	235097114	236199671	0.467304317874831
uc	0.000686799	0.00123996	FALSE	0.015626	185	1	235097114	236199671	0.0309141405405405
psoriasis	0.000833951	0.00291724	FALSE	7.65843e-05	186	1	236199672	237409458	0.000383809948955916
psa	0.000927151	0.00192732	FALSE	0.113846	186	1	236199672	237409458	0.177947241767068
crohn	0.00227328	0.00393664	FALSE	2.52634e-05	186	1	236199672	237409458	0.000138669374938575
uc	0.00174927	0.00315815	FALSE	0.000151855	186	1	236199672	237409458	0.000756175918367347
cad	0.000128561	0.000249577	FALSE	0.00068747	186	1	236199672	237409458	0.00192205854523227
psoriasis	0.000625935	0.00218958	FALSE	0.000304772	187	1	237409459	238094455	0.00119042951175407
psa	0.00148884	0.00309494	FALSE	0.0139919	187	1	237409459	238094455	0.041006381626506
crohn	0.000444873	0.000770386	FALSE	0.142793	187	1	237409459	238094455	0.176927100388242
uc	0.000144734	0.000261305	FALSE	0.333133	187	1	237409459	238094455	0.35984263059518
cad	0.000174666	0.000339082	FALSE	7.70437e-07	187	1	237409459	238094455	5.70223112944984e-06
psoriasis	0.000252528	0.000883368	FALSE	0.0300772	188	1	238094456	238704857	0.0527755905767669
psa	0.000430359	0.000894612	FALSE	0.185515	188	1	238094456	238704857	0.24942129281768
crohn	0.000871167	0.0015086	FALSE	0.00686026	188	1	238094456	238704857	0.0151142217357002
uc	0.000668906	0.00120765	FALSE	0.0140976	188	1	238094456	238704857	0.0285067491712707
psoriasis	0.000277827	0.000971864	FALSE	0.0276629	189	1	238704858	239332148	0.0491380460526316
crohn	0.000312297	0.000540805	FALSE	0.182584	189	1	238704858	239332148	0.216273942735949
uc	0.000323073	0.00058328	FALSE	0.145919	189	1	238704858	239332148	0.185560092646207
cad	4.22174e-05	8.19572e-05	FALSE	0.0575375	189	1	238704858	239332148	0.0790794846754808
psoriasis	0.000594222	0.00207865	FALSE	0.000482844	190	1	239332149	240248508	0.00176770006779661
psa	0.00014459	0.000300567	FALSE	0.393863	190	1	239332149	240248508	0.421868822882288
crohn	0.000163347	0.000282868	FALSE	0.332549	190	1	239332149	240248508	0.352426217267552
uc	0.000571125	0.00103112	FALSE	0.0617289	190	1	239332149	240248508	0.0924436662576687
cad	0.000117824	0.000228734	FALSE	0.00026957	190	1	239332149	240248508	0.0008807237
psoriasis	0.000583107	0.00203977	FALSE	0.00179403	191	1	240248509	241033584	0.00516156591211718
psa	0.00163988	0.00340892	FALSE	0.0143828	191	1	240248509	241033584	0.0416501916666667
crohn	0.00176373	0.00305425	FALSE	0.000306821	191	1	240248509	241033584	0.00113671329021559
uc	0.00117871	0.00212805	FALSE	0.00361284	191	1	240248509	241033584	0.00970417494505495
cad	0.000132308	0.00025685	FALSE	0.000250771	191	1	240248509	241033584	0.000829975798842258
psoriasis	0.000391656	0.00137005	FALSE	0.0152783	192	1	241033585	241813534	0.0299465771324864
psa	0.00177159	0.0036827	FALSE	0.00672547	192	1	241033585	241813534	0.0238353156363636
crohn	0.00157914	0.0027346	FALSE	0.000557898	192	1	241033585	241813534	0.00186578462874251
cad	0.000109929	0.000213406	FALSE	0.000970584	192	1	241033585	241813534	0.00259617030175439
psoriasis	0.000393059	0.00137496	FALSE	0.00672094	193	1	241813535	242417923	0.0155264496256684
psa	0.00169433	0.0035221	FALSE	0.00330197	193	1	241813535	242417923	0.0148741518981481
crohn	0.00138414	0.00239692	FALSE	0.000486184	193	1	241813535	242417923	0.00166075696636086
uc	0.000618763	0.00111712	FALSE	0.0350106	193	1	241813535	242417923	0.0581128326530612
cad	5.14417e-05	9.98644e-05	FALSE	0.0364221	193	1	241813535	242417923	0.053498614450867
psoriasis	0.000207295	0.000725139	FALSE	0.0809516	194	1	242417924	243048003	0.116260276595745
psa	0.000477931	0.000993503	FALSE	0.193907	194	1	242417924	243048003	0.255881189152542
crohn	0.00133574	0.00231311	FALSE	0.000666431	194	1	242417924	243048003	0.00215456852966715
uc	0.000732446	0.00132237	FALSE	0.0170821	194	1	242417924	243048003	0.0329055189473684
cad	4.26991e-05	8.28923e-05	FALSE	0.0642275	194	1	242417924	243048003	0.086813411643026
psoriasis	0.000223141	0.00078057	FALSE	0.108342	195	1	243048004	244723196	0.147366952141058
psa	0.000575296	0.0011959	FALSE	0.19847	195	1	243048004	244723196	0.260257830188679
crohn	0.00147643	0.00255674	FALSE	0.00141563	195	1	243048004	244723196	0.00408066763870968
uc	0.00132345	0.00238937	FALSE	0.00115285	195	1	243048004	244723196	0.00388887649769585
cad	0.000120067	0.000233087	FALSE	0.000555752	195	1	243048004	244723196	0.00160683290012642
psoriasis	0.00114413	0.00400227	FALSE	9.31202e-07	196	1	244723197	245970505	9.31202e-06
psa	0.00411112	0.00854601	FALSE	3.2842e-06	196	1	244723197	245970505	0.000105806253114754
crohn	0.00365068	0.00632189	FALSE	2.20532e-09	196	1	244723197	245970505	4.39882578571429e-08
uc	0.00110292	0.00199122	FALSE	0.0117762	196	1	244723197	245970505	0.024689284351145
cad	0.00013644	0.000264874	FALSE	0.00063422	196	1	244723197	245970505	0.00180181508074534
psoriasis	0.00018587	0.00065019	FALSE	0.0738314	197	1	245970506	246610290	0.108192553595658
psa	0.00137759	0.00286367	FALSE	0.00515753	197	1	245970506	246610290	0.0197959632741617
crohn	0.000506209	0.000876603	FALSE	0.0622711	197	1	245970506	246610290	0.0911025785199738
uc	0.000191583	0.000345886	FALSE	0.235615	197	1	245970506	246610290	0.271037475117863
cad	2.53614e-05	4.92345e-05	FALSE	0.138856	197	1	245970506	246610290	0.164968141298701
psoriasis	0.000306362	0.00107168	FALSE	0.023444	198	1	246610291	247531112	0.0427333670886076
psa	0.00127425	0.00264885	FALSE	0.0176174	198	1	246610291	247531112	0.047659186407767
uc	0.000402117	0.000725987	FALSE	0.110758	198	1	246610291	247531112	0.148761203669725
cad	4.17083e-05	8.09688e-05	FALSE	0.0691619	198	1	246610291	247531112	0.0923369908347928
psoriasis	0.000698136	0.00244215	FALSE	2.6402e-05	199	1	247531113	248341594	0.000158062337950139
psa	0.000355242	0.000738461	FALSE	0.260284	199	1	247531113	248341594	0.315780962593516
crohn	0.000594541	0.00102957	FALSE	0.0643974	199	1	247531113	248341594	0.0932968817120622
uc	0.00020856	0.000376537	FALSE	0.255729	199	1	247531113	248341594	0.288879055555556
cad	8.98938e-05	0.000174512	FALSE	0.00184471	199	1	247531113	248341594	0.0042787543306288
psoriasis	2.81158e-05	9.83519e-05	FALSE	0.352278	200	1	248341595	249240538	0.377066640237859
psa	0.00038512	0.00080057	FALSE	0.135521	200	1	248341595	249240538	0.200855952779893
uc	0.000593959	0.00107234	FALSE	0.0050149	200	1	248341595	249240538	0.0125859661714286
cad	2.78144e-05	5.39965e-05	FALSE	0.0587816	200	1	248341595	249240538	0.0804991132934132
psoriasis	0.000327186	0.00114453	FALSE	0.0150188	201	2	10181	789195	0.0295306787989081
psa	0.0014893	0.00309588	FALSE	0.00644275	201	2	10181	789195	0.0230773063602941
crohn	0.00107611	0.0018635	FALSE	0.00332843	201	2	10181	789195	0.00844967343181818
uc	0.000315794	0.000570137	FALSE	0.15641	201	2	10181	789195	0.195824606613455
cad	6.10225e-05	0.000118464	FALSE	0.015738	201	2	10181	789195	0.026043998552822
psa	7.59248e-05	0.000157829	FALSE	0.409575	202	2	789196	1376545	0.433588693855356
crohn	6.19558e-05	0.000107289	FALSE	0.393443	202	2	789196	1376545	0.407299194624652
uc	0.000171852	0.000310263	FALSE	0.23743	202	2	789196	1376545	0.272554249869315
psoriasis	0.000309998	0.0010844	FALSE	0.0160678	203	2	1376546	1875060	0.0312952642019838
crohn	0.000494398	0.000856149	FALSE	0.0813796	203	2	1376546	1875060	0.111534985521472
cad	0.000132999	0.000258192	FALSE	6.4868e-06	203	2	1376546	1875060	3.46619429906542e-05
psoriasis	0.000443914	0.00155285	FALSE	0.00537743	204	2	1875061	2680063	0.012905832
psa	0.00044651	0.000928186	FALSE	0.230614	204	2	1875061	2680063	0.289719072950291
crohn	0.00191318	0.00331306	FALSE	2.49301e-05	204	2	1875061	2680063	0.000137856048019802
uc	0.00188697	0.00340675	FALSE	3.55382e-06	204	2	1875061	2680063	3.51540032432432e-05
cad	7.68958e-05	0.000149279	FALSE	0.00878398	204	2	1875061	2680063	0.0158555345382794
psoriasis	2.73453e-05	9.56563e-05	FALSE	0.416351	205	2	2680064	3314202	0.426823996203132
psa	0.00118476	0.00246283	FALSE	0.0340653	205	2	2680064	3314202	0.0752452597048808
crohn	0.0009713	0.001682	FALSE	0.0125971	205	2	2680064	3314202	0.0246426632224168
uc	0.000674772	0.00121824	FALSE	0.0349307	205	2	2680064	3314202	0.058024067473525
cad	2.9026e-06	5.63485e-06	FALSE	0.445175	205	2	2680064	3314202	0.448904420194004
psoriasis	0.000130789	0.000457513	FALSE	0.196908	206	2	3314203	4016104	0.237344464285714
psa	0.00148625	0.00308955	FALSE	0.0115667	206	2	3314203	4016104	0.035335632967033
crohn	0.000618653	0.00107132	FALSE	0.0664605	206	2	3314203	4016104	0.0954195096401028
uc	0.00131575	0.00237547	FALSE	0.000413753	206	2	3314203	4016104	0.001655012
cad	8.15037e-05	0.000158224	FALSE	0.00539065	206	2	3314203	4016104	0.0104744405692438
psoriasis	0.000404377	0.00141455	FALSE	0.00609574	207	2	4016105	4766969	0.014358558778626
psa	0.00071787	0.00149228	FALSE	0.107711	207	2	4016105	4766969	0.171932290163934
crohn	0.000172825	0.000299281	FALSE	0.309264	207	2	4016105	4766969	0.332001814512254
uc	0.000884964	0.00159772	FALSE	0.00654268	207	2	4016105	4766969	0.0156170926956522
cad	4.88597e-05	9.48521e-05	FALSE	0.0446931	207	2	4016105	4766969	0.0638831998125
psoriasis	0.00013344	0.000466786	FALSE	0.172758	208	2	4766970	5568653	0.213476704805492
psa	0.000785342	0.00163253	FALSE	0.0849281	208	2	4766970	5568653	0.144671248558952
crohn	0.00176021	0.00304815	FALSE	2.09285e-05	208	2	4766970	5568653	0.000118547916962025
uc	0.000588661	0.00106278	FALSE	0.0398674	208	2	4766970	5568653	0.0646116681918819
cad	3.23076e-05	6.27193e-05	FALSE	0.11745	208	2	4766970	5568653	0.14402581769437
psoriasis	0.000552659	0.00193326	FALSE	0.000966411	209	2	5568654	6306606	0.00307883150442478
psa	0.00125294	0.00260455	FALSE	0.0290251	209	2	5568654	6306606	0.0674019625298329
crohn	0.000660518	0.00114382	FALSE	0.0601227	209	2	5568654	6306606	0.0885392958470666
uc	0.000274624	0.00049581	FALSE	0.217496	209	2	5568654	6306606	0.253514445859873
cad	0.000229617	0.000445759	FALSE	6.02224e-10	209	2	5568654	6306606	1.06766378914729e-08
psoriasis	0.000318703	0.00111485	FALSE	0.0327065	210	2	6306607	7108208	0.0564178898643256
psa	0.00130578	0.00271441	FALSE	0.0259554	210	2	6306607	7108208	0.0624341265760198
crohn	0.000575282	0.000996217	FALSE	0.088466	210	2	6306607	7108208	0.118841277209862
uc	0.00116012	0.0020945	FALSE	0.00194191	210	2	6306607	7108208	0.0059146107628294
cad	0.000181491	0.00035233	FALSE	3.68023e-07	210	2	6306607	7108208	2.98464042907801e-06
psoriasis	0.000319379	0.00111722	FALSE	0.0190657	211	2	7108209	7966709	0.0358103582608696
psa	0.000569029	0.00118287	FALSE	0.155458	211	2	7108209	7966709	0.221789785923754
crohn	0.000946021	0.00163823	FALSE	0.00899259	211	2	7108209	7966709	0.0187892344672897
uc	0.000236177	0.000426396	FALSE	0.225416	211	2	7108209	7966709	0.261858193548387
cad	5.61522e-05	0.000109009	FALSE	0.0256255	211	2	7108209	7966709	0.0396519069688769
psoriasis	0.000408901	0.00143037	FALSE	0.0172858	212	2	7966710	8978798	0.03310080425155
psa	0.00367271	0.00763466	FALSE	2.10216e-06	212	2	7966710	8978798	7.71849690566038e-05
crohn	0.000728975	0.00126237	FALSE	0.0581653	212	2	7966710	8978798	0.0863971277925532
uc	0.00112953	0.00203927	FALSE	0.00403334	212	2	7966710	8978798	0.010582096344086
cad	5.94917e-05	0.000115492	FALSE	0.042067	212	2	7966710	8978798	0.0606220724637681
psoriasis	0.000429219	0.00150145	FALSE	0.0044374	213	2	8978799	9960670	0.0109540388571429
crohn	0.001444	0.00250058	FALSE	0.000414168	213	2	8978799	9960670	0.0014502371661442
uc	0.000669218	0.00120821	FALSE	0.0290575	213	2	8978799	9960670	0.0504828085443038
cad	0.000108734	0.000211086	FALSE	0.000328068	213	2	8978799	9960670	0.00103631424861878
psoriasis	0.000596241	0.00208571	FALSE	0.000378631	214	2	9960671	10611654	0.00142481351916376
psa	0.000734937	0.00152775	FALSE	0.119104	214	2	9960671	10611654	0.184248146263911
crohn	0.00030045	0.000520289	FALSE	0.222462	214	2	9960671	10611654	0.251635497721519
uc	0.00138253	0.00249604	FALSE	0.00026935	214	2	9960671	10611654	0.00116665207100592
cad	1.37862e-05	2.67634e-05	FALSE	0.309722	214	2	9960671	10611654	0.324472313644689
psoriasis	0.000317203	0.00110961	FALSE	0.0298748	215	2	10611655	11230349	0.0525057510170871
psa	0.000735109	0.00152811	FALSE	0.12227	215	2	10611655	11230349	0.187204893784422
crohn	0.000275488	0.000477062	FALSE	0.243382	215	2	10611655	11230349	0.271721833083458
uc	0.000850125	0.00153483	FALSE	0.0133512	215	2	10611655	11230349	0.0271725998146432
cad	3.53465e-05	6.86187e-05	FALSE	0.12272	215	2	10611655	11230349	0.149112642781316
psoriasis	0.000645917	0.00225948	FALSE	0.000129849	216	2	11230350	11995765	0.000592967949260042
psa	0.000572874	0.00119086	FALSE	0.168263	216	2	11230350	11995765	0.23458500286533
crohn	0.00260453	0.00451026	FALSE	3.14068e-08	216	2	11230350	11995765	4.4081706875e-07
uc	0.00253891	0.00458378	FALSE	1.737e-09	216	2	11230350	11995765	5.22527671232877e-08
cad	6.36669e-05	0.000123597	FALSE	0.0193091	216	2	11230350	11995765	0.031186378319209
psoriasis	0.000435561	0.00152364	FALSE	0.00879507	217	2	11995766	12732506	0.0191312700906344
psa	0.0017349	0.00360644	FALSE	0.00779168	217	2	11995766	12732506	0.0266478194727592
crohn	0.000943962	0.00163466	FALSE	0.0205351	217	2	11995766	12732506	0.0368773419614148
uc	0.0016234	0.0029309	FALSE	9.03777e-05	217	2	11995766	12732506	0.000507594448081841
cad	0.000130621	0.000253577	FALSE	0.000158643	217	2	11995766	12732506	0.000558179293846154
psoriasis	0.000304394	0.0010648	FALSE	0.0126057	218	2	12732507	13625450	0.0256145926622766
psa	0.000838545	0.00174313	FALSE	0.0501689	218	2	12732507	13625450	0.0997228594484168
cad	3.25445e-05	6.31791e-05	FALSE	0.0881221	218	2	12732507	13625450	0.112652455394075
psoriasis	0.000310186	0.00108506	FALSE	0.0221489	219	2	13625451	14692120	0.0405781374045801
crohn	0.000660929	0.00114453	FALSE	0.0440542	219	2	13625451	14692120	0.0692590308233638
uc	0.000966152	0.0017443	FALSE	0.00344428	219	2	13625451	14692120	0.00939582469565218
psoriasis	0.000491737	0.00172014	FALSE	0.000574369	220	2	14692121	15721703	0.002017296
psa	0.000201748	0.000419385	FALSE	0.333104	220	2	14692121	15721703	0.377311050058207
crohn	2.02825e-05	3.51233e-05	FALSE	0.456768	220	2	14692121	15721703	0.461215508359693
uc	0.000409384	0.000739107	FALSE	0.0892787	220	2	14692121	15721703	0.124164677137429
cad	2.0103e-05	3.90262e-05	FALSE	0.204585	220	2	14692121	15721703	0.22823702195122
psoriasis	0.00101574	0.00355314	FALSE	3.68137e-06	221	2	15721704	17241115	2.91273230769231e-05
psa	0.00306275	0.00636671	FALSE	0.000172967	221	2	15721704	17241115	0.00161823933653846
crohn	0.00325186	0.00563124	FALSE	2.29708e-08	221	2	15721704	17241115	3.32812672258065e-07
uc	0.000841232	0.00151877	FALSE	0.0341058	221	2	15721704	17241115	0.0569269230068337
cad	0.000244228	0.000474124	FALSE	1.43681e-08	221	2	15721704	17241115	1.73861612169312e-07
psoriasis	0.000283803	0.000992769	FALSE	0.0551742	222	2	17241116	18656325	0.0861100231213873
psa	0.00116684	0.00242557	FALSE	0.0472525	222	2	17241116	18656325	0.0962862460732984
crohn	0.00124851	0.00216204	FALSE	0.00439335	222	2	17241116	18656325	0.0104634796375267
uc	0.000526677	0.000950869	FALSE	0.0901655	222	2	17241116	18656325	0.125160201011378
cad	0.00015682	0.000304436	FALSE	1.31781e-05	222	2	17241116	18656325	6.38523616525424e-05
psoriasis	0.00044198	0.00154609	FALSE	0.01098	223	2	18656326	20064517	0.0229591481122943
psa	0.00112054	0.00232933	FALSE	0.0625059	223	2	18656326	20064517	0.116287267112811
crohn	0.00179598	0.00311011	FALSE	0.000257093	223	2	18656326	20064517	0.000973467393220339
uc	0.00218321	0.00394159	FALSE	1.83197e-06	223	2	18656326	20064517	2.06308006153846e-05
cad	0.000325976	0.000632822	FALSE	3.75406e-14	223	2	18656326	20064517	1.48026469310345e-12
psoriasis	0.000680502	0.00238046	FALSE	0.000196705	224	2	20064518	21084898	0.000841352079207921
psa	0.000459992	0.000956211	FALSE	0.238426	224	2	20064518	21084898	0.296660483375959
crohn	0.00127877	0.00221444	FALSE	0.00347767	224	2	20064518	21084898	0.00874900313063063
uc	0.000175771	0.000317339	FALSE	0.311873	224	2	20064518	21084898	0.341412317048853
cad	0.000113605	0.000220544	FALSE	0.000708681	224	2	20064518	21084898	0.00197412112911084
psoriasis	1.09107e-05	3.81667e-05	FALSE	0.451715	225	2	21084899	22429640	0.458507706766917
crohn	0.000148311	0.00025683	FALSE	0.328412	225	2	21084899	22429640	0.349149117982873
uc	0.000576582	0.00104097	FALSE	0.0427557	225	2	21084899	22429640	0.0682847397818182
cad	0.000272292	0.000528604	FALSE	3.58196e-14	225	2	21084899	22429640	1.43718289824561e-12
crohn	0.00106778	0.00184908	FALSE	0.00769438	226	2	22429641	23538527	0.016640120929332
uc	0.000244372	0.000441193	FALSE	0.240063	226	2	22429641	23538527	0.274715137050547
cad	9.30704e-05	0.000180679	FALSE	0.0024175	226	2	22429641	23538527	0.00535738614341085
psoriasis	9.92805e-05	0.000347293	FALSE	0.227916	227	2	23538528	24669224	0.267118046663049
psa	0.000593302	0.00123333	FALSE	0.134622	227	2	23538528	24669224	0.200363668449198
crohn	0.000606554	0.00105037	FALSE	0.048668	227	2	23538528	24669224	0.074982284137931
uc	0.000436557	0.000788166	FALSE	0.082698	227	2	23538528	24669224	0.116714085549133
cad	8.28807e-05	0.000160897	FALSE	0.00200417	227	2	23538528	24669224	0.00457895783216783
psoriasis	0.000846591	0.00296146	FALSE	2.36992e-07	228	2	24669225	25895394	2.95897526011561e-06
psa	0.000601476	0.00125032	FALSE	0.130535	228	2	24669225	25895394	0.196306885625966
crohn	0.00272793	0.00472396	FALSE	6.3536e-10	228	2	24669225	25895394	1.612948e-08
uc	0.000997057	0.0018001	FALSE	0.00176151	228	2	24669225	25895394	0.00548691625531915
cad	8.78041e-05	0.000170455	FALSE	0.0011912	228	2	24669225	25895394	0.00304329252232143
psa	0.00108049	0.00224608	FALSE	0.0268203	229	2	25895395	26894102	0.0638828687882497
crohn	0.000391603	0.00067814	FALSE	0.129465	229	2	25895395	26894102	0.163219418735892
uc	0.000421324	0.000760663	FALSE	0.0866776	229	2	25895395	26894102	0.121315493690249
cad	8.3573e-05	0.000162241	FALSE	0.00167678	229	2	25895395	26894102	0.00396599383660807
psoriasis	0.00028215	0.000986987	FALSE	0.047939	230	2	26894103	28819510	0.0769875390334573
psa	8.1243e-05	0.000168884	FALSE	0.433876	230	2	26894103	28819510	0.449285855319149
crohn	0.00333153	0.00576921	FALSE	9.47426e-11	230	2	26894103	28819510	3.11257306470588e-09
uc	0.000680104	0.00122787	FALSE	0.0375473	230	2	26894103	28819510	0.0614410363636364
cad	8.38156e-05	0.000162712	FALSE	0.00586478	230	2	26894103	28819510	0.0112240601338912
psoriasis	0.00013435	0.00046997	FALSE	0.189089	231	2	28819511	29627932	0.230058243243243
psa	0.000724	0.00150502	FALSE	0.11821	231	2	28819511	29627932	0.183296143426295
crohn	0.000773676	0.00133978	FALSE	0.0316719	231	2	28819511	29627932	0.0527235652757079
uc	0.00082379	0.00148728	FALSE	0.013318	231	2	28819511	29627932	0.027155364902507
cad	3.3628e-05	6.52824e-05	FALSE	0.126181	231	2	28819511	29627932	0.152282821635884
psa	0.000443569	0.000922071	FALSE	0.234298	232	2	29627933	30575619	0.292646924261874
crohn	0.00152676	0.0026439	FALSE	0.000476942	232	2	29627933	30575619	0.00163669497388633
uc	0.000204985	0.000370083	FALSE	0.275966	232	2	29627933	30575619	0.30825093387589
cad	6.30057e-05	0.000122314	FALSE	0.0247875	232	2	29627933	30575619	0.0386428169734151
psoriasis	0.000183891	0.000643267	FALSE	0.13639	233	2	30575620	31457418	0.175976243291592
psa	0.00239862	0.00498615	FALSE	0.000490029	233	2	30575620	31457418	0.0035715222247191
uc	0.000736005	0.00132879	FALSE	0.0305017	233	2	30575620	31457418	0.0521258624124514
cad	1.95967e-05	3.80434e-05	FALSE	0.258672	233	2	30575620	31457418	0.279180209532799
psoriasis	0.000181866	0.000636185	FALSE	0.133549	234	2	31457419	33123604	0.173461118460613
psa	0.000369437	0.00076797	FALSE	0.269991	234	2	31457419	33123604	0.324576233189389
crohn	0.000557759	0.000965872	FALSE	0.092576	234	2	31457419	33123604	0.123324259988074
uc	0.00086306	0.00155818	FALSE	0.0127897	234	2	31457419	33123604	0.0262242588235294
cad	6.85842e-05	0.000133143	FALSE	0.0169503	234	2	31457419	33123604	0.027808705954089
psoriasis	0.000326079	0.00114065	FALSE	0.0270211	235	2	33123605	33735318	0.0481564158415842
psa	0.00155558	0.00323367	FALSE	0.00992235	235	2	33123605	33735318	0.0318353738056013
crohn	0.0017926	0.00310424	FALSE	6.03181e-05	235	2	33123605	33735318	0.000293935021350763
uc	0.000444653	0.000802781	FALSE	0.109146	235	2	33123605	33735318	0.147226422604423
cad	2.49279e-05	4.83929e-05	FALSE	0.198488	235	2	33123605	33735318	0.222629747915645
psoriasis	9.65809e-05	0.000337849	FALSE	0.225915	236	2	33735319	34239776	0.264923648208469
crohn	0.000302795	0.000524351	FALSE	0.182393	236	2	33735319	34239776	0.216162314058355
uc	0.000619187	0.00111789	FALSE	0.0253152	236	2	33735319	34239776	0.0453813707755102
cad	5.18442e-05	0.000100646	FALSE	0.0257187	236	2	33735319	34239776	0.0397423425
psoriasis	0.000195471	0.000683777	FALSE	0.0638722	237	2	34239777	34890558	0.0960751754874652
psa	0.000646693	0.00134432	FALSE	0.0955537	237	2	34239777	34890558	0.1574491957663
crohn	9.80682e-05	0.000169825	FALSE	0.360334	237	2	34239777	34890558	0.378105286989197
cad	4.54192e-05	8.81729e-05	FALSE	0.0333314	237	2	34239777	34890558	0.0499534153342071
psoriasis	4.03609e-05	0.000141186	FALSE	0.348296	238	2	34890559	35609257	0.37410211834908
psa	0.00164159	0.00341247	FALSE	0.00100392	238	2	34890559	35609257	0.00604838489164087
uc	0.000167959	0.000303236	FALSE	0.251947	238	2	34890559	35609257	0.285930548837209
cad	2.27832e-05	4.42294e-05	FALSE	0.152322	238	2	34890559	35609257	0.177282653435115
psa	0.000185981	0.000386609	FALSE	0.320079	239	2	35609258	36120743	0.367044038892163
uc	7.81394e-05	0.000141074	FALSE	0.359512	239	2	35609258	36120743	0.380843392185239
cad	2.70872e-05	5.25848e-05	FALSE	0.106522	239	2	35609258	36120743	0.133634566099835
psoriasis	3.98351e-05	0.000139347	FALSE	0.385076	240	2	36120744	36867389	0.402207040618955
psa	0.000313714	0.000652135	FALSE	0.294089	240	2	36120744	36867389	0.344757345783133
crohn	0.00133244	0.00230738	FALSE	0.00139453	240	2	36120744	36867389	0.00403546634715026
uc	0.000701745	0.00126694	FALSE	0.0292941	240	2	36120744	36867389	0.0508536313043478
cad	6.3002e-06	1.22307e-05	FALSE	0.400412	240	2	36120744	36867389	0.408084778966132
psoriasis	0.000133626	0.000467436	FALSE	0.18448	241	2	36867390	37603360	0.225382805429864
psa	0.000312008	0.000648589	FALSE	0.287057	241	2	36867390	37603360	0.338832802424242
crohn	0.000341907	0.00059208	FALSE	0.184138	241	2	36867390	37603360	0.217478483086681
uc	0.0015563	0.00280976	FALSE	3.52279e-05	241	2	36867390	37603360	0.000231618168862275
cad	9.79806e-05	0.000190211	FALSE	0.000998518	241	2	36867390	37603360	0.00264920030858469
psoriasis	0.00039078	0.00136698	FALSE	0.0243394	242	2	37603361	38887393	0.0439942292887029
psa	0.00264871	0.00550602	FALSE	0.000560867	242	2	37603361	38887393	0.00395582458483754
crohn	0.000934795	0.00161879	FALSE	0.0320409	242	2	37603361	38887393	0.0531398445434298
uc	0.00329857	0.00595529	FALSE	8.43303e-11	242	2	37603361	38887393	3.56133343846154e-09
cad	0.000190443	0.000369709	FALSE	1.82238e-06	242	2	37603361	38887393	1.19420718051576e-05
psoriasis	0.000331379	0.0011592	FALSE	0.0119763	243	2	38887394	40087418	0.0246135185537583
psa	0.0026384	0.00548459	FALSE	1.39356e-05	243	2	38887394	40087418	0.000265869388235294
crohn	0.000834157	0.00144451	FALSE	0.012978	243	2	38887394	40087418	0.0252331174934726
uc	0.000885823	0.00159928	FALSE	0.00413185	243	2	38887394	40087418	0.0107948675386445
cad	7.14087e-05	0.000138627	FALSE	0.00546318	243	2	38887394	40087418	0.0105942469458545
psoriasis	0.000193102	0.000675489	FALSE	0.114526	244	2	40087419	40786176	0.153291789473684
psa	0.00256866	0.00533961	FALSE	0.000131656	244	2	40087419	40786176	0.00128745013065327
crohn	0.00170417	0.00295111	FALSE	0.000112163	244	2	40087419	40786176	0.000488444721247563
uc	0.00105642	0.00190727	FALSE	0.00326847	244	2	40087419	40786176	0.00902837750943396
cad	0.00010685	0.000207429	FALSE	0.000678812	244	2	40087419	40786176	0.00190717818673219
psoriasis	7.03771e-05	0.000246186	FALSE	0.273922	245	2	40786177	41540439	0.308483587069864
psa	0.00123427	0.00256574	FALSE	0.0102221	245	2	40786177	41540439	0.0322543980551054
crohn	0.000703493	0.00121824	FALSE	0.0201455	245	2	40786177	41540439	0.0362651466559226
uc	0.000407559	0.000735812	FALSE	0.0783576	245	2	40786177	41540439	0.111518658198315
cad	1.43025e-05	2.77656e-05	FALSE	0.259637	245	2	40786177	41540439	0.279843872761546
psoriasis	0.000156323	0.000546832	FALSE	0.144801	246	2	41540440	42307418	0.185510177935943
psa	0.000629863	0.00130933	FALSE	0.138842	246	2	41540440	42307418	0.204841949962092
crohn	0.000422943	0.00073241	FALSE	0.133218	246	2	41540440	42307418	0.16710219651881
uc	0.000312926	0.00056496	FALSE	0.170625	246	2	41540440	42307418	0.210512678270634
cad	3.92735e-05	7.62422e-05	FALSE	0.0844919	246	2	41540440	42307418	0.10887549375
psoriasis	0.000649152	0.00227079	FALSE	9.96274e-05	247	2	42307419	43295776	0.000472577816593887
psa	0.000162887	0.000338602	FALSE	0.37715	247	2	42307419	43295776	0.411368047058824
crohn	0.00153009	0.00264966	FALSE	0.000269214	247	2	42307419	43295776	0.00101249844444444
uc	0.000503939	0.000909817	FALSE	0.0755046	247	2	42307419	43295776	0.108442185480706
cad	9.49379e-05	0.000184304	FALSE	0.00145594	247	2	42307419	43295776	0.00359194690399137
psoriasis	0.000550299	0.001925	FALSE	0.000496069	248	2	43295777	44104110	0.00180186402684564
psa	0.000919187	0.00191076	FALSE	0.062314	248	2	43295777	44104110	0.116041190430622
crohn	0.00315588	0.00546504	FALSE	4.57464e-11	248	2	43295777	44104110	1.67536815737705e-09
uc	0.00167691	0.00302752	FALSE	8.99926e-06	248	2	43295777	44104110	7.29238928413284e-05
cad	0.000382649	0.000742842	FALSE	8.99929e-22	248	2	43295777	44104110	8.57557342916667e-20
psoriasis	0.000307248	0.00107478	FALSE	0.0327276	249	2	44104111	45189468	0.0564178898643256
crohn	6.16795e-05	0.00010681	FALSE	0.424082	249	2	44104111	45189468	0.433274442615455
cad	4.33284e-05	8.41141e-05	FALSE	0.0791094	249	2	44104111	45189468	0.103090141196581
psoriasis	0.000474206	0.00165882	FALSE	0.00467334	250	2	45189469	45850047	0.011457905107832
psa	0.00130009	0.00270256	FALSE	0.0301074	250	2	45189469	45850047	0.0689282357647059
crohn	0.000457793	0.000792761	FALSE	0.14484	250	2	45189469	45850047	0.179066164914222
cad	0.000128797	0.000250034	FALSE	0.00016354	250	2	45189469	45850047	0.000573644141104294
psoriasis	0.00101086	0.00353607	FALSE	2.13722e-06	251	2	45850048	46499326	1.83451714285714e-05
psa	0.00165357	0.00343737	FALSE	0.0179991	251	2	45850048	46499326	0.0483120670344828
crohn	0.00294245	0.00509545	FALSE	1.41037e-07	251	2	45850048	46499326	1.61577773333333e-06
uc	0.00174079	0.00314284	FALSE	0.000136185	251	2	45850048	46499326	0.000693879953596288
cad	0.00023123	0.00044889	FALSE	2.97875e-08	251	2	45850048	46499326	3.29101509661836e-07
psoriasis	0.000215392	0.000753461	FALSE	0.114564	252	2	46499327	47320114	0.153291789473684
psa	0.000939724	0.00195346	FALSE	0.0916914	252	2	46499327	47320114	0.152253744880546
uc	0.000570778	0.00103049	FALSE	0.0802139	252	2	46499327	47320114	0.113765984506133
cad	0.00015701	0.000304805	FALSE	1.97462e-05	252	2	46499327	47320114	8.91384187376726e-05
psoriasis	0.000648145	0.00226727	FALSE	0.000300611	253	2	47320115	48171058	0.0011848900729927
psa	0.00533413	0.0110883	FALSE	4.09037e-11	253	2	47320115	48171058	7.95986002e-09
crohn	0.00179779	0.00311323	FALSE	0.000110994	253	2	47320115	48171058	0.0004842980390625
uc	0.000144775	0.000261378	FALSE	0.338283	253	2	47320115	48171058	0.364274417647059
cad	8.06395e-05	0.000156547	FALSE	0.00885722	253	2	47320115	48171058	0.0159499701889764
psoriasis	0.000236737	0.00082813	FALSE	0.0583203	254	2	48171059	49114132	0.0899798914285714
psa	0.000843753	0.00175396	FALSE	0.0746229	254	2	48171059	49114132	0.13165563318223
crohn	0.00108565	0.00188002	FALSE	0.00396629	254	2	48171059	49114132	0.00961029485900217
uc	0.000631532	0.00114018	FALSE	0.0329915	254	2	48171059	49114132	0.0553169047328244
cad	0.000123068	0.000238913	FALSE	5.5283e-05	254	2	48171059	49114132	0.000219882123478261
psoriasis	0.000306971	0.00107381	FALSE	0.0210759	255	2	49114133	49849185	0.0388761263877028
psa	0.000575691	0.00119672	FALSE	0.149804	255	2	49114133	49849185	0.216727436849926
crohn	0.00140079	0.00242576	FALSE	0.00036289	255	2	49114133	49849185	0.00130757461290323
uc	0.000756401	0.00136562	FALSE	0.0137078	255	2	49114133	49849185	0.0277953174515235
cad	6.39752e-05	0.000124196	FALSE	0.0132915	255	2	49114133	49849185	0.0224336977859779
psoriasis	0.000105329	0.000368451	FALSE	0.219061	256	2	49849186	50756240	0.25870517222526
uc	0.000227753	0.000411188	FALSE	0.226925	256	2	49849186	50756240	0.263386522198731
cad	5.45562e-05	0.000105911	FALSE	0.0258802	256	2	49849186	50756240	0.0398693664199192
psoriasis	1.09414e-05	3.82742e-05	FALSE	0.452731	257	2	50756241	51669493	0.459323137623297
psa	0.000444441	0.000923884	FALSE	0.213413	257	2	50756241	51669493	0.274126533333333
crohn	0.000929823	0.00161018	FALSE	0.010852	257	2	50756241	51669493	0.0219595724637681
uc	0.000305157	0.000550935	FALSE	0.174246	257	2	50756241	51669493	0.213767718435754
cad	1.99614e-05	3.87512e-05	FALSE	0.228013	257	2	50756241	51669493	0.250223479366603
psoriasis	4.87069e-05	0.000170381	FALSE	0.3534	258	2	51669494	52494111	0.377667774480712
psa	0.000607389	0.00126261	FALSE	0.143	258	2	51669494	52494111	0.209074380165289
crohn	0.000318645	0.000551798	FALSE	0.191889	258	2	51669494	52494111	0.224434583987441
uc	0.000292593	0.00052825	FALSE	0.181543	258	2	51669494	52494111	0.220502449115044
cad	7.77568e-05	0.00015095	FALSE	0.00479883	258	2	51669494	52494111	0.00949387907439446
psoriasis	0.000107567	0.000376279	FALSE	0.174178	259	2	52494112	53032976	0.214985417142857
crohn	7.51508e-05	0.000130139	FALSE	0.380513	259	2	52494112	53032976	0.395274675034868
cad	2.10545e-05	4.08733e-05	FALSE	0.166477	259	2	52494112	53032976	0.191323064824121
psoriasis	0.000438577	0.00153418	FALSE	0.00452191	260	2	53032977	53852120	0.0111245166287016
psa	0.000693274	0.00144115	FALSE	0.125057	260	2	53032977	53852120	0.190721725705329
crohn	3.58133e-05	6.20179e-05	FALSE	0.446888	260	2	53032977	53852120	0.452970867513612
cad	2.66352e-05	5.17073e-05	FALSE	0.175253	260	2	53032977	53852120	0.199702845540608
psoriasis	0.0005384	0.00188337	FALSE	8.41104e-05	261	2	53852121	54688234	0.000411969306122449
psa	3.11119e-05	6.4674e-05	FALSE	0.452425	261	2	53852121	54688234	0.462162230971129
crohn	0.00103969	0.00180042	FALSE	0.0015476	261	2	53852121	54688234	0.00438748527918782
cad	4.89332e-05	9.49946e-05	FALSE	0.0226844	261	2	53852121	54688234	0.0356967039889959
psoriasis	0.000533224	0.00186527	FALSE	0.000671367	262	2	54688235	55663336	0.00226232873634945
psa	0.00163125	0.00339097	FALSE	0.00494129	262	2	54688235	55663336	0.01930873562249
crohn	0.000758429	0.00131337	FALSE	0.0289747	262	2	54688235	55663336	0.0490003632096896
uc	0.000396419	0.000715699	FALSE	0.11846	262	2	54688235	55663336	0.156993458056729
cad	3.54124e-05	6.87466e-05	FALSE	0.10548	262	2	54688235	55663336	0.132472685337727
psoriasis	0.000263689	0.000922408	FALSE	0.0235932	263	2	55663337	56394698	0.0429328660488627
psa	0.00017396	0.000361621	FALSE	0.342448	263	2	55663337	56394698	0.384315921568627
crohn	0.00100352	0.00173779	FALSE	0.00244255	263	2	55663337	56394698	0.00647290237247924
uc	0.00038798	0.000700464	FALSE	0.0865982	263	2	55663337	56394698	0.121281662755102
cad	3.0555e-05	5.93167e-05	FALSE	0.0994845	263	2	55663337	56394698	0.125771725538972
psoriasis	0.00025588	0.000895093	FALSE	0.0414791	264	2	56394699	57433653	0.068629617151608
crohn	0.000546834	0.000946953	FALSE	0.0698667	264	2	56394699	57433653	0.099288936259542
uc	0.000763823	0.00137902	FALSE	0.0121838	264	2	56394699	57433653	0.0252467490566038
cad	6.49936e-05	0.000126173	FALSE	0.0114309	264	2	56394699	57433653	0.0196264777027027
psa	0.0017168	0.00356881	FALSE	0.000314905	265	2	57433654	57952945	0.00256403820083682
crohn	7.4272e-05	0.000128617	FALSE	0.372947	265	2	57433654	57952945	0.388783760149323
uc	0.000411402	0.00074275	FALSE	0.0536623	265	2	57433654	57952945	0.0828126569219958
psoriasis	9.69582e-05	0.000339169	FALSE	0.243812	266	2	57952946	59251996	0.281773097913323
psa	0.0012289	0.00255458	FALSE	0.0211653	266	2	57952946	59251996	0.0539253410994764
crohn	0.00110826	0.00191918	FALSE	0.00342668	266	2	57952946	59251996	0.00864018410835215
uc	0.000940116	0.0016973	FALSE	0.00429396	266	2	57952946	59251996	0.0110683548886284
cad	3.5165e-05	6.82662e-05	FALSE	0.103335	266	2	57952946	59251996	0.130064471656577
psoriasis	0.00135562	0.00474208	FALSE	1.76063e-09	267	2	59251997	60775066	3.52126e-08
crohn	0.00118096	0.00204507	FALSE	0.0117089	267	2	59251997	60775066	0.0233134426024955
uc	0.000867397	0.00156601	FALSE	0.0270245	267	2	59251997	60775066	0.0477440080450523
cad	0.000378223	0.000734249	FALSE	1.97384e-16	267	2	59251997	60775066	1.00314935111111e-14
psoriasis	0.00254717	0.00891023	FALSE	4.31402e-30	268	2	60775067	62429910	4.6591416e-28
psa	0.00145351	0.00302149	FALSE	0.00911332	268	2	60775067	62429910	0.0297559072483221
crohn	0.00258603	0.00447824	FALSE	1.22752e-08	268	2	60775067	62429910	1.90436088888889e-07
uc	0.00378473	0.00683299	FALSE	2.84905e-17	268	2	60775067	62429910	3.910321125e-15
cad	0.000110212	0.000213956	FALSE	0.000218821	268	2	60775067	62429910	0.000737030378497791
psoriasis	0.00122725	0.00429304	FALSE	2.1533e-11	269	2	62429911	63672118	6.55088450704225e-10
psa	0.00176372	0.00366634	FALSE	0.0022204	269	2	62429911	63672118	0.0110508910485934
crohn	0.000838236	0.00145157	FALSE	0.0162128	269	2	62429911	63672118	0.0301576979184013
uc	0.000393639	0.00071068	FALSE	0.112408	269	2	62429911	63672118	0.150425330895795
cad	0.000181336	0.00035203	FALSE	3.06974e-08	269	2	62429911	63672118	3.35908869856459e-07
psoriasis	0.000188646	0.000659902	FALSE	0.0767301	270	2	63672119	64696089	0.110989445783133
psa	0.00347044	0.00721419	FALSE	2.62615e-08	270	2	63672119	64696089	2.32294904545455e-06
crohn	0.000642091	0.00111191	FALSE	0.0325715	270	2	63672119	64696089	0.053859904515174
uc	0.000325246	0.000587203	FALSE	0.130365	270	2	63672119	64696089	0.170497178571429
cad	9.00864e-05	0.000174886	FALSE	0.000579014	270	2	63672119	64696089	0.00166148684818068
psoriasis	0.00107224	0.0037508	FALSE	1.69709e-07	271	2	64696090	65938002	2.19503856287425e-06
psa	0.00262375	0.00545413	FALSE	0.000323983	271	2	64696090	65938002	0.00262696215833333
crohn	0.00368399	0.00637957	FALSE	2.65602e-11	271	2	64696090	65938002	1.04097345263158e-09
uc	0.00116062	0.0020954	FALSE	0.003452	271	2	64696090	65938002	0.00940520099255583
cad	0.000169966	0.000329958	FALSE	5.09178e-06	271	2	64696090	65938002	2.83330921167883e-05
psoriasis	0.000385548	0.00134868	FALSE	0.0182001	272	2	65938003	67224027	0.0345146760316067
psa	0.000842721	0.00175181	FALSE	0.110764	272	2	65938003	67224027	0.174673212317666
crohn	0.00144053	0.00249457	FALSE	0.00159062	272	2	65938003	67224027	0.00449803174683544
uc	0.00154502	0.0027894	FALSE	0.000205978	272	2	65938003	67224027	0.000961536279661017
cad	0.000206438	0.00040076	FALSE	6.85562e-08	272	2	65938003	67224027	6.84663883842795e-07
psoriasis	0.000120265	0.0004207	FALSE	0.196852	273	2	67224028	67979828	0.237344464285714
psa	0.000737847	0.0015338	FALSE	0.0992429	273	2	67224028	67979828	0.162019029697987
crohn	0.00215719	0.00373561	FALSE	6.82098e-07	273	2	67224028	67979828	6.48428481702128e-06
uc	0.00137657	0.00248528	FALSE	0.000110484	273	2	67224028	67979828	0.000590697414043584
cad	7.91388e-06	1.53633e-05	FALSE	0.369541	273	2	67224028	67979828	0.37949720116749
psoriasis	4.08704e-05	0.000142969	FALSE	0.371655	274	2	67979829	68877774	0.392171372740596
psa	0.00113654	0.0023626	FALSE	0.0273443	274	2	67979829	68877774	0.0648926924390244
crohn	0.000159951	0.000276987	FALSE	0.317385	274	2	67979829	68877774	0.339090430416069
uc	0.000765267	0.00138162	FALSE	0.0132058	274	2	67979829	68877774	0.0269766853953488
cad	1.23886e-05	2.40501e-05	FALSE	0.309543	274	2	67979829	68877774	0.324472313644689
psoriasis	0.00109798	0.00384085	FALSE	1.93387e-07	275	2	68877775	70756283	2.47169183431953e-06
psa	0.00311822	0.00648203	FALSE	5.90439e-05	275	2	68877775	70756283	0.000671926487719298
crohn	0.00203709	0.00352763	FALSE	6.13823e-05	275	2	68877775	70756283	0.000297457826898048
uc	0.00155702	0.00281107	FALSE	0.000333562	275	2	68877775	70756283	0.00139083889184061
cad	0.000179065	0.000347621	FALSE	3.74018e-06	275	2	68877775	70756283	2.17653731806616e-05
psoriasis	0.000401122	0.00140316	FALSE	0.00698514	276	2	70756284	71385813	0.0160168815286624
psa	0.00186222	0.0038711	FALSE	0.00210013	276	2	70756284	71385813	0.0105877020207254
crohn	0.0017031	0.00294927	FALSE	6.32881e-05	276	2	70756284	71385813	0.000304457765665236
uc	0.000656256	0.00118481	FALSE	0.032299	276	2	70756284	71385813	0.0544348457405986
cad	1.8874e-05	3.66404e-05	FALSE	0.244697	276	2	70756284	71385813	0.26585370023753
psoriasis	0.000549091	0.00192077	FALSE	0.000595082	277	2	71385814	72160302	0.00206652270096463
psa	0.00070597	0.00146754	FALSE	0.117597	277	2	71385814	72160302	0.182491038277512
crohn	0.00106034	0.00183619	FALSE	0.00573628	277	2	71385814	72160302	0.0131299687704918
uc	0.000427127	0.00077114	FALSE	0.10614	277	2	71385814	72160302	0.143878666666667
cad	0.000145411	0.000282289	FALSE	6.916e-06	277	2	71385814	72160302	3.65286189376443e-05
psoriasis	0.000204301	0.000714663	FALSE	0.0714914	278	2	72160303	73544290	0.105263411042945
crohn	0.000495404	0.000857891	FALSE	0.0790484	278	2	72160303	73544290	0.108807224645718
uc	0.000304163	0.000549139	FALSE	0.15348	278	2	72160303	73544290	0.193258073394495
cad	8.10647e-05	0.000157372	FALSE	0.0019893	278	2	72160303	73544290	0.00455062686
psoriasis	0.000140774	0.00049244	FALSE	0.186681	279	2	73544291	75148103	0.2275569751693
psa	0.00134095	0.00278752	FALSE	0.0212143	279	2	73544291	75148103	0.0539647422222222
crohn	0.00114465	0.00198218	FALSE	0.00494796	279	2	73544291	75148103	0.011586732327044
uc	0.000441505	0.000797099	FALSE	0.111443	279	2	73544291	75148103	0.149498367745877
cad	1.24484e-05	2.41662e-05	FALSE	0.326989	279	2	73544291	75148103	0.339765489777374
psoriasis	0.000233173	0.000815661	FALSE	0.0747808	280	2	75148104	75942397	0.109065852802161
psa	0.000730917	0.0015194	FALSE	0.120294	280	2	75148104	75942397	0.185334578656126
uc	0.00141792	0.00255994	FALSE	0.000201527	280	2	75148104	75942397	0.000945626692307692
cad	0.000147308	0.000285971	FALSE	1.08731e-05	280	2	75148104	75942397	5.42942788209607e-05
psoriasis	6.4305e-06	2.24945e-05	FALSE	0.457073	281	2	75942398	76649030	0.461776276894294
cad	7.51159e-06	1.45823e-05	FALSE	0.351427	281	2	75942398	76649030	0.362523026161479
psa	2.51876e-06	5.23588e-06	FALSE	0.479006	282	2	76649031	77372830	0.479992624098867
cad	1.22028e-05	2.36894e-05	FALSE	0.302752	282	2	76649031	77372830	0.31911238202765
psoriasis	0.000105143	0.0003678	FALSE	0.220886	283	2	77372831	78080057	0.260291194762684
psa	6.7707e-07	1.40746e-06	FALSE	0.481155	283	2	77372831	78080057	0.481402380462725
crohn	0.000335763	0.000581441	FALSE	0.173226	283	2	77372831	78080057	0.206944857754011
uc	0.000227397	0.000410545	FALSE	0.228261	283	2	77372831	78080057	0.264378246835443
cad	2.05646e-05	3.99223e-05	FALSE	0.21298	283	2	77372831	78080057	0.2362198157129
crohn	0.000471396	0.000816318	FALSE	0.062469	284	2	78080058	79019676	0.0911533285434356
uc	0.000194456	0.000351072	FALSE	0.217243	284	2	78080058	79019676	0.253514445859873
cad	5.07334e-05	9.84893e-05	FALSE	0.0158721	284	2	78080058	79019676	0.0261977005050505
psa	0.00095108	0.00197706	FALSE	0.0725316	285	2	79019677	79900055	0.129116922120658
crohn	0.000445993	0.000772327	FALSE	0.142232	285	2	79019677	79900055	0.176427700166574
uc	0.000322747	0.000582692	FALSE	0.18486	285	2	79019677	79900055	0.223572389867841
cad	3.31975e-05	6.44468e-05	FALSE	0.139738	285	2	79019677	79900055	0.165681234836703
psoriasis	0.000683603	0.00239131	FALSE	0.000307693	286	2	79900056	80737811	0.00119966945848375
psa	0.00150701	0.0031327	FALSE	0.0204814	286	2	79900056	80737811	0.0527206407407407
uc	0.000306484	0.00055333	FALSE	0.217651	286	2	79900056	80737811	0.253560528381963
cad	9.16425e-05	0.000177907	FALSE	0.00576385	286	2	79900056	80737811	0.0110586618708054
crohn	0.000249996	0.000432918	FALSE	0.190852	287	2	80737812	81623357	0.223658895647614
uc	5.5572e-05	0.00010033	FALSE	0.393009	287	2	80737812	81623357	0.409558685633001
cad	2.20184e-05	4.27445e-05	FALSE	0.152094	287	2	80737812	81623357	0.177107422606925
psoriasis	1.82147e-05	6.37168e-05	FALSE	0.406545	288	2	81623358	82941455	0.418758798283262
psa	0.000101832	0.000211684	FALSE	0.378376	288	2	81623358	82941455	0.411811910514541
uc	3.87111e-05	6.98895e-05	FALSE	0.410088	288	2	81623358	82941455	0.42200245923149
cad	5.04661e-05	9.79704e-05	FALSE	0.0102201	288	2	81623358	82941455	0.0178618191603053
crohn	4.68027e-06	8.10482e-06	FALSE	0.470103	289	2	82941456	84395899	0.471368986535009
uc	3.96641e-05	7.16101e-05	FALSE	0.414164	289	2	82941456	84395899	0.425200628330996
cad	8.49379e-05	0.000164891	FALSE	0.000296597	289	2	82941456	84395899	0.000946049287308229
psoriasis	0.000519356	0.00181676	FALSE	0.00232992	290	2	84395900	85992794	0.00645208615384615
crohn	0.000576714	0.000998697	FALSE	0.0934353	290	2	84395900	85992794	0.1242467025
uc	0.00161829	0.00292168	FALSE	7.49597e-05	290	2	84395900	85992794	0.000441751235294118
cad	0.000360823	0.000700471	FALSE	8.8914e-18	290	2	84395900	85992794	5.8098948e-16
psoriasis	0.000263684	0.000922391	FALSE	0.0139596	291	2	85992795	86867032	0.0278675933456562
crohn	0.000329316	0.000570276	FALSE	0.121787	291	2	85992795	86867032	0.155647687643021
uc	0.000301225	0.000543835	FALSE	0.112729	291	2	85992795	86867032	0.150671262325015
cad	0.000106442	0.000206637	FALSE	1.45958e-05	291	2	85992795	86867032	6.9122799378882e-05
psoriasis	0.000181315	0.000634256	FALSE	0.0537587	292	2	86867033	88547312	0.0844849047272727
psa	0.000357355	0.000742854	FALSE	0.187938	292	2	86867033	88547312	0.251878338842975
crohn	0.000242633	0.000420168	FALSE	0.180137	292	2	86867033	88547312	0.214056413829787
uc	0.000205651	0.000371286	FALSE	0.18711	292	2	86867033	88547312	0.225641713344316
cad	1.12918e-05	2.1921e-05	FALSE	0.270581	292	2	86867033	88547312	0.289573583060365
psoriasis	4.43536e-05	0.000155153	FALSE	0.286189	293	2	88547313	91860961	0.318948117586385
uc	0.000133622	0.000241243	FALSE	0.233211	293	2	88547313	91860961	0.268694310598111
psoriasis	0.000273358	0.000956234	FALSE	0.0104319	294	2	91860962	97339301	0.0219618947368421
psa	7.48983e-05	0.000155695	FALSE	0.401521	294	2	91860962	97339301	0.427887800766284
crohn	0.000316005	0.000547226	FALSE	0.116369	294	2	91860962	97339301	0.149859448156682
uc	0.000342534	0.000618415	FALSE	0.0748127	294	2	91860962	97339301	0.107871759159554
psoriasis	0.000375649	0.00131405	FALSE	0.00220952	295	2	97339302	98989360	0.00615021030927835
psa	0.000506484	0.00105286	FALSE	0.133013	295	2	97339302	98989360	0.199263508852964
crohn	0.000924527	0.001601	FALSE	0.00291428	295	2	97339302	98989360	0.00752659135260116
uc	0.000540993	0.000976716	FALSE	0.0262448	295	2	97339302	98989360	0.046679213592233
cad	2.65519e-05	5.15456e-05	FALSE	0.115063	295	2	97339302	98989360	0.141401977968834
psoriasis	0.000204424	0.000715094	FALSE	0.0407106	296	2	98989361	100202436	0.0675383225806452
psa	0.00164253	0.00341443	FALSE	0.000561712	296	2	98989361	100202436	0.00395582458483754
crohn	0.000402913	0.000697725	FALSE	0.0828177	296	2	98989361	100202436	0.112882697864552
cad	2.87865e-05	5.58836e-05	FALSE	0.0884902	296	2	98989361	100202436	0.113059825363129
psoriasis	0.000543758	0.00190212	FALSE	0.000772826	297	2	100202437	101556799	0.00253308673748103
psa	0.000882139	0.00183375	FALSE	0.0762921	297	2	100202437	101556799	0.134114206504065
crohn	0.000925206	0.00160218	FALSE	0.0139421	297	2	100202437	101556799	0.0266895041988003
uc	0.00176002	0.00317756	FALSE	6.79402e-06	297	2	100202437	101556799	5.85085016470588e-05
psa	0.000903051	0.00187722	FALSE	0.0480413	298	2	101556800	102494487	0.0971812575883576
crohn	0.00102803	0.00178025	FALSE	0.00322122	298	2	101556800	102494487	0.00821484643835616
uc	0.00142796	0.00257806	FALSE	2.5756e-05	298	2	101556800	102494487	0.000180127949044586
cad	0.000118279	0.000229616	FALSE	3.21391e-05	298	2	101556800	102494487	0.000135612770664207
psoriasis	0.000862955	0.0030187	FALSE	6.20084e-08	299	2	102494488	103305257	8.69728207792208e-07
psa	0.000176907	0.000367746	FALSE	0.347044	299	2	102494488	103305257	0.387685203214696
crohn	0.00372951	0.00645839	FALSE	9.06468e-16	299	2	102494488	103305257	5.95602797647059e-14
uc	0.00131908	0.00238148	FALSE	5.9964e-05	299	2	102494488	103305257	0.0003657804
cad	3.59904e-05	6.98687e-05	FALSE	0.0765354	299	2	102494488	103305257	0.100249976975945
psoriasis	0.000260915	0.000912707	FALSE	0.052641	300	2	103305258	105120578	0.0831487894736842
psa	0.00264746	0.00550342	FALSE	6.89582e-05	300	2	103305258	105120578	0.000766815184
cad	7.27633e-05	0.000141256	FALSE	0.0102313	300	2	103305258	105120578	0.0178618191603053
psoriasis	0.0010272	0.00359324	FALSE	1.44558e-06	301	2	105120579	106546524	1.34671344827586e-05
psa	0.000891511	0.00185323	FALSE	0.11689	301	2	105120579	106546524	0.181538659217877
crohn	0.00158603	0.00274654	FALSE	0.00135585	301	2	105120579	106546524	0.003943969921875
uc	0.00179129	0.00323401	FALSE	8.33569e-05	301	2	105120579	106546524	0.000474952700518135
cad	0.000105859	0.000205506	FALSE	0.00305405	301	2	105120579	106546524	0.00650336345437616
psoriasis	0.000301815	0.00105578	FALSE	0.0195445	302	2	106546525	107412295	0.0365191349480969
uc	0.000616909	0.00111378	FALSE	0.0288865	302	2	106546525	107412295	0.0502652567353407
cad	3.7284e-05	7.238e-05	FALSE	0.0796234	302	2	106546525	107412295	0.103582887258248
psoriasis	0.00011949	0.000417988	FALSE	0.178842	303	2	107412296	108417773	0.220113230769231
uc	0.000422131	0.000762121	FALSE	0.0822927	303	2	107412296	108417773	0.116317343629344
cad	2.32421e-05	4.51202e-05	FALSE	0.171995	303	2	107412296	108417773	0.196542632367632
psoriasis	0.000140047	0.000489896	FALSE	0.189159	304	2	108417774	110097868	0.230058243243243
psa	0.00109846	0.00228342	FALSE	0.0470029	304	2	108417774	110097868	0.0959349442348008
crohn	0.000549094	0.000950866	FALSE	0.0957717	304	2	108417774	110097868	0.127051055700713
cad	7.43609e-05	0.000144358	FALSE	0.0112266	304	2	108417774	110097868	0.019362921719457
psoriasis	0.00192378	0.00672956	FALSE	9.18078e-19	305	2	110097869	112644828	6.00923781818182e-17
psa	0.00240094	0.00499096	FALSE	0.00031325	305	2	110097869	112644828	0.00256127941176471
crohn	0.00249152	0.00431457	FALSE	1.89203e-07	305	2	110097869	112644828	2.09247278217822e-06
uc	0.00160423	0.00289629	FALSE	4.69772e-05	305	2	110097869	112644828	0.00029960294566474
cad	3.01494e-05	5.85295e-05	FALSE	0.157176	305	2	110097869	112644828	0.182190325392803
psoriasis	0.000442412	0.0015476	FALSE	0.00298627	306	2	112644829	113930668	0.00790483235294118
psa	0.000894354	0.00185914	FALSE	0.0648734	306	2	112644829	113930668	0.119210232672332
crohn	0.00096505	0.00167118	FALSE	0.00861166	306	2	112644829	113930668	0.0181666179792257
uc	0.000371592	0.000670876	FALSE	0.12968	306	2	112644829	113930668	0.169911735241503
cad	0.000156809	0.000304415	FALSE	1.12224e-06	306	2	112644829	113930668	7.97069217391304e-06
crohn	0.00145911	0.00252674	FALSE	0.000221304	307	2	113930669	115203835	0.000858321416666667
uc	0.000827973	0.00149483	FALSE	0.00818877	307	2	113930669	115203835	0.0184247325
psoriasis	3.14742e-05	0.0001101	FALSE	0.393331	308	2	115203836	116415816	0.408852242540905
psa	0.00130746	0.00271789	FALSE	0.0131034	308	2	115203836	116415816	0.0391693032258065
crohn	0.0015283	0.00264656	FALSE	0.000109929	308	2	115203836	116415816	0.000481532129411765
uc	0.000848629	0.00153212	FALSE	0.00652534	308	2	115203836	116415816	0.0155948020021763
cad	1.39443e-05	2.70703e-05	FALSE	0.285936	308	2	115203836	116415816	0.303732295401765
psoriasis	0.000181355	0.000634396	FALSE	0.0696576	309	2	116415817	117822516	0.103267272477694
psa	0.000580701	0.00120714	FALSE	0.108447	309	2	116415817	117822516	0.172142493887531
crohn	0.000605081	0.00104782	FALSE	0.0306153	309	2	116415817	117822516	0.0511935480538922
uc	9.94334e-05	0.000179518	FALSE	0.336189	309	2	116415817	117822516	0.362608567779961
cad	4.79488e-05	9.30836e-05	FALSE	0.0228624	309	2	116415817	117822516	0.0359356074226804
psoriasis	5.50176e-05	0.000192457	FALSE	0.297439	310	2	117822517	118663653	0.328796438075742
psa	0.000483904	0.00100592	FALSE	0.138189	310	2	117822517	118663653	0.204067186646434
crohn	0.000282269	0.000488805	FALSE	0.163115	310	2	117822517	118663653	0.197078912925906
cad	2.2101e-05	4.29049e-05	FALSE	0.149692	310	2	117822517	118663653	0.175202458546571
psa	0.00052722	0.00109596	FALSE	0.168237	311	2	118663654	119635489	0.23458500286533
crohn	0.000185215	0.000320737	FALSE	0.292433	311	2	118663654	119635489	0.317441847424684
uc	5.17096e-05	9.33571e-05	FALSE	0.417693	311	2	118663654	119635489	0.428023251516566
cad	2.98743e-05	5.79953e-05	FALSE	0.132404	311	2	118663654	119635489	0.158621240440021
psoriasis	0.000114248	0.000399649	FALSE	0.230823	312	2	119635490	121073752	0.269939187872225
crohn	0.000869246	0.00150527	FALSE	0.022503	312	2	119635490	121073752	0.0398048212193191
uc	0.000960553	0.00173419	FALSE	0.00667459	312	2	119635490	121073752	0.0158458374486487
psoriasis	0.00125823	0.0044014	FALSE	6.20559e-09	313	2	121073753	122026817	1.06381542857143e-07
psa	0.000946551	0.00196765	FALSE	0.0949223	313	2	121073753	122026817	0.156674127056828
crohn	0.00147688	0.00255752	FALSE	0.00177772	313	2	121073753	122026817	0.00493958517412935
uc	0.000579025	0.00104538	FALSE	0.0818835	313	2	121073753	122026817	0.115860931701031
cad	0.000210237	0.000408135	FALSE	1.02168e-07	313	2	121073753	122026817	9.77649439330544e-07
psoriasis	0.000154718	0.000541217	FALSE	0.112357	314	2	122026818	123219243	0.151209420560748
psa	0.00231051	0.00480298	FALSE	3.77918e-05	314	2	122026818	123219243	0.000490707252
crohn	5.36896e-05	9.29744e-05	FALSE	0.413705	314	2	122026818	123219243	0.424732063419118
cad	3.81744e-05	7.41085e-05	FALSE	0.0601763	314	2	122026818	123219243	0.0820162086412396
psoriasis	0.000224807	0.000786396	FALSE	0.0350813	315	2	123219244	123929872	0.0596188890637293
cad	7.92525e-05	0.000153854	FALSE	0.000894111	315	2	123219244	123929872	0.0024256605658363
psoriasis	0.000136616	0.000477897	FALSE	0.0937995	316	2	123929873	124730991	0.130545695876289
psa	0.00130342	0.00270948	FALSE	0.0021817	316	2	123929873	124730991	0.0109141084832905
crohn	0.00026361	0.000456493	FALSE	0.152763	316	2	123929873	124730991	0.187306554335895
psoriasis	0.00010108	0.000353586	FALSE	0.225237	317	2	124730992	125741528	0.264408652173913
crohn	0.00126408	0.00218901	FALSE	0.000821276	317	2	124730992	125741528	0.00254823692222222
cad	6.64221e-05	0.000128946	FALSE	0.00967185	317	2	124730992	125741528	0.0171336335786212
psoriasis	0.000296629	0.00103764	FALSE	0.00619919	318	2	125741529	126754027	0.0145230481561822
psa	0.00185171	0.00384925	FALSE	0.000107116	318	2	125741529	126754027	0.00109134940314136
crohn	0.000259494	0.000449366	FALSE	0.165749	318	2	125741529	126754027	0.199613620485175
uc	1.31642e-05	2.37668e-05	FALSE	0.453472	318	2	125741529	126754027	0.457219702479339
cad	6.01701e-05	0.000116809	FALSE	0.00390929	318	2	125741529	126754027	0.00798976428060769
psoriasis	0.000181501	0.000634906	FALSE	0.102965	319	2	126754028	127895644	0.141298856416773
psa	0.00124432	0.00258663	FALSE	0.017805	319	2	126754028	127895644	0.0479232780082988
crohn	0.00198664	0.00344027	FALSE	2.47645e-06	319	2	126754028	127895644	1.96184017730496e-05
uc	0.00216846	0.00391496	FALSE	2.16639e-08	319	2	126754028	127895644	4.57441580769231e-07
cad	3.19066e-05	6.19407e-05	FALSE	0.118144	319	2	126754028	127895644	0.14464417987152
psoriasis	0.00060859	0.0021289	FALSE	0.000522763	320	2	127895645	129486897	0.0018825192
psa	0.002939	0.00610946	FALSE	3.89811e-05	320	2	127895645	129486897	0.000500783896052632
crohn	0.00116831	0.00202316	FALSE	0.00560092	320	2	127895645	129486897	0.0128596662692703
uc	0.00117909	0.00212874	FALSE	0.00198523	320	2	127895645	129486897	0.00602982721991701
cad	7.63976e-05	0.000148312	FALSE	0.011378	320	2	127895645	129486897	0.0195717333082707
psoriasis	0.000471974	0.00165101	FALSE	0.00151355	321	2	129486898	130485398	0.00447844931506849
psa	0.00103673	0.00215511	FALSE	0.0379493	321	2	129486898	130485398	0.0815114103752759
crohn	0.00151451	0.00262267	FALSE	0.000150048	321	2	129486898	130485398	0.000624941739292365
uc	0.000174605	0.000315234	FALSE	0.280624	321	2	129486898	130485398	0.312341765838824
cad	5.15887e-05	0.00010015	FALSE	0.0338449	321	2	129486898	130485398	0.0505903832026144
psoriasis	2.61729e-05	9.15554e-05	FALSE	0.388431	322	2	130485399	131760638	0.405319304347826
psa	9.70378e-05	0.000201718	FALSE	0.392189	322	2	130485399	131760638	0.420959621621622
uc	0.000146798	0.000265031	FALSE	0.268475	322	2	130485399	131760638	0.30034187468161
cad	6.88234e-05	0.000133608	FALSE	0.00233709	322	2	130485399	131760638	0.00521965315429688
crohn	0.000544619	0.000943118	FALSE	0.0145939	323	2	131760639	132598285	0.0275594020287405
uc	0.000221511	0.000399918	FALSE	0.129755	323	2	131760639	132598285	0.169911735241503
psoriasis	9.95156e-05	0.000348115	FALSE	0.156387	324	2	132598286	133352950	0.19742601987142
crohn	0.000855781	0.00148196	FALSE	0.00176883	324	2	132598286	133352950	0.00493329116104869
uc	7.31047e-05	0.000131984	FALSE	0.347721	324	2	132598286	133352950	0.37212247368421
psoriasis	0.000407674	0.00142608	FALSE	0.010443	325	2	133352951	134359059	0.0219638558909445
psa	0.00254329	0.00528689	FALSE	0.000225297	325	2	133352951	134359059	0.00199285437272727
crohn	0.000190059	0.000329126	FALSE	0.31476	325	2	133352951	134359059	0.33676908045977
uc	4.47749e-05	8.08371e-05	FALSE	0.436449	325	2	133352951	134359059	0.444752670069606
cad	5.08936e-05	9.88004e-05	FALSE	0.0565176	325	2	133352951	134359059	0.0777712101083032
psoriasis	0.000654199	0.00228845	FALSE	8.91494e-05	326	2	134359060	135160197	0.000430789046979866
psa	0.000107734	0.000223952	FALSE	0.412126	326	2	134359060	135160197	0.435394786102063
crohn	0.000591022	0.00102347	FALSE	0.0705318	326	2	134359060	135160197	0.100043200761905
uc	0.000849496	0.00153369	FALSE	0.0104477	326	2	134359060	135160197	0.0224273208211144
cad	8.20943e-05	0.000159371	FALSE	0.00443889	326	2	134359060	135160197	0.00888944083187391
psoriasis	0.000687156	0.00240374	FALSE	1.12176e-05	327	2	135160198	137061003	7.74121916932907e-05
psa	0.000373706	0.000776844	FALSE	0.232045	327	2	135160198	137061003	0.290953331185567
crohn	0.00131464	0.00227656	FALSE	0.00045068	327	2	135160198	137061003	0.00155854352941176
uc	0.000106487	0.000192254	FALSE	0.346987	327	2	135160198	137061003	0.371681833252072
cad	8.27444e-05	0.000160633	FALSE	0.00188802	327	2	135160198	137061003	0.00436151690909091
psoriasis	2.92547e-05	0.000102336	FALSE	0.404983	328	2	137061004	138073791	0.417747507163324
psa	0.000508971	0.00105803	FALSE	0.186067	328	2	137061004	138073791	0.249604340454859
uc	0.000422802	0.000763333	FALSE	0.104772	328	2	137061004	138073791	0.142552237918216
cad	4.22391e-05	8.19993e-05	FALSE	0.0707425	328	2	137061004	138073791	0.094084786627907
psoriasis	0.000562914	0.00196913	FALSE	0.000357325	330	2	139505820	140934531	0.00135884154929577
psa	0.00102056	0.00212149	FALSE	0.044337	330	2	139505820	140934531	0.0919827313432836
crohn	0.000356674	0.000617652	FALSE	0.169054	330	2	139505820	140934531	0.20250221769437
uc	0.000121104	0.000218643	FALSE	0.342032	330	2	139505820	140934531	0.367466864970646
cad	2.42564e-05	4.70893e-05	FALSE	0.186484	330	2	139505820	140934531	0.210196603252834
psoriasis	3.10806e-05	0.000108723	FALSE	0.391792	331	2	140934532	141802664	0.407644855491329
psa	0.000340612	0.000708048	FALSE	0.251433	331	2	140934532	141802664	0.30831040831758
crohn	0.00088988	0.00154101	FALSE	0.00941484	331	2	140934532	141802664	0.0195471678066915
uc	0.000627606	0.00113309	FALSE	0.0264779	331	2	140934532	141802664	0.0469293530266344
cad	0.000117208	0.000227537	FALSE	4.95485e-05	331	2	140934532	141802664	0.000198802490350877
psoriasis	6.96666e-05	0.000243701	FALSE	0.282395	332	2	141802665	142494980	0.31539462254395
crohn	0.000247145	0.000427982	FALSE	0.220803	332	2	141802665	142494980	0.250098168271668
cad	3.91311e-05	7.59657e-05	FALSE	0.0616581	332	2	141802665	142494980	0.0837861406417112
psoriasis	0.000186226	0.000651435	FALSE	0.0852368	333	2	142494981	143259780	0.121112378698225
crohn	0.000954981	0.00165374	FALSE	0.00533104	333	2	142494981	143259780	0.0123542980912863
uc	0.000859885	0.00155245	FALSE	0.00444452	333	2	142494981	143259780	0.0113754847552448
psoriasis	0.000224227	0.000784368	FALSE	0.0631267	334	2	143259781	144503688	0.0952211807397069
psa	0.000355069	0.000738102	FALSE	0.251338	334	2	143259781	144503688	0.30831040831758
crohn	0.00187476	0.00324652	FALSE	6.80829e-06	334	2	143259781	144503688	4.56748344144144e-05
cad	0.000221759	0.000430503	FALSE	7.50072e-11	334	2	143259781	144503688	1.61831572075472e-09
psoriasis	0.000772728	0.00270308	FALSE	6.17427e-06	335	2	144503689	145977920	4.66308503496503e-05
psa	7.06911e-05	0.00014695	FALSE	0.434871	335	2	144503689	145977920	0.449659386822529
crohn	0.00141385	0.00244837	FALSE	0.000515152	335	2	144503689	145977920	0.00174371146666667
uc	0.001168	0.00210873	FALSE	0.000910713	335	2	144503689	145977920	0.00317782114285714
cad	0.000288253	0.00055959	FALSE	1.1701e-14	335	2	144503689	145977920	4.95559018518519e-13
psoriasis	0.000258509	0.000904289	FALSE	0.0321795	336	2	145977921	147252196	0.0557846869983949
psa	0.000263633	0.000548029	FALSE	0.291582	336	2	145977921	147252196	0.34243727942064
uc	0.000654331	0.00118134	FALSE	0.0195646	336	2	145977921	147252196	0.0367526617621899
cad	0.000148677	0.00028863	FALSE	6.16377e-07	336	2	145977921	147252196	4.71456253846154e-06
psoriasis	0.000478699	0.00167454	FALSE	0.00211921	337	2	147252197	149568875	0.00593708638132296
psa	0.00226996	0.00471869	FALSE	0.000328279	337	2	147252197	149568875	0.00264751691735537
crohn	0.00216756	0.00375357	FALSE	1.25921e-06	337	2	147252197	149568875	1.11732800793651e-05
uc	0.00162493	0.00293367	FALSE	1.85912e-05	337	2	147252197	149568875	0.000135186341721854
cad	0.00018355	0.000356329	FALSE	6.37306e-08	337	2	147252197	149568875	6.44919832743363e-07
psoriasis	0.000241126	0.00084348	FALSE	0.0883649	338	2	149568876	151428988	0.124587587467363
crohn	0.00223224	0.00386557	FALSE	7.08487e-06	338	2	149568876	151428988	4.72551017910448e-05
uc	0.00115453	0.0020844	FALSE	0.00323479	338	2	149568876	151428988	0.00895788
cad	0.000126059	0.000244721	FALSE	0.000292945	338	2	149568876	151428988	0.000937014286713287
psoriasis	0.000100695	0.00035224	FALSE	0.228387	339	2	151428989	152497375	0.267524902386117
psa	0.000298025	0.000619522	FALSE	0.281804	339	2	151428989	152497375	0.334588519829164
crohn	0.000662529	0.0011473	FALSE	0.0393689	339	2	151428989	152497375	0.0630466828673835
uc	0.000997509	0.00180091	FALSE	0.0021712	339	2	151428989	152497375	0.00650471377899045
cad	8.04716e-05	0.000156221	FALSE	0.00297794	339	2	151428989	152497375	0.00636084675373134
psoriasis	0.000466887	0.00163322	FALSE	0.00260659	340	2	152497376	153999309	0.0070820558490566
crohn	0.000620391	0.00107433	FALSE	0.0612512	340	2	152497376	153999309	0.0898458179908076
uc	0.000917902	0.00165719	FALSE	0.00648597	340	2	152497376	153999309	0.0155441357470011
cad	8.2362e-05	0.00015989	FALSE	0.00423095	340	2	152497376	153999309	0.0085327889329806
psoriasis	0.000166739	0.000583269	FALSE	0.125809	341	2	153999310	155207969	0.164995409836066
psa	0.000226168	0.000470148	FALSE	0.330109	341	2	153999310	155207969	0.375377943925234
crohn	0.000200749	0.000347638	FALSE	0.281981	341	2	153999310	155207969	0.30819254109589
uc	0.000578895	0.00104514	FALSE	0.0434342	341	2	153999310	155207969	0.0691170313043478
cad	1.27803e-05	2.48106e-05	FALSE	0.306202	341	2	153999310	155207969	0.322265979751496
crohn	4.80219e-05	8.31595e-05	FALSE	0.427772	342	2	155207970	156130947	0.435968361313869
uc	0.00147251	0.00265849	FALSE	2.72484e-05	342	2	155207970	156130947	0.000188168196226415
cad	1.81625e-05	3.5259e-05	FALSE	0.234469	342	2	155207970	156130947	0.256569666507177
psoriasis	0.000136497	0.000477479	FALSE	0.167601	343	2	156130948	157556096	0.208656
psa	0.000498549	0.00103636	FALSE	0.182647	343	2	156130948	157556096	0.24735852294854
crohn	0.00064723	0.00112081	FALSE	0.0451961	343	2	156130948	157556096	0.0706070541258741
uc	0.000633939	0.00114452	FALSE	0.0304735	343	2	156130948	157556096	0.0521258624124514
psoriasis	0.000482061	0.00168629	FALSE	0.00392231	344	2	157556097	159040979	0.00988586884480747
psa	0.000645565	0.00134197	FALSE	0.158244	344	2	157556097	159040979	0.224284649672251
crohn	0.000645606	0.001118	FALSE	0.0690028	344	2	157556097	159040979	0.0984369445721584
uc	0.00154522	0.00278976	FALSE	0.000116965	344	2	157556097	159040979	0.000615959568345324
cad	9.40353e-05	0.000182552	FALSE	0.00286914	344	2	157556097	159040979	0.00619030488679245
psoriasis	0.000365301	0.00127786	FALSE	0.0123878	345	2	159040980	160200379	0.0252669008498584
psa	0.00198413	0.00412453	FALSE	0.0013146	345	2	159040980	160200379	0.00739367514450867
crohn	0.000461	0.000798314	FALSE	0.119883	345	2	159040980	160200379	0.153565723623853
uc	0.000686459	0.00123934	FALSE	0.0279682	345	2	159040980	160200379	0.0490461615323224
cad	2.56023e-05	4.9702e-05	FALSE	0.182181	345	2	159040980	160200379	0.205955485417697
psoriasis	0.000323785	0.00113263	FALSE	0.0110392	346	2	160200380	161432089	0.023048347826087
crohn	0.000909218	0.00157449	FALSE	0.00640929	346	2	160200380	161432089	0.0143957163819095
uc	0.000887186	0.00160174	FALSE	0.00311147	346	2	160200380	161432089	0.00867105091370558
cad	6.58732e-05	0.000127881	FALSE	0.00707498	346	2	160200380	161432089	0.0131441748659626
psoriasis	0.00521302	0.0182356	FALSE	2.57039e-73	347	2	161432090	163607635	6.940053e-71
psa	0.00521673	0.0108443	FALSE	5.63748e-12	347	2	161432090	163607635	1.37131701e-09
crohn	0.00131513	0.00227742	FALSE	0.00122065	347	2	161432090	163607635	0.00360705304232804
uc	0.00181829	0.00328275	FALSE	3.42599e-06	347	2	161432090	163607635	3.45113488073394e-05
cad	0.000197379	0.000383175	FALSE	1.32836e-08	347	2	161432090	163607635	1.63283284574468e-07
psoriasis	0.00146558	0.00512674	FALSE	8.42459e-15	348	2	163607636	164702312	3.87172646808511e-13
psa	0.0013904	0.00289029	FALSE	0.00918618	348	2	163607636	164702312	0.0299435616080402
uc	0.000861091	0.00155462	FALSE	0.00579144	348	2	163607636	164702312	0.0142100583687151
cad	9.45905e-05	0.00018363	FALSE	0.00070764	348	2	163607636	164702312	0.0019736252195122
psoriasis	0.000294394	0.00102982	FALSE	0.0228513	349	2	164702313	165917788	0.0417940795935648
psa	0.000235696	0.000489955	FALSE	0.317351	349	2	164702313	165917788	0.364560239669421
crohn	0.00103838	0.00179817	FALSE	0.00390402	349	2	164702313	165917788	0.00948653530434783
uc	0.00153725	0.00277536	FALSE	1.42743e-05	349	2	164702313	165917788	0.0001088415375
cad	0.000189146	0.000367191	FALSE	5.19882e-09	349	2	164702313	165917788	7.03532623668639e-08
psoriasis	0.000733782	0.00256684	FALSE	1.96753e-05	350	2	165917789	167488576	0.000126484071428571
psa	0.000381257	0.00079254	FALSE	0.254229	350	2	165917789	167488576	0.310564741996234
crohn	0.00109805	0.0019015	FALSE	0.00515923	350	2	165917789	167488576	0.0120184773931178
uc	0.000917398	0.00165628	FALSE	0.00697431	350	2	165917789	167488576	0.0164154177491961
cad	2.04227e-05	3.96468e-05	FALSE	0.233087	350	2	165917789	167488576	0.255546485618408
psoriasis	0.000129707	0.000453728	FALSE	0.106887	351	2	167488577	168437445	0.145847075173721
crohn	0.000709847	0.00122924	FALSE	0.00772439	351	2	167488577	168437445	0.0166838789371981
uc	3.30422e-05	5.96547e-05	FALSE	0.418003	351	2	167488577	168437445	0.428141132462687
cad	1.57397e-05	3.05557e-05	FALSE	0.199115	351	2	167488577	168437445	0.223223531862745
psoriasis	0.0003675	0.00128555	FALSE	0.0113857	352	2	168437446	169224445	0.0236472230769231
crohn	0.00105295	0.0018234	FALSE	0.00585373	352	2	168437446	169224445	0.0133714037014315
uc	0.000857347	0.00154786	FALSE	0.00910631	352	2	168437446	169224445	0.0199184417928287
cad	9.27397e-05	0.000180037	FALSE	0.00156622	352	2	168437446	169224445	0.00380467456475584
psoriasis	0.000446251	0.00156103	FALSE	0.00579306	353	2	169224446	170155561	0.0137808475770925
psa	0.000500773	0.00104098	FALSE	0.21119	353	2	169224446	170155561	0.271809351851852
crohn	0.000455757	0.000789236	FALSE	0.1382	353	2	169224446	170155561	0.172189846153846
uc	0.000903755	0.00163165	FALSE	0.0105368	353	2	169224446	170155561	0.022596496875
cad	0.000171859	0.000333633	FALSE	1.13169e-06	353	2	169224446	170155561	8.01292578947368e-06
psoriasis	1.60917e-05	5.62903e-05	FALSE	0.419828	354	2	170155562	170865765	0.429980312944523
psa	0.000295727	0.000614745	FALSE	0.236986	354	2	170155562	170865765	0.295435461883408
uc	0.000238319	0.000430264	FALSE	0.16611	354	2	170155562	170865765	0.206555809739524
cad	1.40577e-05	2.72903e-05	FALSE	0.239539	354	2	170155562	170865765	0.261242581306629
psoriasis	0.000244582	0.000855571	FALSE	0.0762174	355	2	170865766	171566482	0.110415549295775
psa	0.00313673	0.0065205	FALSE	1.38895e-05	355	2	170865766	171566482	0.000265869388235294
crohn	0.000961441	0.00166493	FALSE	0.0165221	355	2	170865766	171566482	0.0307074637271215
uc	0.000267048	0.000482131	FALSE	0.230194	355	2	170865766	171566482	0.26577603785489
cad	5.95598e-05	0.000115624	FALSE	0.0343802	355	2	170865766	171566482	0.0511232232769831
crohn	0.00151256	0.00261931	FALSE	3.07224e-05	356	2	171566483	172501315	0.000166586994174757
uc	0.000771134	0.00139221	FALSE	0.00580629	356	2	171566483	172501315	0.0142305946875
cad	8.25078e-05	0.000160174	FALSE	0.000938682	356	2	171566483	172501315	0.00253176024174528
psoriasis	8.43332e-05	0.000295006	FALSE	0.253486	357	2	172501316	173287857	0.290005169491525
psa	0.000891157	0.0018525	FALSE	0.0508402	357	2	172501316	173287857	0.100646011393693
crohn	0.00131161	0.00227131	FALSE	0.000400889	357	2	172501316	173287857	0.00141482784518167
uc	0.000394888	0.000712936	FALSE	0.0975444	357	2	172501316	173287857	0.133712548314607
cad	1.67453e-05	3.25079e-05	FALSE	0.243193	357	2	172501316	173287857	0.264345242870722
psoriasis	0.00025638	0.00089684	FALSE	0.0372592	358	2	173287858	174118389	0.0626448747081712
psa	0.00130453	0.00271181	FALSE	0.0120594	358	2	173287858	174118389	0.0365538822429907
crohn	0.00158805	0.00275003	FALSE	5.37099e-05	358	2	173287858	174118389	0.000266639814666667
uc	0.000280834	0.000507021	FALSE	0.17681	358	2	173287858	174118389	0.216066614015573
cad	3.17687e-05	6.16729e-05	FALSE	0.111876	358	2	173287858	174118389	0.13837772417523
psoriasis	0.000598278	0.00209283	FALSE	0.000553128	359	2	174118390	174927563	0.00196506
psa	0.000781935	0.00162545	FALSE	0.114266	359	2	174118390	174927563	0.178317270248597
crohn	0.001454	0.00251789	FALSE	0.000904499	359	2	174118390	174927563	0.00278326551790634
uc	0.0006161	0.00111231	FALSE	0.0531262	359	2	174118390	174927563	0.082216444820296
cad	8.14455e-05	0.000158111	FALSE	0.00731351	359	2	174118390	174927563	0.0135063131961259
psoriasis	0.000440797	0.00154195	FALSE	0.00611411	360	2	174927564	176734750	0.0143704870511425
psa	0.00100283	0.00208463	FALSE	0.0635907	360	2	174927564	176734750	0.117933530666667
crohn	0.00235661	0.00408095	FALSE	9.08093e-07	360	2	174927564	176734750	8.21327838866397e-06
uc	0.00113621	0.00205132	FALSE	0.00229669	360	2	174927564	176734750	0.00683405317073171
cad	0.000100911	0.000195901	FALSE	0.0014625	360	2	174927564	176734750	0.00360036329386437
psoriasis	0.000620572	0.00217082	FALSE	0.00107387	361	2	176734751	178149981	0.00335196416184971
psa	0.00181708	0.00377726	FALSE	0.00909168	361	2	176734751	178149981	0.0297351416470588
crohn	0.000864547	0.00149714	FALSE	0.0392142	361	2	176734751	178149981	0.0628439905308465
uc	0.00168026	0.00303356	FALSE	0.000139911	361	2	176734751	178149981	0.000707936764976959
cad	0.00013554	0.000263125	FALSE	0.000232645	361	2	176734751	178149981	0.00077559637755102
psoriasis	4.19923e-05	0.000146893	FALSE	0.34129	362	2	178149982	179224870	0.368224975024975
crohn	0.000134811	0.000233452	FALSE	0.309678	362	2	178149982	179224870	0.332242882381181
cad	3.7082e-05	7.19879e-05	FALSE	0.0538533	362	2	178149982	179224870	0.0745918954627949
psoriasis	0.000419594	0.00146778	FALSE	0.00496217	363	2	179224871	180336045	0.0120701432432432
psa	8.16202e-05	0.000169668	FALSE	0.427589	363	2	179224871	180336045	0.445443358672377
crohn	0.000583494	0.00101044	FALSE	0.0692033	363	2	179224871	180336045	0.098534207903123
uc	0.000136092	0.000245702	FALSE	0.328676	363	2	179224871	180336045	0.356079179082388
cad	7.96532e-05	0.000154632	FALSE	0.00478942	363	2	179224871	180336045	0.00948346626839827
psoriasis	8.94413e-05	0.000312874	FALSE	0.263646	364	2	180336046	181309939	0.29978867368421
crohn	0.00174829	0.00302751	FALSE	3.79529e-05	364	2	180336046	181309939	0.00019996881745283
uc	0.000846294	0.00152791	FALSE	0.009377	364	2	180336046	181309939	0.020408218037661
cad	1.63258e-05	3.16934e-05	FALSE	0.269885	364	2	180336046	181309939	0.289099295081967
psoriasis	0.000213709	0.000747575	FALSE	0.0582619	365	2	181309940	182307877	0.0899798914285714
psa	0.000413849	0.00086029	FALSE	0.204005	365	2	181309940	182307877	0.265591902341137
crohn	0.00148661	0.00257437	FALSE	8.00822e-05	365	2	181309940	182307877	0.000367596917622951
uc	0.000449534	0.000811595	FALSE	0.0696473	365	2	181309940	182307877	0.101692467287234
cad	6.40594e-05	0.000124359	FALSE	0.00883477	365	2	181309940	182307877	0.0159277385106383
psoriasis	0.000337262	0.00117977	FALSE	0.0109498	366	2	182307878	183352290	0.0229181860465116
crohn	0.0015122	0.00261867	FALSE	9.1e-05	366	2	182307878	183352290	0.000409042253521127
uc	0.000890007	0.00160683	FALSE	0.00399994	366	2	182307878	183352290	0.0105322161151079
cad	0.000144297	0.000280125	FALSE	1.6623e-06	366	2	182307878	183352290	1.11486219941349e-05
psa	0.00136566	0.00283888	FALSE	0.00401697	367	2	183352291	184148655	0.0167030419230769
crohn	0.00120048	0.00207888	FALSE	0.000325458	367	2	183352291	184148655	0.00118997245826514
cad	4.82877e-05	9.37415e-05	FALSE	0.0216079	367	2	183352291	184148655	0.0343413949270327
psoriasis	0.000166138	0.000581166	FALSE	0.0708504	368	2	184148656	184866232	0.10453337704918
psa	0.00129466	0.00269127	FALSE	0.00353388	368	2	184148656	184866232	0.0153846319463087
cad	2.51345e-05	4.8794e-05	FALSE	0.112553	368	2	184148656	184866232	0.138839649946063
psoriasis	0.000132537	0.000463628	FALSE	0.132964	369	2	184866233	186244920	0.172909235400361
psa	0.000716762	0.00148997	FALSE	0.0678696	369	2	184866233	186244920	0.123136502048417
crohn	2.10988e-06	3.65369e-06	FALSE	0.475357	369	2	184866233	186244920	0.475782947132616
uc	0.000260896	0.000471025	FALSE	0.160706	369	2	184866233	186244920	0.20074537883959
cad	6.58489e-05	0.000127833	FALSE	0.00418124	369	2	184866233	186244920	0.0084399787113857
crohn	0.000355088	0.000614905	FALSE	0.0550825	370	2	186244921	187498047	0.0828648518518519
uc	0.000440907	0.000796018	FALSE	0.0159393	370	2	186244921	187498047	0.0314489692722372
cad	2.27278e-05	4.41218e-05	FALSE	0.0781528	370	2	186244921	187498047	0.102076215648201
crohn	0.00105534	0.00182753	FALSE	0.00136628	371	2	187498048	188895310	0.0039691411183355
uc	0.000663871	0.00119856	FALSE	0.0123156	371	2	187498048	188895310	0.0254661559322034
cad	6.73e-05	0.00013065	FALSE	0.0040674	371	2	187498048	188895310	0.0082832981300089
crohn	0.000141084	0.000244316	FALSE	0.271458	372	2	188895311	189882702	0.298356029513035
cad	9.28985e-07	1.80345e-06	FALSE	0.453751	372	2	188895311	189882702	0.456746715228873
psoriasis	0.000207857	0.000727103	FALSE	0.0533937	373	2	189882703	191051954	0.0841213654266958
psa	0.000829308	0.00172393	FALSE	0.0491557	373	2	189882703	191051954	0.0984125434156379
crohn	1.945e-05	3.36817e-05	FALSE	0.454172	373	2	189882703	191051954	0.459104184615385
uc	0.000529006	0.000955073	FALSE	0.0344994	373	2	189882703	191051954	0.0574358809090909
cad	5.08713e-05	9.87572e-05	FALSE	0.0202055	373	2	189882703	191051954	0.0323372837648705
psoriasis	0.000408427	0.00142872	FALSE	0.0180557	374	2	191051955	193033982	0.0343010659630607
psa	0.00300909	0.00625515	FALSE	9.55128e-05	374	2	191051955	193033982	0.00102125224615385
crohn	0.00301872	0.00522751	FALSE	3.2938e-08	374	2	191051955	193033982	4.54219086419753e-07
uc	0.00246767	0.00445516	FALSE	1.77578e-07	374	2	191051955	193033982	2.95425218181818e-06
cad	7.90255e-05	0.000153413	FALSE	0.0156434	374	2	191051955	193033982	0.0259249679710145
psoriasis	0.000144617	0.000505883	FALSE	0.127228	375	2	193033983	195300250	0.166553018181818
psa	0.00104961	0.00218187	FALSE	0.0217684	375	2	193033983	195300250	0.0550146836363636
crohn	0.000466477	0.000807799	FALSE	0.0767869	375	2	193033983	195300250	0.106680307587065
cad	2.11356e-05	4.10307e-05	FALSE	0.178625	375	2	193033983	195300250	0.202837822740814
psoriasis	6.09459e-05	0.000213195	FALSE	0.302787	376	2	195300251	196446299	0.333853966309341
crohn	0.000633201	0.00109651	FALSE	0.0336027	376	2	195300251	196446299	0.0552379924944812
uc	0.000866351	0.00156412	FALSE	0.00330681	376	2	195300251	196446299	0.00911136105395232
cad	6.47185e-05	0.000125639	FALSE	0.00716513	376	2	195300251	196446299	0.0133008541477273
psoriasis	0.000461413	0.00161407	FALSE	0.00192599	377	2	196446300	198140350	0.0054883092348285
psa	2.58608e-05	5.37584e-05	FALSE	0.463497	377	2	196446300	198140350	0.468510109034268
crohn	0.000375084	0.000649533	FALSE	0.151857	377	2	196446300	198140350	0.186400295604396
cad	2.49607e-05	4.84565e-05	FALSE	0.174158	377	2	196446300	198140350	0.198752168662675
psoriasis	0.000303157	0.00106047	FALSE	0.0124923	378	2	198140351	199654969	0.0254560075471698
psa	0.000390785	0.000812347	FALSE	0.203483	378	2	198140351	199654969	0.26522298593436
crohn	0.00133446	0.00231089	FALSE	0.000164174	378	2	198140351	199654969	0.000672962781651376
uc	0.00181245	0.00327221	FALSE	1.24794e-07	378	2	198140351	199654969	2.192380992e-06
cad	5.45356e-05	0.000105871	FALSE	0.015487	378	2	198140351	199654969	0.0257403844476744
psoriasis	0.000192152	0.000672166	FALSE	0.0868839	379	2	199654970	201324132	0.122900605108055
psa	0.000932902	0.00193928	FALSE	0.0490864	379	2	199654970	201324132	0.0983750096807415
crohn	0.000898918	0.00155666	FALSE	0.00961354	379	2	199654970	201324132	0.0198307002400739
uc	0.00307803	0.00555712	FALSE	1.04109e-13	379	2	199654970	201324132	6.72421658823529e-12
cad	9.68316e-05	0.00018798	FALSE	0.000539405	379	2	199654970	201324132	0.00156949012086514
psoriasis	0.000130208	0.000455479	FALSE	0.165592	380	2	201324133	202504862	0.206511963048499
psa	1.07434e-05	2.23329e-05	FALSE	0.472821	380	2	201324133	202504862	0.474527935018051
crohn	0.000631555	0.00109366	FALSE	0.0413896	380	2	201324133	202504862	0.0657173890547264
uc	0.000846844	0.0015289	FALSE	0.00556845	380	2	201324133	202504862	0.0137551363329584
cad	2.93405e-05	5.69592e-05	FALSE	0.126724	380	2	201324133	202504862	0.152776904586189
psoriasis	0.000176914	0.000618862	FALSE	0.115447	381	2	202504863	203639686	0.154119604449938
psa	0.000322486	0.00067037	FALSE	0.275609	381	2	202504863	203639686	0.328651020833333
crohn	0.00133141	0.00230561	FALSE	0.000770919	381	2	202504863	203639686	0.00241886663764045
uc	0.000651488	0.0011762	FALSE	0.0297878	381	2	202504863	203639686	0.051466568686074
cad	0.000202948	0.000393986	FALSE	2.4784e-09	381	2	202504863	203639686	3.6102552866242e-08
psoriasis	0.000532962	0.00186435	FALSE	0.000347108	382	2	203639687	205038119	0.00132465243816254
psa	0.00147842	0.00307328	FALSE	0.00569136	382	2	203639687	205038119	0.0212843190804598
crohn	0.000821141	0.00142197	FALSE	0.0143864	382	2	203639687	205038119	0.027259726547922
uc	0.000682386	0.00123199	FALSE	0.018483	382	2	203639687	205038119	0.0350809576490925
cad	0.000435945	0.000846305	FALSE	6.28729e-28	382	2	203639687	205038119	8.98689514375e-26
psoriasis	0.000746222	0.00261035	FALSE	0.000622351	383	2	205038120	206821199	0.00213377485714286
psa	0.000774918	0.00161087	FALSE	0.173239	383	2	205038120	206821199	0.239094392907801
crohn	0.00331598	0.00574229	FALSE	6.06678e-08	383	2	205038120	206821199	7.74467801142857e-07
uc	0.00313274	0.00565589	FALSE	8.11606e-09	383	2	205038120	206821199	2.02532588181818e-07
cad	0.000191591	0.000371938	FALSE	9.77592e-06	383	2	205038120	206821199	4.95732351219512e-05
psoriasis	0.000302339	0.00105761	FALSE	0.0162296	384	2	206821200	207726594	0.0315249380053908
psa	0.000153776	0.000319663	FALSE	0.364929	384	2	206821200	207726594	0.403266231686542
uc	0.000294952	0.000532511	FALSE	0.15666	384	2	206821200	207726594	0.196025846153846
cad	2.02006e-05	3.92157e-05	FALSE	0.20118	384	2	206821200	207726594	0.224987119804401
psoriasis	0.000190682	0.000667025	FALSE	0.106615	385	2	207726595	208674588	0.145625233881163
psa	0.000876743	0.00182253	FALSE	0.0744758	385	2	207726595	208674588	0.131637364246824
crohn	0.00127337	0.0022051	FALSE	0.00151552	385	2	207726595	208674588	0.00431295755414013
uc	0.000451456	0.000815064	FALSE	0.0955092	385	2	207726595	208674588	0.131414914285714
cad	2.68401e-05	5.2105e-05	FALSE	0.170807	385	2	207726595	208674588	0.195513317817818
psoriasis	0.000134866	0.000471774	FALSE	0.162986	386	2	208674589	209940230	0.204086817391304
crohn	0.000409284	0.000708757	FALSE	0.125361	386	2	208674589	209940230	0.1592134587834
uc	0.00082557	0.00149049	FALSE	0.00730808	386	2	208674589	209940230	0.0169110049315069
cad	0.000108783	0.000211182	FALSE	0.000151086	386	2	208674589	209940230	0.000533230990740741
crohn	0.00023806	0.000412248	FALSE	0.168348	387	2	209940231	210842457	0.20208996883396
uc	8.11366e-05	0.000146485	FALSE	0.334904	387	2	209940231	210842457	0.361577769911504
psoriasis	0.00033559	0.00117393	FALSE	0.0330829	388	2	210842458	212520453	0.056862816229117
crohn	0.000767259	0.00132866	FALSE	0.0484385	388	2	210842458	212520453	0.0746801994478951
uc	0.00305592	0.0055172	FALSE	1.18572e-10	388	2	210842458	212520453	4.73425658181818e-09
cad	0.0001892	0.000367296	FALSE	4.96001e-07	388	2	210842458	212520453	3.88477495547945e-06
psa	0.000533633	0.00110929	FALSE	0.165562	389	2	212520454	213194362	0.231953673146148
crohn	0.000171046	0.000296201	FALSE	0.305452	389	2	212520454	213194362	0.328382948989413
uc	8.28507e-05	0.00014958	FALSE	0.380478	389	2	212520454	213194362	0.398440480686695
cad	0.000107882	0.000209432	FALSE	0.000212525	389	2	212520454	213194362	0.00072108262962963
psoriasis	0.00116926	0.00409017	FALSE	7.74132e-11	390	2	213194363	214044566	2.0901564e-09
psa	0.000495817	0.00103068	FALSE	0.180715	390	2	213194363	214044566	0.246268480392157
crohn	0.000407645	0.000705919	FALSE	0.130427	390	2	213194363	214044566	0.164246853438557
uc	0.000863507	0.00155899	FALSE	0.00618481	390	2	213194363	214044566	0.0149579766079295
cad	9.13782e-05	0.000177394	FALSE	0.00109665	390	2	213194363	214044566	0.00285653593394077
psoriasis	0.000145698	0.000509665	FALSE	0.0837935	391	2	214044567	215002484	0.11946796039604
psa	0.000225552	0.000468868	FALSE	0.270718	391	2	214044567	215002484	0.324594718422674
crohn	0.000250427	0.000433664	FALSE	0.165734	391	2	214044567	215002484	0.199613620485175
cad	5.05656e-06	9.81636e-06	FALSE	0.373383	391	2	214044567	215002484	0.383270610861759
crohn	0.0008342	0.00144458	FALSE	0.0120396	392	2	215002485	215899570	0.0237601293286219
cad	4.46042e-05	8.65907e-05	FALSE	0.0451569	392	2	215002485	215899570	0.0644655619850187
psoriasis	0.000678951	0.00237504	FALSE	0.00122778	393	2	215899571	217566011	0.00374048631875882
psa	0.00300422	0.00624504	FALSE	0.000329239	393	2	215899571	217566011	0.00264751691735537
crohn	0.00180557	0.0031267	FALSE	0.000813971	393	2	215899571	217566011	0.00252908374687065
uc	0.00188645	0.00340583	FALSE	0.000110634	393	2	215899571	217566011	0.000590697414043584
cad	0.00035613	0.00069136	FALSE	6.06525e-14	393	2	215899571	217566011	2.311871125e-12
psoriasis	0.00025448	0.000890196	FALSE	0.0553576	394	2	217566012	218396258	0.086333874368231
psa	0.00279027	0.00580028	FALSE	3.00706e-05	394	2	217566012	218396258	0.00043346213037037
crohn	0.000284338	0.000492388	FALSE	0.228089	394	2	217566012	218396258	0.256830053427419
uc	0.00120061	0.00216759	FALSE	0.000894988	394	2	217566012	218396258	0.00315979686173633
cad	0.00020346	0.00039498	FALSE	7.0181e-09	394	2	217566012	218396258	9.22436477011494e-08
psoriasis	0.000400239	0.00140007	FALSE	0.00711129	395	2	218396259	219678783	0.0161858655426765
psa	0.000979863	0.0020369	FALSE	0.054364	395	2	218396259	219678783	0.105266013930348
crohn	0.00130299	0.00225639	FALSE	0.00120171	395	2	218396259	219678783	0.00355578826490066
uc	0.000996217	0.00179858	FALSE	0.00356264	395	2	218396259	219678783	0.00961146574938575
cad	0.000275632	0.000535087	FALSE	1.13238e-13	395	2	218396259	219678783	4.04648915625e-12
psoriasis	0.000364601	0.00127541	FALSE	0.0137064	396	2	219678784	220771552	0.0275147063197026
crohn	0.000551801	0.000955555	FALSE	0.0842736	396	2	219678784	220771552	0.114517775182482
uc	0.000619454	0.00111837	FALSE	0.0419445	396	2	219678784	220771552	0.067253702189781
cad	9.6681e-05	0.000187688	FALSE	0.00128329	396	2	219678784	220771552	0.003242966
psoriasis	0.00034732	0.00121496	FALSE	0.00638114	397	2	220771553	221445191	0.0149008242162162
psa	0.00177863	0.00369733	FALSE	0.000798292	397	2	220771553	221445191	0.00502743117152104
uc	0.000842486	0.00152103	FALSE	0.00373914	397	2	220771553	221445191	0.0099770977399757
cad	1.18143e-05	2.29353e-05	FALSE	0.295385	397	2	220771553	221445191	0.312463226179463
psoriasis	8.34915e-07	2.92061e-06	FALSE	0.48094	398	2	221445192	222327713	0.481608901251738
psa	0.00150878	0.00313639	FALSE	0.00962579	398	2	221445192	222327713	0.0311676994009983
crohn	0.00130811	0.00226525	FALSE	0.001321	398	2	221445192	222327713	0.00385262924281984
uc	0.000776617	0.00140211	FALSE	0.0168747	398	2	221445192	222327713	0.0326779904761905
psoriasis	0.000244331	0.000854694	FALSE	0.0699972	399	2	222327714	223353965	0.103573331506849
psa	0.00163842	0.00340588	FALSE	0.00763492	399	2	222327714	223353965	0.0262500959717314
crohn	0.000431507	0.000747241	FALSE	0.146367	399	2	222327714	223353965	0.180554322473771
uc	0.000906117	0.00163591	FALSE	0.00945008	399	2	222327714	223353965	0.020526583264095
cad	3.08263e-05	5.98435e-05	FALSE	0.15304	399	2	222327714	223353965	0.177937203863752
psoriasis	0.00022064	0.000771821	FALSE	0.0521058	400	2	223353966	224123079	0.0824531340659341
psa	0.000355928	0.000739888	FALSE	0.23285	400	2	223353966	224123079	0.291774694140373
uc	4.53903e-05	8.19481e-05	FALSE	0.418743	400	2	223353966	224123079	0.428499360671016
cad	6.4752e-05	0.000125704	FALSE	0.00783279	400	2	223353966	224123079	0.014330872584
psoriasis	0.000108599	0.00037989	FALSE	0.215519	401	2	224123080	224938731	0.255219868421053
psa	0.00109569	0.00227768	FALSE	0.030487	401	2	224123080	224938731	0.0694376448598131
crohn	0.000880658	0.00152504	FALSE	0.0121175	401	2	224123080	224938731	0.0238852818342152
uc	0.000417887	0.000754457	FALSE	0.098022	401	2	224123080	224938731	0.134116082242991
cad	6.78882e-05	0.000131792	FALSE	0.00945091	401	2	224123080	224938731	0.0167942744133644
psoriasis	0.000682828	0.0023886	FALSE	2.70499e-05	402	2	224938732	226242842	0.00016051589010989
psa	0.000773854	0.00160865	FALSE	0.0904823	402	2	224938732	226242842	0.151140391244635
crohn	0.00151831	0.00262925	FALSE	0.000175902	402	2	224938732	226242842	0.000706771705035971
uc	0.000865303	0.00156223	FALSE	0.00714224	402	2	224938732	226242842	0.0166147871186441
cad	6.32064e-06	1.22703e-05	FALSE	0.391875	402	2	224938732	226242842	0.400454926273458
psa	0.000564323	0.00117309	FALSE	0.146723	403	2	226242843	227557841	0.213076834328358
crohn	0.000512387	0.000887302	FALSE	0.078364	403	2	226242843	227557841	0.1081316714021
uc	0.00120249	0.00217099	FALSE	0.000328787	403	2	226242843	227557841	0.00137526905142857
cad	6.60659e-05	0.000128255	FALSE	0.00947272	403	2	226242843	227557841	0.0168199616770186
psoriasis	0.000253219	0.000885786	FALSE	0.0829462	404	2	227557842	228812485	0.118572992720053
psa	0.00106549	0.00221489	FALSE	0.0679592	404	2	227557842	228812485	0.123136502048417
uc	0.000920278	0.00166148	FALSE	0.0147718	404	2	227557842	228812485	0.0295436
cad	0.000165638	0.000321555	FALSE	8.6778e-06	404	2	227557842	228812485	4.45980417977528e-05
psoriasis	0.000309251	0.00108179	FALSE	0.00749325	405	2	228812486	229764918	0.0167377662874871
psa	0.000305595	0.000635257	FALSE	0.236707	405	2	228812486	229764918	0.295276808974359
crohn	0.000665633	0.00115268	FALSE	0.0180671	405	2	228812486	229764918	0.0331000060655738
uc	0.000704825	0.0012725	FALSE	0.00670588	405	2	228812486	229764918	0.0159029292440605
cad	3.66434e-05	7.11363e-05	FALSE	0.0525455	405	2	228812486	229764918	0.0730526191489362
psoriasis	8.8586e-05	0.000309882	FALSE	0.278842	406	2	229764919	230541092	0.31272
psa	0.00289221	0.00601219	FALSE	2.49731e-05	406	2	229764919	230541092	0.000389315833333333
crohn	0.000626748	0.00108534	FALSE	0.0661309	406	2	229764919	230541092	0.0950684881595882
uc	0.000707101	0.00127661	FALSE	0.0288366	406	2	229764919	230541092	0.050218218556701
cad	0.000147824	0.000286973	FALSE	1.02725e-05	406	2	229764919	230541092	5.19568030905077e-05
psoriasis	0.000987577	0.00345464	FALSE	7.75924e-07	407	2	230541093	231847386	8.09659826086957e-06
psa	0.00338679	0.00704031	FALSE	8.58019e-06	407	2	230541093	231847386	0.000196435879294118
crohn	0.00458198	0.00793462	FALSE	1.63767e-15	407	2	230541093	231847386	9.88798589189189e-14
cad	0.000145892	0.000283221	FALSE	4.9924e-05	407	2	230541093	231847386	0.000199958297723292
psoriasis	0.000554351	0.00193917	FALSE	0.00118727	408	2	231847387	233352722	0.00363802212765957
psa	0.000551483	0.0011464	FALSE	0.191002	408	2	231847387	233352722	0.253957649146758
uc	0.00108897	0.00196604	FALSE	0.00325721	408	2	231847387	233352722	0.00900860599496222
cad	0.000119023	0.000231062	FALSE	0.000298084	408	2	231847387	233352722	0.000949468116991643
psoriasis	0.00108259	0.00378702	FALSE	7.91013e-10	409	2	233352723	234115092	1.72584654545455e-08
psa	0.000840118	0.0017464	FALSE	0.0688467	409	2	233352723	234115092	0.124344525974026
crohn	0.000268138	0.000464334	FALSE	0.220587	409	2	233352723	234115092	0.25002098325723
uc	0.000244607	0.000441616	FALSE	0.212057	409	2	233352723	234115092	0.249826809012876
cad	6.67481e-05	0.000129579	FALSE	0.00989147	409	2	233352723	234115092	0.0174685651660232
psoriasis	0.00134396	0.00470129	FALSE	2.56616e-11	410	2	234115093	234945577	7.69848e-10
psa	0.000549845	0.00114299	FALSE	0.189271	410	2	234115093	234945577	0.252751921864291
crohn	0.0117928	0.0204217	FALSE	8.04712e-62	410	2	234115093	234945577	3.595453216e-59
uc	0.0012491	0.00225514	FALSE	0.000963295	410	2	234115093	234945577	0.00332609405660377
cad	0.000141038	0.000273799	FALSE	2.99684e-05	410	2	234115093	234945577	0.000127868900746269
psoriasis	0.000693862	0.0024272	FALSE	0.000117957	411	2	234945578	235625789	0.000545582698072805
crohn	0.00121197	0.00209877	FALSE	0.0044708	411	2	234945578	235625789	0.0106027252653928
uc	0.00110648	0.00199766	FALSE	0.00332941	411	2	234945578	235625789	0.00915066878598248
cad	3.34129e-05	6.48649e-05	FALSE	0.144488	411	2	234945578	235625789	0.170419832903559
psoriasis	0.000576242	0.00201575	FALSE	0.00094472	412	2	235625790	236276287	0.00301863195266272
psa	0.000955267	0.00198577	FALSE	0.0767936	412	2	235625790	236276287	0.134497825
crohn	0.000998701	0.00172945	FALSE	0.0141227	412	2	235625790	236276287	0.0268969410059676
uc	0.00150339	0.00271424	FALSE	0.000182986	412	2	235625790	236276287	0.000883158804395604
cad	0.000194904	0.00037837	FALSE	1.17138e-07	412	2	235625790	236276287	1.1024469382716e-06
psoriasis	0.000268411	0.000938926	FALSE	0.0360669	413	2	236276288	237194297	0.0610381832419734
psa	0.00105314	0.00218922	FALSE	0.0353253	413	2	236276288	237194297	0.0775006018038331
crohn	0.000904441	0.00156622	FALSE	0.0105077	413	2	236276288	237194297	0.0213774895359418
cad	4.46393e-05	8.66589e-05	FALSE	0.0538153	413	2	236276288	237194297	0.0745912673333333
psoriasis	0.000161906	0.000566362	FALSE	0.139107	414	2	237194298	238185482	0.178639191438763
psa	0.000132209	0.00027483	FALSE	0.393951	414	2	237194298	238185482	0.421868822882288
crohn	0.000888732	0.00153902	FALSE	0.0146158	414	2	237194298	238185482	0.0275774469594595
uc	0.000566884	0.00102346	FALSE	0.0510074	414	2	237194298	238185482	0.0794413123404255
cad	4.55829e-05	8.84908e-05	FALSE	0.0581649	414	2	237194298	238185482	0.0797979161967606
psoriasis	0.000731834	0.00256003	FALSE	1.94022e-05	415	2	238185483	238814630	0.000125100752238806
psa	0.00144339	0.00300046	FALSE	0.0120148	415	2	238185483	238814630	0.0365280290171607
crohn	0.000930946	0.00161212	FALSE	0.0129981	415	2	238185483	238814630	0.0252502220869565
uc	0.00151027	0.00272666	FALSE	6.19554e-05	415	2	238185483	238814630	0.000373774885714286
cad	0.000141979	0.000275626	FALSE	1.21321e-05	415	2	238185483	238814630	5.96690595698925e-05
psoriasis	0.000928366	0.00324751	FALSE	2.32656e-08	416	2	238814631	239634350	3.61537381294964e-07
psa	0.00268213	0.00557549	FALSE	1.00496e-05	416	2	238814631	239634350	0.000223682860674157
crohn	0.00129415	0.00224109	FALSE	0.000504981	416	2	238814631	239634350	0.00171708912328767
uc	0.000379859	0.000685803	FALSE	0.107675	416	2	238814631	239634350	0.14555088
psoriasis	6.06397e-05	0.000212123	FALSE	0.332758	417	2	239634351	240325600	0.360460020060181
psa	0.000667819	0.00138823	FALSE	0.133264	417	2	239634351	240325600	0.199392455034589
crohn	0.00139998	0.00242434	FALSE	0.000706775	417	2	239634351	240325600	0.00225493140085592
uc	0.000812869	0.00146756	FALSE	0.0134694	417	2	239634351	240325600	0.02738778
psoriasis	0.000733276	0.00256507	FALSE	8.28483e-05	418	2	240325601	241113279	0.000407636282460137
psa	0.00133118	0.0027672	FALSE	0.0288062	418	2	240325601	241113279	0.067053666507177
crohn	0.000552525	0.000956809	FALSE	0.106418	418	2	240325601	241113279	0.138946704850964
uc	3.0488e-05	5.50433e-05	FALSE	0.453343	418	2	240325601	241113279	0.457219702479339
cad	7.98826e-05	0.000155077	FALSE	0.0101997	418	2	240325601	241113279	0.0178515485845448
psoriasis	0.000856525	0.00299621	FALSE	1.93866e-06	419	2	241113280	241910366	1.70918595918367e-05
psa	0.0025086	0.00521476	FALSE	0.000155701	419	2	241113280	241910366	0.00147802022439024
crohn	0.00192199	0.00332831	FALSE	1.81837e-05	419	2	241113280	241910366	0.000104696870618557
uc	0.00461658	0.00833483	FALSE	3.7796e-21	419	2	241113280	241910366	8.8924824e-19
cad	0.000113405	0.000220154	FALSE	0.000330178	419	2	241113280	241910366	0.00104154080827586
psoriasis	0.00042187	0.00147574	FALSE	0.00202266	420	2	241910367	243188366	0.00571166117647059
psa	0.000842407	0.00175116	FALSE	0.0538532	420	2	241910367	243188366	0.104693633566434
crohn	0.00253128	0.00438342	FALSE	1.52413e-09	420	2	241910367	243188366	3.30573438834951e-08
uc	0.00117529	0.00212189	FALSE	0.000218542	420	2	241910367	243188366	0.000989522127835052
cad	4.23404e-05	8.2196e-05	FALSE	0.0473863	420	2	241910367	243188366	0.0669379049413218
psoriasis	9.03402e-06	3.16019e-05	FALSE	0.461159	421	3	60197	795746	0.464817284181055
psa	0.000887337	0.00184456	FALSE	0.0802339	421	3	60197	795746	0.138540522981366
crohn	0.000970995	0.00168147	FALSE	0.0123869	421	3	60197	795746	0.0242952893766462
uc	0.000783277	0.00141414	FALSE	0.0186057	421	3	60197	795746	0.0352833481865285
cad	8.29655e-05	0.000161062	FALSE	0.00514027	421	3	60197	795746	0.0100994823797251
uc	0.000564781	0.00101966	FALSE	0.0758511	422	3	795747	1440048	0.108797528151535
cad	8.58386e-05	0.00016664	FALSE	0.00678386	422	3	795747	1440048	0.0127169572295082
crohn	0.000615681	0.00106618	FALSE	0.0860505	423	3	1440049	2140011	0.116225403264813
uc	0.00116995	0.00211223	FALSE	0.00274137	423	3	1440049	2140011	0.00782841159947984
cad	7.10289e-05	0.000137889	FALSE	0.0193995	423	3	1440049	2140011	0.0312661427061311
psoriasis	0.00100968	0.00353196	FALSE	2.52375e-05	424	3	2140012	3128152	0.000153557746478873
psa	0.00431624	0.00897241	FALSE	4.74148e-06	424	3	2140012	3128152	0.000130325241666667
crohn	0.000613711	0.00106276	FALSE	0.141205	424	3	2140012	3128152	0.175348510283491
uc	0.00246147	0.00444397	FALSE	5.37054e-06	424	3	2140012	3128152	4.85337688888889e-05
cad	0.000143958	0.000279467	FALSE	0.000760487	424	3	2140012	3128152	0.00209294075691937
psoriasis	0.000738387	0.00258295	FALSE	0.000317854	425	3	3128153	4109393	0.00123121548387097
psa	0.00275712	0.00573137	FALSE	0.000504563	425	3	3128153	4109393	0.0036365911037037
crohn	0.00202531	0.00350724	FALSE	0.00013438	425	3	3128153	4109393	0.000568569924242424
uc	0.000350441	0.00063269	FALSE	0.208251	425	3	3128153	4109393	0.246267741518578
cad	4.57405e-05	8.87967e-05	FALSE	0.109826	425	3	3128153	4109393	0.136803955337691
psoriasis	0.000311108	0.00108828	FALSE	0.038368	426	3	4109394	4835083	0.0642440930232558
psa	0.00164286	0.0034151	FALSE	0.00980275	426	3	4109394	4835083	0.0315830322847682
crohn	0.00130619	0.00226192	FALSE	0.00271023	426	3	4109394	4835083	0.00708029414235706
uc	0.000150962	0.000272549	FALSE	0.332472	426	3	4109394	4835083	0.35930537007874
cad	3.73361e-05	7.24811e-05	FALSE	0.121378	426	3	4109394	4835083	0.147655045744681
psoriasis	0.000810029	0.00283356	FALSE	2.64169e-05	427	3	4835084	5496182	0.000158062337950139
psa	0.00298875	0.00621289	FALSE	5.5937e-05	427	3	4835084	5496182	0.000644102970414201
crohn	0.00114204	0.00197767	FALSE	0.00853504	427	3	4835084	5496182	0.0180561357575758
uc	0.00137319	0.00247917	FALSE	0.00075335	427	3	4835084	5496182	0.00272996138613861
cad	0.000156505	0.000303826	FALSE	1.68884e-05	427	3	4835084	5496182	7.83443626774848e-05
psoriasis	0.000166384	0.000582027	FALSE	0.189755	428	3	5496183	6421145	0.230653235790658
psa	0.00153146	0.00318354	FALSE	0.0248671	428	3	5496183	6421145	0.060597563204005
crohn	0.000108574	0.000188018	FALSE	0.399455	428	3	5496183	6421145	0.412567022653722
uc	0.00156301	0.00282188	FALSE	0.000450357	428	3	5496183	6421145	0.00176920209660107
cad	9.66659e-05	0.000187659	FALSE	0.00598271	428	3	5496183	6421145	0.0114115577731443
psoriasis	0.000278909	0.000975652	FALSE	0.074039	429	3	6421146	7529554	0.108287658767773
psa	0.000613222	0.00127474	FALSE	0.196593	429	3	6421146	7529554	0.258493228378378
crohn	0.00122442	0.00212033	FALSE	0.00803061	429	3	6421146	7529554	0.0172007504697987
uc	0.000820722	0.00148174	FALSE	0.0299052	429	3	6421146	7529554	0.0515882318931657
cad	8.169e-06	1.58586e-05	FALSE	0.395167	429	3	6421146	7529554	0.40309854103479
psoriasis	0.000175344	0.000613371	FALSE	0.176757	430	3	7529555	8664892	0.218044043403769
psa	0.00200691	0.00417188	FALSE	0.00592267	430	3	7529555	8664892	0.0216645034210526
crohn	0.000608107	0.00105306	FALSE	0.109077	430	3	7529555	8664892	0.142003506993007
uc	0.000637591	0.00115112	FALSE	0.0725726	430	3	7529555	8664892	0.105124953562005
cad	1.911e-05	3.70986e-05	FALSE	0.288837	430	3	7529555	8664892	0.30667141086351
psoriasis	0.00178793	0.00625435	FALSE	3.23573e-12	431	3	8664893	9970731	1.05896618181818e-10
psa	0.00309973	0.00644358	FALSE	0.000350329	431	3	8664893	9970731	0.00277130176422764
crohn	0.00144128	0.00249587	FALSE	0.00663324	431	3	8664893	9970731	0.014730276500994
uc	0.00208156	0.00375808	FALSE	4.72052e-05	431	3	8664893	9970731	0.00029960294566474
cad	0.00025361	0.000492337	FALSE	3.20112e-08	431	3	8664893	9970731	3.46964997156398e-07
psoriasis	0.000387152	0.0013543	FALSE	0.0349075	432	3	9970732	11226367	0.0594262127659574
psa	0.00377985	0.00785738	FALSE	1.43027e-05	432	3	9970732	11226367	0.000267625521153846
crohn	0.0014299	0.00247615	FALSE	0.00544588	432	3	9970732	11226367	0.0125553105469556
uc	0.00218237	0.00394007	FALSE	1.30218e-05	432	3	9970732	11226367	0.000101045486925795
cad	0.000230684	0.000447829	FALSE	1.42214e-07	432	3	9970732	11226367	1.29579050996016e-06
psoriasis	0.000251541	0.000879913	FALSE	0.0554566	433	3	11226368	11997658	0.0864258701298701
psa	0.000554341	0.00115234	FALSE	0.17285	433	3	11226368	11997658	0.23872682753726
crohn	0.00118876	0.00205857	FALSE	0.00271561	433	3	11226368	11997658	0.00708029414235706
uc	0.00105327	0.00190159	FALSE	0.00248742	433	3	11226368	11997658	0.00729118848
cad	2.12441e-05	4.12415e-05	FALSE	0.222358	433	3	11226368	11997658	0.244857649494463
psoriasis	0.000336382	0.0011767	FALSE	0.00728283	434	3	11997659	12859209	0.0163693161290323
psa	0.00109381	0.00227377	FALSE	0.0190898	434	3	11997659	12859209	0.0505930955223881
crohn	0.000856682	0.00148352	FALSE	0.00758077	434	3	11997659	12859209	0.0164262271387003
uc	3.75872e-06	6.78604e-06	FALSE	0.474021	434	3	11997659	12859209	0.475319687671233
cad	7.20642e-05	0.000139899	FALSE	0.00318663	434	3	11997659	12859209	0.00674174172987974
psoriasis	0.000745048	0.00260625	FALSE	0.000377871	435	3	12859210	14312007	0.00142443518324607
psa	0.00402833	0.00837392	FALSE	3.31664e-06	435	3	12859210	14312007	0.000105806253114754
crohn	0.00286497	0.00496126	FALSE	6.50693e-07	435	3	12859210	14312007	6.23883331330472e-06
uc	0.00166742	0.00301038	FALSE	0.000379578	435	3	12859210	14312007	0.0015436172
cad	0.000122577	0.00023796	FALSE	0.00143792	435	3	12859210	14312007	0.00355900761904762
psoriasis	0.000425114	0.00148709	FALSE	0.0108716	436	3	14312008	15150876	0.0227986951456311
psa	0.00311063	0.00646624	FALSE	2.91057e-05	436	3	14312008	15150876	0.000425862347368421
crohn	0.00116333	0.00201454	FALSE	0.0073769	436	3	14312008	15150876	0.0160467328140214
uc	0.000751183	0.00135619	FALSE	0.0325322	436	3	14312008	15150876	0.054728321898928
cad	0.000360681	0.000700195	FALSE	3.98882e-17	436	3	14312008	15150876	2.33908495897436e-15
psa	9.29271e-06	1.93173e-05	FALSE	0.471968	437	3	15150877	16084005	0.474160933402168
uc	2.7353e-05	4.93834e-05	FALSE	0.441194	437	3	15150877	16084005	0.448132296022202
cad	0.000110816	0.000215128	FALSE	4.40069e-05	437	3	15150877	16084005	0.00018004254078712
psoriasis	0.0013771	0.00481724	FALSE	1.24346e-10	438	3	16084006	17182494	3.2754556097561e-09
psa	0.00286823	0.00596234	FALSE	0.000111782	438	3	16084006	17182494	0.00112127717525773
crohn	0.00132792	0.00229957	FALSE	0.00339585	438	3	16084006	17182494	0.00858376592760181
uc	0.000369456	0.00066702	FALSE	0.173919	438	3	16084006	17182494	0.213605214765101
cad	0.000218308	0.000423804	FALSE	2.31767e-08	438	3	16084006	17182494	2.650255645e-07
psoriasis	0.000837575	0.00292992	FALSE	1.58628e-06	439	3	17182495	19030988	1.45802757446809e-05
psa	0.00149574	0.00310928	FALSE	0.00927927	439	3	17182495	19030988	0.0301964204347826
crohn	0.00274203	0.00474837	FALSE	5.29122e-09	439	3	17182495	19030988	9.38141704761905e-08
uc	0.000632853	0.00114256	FALSE	0.0368915	439	3	17182495	19030988	0.0606844449438202
cad	4.51323e-05	8.76159e-05	FALSE	0.061919	439	3	17182495	19030988	0.084040802967359
psoriasis	0.000559542	0.00195733	FALSE	0.00106881	440	3	19030989	20754842	0.00334584
psa	0.00287822	0.00598311	FALSE	4.42793e-05	440	3	19030989	20754842	0.000542849550943396
crohn	0.000985302	0.00170625	FALSE	0.0139373	440	3	19030989	20754842	0.0266895041988003
uc	0.00164566	0.00297109	FALSE	4.66169e-05	440	3	19030989	20754842	0.000298456887463557
cad	9.20306e-05	0.00017866	FALSE	0.00321482	440	3	19030989	20754842	0.00678943358264081
psoriasis	0.000867249	0.00303372	FALSE	1.34752e-05	441	3	20754843	21790867	9.06742429906542e-05
psa	0.00197889	0.00411363	FALSE	0.00471471	441	3	20754843	21790867	0.018724134
crohn	0.0017751	0.00307394	FALSE	0.000285368	441	3	20754843	21790867	0.00106607376588629
uc	0.00175146	0.00316211	FALSE	6.4648e-05	441	3	20754843	21790867	0.000387888
cad	8.41146e-05	0.000163293	FALSE	0.0103442	441	3	20754843	21790867	0.0180313913109756
psoriasis	0.000224106	0.000783946	FALSE	0.100661	442	3	21790868	22648001	0.138665663265306
psa	0.00150178	0.00312184	FALSE	0.017478	442	3	21790868	22648001	0.0474471660167131
crohn	0.000422697	0.000731985	FALSE	0.167145	442	3	21790868	22648001	0.200753725806452
uc	0.000204022	0.000368344	FALSE	0.288868	442	3	21790868	22648001	0.319573868010076
cad	5.46579e-05	0.000106108	FALSE	0.0517073	442	3	21790868	22648001	0.0721504546064674
psoriasis	0.000443671	0.001552	FALSE	0.000493567	443	3	22648002	23426044	0.00180085256756757
psa	0.00157733	0.00327888	FALSE	0.00115395	443	3	22648002	23426044	0.00670324388059701
crohn	0.00103725	0.00179621	FALSE	0.00111169	443	3	22648002	23426044	0.0033157749799733
uc	9.44822e-06	1.70579e-05	FALSE	0.462956	443	3	22648002	23426044	0.465286670938215
cad	5.81347e-05	0.000112858	FALSE	0.00778924	443	3	22648002	23426044	0.0142854786527666
psoriasis	0.000157195	0.000549882	FALSE	0.138999	444	3	23426045	24270189	0.178639191438763
psa	0.00152657	0.00317336	FALSE	0.00664684	444	3	23426045	24270189	0.0236467104936015
crohn	0.0014485	0.00250836	FALSE	0.000300441	444	3	23426045	24270189	0.00111492557142857
uc	0.00049259	0.000889329	FALSE	0.0705027	444	3	23426045	24270189	0.10266838806366
cad	1.51223e-05	2.93571e-05	FALSE	0.278702	444	3	23426045	24270189	0.297152202331002
psoriasis	0.000695634	0.00243339	FALSE	0.000729205	445	3	24270190	25516193	0.00243068333333333
psa	0.00137986	0.00286839	FALSE	0.0438193	445	3	24270190	25516193	0.0911029463675214
crohn	0.000846759	0.00146633	FALSE	0.0539436	445	3	24270190	25516193	0.0814256772972973
uc	0.00174064	0.00314258	FALSE	0.000215825	445	3	24270190	25516193	0.00098534656964657
cad	0.000242959	0.00047166	FALSE	2.05028e-08	445	3	24270190	25516193	2.38019815228426e-07
psoriasis	0.000101411	0.000354747	FALSE	0.253288	446	3	25516194	26905340	0.290005169491525
psa	0.00186016	0.00386683	FALSE	0.00295884	446	3	25516194	26905340	0.0136767283610451
crohn	2.88695e-05	4.99934e-05	FALSE	0.455272	446	3	25516194	26905340	0.460007981908639
uc	0.000423594	0.000764762	FALSE	0.117959	446	3	25516194	26905340	0.156590059214502
cad	9.8749e-05	0.000191703	FALSE	0.0013634	446	3	25516194	26905340	0.00341148336980306
uc	3.48136e-05	6.2853e-05	FALSE	0.416493	447	3	26905341	27614908	0.427192259691733
cad	4.12016e-05	7.99852e-05	FALSE	0.0259055	447	3	26905341	27614908	0.0398693664199192
psoriasis	3.66769e-05	0.000128299	FALSE	0.380205	448	3	27614909	28649810	0.398855172413793
psa	0.000610911	0.00126993	FALSE	0.133592	448	3	27614909	28649810	0.19958223791251
crohn	0.00121214	0.00209906	FALSE	0.0012954	448	3	27614909	28649810	0.0037978
uc	0.000621638	0.00112231	FALSE	0.0306792	448	3	27614909	28649810	0.0523477258741259
cad	0.00010004	0.000194209	FALSE	0.000441203	448	3	27614909	28649810	0.00132072154581152
psoriasis	0.00018617	0.000651241	FALSE	0.168881	449	3	28649811	29877022	0.209673931034483
psa	0.00364747	0.0075822	FALSE	1.22166e-05	449	3	28649811	29877022	0.000246091557142857
crohn	0.00170534	0.00295314	FALSE	0.000897433	449	3	28649811	29877022	0.00276915099723757
uc	0.0022318	0.00402932	FALSE	4.03582e-06	449	3	28649811	29877022	3.82011237931034e-05
cad	0.000112524	0.000218445	FALSE	0.00236369	449	3	28649811	29877022	0.00526877098440546
psoriasis	0.000290822	0.00101732	FALSE	0.0614713	450	3	29877023	31269697	0.0933085087842586
psa	2.5897e-05	5.38335e-05	FALSE	0.471598	450	3	29877023	31269697	0.474160933402168
crohn	0.00330207	0.0057182	FALSE	2.61228e-09	450	3	29877023	31269697	5.07463784347826e-08
uc	0.00136022	0.00245576	FALSE	0.0012575	450	3	29877023	31269697	0.00417359419939577
cad	0.000128573	0.000249601	FALSE	0.00039788	450	3	29877023	31269697	0.00120683230769231
psoriasis	0.000109377	0.000382612	FALSE	0.268266	451	3	31269698	32378805	0.303387267015707
psa	0.00118777	0.00246909	FALSE	0.0540185	451	3	31269698	32378805	0.104910180638723
crohn	0.000297047	0.000514396	FALSE	0.25605	451	3	31269698	32378805	0.283597273177987
uc	0.00126357	0.00228126	FALSE	0.0023003	451	3	31269698	32378805	0.00683553288227334
cad	0.00013992	0.000271628	FALSE	0.000145007	451	3	31269698	32378805	0.000514954982919255
psoriasis	0.000113604	0.000397399	FALSE	0.184057	452	3	32378806	33020868	0.224993276740238
crohn	0.000201122	0.000348283	FALSE	0.259092	452	3	32378806	33020868	0.28654036039604
uc	0.00045379	0.000819278	FALSE	0.0641799	452	3	32378806	33020868	0.0952773374746793
cad	9.42487e-05	0.000182966	FALSE	0.000366403	452	3	32378806	33020868	0.00113085514304993
psoriasis	0.000643988	0.00225273	FALSE	1.22261e-05	453	3	33020869	33991869	8.30452075471698e-05
crohn	9.29281e-05	0.000160924	FALSE	0.369237	453	3	33020869	33991869	0.385636025245442
uc	0.00113464	0.00204849	FALSE	0.000288885	453	3	33020869	33991869	0.00123663052631579
cad	4.01287e-05	7.79024e-05	FALSE	0.0539136	453	3	33020869	33991869	0.0745918954627949
psa	0.000677729	0.00140883	FALSE	0.0942885	454	3	33991870	35009559	0.15589245624469
crohn	0.000158604	0.000274654	FALSE	0.301442	454	3	33991870	35009559	0.324853559093102
uc	0.00106379	0.00192059	FALSE	0.000650606	454	3	33991870	35009559	0.00240122819495798
cad	8.35953e-05	0.000162285	FALSE	0.0012087	454	3	33991870	35009559	0.00307828162583519
psoriasis	0.000109303	0.000382354	FALSE	0.185017	455	3	35009560	35913033	0.225911091011871
uc	0.000729417	0.0013169	FALSE	0.00864977	455	3	35009560	35913033	0.0192450809726444
cad	1.89686e-05	3.68239e-05	FALSE	0.203187	455	3	35009560	35913033	0.227009608695652
psa	0.000927277	0.00192758	FALSE	0.0629318	456	3	35913034	36840136	0.116856185877863
crohn	0.000318099	0.000550853	FALSE	0.198973	456	3	35913034	36840136	0.230792150571132
cad	7.25471e-05	0.000140837	FALSE	0.00877523	456	3	35913034	36840136	0.0158522519826224
psoriasis	0.000412103	0.00144158	FALSE	0.0141131	457	3	36840137	38729767	0.0280444305427783
psa	0.00135741	0.00282172	FALSE	0.0303427	457	3	36840137	38729767	0.069247486049238
crohn	0.000132335	0.000229165	FALSE	0.372248	457	3	36840137	38729767	0.388236242763772
uc	0.00172088	0.00310691	FALSE	6.19468e-05	457	3	36840137	38729767	0.000373774885714286
cad	0.000101668	0.000197369	FALSE	0.00253447	457	3	36840137	38729767	0.00555736614573346
psoriasis	0.000503017	0.0017596	FALSE	0.000320338	458	3	38729768	39605996	0.00123779978533095
psa	0.00152639	0.003173	FALSE	0.00306761	458	3	38729768	39605996	0.0139400281118881
crohn	0.00120915	0.00209389	FALSE	0.000616247	458	3	38729768	39605996	0.00201861553958944
uc	0.000115415	0.000208371	FALSE	0.327365	458	3	38729768	39605996	0.355184555335968
cad	2.2161e-05	4.30215e-05	FALSE	0.174936	458	3	38729768	39605996	0.199440993020937
psoriasis	3.65901e-05	0.000127996	FALSE	0.366667	459	3	39605997	40897627	0.387855396669931
crohn	0.000865109	0.00149811	FALSE	0.00692236	459	3	39605997	40897627	0.0152060494001967
uc	0.000700427	0.00126456	FALSE	0.010814	459	3	39605997	40897627	0.0231232171372931
psoriasis	0.000478768	0.00167477	FALSE	0.0019431	460	3	40897628	42301657	0.00551523784494087
psa	0.000767884	0.00159624	FALSE	0.0981278	460	3	40897628	42301657	0.161009020910624
crohn	0.000175105	0.000303229	FALSE	0.310865	460	3	40897628	42301657	0.333240119961612
uc	0.00182545	0.00329569	FALSE	2.32842e-06	460	3	40897628	42301657	2.54388573134328e-05
cad	1.62055e-05	3.14599e-05	FALSE	0.27206	460	3	40897628	42301657	0.290884160822814
psoriasis	0.000523097	0.00182984	FALSE	0.00305138	461	3	42301658	44141693	0.0080574337408313
psa	0.00221745	0.00460954	FALSE	0.00155708	461	3	42301658	44141693	0.00846390413407821
crohn	0.00162098	0.00280705	FALSE	0.000554117	461	3	42301658	44141693	0.00185591810794603
uc	0.00168141	0.00303563	FALSE	7.61112e-05	461	3	42301658	44141693	0.000445239
cad	0.000152331	0.000295722	FALSE	2.66646e-05	461	3	42301658	44141693	0.000115935247528517
psoriasis	0.000339841	0.0011888	FALSE	0.0293695	462	3	44141694	45844191	0.0517018092909535
psa	0.00202498	0.00420945	FALSE	0.00276903	462	3	44141694	45844191	0.013024038746988
crohn	0.000501543	0.000868522	FALSE	0.12813	462	3	44141694	45844191	0.161952364253394
uc	0.00118735	0.00214365	FALSE	0.00233395	462	3	44141694	45844191	0.00691680728744939
cad	9.57736e-05	0.000185926	FALSE	0.00321511	462	3	44141694	45844191	0.00678943358264081
psoriasis	2.1646e-05	7.57198e-05	FALSE	0.424227	463	3	45844192	47588461	0.433868522727273
crohn	0.0018642	0.00322824	FALSE	1.22594e-05	463	3	45844192	47588461	7.52403835164835e-05
uc	0.00184296	0.00332731	FALSE	1.48903e-06	463	3	45844192	47588461	1.76751885405405e-05
cad	9.12475e-05	0.00017714	FALSE	0.00152679	463	3	45844192	47588461	0.0037225679424307
psa	0.00129175	0.00268524	FALSE	0.00555292	464	3	47588462	50387742	0.0209418262015504
crohn	0.00384255	0.00665414	FALSE	5.34655e-18	464	3	47588462	50387742	4.97674695833333e-16
uc	0.00291248	0.00525822	FALSE	6.88842e-15	464	3	47588462	50387742	5.6025816e-13
cad	0.000209856	0.000407396	FALSE	3.75789e-12	464	3	47588462	50387742	9.87849934482759e-11
psoriasis	0.000147816	0.000517073	FALSE	0.0594603	465	3	50387743	51953968	0.0912204204545455
crohn	0.00170521	0.00295291	FALSE	4.1256e-08	465	3	50387743	51953968	5.48606571428572e-07
uc	0.000300422	0.000542385	FALSE	0.0750687	465	3	50387743	51953968	0.108098928
cad	8.01968e-05	0.000155687	FALSE	7.57102e-05	465	3	50387743	51953968	0.000291497015824916
psoriasis	0.000582721	0.00203841	FALSE	0.000824771	466	3	51953969	54074844	0.00267092257871064
crohn	0.0016814	0.00291169	FALSE	0.000232745	466	3	51953969	54074844	0.000893388883161512
uc	0.00133561	0.00241133	FALSE	0.000663757	466	3	51953969	54074844	0.00244565498657718
cad	0.000242666	0.00047109	FALSE	2.76161e-10	466	3	51953969	54074844	5.17688694262295e-09
psoriasis	0.000381032	0.00133289	FALSE	0.0157538	467	3	54074845	54892586	0.0307113790613718
psa	0.00363139	0.00754877	FALSE	1.06268e-06	467	3	54074845	54892586	5.04702219512195e-05
crohn	0.00115652	0.00200274	FALSE	0.00598178	467	3	54074845	54892586	0.0136082449287169
uc	9.77569e-05	0.000176491	FALSE	0.382734	467	3	54074845	54892586	0.400230411428571
cad	0.00013451	0.000261127	FALSE	8.13782e-05	467	3	54074845	54892586	0.000310786882470785
psoriasis	0.000442606	0.00154828	FALSE	0.0066806	468	3	54892587	55616625	0.0154870377682403
psa	3.46176e-05	7.19615e-05	FALSE	0.463363	468	3	54892587	55616625	0.468510109034268
crohn	0.00060742	0.00105187	FALSE	0.081757	468	3	54892587	55616625	0.111796250673195
uc	0.000390593	0.000705181	FALSE	0.147704	468	3	54892587	55616625	0.186949846685879
cad	6.63695e-05	0.000128844	FALSE	0.0225558	468	3	54892587	55616625	0.0355514228807719
psoriasis	0.000379903	0.00132894	FALSE	0.0127307	469	3	55616626	56954878	0.0257233975678204
crohn	0.000884079	0.00153096	FALSE	0.0196072	469	3	55616626	56954878	0.0353816516962843
uc	0.000977556	0.00176489	FALSE	0.00546551	469	3	55616626	56954878	0.0135772171493213
cad	0.000109109	0.000211815	FALSE	0.00053264	469	3	55616626	56954878	0.00155178048407643
psoriasis	0.000557186	0.00194909	FALSE	0.000421442	470	3	56954879	58557718	0.00156946120481928
crohn	0.000996424	0.00172551	FALSE	0.00747866	470	3	56954879	58557718	0.0162207052815534
uc	0.00144264	0.00260455	FALSE	7.74947e-05	470	3	56954879	58557718	0.000450207304761905
cad	7.77095e-05	0.000150859	FALSE	0.0052186	470	3	56954879	58557718	0.0102182690068493
psoriasis	0.000758412	0.002653	FALSE	0.000189165	471	3	58557719	59998583	0.00081803952
psa	0.00040301	0.00083776	FALSE	0.2875	471	3	58557719	59998583	0.338870381586917
crohn	0.00202427	0.00350543	FALSE	0.000110691	471	3	58557719	59998583	0.000483921123287671
uc	0.000921341	0.0016634	FALSE	0.0208232	471	3	58557719	59998583	0.0387377741335587
cad	6.84743e-05	0.00013293	FALSE	0.03459	471	3	58557719	59998583	0.0513681571057755
psoriasis	0.000623714	0.00218181	FALSE	0.000663613	472	3	59998584	60571139	0.002239693875
psa	0.00317049	0.00659068	FALSE	2.56866e-05	472	3	59998584	60571139	0.000390516590625
crohn	0.0007334	0.00127003	FALSE	0.0571462	472	3	59998584	60571139	0.0851665182121414
uc	0.00281779	0.00508727	FALSE	1.98272e-09	472	3	59998584	60571139	5.80540416e-08
cad	0.000121762	0.000236378	FALSE	0.000467138	472	3	59998584	60571139	0.00138207581630013
psoriasis	0.000441661	0.00154497	FALSE	0.00434146	473	3	60571140	61277587	0.0107540752293578
psa	0.00186149	0.00386959	FALSE	0.00250544	473	3	60571140	61277587	0.0122810736523929
crohn	0.00086146	0.00149179	FALSE	0.0199701	473	3	60571140	61277587	0.0359783898387097
uc	0.000245249	0.000442776	FALSE	0.232087	473	3	60571140	61277587	0.267635338582677
cad	4.49765e-05	8.73134e-05	FALSE	0.0666604	473	3	60571140	61277587	0.0895198677627716
psoriasis	0.000192778	0.000674356	FALSE	0.168158	474	3	61277588	62609818	0.209228847926267
psa	0.00215074	0.00447086	FALSE	0.00514722	474	3	61277588	62609818	0.0197954350197628
crohn	0.00151257	0.00261933	FALSE	0.0030838	474	3	61277588	62609818	0.00789141947308133
uc	0.00135237	0.00244159	FALSE	0.00263257	474	3	61277588	62609818	0.00758227281782438
cad	8.44015e-05	0.00016385	FALSE	0.0169402	474	3	61277588	62609818	0.027808705954089
psoriasis	0.000420203	0.00146991	FALSE	0.0145478	475	3	62609819	63670803	0.0288022438130156
psa	0.0032811	0.0068206	FALSE	2.25593e-05	475	3	62609819	63670803	0.000362813204958678
crohn	0.00185206	0.00320722	FALSE	0.000173444	475	3	62609819	63670803	0.000699411364620939
uc	0.000725772	0.00131032	FALSE	0.0425373	475	3	62609819	63670803	0.0680712052401747
cad	8.93e-05	0.000173359	FALSE	0.00727596	475	3	62609819	63670803	0.0134628806796116
psa	0.000863692	0.0017954	FALSE	0.106162	476	3	63670804	64662373	0.170877793217535
crohn	0.00225515	0.00390524	FALSE	6.2213e-06	476	3	63670804	64662373	4.26330803680982e-05
uc	0.00161501	0.00291576	FALSE	0.000124035	476	3	63670804	64662373	0.000651628851674641
cad	0.000164772	0.000319873	FALSE	7.26842e-06	476	3	63670804	64662373	3.81258636238532e-05
psoriasis	0.000443543	0.00155156	FALSE	0.00526888	477	3	64662374	65326751	0.012690710367893
psa	0.00112516	0.00233893	FALSE	0.0424432	477	3	64662374	65326751	0.0886206729613734
crohn	0.00111489	0.00193066	FALSE	0.00601194	477	3	64662374	65326751	0.013649058902439
uc	0.000348958	0.000630012	FALSE	0.16421	477	3	64662374	65326751	0.204540646625071
cad	0.000175493	0.000340687	FALSE	5.45074e-07	477	3	64662374	65326751	4.24008244217687e-06
psoriasis	0.000249463	0.000872646	FALSE	0.0966744	478	3	65326752	66702084	0.134028693196406
psa	0.000437881	0.000910247	FALSE	0.267848	478	3	65326752	66702084	0.32274440123839
crohn	0.00364616	0.00631406	FALSE	2.01834e-10	478	3	65326752	66702084	5.85580722077922e-09
uc	0.00102717	0.00185447	FALSE	0.0107783	478	3	65326752	66702084	0.0230693438596491
cad	0.000229014	0.000444589	FALSE	2.42308e-08	478	3	65326752	66702084	2.75636450246305e-07
psoriasis	3.96308e-05	0.000138632	FALSE	0.373522	479	3	66702085	67454740	0.393213684210526
psa	0.000142579	0.000296387	FALSE	0.381802	479	3	66702085	67454740	0.414150887402453
uc	0.000412197	0.000744185	FALSE	0.100836	479	3	66702085	67454740	0.137708865671642
cad	5.19003e-05	0.000100755	FALSE	0.0325588	479	3	66702085	67454740	0.0488912278871391
psoriasis	0.000410526	0.00143606	FALSE	0.00218212	480	3	67454741	68319770	0.00608963720930233
crohn	0.000587501	0.00101738	FALSE	0.0442894	480	3	67454741	68319770	0.0695798309423347
uc	0.000255912	0.000462027	FALSE	0.182772	480	3	67454741	68319770	0.221505139072848
cad	7.33862e-05	0.000142466	FALSE	0.00325201	480	3	67454741	68319770	0.00685469757603687
psoriasis	0.000436658	0.00152747	FALSE	0.012038	481	3	68319771	69784969	0.0247053586337761
crohn	0.00118002	0.00204345	FALSE	0.00884028	481	3	68319771	69784969	0.0185962198870057
uc	0.00171446	0.00309531	FALSE	9.21351e-05	481	3	68319771	69784969	0.000514831245801527
cad	9.94757e-05	0.000193114	FALSE	0.0036597	481	3	68319771	69784969	0.00756757133815552
psoriasis	0.000493085	0.00172486	FALSE	0.00344035	482	3	69784970	71223281	0.00892095558223289
psa	0.0032957	0.00685095	FALSE	7.09041e-06	482	3	69784970	71223281	0.000165563826666667
crohn	0.00196417	0.00340136	FALSE	3.17449e-05	482	3	69784970	71223281	0.000170728616826923
uc	0.00139703	0.00252221	FALSE	0.000431955	482	3	69784970	71223281	0.00170914086486486
cad	0.000102462	0.00019891	FALSE	0.00159005	482	3	69784970	71223281	0.00384402151162791
psoriasis	0.00133637	0.00467473	FALSE	1.19735e-08	483	3	71223282	72334704	1.97425648854962e-07
crohn	0.00208306	0.00360723	FALSE	0.000144815	483	3	71223282	72334704	0.000606973189493433
uc	0.00303559	0.0054805	FALSE	7.33524e-09	483	3	71223282	72334704	1.85151575172414e-07
cad	0.0001581	0.000306921	FALSE	9.95879e-05	483	3	71223282	72334704	0.000368539688187702
psoriasis	0.000303531	0.00106178	FALSE	0.0594622	484	3	72334705	73606612	0.0912204204545455
psa	0.00245724	0.005108	FALSE	0.00111255	484	3	72334705	73606612	0.00656067363636364
crohn	0.000326345	0.000565131	FALSE	0.242936	484	3	72334705	73606612	0.271359512
uc	0.00126141	0.00227737	FALSE	0.00284046	484	3	72334705	73606612	0.00808827761658031
cad	0.000210417	0.000408485	FALSE	2.02666e-07	484	3	72334705	73606612	1.7690730610687e-06
psoriasis	5.04141e-05	0.000176353	FALSE	0.357089	485	3	73606613	74383137	0.379811166912851
psa	2.24267e-05	4.66197e-05	FALSE	0.468325	485	3	73606613	74383137	0.471962946659762
crohn	0.000924315	0.00160064	FALSE	0.0140103	485	3	73606613	74383137	0.0267512907692308
uc	0.00113875	0.00205592	FALSE	0.00143834	485	3	73606613	74383137	0.00465183304860088
cad	6.10479e-05	0.000118513	FALSE	0.0232426	485	3	73606613	74383137	0.0365081223901099
psoriasis	0.00029565	0.00103421	FALSE	0.0118	486	3	74383138	75374967	0.0243206106870229
psa	0.00133633	0.0027779	FALSE	0.00483229	486	3	74383138	75374967	0.0190357010931174
uc	0.000421043	0.000760156	FALSE	0.0636723	486	3	74383138	75374967	0.0946037691474966
cad	7.79434e-05	0.000151313	FALSE	0.00115038	486	3	74383138	75374967	0.00295739935955056
psoriasis	0.000145548	0.00050914	FALSE	0.0351302	487	3	75374968	76157470	0.0596550566037736
psa	0.000277564	0.000576989	FALSE	0.153131	487	3	75374968	76157470	0.219435144329897
crohn	0.000442102	0.000765589	FALSE	0.0158462	487	3	75374968	76157470	0.0296485852596315
uc	0.000385248	0.000695531	FALSE	0.0162053	487	3	75374968	76157470	0.0317739632142857
psoriasis	0.000293075	0.0010252	FALSE	0.0415521	488	3	76157471	77507832	0.0686706472838562
psa	0.000704891	0.0014653	FALSE	0.133887	488	3	76157471	77507832	0.199698370881226
crohn	0.00206775	0.00358072	FALSE	8.91535e-06	488	3	76157471	77507832	5.78979415697674e-05
uc	0.000501677	0.000905733	FALSE	0.0879435	488	3	76157471	77507832	0.122774269548633
cad	4.29474e-05	8.33744e-05	FALSE	0.0842986	488	3	76157471	77507832	0.108737111223914
psoriasis	4.89252e-05	0.000171145	FALSE	0.361069	489	3	77507833	79023360	0.383247685503685
psa	0.00115749	0.00240614	FALSE	0.0337592	489	3	77507833	79023360	0.0749947525114155
crohn	0.000517238	0.000895702	FALSE	0.0988728	489	3	77507833	79023360	0.130467711281748
uc	0.000719058	0.0012982	FALSE	0.0246257	489	3	77507833	79023360	0.0442537129296236
psoriasis	2.80094e-05	9.79794e-05	FALSE	0.379423	490	3	79023361	80385708	0.398421818181818
psa	0.000240761	0.000500483	FALSE	0.275103	490	3	79023361	80385708	0.328631645398773
crohn	1.61795e-05	2.8018e-05	FALSE	0.454059	490	3	79023361	80385708	0.459104184615385
uc	0.0002055	0.000371012	FALSE	0.197786	490	3	79023361	80385708	0.236277181076672
psoriasis	0.000116282	0.000406766	FALSE	0.114603	491	3	80385709	81431496	0.153291789473684
psa	0.000360656	0.000749715	FALSE	0.163596	491	3	80385709	81431496	0.230027323699422
crohn	0.000372492	0.000645045	FALSE	0.0718366	491	3	80385709	81431496	0.101243865825977
uc	0.000555752	0.00100336	FALSE	0.0102454	491	3	80385709	81431496	0.0220577435294118
cad	3.53335e-05	6.85933e-05	FALSE	0.0341114	491	3	80385709	81431496	0.0508557834419818
psa	0.000335149	0.000696692	FALSE	0.206754	492	3	81431497	82532742	0.268050155896069
crohn	0.000129838	0.000224841	FALSE	0.302766	492	3	81431497	82532742	0.326123068466731
uc	4.35781e-05	7.86765e-05	FALSE	0.406027	492	3	81431497	82532742	0.418608118309859
cad	6.40933e-05	0.000124425	FALSE	0.0029315	492	3	81431497	82532742	0.00628744955014058
psa	3.79087e-05	7.88029e-05	FALSE	0.431383	493	3	82532743	83529394	0.447833104477612
crohn	0.00048977	0.000848135	FALSE	0.0295614	493	3	82532743	83529394	0.0498416359245283
cad	1.9486e-05	3.78285e-05	FALSE	0.134743	493	3	82532743	83529394	0.160797454877413
psoriasis	1.1613e-05	4.06232e-05	FALSE	0.427928	494	3	83529395	84698480	0.43744651206815
psa	0.000380959	0.000791921	FALSE	0.160583	494	3	83529395	84698480	0.226609512690355
cad	4.68299e-05	9.09115e-05	FALSE	0.01215	494	3	83529395	84698480	0.0207057004470939
psoriasis	2.01261e-05	7.0403e-05	FALSE	0.40334	495	3	84698481	85807679	0.416450478011472
crohn	0.000511253	0.000885337	FALSE	0.0413225	495	3	84698481	85807679	0.0656575142247511
uc	0.000271632	0.000490409	FALSE	0.132817	495	3	84698481	85807679	0.172555472501478
cad	6.55403e-05	0.000127234	FALSE	0.00249098	495	3	84698481	85807679	0.00547776082692308
crohn	0.000156908	0.000271717	FALSE	0.252399	496	3	85807680	86660979	0.280527047761194
uc	0.000694142	0.00125321	FALSE	0.00312194	496	3	85807680	86660979	0.00868920182509506
cad	3.46658e-05	6.72972e-05	FALSE	0.0400486	496	3	85807680	86660979	0.0578957953223767
crohn	0.000210673	0.000364823	FALSE	0.183011	497	3	86660980	87411258	0.216435454737957
uc	0.000369519	0.000667134	FALSE	0.048575	497	3	86660980	87411258	0.076084664764622
cad	6.07862e-05	0.000118005	FALSE	0.00166345	497	3	86660980	87411258	0.0039586994276795
psa	1.49271e-05	3.10298e-05	FALSE	0.456959	498	3	87411259	88375763	0.464639526645768
crohn	0.000596176	0.0010324	FALSE	0.0139982	498	3	87411259	88375763	0.0267510511548332
uc	0.000645644	0.00116565	FALSE	0.00426223	498	3	87411259	88375763	0.0110589730342385
cad	1.19603e-05	2.32187e-05	FALSE	0.239704	498	3	87411259	88375763	0.26129792564347
psoriasis	0.000164259	0.000574594	FALSE	0.0797622	499	3	88375764	89612939	0.11470462849534
psa	0.000116034	0.000241207	FALSE	0.376239	499	3	88375764	89612939	0.410864811447811
crohn	9.43329e-05	0.000163356	FALSE	0.35316	499	3	88375764	89612939	0.371624795101272
uc	0.000369754	0.000667558	FALSE	0.079583	499	3	88375764	89612939	0.113116031067961
cad	1.70778e-05	3.31533e-05	FALSE	0.204977	499	3	88375764	89612939	0.228451461500975
crohn	0.00032367	0.000560499	FALSE	0.103912	500	3	89612940	94250144	0.136152145454545
uc	0.000145214	0.000262171	FALSE	0.242065	500	3	89612940	94250144	0.27642992199688
cad	2.94157e-05	5.71052e-05	FALSE	0.0647384	500	3	89612940	94250144	0.0873490978171091
psa	0.000196233	0.000407921	FALSE	0.262286	501	3	94250145	95088587	0.317418256218905
crohn	6.92401e-05	0.000119903	FALSE	0.350634	501	3	94250145	95088587	0.369488847169811
uc	0.000151825	0.000274106	FALSE	0.205486	501	3	94250145	95088587	0.243522534268753
psoriasis	6.44129e-06	2.25322e-05	FALSE	0.448928	503	3	96055533	97351955	0.456322108235294
psa	0.000174666	0.000363088	FALSE	0.308841	503	3	96055533	97351955	0.35689108432304
uc	0.000375305	0.00067758	FALSE	0.0563683	503	3	96055533	97351955	0.0860213945795692
psoriasis	0.000238674	0.000834904	FALSE	0.0278431	504	3	97351956	98212868	0.049377174733388
uc	0.000751731	0.00135718	FALSE	0.00505758	504	3	97351956	98212868	0.0126641341847206
psoriasis	0.000426831	0.0014931	FALSE	0.000616777	505	3	98212869	99045104	0.00211802594594595
crohn	9.70728e-05	0.000168101	FALSE	0.349779	505	3	98212869	99045104	0.368761815007079
uc	0.000228803	0.000413084	FALSE	0.179841	505	3	98212869	99045104	0.21891504265928
cad	3.26168e-05	6.33194e-05	FALSE	0.070759	505	3	98212869	99045104	0.094084786627907
psoriasis	0.000337394	0.00118024	FALSE	0.00865511	506	3	99045105	100552522	0.0188458040322581
psa	0.000292055	0.000607112	FALSE	0.270671	506	3	99045105	100552522	0.324594718422674
crohn	0.000638052	0.00110492	FALSE	0.0346596	506	3	99045105	100552522	0.0566834161054173
cad	9.29716e-05	0.000180487	FALSE	0.000466619	506	3	99045105	100552522	0.00138207581630013
psoriasis	0.00173262	0.00606087	FALSE	1.10858e-18	507	3	100552523	101906989	7.04274352941177e-17
psa	0.00135318	0.00281293	FALSE	0.0101585	507	3	100552523	101906989	0.0322486802610114
crohn	0.00100787	0.00174534	FALSE	0.00464123	507	3	100552523	101906989	0.0109603676744186
uc	0.00144668	0.00261186	FALSE	3.30964e-05	507	3	100552523	101906989	0.000220241498181818
cad	1.5203e-05	2.95137e-05	FALSE	0.267761	507	3	100552523	101906989	0.287093017815284
psoriasis	5.58515e-05	0.000195374	FALSE	0.315946	508	3	101906990	103450271	0.34484252652855
psa	0.000316045	0.00065698	FALSE	0.252633	508	3	101906990	103450271	0.309491105660377
crohn	0.000309635	0.000536196	FALSE	0.168837	508	3	101906990	103450271	0.202459397745572
cad	5.59082e-05	0.000108535	FALSE	0.0156948	508	3	101906990	103450271	0.025991316147719
crohn	0.00128987	0.00223366	FALSE	8.84036e-05	509	3	103450272	104116563	0.000399784701214575
uc	0.000318932	0.000575803	FALSE	0.105695	509	3	103450272	104116563	0.143452546353523
cad	5.36565e-06	1.04164e-05	FALSE	0.378378	509	3	103450272	104116563	0.387701830645161
psoriasis	0.000109001	0.000381295	FALSE	0.159329	510	3	104116564	104878977	0.200320512223516
uc	0.000164969	0.000297838	FALSE	0.240689	510	3	104116564	104878977	0.275144739198334
cad	1.59587e-05	3.09808e-05	FALSE	0.212515	510	3	104116564	104878977	0.235818440077632
psoriasis	0.000754904	0.00264073	FALSE	9.2924e-06	511	3	104878978	106174685	6.690528e-05
psa	0.00174156	0.00362027	FALSE	0.00339944	511	3	104878978	106174685	0.015034796
crohn	0.000330091	0.00057162	FALSE	0.190921	511	3	104878978	106174685	0.223658895647614
uc	0.000871603	0.0015736	FALSE	0.00827749	511	3	104878978	106174685	0.0185862658895706
cad	0.000132356	0.000256945	FALSE	2.85928e-05	511	3	104878978	106174685	0.000122686179362101
psoriasis	0.000714246	0.0024985	FALSE	0.000117478	512	3	106174686	107736519	0.00054453321888412
crohn	0.00146665	0.00253981	FALSE	0.00122956	512	3	106174686	107736519	0.00362858261558785
uc	0.00167458	0.00302331	FALSE	6.43719e-05	512	3	106174686	107736519	0.000387289568219178
cad	6.38338e-05	0.000123921	FALSE	0.0301387	512	3	106174686	107736519	0.0455566469927297
crohn	0.000362381	0.000627536	FALSE	0.122592	513	3	107736520	108638900	0.156408068532267
uc	0.000536906	0.000969336	FALSE	0.0312685	513	3	107736520	108638900	0.0532291674418605
cad	2.14351e-05	4.16122e-05	FALSE	0.169977	513	3	107736520	108638900	0.194660690535804
crohn	6.90721e-05	0.000119612	FALSE	0.377021	514	3	108638901	109519606	0.392664295571096
cad	5.14002e-05	9.97839e-05	FALSE	0.0100666	514	3	108638901	109519606	0.0176822689708141
psa	0.00042806	0.000889833	FALSE	0.169472	515	3	109519607	110935508	0.235474334047109
crohn	0.000412344	0.000714057	FALSE	0.0880397	515	3	109519607	110935508	0.118411011318483
uc	0.000386594	0.000697961	FALSE	0.0752234	515	3	109519607	110935508	0.108250711926606
cad	1.36283e-05	2.64568e-05	FALSE	0.254391	515	3	109519607	110935508	0.275209184957427
psoriasis	2.77802e-05	9.71779e-05	FALSE	0.391716	516	3	110935509	111693782	0.407644855491329
crohn	0.000347625	0.000601983	FALSE	0.136952	516	3	110935509	111693782	0.170922216759777
cad	5.46658e-06	1.06124e-05	FALSE	0.388027	516	3	110935509	111693782	0.396877347495528
psoriasis	0.000341766	0.00119553	FALSE	0.00668237	517	3	111693783	112408513	0.0154870377682403
crohn	0.000768117	0.00133015	FALSE	0.0133209	517	3	111693783	112408513	0.0257284585998271
uc	0.000818452	0.00147764	FALSE	0.00423499	517	3	111693783	112408513	0.0110190024170616
cad	1.00294e-05	1.94703e-05	FALSE	0.318749	517	3	111693783	112408513	0.332260238377393
psoriasis	0.000187824	0.000657025	FALSE	0.112531	518	3	112408514	113657665	0.151349290161893
psa	0.00127454	0.00264947	FALSE	0.0218749	518	3	112408514	113657665	0.0551406158031088
crohn	0.00151117	0.0026169	FALSE	0.000309075	518	3	112408514	113657665	0.00114316812913907
uc	0.00101299	0.00182886	FALSE	0.00342481	518	3	112408514	113657665	0.00935433179104478
cad	7.15326e-05	0.000138867	FALSE	0.0103572	518	3	112408514	113657665	0.0180403019040366
psoriasis	0.000834479	0.00291909	FALSE	6.86634e-05	519	3	113657666	115649909	0.000349794679245283
psa	0.00111503	0.00231787	FALSE	0.0767312	519	3	113657666	115649909	0.134497825
crohn	0.00215055	0.00372411	FALSE	6.05993e-05	519	3	113657666	115649909	0.000294301817826087
uc	0.00320115	0.0057794	FALSE	5.69129e-10	519	3	113657666	115649909	1.98382108571429e-08
cad	0.000203008	0.000394101	FALSE	8.99185e-07	519	3	113657666	115649909	6.57008337060703e-06
psoriasis	0.000197906	0.000692293	FALSE	0.0650802	520	3	115649910	116498570	0.0975525551700208
psa	0.000793099	0.00164866	FALSE	0.0609588	520	3	115649910	116498570	0.114503691891892
psoriasis	0.000761737	0.00266463	FALSE	8.95324e-06	521	3	116498571	117241644	6.46789244147157e-05
psa	0.00125128	0.00260111	FALSE	0.0229134	521	3	116498571	117241644	0.0572393792041078
crohn	0.00040246	0.00069694	FALSE	0.148863	521	3	116498571	117241644	0.183127721365639
uc	0.00057439	0.00103701	FALSE	0.0514779	521	3	116498571	117241644	0.0800605300283286
cad	0.000108782	0.000211181	FALSE	0.000367734	521	3	116498571	117241644	0.00113343350134771
psoriasis	0.000376226	0.00131607	FALSE	0.00253293	522	3	117241645	118086929	0.00690799090909091
psa	0.000225304	0.000468353	FALSE	0.299192	522	3	117241645	118086929	0.348639300598802
crohn	0.000355257	0.000615199	FALSE	0.12404	522	3	117241645	118086929	0.157894792022792
uc	0.000617147	0.0011142	FALSE	0.0165925	522	3	117241645	118086929	0.0323310825199645
cad	4.1823e-05	8.11916e-05	FALSE	0.0392065	522	3	117241645	118086929	0.0568942039974619
psoriasis	8.95038e-05	0.000313093	FALSE	0.213032	523	3	118086930	118903053	0.252829186813187
psa	0.000571048	0.00118707	FALSE	0.109123	523	3	118086930	118903053	0.172645006504065
crohn	0.000620026	0.0010737	FALSE	0.0265245	523	3	118086930	118903053	0.0455997206153846
uc	0.000479652	0.000865969	FALSE	0.0415681	523	3	118086930	118903053	0.0667757368421053
cad	1.32695e-05	2.57602e-05	FALSE	0.260737	523	3	118086930	118903053	0.280550494123178
psoriasis	0.000278118	0.000972883	FALSE	0.0217395	524	3	118903054	119759983	0.0399636765957447
psa	0.00105397	0.00219094	FALSE	0.0251478	524	3	118903054	119759983	0.0610194748129676
uc	0.000221964	0.000400737	FALSE	0.214385	524	3	118903054	119759983	0.251490096153846
cad	4.36273e-05	8.46942e-05	FALSE	0.0438233	524	3	118903054	119759983	0.0628362928526646
psoriasis	6.40965e-05	0.000224216	FALSE	0.281655	525	3	119759984	120574477	0.315011180124224
uc	0.000286413	0.000517093	FALSE	0.141872	525	3	119759984	120574477	0.181450735002912
cad	4.96657e-05	9.64167e-05	FALSE	0.0201978	525	3	119759984	120574477	0.0323372837648705
psoriasis	0.000184657	0.000645949	FALSE	0.0220543	526	3	120574478	121362442	0.0404769685641461
crohn	0.000279278	0.000483626	FALSE	0.0993779	526	3	120574478	121362442	0.130979485899705
uc	1.07108e-05	1.93374e-05	FALSE	0.445772	526	3	120574478	121362442	0.451737568989386
cad	1.44289e-05	2.80111e-05	FALSE	0.171701	526	3	120574478	121362442	0.1963400935
psoriasis	0.000493664	0.00172689	FALSE	0.000219566	527	3	121362443	122340832	0.000928106771037182
psa	0.000714776	0.00148584	FALSE	0.0706348	527	3	121362443	122340832	0.126570276979742
crohn	0.000966318	0.00167337	FALSE	0.00262552	527	3	121362443	122340832	0.00688428600938967
uc	0.000139415	0.000251702	FALSE	0.287826	527	3	121362443	122340832	0.318581600806452
cad	9.39324e-05	0.000182352	FALSE	0.000202969	527	3	121362443	122340832	0.000691788529061103
psoriasis	0.000931655	0.00325902	FALSE	4.47871e-07	528	3	122340833	123518507	5.17326930481283e-06
psa	0.00114373	0.00237754	FALSE	0.0372169	528	3	122340833	123518507	0.0803298875831485
crohn	0.00124174	0.00215032	FALSE	0.00242207	528	3	122340833	123518507	0.00643389343638526
uc	0.0011761	0.00212334	FALSE	0.00126584	528	3	122340833	123518507	0.00419273701357466
cad	7.19604e-05	0.000139698	FALSE	0.0115328	528	3	122340833	123518507	0.0197865818454614
psoriasis	2.76679e-05	9.67849e-05	FALSE	0.417879	529	3	123518508	124823006	0.428187210626186
psa	0.00047453	0.000986433	FALSE	0.224123	529	3	123518508	124823006	0.284317704041721
crohn	0.000412305	0.000713989	FALSE	0.162189	529	3	123518508	124823006	0.19606613961039
uc	0.00162119	0.00292691	FALSE	5.73992e-05	529	3	123518508	124823006	0.000353111878991597
cad	0.000344767	0.0006693	FALSE	4.90665e-17	529	3	123518508	124823006	2.8053771375e-15
psa	0.00193241	0.00401701	FALSE	0.000194902	530	3	124823007	125475722	0.00180609186666667
uc	0.000255887	0.000461981	FALSE	0.164925	530	3	124823007	125475722	0.205314795918367
cad	6.31895e-05	0.000122671	FALSE	0.00547158	530	3	124823007	125475722	0.0105942469458545
psoriasis	0.000179497	0.000627897	FALSE	0.0396526	531	3	125475723	125992650	0.0661386996138996
uc	0.000451185	0.000814575	FALSE	0.0262984	531	3	125475723	125992650	0.0466865694421989
cad	6.16315e-05	0.000119646	FALSE	0.00171944	531	3	125475723	125992650	0.00403732985626283
psoriasis	0.000650586	0.00227581	FALSE	0.000643342	532	3	125992651	127495173	0.00218837593700787
psa	0.000482832	0.00100369	FALSE	0.243741	532	3	125992651	127495173	0.301346878017789
crohn	0.00104395	0.00180781	FALSE	0.0174304	532	3	125992651	127495173	0.0321814161983471
uc	0.00114374	0.00206492	FALSE	0.00481266	532	3	125992651	127495173	0.0121060725773196
cad	0.000151775	0.000294642	FALSE	4.93692e-05	532	3	125992651	127495173	0.000198431213356766
psoriasis	7.93048e-05	0.000277416	FALSE	0.284015	533	3	127495174	129091975	0.31704
psa	0.000725137	0.00150738	FALSE	0.106506	533	3	127495174	129091975	0.171090650165016
crohn	0.000727575	0.00125994	FALSE	0.0329091	533	3	127495174	129091975	0.054203556816507
uc	0.000547224	0.000987964	FALSE	0.0546352	533	3	127495174	129091975	0.0839013281118881
cad	0.000105213	0.000204251	FALSE	0.000396758	533	3	127495174	129091975	0.00120502728552457
psoriasis	2.94909e-05	0.000103162	FALSE	0.384822	534	3	129091976	130242360	0.402136197387518
crohn	0.000230724	0.000399545	FALSE	0.220879	534	3	129091976	130242360	0.250098168271668
uc	6.68934e-05	0.00012077	FALSE	0.383495	534	3	129091976	130242360	0.400644633682207
cad	4.88153e-05	9.47658e-05	FALSE	0.0234968	534	3	129091976	130242360	0.0368315158327622
psoriasis	0.000328733	0.00114994	FALSE	0.00718452	535	3	130242361	131373470	0.0162436744769874
psa	0.000572767	0.00119064	FALSE	0.116748	535	3	130242361	131373470	0.181462945686901
crohn	9.51134e-05	0.000164708	FALSE	0.361307	535	3	130242361	131373470	0.378941332707649
cad	1.09881e-05	2.13313e-05	FALSE	0.300595	535	3	130242361	131373470	0.317533840646651
psa	0.000132973	0.000276418	FALSE	0.377963	536	3	131373471	132124018	0.411592612199217
crohn	0.000623304	0.00107938	FALSE	0.0369562	536	3	131373471	132124018	0.059807140333092
uc	0.000905767	0.00163528	FALSE	0.00257129	536	3	131373471	132124018	0.00743946355731225
cad	1.37466e-05	2.66864e-05	FALSE	0.273719	536	3	131373471	132124018	0.292384564689397
psa	0.0004559	0.000947705	FALSE	0.154235	537	3	132124019	132925967	0.220368069016153
crohn	0.000879972	0.00152385	FALSE	0.00394516	537	3	132124019	132925967	0.00956947604777416
cad	0.000144013	0.000279574	FALSE	1.27612e-07	537	3	132124019	132925967	1.1911272398374e-06
psoriasis	0.000389801	0.00136356	FALSE	0.00984509	538	3	132925968	133718493	0.0209924920039487
psa	0.000654992	0.00136157	FALSE	0.141058	538	3	132925968	133718493	0.207012720965309
crohn	0.000594296	0.00102914	FALSE	0.0730767	538	3	132925968	133718493	0.102739677658905
uc	0.000559046	0.00100931	FALSE	0.0603644	538	3	132925968	133718493	0.0909816214138641
cad	2.63893e-05	5.12299e-05	FALSE	0.180867	538	3	132925968	133718493	0.204773677722772
psoriasis	0.000613429	0.00214583	FALSE	0.00122365	539	3	133718494	135288394	0.00373316949152542
psa	0.00241535	0.00502093	FALSE	0.00116385	539	3	133718494	135288394	0.00674063125
crohn	0.000952932	0.00165019	FALSE	0.0276568	539	3	133718494	135288394	0.0472003752482811
uc	0.00101267	0.00182828	FALSE	0.0110238	539	3	133718494	135288394	0.0234803732298739
cad	0.000239232	0.000464425	FALSE	5.79418e-09	539	3	133718494	135288394	7.7042381744186e-08
psoriasis	0.000659733	0.00230781	FALSE	3.29166e-05	540	3	135288395	137372141	0.000188131428571429
psa	0.000489194	0.00101691	FALSE	0.181525	540	3	135288395	137372141	0.246509176552687
crohn	0.00104752	0.00181398	FALSE	0.00390672	540	3	135288395	137372141	0.00948653530434783
cad	0.000210488	0.000408624	FALSE	2.85018e-10	540	3	135288395	137372141	5.29948102439024e-09
psoriasis	0.000150024	0.000524798	FALSE	0.127167	541	3	137372142	138693846	0.166553018181818
crohn	0.000570325	0.000987633	FALSE	0.0511202	541	3	137372142	138693846	0.0781673694729637
uc	0.000788465	0.0014235	FALSE	0.00702612	541	3	137372142	138693846	0.0164667657630736
cad	0.000283244	0.000549866	FALSE	2.72454e-16	541	3	137372142	138693846	1.32574957021277e-14
psoriasis	0.000590532	0.00206574	FALSE	0.000287231	542	3	138693847	139831267	0.00113838341284404
crohn	0.000798593	0.00138292	FALSE	0.0259193	542	3	138693847	139831267	0.0448171178018576
cad	6.09174e-05	0.00011826	FALSE	0.0223302	542	3	138693847	139831267	0.0352201154482759
psoriasis	0.000718266	0.00251256	FALSE	8.0982e-05	543	3	139831268	141034637	0.000401195229357798
psa	0.000987395	0.00205255	FALSE	0.0712068	543	3	139831268	141034637	0.127243739944904
crohn	0.00274605	0.00475533	FALSE	4.97956e-08	543	3	139831268	141034637	6.54372767058824e-07
uc	0.00100342	0.00181158	FALSE	0.00661365	543	3	139831268	141034637	0.0157351846153846
cad	0.00013517	0.000262408	FALSE	8.24896e-05	543	3	139831268	141034637	0.000313899692512479
psoriasis	0.000155904	0.000545366	FALSE	0.137158	544	3	141034638	141898978	0.176556185935638
crohn	0.00197363	0.00341773	FALSE	2.78983e-06	544	3	141034638	141898978	2.17176714285714e-05
uc	0.00141922	0.00256227	FALSE	6.06467e-05	544	3	141034638	141898978	0.000368920091966759
cad	8.5162e-05	0.000165326	FALSE	0.0020591	544	3	141034638	141898978	0.00468107524850895
crohn	6.5431e-05	0.000113307	FALSE	0.408365	545	3	141898979	142976707	0.42053145437788
uc	0.000723179	0.00130564	FALSE	0.0146668	545	3	141898979	142976707	0.0293603398359161
cad	7.13546e-05	0.000138522	FALSE	0.00599515	545	3	141898979	142976707	0.0114257567083333
psoriasis	0.000250154	0.000875062	FALSE	0.0835067	546	3	142976708	144408821	0.119216438863186
psa	0.0025399	0.00527984	FALSE	0.000473897	546	3	142976708	144408821	0.00351986092366412
crohn	0.000866634	0.00150075	FALSE	0.0337816	546	3	142976708	144408821	0.0554504734753858
uc	0.00166146	0.00299962	FALSE	0.000102507	546	3	142976708	144408821	0.000555815733333333
cad	9.6687e-05	0.0001877	FALSE	0.00377242	546	3	142976708	144408821	0.00776554864086409
psoriasis	0.000237227	0.000829841	FALSE	0.0180201	547	3	144408822	145211907	0.0342635704225352
psa	0.000373367	0.000776138	FALSE	0.17097	547	3	144408822	145211907	0.236826122419929
crohn	4.4226e-05	7.65862e-05	FALSE	0.408484	547	3	144408822	145211907	0.42053145437788
cad	9.83005e-05	0.000190832	FALSE	2.11532e-05	547	3	144408822	145211907	9.43028623781676e-05
psoriasis	0.000118956	0.000416119	FALSE	0.151125	548	3	145211908	145903838	0.19223872866392
psa	0.000768129	0.00159675	FALSE	0.0531071	548	3	145211908	145903838	0.104026425352113
crohn	0.00089418	0.00154845	FALSE	0.00369071	548	3	145211908	145903838	0.00912062626106195
uc	0.000203861	0.000368052	FALSE	0.209004	548	3	145211908	145903838	0.247002158149543
cad	2.34658e-05	4.55545e-05	FALSE	0.141411	548	3	145211908	145903838	0.167308306777031
psa	0.000625603	0.00130048	FALSE	0.148632	549	3	145903839	147358243	0.215366993298585
crohn	0.00215345	0.00372914	FALSE	1.97175e-06	549	3	145903839	147358243	1.61203483211679e-05
uc	0.000174909	0.000315783	FALSE	0.294563	549	3	145903839	147358243	0.325055451256281
cad	5.95108e-05	0.000115529	FALSE	0.0258638	549	3	145903839	147358243	0.0398693664199192
psoriasis	7.15856e-05	0.000250413	FALSE	0.324714	550	3	147358244	148638308	0.353519274193548
psa	0.000753466	0.00156627	FALSE	0.127527	550	3	147358244	148638308	0.193126491828794
crohn	0.00115725	0.00200402	FALSE	0.00632391	550	3	147358244	148638308	0.0142272053776435
cad	0.00010762	0.000208924	FALSE	0.00105808	550	3	147358244	148638308	0.0027799259586682
psoriasis	0.000332422	0.00116284	FALSE	0.0424069	551	3	148638309	149998411	0.069816237804878
psa	0.00211373	0.00439393	FALSE	0.00329044	551	3	148638309	149998411	0.0148566038051044
crohn	0.00235715	0.00408187	FALSE	6.35352e-06	551	3	148638309	149998411	4.31421388449848e-05
uc	0.00175076	0.00316085	FALSE	7.96206e-05	551	3	148638309	149998411	0.000457714234554974
cad	0.000249825	0.000484988	FALSE	1.32954e-09	551	3	148638309	149998411	2.12633425174825e-08
psoriasis	0.000497045	0.00173871	FALSE	0.00293118	552	3	149998412	151131307	0.0077972275862069
psa	0.00108688	0.00225935	FALSE	0.0512898	552	3	149998412	151131307	0.101124570212766
crohn	0.00120629	0.00208894	FALSE	0.00413924	552	3	149998412	151131307	0.00995378058127018
uc	0.000726944	0.00131243	FALSE	0.0300335	552	3	149998412	151131307	0.0517282870588235
cad	0.000154361	0.000299663	FALSE	8.84564e-06	552	3	149998412	151131307	4.51562024107143e-05
psoriasis	0.000260127	0.000909949	FALSE	0.0245524	553	3	151131308	151904021	0.0443050827067669
psa	0.00244652	0.00508572	FALSE	1.41875e-05	553	3	151131308	151904021	0.000267625521153846
crohn	0.0009456	0.0016375	FALSE	0.00375923	553	3	151131308	151904021	0.0092287030989011
uc	0.000650603	0.00117461	FALSE	0.0152807	553	3	151131308	151904021	0.0303953054347826
cad	2.61115e-05	5.06905e-05	FALSE	0.132542	553	3	151131308	151904021	0.158703431413613
psoriasis	0.000293648	0.00102721	FALSE	0.0395739	554	3	151904022	153406718	0.0660584420401855
psa	0.000659225	0.00137037	FALSE	0.146368	554	3	151904022	153406718	0.212879019431988
crohn	1.49992e-05	2.59741e-05	FALSE	0.469317	554	3	151904022	153406718	0.470857381230355
uc	0.00149108	0.00269202	FALSE	0.000128629	554	3	151904022	153406718	0.000666201141509434
cad	0.000152379	0.000295815	FALSE	7.67531e-06	554	3	151904022	153406718	4.00763332648402e-05
psoriasis	0.000389646	0.00136302	FALSE	0.00969394	555	3	153406719	155046423	0.0207110884272997
psa	0.000744087	0.00154678	FALSE	0.108113	555	3	153406719	155046423	0.172142493887531
crohn	0.000704016	0.00121915	FALSE	0.0414893	555	3	153406719	155046423	0.0658289035511364
uc	0.000961623	0.00173613	FALSE	0.00479781	555	3	153406719	155046423	0.0120964302640643
cad	0.000303102	0.000588416	FALSE	1.91948e-15	555	3	153406719	155046423	8.77970152e-14
psoriasis	0.000106101	0.000371153	FALSE	0.170093	556	3	155046424	155928190	0.210907508610792
crohn	0.000614724	0.00106452	FALSE	0.0240003	556	3	155046424	155928190	0.0420852984301413
uc	0.000509378	0.000919637	FALSE	0.0298442	556	3	155046424	155928190	0.0515234773584906
cad	6.5879e-05	0.000127892	FALSE	0.00307221	556	3	155046424	155928190	0.00653594815813954
psoriasis	0.000333001	0.00116487	FALSE	0.00908789	557	3	155928191	156795410	0.0196298424
crohn	0.00169502	0.00293526	FALSE	1.00393e-05	557	3	155928191	156795410	6.3534833427762e-05
uc	0.000352073	0.000635637	FALSE	0.114617	557	3	155928191	156795410	0.152637314736204
cad	7.84793e-06	1.52353e-05	FALSE	0.356177	557	3	155928191	156795410	0.366770162916292
psoriasis	9.27224e-05	0.000324352	FALSE	0.202639	558	3	156795411	157633700	0.242920887902331
psa	2.44747e-05	5.08769e-05	FALSE	0.455936	558	3	156795411	157633700	0.464043648535565
crohn	0.000947802	0.00164131	FALSE	0.00231357	558	3	156795411	157633700	0.0061750482437276
cad	0.00017261	0.000335089	FALSE	1.41981e-09	558	3	156795411	157633700	2.23938308275862e-08
psoriasis	4.81386e-05	0.000168394	FALSE	0.24986	559	3	157633701	158460058	0.287378913738019
psa	0.000378847	0.000787531	FALSE	0.111343	559	3	157633701	158460058	0.175133717514124
uc	2.39781e-05	4.32904e-05	FALSE	0.413143	559	3	157633701	158460058	0.424350808231993
cad	9.832e-06	1.9087e-05	FALSE	0.235591	559	3	157633701	158460058	0.25755096414914
psa	0.000815216	0.00169464	FALSE	0.0664203	560	3	158460059	159478751	0.121137679287723
crohn	0.000513767	0.00088969	FALSE	0.0732332	560	3	158460059	159478751	0.102809325502513
uc	0.00027638	0.00049898	FALSE	0.175731	560	3	158460059	159478751	0.215108849498328
cad	1.40131e-05	2.72039e-05	FALSE	0.277551	560	3	158460059	159478751	0.29620118385441
psoriasis	8.12882e-05	0.000284354	FALSE	0.252603	561	3	159478752	160584961	0.289762336696761
psa	0.000871736	0.00181213	FALSE	0.0485637	561	3	159478752	160584961	0.0978312217391304
crohn	0.00105462	0.00182629	FALSE	0.00212562	561	3	159478752	160584961	0.00576290665048544
uc	5.87899e-05	0.00010614	FALSE	0.400032	561	3	159478752	160584961	0.414607701746107
cad	0.000121009	0.000234916	FALSE	1.52753e-05	561	3	159478752	160584961	7.18819158436214e-05
psoriasis	0.000127898	0.0004474	FALSE	0.120736	562	3	160584962	161628883	0.15960205630355
psa	3.24564e-05	6.74689e-05	FALSE	0.445792	562	3	160584962	161628883	0.457306922509225
crohn	0.000532612	0.000922325	FALSE	0.035988	562	3	160584962	161628883	0.0583857603485839
cad	3.90226e-05	7.57551e-05	FALSE	0.0365794	562	3	160584962	161628883	0.0536607362411802
crohn	0.000458848	0.000794587	FALSE	0.0718179	563	3	161628884	162622604	0.101243865825977
uc	0.000188952	0.000341136	FALSE	0.228944	563	3	161628884	162622604	0.264750407582938
cad	1.31737e-05	2.55742e-05	FALSE	0.264739	563	3	161628884	162622604	0.284386140441522
psoriasis	2.96848e-05	0.00010384	FALSE	0.298017	564	3	162622605	163250112	0.329098527607362
cad	1.38507e-06	2.68885e-06	FALSE	0.417309	564	3	162622605	163250112	0.423043299202128
psoriasis	4.94942e-05	0.000173135	FALSE	0.239788	565	3	163250113	164037360	0.278216107238606
psa	0.000149665	0.000311118	FALSE	0.283066	565	3	163250113	164037360	0.335677291895186
uc	0.000392343	0.00070834	FALSE	0.019623	565	3	163250113	164037360	0.0367994090520922
psoriasis	2.82944e-05	9.89766e-05	FALSE	0.368058	566	3	164037361	165054911	0.389136211453744
psa	0.000423736	0.000880843	FALSE	0.143882	566	3	164037361	165054911	0.210205984984985
psa	0.00122386	0.00254412	FALSE	0.00382669	567	3	165054912	165936511	0.0161184821212121
crohn	0.000217214	0.000376149	FALSE	0.197836	567	3	165054912	165936511	0.229711862785863
cad	1.69777e-05	3.29591e-05	FALSE	0.18517	567	3	165054912	165936511	0.208818436883629
psoriasis	8.14627e-05	0.000284964	FALSE	0.21862	568	3	165936512	167118893	0.258325601750547
psa	0.00040004	0.000831587	FALSE	0.170987	568	3	165936512	167118893	0.236826122419929
cad	6.73965e-05	0.000130838	FALSE	0.00212705	568	3	165936512	167118893	0.00482117279484638
psoriasis	0.000268716	0.000939995	FALSE	0.0575323	569	3	167118894	168972662	0.089146175035868
psa	0.00172542	0.00358673	FALSE	0.00653194	569	3	167118894	168972662	0.0232805041025641
crohn	0.00105227	0.00182222	FALSE	0.00997185	569	3	167118894	168972662	0.0204377182568807
uc	8.10118e-05	0.00014626	FALSE	0.398655	569	3	167118894	168972662	0.41372702268431
cad	8.27452e-05	0.000160634	FALSE	0.00676683	569	3	167118894	168972662	0.0126954390566038
psoriasis	0.000554775	0.00194065	FALSE	0.000599049	570	3	168972663	170174578	0.00207363115384615
psa	0.000689555	0.00143342	FALSE	0.125354	570	3	168972663	170174578	0.190875496087637
crohn	0.000830257	0.00143776	FALSE	0.0223593	570	3	168972663	170174578	0.0396748818109611
uc	0.000606484	0.00109495	FALSE	0.0444264	570	3	168972663	170174578	0.0703898805194805
cad	3.04426e-05	5.90987e-05	FALSE	0.144617	570	3	168972663	170174578	0.17045042812983
psoriasis	0.00037617	0.00131588	FALSE	0.0107165	571	3	170174579	171134849	0.0225171595330739
psa	0.000545526	0.00113401	FALSE	0.17732	571	3	170174579	171134849	0.243321312191684
crohn	0.000739691	0.00128092	FALSE	0.0353677	571	3	170174579	171134849	0.0575604011653314
uc	0.00103882	0.00187549	FALSE	0.00284342	571	3	170174579	171134849	0.00808827761658031
cad	4.63994e-05	9.00758e-05	FALSE	0.0592368	571	3	170174579	171134849	0.0809770242677824
psoriasis	0.000389402	0.00136216	FALSE	0.0069614	572	3	171134850	172004760	0.0159880170031881
psa	8.89727e-05	0.000184953	FALSE	0.420716	572	3	171134850	172004760	0.442399077255538
crohn	0.00132982	0.00230285	FALSE	0.000751072	572	3	171134850	172004760	0.00237662159773371
uc	0.000613852	0.00110826	FALSE	0.0365842	572	3	171134850	172004760	0.0602781407351838
cad	0.000163678	0.00031775	FALSE	4.39661e-07	572	3	171134850	172004760	3.50350072125436e-06
psoriasis	0.000119483	0.000417964	FALSE	0.256194	573	3	172004761	173415591	0.292483636363636
psa	0.000629031	0.0013076	FALSE	0.192169	573	3	172004761	173415591	0.254741739782016
crohn	0.00128104	0.00221838	FALSE	0.00625354	573	3	172004761	173415591	0.0141115235959596
uc	0.00273797	0.00494316	FALSE	1.90804e-08	573	3	172004761	173415591	4.10789788235294e-07
cad	0.000195338	0.000379213	FALSE	9.16081e-07	573	3	172004761	173415591	6.67222053184713e-06
psoriasis	0.000444577	0.00155517	FALSE	0.00574401	574	3	173415592	174684707	0.0137094603314917
psa	0.000972179	0.00202092	FALSE	0.0678789	574	3	173415592	174684707	0.123136502048417
crohn	0.000516519	0.000894456	FALSE	0.109315	574	3	173415592	174684707	0.142230465928946
uc	0.000645611	0.00116559	FALSE	0.0438586	574	3	173415592	174684707	0.0697233178002894
cad	0.000184745	0.000358648	FALSE	2.19253e-07	574	3	173415592	174684707	1.90218626136364e-06
psoriasis	0.00023076	0.000807222	FALSE	0.0885473	575	3	174684708	175671424	0.124763318982387
psa	0.000829738	0.00172482	FALSE	0.103801	575	3	174684708	175671424	0.167701310116086
crohn	0.000294333	0.000509697	FALSE	0.237433	575	3	174684708	175671424	0.266144165579528
uc	0.000998216	0.00180219	FALSE	0.00644048	575	3	174684708	175671424	0.0154740635448578
cad	0.000145213	0.000281903	FALSE	2.66547e-05	575	3	174684708	175671424	0.000115935247528517
psoriasis	0.000108933	0.000381058	FALSE	0.22976	576	3	175671425	176931163	0.268841603466956
psa	0.00017044	0.000354304	FALSE	0.371958	576	3	175671425	176931163	0.40779170028169
crohn	0.00118873	0.00205852	FALSE	0.00271612	576	3	175671425	176931163	0.00708029414235706
cad	9.11052e-05	0.000176864	FALSE	0.00198978	576	3	175671425	176931163	0.00455062686
psoriasis	0.000624986	0.00218626	FALSE	0.000249174	577	3	176931164	178110322	0.00102322403041825
psa	1.85689e-05	3.86002e-05	FALSE	0.471867	577	3	176931164	178110322	0.474160933402168
crohn	0.00100037	0.00173235	FALSE	0.0109618	577	3	176931164	178110322	0.0221216451671183
uc	0.000329634	0.000595126	FALSE	0.175254	577	3	176931164	178110322	0.214764388392857
psoriasis	0.000120429	0.000421272	FALSE	0.199326	578	3	178110323	179372165	0.239845389755011
crohn	0.00141796	0.00245547	FALSE	0.000394146	578	3	178110323	179372165	0.0013932312721519
cad	4.26471e-05	8.27913e-05	FALSE	0.0659695	578	3	178110323	179372165	0.0887483802941176
psoriasis	0.000441853	0.00154565	FALSE	0.00457859	579	3	179372166	181424323	0.0112383572727273
psa	8.87382e-05	0.000184465	FALSE	0.425873	579	3	179372166	181424323	0.44413122079314
uc	0.000185843	0.000335523	FALSE	0.286341	579	3	179372166	181424323	0.317417887935386
cad	5.33027e-06	1.03477e-05	FALSE	0.411942	579	3	179372166	181424323	0.418158612516644
psoriasis	0.00103754	0.00362943	FALSE	8.25306e-07	580	3	181424324	183203155	8.52947827751196e-06
psa	0.000727649	0.0015126	FALSE	0.155075	580	3	181424324	183203155	0.221405685986794
crohn	0.00273239	0.00473169	FALSE	3.3352e-07	580	3	181424324	183203155	3.44946148148148e-06
uc	0.000994427	0.00179535	FALSE	0.0115055	580	3	181424324	183203155	0.0242569485604607
cad	0.000165253	0.000320808	FALSE	1.41917e-05	580	3	181424324	183203155	6.79004558577406e-05
psoriasis	0.00149538	0.00523099	FALSE	6.76956e-11	581	3	183203156	184524268	1.85091767088608e-09
psa	0.00153505	0.00319099	FALSE	0.0248805	581	3	183203156	184524268	0.060597563204005
crohn	0.00190716	0.00330263	FALSE	0.000218615	581	3	183203156	184524268	0.000851760093913043
uc	0.00257675	0.00465209	FALSE	1.35542e-07	581	3	183203156	184524268	2.34370261417323e-06
cad	0.000184521	0.000358212	FALSE	3.91022e-06	581	3	183203156	184524268	2.25256250377834e-05
psoriasis	7.57687e-05	0.000265046	FALSE	0.274833	582	3	184524269	185709996	0.309187125
psa	0.00109024	0.00226634	FALSE	0.0258665	582	3	184524269	185709996	0.0623744845105328
crohn	0.000798496	0.00138276	FALSE	0.0157407	582	3	184524269	185709996	0.0295006072147651
uc	0.000329718	0.000595276	FALSE	0.13807	582	3	184524269	185709996	0.178039765120376
cad	0.000169584	0.000329216	FALSE	5.03466e-08	582	3	184524269	185709996	5.26218858447489e-07
psoriasis	0.000445802	0.00155946	FALSE	0.00854757	583	3	185709997	186602045	0.0186492436363636
psa	0.00274179	0.0056995	FALSE	0.000154941	583	3	185709997	186602045	0.00147801561764706
crohn	0.00102716	0.00177873	FALSE	0.0145266	583	3	185709997	186602045	0.0274921979678239
uc	0.000784641	0.0014166	FALSE	0.027081	583	3	185709997	186602045	0.0478053665594855
cad	0.000179542	0.000348548	FALSE	1.29935e-06	583	3	185709997	186602045	9.00488924242424e-06
psoriasis	0.00117752	0.00411909	FALSE	4.65309e-07	584	3	186602046	187939199	5.34610340425532e-06
psa	0.00359368	0.00747038	FALSE	3.98504e-05	584	3	186602046	187939199	0.000506855414379085
crohn	0.00249	0.00431194	FALSE	1.68626e-05	584	3	186602046	187939199	9.81016885416667e-05
uc	0.00248342	0.0044836	FALSE	1.65684e-06	584	3	186602046	187939199	1.91495823157895e-05
cad	0.000260013	0.000504766	FALSE	9.5935e-09	584	3	186602046	187939199	1.20551288461538e-07
psoriasis	0.00216438	0.00757121	FALSE	4.11884e-17	585	3	187939200	189451805	2.2241736e-15
psa	0.00299319	0.00622211	FALSE	0.000271529	585	3	187939200	189451805	0.00229737145217391
crohn	0.00404615	0.00700672	FALSE	3.85304e-11	585	3	187939200	189451805	1.43461522666667e-09
uc	0.00325221	0.00587158	FALSE	7.32438e-10	585	3	187939200	189451805	2.47451361230769e-08
cad	0.000148664	0.000288604	FALSE	0.000194733	585	3	187939200	189451805	0.000666787175149701
psoriasis	0.00150227	0.00525509	FALSE	1.69897e-11	586	3	189451806	190591293	5.242536e-10
psa	0.00383148	0.00796472	FALSE	1.7413e-06	586	3	189451806	190591293	6.98423292e-05
crohn	0.00176627	0.00305865	FALSE	0.000328903	586	3	189451806	190591293	0.00120060343464052
uc	0.00192775	0.00348038	FALSE	1.76067e-05	586	3	189451806	190591293	0.000130114473825503
cad	4.20728e-05	8.16764e-05	FALSE	0.113235	586	3	189451806	190591293	0.139439300861141
psoriasis	1.22236e-05	4.27593e-05	FALSE	0.436346	587	3	190591294	191229357	0.44520895606991
psa	0.00126038	0.00262002	FALSE	0.0064651	587	3	190591294	191229357	0.0230845588990826
psoriasis	1.31536e-05	4.60124e-05	FALSE	0.440872	588	3	191229358	192049688	0.449402321849929
psa	0.00223137	0.00463848	FALSE	0.000105383	588	3	191229358	192049688	0.00108505459259259
crohn	0.000831183	0.00143936	FALSE	0.0116506	588	3	191229358	192049688	0.0232541448214286
uc	0.000259948	0.000469314	FALSE	0.185552	588	3	191229358	192049688	0.224008901594283
psoriasis	0.000220199	0.000770276	FALSE	0.0852738	589	3	192049689	193122090	0.121112378698225
psa	0.00220984	0.00459372	FALSE	0.000605873	589	3	192049689	193122090	0.00415151006338028
crohn	0.000761854	0.0013193	FALSE	0.0344941	589	3	192049689	193122090	0.0564540801465201
uc	0.000403711	0.000728865	FALSE	0.12594	589	3	192049689	193122090	0.165805899280576
cad	6.55984e-05	0.000127347	FALSE	0.01801	589	3	192049689	193122090	0.0293996216987866
psoriasis	0.00102391	0.00358174	FALSE	1.37319e-06	590	3	193122091	194217140	1.28960452173913e-05
psa	0.000223153	0.00046388	FALSE	0.366978	590	3	193122091	194217140	0.404245983022071
crohn	0.00110625	0.0019157	FALSE	0.0137606	590	3	193122091	194217140	0.0264781915590009
uc	0.00193158	0.0034873	FALSE	2.06524e-05	590	3	193122091	194217140	0.000149186415789474
cad	7.55948e-05	0.000146753	FALSE	0.0198237	590	3	193122091	194217140	0.031882420464135
psoriasis	0.000361881	0.0012659	FALSE	0.0263736	591	3	194217141	195196789	0.0471971632145816
crohn	0.00139343	0.00241301	FALSE	0.00234846	591	3	194217141	195196789	0.00625322960667461
uc	0.000346319	0.000625248	FALSE	0.188363	591	3	194217141	195196789	0.226779138157895
cad	0.00017552	0.00034074	FALSE	2.847e-06	591	3	194217141	195196789	1.74093288770053e-05
psa	0.000175951	0.00036576	FALSE	0.306142	592	3	195196790	195710290	0.354614483333333
uc	1.45111e-05	2.61985e-05	FALSE	0.448084	592	3	195196790	195710290	0.453871062730627
psoriasis	0.000689913	0.00241338	FALSE	1.08213e-05	593	3	195710291	196383152	7.58896363636364e-05
psa	0.0013399	0.00278533	FALSE	0.00993015	593	3	195710291	196383152	0.0318353738056013
crohn	0.00180928	0.00313313	FALSE	6.6723e-06	593	3	195710291	196383152	4.50329854984894e-05
uc	0.00138424	0.00249913	FALSE	5.11037e-05	593	3	195710291	196383152	0.000319725712820513
cad	6.46249e-05	0.000125457	FALSE	0.00990678	593	3	195710291	196383152	0.017482103287037
psoriasis	0.00029609	0.00103575	FALSE	0.0230738	594	3	196383153	197147990	0.0421653197969543
psa	0.00156791	0.0032593	FALSE	0.00435397	594	3	196383153	197147990	0.0177003122338205
crohn	0.00175297	0.00303563	FALSE	1.54632e-05	594	3	196383153	197147990	9.11472e-05
uc	0.000705506	0.00127373	FALSE	0.017267	594	3	196383153	197147990	0.0331743937007874
cad	4.62704e-05	8.98254e-05	FALSE	0.0454938	594	3	196383153	197147990	0.0648116717932752
psoriasis	9.43962e-05	0.000330207	FALSE	0.194572	595	3	197147991	197962380	0.235448470588235
psa	0.000363787	0.000756225	FALSE	0.196351	595	3	197147991	197962380	0.258493228378378
crohn	0.000394124	0.000682504	FALSE	0.0899057	595	3	197147991	197962380	0.120341122708209
uc	0.000343418	0.000620011	FALSE	0.0909126	595	3	197147991	197962380	0.125958403533123
psoriasis	0.000179932	0.00062942	FALSE	0.0614159	596	4	10227	812415	0.0932899746835443
crohn	0.000407212	0.000705169	FALSE	0.0808267	596	4	10227	812415	0.11084521043585
cad	1.86612e-05	3.62272e-05	FALSE	0.179592	596	4	10227	812415	0.203733583333333
psoriasis	0.000101271	0.000354256	FALSE	0.194201	597	4	812416	1529267	0.235263129556927
psa	0.00204056	0.00424183	FALSE	0.000109834	597	4	812416	1529267	0.00110744540932643
crohn	0.000528202	0.000914687	FALSE	0.0495547	597	4	812416	1529267	0.0761302673539519
uc	0.000778419	0.00140537	FALSE	0.00453621	597	4	812416	1529267	0.0115562844083527
cad	6.80059e-05	0.000132021	FALSE	0.00349146	597	4	812416	1529267	0.00726566789808917
psoriasis	0.000193104	0.000675495	FALSE	0.0836373	598	4	1529268	2468935	0.119324021136063
psa	0.00132914	0.00276295	FALSE	0.0103798	598	4	1529268	2468935	0.0326318106623586
crohn	0.00102857	0.00178117	FALSE	0.00367279	598	4	1529268	2468935	0.00910555614190687
uc	0.000502292	0.000906844	FALSE	0.0559397	598	4	1529268	2468935	0.0854861386221294
cad	6.95615e-05	0.000135041	FALSE	0.00644432	598	4	1529268	2468935	0.0121401646128501
psoriasis	0.00053141	0.00185892	FALSE	0.000639932	599	4	2468936	3549229	0.00218365421800948
psa	0.000530515	0.00110281	FALSE	0.174004	599	4	2468936	3549229	0.239640328379335
crohn	0.00213173	0.00369151	FALSE	1.07522e-06	599	4	2468936	3549229	9.68565112903226e-06
uc	0.000937185	0.001692	FALSE	0.00450901	599	4	2468936	3549229	0.0115003321254355
cad	0.00017964	0.000348737	FALSE	5.97947e-08	599	4	2468936	3549229	6.10493209375e-07
psa	0.000435068	0.000904401	FALSE	0.157946	600	4	3549230	4266178	0.224066581632653
crohn	0.000595379	0.00103102	FALSE	0.0265352	600	4	3549230	4266178	0.0455997206153846
uc	0.000300631	0.000542763	FALSE	0.117927	600	4	3549230	4266178	0.156590059214502
cad	3.01078e-05	5.84487e-05	FALSE	0.0827812	600	4	3549230	4266178	0.106960793446328
psoriasis	0.000314517	0.00110021	FALSE	0.0362678	601	4	4266179	5051834	0.0612976901408451
psa	0.000409808	0.000851891	FALSE	0.25862	601	4	4266179	5051834	0.314153882646692
crohn	0.000836962	0.00144937	FALSE	0.0317429	601	4	4266179	5051834	0.0527631239583333
uc	0.000223673	0.000403821	FALSE	0.267938	601	4	4266179	5051834	0.300046837327894
cad	0.000103725	0.000201363	FALSE	0.00146907	601	4	4266179	5051834	0.00361264848387097
psoriasis	0.000375262	0.0013127	FALSE	0.0359299	602	4	5051835	5972709	0.0609172558869702
psa	0.00342667	0.00712321	FALSE	4.19382e-05	602	4	5051835	5972709	0.000526213369230769
crohn	0.00335668	0.00581276	FALSE	1.14718e-08	602	4	5051835	5972709	1.80478881690141e-07
uc	0.00132083	0.00238464	FALSE	0.00300486	602	4	5051835	5972709	0.00843820020460358
cad	6.05928e-05	0.00011763	FALSE	0.0583495	602	4	5051835	5972709	0.0799552465548233
psoriasis	0.00188437	0.00659172	FALSE	7.21654e-13	603	4	5972710	7135819	2.64198752542373e-11
psa	0.00284862	0.00592159	FALSE	0.000928703	603	4	5972710	7135819	0.00564767511875
crohn	0.00366188	0.00634128	FALSE	7.08164e-09	603	4	5972710	7135819	1.20766288244275e-07
uc	0.00129721	0.00234201	FALSE	0.00591749	603	4	5972710	7135819	0.0144226504328524
cad	0.000210629	0.000408896	FALSE	2.5364e-06	603	4	5972710	7135819	1.57628989130435e-05
psoriasis	0.0012914	0.00451744	FALSE	3.58569e-08	604	4	7135820	7726034	5.378535e-07
psa	0.00230843	0.00479867	FALSE	0.00357176	604	4	7135820	7726034	0.0154648749445676
crohn	0.00112158	0.00194224	FALSE	0.0205645	604	4	7135820	7726034	0.0368859218298555
uc	0.00241949	0.00436818	FALSE	1.90041e-06	604	4	7135820	7726034	2.1184265786802e-05
cad	7.0569e-05	0.000136996	FALSE	0.0388734	604	4	7135820	7726034	0.0565543675572519
psoriasis	4.09092e-05	0.000143104	FALSE	0.3916	605	4	7726035	8309826	0.407644855491329
psa	0.000588171	0.00122266	FALSE	0.185854	605	4	7726035	8309826	0.249601024154589
crohn	0.000824621	0.001428	FALSE	0.0351796	605	4	7726035	8309826	0.0573658586861314
uc	0.000945119	0.00170633	FALSE	0.0103262	605	4	7726035	8309826	0.0221948559686888
cad	0.00017443	0.000338624	FALSE	1.75039e-06	605	4	7726035	8309826	1.15697743641619e-05
psa	0.000663339	0.00137892	FALSE	0.1085	606	4	8309827	8882616	0.172142493887531
crohn	0.000136967	0.000237187	FALSE	0.331271	606	4	8309827	8882616	0.351238449928809
uc	0.000193739	0.000349778	FALSE	0.251894	606	4	8309827	8882616	0.285930548837209
cad	2.29846e-05	4.46204e-05	FALSE	0.180313	606	4	8309827	8882616	0.20431779346211
psa	0.000140122	0.00029128	FALSE	0.152595	607	4	8882617	9482867	0.218828201915991
uc	7.32268e-05	0.000132205	FALSE	0.314684	608	4	9482868	9916156	0.343462258449304
psoriasis	3.4959e-05	0.00012229	FALSE	0.33001	609	4	9916157	10370666	0.357842168674699
psa	0.000502875	0.00104535	FALSE	0.0887298	609	4	9916157	10370666	0.149366947058824
crohn	9.32613e-05	0.000161501	FALSE	0.324471	609	4	9916157	10370666	0.345999147494033
uc	0.000200722	0.000362386	FALSE	0.162905	609	4	9916157	10370666	0.203145587734242
cad	2.80507e-05	5.44552e-05	FALSE	0.0627095	609	4	9916157	10370666	0.0850632422894425
crohn	0.000436242	0.000755441	FALSE	0.0999078	610	4	10370667	11050119	0.131522701944608
uc	0.000472057	0.000852258	FALSE	0.0602449	610	4	10370667	11050119	0.0909263232989691
cad	3.14164e-05	6.0989e-05	FALSE	0.10439	610	4	10370667	11050119	0.131320093509351
psoriasis	0.000234531	0.000820413	FALSE	0.0887918	611	4	11050120	12209028	0.124944813029316
crohn	0.0010744	0.00186055	FALSE	0.0107519	611	4	11050120	12209028	0.0218127192377495
cad	9.3516e-05	0.000181544	FALSE	0.0037452	611	4	11050120	12209028	0.00771646162162162
crohn	1.39546e-05	2.41653e-05	FALSE	0.466562	612	4	12209029	13127576	0.468659850719424
uc	5.09872e-05	9.20529e-05	FALSE	0.418942	612	4	12209029	13127576	0.428503321844434
cad	3.12571e-05	6.06798e-05	FALSE	0.123576	612	4	12209029	13127576	0.149850642629905
psoriasis	0.0003303	0.00115542	FALSE	0.0414955	613	4	13127577	14395886	0.068629617151608
psa	0.000631831	0.00131342	FALSE	0.185592	613	4	13127577	14395886	0.24942129281768
crohn	0.000750744	0.00130006	FALSE	0.0594533	613	4	13127577	14395886	0.0877269961690885
uc	0.00174343	0.00314761	FALSE	7.6234e-05	613	4	13127577	14395886	0.000445239
cad	0.000129327	0.000251063	FALSE	0.000353317	613	4	13127577	14395886	0.00110351650068213
psoriasis	0.000208288	0.000728612	FALSE	0.0547926	614	4	14395887	14967147	0.0856496266280753
psa	0.00040295	0.000837635	FALSE	0.198314	614	4	14395887	14967147	0.260257830188679
crohn	0.000156441	0.00027091	FALSE	0.297482	614	4	14395887	14967147	0.321516588292211
uc	0.000408839	0.000738123	FALSE	0.0777724	614	4	14395887	14967147	0.110901422337662
cad	2.12739e-05	4.12993e-05	FALSE	0.178564	614	4	14395887	14967147	0.202837822740814
psoriasis	0.000370092	0.00129462	FALSE	0.00835727	615	4	14967148	15910801	0.0183825898167006
psa	0.00031989	0.000664973	FALSE	0.271857	615	4	14967148	15910801	0.325559213538462
crohn	0.000365391	0.000632748	FALSE	0.156623	615	4	14967148	15910801	0.190782869138495
cad	2.82748e-05	5.48903e-05	FALSE	0.145535	615	4	14967148	15910801	0.171389570030896
psoriasis	0.000883254	0.00308971	FALSE	3.36115e-05	616	4	15910802	17290236	0.000190553385826772
psa	0.00324483	0.00674521	FALSE	7.99778e-05	616	4	15910802	17290236	0.000874364038202247
crohn	0.00151711	0.00262718	FALSE	0.00267562	616	4	15910802	17290236	0.00699922140515223
uc	0.000318655	0.000575304	FALSE	0.230717	616	4	15910802	17290236	0.266239901208618
cad	0.000111209	0.000215891	FALSE	0.00278435	616	4	15910802	17290236	0.00603012163825758
psoriasis	0.000237518	0.000830862	FALSE	0.0667762	617	4	17290237	18753263	0.0998868365650969
psa	0.000875813	0.0018206	FALSE	0.0776539	617	4	17290237	18753263	0.135407248566308
crohn	0.000445172	0.000770904	FALSE	0.130133	617	4	17290237	18753263	0.163969047941342
uc	0.000950947	0.00171685	FALSE	0.00555861	617	4	17290237	18753263	0.0137483201351351
cad	9.60586e-05	0.00018648	FALSE	0.00140076	617	4	17290237	18753263	0.00348210665217391
psoriasis	0.000232452	0.000813138	FALSE	0.0499712	618	4	18753264	20086838	0.0796001415929204
psa	0.000475447	0.000988339	FALSE	0.181094	618	4	18753264	20086838	0.246509176552687
crohn	0.000274528	0.0004754	FALSE	0.208114	618	4	18753264	20086838	0.239776521918515
cad	1.2919e-05	2.50798e-05	FALSE	0.293435	618	4	18753264	20086838	0.310831794812413
psoriasis	0.000657204	0.00229896	FALSE	0.000560626	619	4	20086839	21416380	0.00198516747540984
psa	0.000802183	0.00166754	FALSE	0.131881	619	4	20086839	21416380	0.197719896764253
crohn	0.00188144	0.00325808	FALSE	0.000157054	619	4	20086839	21416380	0.000650943666048237
uc	0.00201011	0.00362908	FALSE	8.89967e-06	619	4	20086839	21416380	7.23839826666667e-05
cad	0.000100985	0.000196044	FALSE	0.00334048	619	4	20086839	21416380	0.00700887867889908
psoriasis	0.000446745	0.00156276	FALSE	0.00428945	620	4	21416381	22835185	0.0106496689655172
psa	0.000971395	0.00201929	FALSE	0.0616416	620	4	21416381	22835185	0.115230118731988
cad	2.05506e-05	3.98952e-05	FALSE	0.235133	620	4	21416381	22835185	0.257173204686753
psoriasis	0.000230711	0.000807049	FALSE	0.0519967	621	4	22835186	23858350	0.0823408152492669
psa	0.000110605	0.000229921	FALSE	0.399866	621	4	22835186	23858350	0.426611423245614
crohn	0.000493811	0.000855134	FALSE	0.0835367	621	4	22835186	23858350	0.113723941377209
uc	0.000226513	0.00040895	FALSE	0.221718	621	4	22835186	23858350	0.257888097457627
cad	4.27343e-05	8.29606e-05	FALSE	0.0547637	621	4	22835186	23858350	0.0756307861714976
psoriasis	0.000268066	0.000937721	FALSE	0.0591825	622	4	23858351	24764724	0.0909204836415363
psa	0.00104478	0.00217184	FALSE	0.0599893	622	4	23858351	24764724	0.113278319379845
crohn	0.00111807	0.00193616	FALSE	0.00739296	622	4	23858351	24764724	0.0160660239688716
uc	0.000842615	0.00152127	FALSE	0.0167355	622	4	23858351	24764724	0.0325519557130204
cad	0.000128177	0.000248832	FALSE	0.000150126	622	4	23858351	24764724	0.000531483222910217
psoriasis	0.00103209	0.00361035	FALSE	9.94607e-07	623	4	24764725	25832018	9.76523236363636e-06
psa	0.00259914	0.00540298	FALSE	0.000586714	623	4	24764725	25832018	0.00406315104626335
crohn	0.00202265	0.00350262	FALSE	7.72206e-05	623	4	24764725	25832018	0.000358650354261954
uc	0.00131177	0.00236829	FALSE	0.00191848	623	4	24764725	25832018	0.00585950219749652
cad	7.84188e-05	0.000152236	FALSE	0.0170925	623	4	24764725	25832018	0.0280218978494624
psoriasis	0.000734307	0.00256868	FALSE	0.00025829	624	4	25832019	27385580	0.00105464347826087
psa	0.000877064	0.0018232	FALSE	0.120477	624	4	25832019	27385580	0.185334578656126
crohn	0.00534602	0.0092577	FALSE	9.43979e-18	624	4	25832019	27385580	8.435396344e-16
uc	0.00172897	0.0031215	FALSE	0.000132051	624	4	25832019	27385580	0.000677532700934579
cad	0.000152333	0.000295727	FALSE	7.22892e-05	624	4	25832019	27385580	0.000280688285908319
crohn	0.000486205	0.000841961	FALSE	0.0785987	625	4	27385581	28177792	0.108321712399753
uc	0.000223487	0.000403486	FALSE	0.215378	625	4	27385581	28177792	0.252116251599147
crohn	0.000240935	0.000417228	FALSE	0.183465	626	4	28177793	28927438	0.216857571428571
cad	4.40381e-05	8.54917e-05	FALSE	0.0217513	626	4	28177793	28927438	0.0344973807905687
psa	5.99498e-05	0.000124621	FALSE	0.428535	627	4	28927439	29758399	0.44619
cad	5.07959e-05	9.86108e-05	FALSE	0.0192987	627	4	28927439	29758399	0.031186378319209
psa	2.63064e-05	5.46845e-05	FALSE	0.45465	628	4	29758400	30455555	0.463219319371728
crohn	0.000641776	0.00111136	FALSE	0.0224391	628	4	29758400	30455555	0.0397533302141158
cad	6.03911e-07	1.17238e-06	FALSE	0.466666	628	4	29758400	30455555	0.468098746491228
psoriasis	4.09318e-05	0.000143183	FALSE	0.365045	629	4	30455556	31395092	0.386455854973052
psa	0.00151812	0.0031558	FALSE	0.00478958	629	4	30455556	31395092	0.0189441517886179
crohn	0.000727082	0.00125909	FALSE	0.0249467	629	4	30455556	31395092	0.0433703718287938
uc	3.25748e-05	5.8811e-05	FALSE	0.438798	629	4	30455556	31395092	0.446938964749536
cad	7.33311e-05	0.000142359	FALSE	0.00473368	629	4	30455556	31395092	0.00938935486556808
psa	0.000938068	0.00195002	FALSE	0.0289462	630	4	31395093	32260117	0.0672990504181601
cad	1.62074e-05	3.14637e-05	FALSE	0.224779	630	4	31395093	32260117	0.247148833173077
psoriasis	7.18716e-05	0.000251414	FALSE	0.233213	631	4	32260118	32746820	0.272144829821718
crohn	1.43887e-05	2.49169e-05	FALSE	0.453621	631	4	32260118	32746820	0.459104184615385
uc	0.000143663	0.000259371	FALSE	0.255209	631	4	32260118	32746820	0.288440022645394
cad	2.27371e-05	4.41398e-05	FALSE	0.124775	631	4	32260118	32746820	0.150824748942918
psoriasis	4.82803e-05	0.000168889	FALSE	0.293593	632	4	32746821	33640822	0.325544599589322
psa	0.00116968	0.00243148	FALSE	0.00350999	632	4	32746821	33640822	0.015314889103139
crohn	0.000262249	0.000454137	FALSE	0.143447	632	4	32746821	33640822	0.177540497506925
uc	0.000196981	0.000355632	FALSE	0.176077	632	4	32746821	33640822	0.215412307520891
psa	7.84296e-05	0.000163036	FALSE	0.366476	633	4	33640823	34721845	0.404057958073654
crohn	8.86301e-05	0.000153481	FALSE	0.301195	633	4	33640823	34721845	0.324843222972973
uc	0.000193521	0.000349385	FALSE	0.131342	633	4	33640823	34721845	0.171199378041543
cad	1.05543e-05	2.04893e-05	FALSE	0.218891	633	4	33640823	34721845	0.242070493958434
psa	0.000535187	0.00111252	FALSE	0.108941	634	4	34721846	35411236	0.17260655817738
crohn	0.000425708	0.000737199	FALSE	0.0713461	634	4	34721846	35411236	0.100932882553729
uc	0.000543655	0.000981521	FALSE	0.0204523	634	4	34721846	35411236	0.0381915397959184
cad	4.96466e-05	9.63797e-05	FALSE	0.01398	634	4	34721846	35411236	0.023457270726339
psoriasis	5.78638e-05	0.000202413	FALSE	0.236386	635	4	35411237	35993838	0.275401165048544
psa	1.98839e-05	4.13337e-05	FALSE	0.446482	635	4	35411237	35993838	0.457773430979979
crohn	0.000638521	0.00110573	FALSE	0.00594819	635	4	35411237	35993838	0.0135594453673469
uc	5.76668e-05	0.000104112	FALSE	0.356132	635	4	35411237	35993838	0.377992204929918
psoriasis	9.80344e-05	0.000342934	FALSE	0.198815	636	4	35993839	36671801	0.239375919732441
psa	0.00061448	0.00127735	FALSE	0.0982485	636	4	35993839	36671801	0.161052794612795
crohn	0.000556228	0.00096322	FALSE	0.0420788	636	4	35993839	36671801	0.0666222815024805
uc	0.000884915	0.00159764	FALSE	0.00177993	636	4	35993839	36671801	0.00553643949008499
cad	4.33298e-05	8.41167e-05	FALSE	0.0346652	636	4	35993839	36671801	0.0513799821127673
psoriasis	0.000149927	0.00052446	FALSE	0.195027	637	4	36671802	37880860	0.235866920492721
psa	0.00234609	0.00487695	FALSE	0.00103802	637	4	36671802	37880860	0.00619627889570552
crohn	0.000834679	0.00144541	FALSE	0.0387315	637	4	36671802	37880860	0.0622042925952552
uc	0.00183595	0.00331465	FALSE	2.52895e-05	637	4	36671802	37880860	0.000177430485623003
cad	4.95287e-05	9.61507e-05	FALSE	0.0741162	637	4	36671802	37880860	0.0975841965457686
psoriasis	0.00105761	0.00369962	FALSE	8.63496e-07	638	4	37880861	38984838	8.79282253521127e-06
psa	0.00236306	0.00491224	FALSE	0.00181943	638	4	37880861	38984838	0.00954188666666667
crohn	0.00275741	0.004775	FALSE	6.02094e-07	638	4	37880861	38984838	5.87370303930131e-06
uc	0.00319052	0.0057602	FALSE	3.71434e-10	638	4	37880861	38984838	1.3371624e-08
cad	0.000291395	0.000565688	FALSE	2.26223e-11	638	4	37880861	38984838	5.4460210631579e-10
psoriasis	0.000143298	0.000501269	FALSE	0.119749	639	4	38984839	39820061	0.15878320441989
psa	0.000500238	0.00103987	FALSE	0.144461	639	4	38984839	39820061	0.210577607490637
crohn	0.00079623	0.00137883	FALSE	0.00947451	639	4	38984839	39820061	0.0196345596846011
cad	7.49968e-05	0.000145592	FALSE	0.00183125	639	4	38984839	39820061	0.00425616742886179
psoriasis	0.000564409	0.00197436	FALSE	0.000748418	640	4	39820062	40590541	0.00247562462480858
psa	0.00173667	0.00361012	FALSE	0.00482425	640	4	39820062	40590541	0.0190357010931174
crohn	0.00146765	0.00254153	FALSE	0.000583408	640	4	39820062	40590541	0.00193660248439822
uc	0.000530548	0.000957858	FALSE	0.0723202	640	4	39820062	40590541	0.104897727344782
cad	7.83092e-05	0.000152023	FALSE	0.00741329	640	4	39820062	40590541	0.0136507199919485
psoriasis	0.000559747	0.00195805	FALSE	0.000304208	641	4	40590542	41360937	0.00119037913043478
psa	0.00107368	0.00223192	FALSE	0.0345543	641	4	40590542	41360937	0.0762388523809524
crohn	0.00115585	0.00200158	FALSE	0.00227898	641	4	40590542	41360937	0.00610460589928058
uc	0.000468904	0.000846565	FALSE	0.0780003	641	4	40590542	41360937	0.111154223750811
cad	9.26737e-05	0.000179909	FALSE	0.00112159	641	4	40590542	41360937	0.00290824980725624
psoriasis	0.000355836	0.00124475	FALSE	0.00611379	642	4	41360938	42189251	0.0143704870511425
crohn	4.14908e-06	7.18496e-06	FALSE	0.474797	642	4	41360938	42189251	0.475459486329
cad	1.19582e-05	2.32145e-05	FALSE	0.296512	642	4	41360938	42189251	0.313365500924214
psoriasis	0.000378271	0.00132323	FALSE	0.00778201	643	4	42189252	43192424	0.0172755823227133
psa	0.000580441	0.00120659	FALSE	0.151054	643	4	42189252	43192424	0.217098289512555
crohn	0.000679551	0.00117678	FALSE	0.0395494	643	4	42189252	43192424	0.0632903722063037
uc	3.4792e-06	6.28138e-06	FALSE	0.477775	643	4	42189252	43192424	0.478428590971272
cad	4.2069e-05	8.16691e-05	FALSE	0.06684	643	4	42189252	43192424	0.0897083802816901
psoriasis	5.70079e-05	0.000199419	FALSE	0.262462	644	4	43192425	43962561	0.299007341772152
psa	0.000361344	0.000751146	FALSE	0.165418	644	4	43192425	43962561	0.231953673146148
cad	8.48909e-06	1.648e-05	FALSE	0.300791	644	4	43192425	43962561	0.317594190674054
psa	0.00101553	0.00211103	FALSE	0.0303536	645	4	43962562	45186767	0.069247486049238
crohn	0.00075682	0.00131059	FALSE	0.0176026	645	4	43962562	45186767	0.0324189681780709
uc	0.000782897	0.00141345	FALSE	0.00281055	646	4	45186768	46358360	0.0080155425974026
cad	5.04844e-05	9.8006e-05	FALSE	0.0138099	646	4	45186768	46358360	0.0232400598233996
psoriasis	0.000170652	0.000596956	FALSE	0.0890912	647	4	46358361	47408265	0.125202987638256
psa	0.000840008	0.00174617	FALSE	0.0490179	647	4	46358361	47408265	0.0983750096807415
crohn	0.000636355	0.00110198	FALSE	0.0296962	647	4	46358361	47408265	0.0499934519969857
uc	3.85565e-05	6.96104e-05	FALSE	0.424425	647	4	46358361	47408265	0.433505720930233
cad	4.13717e-05	8.03155e-05	FALSE	0.0457877	647	4	46358361	47408265	0.0650412856521739
psoriasis	0.000573815	0.00200726	FALSE	0.000244795	648	4	47408266	49325138	0.0010090786259542
psa	0.00158678	0.00329853	FALSE	0.00505568	648	4	47408266	49325138	0.0195205422222222
crohn	0.00351083	0.0060797	FALSE	3.90544e-13	648	4	47408266	49325138	1.93883399111111e-11
uc	0.000828712	0.00149617	FALSE	0.00898829	648	4	47408266	49325138	0.01973828484
cad	1.27008e-05	2.46562e-05	FALSE	0.30719	648	4	47408266	49325138	0.32300851954023
psoriasis	0.000183176	0.000640766	FALSE	0.0596262	649	4	49325139	53879571	0.0913422638297872
psa	0.000100255	0.000208406	FALSE	0.387886	649	4	49325139	53879571	0.418119692307692
crohn	0.000789459	0.00136711	FALSE	0.00667375	649	4	49325139	53879571	0.0148055188679245
uc	0.00014785	0.00026693	FALSE	0.264307	649	4	49325139	53879571	0.296737306748466
cad	2.0443e-05	3.96862e-05	FALSE	0.163317	649	4	49325139	53879571	0.188449030776993
psa	0.00053113	0.00110409	FALSE	0.136941	650	4	53879572	54659778	0.202651852471483
crohn	0.000862243	0.00149315	FALSE	0.00683018	650	4	53879572	54659778	0.0150776898418972
uc	0.000381758	0.000689231	FALSE	0.0897523	650	4	53879572	54659778	0.124665433776091
cad	6.80457e-05	0.000132098	FALSE	0.00439861	650	4	53879572	54659778	0.00882422900877193
psoriasis	0.000820054	0.00286863	FALSE	1.72176e-06	651	4	54659779	55681701	1.54315419087137e-05
psa	0.000897883	0.00186648	FALSE	0.065673	651	4	54659779	55681701	0.119999678873239
crohn	0.00182734	0.0031644	FALSE	1.77366e-05	651	4	54659779	55681701	0.000102651721243523
uc	0.000335428	0.000605586	FALSE	0.154231	651	4	54659779	55681701	0.193648528301887
cad	6.09567e-05	0.000118336	FALSE	0.0196949	651	4	54659779	55681701	0.0316975624912034
psoriasis	0.0012069	0.00422186	FALSE	4.87905e-09	652	4	55681702	57103100	8.78229e-08
psa	0.00155933	0.00324147	FALSE	0.0145312	652	4	55681702	57103100	0.0418929114074074
crohn	0.003002	0.00519857	FALSE	8.54803e-09	652	4	55681702	57103100	1.43581195639098e-07
uc	0.00166477	0.0030056	FALSE	6.97128e-05	652	4	55681702	57103100	0.000413754888648649
cad	0.000189701	0.000368269	FALSE	3.73611e-07	652	4	55681702	57103100	3.00862097535211e-06
psoriasis	0.00012758	0.000446286	FALSE	0.206712	653	4	57103101	58011085	0.247230299003322
psa	0.00120337	0.00250152	FALSE	0.0325692	653	4	57103101	58011085	0.0728501875862069
crohn	0.000942325	0.00163182	FALSE	0.0149679	653	4	57103101	58011085	0.0281230349873844
uc	0.00141743	0.00255905	FALSE	0.000218529	653	4	57103101	58011085	0.000989522127835052
cad	0.000121626	0.000236114	FALSE	0.000172956	653	4	57103101	58011085	0.000600228182094082
psoriasis	0.000237996	0.000832532	FALSE	0.0627645	654	4	58011086	58940256	0.0949378991596639
crohn	0.00116627	0.00201963	FALSE	0.00296388	654	4	58011086	58940256	0.00761945675489068
uc	0.000353279	0.000637814	FALSE	0.147449	654	4	58011086	58940256	0.186814505190311
cad	5.8097e-05	0.000112785	FALSE	0.0263704	654	4	58011086	58940256	0.040475909261745
psa	0.000766911	0.00159422	FALSE	0.0406386	655	4	58940257	59692948	0.0858661407166124
crohn	9.014e-05	0.000156095	FALSE	0.348768	655	4	58940257	59692948	0.367869552407932
cad	2.04314e-05	3.96637e-05	FALSE	0.151227	655	4	58940257	59692948	0.176367235594085
psoriasis	4.74785e-05	0.000166084	FALSE	0.325811	656	4	59692949	60746709	0.354356374622357
psa	0.000831291	0.00172805	FALSE	0.0433508	656	4	59692949	60746709	0.0902253013903743
crohn	0.000336884	0.000583382	FALSE	0.132531	656	4	59692949	60746709	0.166614661789533
uc	7.59183e-05	0.000137064	FALSE	0.367157	656	4	59692949	60746709	0.38726069740634
psoriasis	3.19109e-05	0.000111627	FALSE	0.383841	657	4	60746710	61971161	0.401499544794189
psa	0.000318611	0.000662314	FALSE	0.253398	657	4	60746710	61971161	0.309938722815839
crohn	0.000853639	0.00147825	FALSE	0.00901848	657	4	60746710	61971161	0.0188116566946779
uc	0.000696927	0.00125824	FALSE	0.0131354	657	4	60746710	61971161	0.0268578569832402
cad	2.62065e-06	5.08751e-06	FALSE	0.437333	657	4	60746710	61971161	0.441385953662842
psoriasis	5.46099e-06	1.91031e-05	FALSE	0.468887	658	4	61971162	63337954	0.471067869767442
psa	0.000570504	0.00118594	FALSE	0.168284	658	4	61971162	63337954	0.23458500286533
crohn	0.000580514	0.00100528	FALSE	0.0745694	658	4	61971162	63337954	0.104443911974922
uc	0.00106624	0.00192501	FALSE	0.00239468	658	4	61971162	63337954	0.00704921887399464
cad	0.000112504	0.000218405	FALSE	0.000286646	658	4	61971162	63337954	0.000922024475386779
psoriasis	0.000184713	0.000646144	FALSE	0.0491164	659	4	63337955	64117431	0.0785280710584752
crohn	0.000626645	0.00108516	FALSE	0.0159631	659	4	63337955	64117431	0.0297427567973311
uc	0.000226465	0.000408863	FALSE	0.162763	659	4	63337955	64117431	0.203083834090909
psoriasis	0.000133853	0.000468231	FALSE	0.134098	660	4	64117432	65563100	0.174069519230769
psa	9.11153e-05	0.000189406	FALSE	0.402567	660	4	64117432	65563100	0.428318962274467
crohn	0.000192623	0.000333565	FALSE	0.253775	660	4	64117432	65563100	0.28177601888668
uc	3.2039e-05	5.78437e-05	FALSE	0.43143	660	4	64117432	65563100	0.440046576869484
psoriasis	3.85506e-05	0.000134854	FALSE	0.359424	661	4	65563101	66597446	0.381689203539823
crohn	0.000203374	0.000352183	FALSE	0.248584	661	4	65563101	66597446	0.276923566301097
uc	4.91288e-05	8.86977e-05	FALSE	0.409228	661	4	65563101	66597446	0.421314902953587
cad	3.69025e-05	7.16392e-05	FALSE	0.062903	661	4	65563101	66597446	0.0852751398933017
crohn	0.000317983	0.000550651	FALSE	0.160405	662	4	66597447	67616362	0.19464680608365
uc	0.000464193	0.000838061	FALSE	0.0575406	662	4	66597447	67616362	0.0876277098474341
cad	1.90077e-05	3.68999e-05	FALSE	0.205371	662	4	66597447	67616362	0.228667710321324
psoriasis	0.000105844	0.000370251	FALSE	0.205464	663	4	67616363	68742859	0.245873817174515
crohn	0.000217057	0.000375878	FALSE	0.25019	663	4	67616363	68742859	0.278348834661355
psoriasis	9.59859e-05	0.000335768	FALSE	0.0998284	664	4	68742860	69603368	0.137606473516273
uc	0.000232258	0.000419322	FALSE	0.0862032	664	4	68742860	69603368	0.120849789917039
cad	7.93114e-06	1.53968e-05	FALSE	0.260879	664	4	68742860	69603368	0.280550494123178
crohn	0.00030903	0.000535148	FALSE	0.0852045	665	4	69603369	70516836	0.115431687689509
uc	1.17625e-05	2.12362e-05	FALSE	0.445035	665	4	69603369	70516836	0.451407325635104
cad	4.34457e-05	8.43416e-05	FALSE	0.00870827	665	4	69603369	70516836	0.0157561815585443
crohn	0.000292681	0.000506836	FALSE	0.173133	666	4	70516837	71468300	0.206944857754011
uc	0.000428148	0.000772983	FALSE	0.0672636	666	4	70516837	71468300	0.0991348091275168
cad	1.77252e-05	3.44102e-05	FALSE	0.214723	666	4	70516837	71468300	0.237922238856589
psoriasis	0.00048939	0.00171193	FALSE	0.000992511	667	4	71468301	73258294	0.00313883420204978
psa	0.00120868	0.00251255	FALSE	0.018352	667	4	71468301	73258294	0.0490563076923077
crohn	0.000434143	0.000751805	FALSE	0.112727	667	4	71468301	73258294	0.145820566299942
uc	0.000614297	0.00110906	FALSE	0.0304523	667	4	71468301	73258294	0.0521258624124514
cad	5.78507e-05	0.000112306	FALSE	0.0189577	667	4	71468301	73258294	0.0307289489014883
psoriasis	0.000400355	0.00140048	FALSE	0.0042169	668	4	73258295	74885900	0.01054225
crohn	0.000551634	0.000955265	FALSE	0.064951	668	4	73258295	74885900	0.0938554553686934
uc	0.000981165	0.00177141	FALSE	0.00215395	668	4	73258295	74885900	0.00647068974008208
cad	7.91274e-05	0.000153611	FALSE	0.00296043	668	4	73258295	74885900	0.00633349243217961
psoriasis	0.000647133	0.00226373	FALSE	0.000121975	669	4	74885901	76497358	0.000562961538461538
psa	0.0013279	0.00276038	FALSE	0.0191552	669	4	74885901	76497358	0.0505930955223881
crohn	0.000301228	0.000521637	FALSE	0.216894	669	4	74885901	76497358	0.246837084055018
uc	0.00090263	0.00162962	FALSE	0.0078665	669	4	74885901	76497358	0.017845902892562
cad	4.35996e-05	8.46405e-05	FALSE	0.0722964	669	4	74885901	76497358	0.0956286100636206
psoriasis	0.000588322	0.00205801	FALSE	0.000983561	670	4	76497359	78045637	0.00311509055718475
psa	0.00112837	0.00234561	FALSE	0.0529915	670	4	76497359	78045637	0.103999575806452
crohn	0.000736015	0.00127456	FALSE	0.0535833	670	4	76497359	78045637	0.080936505882353
uc	0.000420866	0.000759836	FALSE	0.139066	670	4	76497359	78045637	0.178903887521968
cad	0.000281734	0.000546933	FALSE	3.39454e-12	670	4	76497359	78045637	9.13330938823529e-11
psoriasis	0.00010713	0.000374753	FALSE	0.200778	671	4	78045638	78967715	0.241201601779755
uc	6.70883e-05	0.000121122	FALSE	0.390925	671	4	78045638	78967715	0.407824845605701
cad	8.5504e-05	0.00016599	FALSE	0.00108124	671	4	78045638	78967715	0.00282605243428571
psa	0.000284716	0.000591855	FALSE	0.261263	672	4	78967716	79880101	0.316771213707165
crohn	0.000634653	0.00109903	FALSE	0.0273742	672	4	78967716	79880101	0.0468045203363914
uc	8.78017e-05	0.000158518	FALSE	0.354458	672	4	78967716	79880101	0.376761746369797
cad	5.67022e-05	0.000110077	FALSE	0.0113375	672	4	78967716	79880101	0.0195247458584337
crohn	0.00132848	0.00230054	FALSE	0.000702564	673	4	79880102	81206182	0.00224807835479256
uc	0.00049538	0.000894365	FALSE	0.0686913	673	4	79880102	81206182	0.100698327636849
cad	0.000146252	0.000283921	FALSE	3.3378e-06	673	4	79880102	81206182	1.9827398961039e-05
psoriasis	2.48509e-05	8.69308e-05	FALSE	0.416117	674	4	81206183	82655623	0.426823996203132
psa	0.000376282	0.000782199	FALSE	0.247428	674	4	81206183	82655623	0.3047436
crohn	0.000606013	0.00104943	FALSE	0.0596701	674	4	81206183	82655623	0.0879887811221122
cad	0.000222898	0.000432715	FALSE	1.58171e-10	674	4	81206183	82655623	3.20121307079646e-09
psoriasis	0.000298539	0.00104432	FALSE	0.0336798	675	4	82655624	84003062	0.0577368
psa	0.00107337	0.00223127	FALSE	0.0445144	675	4	82655624	84003062	0.0922524200212993
crohn	0.000668089	0.00115693	FALSE	0.0522177	675	4	82655624	84003062	0.0794107159972771
uc	0.000964187	0.00174076	FALSE	0.00532582	675	4	82655624	84003062	0.0132752562088536
cad	0.000107914	0.000209495	FALSE	0.000500302	675	4	82655624	84003062	0.00146503287323944
psoriasis	0.000291239	0.00101878	FALSE	0.0466729	676	4	84003063	85437805	0.0753463856502242
psa	0.000323787	0.000673073	FALSE	0.297223	676	4	84003063	85437805	0.347176445378151
crohn	0.00121181	0.0020985	FALSE	0.00409971	676	4	84003063	85437805	0.00990135366486487
uc	0.00120397	0.00217366	FALSE	0.00154164	676	4	84003063	85437805	0.00493504583090379
cad	5.44879e-05	0.000105778	FALSE	0.0457643	676	4	84003063	85437805	0.0650412856521739
crohn	0.00131702	0.00228068	FALSE	0.000626352	677	4	85437806	86931670	0.00204016630612245
uc	0.000513312	0.00092674	FALSE	0.05864	677	4	85437806	86931670	0.0887480634045486
cad	8.73656e-05	0.000169604	FALSE	0.00161549	677	4	85437806	86931670	0.00387277319706499
psoriasis	0.000395718	0.00138426	FALSE	0.00582646	678	4	86931671	88502717	0.0138298391208791
crohn	0.00123727	0.00214257	FALSE	0.00129935	678	4	86931671	88502717	0.0037994082460733
uc	0.000291072	0.000525505	FALSE	0.179661	678	4	86931671	88502717	0.21891504265928
cad	0.000107137	0.000207986	FALSE	0.000263569	678	4	86931671	88502717	0.000866261131994261
psoriasis	3.48291e-05	0.000121835	FALSE	0.384343	679	4	88502718	89244554	0.40183004840271
psa	8.34176e-06	1.73405e-05	FALSE	0.475375	679	4	88502718	89244554	0.476845231958763
crohn	0.000325365	0.000563435	FALSE	0.178006	679	4	88502718	89244554	0.211842202342918
uc	0.000348604	0.000629374	FALSE	0.13356	679	4	88502718	89244554	0.173343829787234
cad	6.37455e-05	0.00012375	FALSE	0.0123642	679	4	88502718	89244554	0.0210455049107143
psoriasis	0.000469264	0.00164153	FALSE	0.00245328	680	4	89244555	90236971	0.0067247269035533
psa	0.00219289	0.00455849	FALSE	0.000455761	680	4	89244555	90236971	0.00341119579230769
crohn	0.00182145	0.0031542	FALSE	2.32022e-05	680	4	89244555	90236971	0.000129261134164589
uc	0.00146746	0.00264938	FALSE	7.51518e-05	680	4	89244555	90236971	0.000441751235294118
cad	4.46564e-05	8.66921e-05	FALSE	0.0630498	680	4	89244555	90236971	0.0854235145734597
psoriasis	0.000191673	0.000670491	FALSE	0.0727061	681	4	90236972	91309863	0.106688298913043
psa	0.000958731	0.00199297	FALSE	0.034014	681	4	90236972	91309863	0.0752173227272727
uc	0.000240711	0.000434583	FALSE	0.193435	681	4	90236972	91309863	0.231995226652103
cad	3.74631e-05	7.27276e-05	FALSE	0.0653268	681	4	90236972	91309863	0.0879354865214832
psoriasis	9.91577e-05	0.000346863	FALSE	0.22253	682	4	91309864	92219192	0.2618
psa	0.00118679	0.00246705	FALSE	0.0175062	682	4	91309864	92219192	0.0474471660167131
crohn	0.000630632	0.00109207	FALSE	0.0402279	682	4	91309864	92219192	0.0641464158458244
cad	9.12274e-05	0.000177101	FALSE	0.000742119	682	4	91309864	92219192	0.00205724382181818
psoriasis	7.61245e-06	2.66291e-05	FALSE	0.455209	683	4	92219193	93451599	0.460755126522962
crohn	0.000697623	0.00120807	FALSE	0.0214135	683	4	92219193	93451599	0.0382396155075939
cad	7.68432e-05	0.000149177	FALSE	0.00196281	683	4	92219193	93451599	0.00451150398994975
psoriasis	0.000319783	0.00111863	FALSE	0.0149471	684	4	93451600	94757265	0.0294577883211679
crohn	0.000381926	0.000661381	FALSE	0.13827	684	4	93451600	94757265	0.172189846153846
uc	0.000465226	0.000839924	FALSE	0.0708115	684	4	93451600	94757265	0.103049737574553
cad	9.7666e-05	0.0001896	FALSE	0.000452687	684	4	93451600	94757265	0.00135332701830065
psoriasis	0.00055253	0.0019328	FALSE	0.000796037	685	4	94757266	96183801	0.00259342371040724
psa	0.000326297	0.000678293	FALSE	0.285936	685	4	94757266	96183801	0.338050702308627
crohn	0.00103859	0.00179852	FALSE	0.00800923	685	4	94757266	96183801	0.0171714201727447
uc	0.00116636	0.00210577	FALSE	0.00132091	685	4	94757266	96183801	0.00434239275449102
cad	0.000227331	0.00044132	FALSE	3.91936e-10	685	4	94757266	96183801	7.11394946031746e-09
psoriasis	6.44274e-05	0.000225373	FALSE	0.34006	686	4	96183802	97540787	0.3672648
psa	0.00318433	0.00661945	FALSE	1.50605e-05	686	4	96183802	97540787	0.000276488047169811
crohn	0.00121876	0.00211053	FALSE	0.00477816	686	4	96183802	97540787	0.0112362204631579
uc	0.00155908	0.00281477	FALSE	0.000140557	686	4	96183802	97540787	0.000707943055045872
cad	0.000168205	0.000326539	FALSE	3.27987e-06	686	4	96183802	97540787	1.9534017421875e-05
psoriasis	6.37032e-05	0.00022284	FALSE	0.269263	687	4	97540788	98445515	0.304029315211709
psa	0.000946377	0.00196729	FALSE	0.0219226	687	4	97540788	98445515	0.0551893655886158
uc	5.09582e-05	9.20006e-05	FALSE	0.39689	687	4	97540788	98445515	0.412480094652153
cad	3.65478e-05	7.09507e-05	FALSE	0.0486416	687	4	97540788	98445515	0.0684574395076923
uc	8.96562e-05	0.000161866	FALSE	0.324607	688	4	98445516	99532480	0.35288959009901
cad	3.8892e-05	7.55015e-05	FALSE	0.0284281	688	4	98445516	99532480	0.043328517721519
psoriasis	0.00034032	0.00119047	FALSE	0.00615826	689	4	99532481	100333334	0.0144511973941368
psa	0.000250839	0.000521433	FALSE	0.287294	689	4	99532481	100333334	0.338832802424242
crohn	0.000251992	0.000436375	FALSE	0.205274	689	4	99532481	100333334	0.236993341602067
cad	4.9065e-05	9.52506e-05	FALSE	0.0241566	689	4	99532481	100333334	0.0377622311688312
psoriasis	0.000131189	0.000458911	FALSE	0.135673	690	4	100333335	101132995	0.175691654676259
crohn	0.000160402	0.000277768	FALSE	0.285327	690	4	100333335	101132995	0.311201648780488
uc	0.0008238	0.0014873	FALSE	0.00306731	690	4	100333335	101132995	0.00855884721728081
cad	0.000122723	0.000238244	FALSE	4.63476e-06	690	4	100333335	101132995	2.62368715841584e-05
psoriasis	0.00019111	0.000668521	FALSE	0.100741	691	4	101132996	102544803	0.13868741873805
psa	0.00163666	0.00340221	FALSE	0.00470714	691	4	101132996	102544803	0.018724134
crohn	0.00171413	0.00296836	FALSE	4.51532e-05	691	4	101132996	102544803	0.00023225947908046
uc	0.00105773	0.00190964	FALSE	0.0019485	691	4	101132996	102544803	0.00592646260387812
cad	6.92609e-05	0.000134457	FALSE	0.0104212	691	4	101132996	102544803	0.0181241706463878
psoriasis	0.000920936	0.00322152	FALSE	6.78814e-07	692	4	102544804	104384534	7.40524363636364e-06
psa	0.00168945	0.00351194	FALSE	0.00618261	692	4	102544804	104384534	0.022363120929368
crohn	0.00318989	0.00552393	FALSE	2.2772e-10	692	4	102544804	104384534	6.43957569620253e-09
uc	0.00121418	0.00219209	FALSE	0.00110782	692	4	102544804	104384534	0.00376590204334365
cad	7.78969e-05	0.000151222	FALSE	0.00814287	692	4	102544804	104384534	0.0148625248922586
crohn	0.00100032	0.00173225	FALSE	0.00090976	693	4	104384535	105319195	0.00279560363136176
uc	0.000467989	0.000844913	FALSE	0.0346527	693	4	104384535	105319195	0.0576058510219531
cad	4.68043e-05	9.08619e-05	FALSE	0.0172203	693	4	104384535	105319195	0.0282111934813754
psoriasis	6.41093e-05	0.00022426	FALSE	0.304317	694	4	105319196	106479155	0.335198735339113
psa	0.000300332	0.000624317	FALSE	0.27387	694	4	105319196	106479155	0.327566699446835
crohn	0.00116023	0.00200916	FALSE	0.00144669	694	4	105319196	106479155	0.00415946648648649
uc	0.00128065	0.0023121	FALSE	0.000138189	694	4	105319196	106479155	0.00070246075
cad	9.89369e-05	0.000192068	FALSE	0.000360725	694	4	105319196	106479155	0.00111918590514905
psoriasis	0.000282544	0.000988364	FALSE	0.033091	695	4	106479156	108131206	0.056862816229117
psa	5.94685e-05	0.000123621	FALSE	0.440621	695	4	106479156	108131206	0.453916604552673
crohn	0.00109633	0.00189852	FALSE	0.00359691	695	4	106479156	108131206	0.00893826133481646
psoriasis	0.00010444	0.000365342	FALSE	0.192356	696	4	108131207	109122458	0.233420764044944
crohn	0.000387092	0.000670327	FALSE	0.11265	696	4	108131207	109122458	0.145820566299942
uc	0.000820166	0.00148074	FALSE	0.0038724	696	4	108131207	109122458	0.0102702782608696
cad	4.69452e-05	9.11354e-05	FALSE	0.0288095	696	4	108131207	109122458	0.0437498847941567
psoriasis	0.000144652	0.000506006	FALSE	0.145746	697	4	109122459	109978982	0.186610171902786
psa	0.000281271	0.000584693	FALSE	0.287274	697	4	109122459	109978982	0.338832802424242
crohn	0.000461169	0.000798606	FALSE	0.098114	697	4	109122459	109978982	0.129773046773239
uc	0.000425183	0.000767631	FALSE	0.0878355	697	4	109122459	109978982	0.1227015
cad	2.29447e-05	4.45429e-05	FALSE	0.182959	697	4	109122459	109978982	0.206630732345679
psoriasis	0.000651008	0.00227729	FALSE	0.000573984	698	4	109978983	111733579	0.002017296
psa	0.0018744	0.00389642	FALSE	0.0067366	698	4	109978983	111733579	0.0238353156363636
crohn	0.00122542	0.00212207	FALSE	0.00680618	698	4	109978983	111733579	0.0150395708407517
uc	0.00129531	0.00233857	FALSE	0.00172094	698	4	109978983	111733579	0.00539113300998573
cad	9.01675e-05	0.000175043	FALSE	0.00685183	698	4	109978983	111733579	0.0128023980473856
psoriasis	0.000191053	0.00066832	FALSE	0.0874515	699	4	111733580	112830229	0.123541687377371
psa	0.00101355	0.00210692	FALSE	0.0360849	699	4	111733580	112830229	0.0787164627099664
crohn	0.000408486	0.000707375	FALSE	0.123638	699	4	111733580	112830229	0.157652563926941
uc	0.000156372	0.000282316	FALSE	0.292453	699	4	111733580	112830229	0.323051704225352
cad	1.24153e-05	2.4102e-05	FALSE	0.30175	699	4	111733580	112830229	0.318312845940959
psoriasis	0.000327633	0.00114609	FALSE	0.0135405	700	4	112830230	113916002	0.0272069581395349
psa	0.000840438	0.00174707	FALSE	0.0645736	700	4	112830230	113916002	0.118977924503311
crohn	0.00073597	0.00127448	FALSE	0.0241946	700	4	112830230	113916002	0.042293220970266
uc	0.000788214	0.00142305	FALSE	0.0090758	700	4	112830230	113916002	0.0198906754491018
cad	6.8835e-05	0.00013363	FALSE	0.00727004	700	4	112830230	113916002	0.0134628190121457
psoriasis	0.000206505	0.000722375	FALSE	0.1228	701	4	113916003	115306149	0.162032987171655
psa	4.32317e-05	8.98681e-05	FALSE	0.460468	701	4	113916003	115306149	0.466703504166667
crohn	0.00072743	0.00125969	FALSE	0.0590256	701	4	113916003	115306149	0.087467173872679
uc	0.00056517	0.00102037	FALSE	0.0809888	701	4	113916003	115306149	0.114668861895551
cad	6.75999e-05	0.000131232	FALSE	0.0263281	701	4	113916003	115306149	0.0404381226997985
psoriasis	0.000131053	0.000458436	FALSE	0.118191	702	4	115306150	116204703	0.157393686806412
psa	9.52247e-05	0.000197949	FALSE	0.388935	702	4	115306150	116204703	0.41862141039823
cad	1.08026e-05	2.09713e-05	FALSE	0.28286	702	4	115306150	116204703	0.301164255121043
psoriasis	0.000140479	0.000491409	FALSE	0.0825723	703	4	116204704	117313636	0.118194942345924
crohn	0.00039303	0.00068061	FALSE	0.0659609	703	4	116204704	117313636	0.0949462954896907
uc	4.50233e-05	8.12856e-05	FALSE	0.393306	703	4	116204704	117313636	0.409558685633001
cad	1.15414e-06	2.24054e-06	FALSE	0.448458	703	4	116204704	117313636	0.451816496035242
psoriasis	5.98793e-05	0.000209463	FALSE	0.305458	704	4	117313637	118395262	0.336284036697248
crohn	0.000678601	0.00117513	FALSE	0.0263233	704	4	117313637	118395262	0.0454102333590734
uc	0.000482112	0.000870412	FALSE	0.0541449	704	4	117313637	118395262	0.0833816272089762
cad	2.54618e-05	4.94293e-05	FALSE	0.145793	704	4	117313637	118395262	0.171516764917695
psa	0.000241345	0.000501698	FALSE	0.271722	705	4	118395263	119138097	0.325559213538462
crohn	0.00023584	0.000408405	FALSE	0.193309	705	4	118395263	119138097	0.225746108729744
uc	0.000465575	0.000840555	FALSE	0.0371884	705	4	118395263	119138097	0.061035669955157
cad	2.87815e-05	5.58739e-05	FALSE	0.0870494	705	4	118395263	119138097	0.111593036883408
psa	2.5428e-05	5.28585e-05	FALSE	0.45377	706	4	119138098	119927262	0.463050036706869
crohn	0.000975366	0.00168904	FALSE	0.00150726	706	4	119138098	119927262	0.00430590644501279
uc	4.60304e-05	8.31039e-05	FALSE	0.405095	706	4	119138098	119927262	0.418039765037594
cad	2.57648e-05	5.00175e-05	FALSE	0.113816	706	4	119138098	119927262	0.13994472688172
psa	0.000126467	0.000262894	FALSE	0.338195	707	4	119927263	120563073	0.381523171014493
crohn	0.000321723	0.000557128	FALSE	0.0909879	707	4	119927263	120563073	0.121562983144053
cad	7.30578e-05	0.000141828	FALSE	0.000266021	707	4	119927263	120563073	0.000871618949856734
psoriasis	0.000138893	0.00048586	FALSE	0.114907	708	4	120563074	121393008	0.153493580705009
psa	0.000323477	0.00067243	FALSE	0.225385	708	4	120563074	121393008	0.285175039011703
crohn	0.00024396	0.000422466	FALSE	0.196041	708	4	120563074	121393008	0.228128633333333
cad	0.000199818	0.000387909	FALSE	1.25594e-11	708	4	120563074	121393008	3.08853202150538e-10
psoriasis	9.55431e-05	0.000334219	FALSE	0.185296	709	4	121393009	121981243	0.22612393220339
psa	0.000706394	0.00146842	FALSE	0.0573504	709	4	121393009	121981243	0.109738326843658
crohn	0.00037847	0.000655397	FALSE	0.0933907	709	4	121393009	121981243	0.1242467025
uc	0.000338099	0.000610407	FALSE	0.0895405	709	4	121393009	121981243	0.124449960759494
cad	2.41237e-05	4.68316e-05	FALSE	0.122773	709	4	121393009	121981243	0.149112642781316
psoriasis	0.000410221	0.00143499	FALSE	0.00232715	710	4	121981244	122655434	0.00645208615384615
psa	0.00115926	0.00240982	FALSE	0.016961	710	4	121981244	122655434	0.0467508583569405
crohn	0.000803314	0.0013911	FALSE	0.0128466	710	4	121981244	122655434	0.02505257504363
uc	0.00107635	0.00194326	FALSE	0.000608996	710	4	121981244	122655434	0.00227441363265306
psoriasis	0.0014167	0.00495574	FALSE	4.83308e-16	711	4	122655435	123768693	2.485584e-14
psa	0.00157026	0.00326418	FALSE	0.00185599	711	4	122655435	123768693	0.00968299340482574
crohn	0.00160849	0.00278543	FALSE	1.14308e-05	711	4	122655435	123768693	7.07379700831025e-05
uc	0.000764605	0.00138043	FALSE	0.00591046	711	4	122655435	123768693	0.0144226504328524
psoriasis	0.000451049	0.00157781	FALSE	0.000433279	712	4	123768694	124534997	0.00160253876712329
crohn	0.000397783	0.000688842	FALSE	0.0950961	712	4	123768694	124534997	0.126304808204518
uc	0.000635745	0.00114778	FALSE	0.0127141	712	4	123768694	124534997	0.0261424752808989
cad	2.23468e-05	4.33821e-05	FALSE	0.152001	712	4	123768694	124534997	0.177089295466123
psoriasis	0.000251303	0.00087908	FALSE	0.0258183	713	4	124534998	125486535	0.0463413134328358
psa	0.000533962	0.00110998	FALSE	0.130339	713	4	124534998	125486535	0.196281115235886
uc	0.000885601	0.00159887	FALSE	0.00193926	713	4	124534998	125486535	0.0059146107628294
psoriasis	0.000615854	0.00215432	FALSE	0.000106915	714	4	125486536	126476842	0.00049941252699784
crohn	0.000701388	0.00121459	FALSE	0.0353762	714	4	125486536	126476842	0.0575604011653314
uc	0.000210937	0.000380828	FALSE	0.248155	714	4	125486536	126476842	0.28221045054376
cad	0.000124411	0.000241521	FALSE	4.28449e-05	714	4	125486536	126476842	0.000175602663620072
psoriasis	0.000232324	0.000812693	FALSE	0.0323746	715	4	126476843	127279171	0.0560159423538831
psa	0.000499476	0.00103829	FALSE	0.140475	715	4	126476843	127279171	0.206468542296073
crohn	0.000358924	0.000621548	FALSE	0.120446	715	4	126476843	127279171	0.154198489398281
cad	1.9907e-05	3.86458e-05	FALSE	0.181623	715	4	126476843	127279171	0.205426212166172
crohn	0.000289206	0.000500818	FALSE	0.172937	716	4	127279172	128321876	0.206931579003749
uc	0.000258117	0.000466008	FALSE	0.168837	716	4	127279172	128321876	0.209000029312289
cad	2.40775e-05	4.67419e-05	FALSE	0.146049	716	4	127279172	128321876	0.171729595372751
psa	0.000675303	0.00140379	FALSE	0.087008	717	4	128321877	129625376	0.147360807658834
cad	9.73875e-05	0.00018906	FALSE	0.000182959	717	4	128321877	129625376	0.00063280115407855
psoriasis	7.85807e-05	0.000274883	FALSE	0.289171	718	4	129625377	131098950	0.320970894141829
psa	0.000507606	0.00105519	FALSE	0.189499	718	4	129625377	131098950	0.252751921864291
uc	0.000110009	0.000198612	FALSE	0.357027	718	4	129625377	131098950	0.37875907826087
cad	9.01361e-05	0.000174982	FALSE	0.00198133	718	4	129625377	131098950	0.0045403824749499
crohn	0.000623745	0.00108014	FALSE	0.0320182	719	4	131098951	131873453	0.0531398445434298
cad	4.89343e-05	9.49967e-05	FALSE	0.0250089	719	4	131098951	131873453	0.0389084042857143
crohn	3.4299e-05	5.93956e-05	FALSE	0.42017	720	4	131873454	132801980	0.430183217231897
uc	0.000278195	0.000502257	FALSE	0.107705	720	4	131873454	132801980	0.14555088
cad	1.93118e-05	3.74902e-05	FALSE	0.147589	720	4	131873454	132801980	0.173095406666667
psoriasis	2.31833e-05	8.10975e-05	FALSE	0.368326	721	4	132801981	133524886	0.38922904109589
crohn	0.000255885	0.000443116	FALSE	0.127339	721	4	132801981	133524886	0.161267191609977
uc	7.32334e-05	0.000132216	FALSE	0.32979	721	4	132801981	133524886	0.356933878758009
psoriasis	1.58153e-05	5.53234e-05	FALSE	0.398417	722	4	133524887	134109978	0.412795862068966
psa	0.000187346	0.000389446	FALSE	0.270308	722	4	133524887	134109978	0.324576233189389
crohn	0.000356203	0.000616837	FALSE	0.0626363	722	4	133524887	134109978	0.0912782088714938
uc	0.000369469	0.000667043	FALSE	0.0381541	722	4	133524887	134109978	0.062294723866171
cad	1.53129e-05	2.97271e-05	FALSE	0.167861	722	4	133524887	134109978	0.192623234821877
crohn	0.000812625	0.00140722	FALSE	0.0134286	723	4	134109979	135809542	0.0259062974093264
cad	3.02648e-05	5.87535e-05	FALSE	0.115601	723	4	134109979	135809542	0.14191184863124
psa	5.29733e-05	0.000110119	FALSE	0.443851	724	4	135809543	137400031	0.4562778901215
crohn	0.000629137	0.00108948	FALSE	0.0480827	724	4	135809543	137400031	0.0744398834372834
uc	0.00127041	0.00229361	FALSE	0.000237097	724	4	135809543	137400031	0.00105397775708502
psoriasis	0.000249935	0.000874297	FALSE	0.0623304	725	4	137400032	138537344	0.0944797642105263
psa	0.00118545	0.00246427	FALSE	0.033541	725	4	137400032	138537344	0.074680533180778
crohn	0.00152815	0.0026463	FALSE	0.000383755	725	4	137400032	138537344	0.00136950266773163
uc	0.000472109	0.000852352	FALSE	0.0950967	725	4	137400032	138537344	0.131020606524467
cad	0.000218575	0.000424322	FALSE	1.70885e-09	725	4	137400032	138537344	2.60542663333333e-08
psoriasis	0.0005232	0.0018302	FALSE	0.000740294	726	4	138537345	139553760	0.00245627502304147
psa	0.00133758	0.0027805	FALSE	0.0145099	726	4	138537345	139553760	0.0418929114074074
crohn	0.000366409	0.000634511	FALSE	0.162093	726	4	138537345	139553760	0.19605617866811
uc	0.000519559	0.000938017	FALSE	0.0625954	726	4	138537345	139553760	0.0932561047489824
cad	5.93457e-05	0.000115209	FALSE	0.0213876	726	4	138537345	139553760	0.0340149104311544
psoriasis	0.000633539	0.00221618	FALSE	0.00135057	727	4	139553761	141087047	0.00404609042995839
psa	0.003304	0.00686821	FALSE	4.72681e-05	727	4	139553761	141087047	0.000571327469565217
crohn	0.00134766	0.00233374	FALSE	0.00542941	727	4	139553761	141087047	0.0125302705991736
uc	0.00101131	0.00182584	FALSE	0.0135501	727	4	139553761	141087047	0.0275263826086957
cad	0.000216619	0.000420525	FALSE	1.72481e-07	727	4	139553761	141087047	1.52302720849421e-06
psoriasis	0.000247686	0.000866428	FALSE	0.0792564	728	4	141087048	142807914	0.114129216
psa	0.000979392	0.00203592	FALSE	0.0769342	728	4	141087048	142807914	0.13451388427673
crohn	0.000581864	0.00100761	FALSE	0.0962414	728	4	141087048	142807914	0.127598390267062
uc	0.000716182	0.001293	FALSE	0.0371047	728	4	141087048	142807914	0.0609438453253553
cad	0.00010468	0.000203217	FALSE	0.00158238	728	4	141087048	142807914	0.00383358375
psoriasis	0.000553875	0.00193751	FALSE	0.00023165	729	4	142807915	144401042	0.000967822050290135
crohn	0.000207272	0.000358933	FALSE	0.267156	729	4	142807915	144401042	0.29443833448446
uc	0.000639334	0.00115426	FALSE	0.0255258	729	4	142807915	144401042	0.0456918337408313
cad	4.67962e-05	9.0846e-05	FALSE	0.042513	729	4	142807915	144401042	0.0611876847073631
psoriasis	0.00030606	0.00107063	FALSE	0.0116206	730	4	144401043	146174871	0.0240887677543186
crohn	0.00111653	0.0019335	FALSE	0.000967072	730	4	144401043	146174871	0.00293937258231293
uc	0.000481589	0.000869467	FALSE	0.048142	730	4	144401043	146174871	0.0755141657142857
cad	4.85027e-05	9.4159e-05	FALSE	0.0253215	730	4	144401043	146174871	0.0393412163722826
psoriasis	0.00039027	0.0013652	FALSE	0.0070484	731	4	146174872	147161042	0.0161081088607595
crohn	0.0010639	0.00184235	FALSE	0.00468443	731	4	146174872	147161042	0.0110507039281943
uc	0.00131584	0.00237564	FALSE	0.000218041	731	4	146174872	147161042	0.000989522127835052
cad	0.000113701	0.000220728	FALSE	0.000159031	731	4	146174872	147161042	0.000558684941628264
crohn	0.00100281	0.00173657	FALSE	0.00410442	732	4	147161043	148462208	0.00990202406047516
uc	0.000134268	0.000242409	FALSE	0.313247	732	4	147161043	148462208	0.342574906374502
cad	0.000576566	0.00111929	FALSE	7.61452e-41	732	4	147161043	148462208	1.741440724e-38
psoriasis	0.000300168	0.00105002	FALSE	0.0403258	733	4	148462209	149998528	0.0670028676923077
psa	0.000523261	0.00108773	FALSE	0.204039	733	4	148462209	149998528	0.265591902341137
crohn	0.00198484	0.00343716	FALSE	2.17609e-05	733	4	148462209	149998528	0.0001215346265
uc	0.00202098	0.00364871	FALSE	1.64487e-06	733	4	148462209	149998528	1.91118228571429e-05
cad	0.000224126	0.000435098	FALSE	2.27116e-09	733	4	148462209	149998528	3.37518133116883e-08
psa	0.00100046	0.00207971	FALSE	0.0199967	734	4	149998529	151014322	0.052162973458445
crohn	0.000872432	0.00151079	FALSE	0.0041812	734	4	149998529	151014322	0.010043871827957
uc	0.000502622	0.00090744	FALSE	0.0338042	734	4	149998529	151014322	0.0565377175932978
psoriasis	1.88399e-05	6.59036e-05	FALSE	0.403623	735	4	151014323	152162098	0.416543564261825
crohn	0.000134045	0.000232126	FALSE	0.28873	735	4	151014323	152162098	0.31403253164557
psoriasis	0.000191412	0.000669579	FALSE	0.093793	736	4	152162099	153520883	0.130545695876289
psa	0.00129181	0.00268536	FALSE	0.0152038	736	4	152162099	153520883	0.0430663679767103
crohn	0.000276104	0.00047813	FALSE	0.217536	736	4	152162099	153520883	0.247418340793489
uc	0.000695028	0.00125481	FALSE	0.0204701	736	4	152162099	153520883	0.0381923021240442
cad	6.74646e-05	0.00013097	FALSE	0.0100253	736	4	152162099	153520883	0.0176581400307929
psoriasis	0.00109758	0.00383942	FALSE	7.65322e-07	737	4	153520884	155044409	8.02473553398058e-06
psa	0.00351552	0.0073079	FALSE	2.51925e-05	737	4	153520884	155044409	0.000389315833333333
crohn	0.00237255	0.00410855	FALSE	1.58254e-05	737	4	153520884	155044409	9.30366936842105e-05
uc	0.0022628	0.00408529	FALSE	3.66163e-06	737	4	153520884	155044409	3.5893864e-05
cad	0.000146142	0.000283708	FALSE	0.000194759	737	4	153520884	155044409	0.000666787175149701
psoriasis	0.000286028	0.00100055	FALSE	0.0486532	738	4	155044410	156520288	0.0779606172106825
psa	0.00175387	0.00364586	FALSE	0.00613112	738	4	155044410	156520288	0.0222596259701493
crohn	0.000387624	0.000671249	FALSE	0.178334	738	4	155044410	156520288	0.212026692921767
uc	0.00102183	0.00184482	FALSE	0.00554145	738	4	155044410	156520288	0.0137347902934537
cad	0.000288691	0.000560439	FALSE	3.65689e-13	738	4	155044410	156520288	1.21207354057971e-11
psoriasis	6.37059e-05	0.000222849	FALSE	0.33177	739	4	156520289	157597309	0.359570095333668
crohn	0.00159909	0.00276915	FALSE	0.000250247	739	4	156520289	157597309	0.000950768363945578
uc	0.00239884	0.00433089	FALSE	1.79379e-08	739	4	156520289	157597309	3.93916284e-07
cad	0.000328796	0.000638295	FALSE	1.75113e-16	739	4	156520289	157597309	9.10189615909091e-15
psoriasis	0.00031788	0.00111197	FALSE	0.0194014	740	4	157597310	159176073	0.0363460745880312
psa	0.000332194	0.00069055	FALSE	0.266725	740	4	157597310	159176073	0.322037061376317
crohn	0.000759637	0.00131546	FALSE	0.0255897	740	4	157597310	159176073	0.0443158060465116
uc	0.00123476	0.00222925	FALSE	0.000370029	740	4	157597310	159176073	0.0015160143358209
cad	3.0148e-05	5.85267e-05	FALSE	0.133451	740	4	157597310	159176073	0.159624705543933
psa	0.000562115	0.0011685	FALSE	0.154046	741	4	159176074	160828480	0.220259747244673
crohn	6.41591e-05	0.000111104	FALSE	0.412261	741	4	159176074	160828480	0.423444171954023
uc	0.000966745	0.00174537	FALSE	0.00294535	741	4	159176074	160828480	0.00833939489690722
cad	6.60573e-05	0.000128238	FALSE	0.0109848	741	4	159176074	160828480	0.0190175909159727
psoriasis	0.00039912	0.00139616	FALSE	0.00323401	742	4	160828481	161666201	0.0084467492140266
psa	0.000206468	0.000429196	FALSE	0.328238	742	4	160828481	161666201	0.373757254534816
uc	0.000475191	0.000857916	FALSE	0.0600264	742	4	160828481	161666201	0.0906588544704264
cad	4.76211e-05	9.24474e-05	FALSE	0.0342606	742	4	160828481	161666201	0.0509785245283019
psoriasis	0.000131317	0.000459358	FALSE	0.108614	743	4	161666202	162239289	0.147572830188679
psa	0.000142946	0.00029715	FALSE	0.343071	743	4	161666202	162239289	0.384571524193548
uc	0.000603897	0.00109028	FALSE	0.0103293	743	4	161666202	162239289	0.0221948559686888
crohn	0.000387556	0.000671131	FALSE	0.145637	744	4	162239290	163245541	0.179852436705362
uc	0.000875276	0.00158023	FALSE	0.00632309	744	4	162239290	163245541	0.0152253351315789
cad	0.000140629	0.000273005	FALSE	6.16149e-06	744	4	162239290	163245541	3.31560650117647e-05
psa	0.000467822	0.000972488	FALSE	0.128476	745	4	163245542	163937103	0.194261302253302
crohn	0.0007079	0.00122587	FALSE	0.00895757	745	4	163245542	163937103	0.0187722433208255
uc	8.49889e-06	1.5344e-05	FALSE	0.460922	745	4	163245542	163937103	0.463603351648352
psoriasis	6.73432e-05	0.000235573	FALSE	0.295956	746	4	163937104	164781847	0.32769004613019
crohn	0.000739539	0.00128066	FALSE	0.0223048	746	4	163937104	164781847	0.0396096368839428
cad	3.56318e-05	6.91725e-05	FALSE	0.0854497	746	4	163937104	164781847	0.109850176447442
psoriasis	0.000420339	0.00147039	FALSE	0.00536949	747	4	164781848	165824650	0.012901110567297
psa	0.000914555	0.00190114	FALSE	0.0667762	747	4	164781848	165824650	0.121672738951311
uc	0.000359369	0.000648808	FALSE	0.144576	747	4	164781848	165824650	0.184051533913043
cad	3.1297e-05	6.07574e-05	FALSE	0.136674	747	4	164781848	165824650	0.162748444039563
psoriasis	0.00024619	0.000861197	FALSE	0.0573338	748	4	165824651	166702855	0.0889966518305815
crohn	0.00132858	0.0023007	FALSE	0.000974889	748	4	165824651	166702855	0.00295629433378562
uc	0.00130859	0.00236255	FALSE	0.000299106	748	4	165824651	166702855	0.0012651705
cad	3.21971e-05	6.25046e-05	FALSE	0.128618	748	4	165824651	166702855	0.154815455789474
psa	0.000273554	0.000568653	FALSE	0.267307	749	4	166702856	167643768	0.322292083023544
crohn	0.000340068	0.000588895	FALSE	0.134829	749	4	166702856	167643768	0.168743969747899
uc	0.00117358	0.0021188	FALSE	0.00011387	749	4	166702856	167643768	0.00060255065060241
cad	4.50909e-05	8.75355e-05	FALSE	0.0306495	749	4	166702856	167643768	0.046267595049505
psoriasis	0.000247382	0.000865366	FALSE	0.0308569	750	4	167643769	168623790	0.0540120777957861
psa	0.000304957	0.000633932	FALSE	0.254648	750	4	167643769	168623790	0.310757289028213
crohn	0.000357581	0.000619223	FALSE	0.132162	750	4	167643769	168623790	0.166244317567568
uc	0.000130552	0.000235701	FALSE	0.305185	750	4	167643769	168623790	0.33526076038019
cad	2.91692e-05	5.66266e-05	FALSE	0.110278	750	4	167643769	168623790	0.136919536373507
psoriasis	0.000395551	0.00138368	FALSE	0.00634064	751	4	168623791	169555114	0.0148222753246753
psa	0.000716479	0.00148939	FALSE	0.107197	751	4	168623791	169555114	0.171550462171053
uc	0.00100988	0.00182325	FALSE	0.00255504	751	4	168623791	169555114	0.0074211165653897
cad	3.56346e-05	6.91779e-05	FALSE	0.100586	751	4	168623791	169555114	0.127023844284925
psoriasis	0.000633309	0.00221537	FALSE	0.000136143	752	4	169555115	170682809	0.000620398481012658
psa	0.00102442	0.00212952	FALSE	0.0480142	752	4	169555115	170682809	0.0971812575883576
crohn	0.00263641	0.00456547	FALSE	1.65251e-08	752	4	169555115	170682809	2.49439685135135e-07
uc	2.83767e-05	5.12316e-05	FALSE	0.449708	752	4	169555115	170682809	0.454467909802117
cad	0.00014602	0.000283471	FALSE	6.8372e-06	752	4	169555115	170682809	3.61960101851852e-05
psoriasis	7.54e-05	0.000263756	FALSE	0.262833	753	4	170682810	171643019	0.299272156035846
crohn	0.000278045	0.000481491	FALSE	0.189634	753	4	170682810	171643019	0.222384438845144
cad	4.12591e-05	8.00969e-05	FALSE	0.048751	753	4	170682810	171643019	0.068568673755378
psoriasis	7.1861e-05	0.000251377	FALSE	0.2399	754	4	171643020	172555990	0.278216107238606
psa	1.05442e-05	2.19189e-05	FALSE	0.465933	754	4	171643020	172555990	0.469795656994819
crohn	0.000417894	0.000723668	FALSE	0.0718768	754	4	171643020	172555990	0.101243865825977
cad	6.91687e-07	1.34278e-06	FALSE	0.462327	754	4	171643020	172555990	0.464561445079086
psoriasis	0.000138079	0.000483012	FALSE	0.202659	755	4	172555991	174470206	0.242920887902331
psa	0.00158523	0.00329531	FALSE	0.0119336	755	4	172555991	174470206	0.0363423874804382
crohn	0.00300189	0.00519837	FALSE	5.11248e-09	755	4	172555991	174470206	9.137024256e-08
uc	0.000305261	0.000551121	FALSE	0.204763	755	4	172555991	174470206	0.243059215135135
cad	0.000167968	0.000326079	FALSE	2.88395e-06	755	4	172555991	174470206	1.75053859102902e-05
psoriasis	0.000331337	0.00115905	FALSE	0.0185637	756	4	174470207	175295842	0.0350503426573427
psa	0.00136254	0.00283239	FALSE	0.0146301	756	4	174470207	175295842	0.0420534336779911
crohn	0.000261415	0.000452693	FALSE	0.23914	756	4	174470207	175295842	0.267788852130326
uc	0.000295497	0.000533493	FALSE	0.185193	756	4	174470207	175295842	0.22380598019802
cad	5.31774e-05	0.000103234	FALSE	0.0358929	756	4	174470207	175295842	0.0529110842342342
psoriasis	0.000226229	0.000791371	FALSE	0.0504074	757	4	175295843	175959697	0.0800623058823529
psa	0.000876515	0.00182206	FALSE	0.0510038	757	4	175295843	175959697	0.100764867817259
crohn	0.000833465	0.00144331	FALSE	0.0111819	757	4	175295843	175959697	0.0224845765976598
cad	2.43778e-05	4.73248e-05	FALSE	0.160303	757	4	175295843	175959697	0.18543902933738
psoriasis	0.000566009	0.00197995	FALSE	0.000683262	758	4	175959698	177129678	0.00229525026438569
psa	6.083e-05	0.000126451	FALSE	0.444202	758	4	175959698	177129678	0.456393450421941
crohn	0.00156312	0.00270686	FALSE	0.000278279	758	4	175959698	177129678	0.00104133213735343
uc	0.000935563	0.00168908	FALSE	0.00690847	758	4	175959698	177129678	0.0163129033548387
cad	0.00013316	0.000258504	FALSE	4.51398e-05	758	4	175959698	177129678	0.000183040288297872
psoriasis	0.000788613	0.00275864	FALSE	4.99501e-05	759	4	177129679	178314527	0.000270901353383459
psa	0.0027493	0.00571512	FALSE	0.000201273	759	4	177129679	178314527	0.00183886036619718
crohn	0.00187858	0.00325314	FALSE	0.000119826	759	4	177129679	178314527	0.000514790930769231
uc	0.00169895	0.00306731	FALSE	7.91493e-05	759	4	177129679	178314527	0.00045619911496063
cad	0.000138774	0.000269405	FALSE	0.000116411	759	4	177129679	178314527	0.000420587609794629
psoriasis	3.77354e-05	0.000132002	FALSE	0.372467	760	4	178314528	179233905	0.3928362890625
uc	9.92329e-05	0.000179156	FALSE	0.354891	760	4	178314528	179233905	0.377039494920174
psoriasis	9.22145e-05	0.000322575	FALSE	0.239432	761	4	179233906	179932391	0.278050064516129
uc	0.000142895	0.000257985	FALSE	0.304451	761	4	179233906	179932391	0.33462181981982
cad	1.60495e-05	3.11571e-05	FALSE	0.253568	761	4	179233906	179932391	0.274578606060606
psa	0.000137378	0.000285575	FALSE	0.377334	762	4	179932392	180540877	0.411368047058824
crohn	9.1989e-05	0.000159297	FALSE	0.375048	762	4	179932392	180540877	0.390791619402985
uc	0.000871607	0.00157361	FALSE	0.00391967	762	4	179932392	180540877	0.0103705967710843
cad	3.66124e-05	7.10762e-05	FALSE	0.0763419	762	4	179932392	180540877	0.100111195699541
psoriasis	6.25091e-06	2.18663e-05	FALSE	0.462119	763	4	180540878	181122433	0.465193140726934
crohn	0.000512467	0.00088744	FALSE	0.0736977	763	4	180540878	181122433	0.103352581167608
uc	8.16702e-06	1.47448e-05	FALSE	0.469878	763	4	180540878	181122433	0.471596018281536
cad	3.13873e-05	6.09325e-05	FALSE	0.110132	763	4	180540878	181122433	0.136919536373507
psoriasis	0.000608311	0.00212793	FALSE	0.00130227	764	4	181122434	182065646	0.00393413034965035
crohn	0.000930353	0.00161109	FALSE	0.0298154	764	4	181122434	182065646	0.050080904962406
uc	0.00158795	0.0028669	FALSE	0.00027487	764	4	181122434	182065646	0.00118588314341847
cad	0.000211562	0.000410707	FALSE	1.23182e-07	764	4	181122434	182065646	1.15457882786885e-06
psoriasis	0.000438437	0.00153369	FALSE	0.0162044	765	4	182065647	182946258	0.031504504050405
psa	0.00283275	0.0058886	FALSE	0.000359006	765	4	182065647	182946258	0.00282844403238866
crohn	0.00214674	0.00371751	FALSE	5.84202e-05	765	4	182065647	182946258	0.000286836762197802
uc	0.00198852	0.0035901	FALSE	2.58579e-05	765	4	182065647	182946258	0.000180266502857143
cad	0.000102418	0.000198826	FALSE	0.00460803	765	4	182065647	182946258	0.00915600748045178
psoriasis	0.000688107	0.00240706	FALSE	0.000245805	766	4	182946259	183603892	0.001011312
psa	0.000153493	0.000319075	FALSE	0.398389	766	4	182946259	183603892	0.425735856123009
crohn	0.00146338	0.00253414	FALSE	0.00152928	766	4	182946259	183603892	0.00434657954198473
uc	0.00102497	0.00185049	FALSE	0.00776859	766	4	182946259	183603892	0.0176969124896266
cad	0.000119996	0.00023295	FALSE	0.000559098	766	4	182946259	183603892	0.00161342514627995
psoriasis	0.000254418	0.00088998	FALSE	0.0672806	767	4	183603893	184338584	0.100432685556323
crohn	0.00102475	0.00177456	FALSE	0.0111383	767	4	183603893	184338584	0.0224170830630631
uc	0.000877111	0.00158355	FALSE	0.0126035	767	4	183603893	184338584	0.0259393495782568
cad	8.87197e-05	0.000172233	FALSE	0.00408969	767	4	183603893	184338584	0.00831388536
psoriasis	0.00104714	0.00366299	FALSE	5.20896e-06	768	4	184338585	185483262	3.97574332155477e-05
psa	0.00390759	0.00812293	FALSE	1.09824e-05	768	4	184338585	185483262	0.000229803767741936
crohn	0.00239525	0.00414786	FALSE	3.17919e-05	768	4	184338585	185483262	0.000170728616826923
uc	0.00424673	0.00766711	FALSE	9.6286e-14	768	4	184338585	185483262	6.60762675e-12
cad	0.000297768	0.000578061	FALSE	1.49987e-10	768	4	184338585	185483262	3.09027269369369e-09
psoriasis	0.000354881	0.00124141	FALSE	0.0156	769	4	185483263	186232882	0.0304390243902439
psa	0.00267921	0.00556943	FALSE	5.34785e-05	769	4	185483263	186232882	0.000630722187878788
crohn	0.00100356	0.00173787	FALSE	0.00898877	769	4	185483263	186232882	0.0187892344672897
psoriasis	0.000513198	0.00179522	FALSE	0.00287659	770	4	186232883	186881568	0.00767090666666667
psa	0.00163149	0.00339146	FALSE	0.0105512	770	4	186232883	186881568	0.0329576808988764
crohn	0.00146492	0.00253681	FALSE	0.00108865	770	4	186232883	186881568	0.00326011273458445
uc	0.000700263	0.00126426	FALSE	0.0384552	770	4	186232883	186881568	0.0626410220904374
cad	0.000154819	0.000300552	FALSE	1.29385e-05	770	4	186232883	186881568	6.30360457446809e-05
psoriasis	0.00102317	0.00357914	FALSE	1.97869e-06	771	4	186881569	187985393	1.73738634146341e-05
psa	0.00418575	0.00870116	FALSE	7.70296e-07	771	4	186881569	187985393	3.94472635789474e-05
crohn	0.00264624	0.0045825	FALSE	1.59742e-06	771	4	186881569	187985393	1.34159258646617e-05
uc	0.0021349	0.00385438	FALSE	7.31974e-06	771	4	186881569	187985393	6.22837966153846e-05
cad	0.000110454	0.000214425	FALSE	0.00250014	771	4	186881569	187985393	0.00549262265129683
psoriasis	0.000320806	0.00112221	FALSE	0.0418993	772	4	187985394	189153279	0.0691386462948816
psa	0.00178792	0.00371665	FALSE	0.00827997	772	4	187985394	189153279	0.0278287074611399
crohn	0.000955864	0.00165527	FALSE	0.0232856	772	4	187985394	189153279	0.0410576404104183
uc	0.000926288	0.00167233	FALSE	0.0144969	772	4	187985394	189153279	0.0291445163769442
cad	0.000142194	0.000276043	FALSE	8.78897e-05	772	4	187985394	189153279	0.000331689346369637
psoriasis	9.13776e-07	3.19648e-06	FALSE	0.481597	773	4	189153280	189899573	0.482043336422613
psa	9.16211e-05	0.000190458	FALSE	0.426255	773	4	189153280	189899573	0.444291499732191
crohn	0.000860688	0.00149045	FALSE	0.0234832	773	4	189153280	189899573	0.0413407949566588
uc	0.000811589	0.00146525	FALSE	0.0168142	773	4	189153280	189899573	0.0326183597173145
cad	4.33575e-05	8.41705e-05	FALSE	0.0803712	773	4	189153280	189899573	0.104496267424673
crohn	0.000770956	0.00133506	FALSE	0.0240668	774	4	189899574	191043880	0.0421357611285266
cad	1.11812e-05	2.17063e-05	FALSE	0.325673	774	4	189899574	191043880	0.338859941310282
psoriasis	0.000116422	0.000407254	FALSE	0.153394	775	5	10043	598320	0.194671586368978
crohn	0.000503726	0.000872302	FALSE	0.0496841	775	5	10043	598320	0.0762323347527473
uc	0.00123957	0.00223793	FALSE	3.07215e-05	775	5	10043	598320	0.000206946055214724
cad	1.08056e-05	2.09771e-05	FALSE	0.291197	775	5	10043	598320	0.308890324211503
psoriasis	3.88985e-05	0.000136071	FALSE	0.354699	776	5	598321	1206609	0.3783456
crohn	0.000762391	0.00132023	FALSE	0.0115845	776	5	598321	1206609	0.0231897607526882
uc	0.000451426	0.000815011	FALSE	0.054322	776	5	598321	1206609	0.0834787347795661
cad	2.08574e-05	4.04906e-05	FALSE	0.174472	776	5	598321	1206609	0.199011203990025
psoriasis	0.000757302	0.00264911	FALSE	0.000162099	777	5	1206610	2106885	0.000721925443298969
psa	0.00204399	0.00424895	FALSE	0.00499372	777	5	1206610	2106885	0.01943555824
crohn	0.00198968	0.00344552	FALSE	0.000115612	777	5	1206610	2106885	0.000499569067698259
uc	0.000346696	0.000625928	FALSE	0.203244	777	5	1206610	2106885	0.24177888624052
cad	0.000185846	0.000360785	FALSE	2.90098e-06	777	5	1206610	2106885	1.75053859102902e-05
psoriasis	0.000937687	0.00328012	FALSE	1.04368e-05	778	5	2106886	2960068	7.39130754098361e-05
psa	0.000914402	0.00190082	FALSE	0.116332	778	5	2106886	2960068	0.180960888888889
crohn	0.0034581	0.00598839	FALSE	2.5772e-09	778	5	2106886	2960068	5.05040771929825e-08
uc	0.00104335	0.00188367	FALSE	0.0117706	778	5	2106886	2960068	0.024689284351145
cad	0.000104911	0.000203665	FALSE	0.00382317	778	5	2106886	2960068	0.00784882386894075
psoriasis	0.000672892	0.00235384	FALSE	0.00047562	779	5	2960069	3677595	0.00174420916808149
psa	0.00161103	0.00334894	FALSE	0.017006	779	5	2960069	3677595	0.0468085940594059
crohn	0.00173563	0.00300558	FALSE	0.000432272	779	5	2960069	3677595	0.00150419882866044
uc	0.000988989	0.00178553	FALSE	0.0120217	779	5	2960069	3677595	0.0250233679620853
cad	0.000105317	0.000204454	FALSE	0.00257336	779	5	2960069	3677595	0.00562645728489484
psoriasis	1.30583e-05	4.56791e-05	FALSE	0.454302	780	5	3677596	4636542	0.460484429845143
crohn	0.000750696	0.00129998	FALSE	0.0465683	780	5	3677596	4636542	0.0722455431944444
uc	0.000112707	0.000203482	FALSE	0.369112	780	5	3677596	4636542	0.388949113243762
cad	7.98954e-05	0.000155102	FALSE	0.00934419	780	5	3677596	4636542	0.0166624616757599
psoriasis	0.0011597	0.00405676	FALSE	4.1149e-07	781	5	4636543	5828694	4.7785935483871e-06
psa	0.00227431	0.00472773	FALSE	0.0036881	781	5	4636543	5828694	0.0157046884026258
crohn	0.00397561	0.00688456	FALSE	8.86219e-11	781	5	4636543	5828694	2.95494514328358e-09
uc	0.00250493	0.00452242	FALSE	7.70965e-07	781	5	4636543	5828694	1.02559285301205e-05
cad	0.000189892	0.00036864	FALSE	5.8315e-06	781	5	4636543	5828694	3.1603413507109e-05
psoriasis	0.000657961	0.00230161	FALSE	0.000771484	782	5	5828695	6936733	0.00253308673748103
psa	0.00192995	0.00401189	FALSE	0.00736287	782	5	5828695	6936733	0.0256317442218247
crohn	0.00304361	0.00527063	FALSE	5.0185e-08	782	5	5828695	6936733	6.55633274853801e-07
uc	0.00185948	0.00335712	FALSE	4.98311e-05	782	5	5828695	6936733	0.000312654558857143
cad	0.000176682	0.000342994	FALSE	7.47466e-06	782	5	5828695	6936733	3.91179574828375e-05
psoriasis	0.000815645	0.00285321	FALSE	1.59716e-05	783	5	6936734	8079415	0.000105178829268293
psa	0.00257845	0.00535998	FALSE	0.000279643	783	5	6936734	8079415	0.00234503022317597
crohn	0.00113587	0.00196698	FALSE	0.00779816	783	5	6936734	8079415	0.0168068107039537
uc	0.00151115	0.00272824	FALSE	0.000219234	783	5	6936734	8079415	0.000990612888888889
cad	4.28383e-05	8.31625e-05	FALSE	0.0955696	783	5	6936734	8079415	0.121359064519711
psoriasis	0.000155136	0.000542681	FALSE	0.160925	784	5	8079416	9203855	0.201857142857143
psa	0.000646224	0.00134334	FALSE	0.146633	784	5	8079416	9203855	0.213076834328358
crohn	0.000586257	0.00101522	FALSE	0.0777546	784	5	8079416	9203855	0.107569520743034
uc	0.00128217	0.00231485	FALSE	0.000579397	784	5	8079416	9203855	0.00217869145890411
cad	1.6267e-05	3.15793e-05	FALSE	0.281301	784	5	8079416	9203855	0.299783498136067
psoriasis	0.00185844	0.00650099	FALSE	8.55313e-13	785	5	9203856	10549029	3.0791268e-11
psa	0.00293468	0.00610048	FALSE	0.000629959	785	5	9203856	10549029	0.00422724211724138
crohn	0.0022447	0.00388716	FALSE	0.00010353	785	5	9203856	10549029	0.000457992118811881
uc	0.00204255	0.00368765	FALSE	6.18005e-05	785	5	9203856	10549029	0.000373774885714286
cad	0.000249018	0.000483421	FALSE	5.12453e-08	785	5	9203856	10549029	5.32718186818182e-07
psoriasis	0.000472663	0.00165342	FALSE	0.0117256	786	5	10549030	11850850	0.0242366468899522
psa	0.00193297	0.00401817	FALSE	0.00878821	786	5	10549030	11850850	0.0290354102886248
crohn	0.00322477	0.00558434	FALSE	2.30913e-08	786	5	10549030	11850850	3.32812672258065e-07
uc	0.00185171	0.0033431	FALSE	7.91412e-05	786	5	10549030	11850850	0.00045619911496063
cad	0.000134111	0.000260352	FALSE	0.000477021	786	5	10549030	11850850	0.00140407377477477
crohn	9.81788e-05	0.000170016	FALSE	0.328776	787	5	11850851	12867189	0.349256102710414
cad	1.73822e-06	3.37442e-06	FALSE	0.437209	787	5	11850851	12867189	0.441385953662842
crohn	0.000335577	0.00058112	FALSE	0.098617	788	5	12867190	13608147	0.130361170414201
uc	0.00035116	0.000633988	FALSE	0.0657678	788	5	12867190	13608147	0.0971969979825151
cad	1.54852e-05	3.00616e-05	FALSE	0.196468	788	5	12867190	13608147	0.220472186457311
psoriasis	0.000384318	0.00134438	FALSE	0.0239894	789	5	13608148	14910295	0.0434342866722548
psa	0.00114797	0.00238634	FALSE	0.0616079	789	5	13608148	14910295	0.115230118731988
crohn	0.00330682	0.00572642	FALSE	3.06096e-09	789	5	13608148	14910295	5.84460225641026e-08
uc	0.00119814	0.00216313	FALSE	0.00373048	789	5	13608148	14910295	0.0099660998540146
cad	5.97101e-05	0.000115916	FALSE	0.0490294	789	5	13608148	14910295	0.0687915569325153
psoriasis	0.000426876	0.00149325	FALSE	0.00823236	790	5	14910296	16592319	0.0181633274770174
psa	0.00162239	0.00337256	FALSE	0.00980022	790	5	14910296	16592319	0.0315830322847682
crohn	0.000830956	0.00143897	FALSE	0.0310581	790	5	14910296	16592319	0.0517403395973154
uc	0.00213478	0.00385416	FALSE	6.17497e-07	790	5	14910296	16592319	8.58242665822785e-06
cad	8.67292e-05	0.000168369	FALSE	0.00520999	790	5	14910296	16592319	0.0102182690068493
psoriasis	0.000872913	0.00305353	FALSE	2.44263e-05	791	5	16592320	17803477	0.000149888659090909
psa	0.00204967	0.00426077	FALSE	0.00490003	791	5	16592320	17803477	0.0192247144758065
crohn	0.00323086	0.00559489	FALSE	9.83585e-09	791	5	16592320	17803477	1.58081215107914e-07
uc	0.00359291	0.00648669	FALSE	3.48787e-12	791	5	16592320	17803477	1.8681372e-10
cad	0.000153979	0.000298921	FALSE	6.04274e-05	791	5	16592320	17803477	0.000239095958131488
psoriasis	5.28353e-05	0.000184823	FALSE	0.32841	792	5	17803478	18791410	0.356465125628141
psa	7.31087e-05	0.000151975	FALSE	0.424198	792	5	17803478	18791410	0.443884270386266
crohn	7.71949e-05	0.000133678	FALSE	0.390833	792	5	17803478	18791410	0.404784850254984
uc	0.000304334	0.000549447	FALSE	0.149775	792	5	17803478	18791410	0.189243901035673
cad	8.90372e-05	0.000172849	FALSE	0.000781358	792	5	17803478	18791410	0.00213786352631579
psoriasis	0.000377246	0.00131964	FALSE	0.00735421	793	5	18791411	20397013	0.0164783128630705
psa	0.000231114	0.000480431	FALSE	0.324127	793	5	18791411	20397013	0.36972517116061
crohn	0.000499438	0.000864878	FALSE	0.0888131	793	5	18791411	20397013	0.119211121008403
uc	0.000324237	0.000585382	FALSE	0.152687	793	5	18791411	20397013	0.192480282433984
cad	4.28752e-05	8.32343e-05	FALSE	0.0604499	793	5	18791411	20397013	0.0823400365098273
psoriasis	7.52438e-05	0.00026321	FALSE	0.210531	794	5	20397014	21211399	0.250687409040794
crohn	0.000188982	0.00032726	FALSE	0.214328	794	5	20397014	21211399	0.244914962659847
uc	0.000715608	0.00129197	FALSE	0.00235933	794	5	20397014	21211399	0.0069687285483871
psoriasis	1.92858e-05	6.74636e-05	FALSE	0.408517	795	5	21211400	22149042	0.419988919562113
crohn	0.000968512	0.00167717	FALSE	0.00151278	795	5	21211400	22149042	0.00431295755414013
uc	0.000370116	0.000668212	FALSE	0.0753842	795	5	21211400	22149042	0.108411069548134
cad	2.00314e-05	3.88873e-05	FALSE	0.16604	795	5	21211400	22149042	0.191012816901408
psa	0.000117831	0.000244942	FALSE	0.391493	796	5	22149043	23246745	0.420676630590834
crohn	0.00108583	0.00188034	FALSE	0.00205367	796	5	22149043	23246745	0.00558818365408039
uc	0.00071235	0.00128609	FALSE	0.0130411	796	5	22149043	23246745	0.0267147906716418
cad	5.22548e-05	0.000101443	FALSE	0.0243887	796	5	22149043	23246745	0.0380990142759563
psoriasis	1.3767e-05	4.81582e-05	FALSE	0.43366	797	5	23246746	24362661	0.443096310312204
uc	0.000324323	0.000585537	FALSE	0.118013	797	5	23246746	24362661	0.156590059214502
cad	4.29289e-05	8.33384e-05	FALSE	0.0374127	797	5	23246746	24362661	0.0547427030710173
psa	0.000896134	0.00186284	FALSE	0.071172	798	5	24362662	25722097	0.127243739944904
crohn	0.000224925	0.000389503	FALSE	0.271396	798	5	24362662	25722097	0.298356029513035
uc	0.000659219	0.00119016	FALSE	0.0327071	798	5	24362662	25722097	0.0549539338944147
cad	5.44328e-05	0.000105671	FALSE	0.034936	798	5	24362662	25722097	0.0517478186528497
psoriasis	4.65987e-05	0.000163007	FALSE	0.353539	799	5	25722098	26938178	0.377667774480712
psa	0.00064226	0.0013351	FALSE	0.121675	799	5	25722098	26938178	0.186734660883281
crohn	0.00127248	0.00220355	FALSE	0.000803537	799	5	25722098	26938178	0.00251063168951049
uc	0.000552109	0.000996783	FALSE	0.0457523	799	5	25722098	26938178	0.0721781974137931
cad	4.99009e-05	9.68733e-05	FALSE	0.0357609	799	5	25722098	26938178	0.0527646311612903
psoriasis	0.000186465	0.000652274	FALSE	0.0895709	800	5	26938179	28315653	0.125631911688312
psa	0.000721194	0.00149919	FALSE	0.0913857	800	5	26938179	28315653	0.152127093413174
crohn	0.000266265	0.000461091	FALSE	0.214552	800	5	26938179	28315653	0.244920371997956
cad	3.49935e-05	6.79333e-05	FALSE	0.0899913	800	5	26938179	28315653	0.114657439052925
psoriasis	0.00029797	0.00104233	FALSE	0.0140608	801	5	28315654	29593755	0.0279920073732719
psa	0.000266011	0.000552971	FALSE	0.280624	801	5	28315654	29593755	0.333390905982906
uc	0.000103762	0.000187333	FALSE	0.339088	801	5	28315654	29593755	0.364660748285994
cad	3.71097e-05	7.20416e-05	FALSE	0.0649806	801	5	28315654	29593755	0.0875725587507366
psoriasis	0.000109913	0.000384486	FALSE	0.159263	802	5	29593756	30416066	0.200320512223516
psa	0.000369991	0.000769122	FALSE	0.19111	802	5	29593756	30416066	0.253957649146758
crohn	2.62619e-05	4.54778e-05	FALSE	0.440113	802	5	29593756	30416066	0.447321402183803
uc	0.000136735	0.000246862	FALSE	0.276713	802	5	29593756	30416066	0.308771213414634
cad	1.1588e-05	2.24959e-05	FALSE	0.275209	802	5	29593756	30416066	0.293838927637722
psoriasis	0.000336645	0.00117762	FALSE	0.0372679	803	5	30416067	31679464	0.0626448747081712
psa	0.001913	0.00397665	FALSE	0.00591253	803	5	30416067	31679464	0.0216645034210526
crohn	0.00152798	0.00264601	FALSE	0.00129402	803	5	30416067	31679464	0.0037978
uc	0.00159269	0.00287546	FALSE	0.000216403	803	5	30416067	31679464	0.000985935659751037
cad	5.80941e-05	0.000112779	FALSE	0.049922	803	5	30416067	31679464	0.0698724687882497
psoriasis	0.000113077	0.000395553	FALSE	0.269038	804	5	31679465	32727914	0.303934142259414
psa	0.00108539	0.00225626	FALSE	0.0756945	804	5	31679465	32727914	0.133425269021739
crohn	0.00235217	0.00407326	FALSE	9.8408e-06	804	5	31679465	32727914	6.26954597150997e-05
uc	0.00166947	0.00301407	FALSE	0.000197373	804	5	31679465	32727914	0.000934118767241379
cad	0.000206676	0.000401222	FALSE	3.35278e-07	804	5	31679465	32727914	2.76816168231047e-06
psoriasis	0.000836941	0.0029277	FALSE	7.22924e-06	805	5	32727915	33971056	5.34765698630137e-05
psa	0.000909357	0.00189033	FALSE	0.0850624	805	5	32727915	33971056	0.144671248558952
crohn	0.00111891	0.00193762	FALSE	0.0072181	805	5	32727915	33971056	0.0157626934506354
uc	0.000659305	0.00119032	FALSE	0.0442379	805	5	32727915	33971056	0.0701418255595668
cad	0.00014959	0.0002904	FALSE	1.69378e-05	805	5	32727915	33971056	7.84144708502024e-05
psoriasis	4.87015e-05	0.000170362	FALSE	0.372845	806	5	33971057	35157146	0.392851317073171
psa	0.00181346	0.00376974	FALSE	0.00524167	806	5	33971057	35157146	0.0200005682745098
crohn	0.000893919	0.001548	FALSE	0.0240218	806	5	33971057	35157146	0.0420899617254902
uc	0.000547701	0.000988827	FALSE	0.0774313	806	5	33971057	35157146	0.110588933333333
cad	0.000100201	0.000194522	FALSE	0.00191651	806	5	33971057	35157146	0.00441395606243706
psoriasis	0.000549782	0.00192319	FALSE	0.000579246	807	5	35157147	36431967	0.00202783040518639
uc	0.00144331	0.00260576	FALSE	9.76435e-05	807	5	35157147	36431967	0.000541477590909091
cad	1.62141e-05	3.14766e-05	FALSE	0.273576	807	5	35157147	36431967	0.292368370093458
psoriasis	0.000501559	0.0017545	FALSE	0.00189094	808	5	36431968	37925487	0.00540268571428571
psa	0.00121263	0.00252076	FALSE	0.0299286	808	5	36431968	37925487	0.0686804900943396
crohn	0.00142292	0.00246406	FALSE	0.000740218	808	5	36431968	37925487	0.00234559859858156
uc	0.000470615	0.000849654	FALSE	0.0942146	808	5	36431968	37925487	0.130041019233187
cad	3.19641e-05	6.20523e-05	FALSE	0.13993	808	5	36431968	37925487	0.165813424870466
psoriasis	0.00191438	0.0066967	FALSE	6.618e-16	809	5	37925488	39438985	3.32439069767442e-14
psa	0.00140874	0.00292842	FALSE	0.0314809	809	5	37925488	39438985	0.0710694099767981
crohn	0.00462404	0.00800745	FALSE	9.23461e-15	809	5	37925488	39438985	5.28977403589744e-13
uc	0.00325612	0.00587863	FALSE	7.80917e-11	809	5	37925488	39438985	3.429787464e-09
cad	9.73045e-05	0.000188898	FALSE	0.00485469	809	5	37925488	39438985	0.00959608991356958
psoriasis	0.000173748	0.000607786	FALSE	0.0643562	810	5	39438986	40290851	0.0966013842946491
crohn	0.00654198	0.0113288	FALSE	2.56211e-37	810	5	39438986	40290851	8.17679105714286e-35
uc	0.0015144	0.00273412	FALSE	7.73173e-07	810	5	39438986	40290851	1.02559285301205e-05
cad	7.66547e-05	0.000148811	FALSE	0.000764483	810	5	39438986	40290851	0.00209903221128451
psoriasis	0.000576108	0.00201528	FALSE	4.34156e-05	811	5	40290852	41279590	0.000238014456852792
psa	0.00109743	0.00228129	FALSE	0.0174028	811	5	40290852	41279590	0.0474471660167131
crohn	0.0136188	0.0235837	FALSE	1.77353e-87	811	5	40290852	41279590	9.90516505e-85
uc	0.0015778	0.00284857	FALSE	1.84673e-06	811	5	40290852	41279590	2.06909136734694e-05
cad	5.64875e-05	0.00010966	FALSE	0.0126553	811	5	40290852	41279590	0.0215027274145617
psoriasis	0.000219151	0.000766612	FALSE	0.03811	812	5	41279591	42856332	0.0639608391608392
psa	0.000589076	0.00122454	FALSE	0.101351	812	5	41279591	42856332	0.164241751873439
crohn	0.000532706	0.000922488	FALSE	0.0444988	812	5	41279591	42856332	0.0697355789621318
uc	0.000110004	0.000198603	FALSE	0.319024	812	5	41279591	42856332	0.347508285714286
cad	4.68135e-05	9.08797e-05	FALSE	0.0233198	812	5	41279591	42856332	0.0366042433768017
psa	0.000567663	0.00118003	FALSE	0.0891386	813	5	42856333	44049878	0.149925424027658
uc	0.000213554	0.000385553	FALSE	0.177227	813	5	42856333	44049878	0.216337127292941
cad	1.86064e-05	3.61209e-05	FALSE	0.16947	813	5	42856333	44049878	0.194177299599198
psoriasis	0.000153027	0.000535302	FALSE	0.0656093	814	5	44049879	45305566	0.0982774535367545
crohn	0.00020445	0.000354046	FALSE	0.196064	814	5	44049879	45305566	0.228128633333333
uc	0.000480643	0.000867759	FALSE	0.0211679	814	5	44049879	45305566	0.038997238590604
psoriasis	9.03203e-06	3.15949e-05	FALSE	0.399036	815	5	45305567	46388848	0.412795862068966
psa	0.000197701	0.000410973	FALSE	0.182632	815	5	45305567	46388848	0.24735852294854
cad	1.76683e-05	3.42997e-05	FALSE	0.0672688	815	5	45305567	46388848	0.0902309358357771
psoriasis	3.9607e-05	0.000138549	FALSE	0.249608	816	5	46388849	50164835	0.287242024507192
psa	5.53303e-05	0.000115018	FALSE	0.37354	816	5	46388849	50164835	0.408835118110236
crohn	0.000133833	0.000231759	FALSE	0.191985	816	5	46388849	50164835	0.224434583987441
uc	0.000257354	0.00046463	FALSE	0.0480832	816	5	46388849	50164835	0.0754758450321658
cad	1.31919e-05	2.56096e-05	FALSE	0.134035	816	5	46388849	50164835	0.16023943805541
psoriasis	0.000157859	0.000552205	FALSE	0.0928882	817	5	50164836	51203265	0.129592888315042
crohn	0.000560456	0.000970542	FALSE	0.0384615	817	5	50164836	51203265	0.0619041721902017
uc	0.000418603	0.00075575	FALSE	0.0624281	817	5	50164836	51203265	0.0930699983706721
cad	3.81849e-05	7.41288e-05	FALSE	0.0493528	817	5	50164836	51203265	0.0691604495098039
psoriasis	0.000362761	0.00126897	FALSE	0.00478048	818	5	51203266	52139773	0.0116751294915254
crohn	0.000105383	0.000182492	FALSE	0.354462	818	5	51203266	52139773	0.372643815529412
uc	0.000193051	0.000348536	FALSE	0.237872	818	5	51203266	52139773	0.272918971786834
cad	1.98696e-05	3.85732e-05	FALSE	0.195946	818	5	51203266	52139773	0.219994355424644
psoriasis	0.00023008	0.000804841	FALSE	0.0435741	819	5	52139774	52837225	0.0713571311599697
psa	0.00135372	0.00281405	FALSE	0.00703124	819	5	52139774	52837225	0.0246981823826715
crohn	0.000486784	0.000842964	FALSE	0.0753125	819	5	52139774	52837225	0.105352614276769
uc	0.000425719	0.000768599	FALSE	0.0755909	819	5	52139774	52837225	0.108495174117647
cad	9.37959e-05	0.000182087	FALSE	0.0003853	819	5	52139774	52837225	0.00117888429278075
psoriasis	0.000163029	0.000570292	FALSE	0.131215	820	5	52837226	53747856	0.171143174411587
psa	0.00141897	0.00294969	FALSE	0.0101906	820	5	52837226	53747856	0.0322488588617886
crohn	0.00160467	0.0027788	FALSE	8.90486e-05	820	5	52837226	53747856	0.000401888025050505
uc	0.00047798	0.00086295	FALSE	0.0760572	820	5	52837226	53747856	0.109021939425587
cad	0.000111371	0.000216206	FALSE	0.000185327	820	5	52837226	53747856	0.000639280315233786
psoriasis	0.000251723	0.000880551	FALSE	0.0638015	821	5	53747857	55221398	0.0960357073170732
psa	0.000450203	0.000935863	FALSE	0.227321	821	5	53747857	55221398	0.286692589760207
crohn	0.00102671	0.00177796	FALSE	0.00929873	821	5	53747857	55221398	0.0193420510428305
uc	0.000974844	0.00176	FALSE	0.00569229	821	5	53747857	55221398	0.0139824036241611
psoriasis	0.000800639	0.00280071	FALSE	2.07001e-05	822	5	55221399	55968966	0.000131506517647059
psa	0.00231689	0.00481624	FALSE	0.000781977	822	5	55221399	55968966	0.00497296484313725
crohn	0.00240985	0.00417314	FALSE	1.09211e-06	822	5	55221399	55968966	9.7982881124498e-06
uc	0.00228348	0.00412261	FALSE	2.07011e-07	822	5	55221399	55968966	3.36737893333333e-06
cad	0.0003934	0.000763712	FALSE	7.27634e-20	822	5	55221399	55968966	5.36806115483871e-18
psoriasis	0.000780544	0.00273042	FALSE	2.52742e-06	823	5	55968967	56896890	2.11597953488372e-05
psa	0.00111357	0.00231484	FALSE	0.0296347	823	5	55968967	56896890	0.0681668158392435
crohn	0.00114953	0.00199064	FALSE	0.00230309	823	5	55968967	56896890	0.00615442949760766
uc	0.000714162	0.00128936	FALSE	0.0184659	823	5	55968967	56896890	0.0350788204152249
cad	0.00012991	0.000252197	FALSE	2.04727e-05	823	5	55968967	56896890	9.18060096078431e-05
psoriasis	0.000237059	0.000829255	FALSE	0.048336	824	5	56896891	57895012	0.0775098440979955
psa	0.0011232	0.00233486	FALSE	0.0242831	824	5	56896891	57895012	0.0596652936868687
crohn	0.000648837	0.00112359	FALSE	0.0390266	824	5	56896891	57895012	0.0625882443646806
uc	9.20957e-05	0.000166271	FALSE	0.365433	824	5	56896891	57895012	0.385812917307692
cad	2.97814e-05	5.7815e-05	FALSE	0.125691	824	5	56896891	57895012	0.151851725832013
psoriasis	0.000330228	0.00115517	FALSE	0.01992	825	5	57895013	58721458	0.0370924137931034
psa	0.000681234	0.00141612	FALSE	0.126228	825	5	57895013	58721458	0.191606620904836
crohn	0.000541293	0.000937357	FALSE	0.0856981	825	5	57895013	58721458	0.116030033575758
uc	0.000661306	0.00119393	FALSE	0.0318478	825	5	57895013	58721458	0.0539227207401696
cad	1.83676e-05	3.56573e-05	FALSE	0.250894	825	5	57895013	58721458	0.272069501185396
psoriasis	6.21338e-05	0.00021735	FALSE	0.307475	826	5	58721459	59868567	0.337739969527679
crohn	0.000746408	0.00129255	FALSE	0.0209806	826	5	58721459	59868567	0.0375566189102564
uc	0.000631897	0.00114083	FALSE	0.0242583	826	5	58721459	59868567	0.0438085746710526
cad	9.74276e-05	0.000189137	FALSE	0.000385573	826	5	58721459	59868567	0.00117888429278075
psoriasis	0.000246637	0.000862761	FALSE	0.021504	827	5	59868568	60930753	0.0395644293015332
crohn	1.31609e-06	2.27908e-06	FALSE	0.474821	827	5	59868568	60930753	0.475459486329
uc	0.000196681	0.00035509	FALSE	0.206961	827	5	59868568	60930753	0.244874114224138
cad	7.55037e-05	0.000146576	FALSE	0.000930541	827	5	59868568	60930753	0.00251554050472813
psoriasis	6.14377e-05	0.000214915	FALSE	0.3109	828	5	60930754	62180368	0.340712328767123
psa	0.000494528	0.001028	FALSE	0.172465	828	5	60930754	62180368	0.238364268465909
crohn	0.00123891	0.00214543	FALSE	0.000806184	828	5	60930754	62180368	0.00251280444630404
uc	0.000339403	0.000612763	FALSE	0.132874	828	5	60930754	62180368	0.172555472501478
cad	0.000103241	0.000200423	FALSE	0.000226487	828	5	60930754	62180368	0.000759495262463343
psoriasis	9.42903e-05	0.000329836	FALSE	0.210176	829	5	62180369	63214089	0.250402735797021
psa	0.000687509	0.00142916	FALSE	0.0789002	829	5	62180369	63214089	0.136966805709188
crohn	0.000832821	0.0014422	FALSE	0.00733058	829	5	62180369	63214089	0.0159770885073171
uc	0.000441998	0.000797989	FALSE	0.0587344	829	5	62180369	63214089	0.0888297123966942
cad	3.35386e-05	6.51089e-05	FALSE	0.0765933	829	5	62180369	63214089	0.100268389868346
psoriasis	1.99007e-05	6.96146e-05	FALSE	0.415587	830	5	63214090	64438518	0.426823996203132
crohn	0.000440731	0.000763215	FALSE	0.0864053	830	5	63214090	64438518	0.116423064053076
cad	5.97282e-05	0.000115951	FALSE	0.00941	830	5	63214090	64438518	0.0167345800933126
psoriasis	1.09971e-05	3.84688e-05	FALSE	0.449735	831	5	64438519	65606870	0.456927375352775
psa	0.000365482	0.000759747	FALSE	0.239691	831	5	64438519	65606870	0.297663488194001
crohn	0.000953327	0.00165088	FALSE	0.00663324	831	5	64438519	65606870	0.014730276500994
uc	0.000558035	0.00100748	FALSE	0.0421918	831	5	64438519	65606870	0.0675807387308534
cad	1.94559e-05	3.777e-05	FALSE	0.219322	831	5	64438519	65606870	0.242313726570048
psoriasis	0.000124886	0.000436863	FALSE	0.237761	832	5	65606871	67096191	0.276406759956943
psa	0.00085296	0.00177309	FALSE	0.113962	832	5	65606871	67096191	0.177985595505618
crohn	0.0010867	0.00188184	FALSE	0.0127724	832	5	65606871	67096191	0.0249637284339458
uc	0.00208238	0.00375955	FALSE	3.52697e-06	832	5	65606871	67096191	3.51540032432432e-05
cad	7.40264e-05	0.000143708	FALSE	0.0188077	832	5	65606871	67096191	0.0305708670220327
psoriasis	0.000259186	0.000906657	FALSE	0.0613281	833	5	67096192	68006993	0.0932896551724138
psa	0.00198935	0.00413537	FALSE	0.00199708	833	5	67096192	68006993	0.0101862175979112
crohn	0.00256671	0.00444478	FALSE	1.10022e-07	833	5	67096192	68006993	1.30047168253968e-06
uc	0.00078195	0.00141174	FALSE	0.0203095	833	5	67096192	68006993	0.0379571591489362
cad	0.000274926	0.000533718	FALSE	1.00499e-12	833	5	67096192	68006993	3.10596233783784e-11
psoriasis	0.000391479	0.00136943	FALSE	0.0137486	834	5	68006994	71468651	0.0275737938718663
psa	0.000826425	0.00171794	FALSE	0.10393	834	5	68006994	71468651	0.167701310116086
crohn	0.00258214	0.0044715	FALSE	1.64258e-07	834	5	68006994	71468651	1.85329480808081e-06
uc	0.000176701	0.000319019	FALSE	0.305912	834	5	68006994	71468651	0.335723514242879
cad	5.07344e-05	9.84914e-05	FALSE	0.0575977	834	5	68006994	71468651	0.0791146786186186
psoriasis	0.00131465	0.00459876	FALSE	1.6768e-09	835	5	71468652	73314061	3.40829831775701e-08
psa	0.00104094	0.00216386	FALSE	0.0775996	835	5	71468652	73314061	0.135407248566308
crohn	0.0022862	0.00395902	FALSE	9.85054e-06	835	5	71468652	73314061	6.26954597150997e-05
uc	0.00233073	0.00420793	FALSE	5.64601e-07	835	5	71468652	73314061	7.99912126451613e-06
cad	0.000132027	0.000256306	FALSE	0.000288625	835	5	71468652	73314061	0.000927086200842697
psoriasis	0.000160531	0.000561552	FALSE	0.167497	836	5	73314062	74245354	0.20864678200692
psa	0.00293645	0.00610417	FALSE	3.78243e-05	836	5	73314062	74245354	0.000490707252
crohn	0.000776813	0.00134521	FALSE	0.0397513	836	5	73314062	74245354	0.0634955815582559
uc	0.000651737	0.00117665	FALSE	0.0459466	836	5	73314062	74245354	0.0724166444763271
cad	7.92959e-05	0.000153938	FALSE	0.00907638	836	5	73314062	74245354	0.0162550360689115
psa	0.000452531	0.000940702	FALSE	0.14439	837	5	74245355	75239302	0.210577607490637
uc	1.70524e-05	3.07866e-05	FALSE	0.448707	837	5	74245355	75239302	0.45388044198895
cad	0.000122989	0.00023876	FALSE	1.33352e-06	837	5	74245355	75239302	9.21377716012085e-06
psoriasis	0.000284223	0.00099424	FALSE	0.041702	838	5	75239303	75959515	0.0688656880733945
psa	0.000188103	0.00039102	FALSE	0.365587	838	5	75239303	75959515	0.403535055019852
crohn	0.000486454	0.000842393	FALSE	0.115887	838	5	75239303	75959515	0.149561847487002
uc	0.000899741	0.0016244	FALSE	0.00890786	838	5	75239303	75959515	0.019659960361809
cad	7.26955e-05	0.000141125	FALSE	0.0111297	838	5	75239303	75959515	0.019239322675737
psoriasis	0.000888608	0.00310844	FALSE	2.39864e-05	839	5	75959516	77290255	0.000148030354285714
psa	0.00178255	0.00370548	FALSE	0.0127922	839	5	75959516	77290255	0.0382978787692308
crohn	0.00329059	0.00569832	FALSE	9.52751e-09	839	5	75959516	77290255	1.54235198115942e-07
uc	0.00235141	0.00424527	FALSE	1.20535e-06	839	5	75959516	77290255	1.4870497752809e-05
cad	0.00015999	0.000310591	FALSE	4.55891e-05	839	5	75959516	77290255	0.000184534994159292
psoriasis	0.000341516	0.00119466	FALSE	0.0329491	840	5	77290256	79005158	0.0567092079681275
psa	0.00106137	0.00220633	FALSE	0.067073	840	5	77290256	79005158	0.121985100934579
crohn	0.000887051	0.00153611	FALSE	0.0302241	840	5	77290256	79005158	0.0506371100449775
uc	0.00165811	0.00299357	FALSE	9.82136e-05	840	5	77290256	79005158	0.000543267167758186
cad	0.00011172	0.000216883	FALSE	0.00111533	840	5	77290256	79005158	0.00289859057954545
psoriasis	0.000479904	0.00167875	FALSE	0.00975818	841	5	79005159	80448225	0.0208277359683794
psa	0.00127807	0.00265679	FALSE	0.0505108	841	5	79005159	80448225	0.100300017142857
crohn	0.00102101	0.00176808	FALSE	0.0242533	841	5	79005159	80448225	0.0423304603125
uc	0.00242652	0.00438086	FALSE	6.29757e-07	841	5	79005159	80448225	8.6977759245283e-06
cad	0.000197842	0.000384074	FALSE	1.22019e-06	841	5	79005159	80448225	8.56004457055215e-06
psa	0.000484974	0.00100814	FALSE	0.212474	842	5	80448226	81710194	0.273281165895572
crohn	0.00104879	0.00181619	FALSE	0.00838731	842	5	80448226	81710194	0.0178110746577947
uc	2.07924e-06	3.75389e-06	FALSE	0.481427	842	5	80448226	81710194	0.481646328929385
cad	0.000159128	0.000308918	FALSE	3.23351e-06	842	5	80448226	81710194	1.93587365706806e-05
crohn	0.000784573	0.00135865	FALSE	0.0308867	843	5	81710195	82720248	0.0515701702541106
uc	0.000143416	0.000258926	FALSE	0.328124	843	5	81710195	82720248	0.355656615992103
cad	3.83865e-05	7.45201e-05	FALSE	0.0995777	843	5	81710195	82720248	0.125819999944751
psoriasis	0.000283143	0.000990461	FALSE	0.0532733	844	5	82720249	84094797	0.0839929401459854
psa	0.00113557	0.00236057	FALSE	0.049031	844	5	82720249	84094797	0.0983750096807415
crohn	0.000610249	0.00105677	FALSE	0.0840516	844	5	82720249	84094797	0.114285620450396
uc	0.00101313	0.00182912	FALSE	0.00659678	844	5	82720249	84094797	0.0157120703687636
cad	5.38738e-05	0.000104586	FALSE	0.0515194	844	5	82720249	84094797	0.0719321537240537
psoriasis	0.00012691	0.000443943	FALSE	0.114246	845	5	84094798	84697850	0.153178994413408
psa	2.40004e-05	4.9891e-05	FALSE	0.451668	845	5	84094798	84697850	0.461873845507094
crohn	0.000191442	0.000331521	FALSE	0.225512	845	5	84094798	84697850	0.254312876325088
uc	0.000243546	0.000439701	FALSE	0.147159	845	5	84094798	84697850	0.186738655112652
cad	4.63158e-06	8.99135e-06	FALSE	0.383528	845	5	84094798	84697850	0.392626918531782
psoriasis	9.52453e-05	0.000333177	FALSE	0.120552	846	5	84697851	85311779	0.159523870177587
uc	8.74504e-06	1.57884e-05	FALSE	0.448504	846	5	84697851	85311779	0.45388044198895
cad	1.70904e-05	3.31778e-05	FALSE	0.130609	846	5	84697851	85311779	0.156881713760504
psoriasis	0.000103329	0.000361455	FALSE	0.215938	847	5	85311780	86493763	0.255575934246575
psa	4.19707e-05	8.72469e-05	FALSE	0.449491	847	5	85311780	86493763	0.460257150973172
crohn	0.000508764	0.000881026	FALSE	0.0769165	847	5	85311780	86493763	0.10672761552795
uc	1.11004e-05	2.00408e-05	FALSE	0.466352	847	5	85311780	86493763	0.468485357731016
cad	0.000105205	0.000204236	FALSE	0.000182534	847	5	85311780	86493763	0.000632507966666667
psa	0.000348873	0.000725222	FALSE	0.20835	848	5	86493764	87943482	0.269294871181939
crohn	3.91561e-05	6.78066e-05	FALSE	0.424159	848	5	86493764	87943482	0.433274442615455
uc	0.000168872	0.000304884	FALSE	0.242355	848	5	86493764	87943482	0.276617245322245
cad	6.87949e-05	0.000133552	FALSE	0.00234441	848	5	86493764	87943482	0.00523089333658537
psoriasis	0.000461981	0.00161605	FALSE	0.00277801	849	5	87943483	89584466	0.00749126292134831
psa	0.000702442	0.00146021	FALSE	0.118677	849	5	87943483	89584466	0.18387375955414
crohn	0.0019949	0.00345457	FALSE	5.72212e-06	849	5	87943483	89584466	3.98231030529595e-05
uc	0.000655959	0.00118428	FALSE	0.032354	849	5	87943483	89584466	0.0544857239263804
cad	0.000149845	0.000290896	FALSE	4.12836e-06	849	5	87943483	89584466	2.36162481e-05
psoriasis	0.000190475	0.000666301	FALSE	0.0978884	850	5	89584467	90793804	0.135450957078796
psa	0.000266886	0.000554791	FALSE	0.304507	850	5	89584467	90793804	0.353141014302741
crohn	0.000815788	0.0014127	FALSE	0.0187864	850	5	89584467	90793804	0.0341487531326282
uc	0.0003971	0.000716928	FALSE	0.111517	850	5	89584467	90793804	0.149506307692308
cad	5.51362e-05	0.000107037	FALSE	0.027117	850	5	89584467	90793804	0.0415104277108434
psa	4.81043e-05	9.99972e-05	FALSE	0.436662	851	5	90793805	91956905	0.45095685198939
crohn	0.000164292	0.000284505	FALSE	0.278718	851	5	90793805	91956905	0.304924589618022
cad	2.25918e-05	4.38578e-05	FALSE	0.152668	851	5	90793805	91956905	0.177594972533062
psoriasis	0.000556029	0.00194504	FALSE	0.000774583	852	5	91956906	93814604	0.00253499890909091
crohn	0.0010794	0.0018692	FALSE	0.0064695	852	5	91956906	93814604	0.0144573276523477
uc	0.00039565	0.000714312	FALSE	0.131211	852	5	91956906	93814604	0.171199378041543
cad	3.6326e-05	7.05202e-05	FALSE	0.111989	852	5	91956906	93814604	0.138381415451108
psoriasis	0.000355297	0.00124286	FALSE	0.0188375	853	5	93814605	95117259	0.0354742807323453
psa	0.000303431	0.000630759	FALSE	0.304197	853	5	93814605	95117259	0.352991867620751
crohn	0.00106422	0.00184291	FALSE	0.00833894	853	5	93814605	95117259	0.0177420875809524
psoriasis	0.0028996	0.0101431	FALSE	4.55213e-32	854	5	95117260	96467377	5.17505305263158e-30
psa	0.00464249	0.00965061	FALSE	2.53526e-09	854	5	95117260	96467377	3.083509975e-07
crohn	0.00331915	0.00574777	FALSE	1.70045e-10	854	5	95117260	96467377	4.99842802631579e-09
uc	0.0015274	0.00275758	FALSE	0.000140384	854	5	95117260	96467377	0.000707943055045872
cad	0.000165252	0.000320805	FALSE	3.14986e-06	854	5	95117260	96467377	1.89074273490814e-05
psoriasis	0.000496103	0.00173542	FALSE	7.12678e-05	855	5	96467378	97316601	0.000360511587822014
psa	1.06361e-05	2.21099e-05	FALSE	0.464976	855	5	96467378	97316601	0.469317062240664
uc	0.000264583	0.000477682	FALSE	0.131339	855	5	96467378	97316601	0.171199378041543
psoriasis	0.000466895	0.00163324	FALSE	0.00118741	856	5	97316602	98567769	0.00363802212765957
psa	0.000203279	0.000422567	FALSE	0.336021	856	5	97316602	98567769	0.379731048780488
crohn	0.000696116	0.00120547	FALSE	0.029673	856	5	97316602	98567769	0.0499920678733032
uc	0.000856511	0.00154636	FALSE	0.00533333	856	5	97316602	98567769	0.0132789032653061
cad	8.48104e-05	0.000164644	FALSE	0.00160169	856	5	97316602	98567769	0.00385827950630252
uc	0.000213785	0.000385969	FALSE	0.10495	857	5	98567770	99257995	0.142617698019802
cad	1.82386e-05	3.54068e-05	FALSE	0.10202	857	5	98567770	99257995	0.128550820936639
psoriasis	0.000161566	0.000565173	FALSE	0.0867973	858	5	99257996	100594081	0.122858563564875
psa	0.000422125	0.000877494	FALSE	0.170938	858	5	99257996	100594081	0.236826122419929
uc	0.000275183	0.000496819	FALSE	0.143054	858	5	99257996	100594081	0.182537236490413
psoriasis	6.21544e-05	0.000217422	FALSE	0.264295	859	5	100594082	101575367	0.300303629668595
psa	0.00117075	0.0024337	FALSE	0.00590005	859	5	100594082	101575367	0.0216645034210526
psoriasis	7.28283e-05	0.00025476	FALSE	0.251486	860	5	101575368	102903985	0.288767438894793
uc	0.000430322	0.000776909	FALSE	0.0524133	860	5	101575368	102903985	0.0813594737288136
psoriasis	8.59195e-05	0.000300555	FALSE	0.266167	861	5	102903986	103788460	0.301795653543307
psa	0.00158292	0.00329051	FALSE	0.00527826	861	5	102903986	103788460	0.020061511640625
crohn	5.53923e-05	9.59229e-05	FALSE	0.423323	861	5	102903986	103788460	0.433212818140174
uc	0.00131617	0.00237623	FALSE	0.000198796	861	5	102903986	103788460	0.000934809456102784
cad	5.16319e-05	0.000100234	FALSE	0.0359447	861	5	102903986	103788460	0.0529110842342342
psoriasis	0.000259797	0.000908794	FALSE	0.0185389	862	5	103788461	104850490	0.0350341417322835
psa	7.79548e-05	0.000162049	FALSE	0.409748	862	5	103788461	104850490	0.433588693855356
crohn	5.55447e-05	9.61867e-05	FALSE	0.403892	862	5	103788461	104850490	0.416764308545035
uc	0.000158766	0.000286638	FALSE	0.256987	862	5	103788461	104850490	0.289855081664099
cad	2.76476e-05	5.36726e-05	FALSE	0.105249	862	5	103788461	104850490	0.132255199450549
psoriasis	0.000166991	0.00058415	FALSE	0.128691	863	5	104850491	106389388	0.168162468239564
psa	0.00114282	0.00237565	FALSE	0.0291136	863	5	104850491	106389388	0.0674465066666667
crohn	0.00134964	0.00233717	FALSE	0.000676378	863	5	104850491	106389388	0.00217414165755396
uc	0.000969461	0.00175028	FALSE	0.00356152	863	5	104850491	106389388	0.00961146574938575
cad	9.8137e-05	0.000190515	FALSE	0.000766717	863	5	104850491	106389388	0.00210249613788969
psoriasis	0.00100378	0.00351131	FALSE	2.45711e-07	864	5	106389389	107265911	3.03277577142857e-06
psa	0.0023828	0.00495326	FALSE	0.000524743	864	5	106389389	107265911	0.00376808073062731
crohn	0.00284817	0.00493218	FALSE	1.8359e-08	864	5	106389389	107265911	2.75261785234899e-07
uc	0.00109472	0.00197642	FALSE	0.00359952	864	5	106389389	107265911	0.00968694352941177
cad	0.000118452	0.000229952	FALSE	0.000384254	864	5	106389389	107265911	0.00117800120375335
psoriasis	0.000442197	0.00154685	FALSE	0.00283369	865	5	107265912	108641784	0.00759400794044665
psa	0.00119966	0.00249381	FALSE	0.023068	865	5	107265912	108641784	0.0574045115089514
crohn	0.00150299	0.00260272	FALSE	0.00019806	865	5	107265912	108641784	0.000778989507042254
uc	0.000652457	0.00117795	FALSE	0.0286552	865	5	107265912	108641784	0.0500303961844197
cad	8.36916e-05	0.000162472	FALSE	0.00276659	865	5	107265912	108641784	0.0059973377535545
psoriasis	2.56767e-05	8.98195e-05	FALSE	0.40803	866	5	108641785	109606905	0.419688
crohn	0.000110761	0.000191806	FALSE	0.359586	866	5	108641785	109606905	0.377497708646617
uc	0.00110721	0.00199898	FALSE	0.00072593	866	5	108641785	109606905	0.00264368537313433
cad	1.15863e-05	2.24927e-05	FALSE	0.312599	866	5	108641785	109606905	0.326637719049794
psoriasis	0.000227985	0.000797515	FALSE	0.0449268	867	5	109606906	110819517	0.07318392760181
psa	0.000125466	0.000260813	FALSE	0.381565	867	5	109606906	110819517	0.414124645844953
crohn	0.000171186	0.000296443	FALSE	0.285726	867	5	109606906	110819517	0.311219836177474
uc	7.62116e-05	0.000137593	FALSE	0.375953	867	5	109606906	110819517	0.394958634146342
cad	9.60802e-05	0.000186522	FALSE	0.000267931	867	5	109606906	110819517	0.000876621168812589
psoriasis	0.000156765	0.000548378	FALSE	0.160815	868	5	110819518	111983115	0.201836374201046
psa	0.00319456	0.0066407	FALSE	5.28432e-06	868	5	110819518	111983115	0.000136718378181818
crohn	0.00147761	0.00255878	FALSE	0.000563722	868	5	110819518	111983115	0.00188244386846039
uc	0.00171986	0.00310506	FALSE	1.52043e-05	868	5	110819518	111983115	0.000115133251034483
cad	0.000152657	0.000296354	FALSE	6.34019e-06	868	5	110819518	111983115	3.39578794613583e-05
psoriasis	0.000174854	0.000611656	FALSE	0.111286	869	5	111983116	113121555	0.150235352904435
crohn	0.000455939	0.000789551	FALSE	0.107425	869	5	111983116	113121555	0.140016015169195
uc	3.39282e-05	6.12544e-05	FALSE	0.43945	869	5	111983116	113121555	0.447188229842447
cad	1.24766e-06	2.42211e-06	FALSE	0.46312	869	5	111983116	113121555	0.464949710272169
psa	0.0004827	0.00100342	FALSE	0.188681	870	5	113121556	113998532	0.252352732646048
crohn	0.00041577	0.00071999	FALSE	0.12817	870	5	113121556	113998532	0.161952364253394
uc	0.000874573	0.00157896	FALSE	0.00602621	870	5	113121556	113998532	0.0146551020598007
cad	4.15952e-05	8.07493e-05	FALSE	0.0664754	870	5	113121556	113998532	0.0893763902410347
psoriasis	0.000284275	0.000994422	FALSE	0.0311241	871	5	113998533	115117631	0.0543476604688763
psa	2.95038e-05	6.13312e-05	FALSE	0.461095	871	5	113998533	115117631	0.467095715773035
crohn	0.000566149	0.0009804	FALSE	0.0677196	871	5	113998533	115117631	0.0970380861538462
uc	0.000628365	0.00113446	FALSE	0.0320385	871	5	113998533	115117631	0.0540788209069946
cad	3.22357e-05	6.25796e-05	FALSE	0.118908	871	5	113998533	115117631	0.145268480769231
psoriasis	0.000152102	0.000532067	FALSE	0.201158	872	5	115117632	116208000	0.2413896
psa	0.0011448	0.00237975	FALSE	0.060216	872	5	115117632	116208000	0.113436917715392
crohn	0.00102126	0.00176851	FALSE	0.019332	872	5	115117632	116208000	0.034969787854251
uc	0.00154002	0.00278037	FALSE	0.000356283	872	5	115117632	116208000	0.00146516379775281
cad	9.83018e-05	0.000190834	FALSE	0.00413665	872	5	115117632	116208000	0.00838698453014185
psoriasis	0.000414588	0.00145027	FALSE	0.00766469	873	5	116208001	117348497	0.0170677632989691
psa	0.000210437	0.000437448	FALSE	0.353386	873	5	116208001	117348497	0.393100896
crohn	0.00075226	0.00130269	FALSE	0.0380496	873	5	116208001	117348497	0.0613803194223827
uc	0.00106929	0.00193051	FALSE	0.0029876	873	5	116208001	117348497	0.00843286580976864
cad	6.83854e-05	0.000132757	FALSE	0.0158099	873	5	116208001	117348497	0.0261440645697759
psoriasis	5.52867e-05	0.000193398	FALSE	0.348776	874	5	117348498	118605251	0.374431491053678
psa	0.00023784	0.000494412	FALSE	0.336401	874	5	117348498	118605251	0.379939840975044
crohn	0.000356635	0.000617585	FALSE	0.184646	874	5	117348498	118605251	0.217907640781828
uc	0.00124034	0.00223933	FALSE	0.000801778	874	5	117348498	118605251	0.00287297342251223
cad	8.1812e-05	0.000158823	FALSE	0.00550789	874	5	117348498	118605251	0.0106389733361486
psoriasis	0.00039403	0.00137835	FALSE	0.00580635	875	5	118605252	119664173	0.0137972673267327
psa	1.53085e-05	3.18227e-05	FALSE	0.470991	875	5	118605252	119664173	0.473913384694933
crohn	0.000686121	0.00118816	FALSE	0.0370968	875	5	118605252	119664173	0.059923536659436
uc	0.000289123	0.000521987	FALSE	0.180111	875	5	118605252	119664173	0.219005401993355
cad	1.76477e-05	3.42597e-05	FALSE	0.247122	875	5	118605252	119664173	0.268233514000949
psoriasis	0.000226175	0.000791183	FALSE	0.036086	876	5	119664174	120371857	0.0610381832419734
psa	0.000118903	0.00024717	FALSE	0.378788	876	5	119664174	120371857	0.411855525404802
psa	0.000195337	0.000406057	FALSE	0.318702	877	5	120371858	120960737	0.365805545990566
crohn	0.000525671	0.000910304	FALSE	0.0483487	877	5	120371858	120960737	0.0746801994478951
uc	8.57486e-05	0.000154812	FALSE	0.353623	877	5	120371858	120960737	0.376420798836646
cad	2.34984e-05	4.56178e-05	FALSE	0.144123	877	5	120371858	120960737	0.170186786377709
psoriasis	6.76805e-05	0.000236753	FALSE	0.307304	878	5	120960738	122005291	0.337739969527679
cad	9.59163e-05	0.000186204	FALSE	0.000818687	878	5	120960738	122005291	0.00223429256443914
psoriasis	0.000413288	0.00144572	FALSE	0.00406647	879	5	122005292	123191941	0.010225349476135
psa	0.00237854	0.00494441	FALSE	0.000106156	879	5	122005292	123191941	0.00108726092631579
cad	0.000208364	0.0004045	FALSE	6.11877e-10	879	5	122005292	123191941	1.07643284538462e-08
psoriasis	5.94478e-05	0.000207954	FALSE	0.344298	880	5	123191942	124109485	0.370544932735426
psa	0.00193733	0.00402724	FALSE	0.00259629	880	5	123191942	124109485	0.0125058919306931
crohn	0.000131406	0.000227556	FALSE	0.361928	880	5	123191942	124109485	0.379243504690431
uc	0.0018452	0.00333134	FALSE	6.53357e-06	880	5	123191942	124109485	5.69312566007905e-05
cad	7.78114e-05	0.000151056	FALSE	0.00887179	880	5	123191942	124109485	0.0159636378678206
psoriasis	0.000582625	0.00203808	FALSE	0.00107108	881	5	124109486	125131720	0.00334809377713459
psa	0.00152337	0.00316672	FALSE	0.0163159	881	5	124109486	125131720	0.0454881681948424
crohn	0.000411079	0.000711866	FALSE	0.173399	881	5	124109486	125131720	0.207040815606627
uc	0.00099977	0.001805	FALSE	0.00785169	881	5	124109486	125131720	0.0178307251706308
cad	2.4571e-05	4.77e-05	FALSE	0.218996	881	5	124109486	125131720	0.242070493958434
psoriasis	0.000261863	0.000916022	FALSE	0.0502743	882	5	125131721	126054697	0.0799650132547864
psa	0.000505422	0.00105065	FALSE	0.195016	882	5	125131721	126054697	0.257114590785908
crohn	0.00104383	0.0018076	FALSE	0.00695972	882	5	125131721	126054697	0.0152581103827282
uc	0.000451517	0.000815175	FALSE	0.097945	882	5	125131721	126054697	0.13409427680798
cad	1.83197e-05	3.55643e-05	FALSE	0.253883	882	5	125131721	126054697	0.274789598201609
psoriasis	0.000143535	0.000502098	FALSE	0.12006	883	5	126054698	126992836	0.159097914110429
crohn	0.000942543	0.0016322	FALSE	0.00328281	883	5	126054698	126992836	0.0083528445785877
uc	0.00126436	0.0022827	FALSE	4.71128e-05	883	5	126054698	126992836	0.00029960294566474
psoriasis	7.91374e-05	0.00027683	FALSE	0.250415	884	5	126992837	128067414	0.287863970196913
psa	0.00125973	0.00261867	FALSE	0.00885218	884	5	126992837	128067414	0.0291477872758037
crohn	0.000862068	0.00149284	FALSE	0.00683855	884	5	126992837	128067414	0.0150812642645607
uc	0.00102273	0.00184645	FALSE	0.000672315	884	5	126992837	128067414	0.00247303809045226
cad	0.0001022	0.000198403	FALSE	0.000103106	884	5	126992837	128067414	0.000379105180064309
psoriasis	0.000208643	0.000729853	FALSE	0.0436273	885	5	128067415	128734905	0.0713901272727273
psa	0.00105972	0.00220291	FALSE	0.0153737	885	5	128067415	128734905	0.043421219448476
crohn	3.88204e-05	6.72253e-05	FALSE	0.425666	885	5	128067415	128734905	0.434034285714286
uc	0.000512276	0.000924869	FALSE	0.0315386	885	5	128067415	128734905	0.0535643972157773
cad	1.55096e-05	3.01091e-05	FALSE	0.227805	885	5	128067415	128734905	0.250115235237638
psoriasis	0.000715513	0.00250293	FALSE	1.6624e-06	886	5	128734906	130573817	1.50873277310924e-05
psa	0.000980714	0.00203867	FALSE	0.0287032	886	5	128734906	130573817	0.0668939247904192
crohn	0.0022869	0.00396023	FALSE	1.14538e-08	886	5	128734906	130573817	1.80478881690141e-07
uc	0.000311596	0.000562558	FALSE	0.131944	886	5	128734906	130573817	0.171652265402844
cad	6.92969e-05	0.000134527	FALSE	0.00388732	886	5	128734906	130573817	0.00795747126118068
psoriasis	0.00358425	0.0125381	FALSE	2.62366e-49	887	5	130573818	132554690	4.722588e-47
psa	0.0060772	0.012633	FALSE	9.9421e-17	887	5	130573818	132554690	3.22455443333333e-14
crohn	0.00677688	0.0117355	FALSE	4.69612e-34	887	5	130573818	132554690	1.16568134222222e-31
uc	0.00159849	0.00288593	FALSE	5.00724e-06	887	5	130573818	132554690	4.56261370954357e-05
cad	0.000110555	0.000214623	FALSE	8.97313e-05	887	5	130573818	132554690	0.000337525465625
psoriasis	0.00121313	0.00424366	FALSE	3.88262e-07	888	5	132554691	134556570	4.55785826086957e-06
psa	0.00425208	0.00883904	FALSE	3.06496e-06	888	5	132554691	134556570	0.0001033326
crohn	0.00285156	0.00493804	FALSE	1.9691e-06	888	5	132554691	134556570	1.61203483211679e-05
uc	0.00363309	0.00655923	FALSE	8.65077e-11	888	5	132554691	134556570	3.58435677735849e-09
cad	0.000140957	0.000273641	FALSE	0.000627156	888	5	132554691	134556570	0.00178396240298507
psoriasis	0.000571543	0.00199931	FALSE	0.000422156	889	5	134556571	135344943	0.00156946120481928
psa	0.00152981	0.0031801	FALSE	0.00832979	889	5	134556571	135344943	0.0278997785542169
crohn	0.000454881	0.000787717	FALSE	0.121894	889	5	134556571	135344943	0.15569536649514
uc	0.000728141	0.00131459	FALSE	0.0215022	889	5	134556571	135344943	0.0395136662761506
psoriasis	0.000250514	0.000876322	FALSE	0.062202	890	5	135344944	136949853	0.0943513483146067
psa	0.000299721	0.000623047	FALSE	0.30234	890	5	135344944	136949853	0.351255904477612
crohn	0.00177136	0.00306746	FALSE	6.48949e-05	890	5	135344944	136949853	0.000309115579104478
uc	0.000329715	0.000595272	FALSE	0.173509	890	5	135344944	136949853	0.213340293393057
cad	0.000161664	0.00031384	FALSE	2.15241e-06	890	5	135344944	136949853	1.37118709470752e-05
psoriasis	0.000326569	0.00114237	FALSE	0.0274055	891	5	136949854	139408116	0.0487208888888889
psa	0.00022953	0.000477137	FALSE	0.343386	891	5	136949854	139408116	0.384601483314154
crohn	0.00179983	0.00311677	FALSE	5.96615e-05	891	5	136949854	139408116	0.000291649433260394
uc	0.00152336	0.0027503	FALSE	9.41456e-05	891	5	136949854	139408116	0.000524730298477157
cad	0.000128254	0.000248981	FALSE	9.31927e-05	891	5	136949854	139408116	0.000347120040553746
psoriasis	5.63027e-05	0.000196952	FALSE	0.357508	892	5	139408117	141253830	0.380028188976378
psa	0.00161197	0.0033509	FALSE	0.0114625	892	5	139408117	141253830	0.0351275984251969
crohn	0.00092451	0.00160097	FALSE	0.0219236	892	5	139408117	141253830	0.0391115811652035
cad	0.000196567	0.000381599	FALSE	1.32464e-07	892	5	139408117	141253830	1.22155309677419e-06
psoriasis	0.00124596	0.0043585	FALSE	4.10117e-08	893	5	141253831	142532956	6.06748438356164e-07
psa	0.00225414	0.00468582	FALSE	0.00302668	893	5	141253831	142532956	0.0138913190566038
crohn	0.0051366	0.00889505	FALSE	2.97713e-16	893	5	141253831	142532956	2.01542679393939e-14
uc	0.00216335	0.00390574	FALSE	6.76895e-06	893	5	141253831	142532956	5.85085016470588e-05
cad	0.000323308	0.000627643	FALSE	6.51147e-13	893	5	141253831	142532956	2.06829609583333e-11
psoriasis	0.000474472	0.00165975	FALSE	0.00273962	894	5	142532957	143605908	0.007412769
psa	0.000687292	0.00142871	FALSE	0.131265	894	5	142532957	143605908	0.197100069444444
crohn	0.000569115	0.000985537	FALSE	0.0820153	894	5	142532957	143605908	0.112062495535168
uc	0.00125263	0.00226151	FALSE	0.000682225	894	5	142532957	143605908	0.00250529448160535
cad	7.51438e-05	0.000145878	FALSE	0.00888481	894	5	142532957	143605908	0.0159744972248428
psoriasis	0.000687181	0.00240383	FALSE	6.38593e-05	895	5	143605909	145319096	0.000330701684210526
psa	0.00175146	0.00364086	FALSE	0.0041333	895	5	143605909	145319096	0.0170050778012685
uc	0.000525044	0.000947921	FALSE	0.071485	895	5	143605909	145319096	0.103823452380952
psoriasis	0.00021957	0.000768078	FALSE	0.119344	896	5	145319097	147180171	0.15853815498155
psa	0.00106389	0.00221157	FALSE	0.0724152	896	5	145319097	147180171	0.1290476
crohn	0.000558436	0.000967044	FALSE	0.117667	896	5	145319097	147180171	0.151036877656519
uc	0.00115816	0.00209096	FALSE	0.00425503	896	5	145319097	147180171	0.0110580424615385
cad	9.51457e-06	1.84708e-05	FALSE	0.378167	896	5	145319097	147180171	0.387701830645161
psoriasis	0.00115993	0.00405753	FALSE	3.58334e-08	897	5	147180172	148662214	5.378535e-07
psa	0.000591534	0.00122965	FALSE	0.19568	897	5	147180172	148662214	0.257815355450237
crohn	0.00255468	0.00442394	FALSE	8.74194e-07	897	5	147180172	148662214	7.93881868292683e-06
uc	0.00224319	0.00404988	FALSE	8.34863e-07	897	5	147180172	148662214	1.08482789822485e-05
cad	0.0001662	0.000322647	FALSE	8.93441e-06	897	5	147180172	148662214	4.55077854565702e-05
psoriasis	0.00148132	0.0051818	FALSE	2.12278e-10	898	5	148662215	149850203	5.52434313253012e-09
psa	0.00226504	0.00470846	FALSE	0.00307311	898	5	148662215	149850203	0.0139400281118881
crohn	0.00356048	0.00616569	FALSE	1.45231e-09	898	5	148662215	149850203	3.21233716831683e-08
uc	0.00305119	0.00550865	FALSE	2.84018e-09	898	5	148662215	149850203	8.10004581818182e-08
cad	0.000286034	0.000555281	FALSE	9.12878e-11	898	5	148662215	149850203	1.91536879449541e-09
psoriasis	0.00649938	0.0227354	FALSE	9.64812e-91	899	5	149850204	150981934	5.2099848e-88
psa	0.00498972	0.0103724	FALSE	1.10303e-09	899	5	149850204	150981934	1.5332117e-07
crohn	0.00438896	0.00760036	FALSE	1.34719e-14	899	5	149850204	150981934	7.52405615e-13
uc	0.00290243	0.00524007	FALSE	7.46144e-10	899	5	149850204	150981934	2.48262458181818e-08
cad	0.000110938	0.000215365	FALSE	0.00113057	899	5	149850204	150981934	0.00292821471121178
psoriasis	0.000121119	0.000423685	FALSE	0.154569	900	5	150981935	151892617	0.195702837045721
uc	9.72752e-05	0.000175622	FALSE	0.340999	900	5	150981935	151892617	0.366536370044053
cad	5.40912e-05	0.000105008	FALSE	0.0139772	900	5	150981935	151892617	0.023457270726339
crohn	0.00022096	0.000382637	FALSE	0.21973	901	5	151892618	152878627	0.249271307614213
cad	2.89257e-05	5.61538e-05	FALSE	0.0975104	901	5	151892618	152878627	0.123617674501109
psoriasis	0.000125984	0.000440705	FALSE	0.155168	902	5	152878628	153734494	0.196346151142355
psa	0.000447354	0.00092994	FALSE	0.177112	902	5	152878628	153734494	0.243232146788991
crohn	0.00090305	0.00156381	FALSE	0.00548997	902	5	152878628	153734494	0.0126439102886598
uc	0.000432597	0.000781017	FALSE	0.0685701	902	5	152878628	153734494	0.100587802004008
cad	2.79881e-05	5.43337e-05	FALSE	0.120253	902	5	152878628	153734494	0.146754861792956
psoriasis	0.000176991	0.000619133	FALSE	0.125309	903	5	153734495	154599750	0.164592
psa	8.95871e-05	0.00018623	FALSE	0.423862	903	5	153734495	154599750	0.443884270386266
crohn	0.00091385	0.00158251	FALSE	0.014286	903	5	153734495	154599750	0.0271408204081633
uc	0.000574014	0.00103633	FALSE	0.0528311	903	5	153734495	154599750	0.081817415796897
cad	5.06587e-05	9.83444e-05	FALSE	0.045346	903	5	153734495	154599750	0.0646548017456359
psa	0.00057431	0.00119385	FALSE	0.12398	904	5	154599751	155459556	0.189376043956044
crohn	7.63419e-05	0.000132201	FALSE	0.387573	904	5	154599751	155459556	0.401594657699443
cad	1.71388e-05	3.32717e-05	FALSE	0.226825	904	5	154599751	155459556	0.249158873679155
psoriasis	0.000218982	0.000766022	FALSE	0.0383582	905	5	155459557	156345451	0.0642440930232558
psa	0.00121353	0.00252264	FALSE	0.00808478	905	5	155459557	156345451	0.027409376097561
crohn	0.000612353	0.00106041	FALSE	0.0278531	905	5	155459557	156345451	0.0473545094368341
cad	9.50152e-05	0.000184454	FALSE	0.000136828	905	5	155459557	156345451	0.000489711480438185
psoriasis	0.00126613	0.00442904	FALSE	1.80521e-12	906	5	156345452	157191081	6.18929142857143e-11
psa	7.82718e-05	0.000162708	FALSE	0.423139	906	5	156345452	157191081	0.443884270386266
crohn	0.0022709	0.00393252	FALSE	8.2148e-08	906	5	156345452	157191081	1.00283405464481e-06
uc	0.000709549	0.00128103	FALSE	0.015377	906	5	156345452	157191081	0.030531547920434
cad	0.000205277	0.000398506	FALSE	3.45281e-10	906	5	156345452	157191081	6.36820683064516e-09
psoriasis	0.00375498	0.0131353	FALSE	2.38561e-47	907	5	157191082	158484775	3.96378276923077e-45
psa	0.00263265	0.00547263	FALSE	0.000100619	907	5	157191082	158484775	0.00105925513513514
crohn	0.00321662	0.00557023	FALSE	1.57441e-10	907	5	157191082	158484775	4.75712186486486e-09
uc	0.000668576	0.00120705	FALSE	0.0365896	907	5	157191082	158484775	0.0602781407351838
cad	0.000182784	0.000354841	FALSE	1.9851e-07	907	5	157191082	158484775	1.73943436781609e-06
psoriasis	0.0261438	0.0914534	FALSE	0	908	5	158484776	159663733	0
psa	0.0207403	0.0431139	FALSE	4.0364e-74	908	5	158484776	159663733	7.8548344e-71
crohn	0.0096409	0.0166952	FALSE	2.19969e-46	908	5	158484776	159663733	8.1901791e-44
uc	0.00495931	0.00895359	FALSE	3.58728e-22	908	5	158484776	159663733	1.12538098285714e-19
psoriasis	0.000280598	0.000981558	FALSE	0.0367084	909	5	159663734	160519049	0.061945425
psa	0.000979046	0.0020352	FALSE	0.0538489	909	5	159663734	160519049	0.104693633566434
crohn	0.00210953	0.00365307	FALSE	1.97716e-06	909	5	159663734	160519049	1.61203483211679e-05
uc	0.000938826	0.00169497	FALSE	0.00521744	909	5	159663734	160519049	0.0130346965187713
cad	6.72222e-05	0.000130499	FALSE	0.0132837	909	5	159663734	160519049	0.0224336977859779
psoriasis	0.000313318	0.00109601	FALSE	0.00848715	910	5	160519050	161478177	0.0185925395537525
uc	0.000745654	0.00134621	FALSE	0.00597515	910	5	160519050	161478177	0.0145470392461197
cad	2.53657e-05	4.92427e-05	FALSE	0.130528	910	5	160519050	161478177	0.156866808197583
psa	0.000209752	0.000436023	FALSE	0.321538	911	5	161478178	162386027	0.368265618823529
uc	0.000290179	0.000523892	FALSE	0.154001	911	5	161478178	162386027	0.193581108185461
cad	2.63916e-05	5.12344e-05	FALSE	0.136703	911	5	161478178	162386027	0.162748444039563
psa	0.000482901	0.00100383	FALSE	0.23048	912	5	162386028	163781268	0.289719072950291
crohn	0.00184783	0.00319989	FALSE	0.00010095	912	5	162386028	163781268	0.000448354473161034
uc	0.000759444	0.00137111	FALSE	0.0301209	912	5	162386028	163781268	0.0517570394366197
cad	0.000125809	0.000244236	FALSE	0.000263904	912	5	162386028	163781268	0.000866261131994261
psoriasis	0.000518663	0.00181433	FALSE	0.00331333	913	5	163781269	165289211	0.00861226570397112
psa	0.00224607	0.00466903	FALSE	0.00139276	913	5	163781269	165289211	0.00778824988505747
crohn	0.000642989	0.00111347	FALSE	0.0805114	913	5	163781269	165289211	0.110612521204671
uc	0.000794458	0.00143432	FALSE	0.0270136	913	5	163781269	165289211	0.0477440080450523
cad	0.000107916	0.000209499	FALSE	0.00144569	913	5	163781269	165289211	0.00357437084324324
psoriasis	0.000863984	0.0030223	FALSE	3.35693e-05	914	5	165289212	166863413	0.000190553385826772
psa	0.00233578	0.00485552	FALSE	0.00200479	914	5	165289212	166863413	0.0101862175979112
crohn	0.00208406	0.00360897	FALSE	7.30068e-05	914	5	165289212	166863413	0.000341207512970711
uc	0.000889491	0.0016059	FALSE	0.0240613	914	5	165289212	166863413	0.043579647155812
cad	0.00017015	0.000330314	FALSE	1.62128e-05	914	5	165289212	166863413	7.58255083844581e-05
psoriasis	0.00101976	0.0035672	FALSE	6.82963e-06	915	5	166863414	168342743	5.11753328719723e-05
psa	0.00429995	0.00893855	FALSE	1.54095e-06	915	5	166863414	168342743	6.38018872340426e-05
crohn	0.00142496	0.0024676	FALSE	0.00580753	915	5	166863414	168342743	0.0132794493551689
uc	0.00159846	0.00288587	FALSE	0.000779024	915	5	166863414	168342743	0.0028044864
cad	0.000237067	0.000460222	FALSE	8.45486e-08	915	5	166863414	168342743	8.33459690517241e-07
psa	4.50638e-05	9.36766e-05	FALSE	0.463026	916	5	168342744	169506966	0.468510109034268
crohn	0.00164248	0.00284429	FALSE	0.00117147	916	5	168342744	169506966	0.00348477227696405
uc	0.001127	0.00203471	FALSE	0.00742408	916	5	168342744	169506966	0.0171252937815126
cad	0.000213334	0.000414148	FALSE	2.56816e-07	916	5	168342744	169506966	2.16729960147601e-06
psoriasis	0.000305146	0.00106743	FALSE	0.0631308	917	5	169506967	170898340	0.0952211807397069
psa	0.000430794	0.000895515	FALSE	0.276916	917	5	169506967	170898340	0.329992979791794
crohn	0.00214659	0.00371725	FALSE	5.49491e-05	917	5	169506967	170898340	0.000272186894456763
uc	0.00170768	0.00308306	FALSE	0.000192972	917	5	169506967	170898340	0.000919233214750542
cad	0.000114445	0.000222174	FALSE	0.00190939	917	5	169506967	170898340	0.00440199085685484
psoriasis	0.000700855	0.00245166	FALSE	0.00116306	918	5	170898341	172285682	0.0035837512125535
psa	0.000323254	0.000671965	FALSE	0.338855	918	5	170898341	172285682	0.381825031847134
crohn	0.00414218	0.00717301	FALSE	7.91426e-11	918	5	170898341	172285682	2.72007028307692e-09
uc	0.00334415	0.00603757	FALSE	1.22223e-09	918	5	170898341	172285682	3.83431011428571e-08
cad	0.000119176	0.000231358	FALSE	0.00273206	918	5	170898341	172285682	0.00592810362428843
psoriasis	0.000684526	0.00239454	FALSE	0.000864119	919	5	172285683	173606995	0.00278166473919523
psa	0.00390163	0.00811054	FALSE	4.75537e-06	919	5	172285683	173606995	0.000130325241666667
crohn	0.00280147	0.0048513	FALSE	8.06765e-07	919	5	172285683	173606995	7.44906067768595e-06
uc	0.00170982	0.00308693	FALSE	0.000246991	919	5	172285683	173606995	0.0010913324668008
cad	0.000314962	0.000611439	FALSE	3.34791e-12	919	5	172285683	173606995	9.11508353571429e-11
psoriasis	0.000279421	0.000977443	FALSE	0.0877423	920	5	173606996	174662885	0.123871482352941
psa	0.00391202	0.00813214	FALSE	5.65748e-06	920	5	173606996	174662885	0.000137618201
crohn	0.0022988	0.00398083	FALSE	3.34793e-05	920	5	173606996	174662885	0.000178502998090692
uc	0.00177959	0.0032129	FALSE	0.000178381	920	5	173606996	174662885	0.000862829682819383
cad	0.000190865	0.000370528	FALSE	4.77573e-06	920	5	173606996	174662885	2.69017106157635e-05
psoriasis	0.000910184	0.00318391	FALSE	2.10424e-05	921	5	174662886	176180301	0.000132511906705539
psa	0.00356063	0.00740167	FALSE	1.62604e-05	921	5	174662886	176180301	0.000285132828828829
crohn	0.003182	0.00551027	FALSE	2.63586e-08	921	5	174662886	176180301	3.75064410191083e-07
uc	0.00104072	0.00187894	FALSE	0.0119325	921	5	174662886	176180301	0.0249559714285714
cad	9.69025e-05	0.000188118	FALSE	0.00655541	921	5	174662886	176180301	0.0123291304851974
psoriasis	0.00106576	0.00372815	FALSE	1.05819e-08	922	5	176180302	177659902	1.75822338461538e-07
psa	0.00196806	0.00409112	FALSE	0.00132313	922	5	176180302	177659902	0.00742020455331412
crohn	0.00110986	0.00192194	FALSE	0.0042312	922	5	176180302	177659902	0.0101312977491961
uc	0.00221895	0.00400612	FALSE	4.17775e-08	922	5	176180302	177659902	8.26517027027027e-07
cad	8.18925e-05	0.000158979	FALSE	0.00417799	922	5	176180302	177659902	0.0084399787113857
psoriasis	0.000766989	0.002683	FALSE	6.23836e-05	923	5	177659903	178595252	0.000326267738498789
psa	0.00312538	0.00649691	FALSE	3.30971e-05	923	5	177659903	178595252	0.000456539822535211
crohn	0.00131613	0.00227915	FALSE	0.00355215	923	5	177659903	178595252	0.00886648391061453
uc	0.00187854	0.00339155	FALSE	1.63479e-05	923	5	177659903	178595252	0.000123367657731959
cad	1.56883e-05	3.04559e-05	FALSE	0.308107	923	5	177659903	178595252	0.323378021569527
psoriasis	0.000290742	0.00101704	FALSE	0.0742504	924	5	178595253	179794710	0.108438718052738
psa	0.00154257	0.00320662	FALSE	0.0264331	924	5	178595253	179794710	0.063270372201722
crohn	0.00109962	0.00190421	FALSE	0.0181077	924	5	178595253	179794710	0.033130714004914
uc	0.00159391	0.00287766	FALSE	0.000455441	924	5	178595253	179794710	0.00178597935
cad	0.000198518	0.000385385	FALSE	1.35481e-06	924	5	178595253	179794710	9.33268213855422e-06
psoriasis	0.000314706	0.00110087	FALSE	0.0316712	925	5	179794711	180902886	0.0549917942122186
psa	0.000333209	0.000692661	FALSE	0.285787	925	5	179794711	180902886	0.338050702308627
crohn	0.000284591	0.000492826	FALSE	0.235269	925	5	179794711	180902886	0.263983398292315
uc	0.000471662	0.000851544	FALSE	0.0968052	925	5	179794711	180902886	0.132782148157402
cad	9.36218e-05	0.000181749	FALSE	0.0022471	925	5	179794711	180902886	0.00505818671259843
psoriasis	0.00507712	0.0177602	FALSE	8.0572e-56	926	6	63979	1380679	1.58214109090909e-53
psa	0.00471348	0.00979818	FALSE	3.53635e-07	926	6	63979	1380679	2.08537487878788e-05
crohn	0.00381835	0.00661224	FALSE	1.27156e-09	926	6	63979	1380679	2.86935862626263e-08
uc	0.00200931	0.00362763	FALSE	7.00341e-05	926	6	63979	1380679	0.00041454146522911
cad	0.000208132	0.000404048	FALSE	2.33708e-06	926	6	63979	1380679	1.47242478236915e-05
psoriasis	0.00163088	0.00570497	FALSE	5.43651e-11	927	6	1380680	2746531	1.54511336842105e-09
psa	0.00316859	0.00658672	FALSE	0.000212997	927	6	1380680	2746531	0.00191010212903226
crohn	0.00353711	0.00612521	FALSE	8.53404e-09	927	6	1380680	2746531	1.43581195639098e-07
uc	0.00222735	0.00402128	FALSE	1.19953e-05	927	6	1380680	2746531	9.37426291814947e-05
cad	0.000360709	0.000700249	FALSE	6.41389e-14	927	6	1380680	2746531	2.40468302131148e-12
psoriasis	0.00125733	0.00439825	FALSE	8.27902e-08	928	6	2746532	3964072	1.13181539240506e-06
psa	0.00203704	0.00423451	FALSE	0.00824766	928	6	2746532	3964072	0.0277880383044983
crohn	0.00387419	0.00670894	FALSE	2.96018e-10	928	6	2746532	3964072	8.1642495308642e-09
uc	0.000280551	0.000506511	FALSE	0.26404	928	6	2746532	3964072	0.296589176470588
cad	0.000183621	0.000356465	FALSE	1.22909e-05	928	6	2746532	3964072	6.03203611587983e-05
psoriasis	0.000429732	0.00150324	FALSE	0.00456385	929	6	3964073	4657086	0.0112149215017065
psa	0.000920788	0.00191409	FALSE	0.0648637	929	6	3964073	4657086	0.119210232672332
crohn	0.000556847	0.000964293	FALSE	0.0794174	929	6	3964073	4657086	0.109247827339901
uc	0.000415237	0.000749674	FALSE	0.112116	929	6	3964073	4657086	0.150126058536585
psoriasis	0.000495229	0.00173236	FALSE	0.0011829	930	6	4657087	5378213	0.00363454566145092
psa	0.000833745	0.00173315	FALSE	0.0768559	930	6	4657087	5378213	0.134497825
crohn	0.000183401	0.000317595	FALSE	0.298968	930	6	4657087	5378213	0.322654353623188
uc	0.000808878	0.00146036	FALSE	0.0107747	930	6	4657087	5378213	0.0230693438596491
cad	0.000120498	0.000233925	FALSE	7.32493e-05	930	6	4657087	5378213	0.000283453720981387
psoriasis	0.000465614	0.00162876	FALSE	0.0209996	931	6	5378214	6621937	0.0387684923076923
psa	0.00467903	0.00972655	FALSE	7.36839e-07	931	6	5378214	6621937	3.87537484864865e-05
crohn	0.00127339	0.00220512	FALSE	0.0151733	931	6	5378214	6621937	0.0284850018487395
uc	0.00158078	0.00285395	FALSE	0.00140361	931	6	5378214	6621937	0.0045692416
cad	0.000155283	0.000301453	FALSE	0.000290388	931	6	5378214	6621937	0.00093144089200561
psoriasis	0.000630554	0.00220574	FALSE	0.00221781	932	6	6621938	7808323	0.00616534054054054
psa	0.00184094	0.00382687	FALSE	0.014815	932	6	6621938	7808323	0.0420958151824818
crohn	0.00260606	0.00451291	FALSE	6.01821e-06	932	6	6621938	7808323	4.13682496615385e-05
uc	0.00114592	0.00206886	FALSE	0.00949319	932	6	6621938	7808323	0.0205998470750988
cad	0.000271326	0.000526729	FALSE	1.79942e-09	932	6	6621938	7808323	2.70753717105263e-08
psoriasis	0.000569186	0.00199107	FALSE	0.000870433	933	6	7808324	9020710	0.00279366312035661
psa	4.86146e-05	0.000101058	FALSE	0.454091	933	6	7808324	9020710	0.463134741090147
crohn	0.000239497	0.000414738	FALSE	0.274503	933	6	7808324	9020710	0.30105041826215
uc	0.000239928	0.000433168	FALSE	0.248953	933	6	7808324	9020710	0.282971422360248
cad	0.000106719	0.000207174	FALSE	0.000909835	933	6	7808324	9020710	0.00246247650295858
psoriasis	0.000584857	0.00204589	FALSE	0.00196506	934	6	9020711	10416550	0.00556294836173001
psa	0.00138074	0.00287022	FALSE	0.0346522	934	6	9020711	10416550	0.0763682686296716
crohn	0.000428397	0.000741855	FALSE	0.182713	934	6	9020711	10416550	0.216312051934287
uc	0.00167666	0.00302705	FALSE	0.000162121	934	6	9020711	10416550	0.000794682401785714
cad	1.64361e-05	3.19075e-05	FALSE	0.310377	934	6	9020711	10416550	0.324865994965675
psoriasis	0.000621162	0.00217288	FALSE	0.00141192	935	6	10416551	11790671	0.00419497551581843
psa	0.00370829	0.00770864	FALSE	6.33962e-06	935	6	10416551	11790671	0.000150450006341463
crohn	0.0019844	0.00343639	FALSE	0.000130729	935	6	10416551	11790671	0.000556096114068441
uc	0.00153165	0.00276527	FALSE	0.000557082	935	6	10416551	11790671	0.00210922771034483
cad	0.000307315	0.000596594	FALSE	2.49027e-12	935	6	10416551	11790671	7.03116974074074e-11
psoriasis	0.000976746	0.00341675	FALSE	4.37603e-06	936	6	11790672	13352326	3.4123555234657e-05
psa	0.00216069	0.00449155	FALSE	0.00367548	936	6	11790672	13352326	0.0156852721052632
crohn	0.000792254	0.00137195	FALSE	0.0582911	936	6	11790672	13352326	0.086526456744186
uc	0.00242154	0.00437187	FALSE	5.72595e-07	936	6	11790672	13352326	8.05895633121019e-06
cad	0.00114495	0.0022227	FALSE	6.56544e-78	936	6	11790672	13352326	5.00505376e-75
psoriasis	0.000308573	0.00107942	FALSE	0.0692961	937	6	13352327	15069421	0.103085107438017
psa	0.00173057	0.00359743	FALSE	0.0182608	937	6	13352327	15069421	0.048879665474553
crohn	0.00311883	0.00540088	FALSE	9.91379e-08	937	6	13352327	15069421	1.18435330802139e-06
uc	0.0028615	0.0051662	FALSE	3.11573e-08	937	6	13352327	15069421	6.48787483018868e-07
cad	0.000109538	0.000212648	FALSE	0.00362316	937	6	13352327	15069421	0.00749879359276018
psoriasis	0.0010699	0.00374261	FALSE	7.1678e-07	938	6	15069422	16566882	7.78012462311558e-06
psa	0.00178611	0.00371289	FALSE	0.0121788	938	6	15069422	16566882	0.0366872210526316
crohn	0.00146033	0.00252885	FALSE	0.00290356	938	6	15069422	16566882	0.00750758453703704
uc	0.00191855	0.00346377	FALSE	3.62031e-05	938	6	15069422	16566882	0.000236613117857143
cad	0.000202731	0.000393565	FALSE	6.45283e-07	938	6	15069422	16566882	4.85448099013158e-06
psoriasis	0.000219979	0.000769508	FALSE	0.0917147	939	6	16566883	17391994	0.1280567239819
psa	0.000530026	0.0011018	FALSE	0.197326	939	6	16566883	17391994	0.259281833896016
crohn	0.00121933	0.00211152	FALSE	0.00349456	939	6	16566883	17391994	0.00877173824719101
uc	0.00104993	0.00189555	FALSE	0.00395099	939	6	16566883	17391994	0.0104408833212996
cad	9.49367e-05	0.000184302	FALSE	0.00229553	939	6	16566883	17391994	0.00513686605675147
psoriasis	3.08618e-05	0.000107958	FALSE	0.382984	940	6	17391995	18208676	0.401185955383123
psa	0.000761068	0.00158208	FALSE	0.0650041	940	6	17391995	18208676	0.119225239019793
psoriasis	0.000365963	0.00128018	FALSE	0.00125593	941	6	18208677	18775022	0.0038154835443038
psa	0.000418929	0.000870852	FALSE	0.150167	941	6	18208677	18775022	0.216851961424332
crohn	3.46266e-05	5.99629e-05	FALSE	0.423909	941	6	18208677	18775022	0.433274442615455
uc	0.000164647	0.000297257	FALSE	0.229125	941	6	18208677	18775022	0.264820263157895
cad	8.00673e-05	0.000155436	FALSE	0.000309806	941	6	18208677	18775022	0.000981338396121884
psa	0.00167196	0.0034756	FALSE	0.000503779	942	6	18775023	19449152	0.0036365911037037
cad	2.89909e-05	5.62804e-05	FALSE	0.0885818	942	6	18775023	19449152	0.113113666443328
psoriasis	0.000423841	0.00148264	FALSE	0.0139589	943	6	19449153	20418020	0.0278675933456562
psa	0.00175853	0.00365556	FALSE	0.00987216	943	6	19449153	20418020	0.0317540881983471
crohn	0.000926947	0.0016052	FALSE	0.0280616	943	6	19449153	20418020	0.0476727105703422
uc	0.00114618	0.00206932	FALSE	0.00441013	943	6	19449153	20418020	0.0113138381775701
cad	0.00020682	0.000401502	FALSE	1.41919e-07	943	6	19449153	20418020	1.29579050996016e-06
psoriasis	0.00146726	0.00513263	FALSE	9.06153e-14	944	6	20418021	21295864	3.69300090566038e-12
psa	0.00272953	0.00567403	FALSE	3.21374e-05	944	6	20418021	21295864	0.0004512396
crohn	0.00223624	0.00387251	FALSE	6.77417e-07	944	6	20418021	21295864	6.46730588888889e-06
uc	0.000931069	0.00168096	FALSE	0.00564643	944	6	20418021	21295864	0.0139036096412556
cad	4.1235e-05	8.00499e-05	FALSE	0.0782893	944	6	20418021	21295864	0.102137837478608
psoriasis	0.00116327	0.00406922	FALSE	1.50487e-08	945	6	21295865	22199713	2.42576059701493e-07
psa	0.00293291	0.00609681	FALSE	6.23882e-05	945	6	21295865	22199713	0.000697743891954023
crohn	0.00314315	0.005443	FALSE	2.49721e-09	945	6	21295865	22199713	4.93696207079646e-08
uc	0.000669565	0.00120884	FALSE	0.0476141	945	6	21295865	22199713	0.0747929639484979
cad	0.0001911	0.000370986	FALSE	3.37533e-07	945	6	21295865	22199713	2.77675529136691e-06
psoriasis	0.000721683	0.00252451	FALSE	4.80469e-05	946	6	22199714	23192337	0.000261413863979849
psa	0.000210831	0.000438266	FALSE	0.355168	946	6	22199714	23192337	0.39449596347032
crohn	0.000320365	0.000554776	FALSE	0.212927	946	6	22199714	23192337	0.24356319406042
uc	0.000692682	0.00125058	FALSE	0.0334059	946	6	22199714	23192337	0.0559567935926773
cad	0.000271309	0.000526695	FALSE	1.70675e-12	946	6	22199714	23192337	5.20444966666667e-11
psoriasis	0.000708495	0.00247838	FALSE	6.39969e-05	947	6	23192338	23939306	0.000330701684210526
psa	0.00146213	0.00303941	FALSE	0.0148179	947	6	23192338	23939306	0.0420958151824818
crohn	0.00143719	0.00248878	FALSE	0.000868308	947	6	23192338	23939306	0.00268298765145228
uc	0.000386456	0.000697713	FALSE	0.143025	947	6	23192338	23939306	0.182537236490413
cad	0.000119296	0.000231591	FALSE	0.000251985	947	6	23192338	23939306	0.000832788576589595
psoriasis	0.00104245	0.00364657	FALSE	3.37088e-07	948	6	23939307	24950379	4.02270762430939e-06
psa	0.00151917	0.00315799	FALSE	0.0192407	948	6	23939307	24950379	0.0506984349120433
crohn	0.00315651	0.00546613	FALSE	4.55015e-09	948	6	23939307	24950379	8.33199598360656e-08
uc	0.00134438	0.00242717	FALSE	0.0010762	948	6	23939307	24950379	0.00367548242612753
cad	0.000117903	0.000228888	FALSE	0.000723477	948	6	23939307	24950379	0.00201288552189781
psoriasis	0.000239007	0.000836069	FALSE	0.000429281	949	6	24950380	25684629	0.00159320783505155
psa	0.000288743	0.000600227	FALSE	0.0809965	949	6	24950380	25684629	0.139609556244464
uc	0.000160402	0.000289591	FALSE	0.0862348	949	6	24950380	25684629	0.120849789917039
psoriasis	0.000894393	0.00312867	FALSE	4.94903e-09	970	6	33864263	34979270	8.8346320661157e-08
psa	0.000964227	0.00200439	FALSE	0.0246871	970	6	33864263	34979270	0.060429052327044
crohn	0.000531492	0.000920385	FALSE	0.045775	970	6	33864263	34979270	0.0713617236566643
uc	0.00129877	0.00234481	FALSE	2.20335e-05	970	6	33864263	34979270	0.000157066590291262
cad	0.000209879	0.000407441	FALSE	3.74303e-12	970	6	33864263	34979270	9.87849934482759e-11
psoriasis	0.000658149	0.00230227	FALSE	0.000152687	971	6	34979271	36346353	0.000685663035343035
psa	0.0022151	0.00460465	FALSE	0.000745903	971	6	34979271	36346353	0.00479051893729373
crohn	0.00204434	0.00354018	FALSE	9.22927e-06	971	6	34979271	36346353	5.96972579190751e-05
uc	0.00164537	0.00297057	FALSE	3.42794e-05	971	6	34979271	36346353	0.000226739645783133
cad	0.000320565	0.000622317	FALSE	8.5407e-16	971	6	34979271	36346353	3.986241e-14
psoriasis	0.00084693	0.00296264	FALSE	2.30558e-05	972	6	36346354	37570051	0.000143932161849711
psa	0.00247864	0.0051525	FALSE	0.000810702	972	6	36346354	37570051	0.00508911642580645
crohn	0.00266113	0.00460828	FALSE	5.60961e-07	972	6	36346354	37570051	5.49643365789474e-06
uc	0.00181534	0.00327743	FALSE	4.5054e-05	972	6	36346354	37570051	0.000289294105263158
cad	0.000310641	0.000603051	FALSE	4.24665e-13	972	6	36346354	37570051	1.38744122142857e-11
psoriasis	0.00057838	0.00202323	FALSE	0.000537249	973	6	37570052	38688720	0.00192447402985075
psa	0.000577324	0.00120012	FALSE	0.173508	973	6	37570052	38688720	0.239126464589235
crohn	0.00129815	0.00224801	FALSE	0.00184204	973	6	37570052	38688720	0.00508039180246914
uc	0.0009419	0.00170052	FALSE	0.00707066	973	6	37570052	38688720	0.0165358566134185
cad	9.11676e-05	0.000176985	FALSE	0.00269116	973	6	37570052	38688720	0.00585602561370124
psoriasis	0.000915751	0.00320338	FALSE	2.97808e-06	974	6	38688721	39785907	2.40923325842697e-05
psa	0.0022514	0.00468012	FALSE	0.00129799	974	6	38688721	39785907	0.00734309523255814
crohn	0.00135706	0.00235002	FALSE	0.00259032	974	6	38688721	39785907	0.00681051983529412
uc	0.00346858	0.00626222	FALSE	1.0431e-12	974	6	38688721	39785907	6.02802e-11
cad	0.000218128	0.000423455	FALSE	1.70168e-08	974	6	38688721	39785907	2.00605265979381e-07
psoriasis	3.78072e-05	0.000132253	FALSE	0.392353	975	6	39785908	40778401	0.408032007703418
psa	0.000136616	0.000283992	FALSE	0.399042	975	6	39785908	40778401	0.425965843115743
crohn	0.00141092	0.00244329	FALSE	0.0010005	975	6	39785908	40778401	0.00302042837837838
uc	0.000809511	0.0014615	FALSE	0.0173028	975	6	39785908	40778401	0.0332141160839161
cad	3.03304e-05	5.88808e-05	FALSE	0.15749	975	6	39785908	40778401	0.182461818642351
psoriasis	0.000659794	0.00230802	FALSE	0.000981893	976	6	40778402	42103738	0.00311437427312775
crohn	0.00267626	0.00463448	FALSE	1.45289e-06	976	6	40778402	42103738	1.23883826717557e-05
uc	0.00160233	0.00289286	FALSE	0.000420143	976	6	40778402	42103738	0.00167447192014519
cad	0.000161195	0.00031293	FALSE	4.50502e-05	976	6	40778402	42103738	0.000183040288297872
psoriasis	0.000626413	0.00219125	FALSE	0.000812459	977	6	42103739	43770626	0.00264293891566265
psa	0.0017287	0.00359354	FALSE	0.0102266	977	6	42103739	43770626	0.0322543980551054
crohn	0.000643448	0.00111426	FALSE	0.0844115	977	6	42103739	43770626	0.114565790400972
uc	0.000197531	0.000356625	FALSE	0.301498	977	6	42103739	43770626	0.331708220440882
cad	0.000414277	0.000804241	FALSE	3.50047e-20	977	6	42103739	43770626	2.66852496333333e-18
psoriasis	0.000827076	0.00289319	FALSE	3.70133e-05	978	6	43770627	44596897	0.000207121056994819
psa	0.00344479	0.00716089	FALSE	1.37154e-05	978	6	43770627	44596897	0.000265869388235294
crohn	0.00419692	0.00726781	FALSE	6.12107e-13	978	6	43770627	44596897	2.97271095217391e-11
uc	0.00403719	0.0072888	FALSE	8.99959e-15	978	6	43770627	44596897	7.05824987142857e-13
cad	0.000228112	0.000442837	FALSE	1.87941e-08	978	6	43770627	44596897	2.19296462755102e-07
crohn	0.000153349	0.000265554	FALSE	0.241912	979	6	44596898	45408421	0.27035087943972
uc	0.000471386	0.000851045	FALSE	0.0186692	979	6	44596898	45408421	0.0353732210526316
cad	5.96018e-05	0.000115706	FALSE	0.00167519	979	6	44596898	45408421	0.00396599383660807
psoriasis	0.000695227	0.00243197	FALSE	4.70249e-05	980	6	45408422	46430701	0.000256499454545455
psa	0.00268406	0.00557951	FALSE	5.46827e-05	980	6	45408422	46430701	0.000638184291017964
crohn	0.00128327	0.00222223	FALSE	0.00165539	980	6	45408422	46430701	0.00466348204287516
uc	0.000628489	0.00113468	FALSE	0.0409848	980	6	45408422	46430701	0.0659843260997067
cad	5.79965e-05	0.000112589	FALSE	0.0291237	980	6	45408422	46430701	0.0441976787657598
crohn	0.000490589	0.000849553	FALSE	0.10574	981	6	46430702	47313443	0.138142198830409
uc	0.000798745	0.00144206	FALSE	0.0138954	981	6	46430702	47313443	0.0281497217712177
cad	3.37934e-05	6.56037e-05	FALSE	0.119891	981	6	46430702	47313443	0.146391199679658
psoriasis	0.000232926	0.000814796	FALSE	0.0398618	982	6	47313444	48393981	0.0663851102544333
psa	0.00112189	0.00233213	FALSE	0.0174429	982	6	47313444	48393981	0.0474471660167131
cad	4.90441e-05	9.521e-05	FALSE	0.026542	982	6	47313444	48393981	0.0406846876675603
psoriasis	2.02437e-05	7.08143e-05	FALSE	0.393913	983	6	48393982	49528164	0.409074923076923
psa	0.000123936	0.000257633	FALSE	0.351058	983	6	48393982	49528164	0.391046862049227
psoriasis	5.2475e-05	0.000183562	FALSE	0.327257	984	6	49528165	50940767	0.355749934574736
psa	0.00155357	0.00322949	FALSE	0.0030153	984	6	49528165	50940767	0.0138718056737589
crohn	0.00044012	0.000762156	FALSE	0.0969964	984	6	49528165	50940767	0.128523106524318
uc	0.000248242	0.000448179	FALSE	0.191865	984	6	49528165	50940767	0.230489901531729
cad	8.02218e-05	0.000155736	FALSE	0.00178057	984	6	49528165	50940767	0.00415526896938776
psoriasis	0.000143949	0.000503547	FALSE	0.124629	985	6	50940768	51826423	0.164104750304507
psa	0.00032491	0.000675409	FALSE	0.241191	985	6	50940768	51826423	0.299144478011472
crohn	0.000462623	0.000801124	FALSE	0.0783309	985	6	50940768	51826423	0.1081316714021
uc	9.82404e-05	0.000177364	FALSE	0.344333	985	6	50940768	51826423	0.369465467513434
cad	7.22246e-05	0.000140211	FALSE	0.00289829	985	6	50940768	51826423	0.00624142112052731
psoriasis	0.000504702	0.0017655	FALSE	0.00164773	986	6	51826424	52598879	0.00483572934782609
psa	0.000659656	0.00137126	FALSE	0.139483	986	6	51826424	52598879	0.205476092354277
crohn	0.000897835	0.00155478	FALSE	0.0170615	986	6	51826424	52598879	0.0316048018242123
uc	0.000586489	0.00105886	FALSE	0.0524613	986	6	51826424	52598879	0.0813594737288136
cad	8.72901e-05	0.000169457	FALSE	0.00326978	986	6	51826424	52598879	0.0068774378125
psoriasis	0.000105918	0.00037051	FALSE	0.220823	987	6	52598880	53425492	0.260291194762684
crohn	0.000614891	0.00106481	FALSE	0.0508975	987	6	52598880	53425492	0.077880147260274
uc	0.000944435	0.0017051	FALSE	0.00338598	987	6	52598880	53425492	0.00925979088418431
cad	3.79538e-05	7.36803e-05	FALSE	0.0816953	987	6	52598880	53425492	0.105796801302378
psoriasis	0.000532466	0.00186262	FALSE	0.00034582	988	6	53425493	54452767	0.00132268842477876
crohn	0.000844757	0.00146287	FALSE	0.013074	988	6	53425493	54452767	0.0253700318890815
uc	0.000221096	0.000399169	FALSE	0.22884	988	6	53425493	54452767	0.264750407582938
cad	6.51873e-05	0.000126549	FALSE	0.010202	988	6	53425493	54452767	0.0178515485845448
psa	0.000130536	0.000271353	FALSE	0.377766	989	6	54452768	55469137	0.411592612199217
crohn	0.000281282	0.000487096	FALSE	0.188441	989	6	54452768	55469137	0.221450391372962
uc	0.000643555	0.00116188	FALSE	0.0178585	989	6	54452768	55469137	0.034042765625
cad	4.61701e-05	8.96307e-05	FALSE	0.0341046	989	6	54452768	55469137	0.0508557834419818
psoriasis	2.38398e-05	8.33939e-05	FALSE	0.393924	990	6	55469138	56200985	0.409074923076923
psa	0.000144345	0.000300059	FALSE	0.350957	990	6	55469138	56200985	0.391046862049227
crohn	0.000205794	0.000356374	FALSE	0.226416	990	6	55469138	56200985	0.255203503531786
uc	0.000404973	0.000731144	FALSE	0.0609896	990	6	55469138	56200985	0.0916095496580027
cad	2.04031e-05	3.96087e-05	FALSE	0.163739	990	6	55469138	56200985	0.188840692385275
crohn	0.000397803	0.000688876	FALSE	0.113203	991	6	56200986	57316157	0.146182371098266
cad	0.000161402	0.000313331	FALSE	5.2608e-08	991	6	56200986	57316157	5.44409484162896e-07
cad	3.87475e-05	7.52211e-05	FALSE	0.000706828	992	6	57316158	58141889	0.0019736252195122
uc	6.89888e-05	0.000124553	FALSE	0.23217	993	6	58141890	61883560	0.267635338582677
cad	4.31254e-05	8.372e-05	FALSE	0.000375333	993	6	58141890	61883560	0.00115374539112903
psa	0.000378119	0.000786017	FALSE	0.0852536	994	6	61883561	62693128	0.144767456893543
cad	3.79986e-05	7.37671e-05	FALSE	0.00615727	994	6	61883561	62693128	0.0116860385809129
psoriasis	2.3241e-05	8.12991e-05	FALSE	0.382672	995	6	62693129	64010286	0.401185955383123
psa	0.00015542	0.00032308	FALSE	0.322462	995	6	62693129	64010286	0.368907144032922
crohn	0.000269127	0.000466048	FALSE	0.142215	995	6	62693129	64010286	0.176427700166574
uc	4.60522e-05	8.31431e-05	FALSE	0.392558	995	6	62693129	64010286	0.409333982905983
cad	2.5871e-05	5.02237e-05	FALSE	0.0877897	995	6	62693129	64010286	0.112353130330162
psa	0.000252316	0.000524504	FALSE	0.289646	996	6	64010287	65759861	0.340780602176542
uc	0.000591333	0.0010676	FALSE	0.0245823	996	6	64010287	65759861	0.0442119007371007
cad	4.56739e-06	8.86674e-06	FALSE	0.403718	996	6	64010287	65759861	0.411107087711487
psoriasis	8.6312e-05	0.000301928	FALSE	0.207578	997	6	65759862	66445495	0.247923582089552
psa	0.00173291	0.00360229	FALSE	0.000306297	997	6	65759862	66445495	0.00252565238135593
crohn	0.00072721	0.00125931	FALSE	0.00947218	997	6	65759862	66445495	0.0196345596846011
uc	9.54302e-05	0.000172291	FALSE	0.32951	997	6	65759862	66445495	0.356806686390533
psoriasis	4.29602e-05	0.000150279	FALSE	0.298498	998	6	66445496	67036787	0.32946125702606
psa	0.000106049	0.00022045	FALSE	0.358449	998	6	66445496	67036787	0.397205513944223
crohn	0.000291424	0.00050466	FALSE	0.11042	998	6	66445496	67036787	0.143501035485748
psoriasis	0.000293758	0.00102759	FALSE	0.00742123	999	6	67036788	67559694	0.0166063304347826
uc	0.000320664	0.00057893	FALSE	0.0984123	999	6	67036788	67559694	0.134566258281445
psoriasis	0.000249767	0.00087371	FALSE	0.023903	1000	6	67559695	68547494	0.0433458724832215
crohn	0.000273873	0.000474267	FALSE	0.177449	1000	6	67559695	68547494	0.211311868869936
uc	0.000643271	0.00116137	FALSE	0.0127723	1000	6	67559695	68547494	0.0262130568224299
cad	2.38941e-05	4.63859e-05	FALSE	0.140506	1000	6	67559695	68547494	0.166409747281201
psoriasis	0.000187667	0.000656476	FALSE	0.0695939	1001	6	68547495	69294227	0.103267272477694
psa	0.00089623	0.00186304	FALSE	0.0382026	1001	6	68547495	69294227	0.0818747352422908
crohn	0.00024208	0.00041921	FALSE	0.21232	1001	6	68547495	69294227	0.243242502564103
uc	0.000335092	0.000604979	FALSE	0.113804	1001	6	68547495	69294227	0.15164659223301
cad	1.31384e-05	2.55058e-05	FALSE	0.271523	1001	6	68547495	69294227	0.290445790926099
crohn	6.89795e-06	1.19452e-05	FALSE	0.468639	1002	6	69294228	70363348	0.470534618426966
cad	6.42383e-05	0.000124707	FALSE	0.00454597	1002	6	69294228	70363348	0.00907210592495637
psoriasis	0.000360882	0.0012624	FALSE	0.0133597	1003	6	70363349	71610787	0.0268937110904007
crohn	0.000307355	0.000532247	FALSE	0.209103	1003	6	70363349	71610787	0.240296348765432
cad	0.000120066	0.000233086	FALSE	0.00012289	1003	6	70363349	71610787	0.000442597527559055
psoriasis	0.000164928	0.000576935	FALSE	0.0840899	1004	6	71610788	72290723	0.11981146701847
psa	7.06668e-05	0.000146899	FALSE	0.417092	1004	6	71610788	72290723	0.439210515151515
crohn	0.000453465	0.000785266	FALSE	0.0715624	1004	6	71610788	72290723	0.100992041440303
cad	6.67473e-05	0.000129577	FALSE	0.00350551	1004	6	71610788	72290723	0.00728165428701181
psa	0.000390088	0.000810899	FALSE	0.202509	1005	6	72290724	73170168	0.264221671581769
crohn	0.000791439	0.00137054	FALSE	0.0107599	1005	6	72290724	73170168	0.0218127192377495
cad	1.50382e-05	2.91938e-05	FALSE	0.247661	1005	6	72290724	73170168	0.268691037476281
psoriasis	0.000248635	0.000869747	FALSE	0.0542088	1006	6	73170169	74401506	0.0849717039187228
psa	0.000600762	0.00124884	FALSE	0.151226	1006	6	73170169	74401506	0.217185089298893
crohn	0.000674603	0.00116821	FALSE	0.0453334	1006	6	73170169	74401506	0.0707720584206848
uc	0.000126857	0.000229029	FALSE	0.338397	1006	6	73170169	74401506	0.364274417647059
cad	7.75226e-05	0.000150496	FALSE	0.00572214	1006	6	73170169	74401506	0.0109970875462185
psoriasis	0.000175692	0.000614589	FALSE	0.0773659	1007	6	74401507	75461313	0.11170477540107
crohn	0.00066262	0.00114746	FALSE	0.0224002	1007	6	74401507	75461313	0.0397159101587302
uc	0.000453206	0.000818224	FALSE	0.0537016	1007	6	74401507	75461313	0.0828151078651685
cad	7.20575e-05	0.000139886	FALSE	0.00239002	1007	6	74401507	75461313	0.00531192977648202
crohn	0.000319342	0.000553005	FALSE	0.182105	1008	6	75461314	77274030	0.21593554670913
uc	0.000131397	0.000237226	FALSE	0.323034	1008	6	75461314	77274030	0.351353473997028
cad	5.03548e-05	9.77544e-05	FALSE	0.0346123	1008	6	75461314	77274030	0.0513681571057755
psoriasis	0.000138376	0.000484054	FALSE	0.140101	1009	6	77274031	78168731	0.179701995249406
cad	6.58891e-05	0.000127911	FALSE	0.00663729	1009	6	77274031	78168731	0.0124728695398521
psoriasis	1.68133e-05	5.88146e-05	FALSE	0.398823	1010	6	78168732	78959762	0.412795862068966
psa	0.000469162	0.000975273	FALSE	0.097808	1010	6	78168732	78959762	0.160619719831224
cad	8.41688e-05	0.000163398	FALSE	9.75092e-05	1011	6	78959763	79859903	0.000362018734415584
psoriasis	0.000153105	0.000535575	FALSE	0.136593	1012	6	79859904	80693927	0.175976243291592
psa	3.36256e-05	6.98995e-05	FALSE	0.456999	1012	6	79859904	80693927	0.464639526645768
crohn	0.000990618	0.00171545	FALSE	0.00567366	1012	6	79859904	80693927	0.0130133022997947
uc	0.000609178	0.00109982	FALSE	0.0325479	1012	6	79859904	80693927	0.054728321898928
cad	0.000125443	0.000243523	FALSE	2.55717e-05	1012	6	79859904	80693927	0.000111821181453155
psa	2.25998e-05	4.69796e-05	FALSE	0.448313	1013	6	80693928	81567706	0.459408687730384
crohn	0.000232478	0.000402582	FALSE	0.164558	1013	6	80693928	81567706	0.198714903783784
uc	0.00047208	0.000852299	FALSE	0.0210784	1013	6	80693928	81567706	0.0389303333894029
cad	2.13876e-05	4.15201e-05	FALSE	0.117616	1013	6	80693928	81567706	0.144074875200857
psa	0.000965899	0.00200787	FALSE	0.00944218	1014	6	81567707	82388204	0.0306752625709516
uc	5.16322e-05	9.32173e-05	FALSE	0.377277	1014	6	81567707	82388204	0.395843426660296
cad	7.70265e-05	0.000149533	FALSE	0.000183172	1014	6	81567707	82388204	0.00063280115407855
psoriasis	3.95763e-06	1.38442e-05	FALSE	0.471228	1015	6	82388205	83571953	0.472979776951673
uc	0.0017352	0.00313275	FALSE	3.67765e-06	1015	6	82388205	83571953	3.5893864e-05
cad	0.000248418	0.000482258	FALSE	2.38856e-12	1015	6	82388205	83571953	6.8661743375e-11
psoriasis	0.000219246	0.000766942	FALSE	0.0577635	1016	6	83571954	85038134	0.0894402580645161
psa	0.000345291	0.000717777	FALSE	0.244539	1016	6	83571954	85038134	0.30210291751269
crohn	9.07494e-05	0.000157151	FALSE	0.377659	1016	6	83571954	85038134	0.392962368886819
uc	0.000420184	0.000758605	FALSE	0.0852046	1016	6	83571954	85038134	0.119711645297505
cad	5.15361e-05	0.000100048	FALSE	0.0268817	1016	6	83571954	85038134	0.0411777949765573
psoriasis	3.57324e-05	0.000124995	FALSE	0.365165	1017	6	85038135	85837203	0.386455854973052
psa	0.000371387	0.000772024	FALSE	0.210095	1017	6	85038135	85837203	0.270937620941021
crohn	0.000210102	0.000363834	FALSE	0.239674	1017	6	85038135	85837203	0.268252362725451
uc	0.000454106	0.000819849	FALSE	0.0553549	1017	6	85038135	85837203	0.0847694284518828
cad	8.02612e-05	0.000155812	FALSE	0.00108786	1017	6	85038135	85837203	0.00283796620296465
psoriasis	5.15322e-05	0.000180265	FALSE	0.293311	1018	6	85837204	86818669	0.325398952234206
psa	0.000330394	0.000686809	FALSE	0.20068	1018	6	85837204	86818669	0.262448440860215
uc	0.000165983	0.000299667	FALSE	0.227526	1018	6	85837204	86818669	0.263805224920802
cad	2.79402e-05	5.42406e-05	FALSE	0.0834549	1018	6	85837204	86818669	0.107709569018059
psoriasis	9.66218e-05	0.000337992	FALSE	0.171545	1019	6	86818670	87516322	0.212220618556701
crohn	0.000255766	0.000442911	FALSE	0.165099	1019	6	86818670	87516322	0.199045421478683
uc	0.00070723	0.00127684	FALSE	0.00382849	1019	6	86818670	87516322	0.0101784068280872
psoriasis	4.88427e-05	0.000170856	FALSE	0.312166	1020	6	87516323	88499745	0.341752944754181
crohn	0.000363076	0.000628739	FALSE	0.10476	1020	6	87516323	88499745	0.136941977764775
uc	4.48161e-05	8.09115e-05	FALSE	0.406251	1020	6	87516323	88499745	0.418642513374003
cad	2.57117e-05	4.99145e-05	FALSE	0.11268	1020	6	87516323	88499745	0.138921380053908
psoriasis	0.000699624	0.00244735	FALSE	0.000318064	1021	6	88499746	89974267	0.00123121548387097
psa	0.00161459	0.00335634	FALSE	0.016825	1021	6	88499746	89974267	0.0465738975817923
crohn	0.00111359	0.00192841	FALSE	0.0129376	1021	6	88499746	89974267	0.0251889337979094
uc	0.00109777	0.00198193	FALSE	0.00652624	1021	6	88499746	89974267	0.0155948020021763
cad	7.06255e-05	0.000137106	FALSE	0.0260773	1021	6	88499746	89974267	0.0401067821788837
psoriasis	0.000608181	0.00212747	FALSE	0.000584818	1022	6	89974268	91097024	0.0020374304516129
psa	0.000479448	0.000996655	FALSE	0.227098	1022	6	89974268	91097024	0.28659708690013
crohn	0.00314348	0.00544358	FALSE	1.33522e-09	1022	6	89974268	91097024	2.98288148e-08
uc	0.00173347	0.00312963	FALSE	2.9706e-05	1022	6	89974268	91097024	0.000202591229813665
cad	3.96451e-05	7.69635e-05	FALSE	0.10842	1022	6	89974268	91097024	0.135504125136612
psoriasis	0.000321415	0.00112434	FALSE	0.0315017	1023	6	91097025	92015279	0.0548648702659146
crohn	0.00110798	0.0019187	FALSE	0.00722691	1023	6	91097025	92015279	0.0157665204492187
uc	0.000250326	0.000451941	FALSE	0.241214	1023	6	91097025	92015279	0.275601427679501
cad	0.000100902	0.000195883	FALSE	0.00154593	1023	6	91097025	92015279	0.00376121479787234
psoriasis	0.000206723	0.000723138	FALSE	0.0704792	1024	6	92015280	92953798	0.10412795622435
crohn	0.000796521	0.00137934	FALSE	0.016672	1024	6	92015280	92953798	0.0309089195020747
uc	0.000190317	0.000343601	FALSE	0.256331	1024	6	92015280	92953798	0.289410219023136
cad	3.18503e-05	6.18315e-05	FALSE	0.110278	1024	6	92015280	92953798	0.136919536373507
psa	0.000921661	0.00191591	FALSE	0.0302164	1025	6	92953799	93696825	0.0690964916568743
crohn	0.000638829	0.00110626	FALSE	0.0241303	1025	6	92953799	93696825	0.0422138529365701
uc	0.000616269	0.00111262	FALSE	0.0157558	1025	6	92953799	93696825	0.0311428774077408
cad	4.95169e-05	9.61277e-05	FALSE	0.019371	1025	6	92953799	93696825	0.0312573870239774
psoriasis	8.71428e-05	0.000304834	FALSE	0.280827	1026	6	93696826	95176337	0.314619460580913
psa	0.000813064	0.00169016	FALSE	0.0984608	1026	6	93696826	95176337	0.161147785365854
crohn	0.000822453	0.00142424	FALSE	0.0271518	1026	6	93696826	95176337	0.0465161972392638
uc	0.00024294	0.000438607	FALSE	0.23969	1026	6	93696826	95176337	0.274431303441084
cad	5.5234e-05	0.000107226	FALSE	0.038421	1026	6	93696826	95176337	0.0560387927295918
psoriasis	5.89008e-05	0.000206041	FALSE	0.314493	1027	6	95176338	96480153	0.34388052631579
psa	0.00096525	0.00200652	FALSE	0.0385986	1027	6	95176338	96480153	0.0822802050383351
crohn	0.000863486	0.0014953	FALSE	0.00974081	1027	6	95176338	96480153	0.0200548195948435
uc	0.000423343	0.000764309	FALSE	0.0827522	1027	6	95176338	96480153	0.116714085549133
cad	3.42631e-05	6.65155e-05	FALSE	0.0900904	1027	6	95176338	96480153	0.114719791091314
psoriasis	0.000248049	0.0008677	FALSE	0.054797	1028	6	96480154	98173003	0.0856496266280753
crohn	0.00112255	0.00194392	FALSE	0.00370332	1028	6	96480154	98173003	0.00914167611049724
uc	0.000700633	0.00126493	FALSE	0.0241161	1028	6	96480154	98173003	0.0436235219110379
cad	0.000105091	0.000204015	FALSE	0.000470394	1028	6	96480154	98173003	0.00138991095348837
psoriasis	7.00698e-05	0.000245111	FALSE	0.302341	1029	6	98173004	99678876	0.333532461695608
crohn	0.000953776	0.00165166	FALSE	0.00899932	1029	6	98173004	99678876	0.0187892344672897
uc	0.000595132	0.00107446	FALSE	0.0407477	1029	6	98173004	99678876	0.0656594333088775
cad	6.38263e-05	0.000123907	FALSE	0.014957	1029	6	98173004	99678876	0.0249866026296567
psoriasis	0.000293854	0.00102793	FALSE	0.0318344	1030	6	99678877	100878645	0.0552307662650602
psa	0.000979995	0.00203717	FALSE	0.0543422	1030	6	99678877	100878645	0.105266013930348
crohn	0.000853104	0.00147732	FALSE	0.0188096	1030	6	99678877	100878645	0.0341631271544715
uc	0.00061387	0.00110829	FALSE	0.0410155	1030	6	99678877	100878645	0.0659853758241758
cad	9.60492e-05	0.000186461	FALSE	0.00119455	1030	6	99678877	100878645	0.00304563639910814
psoriasis	0.000147766	0.000516901	FALSE	0.0582967	1031	6	100878646	101793542	0.0899798914285714
psa	0.000200013	0.000415779	FALSE	0.266049	1031	6	100878646	101793542	0.321572269565217
uc	0.000140971	0.000254512	FALSE	0.22791	1031	6	100878646	101793542	0.264111007915567
psa	0.000575119	0.00119553	FALSE	0.140331	1032	6	101793543	102637706	0.206412793650794
crohn	3.3784e-05	5.85038e-05	FALSE	0.442628	1032	6	101793543	102637706	0.449060377838329
cad	3.88389e-05	7.53984e-05	FALSE	0.0711301	1032	6	101793543	102637706	0.0944934744483159
psoriasis	2.45632e-05	8.59245e-05	FALSE	0.385639	1033	6	102637707	103612625	0.402600405993233
crohn	5.61051e-05	9.71573e-05	FALSE	0.394886	1033	6	102637707	103612625	0.408603670217693
uc	7.05343e-05	0.000127343	FALSE	0.361525	1033	6	102637707	103612625	0.382791176470588
cad	2.98062e-05	5.78632e-05	FALSE	0.0746289	1033	6	102637707	103612625	0.0980898243103448
psoriasis	2.77828e-05	9.71867e-05	FALSE	0.355812	1034	6	103612626	104209796	0.378784583538689
psa	0.00055586	0.0011555	FALSE	0.0686922	1034	6	103612626	104209796	0.124233291078067
crohn	0.000272458	0.000471816	FALSE	0.12417	1034	6	103612626	104209796	0.157922311895276
cad	1.93351e-05	3.75354e-05	FALSE	0.131724	1034	6	103612626	104209796	0.157972096486628
psoriasis	4.39195e-05	0.000153635	FALSE	0.34215	1035	6	104209797	104951344	0.368784431137725
psa	0.00031502	0.00065485	FALSE	0.244663	1035	6	104209797	104951344	0.30210291751269
crohn	0.000553527	0.000958543	FALSE	0.0462718	1035	6	104209797	104951344	0.0719156913769124
cad	6.29122e-05	0.000122132	FALSE	0.00674257	1035	6	104209797	104951344	0.0126603100082102
psoriasis	0.000377151	0.00131931	FALSE	0.00841503	1036	6	104951345	106053915	0.0184720170731707
psa	0.000739256	0.00153673	FALSE	0.0988509	1036	6	104951345	106053915	0.161514568765743
crohn	0.000509605	0.000882483	FALSE	0.0884088	1036	6	104951345	106053915	0.118835896028881
uc	0.000116409	0.000210166	FALSE	0.344595	1036	6	104951345	106053915	0.369497373046875
psoriasis	0.00166146	0.00581194	FALSE	1.48497e-12	1037	6	106053916	107309327	5.17344387096774e-11
psa	0.00325381	0.00676388	FALSE	5.51084e-05	1037	6	106053916	107309327	0.000638338966666667
crohn	0.00510082	0.00883309	FALSE	2.32548e-16	1037	6	106053916	107309327	1.67584590967742e-14
uc	0.00437128	0.00789196	FALSE	7.66454e-16	1037	6	106053916	107309327	8.41566492e-14
cad	0.000177044	0.000343699	FALSE	8.75073e-06	1037	6	106053916	107309327	4.47716320134228e-05
psoriasis	0.00119433	0.00417786	FALSE	2.05654e-08	1038	6	107309328	109043244	3.24242802919708e-07
psa	0.00377302	0.0078432	FALSE	2.03499e-06	1038	6	107309328	109043244	7.61555873076923e-05
crohn	0.000895283	0.00155036	FALSE	0.0321733	1038	6	107309328	109043244	0.0533198458456973
uc	0.0012959	0.00233963	FALSE	0.00171433	1038	6	107309328	109043244	0.00538579210300429
cad	0.000161815	0.000314134	FALSE	1.62968e-05	1038	6	107309328	109043244	7.59079054989817e-05
psoriasis	0.000713857	0.00249714	FALSE	2.07697e-05	1039	6	109043245	110647842	0.000131561736070381
psa	0.001246	0.00259014	FALSE	0.0214122	1039	6	109043245	110647842	0.0543970511749347
uc	0.000412381	0.000744517	FALSE	0.110026	1039	6	109043245	110647842	0.148049691176471
cad	7.16085e-05	0.000139015	FALSE	0.00883791	1039	6	109043245	110647842	0.0159277385106383
psoriasis	0.000424906	0.00148636	FALSE	0.00161212	1040	6	110647843	111363443	0.00474411335149864
uc	0.000510562	0.000921775	FALSE	0.0446262	1040	6	110647843	111363443	0.0705537330453564
cad	0.000119399	0.00023179	FALSE	1.74022e-05	1040	6	110647843	111363443	8.02395794354839e-05
psoriasis	0.00528127	0.0184744	FALSE	1.44535e-83	1041	6	111363444	112342873	6.243912e-81
psa	0.00749532	0.0155809	FALSE	8.01914e-23	1041	6	111363444	112342873	5.20174881333333e-20
crohn	0.00017172	0.000297368	FALSE	0.289389	1041	6	111363444	112342873	0.314596119708029
uc	0.00108797	0.00196423	FALSE	0.000548097	1041	6	111363444	112342873	0.00208535275432526
cad	6.59093e-05	0.000127951	FALSE	0.00705173	1041	6	111363444	112342873	0.0131116313089431
psoriasis	0.00056861	0.00198905	FALSE	0.000522922	1042	6	112342874	113705003	0.0018825192
psa	0.000995958	0.00207035	FALSE	0.0561623	1042	6	112342874	113705003	0.107995885177866
crohn	0.000140224	0.000242826	FALSE	0.347938	1042	6	112342874	113705003	0.367167450165328
uc	0.000845155	0.00152585	FALSE	0.0116446	1042	6	112342874	113705003	0.0244938137931034
cad	7.35496e-05	0.000142783	FALSE	0.00963449	1042	6	112342874	113705003	0.0170806811085271
psa	0.00067814	0.00140969	FALSE	0.119852	1043	6	113705004	115062811	0.184957963521015
crohn	0.000564266	0.00097714	FALSE	0.0714753	1043	6	113705004	115062811	0.100932882553729
crohn	6.38726e-06	1.10608e-05	FALSE	0.464585	1044	6	115062812	116132147	0.467304317874831
uc	3.68394e-05	6.65103e-05	FALSE	0.410855	1044	6	115062812	116132147	0.422436994382022
psoriasis	0.000229311	0.000802152	FALSE	0.0669732	1045	6	116132148	117674076	0.100112188235294
crohn	0.000761345	0.00131842	FALSE	0.029	1045	6	116132148	117674076	0.0490060514372163
uc	0.00130088	0.00234862	FALSE	0.000294167	1045	6	116132148	117674076	0.00124708635521236
cad	2.30685e-05	4.47832e-05	FALSE	0.200291	1045	6	116132148	117674076	0.22421219627998
psoriasis	0.000238947	0.000835859	FALSE	0.0340389	1046	6	117674077	118529071	0.058306125297383
psa	0.000170411	0.000354243	FALSE	0.345054	1046	6	117674077	118529071	0.385944364367816
crohn	0.0011762	0.00203683	FALSE	0.000626479	1046	6	117674077	118529071	0.00204016630612245
uc	0.000607374	0.00109656	FALSE	0.0209276	1046	6	117674077	118529071	0.0387495865092749
psoriasis	0.000286551	0.00100238	FALSE	0.0096846	1047	6	118529072	119451294	0.0207110884272997
psa	0.000411039	0.00085445	FALSE	0.168562	1047	6	118529072	119451294	0.234776965665236
uc	0.000103611	0.000187061	FALSE	0.320537	1047	6	118529072	119451294	0.348983268220129
cad	1.74901e-05	3.39537e-05	FALSE	0.195078	1047	6	118529072	119451294	0.219127399803536
psoriasis	0.000328558	0.00114933	FALSE	0.00363857	1048	6	119451295	120339244	0.00931302532544379
psa	0.000165158	0.000343323	FALSE	0.329367	1048	6	119451295	120339244	0.374823498245614
uc	0.00108075	0.00195121	FALSE	0.000111009	1048	6	119451295	120339244	0.000590697414043584
psa	0.000794181	0.00165091	FALSE	0.0272907	1049	6	120339245	121087444	0.0648445692307692
crohn	0.000105292	0.000182335	FALSE	0.316022	1049	6	120339245	121087444	0.337957466730493
uc	0.00041629	0.000751575	FALSE	0.0376705	1049	6	120339245	121087444	0.0615967371556218
cad	1.5616e-05	3.03155e-05	FALSE	0.190489	1049	6	120339245	121087444	0.214393869586614
psoriasis	5.19609e-07	1.81764e-06	FALSE	0.474	1050	6	121087445	121908063	0.475099767981438
uc	0.000434062	0.000783661	FALSE	0.0445683	1050	6	121087445	121908063	0.0705226097982709
cad	5.96088e-05	0.000115719	FALSE	0.00458362	1050	6	121087445	121908063	0.00913130569686411
psoriasis	0.000249656	0.000873322	FALSE	0.0164321	1051	6	121908064	122929290	0.0317755917636526
crohn	0.000678312	0.00117463	FALSE	0.0117038	1051	6	121908064	122929290	0.0233134426024955
uc	0.000147725	0.000266704	FALSE	0.253457	1051	6	121908064	122929290	0.287347223541559
cad	1.90552e-05	3.6992e-05	FALSE	0.16622	1051	6	121908064	122929290	0.191123750628456
psoriasis	0.000465673	0.00162897	FALSE	0.0017067	1052	6	122929291	123854857	0.00496829110512129
psa	0.00182085	0.00378511	FALSE	0.00171692	1052	6	122929291	123854857	0.00916496879781421
crohn	0.000182627	0.000316255	FALSE	0.296452	1052	6	122929291	123854857	0.320869073643411
uc	0.000248948	0.000449454	FALSE	0.212437	1052	6	122929291	123854857	0.249872336368506
cad	5.87915e-05	0.000114133	FALSE	0.0202981	1052	6	122929291	123854857	0.0324411988819008
psoriasis	0.000720603	0.00252074	FALSE	0.000544787	1053	6	123854858	125365054	0.00194181504950495
psa	0.00266525	0.0055404	FALSE	0.000903209	1053	6	123854858	125365054	0.0055621668164557
crohn	0.00328727	0.00569256	FALSE	2.36821e-08	1053	6	123854858	125365054	3.39139816666667e-07
uc	0.0024536	0.00442977	FALSE	1.00336e-06	1053	6	123854858	125365054	1.25907346285714e-05
cad	0.00012191	0.000236666	FALSE	0.00148039	1053	6	123854858	125365054	0.00363657564983888
psa	0.00125632	0.00261159	FALSE	0.0295074	1054	6	125365055	127545459	0.0680786426540284
crohn	0.00107982	0.00186992	FALSE	0.00780155	1054	6	125365055	127545459	0.0168068107039537
uc	0.00127382	0.00229977	FALSE	0.000800769	1054	6	125365055	127545459	0.00287297342251223
cad	0.000143839	0.000279237	FALSE	2.23484e-05	1054	6	125365055	127545459	9.92442539805825e-05
psoriasis	0.000436213	0.00152591	FALSE	0.00209213	1055	6	127545460	128763380	0.00587646397919376
psa	0.00249037	0.00517687	FALSE	2.72289e-05	1055	6	127545460	128763380	0.000409670423076923
crohn	0.00135973	0.00235465	FALSE	0.000272623	1055	6	127545460	128763380	0.00102359627226891
uc	0.000448572	0.000809857	FALSE	0.072875	1055	6	127545460	128763380	0.105423913043478
psoriasis	0.000296015	0.00103549	FALSE	0.0279156	1056	6	128763381	129850178	0.0493838624078624
psa	0.000974641	0.00202604	FALSE	0.0499677	1056	6	128763381	129850178	0.0994244828220859
crohn	0.000881568	0.00152661	FALSE	0.0137462	1056	6	128763381	129850178	0.0264732851724138
uc	0.000568416	0.00102622	FALSE	0.0473812	1056	6	128763381	129850178	0.0745337501432665
cad	9.16168e-05	0.000177857	FALSE	0.00137874	1056	6	128763381	129850178	0.00344513080786026
psoriasis	0.000897144	0.00313829	FALSE	1.76015e-06	1057	6	129850179	130550137	1.57104297520661e-05
psa	0.00181049	0.00376357	FALSE	0.00466617	1057	6	129850179	130550137	0.0186455170841889
crohn	0.0004871	0.000843512	FALSE	0.125047	1057	6	129850179	130550137	0.158905004550626
uc	0.000975441	0.00176107	FALSE	0.007006	1057	6	129850179	130550137	0.0164371538461538
cad	0.000117513	0.00022813	FALSE	0.000354941	1057	6	129850179	130550137	0.00110592652179837
psoriasis	0.000144653	0.000506011	FALSE	0.136602	1058	6	130550138	131457164	0.175976243291592
psa	0.00260066	0.00540615	FALSE	1.23931e-05	1058	6	130550138	131457164	0.000246091557142857
crohn	0.000879651	0.00152329	FALSE	0.00853296	1058	6	130550138	131457164	0.0180561357575758
uc	6.38236e-05	0.000115228	FALSE	0.396232	1058	6	130550138	131457164	0.411991227272727
cad	9.58805e-05	0.000186134	FALSE	0.000394102	1058	6	130550138	131457164	0.00119855222606383
psoriasis	0.000786103	0.00274986	FALSE	3.25482e-05	1059	6	131457165	132890694	0.000186979021276596
psa	0.000777127	0.00161546	FALSE	0.125704	1059	6	131457165	132890694	0.191107530054645
crohn	0.000287618	0.000498068	FALSE	0.249607	1059	6	131457165	132890694	0.277838583956153
uc	0.00119013	0.00214867	FALSE	0.00234475	1059	6	131457165	132890694	0.006939448787062
cad	0.000181696	0.000352729	FALSE	9.20137e-07	1059	6	131457165	132890694	6.68048672698413e-06
psoriasis	0.00011306	0.000395495	FALSE	0.245216	1060	6	132890695	134313643	0.28309276322822
psa	0.000481823	0.00100159	FALSE	0.227487	1060	6	132890695	134313643	0.286716128238342
crohn	0.000516485	0.000894397	FALSE	0.118858	1060	6	132890695	134313643	0.152340087205967
uc	0.00122784	0.00221676	FALSE	0.00160705	1060	6	132890695	134313643	0.00509982919075145
cad	0.000609382	0.001183	FALSE	1.57599e-36	1060	6	132890695	134313643	3.27662648181818e-34
psoriasis	0.00130377	0.00456071	FALSE	1.68837e-09	1061	6	134313644	135544083	3.40829831775701e-08
psa	0.00175291	0.00364387	FALSE	0.0100533	1061	6	134313644	135544083	0.0321300896551724
crohn	0.00329239	0.00570144	FALSE	2.02016e-09	1061	6	134313644	135544083	4.21334449541284e-08
uc	0.00133621	0.0024124	FALSE	0.00131387	1061	6	134313644	135544083	0.00433222
cad	0.000142181	0.000276018	FALSE	0.000104143	1061	6	134313644	135544083	0.00038218555448718
psoriasis	0.00115884	0.00405373	FALSE	2.82891e-08	1062	6	135544084	137553212	4.364604e-07
psa	0.00217294	0.00451702	FALSE	0.00189222	1062	6	135544084	137553212	0.009793245
crohn	0.00199413	0.00345324	FALSE	4.66437e-05	1062	6	135544084	137553212	0.000238995472018349
uc	0.000802425	0.00144871	FALSE	0.0262396	1062	6	135544084	137553212	0.046679213592233
cad	4.11297e-05	7.98457e-05	FALSE	0.109987	1062	6	135544084	137553212	0.13685542383025
psoriasis	0.00470236	0.0164493	FALSE	7.78784e-57	1063	6	137553213	138825721	1.68217344e-54
psa	0.00532456	0.0110685	FALSE	4.70571e-10	1063	6	137553213	138825721	7.04408589230769e-08
crohn	0.00332388	0.00575596	FALSE	2.1487e-09	1063	6	137553213	138825721	4.32450072072072e-08
uc	0.00345788	0.00624289	FALSE	6.18494e-12	1063	6	137553213	138825721	3.1586344744186e-10
cad	5.99042e-05	0.000116293	FALSE	0.0472886	1063	6	137553213	138825721	0.0668825158936302
psoriasis	0.000584366	0.00204417	FALSE	0.000367974	1064	6	138825722	139716713	0.00138955216783217
psa	0.00295761	0.00614814	FALSE	1.16785e-05	1064	6	138825722	139716713	0.00024176979787234
crohn	0.000594143	0.00102888	FALSE	0.0702885	1064	6	138825722	139716713	0.0998248626827718
uc	0.0011378	0.00205419	FALSE	0.00140448	1064	6	138825722	139716713	0.0045692416
cad	9.10694e-05	0.000176794	FALSE	0.0021173	1064	6	138825722	139716713	0.00480383442460317
psoriasis	0.000449037	0.00157077	FALSE	0.00320105	1065	6	139716714	141449453	0.00839110194174757
psa	0.00116352	0.00241868	FALSE	0.0294024	1065	6	139716714	141449453	0.0679537653206651
crohn	0.000782325	0.00135475	FALSE	0.0264368	1065	6	139716714	141449453	0.0455363953739399
uc	0.000917285	0.00165608	FALSE	0.00591424	1065	6	139716714	141449453	0.0144226504328524
cad	0.000170139	0.000330294	FALSE	3.04194e-07	1065	6	139716714	141449453	2.52978792e-06
psoriasis	0.000303055	0.00106012	FALSE	0.0233654	1066	6	141449454	143083347	0.0426260675675676
crohn	0.0019918	0.00344921	FALSE	2.71734e-06	1066	6	141449454	143083347	2.13751322535211e-05
uc	4.21795e-06	7.61514e-06	FALSE	0.476651	1066	6	141449454	143083347	0.477520801094891
cad	8.02597e-05	0.000155809	FALSE	0.00343667	1066	6	141449454	143083347	0.00718433664533821
psoriasis	0.000592107	0.00207125	FALSE	0.00254629	1067	6	143083348	144791455	0.00693567011349306
psa	0.00223618	0.00464847	FALSE	0.00332784	1067	6	143083348	144791455	0.0149560661431871
crohn	0.00360932	0.00625026	FALSE	8.92837e-10	1067	6	143083348	144791455	2.19186577802198e-08
uc	0.00149511	0.00269929	FALSE	0.000909778	1067	6	143083348	144791455	0.00317782114285714
cad	0.000265375	0.000515176	FALSE	1.01303e-09	1067	6	143083348	144791455	1.65485686428571e-08
psa	0.000405436	0.000842802	FALSE	0.207155	1068	6	144791456	145778282	0.268391231691079
crohn	0.000821449	0.0014225	FALSE	0.0117539	1068	6	144791456	145778282	0.0233324039076377
cad	6.22462e-05	0.000120839	FALSE	0.0100796	1068	6	144791456	145778282	0.017691515886416
crohn	4.42712e-05	7.66645e-05	FALSE	0.416772	1069	6	145778283	147015882	0.42729171546581
uc	0.000620984	0.00112113	FALSE	0.0125286	1069	6	145778283	147015882	0.0258486726760563
cad	7.14036e-07	1.38617e-06	FALSE	0.463629	1069	6	145778283	147015882	0.465256482229048
psoriasis	9.11127e-05	0.000318721	FALSE	0.272927	1070	6	147015883	148184844	0.30768388308977
psa	0.00100597	0.00209117	FALSE	0.0575927	1070	6	147015883	148184844	0.109809619178082
crohn	0.00087471	0.00151474	FALSE	0.0205729	1070	6	147015883	148184844	0.0368859218298555
uc	0.00198275	0.00357967	FALSE	1.17347e-06	1070	6	147015883	148184844	1.45589837288136e-05
cad	4.03503e-05	7.83326e-05	FALSE	0.0916836	1070	6	147015883	148184844	0.116618683648498
psoriasis	0.00112007	0.0039181	FALSE	5.49685e-07	1071	6	148184845	149278798	6.18395625e-06
psa	0.00399535	0.00830536	FALSE	3.19429e-06	1071	6	148184845	149278798	0.000105357429491525
crohn	0.00215165	0.00372602	FALSE	7.40824e-05	1071	6	148184845	149278798	0.000344791836666667
uc	0.00170619	0.00308037	FALSE	0.000259605	1071	6	148184845	149278798	0.00113113607142857
cad	0.000154606	0.000300139	FALSE	0.000104278	1071	6	148184845	149278798	0.00038218555448718
psoriasis	0.000896104	0.00313466	FALSE	2.78423e-06	1072	6	149278799	150635315	2.29539572519084e-05
psa	0.00153777	0.00319665	FALSE	0.0144385	1072	6	149278799	150635315	0.0417493625557207
crohn	0.00148607	0.00257343	FALSE	0.00095356	1072	6	149278799	150635315	0.00290621151432469
uc	0.00150049	0.00270901	FALSE	0.000215199	1072	6	149278799	150635315	0.000984535425
cad	0.00018564	0.000360386	FALSE	4.44036e-07	1072	6	149278799	150635315	3.52607754166667e-06
psoriasis	0.00104705	0.00366267	FALSE	2.03628e-06	1073	6	150635316	151629954	1.78005774193548e-05
psa	0.00386561	0.00803566	FALSE	5.40972e-06	1073	6	150635316	151629954	0.000136718378181818
crohn	0.00300196	0.00519849	FALSE	1.67713e-07	1073	6	150635316	151629954	1.88276805025126e-06
uc	0.00128094	0.00231263	FALSE	0.00359777	1073	6	150635316	151629954	0.00968694352941177
cad	0.000311777	0.000605257	FALSE	4.64092e-12	1073	6	150635316	151629954	1.19256000449438e-10
psoriasis	0.000236977	0.000828969	FALSE	0.0590272	1074	6	151629955	152376499	0.090776575088968
psa	0.000564591	0.00117365	FALSE	0.160198	1074	6	151629955	152376499	0.226394559186638
crohn	0.00177804	0.00307904	FALSE	2.39585e-05	1074	6	151629955	152376499	0.000132812131513648
uc	0.000460855	0.000832032	FALSE	0.0847053	1074	6	151629955	152376499	0.119238999230769
cad	1.84758e-05	3.58673e-05	FALSE	0.242726	1074	6	151629955	152376499	0.264088659372027
psoriasis	0.000580998	0.00203239	FALSE	0.000402274	1075	6	152376500	153082361	0.0015033076816609
psa	0.00129442	0.00269078	FALSE	0.0211293	1075	6	152376500	153082361	0.0539253410994764
crohn	0.000698269	0.00120919	FALSE	0.0443252	1075	6	152376500	153082361	0.0695871375966268
uc	0.00131538	0.0023748	FALSE	0.0003578	1075	6	152376500	153082361	0.00146865196261682
cad	0.00013695	0.000265863	FALSE	2.35582e-05	1075	6	152376500	153082361	0.000103610775769231
psoriasis	0.000177937	0.000622441	FALSE	0.112619	1076	6	153082362	153791461	0.15137339141257
psa	0.000966557	0.00200924	FALSE	0.050592	1076	6	153082362	153791461	0.100358850152905
crohn	0.000323275	0.000559815	FALSE	0.187745	1076	6	153082362	153791461	0.220896602422328
uc	3.39568e-05	6.1306e-05	FALSE	0.440775	1076	6	153082362	153791461	0.44812125
cad	0.000183605	0.000356436	FALSE	2.95519e-08	1076	6	153082362	153791461	3.28486472815534e-07
psa	0.000354583	0.000737091	FALSE	0.208092	1077	6	153791462	154462010	0.269246696808511
cad	3.15955e-05	6.13367e-05	FALSE	0.0790928	1077	6	153791462	154462010	0.103090141196581
psoriasis	0.00105608	0.00369425	FALSE	8.52536e-07	1078	6	154462011	155523957	8.76894171428572e-06
psa	0.00247891	0.00515304	FALSE	0.00112093	1078	6	154462011	155523957	0.00659012018126888
crohn	0.00161557	0.00279768	FALSE	0.0011732	1078	6	154462011	155523957	0.00348527765957447
uc	0.0025046	0.00452184	FALSE	2.36006e-07	1078	6	154462011	155523957	3.78298668613139e-06
cad	0.000115798	0.0002248	FALSE	0.00150107	1078	6	154462011	155523957	0.00367553221627409
psoriasis	0.000842077	0.00294567	FALSE	3.22236e-05	1079	6	155523958	156762740	0.000185607936
psa	0.00140472	0.00292007	FALSE	0.0324725	1079	6	155523958	156762740	0.0727174741081703
crohn	0.000786829	0.00136255	FALSE	0.0551553	1079	6	155523958	156762740	0.0829185331090175
uc	0.00188452	0.00340234	FALSE	3.34745e-05	1079	6	155523958	156762740	0.000222084598187311
cad	8.80986e-05	0.000171027	FALSE	0.00936213	1079	6	155523958	156762740	0.0166753826401869
psoriasis	0.000467195	0.00163429	FALSE	0.0102019	1080	6	156762741	158220143	0.0215828638589618
psa	0.00162429	0.00337649	FALSE	0.0178303	1080	6	156762741	158220143	0.047925088121547
crohn	0.00273808	0.00474154	FALSE	4.7752e-07	1080	6	156762741	158220143	4.76362601785714e-06
uc	0.00203528	0.00367451	FALSE	1.07805e-05	1080	6	156762741	158220143	8.57752826086957e-05
cad	8.39848e-05	0.000163041	FALSE	0.0125522	1080	6	156762741	158220143	0.0213434062453532
psoriasis	0.00010702	0.000374367	FALSE	0.181661	1081	6	158220144	158952060	0.222947590909091
psa	0.000567527	0.00117975	FALSE	0.115979	1081	6	158220144	158952060	0.1805561072
crohn	0.000510371	0.00088381	FALSE	0.0558833	1081	6	158220144	158952060	0.0837874444295302
psoriasis	0.00187582	0.0065618	FALSE	4.89655e-22	1082	6	158952061	159604052	3.64708551724138e-20
psa	0.00104804	0.00217861	FALSE	0.0262869	1082	6	158952061	159604052	0.0629979155172414
crohn	0.00264259	0.00457618	FALSE	5.53543e-10	1082	6	158952061	159604052	1.45484124941176e-08
uc	0.000686775	0.00123991	FALSE	0.0145059	1082	6	158952061	159604052	0.0291445163769442
cad	2.76808e-06	5.37371e-06	FALSE	0.435326	1082	6	158952061	159604052	0.439748481448763
psoriasis	0.00015886	0.000555708	FALSE	0.154044	1083	6	159604053	160583918	0.195267042253521
psa	0.00106979	0.00222382	FALSE	0.0466681	1083	6	159604053	160583918	0.0956966518440464
crohn	0.00162701	0.0028175	FALSE	0.000175208	1083	6	159604053	160583918	0.000705251661261261
uc	0.000909685	0.00164236	FALSE	0.00818292	1083	6	159604053	160583918	0.0184247325
cad	0.00080457	0.00156192	FALSE	1.70102e-56	1083	6	159604053	160583918	5.55747534285714e-54
psoriasis	0.000374034	0.00130841	FALSE	0.00274217	1084	6	160583919	161371014	0.007412769
psa	0.000339445	0.000705623	FALSE	0.225828	1084	6	160583919	161371014	0.285549894736842
crohn	0.00075774	0.00131218	FALSE	0.0119583	1084	6	160583919	161371014	0.023662393445527
uc	0.000850871	0.00153617	FALSE	0.00252467	1084	6	160583919	161371014	0.00737208573705179
cad	0.00206274	0.00400442	FALSE	4.35331e-203	1084	6	160583919	161371014	4.978009985e-200
psoriasis	0.00050339	0.00176091	FALSE	0.00500985	1085	6	161371015	162254229	0.0121450909090909
psa	0.00136005	0.00282722	FALSE	0.0328431	1085	6	161371015	162254229	0.0733784989667049
crohn	0.00132171	0.0022888	FALSE	0.00410923	1085	6	161371015	162254229	0.0099029340021575
uc	0.00126515	0.00228412	FALSE	0.00209312	1085	6	161371015	162254229	0.00630520098765432
cad	0.000342731	0.000665347	FALSE	3.07339e-15	1085	6	161371015	162254229	1.35170056346154e-13
psoriasis	0.000762162	0.00266612	FALSE	3.63515e-05	1086	6	162254230	163336361	0.000203946077922078
psa	0.00104113	0.00216425	FALSE	0.062281	1086	6	162254230	163336361	0.116041190430622
crohn	0.000591282	0.00102392	FALSE	0.0890456	1086	6	162254230	163336361	0.119332855668866
uc	0.0016638	0.00300384	FALSE	5.34803e-05	1086	6	162254230	163336361	0.000333644144318182
cad	0.0001267	0.000245965	FALSE	0.000192177	1086	6	162254230	163336361	0.00066102209924812
psoriasis	0.000512619	0.00179319	FALSE	0.00925641	1087	6	163336362	164687462	0.0199539377245509
psa	0.0034453	0.00716194	FALSE	5.68164e-05	1087	6	163336362	164687462	0.000650380672941177
crohn	0.00304554	0.00527397	FALSE	2.49917e-07	1087	6	163336362	164687462	2.65864084761905e-06
uc	0.000712021	0.00128549	FALSE	0.065624	1087	6	163336362	164687462	0.0971093692722372
cad	0.000174945	0.000339624	FALSE	2.73571e-05	1087	6	163336362	164687462	0.000118495620643939
psoriasis	0.000360733	0.00126188	FALSE	0.0206708	1088	6	164687463	165835953	0.0382595784061697
crohn	0.00038624	0.000668853	FALSE	0.180661	1088	6	164687463	165835953	0.214564951621478
uc	0.000134444	0.000242727	FALSE	0.34714	1088	6	164687463	165835953	0.371681833252072
cad	6.9909e-05	0.000135715	FALSE	0.0180953	1088	6	164687463	165835953	0.0295177967902996
psoriasis	0.000594797	0.00208066	FALSE	0.00172847	1089	6	165835954	166853325	0.00499830361445783
psa	0.00257707	0.0053571	FALSE	0.000655795	1089	6	165835954	166853325	0.0043260239661017
crohn	0.000509956	0.000883092	FALSE	0.143387	1089	6	165835954	166853325	0.177540497506925
uc	0.00227277	0.00410328	FALSE	1.32811e-06	1089	6	165835954	166853325	1.60248876923077e-05
cad	0.000226081	0.000438895	FALSE	3.01183e-08	1089	6	165835954	166853325	3.31156500480769e-07
psoriasis	0.00108942	0.0038109	FALSE	1.35596e-07	1090	6	166853326	167714865	1.76438168674699e-06
psa	0.00157453	0.00327306	FALSE	0.0164492	1090	6	166853326	167714865	0.04576436
crohn	0.00840669	0.0145579	FALSE	5.76783e-36	1090	6	166853326	167714865	1.6106665275e-33
uc	0.00248947	0.00449452	FALSE	7.72948e-08	1090	6	166853326	167714865	1.402146e-06
cad	0.000103014	0.000199982	FALSE	0.00243801	1090	6	166853326	167714865	0.00539238768858801
psoriasis	0.000429807	0.00150351	FALSE	0.00934375	1091	6	167714866	168707338	0.0201221335992024
psa	0.00184855	0.00384268	FALSE	0.00450859	1091	6	167714866	168707338	0.0182405740956341
crohn	0.00229641	0.0039767	FALSE	2.235e-06	1091	6	167714866	168707338	1.78960215053763e-05
uc	0.000728456	0.00131516	FALSE	0.0317384	1091	6	167714866	168707338	0.0537789555555556
cad	2.95467e-05	5.73594e-05	FALSE	0.17205	1091	6	167714866	168707338	0.196542632367632
psoriasis	0.00073109	0.00255742	FALSE	8.12193e-05	1092	6	168707339	169667886	0.000401450086956522
psa	0.00239376	0.00497604	FALSE	0.000636134	1092	6	168707339	169667886	0.00425400949828179
crohn	0.000671689	0.00116316	FALSE	0.0682667	1092	6	168707339	169667886	0.097524812915601
uc	0.000635979	0.0011482	FALSE	0.0547947	1092	6	168707339	169667886	0.0840874641509434
cad	0.000165078	0.000320468	FALSE	5.3183e-06	1092	6	168707339	169667886	2.9308318313253e-05
crohn	0.00154077	0.00266816	FALSE	0.000364116	1093	6	169667887	171053405	0.0013098794589372
uc	0.000965313	0.00174279	FALSE	0.00606346	1093	6	169667887	171053405	0.0147293784955752
cad	4.05421e-05	7.87048e-05	FALSE	0.091474	1093	6	169667887	171053405	0.116416826933779
psoriasis	0.000128208	0.000448484	FALSE	0.0995491	1094	7	15064	617319	0.137396840894569
psa	1.68604e-05	3.50486e-05	FALSE	0.453443	1094	7	15064	617319	0.46295911752361
crohn	0.000550045	0.000952513	FALSE	0.0177401	1094	7	15064	617319	0.0326184225514403
psoriasis	0.000244891	0.000856651	FALSE	0.0406037	1095	7	617320	1366972	0.0674127532667179
psa	0.000721868	0.00150059	FALSE	0.0819374	1095	7	617320	1366972	0.140981591865606
crohn	0.000396154	0.000686021	FALSE	0.117706	1095	7	617320	1366972	0.151036877656519
uc	0.00047344	0.000854754	FALSE	0.0579664	1095	7	617320	1366972	0.0880034479612992
cad	4.67654e-05	9.07862e-05	FALSE	0.0345461	1095	7	617320	1366972	0.0513365371669916
psoriasis	0.000528313	0.00184809	FALSE	0.000973707	1096	7	1366973	2473749	0.00309650294117647
psa	0.00212228	0.0044117	FALSE	0.0007322	1096	7	1366973	2473749	0.00473375813953488
crohn	0.000181961	0.000315102	FALSE	0.30834	1096	7	1366973	2473749	0.331199092307692
uc	8.77563e-05	0.000158436	FALSE	0.383271	1096	7	1366973	2473749	0.400601197524988
cad	0.000145388	0.000282244	FALSE	8.24981e-06	1096	7	1366973	2473749	4.26862340950226e-05
psoriasis	0.00118519	0.0041459	FALSE	9.98988e-10	1097	7	2473750	3100211	2.13644958415842e-08
psa	0.00348837	0.00725146	FALSE	1.09394e-06	1097	7	2473750	3100211	5.06858866666667e-05
crohn	0.00175061	0.00303153	FALSE	8.27694e-05	1097	7	2473750	3100211	0.000377360897142857
uc	0.00213821	0.00386036	FALSE	2.79257e-07	1097	7	2473750	3100211	4.38034551428571e-06
cad	3.70764e-05	7.1977e-05	FALSE	0.110822	1097	7	2473750	3100211	0.13743444498645
psoriasis	0.000658271	0.0023027	FALSE	0.000268501	1098	7	3100212	4139431	0.00108000402234637
psa	0.00304733	0.00633466	FALSE	2.8375e-05	1098	7	3100212	4139431	0.000418316287878788
crohn	0.00185735	0.00321637	FALSE	7.83393e-05	1098	7	3100212	4139431	0.000361590901239669
uc	0.000321042	0.000579613	FALSE	0.195232	1098	7	3100212	4139431	0.233767432933479
cad	3.5629e-05	6.91671e-05	FALSE	0.133141	1098	7	3100212	4139431	0.159337240711669
psoriasis	0.00096886	0.00338916	FALSE	1.44647e-06	1099	7	4139432	4938442	1.34671344827586e-05
psa	0.00325312	0.00676245	FALSE	1.87511e-05	1099	7	4139432	4938442	0.000309234242372881
crohn	0.00222378	0.00385093	FALSE	9.44031e-06	1099	7	4139432	4938442	6.06024498275862e-05
uc	0.00210671	0.00380348	FALSE	2.35248e-06	1099	7	4139432	4938442	2.55744855445545e-05
cad	9.19175e-05	0.000178441	FALSE	0.00525376	1099	7	4139432	4938442	0.0102695291623932
psoriasis	0.000290114	0.00101485	FALSE	0.0495181	1100	7	4938443	6020653	0.0789949010339734
psa	0.00181813	0.00377946	FALSE	0.00504667	1100	7	4938443	6020653	0.0195205422222222
crohn	0.00122001	0.00211269	FALSE	0.00427064	1100	7	4938443	6020653	0.0102038607058824
uc	0.000300641	0.00054278	FALSE	0.206583	1100	7	4938443	6020653	0.244558635040431
cad	0.000194079	0.000376768	FALSE	1.29259e-07	1100	7	4938443	6020653	1.19682321052632e-06
psoriasis	0.00029076	0.00101711	FALSE	0.0192131	1101	7	6020654	6716905	0.0360558609904431
psa	9.21553e-05	0.000191568	FALSE	0.409429	1101	7	6020654	6716905	0.433588693855356
crohn	0.000892166	0.00154496	FALSE	0.0074112	1101	7	6020654	6716905	0.0160900104956268
uc	0.00142339	0.0025698	FALSE	2.21009e-05	1101	7	6020654	6716905	0.000157066590291262
cad	6.57543e-05	0.00012765	FALSE	0.00737224	1101	7	6020654	6716905	0.013586070008058
psoriasis	0.00040442	0.0014147	FALSE	0.000224004	1102	7	6716906	7167610	0.000941339766536965
crohn	0.000323601	0.000560381	FALSE	0.0898809	1102	7	6716906	7167610	0.120341122708209
uc	0.000183013	0.000330413	FALSE	0.179937	1102	7	6716906	7167610	0.21891504265928
cad	3.66924e-05	7.12315e-05	FALSE	0.0255909	1102	7	6716906	7167610	0.0396251782667569
psoriasis	0.000315722	0.00110443	FALSE	0.0465169	1103	7	7167611	7926500	0.0752069640718563
psa	0.00251467	0.00522739	FALSE	0.000618698	1103	7	7167611	7926500	0.00420799269204152
crohn	0.00111488	0.00193063	FALSE	0.0116385	1103	7	7167611	7926500	0.0232541448214286
uc	0.000849275	0.00153329	FALSE	0.0229715	1103	7	7167611	7926500	0.0418981843853821
cad	0.000143466	0.000278512	FALSE	8.95807e-05	1103	7	7167611	7926500	0.000337514103624382
psoriasis	0.000659402	0.00230665	FALSE	0.000521481	1104	7	7926501	8718351	0.0018825192
psa	0.00117833	0.00244947	FALSE	0.053526	1104	7	7926501	8718351	0.104370336673347
crohn	0.0018648	0.00322928	FALSE	0.000159533	1104	7	7926501	8718351	0.000658773977818854
uc	0.000636606	0.00114934	FALSE	0.0636498	1104	7	7926501	8718351	0.0946037691474966
cad	0.000112878	0.000219132	FALSE	0.00126395	1104	7	7926501	8718351	0.00320116683277962
psoriasis	0.000671605	0.00234934	FALSE	0.000237193	1105	7	8718352	9225106	0.000985263230769231
psa	2.02222e-05	4.20371e-05	FALSE	0.472589	1105	7	8718352	9225106	0.474527935018051
crohn	0.00079099	0.00136976	FALSE	0.0399195	1105	7	8718352	9225106	0.0637001164285714
uc	0.00112565	0.00203225	FALSE	0.00320968	1105	7	8718352	9225106	0.00889956727272727
cad	9.90681e-05	0.000192322	FALSE	0.00226172	1105	7	8718352	9225106	0.0050779030814524
psoriasis	0.000101895	0.000356438	FALSE	0.224759	1106	7	9225107	9900801	0.264082610114192
psa	0.00186947	0.00388617	FALSE	0.00114394	1106	7	9225107	9900801	0.00666499173652695
crohn	0.000611793	0.00105944	FALSE	0.0502521	1106	7	9225107	9900801	0.076971329266621
uc	0.000911921	0.00164639	FALSE	0.00407733	1106	7	9225107	9900801	0.0106847454415274
psoriasis	0.000151352	0.000529442	FALSE	0.124698	1107	7	9900802	10481677	0.164104750304507
crohn	0.000818531	0.00141745	FALSE	0.0119746	1107	7	9900802	10481677	0.0236736782300885
uc	0.000167278	0.000302005	FALSE	0.271887	1107	7	9900802	10481677	0.30400399796334
cad	5.26277e-05	0.000102167	FALSE	0.0226749	1107	7	9900802	10481677	0.0356967039889959
psoriasis	0.000145575	0.000509235	FALSE	0.119519	1108	7	10481678	11232447	0.158673042409342
psa	0.000594628	0.00123609	FALSE	0.110213	1108	7	10481678	11232447	0.173945253852393
crohn	0.000378188	0.000654909	FALSE	0.116236	1108	7	10481678	11232447	0.149839136757069
psoriasis	0.000449069	0.00157089	FALSE	0.00679348	1109	7	11232448	11855413	0.0156605302027748
psa	0.00260243	0.00540981	FALSE	0.000220088	1109	7	11232448	11855413	0.00195566779908676
crohn	0.000113371	0.000196324	FALSE	0.382704	1109	7	11232448	11855413	0.397056681522748
uc	0.000692657	0.00125053	FALSE	0.0395171	1109	7	11232448	11855413	0.0641860588757396
cad	0.000113148	0.000219656	FALSE	0.000675913	1109	7	11232448	11855413	0.00190136904182042
psa	0.00175592	0.00365012	FALSE	0.00338339	1110	7	11855414	12694915	0.014997897357631
crohn	0.000474059	0.000820928	FALSE	0.113002	1110	7	11855414	12694915	0.146091706018519
cad	0.0002153	0.000417965	FALSE	9.63978e-10	1110	7	11855414	12694915	1.60920998978102e-08
psoriasis	0.000154111	0.000539094	FALSE	0.110728	1111	7	12694916	13213541	0.149951398119122
psa	0.000132668	0.000275784	FALSE	0.374055	1111	7	12694916	13213541	0.408938780898876
uc	0.000449675	0.000811849	FALSE	0.0608875	1111	7	12694916	13213541	0.0915187885010267
cad	9.32763e-06	1.81079e-05	FALSE	0.329082	1111	7	12694916	13213541	0.341784983651226
psoriasis	5.38107e-05	0.000188235	FALSE	0.327785	1112	7	13213542	13676747	0.355965610859728
crohn	6.87662e-05	0.000119082	FALSE	0.401861	1112	7	13213542	13676747	0.414860200554529
uc	9.00043e-05	0.000162495	FALSE	0.364685	1112	7	13213542	13676747	0.385208398268398
cad	1.4937e-05	2.89975e-05	FALSE	0.264989	1112	7	13213542	13676747	0.284521053051643
psoriasis	0.000295521	0.00103376	FALSE	0.0828691	1113	7	13676748	15013694	0.118541229139073
psa	0.00248797	0.00517188	FALSE	0.00226775	1113	7	13676748	15013694	0.0112006129441624
crohn	0.000332208	0.000575285	FALSE	0.260509	1113	7	13676748	15013694	0.287538095849802
uc	0.00105156	0.00189849	FALSE	0.0161119	1113	7	13676748	15013694	0.031652818230563
cad	0.000238141	0.000462307	FALSE	8.6821e-08	1113	7	13676748	15013694	8.52187240343348e-07
psoriasis	0.000695971	0.00243457	FALSE	7.29965e-05	1114	7	15013695	15877564	0.000367534825174825
psa	0.00113925	0.00236823	FALSE	0.0411758	1114	7	15013695	15877564	0.0867187303030303
crohn	0.000715816	0.00123958	FALSE	0.0471703	1114	7	15013695	15877564	0.0731286954892436
uc	0.000656699	0.00118561	FALSE	0.0404458	1114	7	15013695	15877564	0.0653450479411765
cad	9.13837e-05	0.000177404	FALSE	0.00292813	1114	7	15013695	15877564	0.00628744955014058
psoriasis	0.000368594	0.00128938	FALSE	0.0122899	1115	7	15877565	16739013	0.0251384318181818
psa	0.00017019	0.000353784	FALSE	0.373092	1115	7	15877565	16739013	0.408574581879572
crohn	0.000701724	0.00121518	FALSE	0.0430557	1115	7	15877565	16739013	0.0680243520509194
uc	0.00184745	0.00333541	FALSE	2.73112e-06	1115	7	15877565	16739013	2.88343246153846e-05
cad	7.67804e-05	0.000149055	FALSE	0.00701226	1115	7	15877565	16739013	0.0130701211246944
psoriasis	0.000827953	0.00289626	FALSE	3.2923e-05	1116	7	16739014	17596578	0.000188131428571429
psa	0.00163835	0.00340574	FALSE	0.0154567	1116	7	16739014	17596578	0.0435923742028985
crohn	0.00220797	0.00382354	FALSE	1.80291e-05	1116	7	16739014	17596578	0.000104074959689922
uc	0.00442333	0.00798593	FALSE	6.26882e-17	1116	7	16739014	17596578	7.6479604e-15
cad	0.000104405	0.000202683	FALSE	0.0026993	1116	7	16739014	17596578	0.00586815503802281
psoriasis	0.000513997	0.00179801	FALSE	0.00861457	1117	7	17596579	19131026	0.0187764593340061
psa	0.00149645	0.00311076	FALSE	0.0347207	1117	7	17596579	19131026	0.0764326721719457
crohn	0.000827557	0.00143308	FALSE	0.0605014	1117	7	17596579	19131026	0.088979675839368
uc	0.00105037	0.00189634	FALSE	0.0142565	1117	7	17596579	19131026	0.0287486446280992
cad	0.000441549	0.000857185	FALSE	2.55219e-19	1117	7	17596579	19131026	1.824018290625e-17
psoriasis	0.000373431	0.0013063	FALSE	0.0163204	1118	7	19131027	20122179	0.0316351856502242
psa	0.00110903	0.0023054	FALSE	0.0476328	1118	7	19131027	20122179	0.0967572325678497
crohn	0.00147448	0.00255336	FALSE	0.000768256	1118	7	19131027	20122179	0.00241390141209564
uc	0.00123041	0.00222139	FALSE	0.00120624	1118	7	19131027	20122179	0.00403796195121951
cad	1.98832e-05	3.85994e-05	FALSE	0.251674	1118	7	19131027	20122179	0.272656768356229
psoriasis	0.000950472	0.00332484	FALSE	9.88877e-06	1119	7	20122180	21390644	7.0494201980198e-05
psa	0.00350064	0.00727699	FALSE	2.51761e-05	1119	7	20122180	21390644	0.000389315833333333
crohn	0.00359854	0.00623159	FALSE	1.0447e-09	1119	7	20122180	21390644	2.45669452631579e-08
uc	0.00402534	0.00726741	FALSE	1.00492e-13	1119	7	20122180	21390644	6.68728581818182e-12
cad	0.000235602	0.000457377	FALSE	3.16534e-08	1119	7	20122180	21390644	3.44720599047619e-07
psoriasis	0.000447769	0.00156634	FALSE	0.0145203	1120	7	21390645	22165060	0.0287741724770642
psa	0.00349817	0.00727185	FALSE	2.07834e-05	1120	7	21390645	22165060	0.000339869717647059
crohn	0.00215147	0.00372571	FALSE	5.32168e-05	1120	7	21390645	22165060	0.00026478024766147
uc	0.000261415	0.000471962	FALSE	0.266275	1120	7	21390645	22165060	0.298336683673469
cad	0.00021152	0.000410626	FALSE	3.10914e-07	1120	7	21390645	22165060	2.5763055e-06
psoriasis	0.000164932	0.000576947	FALSE	0.15121	1121	7	22165061	23106680	0.19223872866392
psa	0.000429846	0.000893545	FALSE	0.239156	1121	7	22165061	23106680	0.297378642811502
crohn	0.000959954	0.00166235	FALSE	0.014121	1121	7	22165061	23106680	0.0268969410059676
uc	0.00144399	0.00260701	FALSE	0.000189775	1121	7	22165061	23106680	0.000907943137254902
cad	0.000145463	0.000282388	FALSE	1.62797e-05	1121	7	22165061	23106680	7.59079054989817e-05
psoriasis	1.02809e-05	3.59635e-05	FALSE	0.451205	1122	7	23106681	24151099	0.458205359661495
psa	0.000209799	0.00043612	FALSE	0.332488	1122	7	23106681	24151099	0.377052242424242
crohn	0.0010439	0.00180773	FALSE	0.00352974	1122	7	23106681	24151099	0.0088268488590604
uc	0.00038983	0.000703804	FALSE	0.105432	1122	7	23106681	24151099	0.143184089053803
cad	6.40741e-05	0.000124388	FALSE	0.0109243	1122	7	23106681	24151099	0.0189271773484848
psoriasis	0.000238009	0.000832578	FALSE	0.0598248	1123	7	24151100	24894119	0.091525716713881
psa	0.00120474	0.00250435	FALSE	0.0247304	1123	7	24151100	24894119	0.0604589929648241
uc	0.000256053	0.000462282	FALSE	0.214246	1123	7	24151100	24894119	0.251461366114377
cad	7.25327e-05	0.000140809	FALSE	0.00820396	1123	7	24151100	24894119	0.0149263775019889
psoriasis	0.000188251	0.00065852	FALSE	0.136178	1124	7	24894120	25671575	0.175953444976077
psa	0.00196945	0.004094	FALSE	0.00341203	1124	7	24894120	25671575	0.0150562593650794
crohn	0.00158072	0.00273734	FALSE	0.000585698	1124	7	24894120	25671575	0.00193844345481481
uc	0.00185904	0.00335634	FALSE	1.31063e-05	1124	7	24894120	25671575	0.000101259486315789
cad	1.98884e-05	3.86096e-05	FALSE	0.261096	1124	7	24894120	25671575	0.280604582706767
psoriasis	0.000282441	0.000988005	FALSE	0.0670891	1125	7	25671576	27351286	0.100216082987552
psa	0.00129248	0.00268675	FALSE	0.0418599	1125	7	25671576	27351286	0.0877794885775862
crohn	0.00552699	0.0095711	FALSE	3.21514e-19	1125	7	25671576	27351286	3.59131138e-17
uc	0.00487596	0.00880312	FALSE	2.11564e-19	1125	7	25671576	27351286	3.57380418461539e-17
cad	0.000144511	0.000280542	FALSE	0.000102536	1125	7	25671576	27351286	0.000377616476650564
psoriasis	0.000721204	0.00252284	FALSE	0.000495301	1126	7	27351287	28890886	0.00180186402684564
psa	0.00225231	0.00468201	FALSE	0.00365952	1126	7	27351287	28890886	0.0156514855384615
crohn	0.00319216	0.00552786	FALSE	4.8119e-08	1126	7	27351287	28890886	6.36081928994083e-07
uc	0.00300815	0.00543095	FALSE	6.81946e-09	1126	7	27351287	28890886	1.74134118139535e-07
cad	0.000195759	0.00038003	FALSE	2.77764e-06	1126	7	27351287	28890886	1.71688180540541e-05
psoriasis	0.0013223	0.00462555	FALSE	4.16977e-09	1127	7	28890887	30175113	7.5686581512605e-08
psa	0.00231878	0.00482018	FALSE	0.00221205	1127	7	28890887	30175113	0.0110375623076923
crohn	0.00198827	0.00344309	FALSE	0.000143165	1127	7	28890887	30175113	0.000602317532956686
uc	0.00164523	0.00297032	FALSE	0.000283235	1127	7	28890887	30175113	0.00121718994129159
cad	9.12325e-05	0.000177111	FALSE	0.00907029	1127	7	28890887	30175113	0.0162550360689115
psoriasis	0.000654934	0.00229102	FALSE	0.00118291	1128	7	30175114	31730554	0.00363454566145092
psa	0.00146456	0.00304446	FALSE	0.0340063	1128	7	30175114	31730554	0.0752173227272727
crohn	0.00270128	0.0046778	FALSE	1.55421e-06	1128	7	30175114	31730554	1.31022835471698e-05
uc	0.0013316	0.00240409	FALSE	0.00263446	1128	7	30175114	31730554	0.00758227281782438
cad	0.000265263	0.000514958	FALSE	1.23847e-09	1128	7	30175114	31730554	1.99463442957746e-08
psoriasis	0.000424293	0.00148422	FALSE	0.00692721	1129	7	31730555	32460228	0.0159347961661342
psa	0.000864423	0.00179692	FALSE	0.0867888	1129	7	31730555	32460228	0.1471176
crohn	0.000932215	0.00161432	FALSE	0.0157855	1129	7	31730555	32460228	0.0295597711651299
uc	0.000311481	0.000562352	FALSE	0.187802	1129	7	31730555	32460228	0.226227752057049
cad	3.79497e-05	7.36723e-05	FALSE	0.105883	1129	7	31730555	32460228	0.132905829308452
psoriasis	0.000178317	0.000623768	FALSE	0.0351666	1130	7	32460229	33159277	0.0596699575805185
crohn	0.000111567	0.0001932	FALSE	0.296639	1130	7	32460229	33159277	0.320915993220339
cad	1.36264e-05	2.64532e-05	FALSE	0.20491	1130	7	32460229	33159277	0.228451461500975
psoriasis	0.000341825	0.00119574	FALSE	0.0138662	1131	7	33159278	34114532	0.0277838515769944
psa	0.000997839	0.00207426	FALSE	0.0451302	1131	7	33159278	34114532	0.0934139972369819
crohn	0.000882714	0.0015286	FALSE	0.0130857	1131	7	33159278	34114532	0.0253700318890815
uc	0.000264878	0.000478214	FALSE	0.201213	1131	7	33159278	34114532	0.239882599348534
cad	3.85731e-05	7.48824e-05	FALSE	0.0829494	1131	7	33159278	34114532	0.107117604630152
psoriasis	4.66661e-05	0.000163243	FALSE	0.364984	1132	7	34114533	35354135	0.386455854973052
psa	9.43043e-05	0.000196036	FALSE	0.420802	1132	7	34114533	35354135	0.442399077255538
crohn	0.000377909	0.000654425	FALSE	0.164715	1132	7	34114533	35354135	0.198797034035656
uc	0.00111066	0.0020052	FALSE	0.00167185	1132	7	34114533	35354135	0.00529017665706052
cad	0.000145032	0.000281552	FALSE	8.59113e-06	1132	7	34114533	35354135	4.42520592567568e-05
psoriasis	0.000605757	0.002119	FALSE	0.000542329	1133	7	35354136	36507690	0.00193624899173554
psa	0.000582477	0.00121083	FALSE	0.182786	1133	7	35354136	36507690	0.24735852294854
crohn	0.00308466	0.00534171	FALSE	1.84298e-09	1133	7	35354136	36507690	3.88416728301887e-08
uc	0.00138911	0.00250791	FALSE	0.000430416	1133	7	35354136	36507690	0.00170612551624549
cad	0.000179792	0.000349034	FALSE	6.47449e-07	1133	7	35354136	36507690	4.85480610819672e-06
psoriasis	0.00102109	0.00357188	FALSE	3.42356e-06	1134	7	36507691	37981936	2.71870941176471e-05
psa	0.00345863	0.00718964	FALSE	3.5476e-05	1134	7	36507691	37981936	0.000476112386206896
crohn	0.00415814	0.00720065	FALSE	9.68683e-12	1134	7	36507691	37981936	4.00747744814815e-10
uc	0.00473302	0.00854506	FALSE	4.22284e-17	1134	7	36507691	37981936	5.45491567058824e-15
cad	0.000138487	0.000268846	FALSE	0.000389081	1134	7	36507691	37981936	0.00118643766266667
psoriasis	0.000384051	0.00134345	FALSE	0.0126598	1135	7	37981937	38966483	0.0256521275797373
psa	0.000629967	0.00130955	FALSE	0.157342	1135	7	37981937	38966483	0.223657802775749
crohn	0.000293585	0.000508401	FALSE	0.231235	1135	7	37981937	38966483	0.259979360845496
uc	0.000952694	0.00172	FALSE	0.00717065	1135	7	37981937	38966483	0.016645610359408
psoriasis	0.000176735	0.000618236	FALSE	0.108706	1136	7	38966484	40261240	0.147583255813953
psa	0.00141958	0.00295096	FALSE	0.00902534	1136	7	38966484	40261240	0.0295678647138047
crohn	0.000844852	0.00146303	FALSE	0.0149602	1136	7	38966484	40261240	0.0281230349873844
uc	0.000544306	0.000982697	FALSE	0.0499625	1136	7	38966484	40261240	0.0779244673295454
cad	0.000102727	0.000199426	FALSE	0.000364712	1136	7	38966484	40261240	0.00112868246820027
psoriasis	0.000539169	0.00188607	FALSE	0.0005703	1137	7	40261241	41415925	0.00200953996737357
psa	0.00109567	0.00227764	FALSE	0.0336289	1137	7	40261241	41415925	0.0747906736
uc	0.000511715	0.000923857	FALSE	0.0644899	1137	7	40261241	41415925	0.0955599327935223
cad	4.98788e-05	9.68303e-05	FALSE	0.0411482	1137	7	40261241	41415925	0.059447841692988
psoriasis	0.000884769	0.00309501	FALSE	2.70444e-06	1138	7	41415926	42494806	2.24676553846154e-05
crohn	0.0011422	0.00197794	FALSE	0.00647595	1138	7	41415926	42494806	0.0144573276523477
uc	0.00168488	0.0030419	FALSE	3.95576e-05	1138	7	41415926	42494806	0.000257007365680473
cad	0.000118774	0.000230578	FALSE	0.000361154	1138	7	41415926	42494806	0.00111918590514905
psoriasis	0.000286065	0.00100068	FALSE	0.0324835	1139	7	42494807	43448815	0.056131488
psa	0.000263744	0.00054826	FALSE	0.310934	1139	7	42494807	43448815	0.359096477151335
crohn	0.000326422	0.000565266	FALSE	0.189563	1139	7	42494807	43448815	0.222384438845144
uc	0.000373558	0.000674426	FALSE	0.130435	1139	7	42494807	43448815	0.170497178571429
cad	7.09046e-05	0.000137648	FALSE	0.0091404	1139	7	42494807	43448815	0.0163568816901408
psoriasis	0.000430182	0.00150482	FALSE	0.00443047	1140	7	43448816	44989571	0.0109494453089245
psa	0.000995232	0.00206884	FALSE	0.051243	1140	7	43448816	44989571	0.101124570212766
crohn	0.000948223	0.00164204	FALSE	0.0108682	1140	7	43448816	44989571	0.0219724514027149
uc	0.0011729	0.00211757	FALSE	0.000907072	1140	7	43448816	44989571	0.00317782114285714
cad	0.00017196	0.000333829	FALSE	2.60394e-07	1140	7	43448816	44989571	2.18139589010989e-06
psoriasis	0.000246544	0.000862435	FALSE	0.0740467	1141	7	44989572	46247335	0.108287658767773
psa	9.67998e-05	0.000201223	FALSE	0.425677	1141	7	44989572	46247335	0.44413122079314
crohn	0.00207247	0.00358889	FALSE	1.21186e-05	1141	7	44989572	46247335	7.45811360881543e-05
uc	0.00149031	0.00269063	FALSE	0.00018904	1141	7	44989572	46247335	0.000906401397379913
cad	0.000142055	0.000275774	FALSE	3.6795e-05	1141	7	44989572	46247335	0.000152722622504537
psoriasis	0.000238077	0.000832816	FALSE	0.0631722	1142	7	46247336	47253454	0.0952211807397069
psa	0.00067891	0.00141129	FALSE	0.126975	1142	7	46247336	47253454	0.192440303738318
crohn	0.000159692	0.000276539	FALSE	0.326722	1142	7	46247336	47253454	0.348067214115403
uc	0.00174486	0.00315019	FALSE	6.2374e-06	1142	7	46247336	47253454	5.47893216e-05
cad	8.23693e-05	0.000159905	FALSE	0.00411982	1142	7	46247336	47253454	0.00836769834813499
psoriasis	0.000787119	0.00275342	FALSE	3.01193e-05	1143	7	47253455	48363585	0.000176286940540541
psa	0.00142251	0.00295705	FALSE	0.0223932	1143	7	47253455	48363585	0.056011783033419
crohn	0.000465765	0.000806566	FALSE	0.145335	1143	7	47253455	48363585	0.179578755530973
uc	0.00160974	0.00290625	FALSE	0.000108447	1143	7	47253455	48363585	0.000583700029411765
cad	9.65133e-05	0.000187362	FALSE	0.00310303	1143	7	47253455	48363585	0.00659538067843866
psoriasis	9.11362e-05	0.000318803	FALSE	0.210891	1144	7	48363586	48984625	0.250977719008264
crohn	0.00068763	0.00119077	FALSE	0.0175334	1144	7	48363586	48984625	0.0323277495049505
uc	0.00141892	0.00256174	FALSE	6.13985e-06	1144	7	48363586	48984625	5.41490385542169e-05
cad	7.82167e-06	1.51843e-05	FALSE	0.343655	1144	7	48363586	48984625	0.355467654907282
psoriasis	5.45581e-05	0.000190849	FALSE	0.286136	1145	7	48984626	49632426	0.318948117586385
psa	0.000149325	0.00031041	FALSE	0.338849	1145	7	48984626	49632426	0.381825031847134
crohn	0.000560656	0.000970889	FALSE	0.0273868	1145	7	48984626	49632426	0.0468045203363914
uc	0.000549523	0.000992115	FALSE	0.0170672	1145	7	48984626	49632426	0.0329055189473684
cad	3.3787e-05	6.55912e-05	FALSE	0.0535752	1145	7	48984626	49632426	0.0743485936893204
psoriasis	0.000909663	0.00318209	FALSE	5.60528e-07	1146	7	49632427	50894508	6.2732667357513e-06
psa	0.00194213	0.00403721	FALSE	0.00194619	1146	7	49632427	50894508	0.0100192744444444
crohn	0.00362672	0.00628039	FALSE	1.16186e-12	1146	7	49632427	50894508	5.29713314285714e-11
uc	0.00237078	0.00428024	FALSE	1.63506e-08	1146	7	49632427	50894508	3.74019975e-07
cad	7.23079e-05	0.000140372	FALSE	0.0110207	1146	7	49632427	50894508	0.019065310816944
psoriasis	0.000258987	0.000905963	FALSE	0.0537809	1147	7	50894509	51951647	0.0844849047272727
crohn	0.000334012	0.000578408	FALSE	0.196443	1147	7	50894509	51951647	0.228450630921395
uc	0.000600745	0.00108459	FALSE	0.0487077	1147	7	50894509	51951647	0.0762381391304348
cad	0.000102114	0.000198236	FALSE	0.000889444	1147	7	50894509	51951647	0.00241586511638955
psoriasis	9.59683e-05	0.000335706	FALSE	0.194167	1148	7	51951648	52635123	0.235263129556927
psa	0.000636764	0.00132368	FALSE	0.0833152	1148	7	51951648	52635123	0.142731220070423
crohn	0.000256656	0.000444451	FALSE	0.185236	1148	7	51951648	52635123	0.218258029535865
uc	0.000138449	0.000249957	FALSE	0.280133	1148	7	51951648	52635123	0.311953381338742
cad	9.47549e-05	0.000183949	FALSE	0.000114427	1148	7	51951648	52635123	0.000415347425632911
psoriasis	0.000347924	0.00121707	FALSE	0.00649332	1149	7	52635124	53176523	0.0151137620689655
psa	0.00101534	0.00211064	FALSE	0.0279705	1149	7	52635124	53176523	0.0659293491525424
cad	1.20527e-05	2.33981e-05	FALSE	0.294193	1149	7	52635124	53176523	0.311346316982878
psoriasis	0.00021143	0.000739601	FALSE	0.0451414	1150	7	53176524	54086987	0.0734780889223813
psa	0.000261415	0.000543417	FALSE	0.272888	1150	7	53176524	54086987	0.326592895448955
cad	2.31298e-05	4.49022e-05	FALSE	0.149038	1150	7	53176524	54086987	0.17452632155658
psoriasis	0.000103894	0.000363431	FALSE	0.109234	1151	7	54086988	54550500	0.148206934673367
psa	0.000268894	0.000558965	FALSE	0.193949	1151	7	54086988	54550500	0.255881189152542
crohn	0.000273861	0.000474245	FALSE	0.103186	1151	7	54086988	54550500	0.135359673517322
cad	3.05197e-06	5.92484e-06	FALSE	0.392716	1151	7	54086988	54550500	0.400956023214286
psoriasis	5.78843e-05	0.000202485	FALSE	0.289024	1152	7	54550501	55161394	0.320970894141829
crohn	0.000501774	0.000868923	FALSE	0.0502691	1152	7	54550501	55161394	0.076971329266621
uc	0.000628929	0.00113548	FALSE	0.0121538	1152	7	54550501	55161394	0.0252266018903592
cad	6.75482e-06	1.31132e-05	FALSE	0.356299	1152	7	54550501	55161394	0.366770162916292
psoriasis	0.000604907	0.00211602	FALSE	0.000180678	1153	7	55161395	56303513	0.000786431227364185
psa	0.00134104	0.00278769	FALSE	0.0155181	1153	7	55161395	56303513	0.0437022034732272
crohn	0.00119334	0.00206651	FALSE	0.00227768	1153	7	55161395	56303513	0.00610460589928058
uc	0.000287648	0.000519323	FALSE	0.190146	1153	7	55161395	56303513	0.228675036144578
cad	3.62093e-05	7.02936e-05	FALSE	0.101722	1153	7	55161395	56303513	0.128245983461963
psoriasis	0.000115207	0.000403006	FALSE	0.107539	1154	7	56303514	57383657	0.146644090909091
crohn	0.000380639	0.000659153	FALSE	0.0594109	1154	7	56303514	57383657	0.0877223731658956
cad	2.36031e-05	4.5821e-05	FALSE	0.0894687	1154	7	56303514	57383657	0.114055137625418
psoriasis	0.000180448	0.000631225	FALSE	0.0110567	1155	7	57383658	61969717	0.0230525791505791
cad	3.71572e-06	7.21338e-06	FALSE	0.342196	1155	7	57383658	61969717	0.354118666063348
psoriasis	8.53111e-05	0.000298427	FALSE	0.128315	1156	7	61969718	63311297	0.167813171912833
crohn	2.47537e-05	4.28661e-05	FALSE	0.411142	1156	7	61969718	63311297	0.422683491946618
psoriasis	3.20018e-05	0.000111945	FALSE	0.34566	1157	7	63311298	64216135	0.371640418118467
crohn	9.27362e-05	0.000160591	FALSE	0.330201	1157	7	63311298	64216135	0.350436595724466
uc	0.000430648	0.000777497	FALSE	0.0313164	1157	7	63311298	64216135	0.0532694147172734
cad	1.10464e-05	2.14445e-05	FALSE	0.25454	1157	7	63311298	64216135	0.275240179669031
psa	0.000227233	0.000472363	FALSE	0.218344	1158	7	64216136	65294277	0.279170449408673
uc	0.000380468	0.000686901	FALSE	0.0262567	1158	7	64216136	65294277	0.046679213592233
cad	3.27978e-06	6.36707e-06	FALSE	0.382521	1158	7	64216136	65294277	0.391771395879982
psoriasis	3.7322e-05	0.000130556	FALSE	0.245188	1159	7	65294278	66453993	0.28309276322822
cad	1.0451e-05	2.02887e-05	FALSE	0.164434	1159	7	65294278	66453993	0.189451162720403
psoriasis	1.03577e-05	3.62323e-05	FALSE	0.420756	1160	7	66453994	66914875	0.430726521327014
crohn	1.46513e-05	2.53717e-05	FALSE	0.442074	1160	7	66453994	66914875	0.449060377838329
cad	1.27988e-05	2.48464e-05	FALSE	0.199244	1160	7	66453994	66914875	0.223258710436061
psa	0.000674664	0.00140246	FALSE	0.070101	1161	7	66914876	67474722	0.125784776774194
crohn	4.44709e-05	7.70102e-05	FALSE	0.416506	1161	7	66914876	67474722	0.427215061524334
uc	1.17444e-05	2.12035e-05	FALSE	0.45854	1161	7	66914876	67474722	0.461482053162236
cad	7.40923e-05	0.000143836	FALSE	0.00122822	1161	7	66914876	67474722	0.00311757951165372
psoriasis	0.000528687	0.0018494	FALSE	0.00172498	1162	7	67474723	68569224	0.00499830361445783
psa	0.000378017	0.000785806	FALSE	0.269866	1162	7	67474723	68569224	0.324576233189389
crohn	0.00187166	0.00324116	FALSE	5.11963e-05	1162	7	67474723	68569224	0.000258177278103837
uc	0.000883766	0.00159556	FALSE	0.0125359	1162	7	67474723	68569224	0.0258486726760563
cad	5.59884e-05	0.000108691	FALSE	0.041812	1162	7	67474723	68569224	0.0603306271293375
psoriasis	0.000745741	0.00260867	FALSE	1.11768e-05	1163	7	68569225	70144614	7.74110769230769e-05
psa	0.000942864	0.00195998	FALSE	0.0600736	1163	7	68569225	70144614	0.113278319379845
crohn	0.000726753	0.00125852	FALSE	0.0356136	1163	7	68569225	70144614	0.0578623872
cad	5.37477e-05	0.000104341	FALSE	0.0350399	1163	7	68569225	70144614	0.0518681238187702
psoriasis	6.17202e-05	0.000215903	FALSE	0.345939	1164	7	70144615	71215741	0.371755343283582
crohn	0.000810891	0.00140422	FALSE	0.0369712	1164	7	70144615	71215741	0.059807140333092
uc	0.00161257	0.00291136	FALSE	9.15491e-05	1164	7	70144615	71215741	0.000512861794897959
cad	0.000132612	0.000257441	FALSE	0.000122553	1164	7	70144615	71215741	0.000442079985804416
psoriasis	0.000242161	0.000847103	FALSE	0.048887	1165	7	71215742	73128830	0.0782192
psa	0.00107367	0.0022319	FALSE	0.0312802	1165	7	71215742	73128830	0.0706983382113821
crohn	0.00144228	0.00249759	FALSE	0.000219231	1165	7	71215742	73128830	0.000851760093913043
uc	0.000981799	0.00177255	FALSE	0.00237608	1165	7	71215742	73128830	0.00700385460402685
cad	2.06725e-05	4.01319e-05	FALSE	0.209785	1165	7	71215742	73128830	0.232902084951456
psoriasis	0.000250063	0.000874744	FALSE	0.0474436	1166	7	73128831	75243899	0.0763622771982116
psa	0.00133016	0.00276508	FALSE	0.0125538	1166	7	73128831	75243899	0.0377508984567901
crohn	0.000640868	0.00110979	FALSE	0.0446742	1166	7	73128831	75243899	0.069866044086774
uc	0.00205612	0.00371215	FALSE	7.21503e-08	1166	7	73128831	75243899	1.32035049e-06
cad	6.90893e-05	0.000134124	FALSE	0.00833985	1166	7	73128831	75243899	0.0151615556041335
psoriasis	0.000311439	0.00108945	FALSE	0.0173013	1167	7	75243900	76451928	0.03310080425155
psa	0.000335556	0.00069754	FALSE	0.255322	1167	7	75243900	76451928	0.311313666666667
crohn	0.00221374	0.00383353	FALSE	1.60352e-07	1167	7	75243900	76451928	1.81840795939086e-06
uc	0.000754768	0.00136267	FALSE	0.0115099	1167	7	75243900	76451928	0.0242569485604607
cad	5.82472e-05	0.000113076	FALSE	0.0176019	1167	7	75243900	76451928	0.0287745141529664
psoriasis	0.000340007	0.00118938	FALSE	0.0117232	1168	7	76451929	77663964	0.0242366468899522
crohn	0.000367771	0.00063687	FALSE	0.149871	1168	7	76451929	77663964	0.184164914191419
uc	0.00181911	0.00328424	FALSE	7.91176e-07	1168	7	76451929	77663964	1.03918772142857e-05
cad	5.27776e-05	0.000102458	FALSE	0.0284857	1168	7	76451929	77663964	0.0433445082501663
psoriasis	0.000605052	0.00211653	FALSE	0.00180794	1169	7	77663965	78685009	0.00518612270916335
psa	0.00110733	0.00230187	FALSE	0.073825	1169	7	77663965	78685009	0.130841029143898
crohn	0.00167715	0.00290432	FALSE	0.000863643	1169	7	77663965	78685009	0.00267226933795014
uc	0.00107727	0.00194492	FALSE	0.00906366	1169	7	77663965	78685009	0.0198839134465534
cad	9.78797e-05	0.000190015	FALSE	0.00560048	1169	7	77663965	78685009	0.0107813954208754
psoriasis	0.000373897	0.00130793	FALSE	0.00936337	1170	7	78685010	80055721	0.0201242579104478
psa	0.00160454	0.00333544	FALSE	0.00522972	1170	7	78685010	80055721	0.0199941750884086
crohn	2.41274e-05	4.17815e-05	FALSE	0.45688	1170	7	78685010	80055721	0.461215508359693
uc	0.0010371	0.0018724	FALSE	0.00221034	1170	7	78685010	80055721	0.0066039546122449
cad	8.23902e-05	0.000159945	FALSE	0.00339439	1170	7	78685010	80055721	0.00710894682234432
psoriasis	0.000404983	0.00141667	FALSE	0.0153103	1171	7	80055722	81533566	0.029982092475068
psa	0.00201826	0.00419548	FALSE	0.00337391	1171	7	80055722	81533566	0.0149900202283105
crohn	0.00217311	0.00376318	FALSE	1.26564e-05	1171	7	80055722	81533566	7.70419553133515e-05
uc	0.00208707	0.00376802	FALSE	2.54527e-06	1171	7	80055722	81533566	2.72654288780488e-05
cad	3.20159e-05	6.21529e-05	FALSE	0.165645	1171	7	80055722	81533566	0.190750309667674
psoriasis	0.000598006	0.00209188	FALSE	0.000603379	1172	7	81533567	82759283	0.002085277824
psa	0.0023208	0.00482437	FALSE	0.000644316	1172	7	81533567	82759283	0.00429396895890411
crohn	0.000347802	0.000602289	FALSE	0.202225	1172	7	81533567	82759283	0.233956835836354
uc	0.00128532	0.00232053	FALSE	0.000906421	1172	7	81533567	82759283	0.00317782114285714
cad	5.89958e-06	1.14529e-05	FALSE	0.410398	1172	7	81533567	82759283	0.41677629928952
psoriasis	4.36418e-05	0.000152663	FALSE	0.373553	1173	7	82759284	83953009	0.393213684210526
psa	0.000337329	0.000701226	FALSE	0.277853	1173	7	82759284	83953009	0.330704549235474
crohn	0.000269186	0.00046615	FALSE	0.240088	1173	7	82759284	83953009	0.268581167751627
uc	0.000813413	0.00146855	FALSE	0.0139432	1173	7	82759284	83953009	0.028220522764977
cad	0.000138799	0.000269452	FALSE	2.02604e-05	1173	7	82759284	83953009	9.12116826771654e-05
psoriasis	4.01502e-06	1.40449e-05	FALSE	0.463893	1174	7	83953010	85356715	0.466701853749418
crohn	0.00117316	0.00203156	FALSE	0.000365987	1174	7	83953010	85356715	0.00131449350160772
psa	7.02065e-05	0.000145942	FALSE	0.407586	1175	7	85356716	86446538	0.432283485558583
cad	3.61986e-05	7.02729e-05	FALSE	0.0412309	1175	7	85356716	86446538	0.0595297148358586
psoriasis	0.000244884	0.000856629	FALSE	0.0467981	1176	7	86446539	87836641	0.0754920806572069
crohn	0.000806302	0.00139627	FALSE	0.0171822	1176	7	86446539	87836641	0.0318020172328086
cad	8.18894e-05	0.000158973	FALSE	0.00244469	1176	7	86446539	87836641	0.00540193819323672
crohn	0.000822876	0.00142498	FALSE	0.0236162	1177	7	87836642	89330087	0.0415334171518489
uc	0.000692077	0.00124948	FALSE	0.0279177	1177	7	87836642	89330087	0.0490083654676259
cad	3.36608e-05	6.53462e-05	FALSE	0.123379	1177	7	87836642	89330087	0.149691126259947
psoriasis	7.46283e-05	0.000261057	FALSE	0.276522	1178	7	89330088	90660831	0.310869266770671
psa	0.0012477	0.00259367	FALSE	0.0137441	1178	7	89330088	90660831	0.0406413709531014
cad	8.76885e-05	0.000170231	FALSE	0.00106748	1178	7	89330088	90660831	0.00279721319587629
psoriasis	0.000477117	0.001669	FALSE	0.00288378	1179	7	90660832	92530165	0.00768059778051788
psa	0.000837952	0.0017419	FALSE	0.0900356	1179	7	90660832	92530165	0.150523434364261
crohn	0.00222961	0.00386102	FALSE	1.3879e-06	1179	7	90660832	92530165	1.19713073359073e-05
uc	0.00093065	0.00168021	FALSE	0.00713555	1179	7	90660832	92530165	0.0166147871186441
cad	0.000162144	0.000314772	FALSE	1.80479e-06	1179	7	90660832	92530165	1.1860789454023e-05
psoriasis	0.000538592	0.00188405	FALSE	0.00139134	1180	7	92530166	93691725	0.0041509591160221
psa	0.00144377	0.00300126	FALSE	0.0160369	1180	7	92530166	93691725	0.04490332
crohn	0.00172658	0.00298992	FALSE	0.000121282	1180	7	92530166	93691725	0.000520046042226488
uc	0.00182384	0.00329279	FALSE	7.95606e-06	1180	7	92530166	93691725	6.69406427586207e-05
cad	1.35423e-05	2.62899e-05	FALSE	0.316803	1180	7	92530166	93691725	0.330533057025547
psoriasis	0.000501495	0.00175428	FALSE	0.00193922	1181	7	93691726	95174847	0.00551523784494087
uc	0.000272815	0.000492543	FALSE	0.214857	1181	7	93691726	95174847	0.251840420490928
cad	0.000179561	0.000348584	FALSE	2.56519e-07	1181	7	93691726	95174847	2.16729960147601e-06
psoriasis	0.000493009	0.00172459	FALSE	0.00247147	1182	7	95174848	96564981	0.00676600152091255
psa	0.000569063	0.00118294	FALSE	0.178392	1182	7	95174848	96564981	0.244128573839662
crohn	0.00075762	0.00131197	FALSE	0.0380536	1182	7	95174848	96564981	0.0613803194223827
uc	0.00130989	0.0023649	FALSE	0.000534244	1182	7	95174848	96564981	0.00204746915183246
cad	7.98732e-05	0.000155059	FALSE	0.00700018	1182	7	95174848	96564981	0.0130582476835237
crohn	0.000648345	0.00112274	FALSE	0.0404212	1183	7	96564982	97420207	0.0644086738944365
uc	0.000322825	0.000582833	FALSE	0.148296	1183	7	96564982	97420207	0.18750578238342
cad	5.00438e-05	9.71506e-05	FALSE	0.0342245	1183	7	96564982	97420207	0.0509579632161458
psa	0.000295797	0.00061489	FALSE	0.245966	1184	7	97420208	98173564	0.303326892268695
crohn	0.000535514	0.00092735	FALSE	0.0437553	1184	7	97420208	98173564	0.0688375635211268
cad	2.38711e-05	4.63414e-05	FALSE	0.137714	1184	7	97420208	98173564	0.163781548621945
psoriasis	0.000123147	0.000430781	FALSE	0.165015	1185	7	98173565	99465540	0.206149450549451
psa	0.000450616	0.000936722	FALSE	0.178163	1185	7	98173565	99465540	0.244000463054187
crohn	0.00250522	0.00433829	FALSE	1.59535e-09	1185	7	98173565	99465540	3.42693451923077e-08
uc	0.00101122	0.00182568	FALSE	0.000907872	1185	7	98173565	99465540	0.00317782114285714
cad	0.000118278	0.000229614	FALSE	1.86421e-05	1185	7	98173565	99465540	8.50987678642714e-05
psoriasis	0.000353811	0.00123766	FALSE	0.0101067	1186	7	99465541	100849307	0.021423426889107
psa	0.000936475	0.0019467	FALSE	0.050653	1186	7	99465541	100849307	0.100377533604888
crohn	0.00160095	0.00277236	FALSE	6.37867e-05	1186	7	99465541	100849307	0.000305138089507495
uc	0.00106811	0.00192838	FALSE	0.00123	1186	7	99465541	100849307	0.00409875569044006
cad	9.40294e-05	0.000182541	FALSE	0.000811971	1186	7	99465541	100849307	0.00221861132258065
psoriasis	0.000668893	0.00233985	FALSE	7.7777e-05	1187	7	100849308	101950748	0.00038798688221709
psa	0.00113141	0.00235194	FALSE	0.0366798	1187	7	100849308	101950748	0.07957512909699
crohn	0.00116307	0.00201409	FALSE	0.0035571	1187	7	100849308	101950748	0.00886893013392857
uc	0.0006357	0.0011477	FALSE	0.0394086	1187	7	100849308	101950748	0.0640572062176166
cad	8.10378e-05	0.00015732	FALSE	0.00521419	1187	7	100849308	101950748	0.0102182690068493
psoriasis	0.000215843	0.000755039	FALSE	0.036047	1188	7	101950749	103191322	0.0610381832419734
psa	0.00100133	0.00208152	FALSE	0.017655	1188	7	101950749	103191322	0.047659186407767
crohn	0.000244068	0.000422652	FALSE	0.191107	1188	7	101950749	103191322	0.223759453878407
uc	0.000190755	0.000344392	FALSE	0.214913	1188	7	101950749	103191322	0.251840420490928
cad	7.43022e-05	0.000144244	FALSE	0.00113411	1188	7	101950749	103191322	0.00293406059954751
psoriasis	0.000718827	0.00251453	FALSE	3.48142e-05	1189	7	103191323	104109231	0.000196855162303665
crohn	0.000262049	0.00045379	FALSE	0.248661	1189	7	103191323	104109231	0.276923566301097
uc	0.000300022	0.000541664	FALSE	0.192654	1189	7	103191323	104109231	0.231311199562602
cad	2.67396e-05	5.19099e-05	FALSE	0.179686	1189	7	103191323	104109231	0.203739158155677
psoriasis	0.000409234	0.00143154	FALSE	0.00528947	1190	7	104109232	105312563	0.0127230013363029
uc	0.000181781	0.00032819	FALSE	0.278613	1190	7	104109232	105312563	0.31057570964467
cad	0.000104113	0.000202116	FALSE	0.000425355	1190	7	104109232	105312563	0.00127998274342105
psoriasis	0.00124415	0.00435216	FALSE	1.63084e-08	1191	7	105312564	106399739	2.609344e-07
psa	0.00204178	0.00424436	FALSE	0.00503058	1191	7	105312564	106399739	0.0195205422222222
crohn	0.00270562	0.00468533	FALSE	7.10438e-07	1191	7	105312564	106399739	6.6967024978903e-06
uc	0.00212188	0.00383088	FALSE	5.95548e-06	1191	7	105312564	106399739	5.27348148387097e-05
cad	0.000218407	0.000423996	FALSE	9.40354e-08	1191	7	105312564	106399739	9.08104976371308e-07
psa	0.00128695	0.00267526	FALSE	0.024943	1192	7	106399740	107658603	0.0606738475
crohn	0.000967329	0.00167512	FALSE	0.0131052	1192	7	106399740	107658603	0.0253700318890815
uc	0.00532084	0.00960631	FALSE	2.18548e-25	1192	7	106399740	107658603	9.59862816e-23
cad	0.000246456	0.000478447	FALSE	4.41283e-11	1192	7	106399740	107658603	1.009214221e-09
psoriasis	4.16596e-05	0.000145729	FALSE	0.376703	1193	7	107658604	109095558	0.396143369036027
psa	0.00185948	0.0038654	FALSE	0.00225451	1193	7	107658604	109095558	0.0111635533333333
crohn	0.000423021	0.000732546	FALSE	0.13872	1193	7	107658604	109095558	0.172550378619154
uc	7.21827e-05	0.00013032	FALSE	0.40007	1193	7	107658604	109095558	0.414607701746107
cad	7.9549e-05	0.00015443	FALSE	0.00534439	1193	7	107658604	109095558	0.0104034364851064
psoriasis	0.000195048	0.000682297	FALSE	0.120603	1194	7	109095559	110479479	0.159523870177587
psa	0.00110405	0.00229505	FALSE	0.049359	1194	7	109095559	110479479	0.098718
crohn	0.000468038	0.000810502	FALSE	0.134624	1194	7	109095559	110479479	0.168581847533632
uc	0.00115844	0.00209146	FALSE	0.00212358	1194	7	109095559	110479479	0.00638819408219178
cad	0.000102562	0.000199105	FALSE	0.00137986	1194	7	109095559	110479479	0.00344513080786026
psoriasis	0.000484017	0.00169314	FALSE	0.00208934	1195	7	110479480	111795299	0.00587626875
psa	0.000174051	0.00036181	FALSE	0.370706	1195	7	110479480	111795299	0.407107153498871
crohn	0.000366821	0.000635224	FALSE	0.172249	1195	7	110479480	111795299	0.206218792068596
uc	0.000188059	0.000339523	FALSE	0.28131	1195	7	110479480	111795299	0.312946686930091
cad	0.000129844	0.000252067	FALSE	4.82836e-05	1195	7	110479480	111795299	0.000194409495070423
psoriasis	0.00037876	0.00132494	FALSE	0.00959333	1196	7	111795300	113339386	0.0205571357142857
crohn	0.00203668	0.00352692	FALSE	3.75148e-06	1196	7	111795300	113339386	2.84095129491525e-05
uc	0.000447997	0.000808819	FALSE	0.0954099	1196	7	111795300	113339386	0.131360589592476
cad	0.000104003	0.000201902	FALSE	0.000543295	1196	7	111795300	113339386	0.00157880008259212
crohn	0.000826287	0.00143088	FALSE	0.0213337	1197	7	113339387	115321301	0.03812758864
uc	0.000657498	0.00118706	FALSE	0.0315912	1197	7	113339387	115321301	0.0536122683153014
cad	7.73964e-05	0.000150251	FALSE	0.00592705	1197	7	113339387	115321301	0.0113315313856427
psoriasis	8.06515e-05	0.000282127	FALSE	0.279412	1198	7	115321302	116835336	0.31319663725999
crohn	4.59322e-05	7.95409e-05	FALSE	0.433525	1198	7	115321302	116835336	0.441227722095672
uc	0.000276747	0.000499642	FALSE	0.193721	1198	7	115321302	116835336	0.232211417030568
cad	0.000111304	0.000216075	FALSE	0.000195313	1198	7	115321302	116835336	0.000667684351270553
psoriasis	0.000204136	0.000714087	FALSE	0.0630707	1199	7	116835337	118342090	0.0952211807397069
psa	5.20279e-05	0.000108153	FALSE	0.438846	1199	7	116835337	118342090	0.452807166489926
crohn	0.00184502	0.00319503	FALSE	2.19795e-06	1199	7	116835337	118342090	1.76626629496403e-05
uc	0.000785118	0.00141746	FALSE	0.00656749	1199	7	116835337	118342090	0.0156592921172638
cad	0.000201125	0.000390446	FALSE	1.61583e-10	1199	7	116835337	118342090	3.2415817631579e-09
psoriasis	0.00011578	0.000405009	FALSE	0.0852833	1200	7	118342091	119568236	0.121112378698225
psa	2.63802e-05	5.4838e-05	FALSE	0.434649	1200	7	118342091	119568236	0.449659386822529
crohn	0.000403773	0.000699215	FALSE	0.0357518	1200	7	118342091	119568236	0.0580447101744186
uc	0.000128005	0.000231102	FALSE	0.224787	1200	7	118342091	119568236	0.261319349920593
cad	2.52856e-05	4.90873e-05	FALSE	0.0580554	1200	7	118342091	119568236	0.0796954980792317
psoriasis	0.000203475	0.000711776	FALSE	0.0696253	1201	7	119568237	121042050	0.103267272477694
psa	0.00127726	0.00265512	FALSE	0.0112838	1201	7	119568237	121042050	0.0347991676703645
cad	6.71279e-05	0.000130316	FALSE	0.00691491	1201	7	119568237	121042050	0.0129097136081633
psoriasis	0.000273278	0.000955954	FALSE	0.0169402	1202	7	121042051	121946052	0.0325831095280499
psa	0.000222288	0.000462082	FALSE	0.300173	1202	7	121042051	121946052	0.349573104727708
crohn	0.000387162	0.000670448	FALSE	0.104656	1202	7	121042051	121946052	0.1368861264637
uc	0.000600767	0.00108463	FALSE	0.0182504	1202	7	121042051	121946052	0.0346994618181818
psoriasis	6.16039e-05	0.000215496	FALSE	0.333643	1203	7	121946053	123859746	0.361056553106212
psa	0.00145284	0.00302011	FALSE	0.0132846	1203	7	121946053	123859746	0.0396500484662577
crohn	0.000381279	0.000660262	FALSE	0.168951	1203	7	121946053	123859746	0.202487410944206
cad	4.44867e-05	8.63626e-05	FALSE	0.0713867	1203	7	121946053	123859746	0.0946929366956522
psoriasis	0.000103635	0.000362526	FALSE	0.214474	1204	7	123859747	125389586	0.254261163556531
crohn	0.000192867	0.000333988	FALSE	0.276278	1204	7	123859747	125389586	0.302436096031357
cad	7.00297e-05	0.00013595	FALSE	0.00600177	1204	7	123859747	125389586	0.0114288492839301
psoriasis	5.5558e-05	0.000194347	FALSE	0.307875	1205	7	125389587	126640872	0.337739969527679
psa	0.000196228	0.000407911	FALSE	0.323344	1205	7	125389587	126640872	0.369481752201996
crohn	9.40648e-05	0.000162892	FALSE	0.362534	1205	7	125389587	126640872	0.379700401312705
uc	0.000321559	0.000580546	FALSE	0.121181	1205	7	125389587	126640872	0.160116411552347
cad	1.39272e-05	2.70371e-05	FALSE	0.259654	1205	7	125389587	126640872	0.279843872761546
psoriasis	0.000190588	0.000666695	FALSE	0.0929349	1206	7	126640873	127903738	0.129592888315042
psa	0.000654366	0.00136027	FALSE	0.120717	1206	7	126640873	127903738	0.185410640883978
crohn	0.000422411	0.000731489	FALSE	0.123718	1206	7	126640873	127903738	0.157664581859669
uc	0.000238929	0.000431365	FALSE	0.219045	1206	7	126640873	127903738	0.255049215270414
cad	7.94786e-05	0.000154293	FALSE	0.00346957	1206	7	126640873	127903738	0.00723327856882407
psoriasis	0.000860814	0.00301121	FALSE	9.20445e-08	1207	7	127903739	128779173	1.24260075e-06
psa	0.00120261	0.00249993	FALSE	0.0153187	1207	7	127903739	128779173	0.0433287648255814
crohn	0.000439754	0.000761522	FALSE	0.100474	1207	7	127903739	128779173	0.132005628453851
uc	0.00146254	0.0026405	FALSE	1.68851e-05	1207	7	127903739	128779173	0.000126296889795918
cad	5.81478e-06	1.12883e-05	FALSE	0.389364	1207	7	127903739	128779173	0.398066816271793
psoriasis	0.000525059	0.00183671	FALSE	0.00235936	1208	7	128779174	130418704	0.00650857931034483
psa	0.00179652	0.00373453	FALSE	0.00603767	1208	7	128779174	130418704	0.0219780876261682
crohn	0.00220007	0.00380987	FALSE	6.24418e-06	1208	7	128779174	130418704	4.26590156574924e-05
uc	0.000346084	0.000624825	FALSE	0.179331	1208	7	128779174	130418704	0.21866234092171
cad	0.000290505	0.000563962	FALSE	5.97019e-13	1208	7	128779174	130418704	1.92307387746479e-11
psoriasis	0.00149976	0.00524629	FALSE	4.40298e-10	1209	7	130418705	131856481	1.05178232967033e-08
psa	0.00146291	0.00304104	FALSE	0.0380385	1209	7	130418705	131856481	0.0816129228224917
crohn	0.0022152	0.00383606	FALSE	6.6069e-05	1209	7	130418705	131856481	0.000313284895338983
uc	0.00251417	0.0045391	FALSE	7.75266e-07	1209	7	130418705	131856481	1.02559285301205e-05
cad	0.000273766	0.000531465	FALSE	1.02075e-09	1209	7	130418705	131856481	1.6556420212766e-08
psoriasis	0.000380778	0.001332	FALSE	0.0196216	1210	7	131856482	133807216	0.0366269222797927
psa	0.00298197	0.00619879	FALSE	5.99173e-05	1210	7	131856482	133807216	0.000673983039306358
crohn	0.000699457	0.00121125	FALSE	0.0648222	1210	7	131856482	133807216	0.0937299642718447
uc	0.000894694	0.00161529	FALSE	0.0158362	1210	7	131856482	133807216	0.0312736467625899
cad	8.3751e-05	0.000162587	FALSE	0.00890359	1210	7	131856482	133807216	0.0159956876119403
psoriasis	0.000212509	0.000743378	FALSE	0.0861041	1211	7	133807217	134943221	0.122037307086614
psa	0.000607818	0.00126351	FALSE	0.153258	1211	7	133807217	134943221	0.21945553200883
crohn	0.000571141	0.000989045	FALSE	0.0768867	1211	7	133807217	134943221	0.10672761552795
uc	0.000574088	0.00103647	FALSE	0.0528105	1211	7	133807217	134943221	0.081817415796897
cad	7.18207e-05	0.000139427	FALSE	0.0101293	1211	7	133807217	134943221	0.0177651143404908
psoriasis	0.000429938	0.00150396	FALSE	0.00729378	1212	7	134943222	136113467	0.0163768864864865
psa	0.000247608	0.000514716	FALSE	0.336915	1212	7	134943222	136113467	0.380299646171694
crohn	0.00103552	0.00179322	FALSE	0.0105165	1212	7	134943222	136113467	0.0213774895359418
uc	0.00167269	0.0030199	FALSE	3.5381e-05	1212	7	134943222	136113467	0.000231930376119403
cad	9.03327e-05	0.000175364	FALSE	0.00359777	1212	7	134943222	136113467	0.00745298912137681
psoriasis	0.00023572	0.000824571	FALSE	0.0831416	1213	7	136113468	137657459	0.118773714285714
psa	0.00235567	0.00489686	FALSE	0.000571903	1213	7	136113468	137657459	0.00398897217921147
crohn	0.000582358	0.00100847	FALSE	0.0901133	1213	7	136113468	137657459	0.120546773772455
uc	0.000619828	0.00111904	FALSE	0.054306	1213	7	136113468	137657459	0.0834787347795661
cad	0.000142533	0.000276702	FALSE	3.65867e-05	1213	7	136113468	137657459	0.000152411262112933
psoriasis	0.000766139	0.00268003	FALSE	0.000174192	1214	7	137657460	138755107	0.000766302892057026
psa	0.00172424	0.00358427	FALSE	0.0142877	1214	7	137657460	138755107	0.0415843669150522
crohn	0.00368798	0.00638648	FALSE	2.1175e-10	1214	7	137657460	138755107	6.06473717948718e-09
uc	0.000765996	0.00138294	FALSE	0.041957	1214	7	137657460	138755107	0.067253702189781
cad	0.000214384	0.000416186	FALSE	1.70472e-07	1214	7	137657460	138755107	1.51112195348837e-06
psoriasis	0.00101576	0.00355321	FALSE	1.32668e-06	1215	7	138755108	140217630	1.25685473684211e-05
psa	0.0034433	0.00715778	FALSE	1.55033e-05	1215	7	138755108	140217630	0.000281957213084112
crohn	0.00127264	0.00220383	FALSE	0.00631573	1215	7	138755108	140217630	0.0142231258266129
uc	0.00155648	0.00281008	FALSE	0.00037339	1215	7	138755108	140217630	0.00152409747211896
cad	0.000235751	0.000457667	FALSE	9.29094e-09	1215	7	138755108	140217630	1.18706032290503e-07
psoriasis	0.000742351	0.00259681	FALSE	8.50685e-05	1216	7	140217631	142098979	0.000413846756756757
crohn	0.000901063	0.00156037	FALSE	0.0264372	1216	7	140217631	142098979	0.0455363953739399
uc	0.00206011	0.00371934	FALSE	2.53551e-06	1216	7	140217631	142098979	2.72654288780488e-05
cad	0.000168825	0.000327743	FALSE	4.13052e-06	1216	7	140217631	142098979	2.36162481e-05
psoriasis	0.00116208	0.00406506	FALSE	2.27644e-08	1217	7	142098980	144324464	3.56312347826087e-07
psa	0.000943432	0.00196116	FALSE	0.0878783	1217	7	142098980	144324464	0.148685886805556
crohn	0.00146389	0.00253501	FALSE	0.00141804	1217	7	142098980	144324464	0.00408234711340206
uc	0.00148517	0.00268134	FALSE	0.000333776	1217	7	142098980	144324464	0.00139083889184061
cad	0.000139113	0.000270063	FALSE	9.16761e-05	1217	7	142098980	144324464	0.000343147693453355
psoriasis	0.000113426	0.000396776	FALSE	0.200916	1218	7	144324465	145415775	0.241233218454697
crohn	0.000372016	0.000644221	FALSE	0.14625	1218	7	144324465	145415775	0.180509668508287
cad	4.81972e-05	9.35659e-05	FALSE	0.0391003	1218	7	144324465	145415775	0.0567761181587302
psa	0.000605457	0.0012586	FALSE	0.126879	1219	7	145415776	146574327	0.192440303738318
crohn	0.000243903	0.000422366	FALSE	0.231526	1219	7	145415776	146574327	0.260175595573441
cad	2.79005e-05	5.41637e-05	FALSE	0.136549	1219	7	145415776	146574327	0.162734529963523
psoriasis	0.000152515	0.000533511	FALSE	0.124182	1220	7	146574328	147352171	0.163756483516484
psa	0.000863783	0.00179559	FALSE	0.0532922	1220	7	146574328	147352171	0.10422776
crohn	0.000480853	0.000832694	FALSE	0.0817132	1220	7	146574328	147352171	0.111796250673195
uc	0.000193989	0.000350231	FALSE	0.245156	1220	7	146574328	147352171	0.279523663551402
cad	5.42705e-05	0.000105356	FALSE	0.0202988	1220	7	146574328	147352171	0.0324411988819008
psoriasis	0.00046924	0.00164145	FALSE	0.0101257	1221	7	147352172	148622913	0.0214426588235294
psa	0.000758458	0.00157665	FALSE	0.153637	1221	7	147352172	148622913	0.219836472058824
crohn	0.00273602	0.00473797	FALSE	6.17033e-07	1221	7	147352172	148622913	5.98855476724138e-06
uc	0.00231741	0.00418387	FALSE	1.23813e-06	1221	7	147352172	148622913	1.50217319337017e-05
psoriasis	0.000887056	0.00310301	FALSE	9.18015e-07	1222	7	148622914	149842999	9.22284837209302e-06
psa	0.00060692	0.00126164	FALSE	0.156283	1222	7	148622914	149842999	0.222803456410256
crohn	0.00250593	0.00433952	FALSE	8.66404e-08	1222	7	148622914	149842999	1.04624137081081e-06
uc	0.000661438	0.00119417	FALSE	0.0341957	1222	7	148622914	149842999	0.0569755365705615
cad	9.03174e-05	0.000175334	FALSE	0.00239357	1222	7	148622914	149842999	0.00531465494174757
psoriasis	0.000876459	0.00306594	FALSE	1.02926e-06	1223	7	149843000	150897818	1.00144216216216e-05
psa	0.00123584	0.00256901	FALSE	0.0265542	1223	7	149843000	150897818	0.0634821538083538
crohn	0.00152757	0.00264529	FALSE	0.000320413	1223	7	149843000	150897818	0.0011757406272578
uc	0.00103098	0.00186134	FALSE	0.00334964	1223	7	149843000	150897818	0.00917804783042394
cad	0.000181104	0.00035158	FALSE	1.4882e-07	1223	7	149843000	150897818	1.33812818431373e-06
psoriasis	0.000928897	0.00324937	FALSE	1.36157e-05	1224	7	150897819	152253294	9.1052359133127e-05
psa	0.00291616	0.00606198	FALSE	0.000245254	1224	7	150897819	152253294	0.00211801615789474
crohn	0.000717229	0.00124203	FALSE	0.0782507	1224	7	150897819	152253294	0.108108882993197
uc	0.00292527	0.00528132	FALSE	6.73154e-09	1224	7	150897819	152253294	1.73911315764706e-07
cad	0.000255254	0.000495528	FALSE	2.42122e-09	1224	7	150897819	152253294	3.57247105806452e-08
psoriasis	0.000455817	0.00159449	FALSE	0.00880663	1225	7	152253295	153241228	0.0191371436619718
psa	0.00265222	0.00551331	FALSE	0.000304871	1225	7	152253295	153241228	0.00252459134468085
crohn	0.00180642	0.00312818	FALSE	0.000194061	1225	7	152253295	153241228	0.000767313759292035
uc	0.000248285	0.000448257	FALSE	0.259309	1225	7	152253295	153241228	0.291722625
cad	0.000134622	0.000261344	FALSE	0.000169757	1225	7	152253295	153241228	0.000592071528963415
psoriasis	0.000736007	0.00257462	FALSE	0.00017641	1226	7	153241229	154407487	0.000771347368421053
psa	0.00145542	0.00302547	FALSE	0.0261944	1226	7	153241229	154407487	0.0628536404438964
crohn	0.00237935	0.00412033	FALSE	4.94792e-06	1226	7	153241229	154407487	3.55796465594855e-05
uc	0.00263361	0.00475475	FALSE	3.26033e-08	1226	7	153241229	154407487	6.69129409345794e-07
cad	7.03963e-05	0.000136661	FALSE	0.0258524	1226	7	153241229	154407487	0.0398693664199192
psoriasis	0.000778963	0.00272489	FALSE	0.000170297	1227	7	154407488	155280610	0.000753773606557377
psa	0.00224599	0.00466887	FALSE	0.00305746	1227	7	154407488	155280610	0.0139339980327869
crohn	0.00198114	0.00343073	FALSE	0.000167374	1227	7	154407488	155280610	0.000683571327239488
uc	0.00121584	0.0021951	FALSE	0.00465964	1227	7	154407488	155280610	0.0118432516666667
cad	0.00017559	0.000340875	FALSE	1.20788e-05	1227	7	154407488	155280610	5.95349474137931e-05
psoriasis	0.000634656	0.00222009	FALSE	0.00172858	1228	7	155280611	156344386	0.00499830361445783
psa	0.00348945	0.00725372	FALSE	3.10727e-05	1228	7	155280611	156344386	0.000441368424817518
crohn	0.00129117	0.00223591	FALSE	0.00846911	1228	7	155280611	156344386	0.0179677034567901
uc	0.00195402	0.00352781	FALSE	4.47291e-05	1228	7	155280611	156344386	0.000288050157184751
cad	0.000142744	0.00027711	FALSE	0.000277181	1228	7	155280611	156344386	0.00089916730070922
psoriasis	0.000418314	0.0014633	FALSE	0.00348649	1229	7	156344387	157199331	0.00900815598086124
psa	0.000164664	0.000342297	FALSE	0.365227	1229	7	156344387	157199331	0.403366482406356
crohn	0.000526353	0.000911486	FALSE	0.0760134	1229	7	156344387	157199331	0.10605925452277
uc	0.000470114	0.000848749	FALSE	0.0724032	1229	7	156344387	157199331	0.104948796831683
cad	3.22608e-06	6.26283e-06	FALSE	0.433009	1229	7	156344387	157199331	0.437601229783473
psoriasis	0.000171597	0.000600263	FALSE	0.152561	1230	7	157199332	158031247	0.193728253968254
psa	0.000924053	0.00192088	FALSE	0.0838626	1230	7	157199332	158031247	0.143406519859402
uc	0.000303306	0.000547592	FALSE	0.205417	1230	7	157199332	158031247	0.243522534268753
cad	9.71921e-05	0.00018868	FALSE	0.00244811	1230	7	157199332	158031247	0.00540427371621622
psoriasis	0.000102981	0.000360239	FALSE	0.237655	1231	7	158031248	159128566	0.276406759956943
psa	0.000862464	0.00179285	FALSE	0.0744906	1231	7	158031248	159128566	0.131637364246824
crohn	0.000541896	0.000938402	FALSE	0.0822778	1231	7	158031248	159128566	0.112352448166259
uc	0.000808207	0.00145915	FALSE	0.0120606	1231	7	158031248	159128566	0.0250805659090909
cad	6.43678e-06	1.24958e-05	FALSE	0.393003	1231	7	158031248	159128566	0.401069995983936
psoriasis	4.7506e-05	0.00016618	FALSE	0.362108	1232	8	11740	660414	0.384161728880157
psa	6.97385e-05	0.000144969	FALSE	0.436299	1232	8	11740	660414	0.450896364312268
crohn	0.00297935	0.00515934	FALSE	5.11989e-10	1232	8	11740	660414	1.36164693571429e-08
cad	4.18347e-06	8.12143e-06	FALSE	0.425023	1232	8	11740	660414	0.43029110270031
psoriasis	0.000280113	0.000979861	FALSE	0.0327236	1233	8	660415	1161824	0.0564178898643256
psa	0.000173216	0.000360074	FALSE	0.363759	1233	8	660415	1161824	0.4022017125
uc	0.000141367	0.000255225	FALSE	0.317521	1233	8	660415	1161824	0.346042737468983
psoriasis	3.69949e-05	0.000129412	FALSE	0.383834	1234	8	1161825	1628039	0.401499544794189
uc	0.000622586	0.00112402	FALSE	0.0353065	1234	8	1161825	1628039	0.0585597235649547
psoriasis	0.000393117	0.00137516	FALSE	0.0200641	1235	8	1628040	2070902	0.0372248652360515
psa	0.00206171	0.0042858	FALSE	0.00345638	1235	8	1628040	2070902	0.0151489087387387
crohn	0.00190084	0.00329168	FALSE	0.000121689	1235	8	1628040	2070902	0.000520791620689655
uc	0.000642899	0.0011607	FALSE	0.0614349	1235	8	1628040	2070902	0.0920894473720137
cad	0.000124814	0.000242303	FALSE	0.000463579	1235	8	1628040	2070902	0.00137510398573281
crohn	0.000280116	0.000485077	FALSE	0.166375	1236	8	2070903	2396122	0.199936390532544
uc	0.000136889	0.000247141	FALSE	0.282074	1236	8	2070903	2396122	0.313637723544304
psoriasis	0.000280519	0.000981283	FALSE	0.0590468	1237	8	2396123	2970491	0.090776575088968
psa	0.000892641	0.00185558	FALSE	0.0985793	1237	8	2396123	2970491	0.161206149411765
crohn	0.000678731	0.00117536	FALSE	0.0691629	1237	8	2396123	2970491	0.098534207903123
uc	0.000873219	0.00157652	FALSE	0.0173219	1237	8	2396123	2970491	0.0332217400873362
cad	8.27069e-05	0.00016056	FALSE	0.0092604	1237	8	2396123	2970491	0.0165395268696331
psoriasis	0.0002482	0.000868229	FALSE	0.0756805	1238	8	2970492	3386667	0.109952134498991
psa	0.00071287	0.00148188	FALSE	0.139825	1238	8	2970492	3386667	0.205824092284418
crohn	0.00171846	0.00297587	FALSE	0.000193288	1238	8	2970492	3386667	0.000765612397163121
uc	0.000204578	0.000369348	FALSE	0.284178	1238	8	2970492	3386667	0.315817251012146
psoriasis	0.000221689	0.00077549	FALSE	0.111108	1239	8	3386668	3787248	0.150167954971857
psa	0.00200721	0.0041725	FALSE	0.00403604	1239	8	3386668	3787248	0.0167465540298507
crohn	0.0013226	0.00229034	FALSE	0.00386205	1239	8	3386668	3787248	0.00941901713973799
uc	0.00188279	0.00339921	FALSE	2.01317e-05	1239	8	3386668	3787248	0.000145904994059406
cad	7.41048e-05	0.000143861	FALSE	0.0189587	1239	8	3386668	3787248	0.0307289489014883
psoriasis	0.000436785	0.00152792	FALSE	0.0184238	1240	8	3787249	4273083	0.0348776581945662
psa	0.00467775	0.00972391	FALSE	1.11959e-07	1240	8	3787249	4273083	7.7811505e-06
crohn	0.00177452	0.00307294	FALSE	0.000707568	1240	8	3787249	4273083	0.00225493140085592
uc	0.00227553	0.00410828	FALSE	3.70618e-06	1240	8	3787249	4273083	3.6012262300885e-05
cad	0.000100082	0.000194291	FALSE	0.00616942	1240	8	3787249	4273083	0.0116993893366501
psoriasis	0.000543296	0.0019005	FALSE	0.00662139	1241	8	4273084	4893120	0.0153787122580645
psa	0.00278732	0.00579416	FALSE	0.000729054	1241	8	4273084	4893120	0.00473375813953488
crohn	0.00154943	0.00268315	FALSE	0.0030648	1241	8	4273084	4893120	0.00785204885321101
uc	0.0013896	0.00250879	FALSE	0.00255212	1241	8	4273084	4893120	0.0074211165653897
cad	6.67814e-05	0.000129644	FALSE	0.047595	1241	8	4273084	4893120	0.0671497624922887
psoriasis	1.14436e-06	4.00308e-06	FALSE	0.483408	1242	8	4893121	5566269	0.483408
psa	0.0017282	0.00359251	FALSE	0.0115412	1242	8	4893121	5566269	0.0353131685534591
crohn	0.00188241	0.00325977	FALSE	0.000160943	1242	8	4893121	5566269	0.000662148548802947
uc	0.000501958	0.000906241	FALSE	0.113248	1242	8	4893121	5566269	0.151089069258809
cad	3.06341e-05	5.94703e-05	FALSE	0.184813	1242	8	4893121	5566269	0.208518663542181
crohn	0.000349103	0.000604542	FALSE	0.185001	1243	8	5566270	6019163	0.218211316789863
uc	0.000356856	0.000644272	FALSE	0.150645	1243	8	5566270	6019163	0.190233709028177
cad	6.09333e-05	0.000118291	FALSE	0.0238072	1243	8	5566270	6019163	0.0372669859000684
psoriasis	0.00111519	0.00390104	FALSE	3.72478e-07	1244	8	6019164	6663427	4.42061802197802e-06
psa	0.0034472	0.00716589	FALSE	2.52075e-05	1244	8	6019164	6663427	0.000389315833333333
crohn	0.000420099	0.000727486	FALSE	0.194736	1244	8	6019164	6663427	0.22705648434238
uc	0.00174268	0.00314625	FALSE	0.000146353	1244	8	6019164	6663427	0.000732098378132118
cad	8.90481e-05	0.00017287	FALSE	0.0105629	1244	8	6019164	6663427	0.0183148993934799
psa	0.00018792	0.00039064	FALSE	0.348391	1245	8	6663428	8064600	0.388743627293578
uc	0.00166728	0.00301013	FALSE	3.7361e-06	1245	8	6663428	8064600	3.61430643171806e-05
cad	2.05501e-05	3.98943e-05	FALSE	0.20891	1245	8	6663428	8064600	0.232381892023346
psoriasis	0.000199171	0.000696718	FALSE	0.0867066	1246	8	8064601	8589770	0.122810659672131
psa	0.0011516	0.0023939	FALSE	0.0259276	1246	8	8064601	8589770	0.0624341265760198
crohn	0.000722021	0.00125032	FALSE	0.030755	1246	8	8064601	8589770	0.0513886836200449
uc	0.000426552	0.000770102	FALSE	0.0957088	1246	8	8064601	8589770	0.13160709129618
cad	4.96582e-05	9.6402e-05	FALSE	0.0393749	1246	8	8064601	8589770	0.0571023438807863
psoriasis	0.0001185	0.000414524	FALSE	0.221654	1247	8	8589771	9167795	0.261053784078517
psa	0.000265783	0.000552498	FALSE	0.321712	1247	8	8589771	9167795	0.368265618823529
crohn	0.000612538	0.00106073	FALSE	0.0709368	1247	8	8589771	9167795	0.100490051490171
uc	0.000757958	0.00136843	FALSE	0.0219207	1247	8	8589771	9167795	0.0401966984974958
cad	3.08618e-05	5.99123e-05	FALSE	0.150285	1247	8	8589771	9167795	0.175626875319366
psoriasis	0.000314751	0.00110103	FALSE	0.017662	1248	8	9167796	9835863	0.0336419047619048
crohn	0.000278706	0.000482635	FALSE	0.211442	1248	8	9167796	9835863	0.242485332648871
cad	6.79318e-05	0.000131877	FALSE	0.008737	1248	8	9167796	9835863	0.0157956671936759
psoriasis	0.000532885	0.00186408	FALSE	0.00236809	1249	8	9835864	10478851	0.00652432959183674
psa	7.09841e-05	0.000147559	FALSE	0.4436	1249	8	9835864	10478851	0.45626088794926
crohn	0.000691452	0.00119739	FALSE	0.0647226	1249	8	9835864	10478851	0.0936465598445596
cad	9.32802e-05	0.000181086	FALSE	0.00414454	1249	8	9835864	10478851	0.00839553851195749
psoriasis	0.000655162	0.00229182	FALSE	0.000487547	1250	8	10478852	11466761	0.00178189766497462
psa	0.00136937	0.00284659	FALSE	0.0306509	1250	8	10478852	11466761	0.0695993598599767
uc	0.00126915	0.00229135	FALSE	0.00186814	1250	8	10478852	11466761	0.00572672083682008
cad	0.000196206	0.000380898	FALSE	3.72101e-07	1250	8	10478852	11466761	3.00704942402827e-06
psoriasis	0.00035347	0.00123647	FALSE	0.0100048	1251	8	11466762	12296849	0.0212552920353982
psa	0.00103323	0.00214784	FALSE	0.0366188	1251	8	11466762	12296849	0.07953145625
uc	0.000534564	0.000965109	FALSE	0.0513473	1251	8	11466762	12296849	0.0799140119064493
cad	0.000132369	0.000256969	FALSE	1.20107e-05	1251	8	11466762	12296849	5.93271509719222e-05
psa	6.74143e-05	0.000140138	FALSE	0.42888	1252	8	12296850	12947935	0.446310417112299
crohn	0.000477611	0.000827079	FALSE	0.0840332	1252	8	12296850	12947935	0.114285620450396
uc	0.000278395	0.000502618	FALSE	0.170573	1252	8	12296850	12947935	0.210512678270634
cad	6.12558e-05	0.000118917	FALSE	0.0115968	1252	8	12296850	12947935	0.0198665779775281
psoriasis	9.02523e-05	0.000315711	FALSE	0.234473	1253	8	12947936	13395051	0.273319848893686
crohn	0.000123438	0.000213757	FALSE	0.338841	1253	8	12947936	13395051	0.358414201704545
uc	0.000220738	0.000398523	FALSE	0.216753	1253	8	12947936	13395051	0.253320696114955
cad	7.91773e-05	0.000153708	FALSE	0.00197794	1253	8	12947936	13395051	0.00453716026078235
psoriasis	0.000254787	0.00089127	FALSE	0.0526609	1254	8	13395052	13948095	0.0831487894736842
psa	0.000905094	0.00188147	FALSE	0.0693603	1254	8	13395052	13948095	0.124861372617946
crohn	0.000432521	0.000748998	FALSE	0.133816	1254	8	13395052	13948095	0.16766401794728
uc	0.000366909	0.000662423	FALSE	0.140882	1254	8	13395052	13948095	0.180674170361727
cad	8.89061e-05	0.000172595	FALSE	0.00241508	1254	8	13395052	13948095	0.00535721431619787
cad	7.21557e-05	0.000140077	FALSE	0.00226252	1255	8	13948096	14389305	0.0050779030814524
psoriasis	2.86897e-06	1.00359e-05	FALSE	0.472297	1256	8	14389306	14872767	0.473832568509057
psa	2.77921e-05	5.7773e-05	FALSE	0.459845	1256	8	14389306	14872767	0.466703504166667
crohn	1.60754e-05	2.78378e-05	FALSE	0.462269	1256	8	14389306	14872767	0.465603672678088
uc	0.000609261	0.00109997	FALSE	0.0286604	1256	8	14389306	14872767	0.0500303961844197
cad	2.52358e-05	4.89906e-05	FALSE	0.158618	1256	8	14389306	14872767	0.183582675101215
psoriasis	0.00021796	0.000762445	FALSE	0.0758494	1257	8	14872768	15359692	0.110103967741935
psa	8.46332e-05	0.000175932	FALSE	0.424963	1257	8	14872768	15359692	0.443884270386266
crohn	0.00014625	0.000253262	FALSE	0.335812	1257	8	14872768	15359692	0.35571550877193
crohn	0.000133174	0.000230617	FALSE	0.352731	1258	8	15359693	15999328	0.371348281809614
uc	0.000367492	0.000663475	FALSE	0.142331	1258	8	15359693	15999328	0.181931825378347
cad	0.000105608	0.000205018	FALSE	0.000559443	1258	8	15359693	15999328	0.00161342514627995
psoriasis	0.000134633	0.000470958	FALSE	0.207403	1259	8	15999329	16988030	0.247919468732706
crohn	0.00011238	0.000194609	FALSE	0.38282	1259	8	15999329	16988030	0.397056681522748
uc	0.00111884	0.00201996	FALSE	0.00313743	1259	8	15999329	16988030	0.00872126111392405
cad	0.0001456	0.000282655	FALSE	2.92069e-05	1259	8	15999329	16988030	0.000124852673457944
psoriasis	0.000193087	0.000675437	FALSE	0.12706	1260	8	16988031	17492672	0.166534951456311
crohn	0.000400013	0.000692703	FALSE	0.174357	1260	8	16988031	17492672	0.208073471153846
uc	0.00192829	0.00348135	FALSE	5.34758e-06	1260	8	16988031	17492672	4.85259738842975e-05
cad	9.87856e-05	0.000191774	FALSE	0.00220488	1260	8	16988031	17492672	0.00497784852912142
crohn	0.000450263	0.00077972	FALSE	0.0988674	1261	8	17492673	17947004	0.130467711281748
uc	0.000112767	0.000203591	FALSE	0.338085	1261	8	17492673	17947004	0.364274417647059
cad	2.93651e-05	5.70069e-05	FALSE	0.124309	1261	8	17492673	17947004	0.150420467195767
psoriasis	0.000313321	0.00109603	FALSE	0.0463191	1262	8	17947005	18668609	0.0749994422788606
psa	0.00136276	0.00283284	FALSE	0.0319141	1262	8	17947005	18668609	0.0717975012716763
crohn	0.00166086	0.00287611	FALSE	0.000553393	1262	8	17947005	18668609	0.00185591810794603
uc	0.000976759	0.00176345	FALSE	0.0114553	1262	8	17947005	18668609	0.0242195573076923
cad	0.000186761	0.000362561	FALSE	1.15434e-06	1262	8	17947005	18668609	8.14643473846154e-06
psoriasis	0.000818389	0.0028628	FALSE	4.68229e-05	1263	8	18668610	19488888	0.000256044212658228
psa	0.000699381	0.00145384	FALSE	0.16654	1263	8	18668610	19488888	0.232988382458663
crohn	0.00234275	0.00405695	FALSE	7.98935e-06	1263	8	18668610	19488888	5.24947291176471e-05
uc	0.00246089	0.00444291	FALSE	2.21809e-07	1263	8	18668610	19488888	3.58156297058824e-06
cad	0.00018262	0.000354522	FALSE	2.97097e-06	1263	8	18668610	19488888	1.78805483947368e-05
crohn	0.000704608	0.00122017	FALSE	0.0512211	1264	8	19488889	20135628	0.0782680830369357
uc	0.00051056	0.000921771	FALSE	0.0851564	1264	8	19488889	20135628	0.119711645297505
cad	0.000535302	0.00103919	FALSE	1.09154e-31	1264	8	19488889	20135628	1.92027075384615e-29
psoriasis	0.000446428	0.00156165	FALSE	0.00284831	1265	8	20135629	20812107	0.00762372936802974
crohn	0.00166569	0.00288448	FALSE	6.3439e-05	1265	8	20135629	20812107	0.000304457765665236
uc	0.000249928	0.000451223	FALSE	0.217465	1265	8	20135629	20812107	0.253514445859873
cad	0.000126043	0.000244689	FALSE	4.4191e-05	1265	8	20135629	20812107	0.0001804728875
psa	0.000100917	0.000209781	FALSE	0.424958	1266	8	20812108	21650453	0.443884270386266
crohn	0.00142971	0.00247583	FALSE	0.00138969	1266	8	20812108	21650453	0.00403000850843061
uc	0.000769009	0.00138838	FALSE	0.0272834	1266	8	20812108	21650453	0.0480853502407705
cad	4.22219e-05	8.1966e-05	FALSE	0.0972416	1266	8	20812108	21650453	0.123345279645036
psoriasis	0.000985326	0.00344677	FALSE	4.70073e-06	1267	8	21650454	22895018	3.63927483870968e-05
psa	0.00150574	0.00313007	FALSE	0.0286205	1267	8	21650454	22895018	0.0667811666666667
crohn	0.00313431	0.00542769	FALSE	3.89541e-08	1267	8	21650454	22895018	5.24237707228916e-07
uc	0.00168786	0.00304728	FALSE	0.000227797	1267	8	21650454	22895018	0.0010250865
cad	0.00022794	0.000442504	FALSE	5.62019e-08	1267	8	21650454	22895018	5.76384508071749e-07
psoriasis	0.000385181	0.0013474	FALSE	0.0166071	1268	8	22895019	23788494	0.032056600536193
psa	0.00204651	0.00425419	FALSE	0.00249347	1268	8	22895019	23788494	0.0122532641919192
crohn	0.000736641	0.00127564	FALSE	0.0519559	1268	8	22895019	23788494	0.0791332444444444
uc	0.00112932	0.00203889	FALSE	0.00334793	1268	8	22895019	23788494	0.00917804783042394
cad	0.000142206	0.000276067	FALSE	5.24475e-05	1268	8	22895019	23788494	0.000209332342931937
crohn	0.000866071	0.00149978	FALSE	0.0112035	1269	8	23788495	24863243	0.0225077508992806
uc	0.0012359	0.00223131	FALSE	0.000231749	1269	8	23788495	24863243	0.00103861388571429
cad	2.75125e-05	5.34104e-05	FALSE	0.142989	1269	8	23788495	24863243	0.169087819544985
psoriasis	0.000423724	0.00148223	FALSE	0.00706618	1270	8	24863244	25859277	0.0161081088607595
crohn	0.00152343	0.00263813	FALSE	0.000456035	1270	8	24863244	25859277	0.00157219473765432
uc	0.000448179	0.000809147	FALSE	0.109021	1270	8	24863244	25859277	0.147148196681008
cad	0.000145566	0.000282589	FALSE	1.60996e-05	1270	8	24863244	25859277	7.54503795081967e-05
psoriasis	0.000627917	0.00219651	FALSE	0.000321846	1271	8	25859278	26679135	0.001241406
psa	0.00294242	0.00611656	FALSE	3.22314e-05	1271	8	25859278	26679135	0.0004512396
crohn	0.000657746	0.00113902	FALSE	0.064456	1271	8	25859278	26679135	0.0933212598833441
uc	0.00123595	0.0022314	FALSE	0.00119197	1271	8	25859278	26679135	0.00400239467889908
cad	0.000169546	0.000329143	FALSE	1.65369e-06	1271	8	25859278	26679135	1.11234971470588e-05
psoriasis	7.51029e-05	0.000262717	FALSE	0.282296	1272	8	26679136	27406511	0.31539462254395
crohn	0.000248065	0.000429574	FALSE	0.234469	1272	8	26679136	27406511	0.26321796281407
uc	0.000197968	0.000357414	FALSE	0.252808	1272	8	26679136	27406511	0.286759487603306
cad	0.000112153	0.000217725	FALSE	0.000109705	1272	8	26679136	27406511	0.000399514864649682
psoriasis	0.00064118	0.00224291	FALSE	0.000244131	1273	8	27406512	28344176	0.00100836894837476
psa	0.0010011	0.00208103	FALSE	0.0644972	1273	8	27406512	28344176	0.118977924503311
crohn	0.000977287	0.00169237	FALSE	0.0142872	1273	8	27406512	28344176	0.0271408204081633
uc	0.000284265	0.000513215	FALSE	0.214068	1273	8	27406512	28344176	0.251386806417112
cad	8.59722e-05	0.000166899	FALSE	0.00507185	1273	8	27406512	28344176	0.00999080185185185
psoriasis	0.000496376	0.00173637	FALSE	0.00424577	1274	8	28344177	29744540	0.0106021539884393
psa	0.000770444	0.00160157	FALSE	0.129692	1274	8	28344177	29744540	0.195492356312936
crohn	0.0033114	0.00573436	FALSE	5.96763e-10	1274	8	28344177	29744540	1.55019597906977e-08
uc	0.00110727	0.00199909	FALSE	0.00428256	1274	8	28344177	29744540	0.0110641197176471
cad	0.000157578	0.000305909	FALSE	1.391e-05	1274	8	28344177	29744540	6.7114282700422e-05
psoriasis	0.000372413	0.00130274	FALSE	0.0115968	1275	8	29744541	31134786	0.0240625244956772
psa	0.000748985	0.00155696	FALSE	0.106729	1275	8	29744541	31134786	0.171135792421746
crohn	0.000381429	0.000660521	FALSE	0.161735	1275	8	29744541	31134786	0.195835224932249
uc	0.000330848	0.000597316	FALSE	0.1639	1275	8	29744541	31134786	0.204270374574347
cad	9.93518e-05	0.000192873	FALSE	0.000940387	1275	8	29744541	31134786	0.00253293321764706
psoriasis	0.000377416	0.00132024	FALSE	0.0117653	1276	8	31134787	32454962	0.0242722521489971
psa	0.000428018	0.000889744	FALSE	0.233655	1276	8	31134787	32454962	0.292406836012862
crohn	0.000307161	0.00053191	FALSE	0.214475	1276	8	31134787	32454962	0.244920371997956
uc	0.00112844	0.00203729	FALSE	0.00170078	1276	8	31134787	32454962	0.00535855506456241
psoriasis	0.000161467	0.000564827	FALSE	0.119749	1277	8	32454963	33982537	0.15878320441989
crohn	1.47657e-05	2.55698e-05	FALSE	0.464143	1277	8	32454963	33982537	0.467280514646237
uc	0.000741666	0.00133901	FALSE	0.0123114	1277	8	32454963	33982537	0.0254661559322034
cad	3.20803e-05	6.22779e-05	FALSE	0.108768	1277	8	32454963	33982537	0.135781886462882
crohn	0.00075711	0.00131109	FALSE	0.00256918	1278	8	33982538	34792220	0.00676833504716981
uc	5.21487e-06	9.41498e-06	FALSE	0.46107	1278	8	33982538	34792220	0.463603351648352
cad	3.90437e-05	7.57961e-05	FALSE	0.01901	1278	8	33982538	34792220	0.030790276203966
psoriasis	7.88705e-05	0.000275897	FALSE	0.25378	1279	8	34792221	36641174	0.290187824245633
psa	0.000329845	0.000685667	FALSE	0.238224	1279	8	34792221	36641174	0.296598786948177
crohn	0.000390784	0.000676722	FALSE	0.111946	1279	8	34792221	36641174	0.145146467788741
uc	0.000301269	0.000543914	FALSE	0.139247	1279	8	34792221	36641174	0.178927098888239
cad	3.51516e-05	6.82403e-05	FALSE	0.072489	1279	8	34792221	36641174	0.0957955729636049
psoriasis	0.000705571	0.00246816	FALSE	0.00044103	1280	8	36641175	38803980	0.00162841846153846
psa	0.00332822	0.00691855	FALSE	3.60794e-05	1280	8	36641175	38803980	0.000478289733333333
crohn	0.00245822	0.00425691	FALSE	5.16613e-06	1280	8	36641175	38803980	3.68726339297125e-05
uc	0.00286056	0.00516448	FALSE	8.81788e-09	1280	8	36641175	38803980	2.15156272e-07
cad	0.000140561	0.000272874	FALSE	0.000212825	1280	8	36641175	38803980	0.00072108262962963
psoriasis	0.000189691	0.000663557	FALSE	0.0969919	1281	8	38803981	40179577	0.134296476923077
uc	0.00128036	0.00231158	FALSE	0.000248914	1281	8	38803981	40179577	0.00109628368737475
cad	0.000111294	0.000216057	FALSE	0.0001703	1281	8	38803981	40179577	0.000592809893455099
psoriasis	0.000145591	0.000509293	FALSE	0.157187	1282	8	40179578	40974254	0.198204273204904
crohn	0.0006868	0.00118933	FALSE	0.0386965	1282	8	40179578	40974254	0.0621927920863309
uc	0.000366616	0.000661892	FALSE	0.130686	1282	8	40179578	40974254	0.170723650208209
cad	1.85666e-05	3.60435e-05	FALSE	0.2399	1282	8	40179578	40974254	0.261386993806575
psoriasis	1.76172e-05	6.16267e-05	FALSE	0.434708	1283	8	40974255	41725002	0.443957106382979
psa	0.000925992	0.00192491	FALSE	0.0589102	1283	8	40974255	41725002	0.11162536436222
crohn	0.00119712	0.00207306	FALSE	0.00196077	1283	8	40974255	41725002	0.00535496354523228
uc	0.0014497	0.0026173	FALSE	6.57843e-05	1283	8	40974255	41725002	0.000393630307356948
cad	6.60675e-05	0.000128258	FALSE	0.0128318	1283	8	40974255	41725002	0.021770271958457
psoriasis	0.000213335	0.000746266	FALSE	0.0578801	1284	8	41725003	43825633	0.0895566017191977
psa	0.000433065	0.000900236	FALSE	0.18548	1284	8	41725003	43825633	0.24942129281768
crohn	0.000771263	0.0013356	FALSE	0.0137945	1284	8	41725003	43825633	0.0265205791738382
uc	0.000215934	0.00038985	FALSE	0.215117	1284	8	41725003	43825633	0.2519450304
cad	8.01908e-05	0.000155676	FALSE	0.00144754	1284	8	41725003	43825633	0.00357507989200864
crohn	7.59557e-06	1.31533e-05	FALSE	0.457765	1285	8	43825634	49044813	0.461900185185185
crohn	0.000531441	0.000920296	FALSE	0.0495835	1286	8	49044814	50288660	0.0761302673539519
uc	7.9657e-05	0.000143814	FALSE	0.364553	1286	8	49044814	50288660	0.385208398268398
cad	1.01535e-05	1.97112e-05	FALSE	0.310669	1286	8	49044814	50288660	0.325022874199451
psa	0.000232792	0.000483917	FALSE	0.243135	1287	8	50288661	51461455	0.300788753973299
crohn	9.48397e-05	0.000164234	FALSE	0.320413	1287	8	50288661	51461455	0.342029349259436
psoriasis	9.0772e-05	0.000317529	FALSE	0.182664	1288	8	51461456	52326236	0.223670204081633
psa	0.00018801	0.000390828	FALSE	0.300796	1288	8	51461456	52326236	0.350089124401914
crohn	0.000499478	0.000864947	FALSE	0.0370177	1288	8	51461456	52326236	0.0598390316931983
uc	2.73501e-06	4.93782e-06	FALSE	0.469874	1288	8	51461456	52326236	0.471596018281536
crohn	0.000280584	0.000485887	FALSE	0.178084	1289	8	52326237	53108910	0.211842202342918
cad	3.70434e-05	7.19128e-05	FALSE	0.059191	1289	8	52326237	53108910	0.0809628092105263
psa	0.000458625	0.00095337	FALSE	0.192312	1290	8	53108911	54119373	0.254757761742682
crohn	0.000702202	0.001216	FALSE	0.0297669	1290	8	53108911	54119373	0.0500370613995485
psoriasis	0.000307642	0.00107616	FALSE	0.0172082	1291	8	54119374	55275354	0.033039744
psa	0.001069	0.0022222	FALSE	0.0279844	1291	8	54119374	55275354	0.0659293491525424
uc	0.00112772	0.00203599	FALSE	0.00053218	1291	8	54119374	55275354	0.00204312461538462
cad	7.40852e-05	0.000143823	FALSE	0.00414855	1291	8	54119374	55275354	0.0083962246460177
psoriasis	0.000162997	0.000570178	FALSE	0.132132	1292	8	55275355	56346878	0.171930795180723
psa	0.00043086	0.000895653	FALSE	0.218033	1292	8	55275355	56346878	0.279099388560158
crohn	0.000367605	0.000636582	FALSE	0.160376	1292	8	55275355	56346878	0.19464680608365
uc	0.00100166	0.00180841	FALSE	0.00271901	1292	8	55275355	56346878	0.00779496861618799
cad	6.88703e-05	0.000133699	FALSE	0.0100506	1292	8	55275355	56346878	0.0176813247692308
psoriasis	0.000153325	0.000536347	FALSE	0.131673	1293	8	56346879	57436722	0.171540217129071
psa	0.000818834	0.00170216	FALSE	0.0691727	1293	8	56346879	57436722	0.124638957592593
crohn	0.00102532	0.00177555	FALSE	0.00400378	1293	8	56346879	57436722	0.00968013476190476
uc	3.03674e-05	5.48256e-05	FALSE	0.44192	1293	8	56346879	57436722	0.448662191400832
cad	3.39697e-05	6.59458e-05	FALSE	0.0979675	1293	8	56346879	57436722	0.124128350415512
psoriasis	0.000321797	0.00112568	FALSE	0.02318	1294	8	57436723	58675117	0.0423235841081995
psa	0.000430794	0.000895516	FALSE	0.228105	1294	8	57436723	58675117	0.287123111254851
crohn	0.000156553	0.000271103	FALSE	0.330824	1294	8	57436723	58675117	0.350931061728395
uc	0.00116919	0.00211086	FALSE	0.00106913	1294	8	57436723	58675117	0.00365702411214953
cad	2.26892e-05	4.40469e-05	FALSE	0.209346	1294	8	57436723	58675117	0.23254091597863
psoriasis	3.01918e-05	0.000105614	FALSE	0.402141	1295	8	58675118	59555977	0.415609837320574
psa	0.00109295	0.00227198	FALSE	0.0355272	1295	8	58675118	59555977	0.0777682015748032
crohn	0.00043558	0.000754294	FALSE	0.125834	1295	8	58675118	59555977	0.159632683702442
uc	2.51971e-05	4.54912e-05	FALSE	0.452214	1295	8	58675118	59555977	0.456580204137931
cad	3.46502e-05	6.72668e-05	FALSE	0.109159	1295	8	58675118	59555977	0.136195653573377
psoriasis	0.000369026	0.00129089	FALSE	0.0122239	1296	8	59555978	60476248	0.0250271317535545
psa	0.00194283	0.00403866	FALSE	0.00157528	1296	8	59555978	60476248	0.00851526355555556
crohn	0.000888013	0.00153777	FALSE	0.0161486	1296	8	59555978	60476248	0.0300633103333333
uc	0.00128735	0.0023242	FALSE	0.000401658	1296	8	59555978	60476248	0.00161545964835165
cad	4.0747e-05	7.91026e-05	FALSE	0.0821198	1296	8	59555978	60476248	0.106286351216752
psoriasis	0.000105776	0.000370015	FALSE	0.156291	1297	8	60476249	61324889	0.19742601987142
uc	0.000427271	0.0007714	FALSE	0.0445744	1297	8	60476249	61324889	0.0705226097982709
cad	2.90564e-05	5.64076e-05	FALSE	0.0792736	1297	8	60476249	61324889	0.103245286560364
psoriasis	0.000729982	0.00255355	FALSE	1.35669e-05	1298	8	61324890	62330900	9.10077763975155e-05
psa	0.000303843	0.000631616	FALSE	0.288524	1298	8	61324890	62330900	0.339871491525424
crohn	0.000916087	0.00158639	FALSE	0.0122655	1298	8	61324890	62330900	0.0241419621145374
uc	9.67637e-05	0.000174698	FALSE	0.369911	1298	8	61324890	62330900	0.389604103597122
cad	0.00012125	0.000235385	FALSE	8.225e-05	1298	8	61324890	62330900	0.000313509583333333
crohn	0.000358809	0.000621349	FALSE	0.132726	1299	8	62330901	63253462	0.166671460674157
cad	7.2892e-05	0.000141506	FALSE	0.00293341	1299	8	62330901	63253462	0.00628744955014058
psoriasis	9.03913e-05	0.000316198	FALSE	0.208023	1300	8	63253463	64215358	0.248111363887355
psa	0.000551707	0.00114687	FALSE	0.113395	1300	8	63253463	64215358	0.177527489943685
crohn	0.000250047	0.000433006	FALSE	0.192379	1300	8	63253463	64215358	0.224777555439331
uc	6.53904e-05	0.000118057	FALSE	0.379526	1300	8	63253463	64215358	0.39763315648855
cad	3.58368e-05	6.95704e-05	FALSE	0.0571482	1300	8	63253463	64215358	0.0785916616957306
psoriasis	0.000173015	0.000605222	FALSE	0.119129	1301	8	64215359	66018204	0.158349932307692
crohn	0.00132223	0.0022897	FALSE	0.000763824	1301	8	64215359	66018204	0.00240674586177715
uc	0.000201221	0.000363288	FALSE	0.258167	1301	8	64215359	66018204	0.290884931759877
cad	7.59165e-05	0.000147378	FALSE	0.00546852	1301	8	64215359	66018204	0.0105942469458545
psoriasis	0.000603553	0.00211129	FALSE	2.05602e-05	1302	8	66018205	66960438	0.000131180814159292
psa	7.89268e-05	0.00016407	FALSE	0.413575	1302	8	66018205	66960438	0.436200222101842
crohn	0.000894674	0.00154931	FALSE	0.00487034	1302	8	66018205	66960438	0.0114409459095689
uc	0.000239267	0.000431976	FALSE	0.185282	1302	8	66018205	66960438	0.22380598019802
cad	4.30609e-05	8.35947e-05	FALSE	0.0378052	1302	8	66018205	66960438	0.0552110424010217
psoriasis	0.000162933	0.000569955	FALSE	0.131289	1303	8	66960439	68683823	0.171143174411587
psa	9.89177e-05	0.000205626	FALSE	0.413226	1303	8	66960439	68683823	0.436083403470716
cad	8.8349e-05	0.000171513	FALSE	0.00174912	1303	8	66960439	68683823	0.00409440884339816
psoriasis	0.000372508	0.00130307	FALSE	0.0254543	1304	8	68683824	70004665	0.0457795903413822
psa	0.00124315	0.00258421	FALSE	0.0459917	1304	8	68683824	70004665	0.0946087190274841
crohn	0.00166588	0.00288481	FALSE	0.000596541	1304	8	68683824	70004665	0.00196707983480826
uc	0.000473048	0.000854046	FALSE	0.125012	1304	8	68683824	70004665	0.164880691891892
cad	7.11725e-06	1.38168e-05	FALSE	0.404556	1304	8	68683824	70004665	0.41175770894526
psoriasis	0.000567859	0.00198642	FALSE	0.000715903	1305	8	70004666	70872088	0.00239003165378671
psa	0.00038166	0.000793379	FALSE	0.261728	1305	8	70004666	70872088	0.316940067205974
crohn	0.00226817	0.00392779	FALSE	1.35104e-06	1305	8	70004666	70872088	1.1766486692607e-05
uc	0.00142612	0.00257474	FALSE	0.000211431	1305	8	70004666	70872088	0.000975425369747899
cad	0.000131384	0.000255057	FALSE	6.78742e-05	1305	8	70004666	70872088	0.000265801875684931
psa	0.00048935	0.00101724	FALSE	0.134195	1306	8	70872089	72013184	0.199956715160796
crohn	0.000423559	0.000733477	FALSE	0.0776398	1306	8	70872089	72013184	0.10753088233106
uc	0.000536494	0.000968592	FALSE	0.0243556	1306	8	70872089	72013184	0.0439120669950739
cad	4.32809e-05	8.40217e-05	FALSE	0.0286334	1306	8	70872089	72013184	0.0435402831117021
psoriasis	0.001196	0.00418372	FALSE	5.28645e-09	1307	8	72013185	72917489	9.17790912e-08
psa	0.00259645	0.00539739	FALSE	0.000284635	1307	8	72013185	72917489	0.00236709277777778
crohn	0.000568845	0.00098507	FALSE	0.102264	1307	8	72013185	72917489	0.134229010575793
uc	0.00167129	0.00301736	FALSE	6.86641e-05	1307	8	72013185	72917489	0.000408635131707317
cad	4.88258e-05	9.47862e-05	FALSE	0.0717375	1307	8	72013185	72917489	0.0949992255356109
psa	0.000487045	0.00101245	FALSE	0.191795	1308	8	72917490	73838027	0.254592817189632
crohn	0.00132771	0.0022992	FALSE	0.000762538	1308	8	72917490	73838027	0.0024060874180791
uc	0.000702998	0.0012692	FALSE	0.0213929	1308	8	72917490	73838027	0.0393787161777033
cad	2.49441e-05	4.84244e-05	FALSE	0.178365	1308	8	72917490	73838027	0.202743914015905
psoriasis	0.00028973	0.0010135	FALSE	0.0423284	1309	8	73838028	75011699	0.0697401556064073
psa	0.00152005	0.00315982	FALSE	0.0121302	1309	8	73838028	75011699	0.0366543
crohn	0.00147502	0.00255429	FALSE	0.000675882	1309	8	73838028	75011699	0.00217414165755396
uc	0.000428887	0.000774317	FALSE	0.120042	1309	8	73838028	75011699	0.15889827124774
cad	0.000229146	0.000444844	FALSE	7.01614e-10	1309	8	73838028	75011699	1.22487879236641e-08
psa	0.000666171	0.00138481	FALSE	0.134691	1310	8	75011700	76295483	0.200363668449198
crohn	0.0008136	0.00140891	FALSE	0.0251659	1310	8	75011700	76295483	0.043621579674166
uc	0.00120038	0.00216718	FALSE	0.00089658	1310	8	75011700	76295483	0.00316033656500803
cad	0.000113829	0.000220977	FALSE	0.00026162	1310	8	75011700	76295483	0.000862139682997118
psoriasis	2.32e-05	8.11558e-05	FALSE	0.398685	1311	8	76295484	77377989	0.412795862068966
crohn	0.000153021	0.000264987	FALSE	0.286973	1311	8	76295484	77377989	0.312273590842669
uc	0.000432217	0.00078033	FALSE	0.05499	1311	8	76295484	77377989	0.0843282402234637
cad	0.00010122	0.000196499	FALSE	5.37815e-05	1311	8	76295484	77377989	0.000214282736062718
psoriasis	9.21384e-05	0.000322309	FALSE	0.240158	1312	8	77377990	78633659	0.278216107238606
psa	0.00120004	0.00249459	FALSE	0.0173904	1312	8	77377990	78633659	0.0474471660167131
crohn	0.000154559	0.00026765	FALSE	0.313733	1312	8	77377990	78633659	0.335855727839003
uc	0.00146995	0.00265387	FALSE	2.17913e-05	1312	8	77377990	78633659	0.000155875227361564
cad	1.29741e-05	2.51869e-05	FALSE	0.292724	1312	8	77377990	78633659	0.310366151135837
psoriasis	0.000287432	0.00100547	FALSE	0.00851088	1313	8	78633660	79756169	0.0186256340425532
psa	0.000314772	0.000654334	FALSE	0.219615	1313	8	78633660	79756169	0.280390945645056
crohn	2.34875e-05	4.06733e-05	FALSE	0.442616	1313	8	78633660	79756169	0.449060377838329
uc	0.000385444	0.000695885	FALSE	0.0642558	1313	8	78633660	79756169	0.0952773374746793
cad	3.90437e-05	7.5796e-05	FALSE	0.0365113	1313	8	78633660	79756169	0.0535952137997433
psoriasis	0.00106146	0.00371308	FALSE	1.14539e-07	1314	8	79756170	81340231	1.53667229813665e-06
psa	0.00342538	0.00712053	FALSE	5.61476e-06	1314	8	79756170	81340231	0.000137618201
crohn	0.00185345	0.00320962	FALSE	0.000100632	1314	8	79756170	81340231	0.000447832446215139
uc	0.00103494	0.0018685	FALSE	0.00645839	1314	8	79756170	81340231	0.015500136
cad	8.05997e-05	0.000156469	FALSE	0.010201	1314	8	79756170	81340231	0.0178515485845448
psoriasis	0.000336731	0.00117792	FALSE	0.0256256	1315	8	81340232	82878769	0.0460493311148086
crohn	0.00046324	0.000802193	FALSE	0.133798	1315	8	81340232	82878769	0.16766401794728
uc	0.00216707	0.00391246	FALSE	3.09448e-07	1315	8	81340232	82878769	4.78554794366197e-06
cad	3.75974e-05	7.29883e-05	FALSE	0.112468	1315	8	81340232	82878769	0.13880966864544
psoriasis	4.92917e-05	0.000172427	FALSE	0.314587	1316	8	82878770	83730337	0.34388052631579
psa	0.000281141	0.000584424	FALSE	0.2513	1316	8	82878770	83730337	0.30831040831758
crohn	0.000293263	0.000507843	FALSE	0.154831	1316	8	82878770	83730337	0.189530111780822
uc	0.000593585	0.00107167	FALSE	0.0161291	1316	8	82878770	83730337	0.031652818230563
cad	6.77062e-05	0.000131439	FALSE	0.00264081	1316	8	82878770	83730337	0.00575193568571429
psoriasis	0.00015923	0.000557001	FALSE	0.103572	1317	8	83730338	85116734	0.141771558935361
psa	9.55235e-05	0.00019857	FALSE	0.402052	1317	8	83730338	85116734	0.42800502844639
uc	0.000311233	0.000561905	FALSE	0.132196	1317	8	83730338	85116734	0.171878280639432
cad	1.96191e-05	3.80869e-05	FALSE	0.194674	1317	8	83730338	85116734	0.218781050614251
psoriasis	3.34839e-05	0.00011713	FALSE	0.357128	1318	8	85116735	86251870	0.379811166912851
psa	6.82243e-05	0.000141822	FALSE	0.41237	1318	8	85116735	86251870	0.435416180141074
crohn	0.000313325	0.000542586	FALSE	0.128918	1318	8	85116735	86251870	0.162713453107345
uc	0.000564831	0.00101975	FALSE	0.016129	1318	8	85116735	86251870	0.031652818230563
cad	1.83789e-05	3.56791e-05	FALSE	0.177609	1318	8	85116735	86251870	0.202186054255849
crohn	0.000765863	0.00132624	FALSE	0.00539519	1319	8	86251871	87563145	0.012477075010352
uc	0.000120341	0.000217265	FALSE	0.286256	1319	8	86251871	87563145	0.317417887935386
cad	1.44483e-06	2.80487e-06	FALSE	0.445857	1319	8	86251871	87563145	0.449393988100485
psoriasis	0.000106909	0.000373976	FALSE	0.232516	1320	8	87563146	89081177	0.271478140540541
psa	0.00155958	0.00324199	FALSE	0.00742739	1320	8	87563146	89081177	0.02581018025
crohn	0.000301493	0.000522095	FALSE	0.212308	1320	8	87563146	89081177	0.243242502564103
uc	0.000502918	0.000907974	FALSE	0.0743926	1320	8	87563146	89081177	0.107407067455621
cad	3.3168e-05	6.43894e-05	FALSE	0.123943	1320	8	87563146	89081177	0.150079986236104
crohn	0.00108081	0.00187164	FALSE	0.00160721	1321	8	89081178	90364149	0.00453346861111111
uc	0.000220984	0.000398966	FALSE	0.211571	1321	8	89081178	90364149	0.249388038647343
cad	7.67019e-05	0.000148902	FALSE	0.00216306	1321	8	89081178	90364149	0.00489309418397626
psoriasis	2.69044e-05	9.41142e-05	FALSE	0.396242	1322	8	90364150	91457962	0.411284344065353
psa	0.000776657	0.00161448	FALSE	0.0645263	1322	8	90364150	91457962	0.118977924503311
crohn	0.00153276	0.00265427	FALSE	3.38783e-05	1322	8	90364150	91457962	0.000180200290952381
uc	0.000564569	0.00101928	FALSE	0.0301802	1322	8	90364150	91457962	0.0518183887412041
cad	2.95625e-05	5.739e-05	FALSE	0.109963	1322	8	90364150	91457962	0.13685542383025
psoriasis	1.75833e-05	6.15082e-05	FALSE	0.422622	1323	8	91457963	92876620	0.43243179535765
crohn	0.000465397	0.000805928	FALSE	0.0761025	1323	8	91457963	92876620	0.10605925452277
psoriasis	0.000337728	0.0011814	FALSE	0.0346605	1324	8	92876621	94999066	0.0591831462450593
psa	0.00150712	0.00313294	FALSE	0.0202161	1324	8	92876621	94999066	0.0525817514018692
crohn	0.00180966	0.00313379	FALSE	0.000196035	1324	8	92876621	94999066	0.00077374945229682
uc	0.00126624	0.00228608	FALSE	0.001862	1324	8	92876621	94999066	0.00572672083682008
cad	5.77019e-05	0.000112017	FALSE	0.0487806	1324	8	92876621	94999066	0.068568673755378
psoriasis	9.44011e-05	0.000330224	FALSE	0.261061	1325	8	94999067	96175630	0.297725322069694
psa	0.001193	0.00247997	FALSE	0.0301028	1325	8	94999067	96175630	0.0689282357647059
crohn	0.00161571	0.00279793	FALSE	0.000161728	1325	8	94999067	96175630	0.000664155058823529
uc	0.00074727	0.00134913	FALSE	0.020858	1325	8	94999067	96175630	0.0387377741335587
cad	0.00023119	0.000448813	FALSE	1.69961e-10	1325	8	94999067	96175630	3.3800070173913e-09
psoriasis	0.000840111	0.00293879	FALSE	1.07676e-05	1326	8	96175631	96900513	7.5759009771987e-05
psa	0.0014421	0.00299778	FALSE	0.0210777	1326	8	96175631	96900513	0.0539253410994764
crohn	0.00116116	0.00201079	FALSE	0.00706892	1326	8	96175631	96900513	0.015452022778865
uc	0.00147885	0.00266993	FALSE	0.000299585	1326	8	96175631	96900513	0.0012651705
cad	0.000105302	0.000204425	FALSE	0.00154195	1326	8	96175631	96900513	0.00375552678381257
psoriasis	0.000119665	0.000418601	FALSE	0.211453	1327	8	96900514	98132519	0.251507973568282
psa	0.00149589	0.00310958	FALSE	0.0101002	1327	8	96900514	98132519	0.0321685584288052
crohn	0.000988639	0.00171203	FALSE	0.00958444	1327	8	96900514	98132519	0.0198072515818686
uc	0.000705321	0.00127339	FALSE	0.0258541	1327	8	96900514	98132519	0.0461590273170732
cad	3.97249e-05	7.71184e-05	FALSE	0.0886716	1327	8	96900514	98132519	0.113165150223214
psoriasis	0.000239417	0.000837504	FALSE	0.0946634	1328	8	98132520	99388944	0.131578471042471
psa	0.00372868	0.00775101	FALSE	2.21313e-06	1328	8	98132520	99388944	7.97546477777778e-05
crohn	0.000809679	0.00140212	FALSE	0.0446905	1328	8	98132520	99388944	0.069866044086774
uc	0.00127809	0.00230748	FALSE	0.00180162	1328	8	98132520	99388944	0.00559597951909477
cad	1.99286e-05	3.86876e-05	FALSE	0.269764	1328	8	98132520	99388944	0.289099295081967
psoriasis	0.000463706	0.00162209	FALSE	0.000582864	1329	8	99388945	101448439	0.0020371945631068
uc	0.00019734	0.00035628	FALSE	0.227059	1329	8	99388945	101448439	0.263402833597464
cad	0.000101371	0.000196794	FALSE	0.000100141	1329	8	99388945	101448439	0.000369987830371567
psoriasis	0.000779062	0.00272523	FALSE	8.83938e-05	1330	8	101448440	102548680	0.000428789542600897
psa	0.0031561	0.00656076	FALSE	4.98487e-05	1330	8	101448440	102548680	0.000598799816049383
crohn	0.002956	0.00511891	FALSE	5.59339e-08	1330	8	101448440	102548680	7.22290939884393e-07
uc	0.00044721	0.000807399	FALSE	0.140032	1330	8	101448440	102548680	0.179830568421053
cad	7.62214e-05	0.00014797	FALSE	0.0186208	1330	8	101448440	102548680	0.0303101562989324
psoriasis	0.000747192	0.00261375	FALSE	7.26246e-05	1331	8	102548681	103716053	0.000366516672897196
psa	0.0019792	0.00411427	FALSE	0.0035829	1331	8	102548681	103716053	0.0154648749445676
crohn	0.000373637	0.000647027	FALSE	0.196746	1331	8	102548681	103716053	0.228683956295526
uc	0.00112699	0.00203468	FALSE	0.0037792	1331	8	102548681	103716053	0.0100595432727273
cad	8.76149e-05	0.000170088	FALSE	0.00642134	1331	8	102548681	103716053	0.0121068463149217
psoriasis	0.000156139	0.000546188	FALSE	0.148768	1332	8	103716054	104467845	0.189692373081464
psa	0.000562482	0.00116926	FALSE	0.167757	1332	8	103716054	104467845	0.234354
crohn	0.000244473	0.000423355	FALSE	0.254071	1332	8	103716054	104467845	0.28196453750621
uc	0.000564377	0.00101893	FALSE	0.0536392	1332	8	103716054	104467845	0.0828126569219958
cad	6.43324e-05	0.000124889	FALSE	0.0168263	1332	8	103716054	104467845	0.0276449339798851
psoriasis	0.00016568	0.000579563	FALSE	0.0446492	1333	8	104467846	105370130	0.0729517942511346
uc	0.000157018	0.000283481	FALSE	0.211454	1333	8	104467846	105370130	0.249383987110634
cad	2.59758e-05	5.04272e-05	FALSE	0.0739736	1333	8	104467846	105370130	0.0974525479262673
psoriasis	0.000381616	0.00133493	FALSE	0.00832307	1334	8	105370131	106500950	0.0183260256880734
crohn	0.00167808	0.00290594	FALSE	6.03922e-05	1334	8	105370131	106500950	0.000293935021350763
uc	0.000776472	0.00140185	FALSE	0.0142214	1334	8	105370131	106500950	0.0287306296228151
cad	0.000152554	0.000296155	FALSE	2.17016e-06	1334	8	105370131	106500950	1.37865442222222e-05
psoriasis	0.000275014	0.000962024	FALSE	0.0368845	1335	8	106500951	107787163	0.0621940046838408
psa	0.00166395	0.00345895	FALSE	0.00409125	1335	8	106500951	107787163	0.016903550955414
crohn	0.00102086	0.00176783	FALSE	0.00628813	1335	8	106500951	107787163	0.0141752597578204
uc	3.57733e-05	6.45855e-05	FALSE	0.439388	1335	8	106500951	107787163	0.447188229842447
cad	0.000190369	0.000369566	FALSE	1.54678e-08	1335	8	106500951	107787163	1.83289422797927e-07
psoriasis	0.000117629	0.000411479	FALSE	0.182933	1336	8	107787164	108647463	0.223745911664779
crohn	0.00110375	0.00191137	FALSE	0.00187251	1336	8	107787164	108647463	0.00515806083847102
uc	0.000928169	0.00167573	FALSE	0.00257503	1336	8	107787164	108647463	0.00744048142105263
cad	1.24864e-06	2.424e-06	FALSE	0.460625	1336	8	107787164	108647463	0.463258300351803
psoriasis	0.000210525	0.000736436	FALSE	0.0626992	1337	8	108647464	109920827	0.0949055865451997
psa	0.000745756	0.00155025	FALSE	0.0808548	1337	8	108647464	109920827	0.139488865957447
crohn	0.000463269	0.000802243	FALSE	0.0910362	1337	8	108647464	109920827	0.121562983144053
uc	0.000305262	0.000551123	FALSE	0.151504	1337	8	108647464	109920827	0.19109866973004
cad	8.78502e-05	0.000170545	FALSE	0.000965249	1337	8	108647464	109920827	0.0025849232587822
crohn	0.000302437	0.00052373	FALSE	0.175261	1338	8	109920828	111207349	0.208910573866667
uc	0.000429321	0.000775102	FALSE	0.0740404	1338	8	109920828	111207349	0.106968893684211
cad	5.97274e-05	0.00011595	FALSE	0.0115722	1338	8	109920828	111207349	0.0198392964017991
psoriasis	3.25306e-05	0.000113795	FALSE	0.351963	1339	8	111207350	112601513	0.377066640237859
crohn	6.33745e-05	0.000109746	FALSE	0.378832	1339	8	111207350	112601513	0.393816048394602
uc	0.000234755	0.00042383	FALSE	0.147197	1339	8	111207350	112601513	0.186738655112652
psoriasis	3.73587e-05	0.000130684	FALSE	0.327466	1340	8	112601514	113650853	0.355798068410463
psa	0.000447228	0.000929678	FALSE	0.12038	1340	8	112601514	113650853	0.185334578656126
crohn	0.000971467	0.00168229	FALSE	0.000509426	1340	8	112601514	113650853	0.00172957094832827
uc	0.000919171	0.00165948	FALSE	0.000233266	1340	8	112601514	113650853	0.00104116287804878
cad	2.23253e-05	4.33404e-05	FALSE	0.113047	1340	8	112601514	113650853	0.139298754849138
psoriasis	2.84383e-05	9.94798e-05	FALSE	0.34296	1341	8	113650854	114781574	0.369473117206983
psa	7.5332e-05	0.000156597	FALSE	0.382049	1341	8	113650854	114781574	0.414187940947075
crohn	0.000324406	0.000561774	FALSE	0.0764258	1341	8	113650854	114781574	0.106310857534247
uc	0.000349042	0.000630164	FALSE	0.0440149	1341	8	113650854	114781574	0.0698891687635575
psa	5.79798e-05	0.000120526	FALSE	0.413785	1342	8	114781575	115334858	0.436200222101842
crohn	0.00141633	0.00245266	FALSE	4.86944e-06	1342	8	114781575	115334858	3.53192498701299e-05
cad	1.09885e-05	2.13322e-05	FALSE	0.259494	1342	8	114781575	115334858	0.279843872761546
psoriasis	0.000179034	0.00062628	FALSE	0.038501	1343	8	115334859	116094203	0.0644168551510457
psa	0.000155804	0.000323878	FALSE	0.315574	1343	8	115334859	116094203	0.363162036664695
crohn	0.000747722	0.00129483	FALSE	0.0036512	1343	8	115334859	116094203	0.00906308977777778
uc	0.000253023	0.000456811	FALSE	0.118839	1343	8	115334859	116094203	0.157400750301568
cad	3.92145e-05	7.61277e-05	FALSE	0.0221263	1343	8	115334859	116094203	0.0349708694540429
psoriasis	0.00100884	0.00352902	FALSE	1.33565e-06	1344	8	116094204	118300068	1.25982707423581e-05
psa	0.00351144	0.00729943	FALSE	1.04121e-05	1344	8	116094204	118300068	0.00022513274
crohn	0.00104804	0.0018149	FALSE	0.0179883	1344	8	116094204	118300068	0.0329933187192118
uc	0.000748285	0.00135096	FALSE	0.0412599	1344	8	116094204	118300068	0.0663299710102489
cad	0.000156741	0.000304283	FALSE	3.57716e-05	1344	8	116094204	118300068	0.000149560601828154
psoriasis	0.000886673	0.00310167	FALSE	1.22178e-06	1345	8	118300069	119423298	1.1729088e-05
psa	0.000515664	0.00107194	FALSE	0.199249	1345	8	118300069	119423298	0.261103403367003
crohn	6.19881e-05	0.000107345	FALSE	0.423788	1345	8	118300069	119423298	0.433274442615455
uc	0.000851706	0.00153768	FALSE	0.0127572	1345	8	118300069	119423298	0.0262065586529467
cad	5.15571e-05	0.000100089	FALSE	0.048894	1345	8	118300069	119423298	0.0686858587223587
psoriasis	0.000447147	0.00156416	FALSE	0.00194102	1346	8	119423299	120216587	0.00551523784494087
crohn	0.000481903	0.000834512	FALSE	0.0921832	1346	8	119423299	120216587	0.122874265393795
uc	0.000275464	0.000497326	FALSE	0.184358	1346	8	119423299	120216587	0.223180908489526
cad	2.94615e-05	5.7194e-05	FALSE	0.13126	1346	8	119423299	120216587	0.157498226652676
psoriasis	0.000301233	0.00105374	FALSE	0.0235749	1347	8	120216588	121554390	0.0429328660488627
psa	0.000384252	0.000798765	FALSE	0.23768	1347	8	120216588	121554390	0.296110934699104
crohn	0.000408937	0.000708157	FALSE	0.1328	1347	8	120216588	121554390	0.166671460674157
uc	0.00122472	0.00221113	FALSE	0.000386593	1347	8	120216588	121554390	0.00156923886876155
cad	1.13379e-05	2.20104e-05	FALSE	0.322927	1347	8	120216588	121554390	0.336308765482696
psoriasis	0.000194278	0.000679602	FALSE	0.108158	1348	8	121554391	122622804	0.147302194199243
crohn	0.00106885	0.00185092	FALSE	0.00643251	1348	8	121554391	122622804	0.0144279390963855
uc	0.00131265	0.00236988	FALSE	0.000394288	1348	8	121554391	122622804	0.00159097177981651
cad	5.38215e-05	0.000104484	FALSE	0.038941	1348	8	121554391	122622804	0.0565807287166455
psoriasis	0.000412631	0.00144342	FALSE	0.0141131	1349	8	122622805	124001019	0.0280444305427783
psa	0.00210401	0.00437372	FALSE	0.00262123	1349	8	122622805	124001019	0.012594848345679
crohn	0.00112832	0.00195392	FALSE	0.0099356	1349	8	122622805	124001019	0.0203821215794307
uc	0.000436566	0.000788181	FALSE	0.137054	1349	8	122622805	124001019	0.17704152
cad	5.49554e-05	0.000106686	FALSE	0.0556785	1349	8	122622805	124001019	0.0767551112115732
psoriasis	0.000206638	0.000722839	FALSE	0.139025	1350	8	124001020	125453322	0.178639191438763
psa	0.00208622	0.00433675	FALSE	0.00433516	1350	8	124001020	125453322	0.0177003122338205
crohn	0.00281385	0.00487275	FALSE	3.04662e-07	1350	8	124001020	125453322	3.1804434953271e-06
uc	0.00153763	0.00277605	FALSE	0.000496882	1350	8	124001020	125453322	0.00192104378873239
cad	1.31013e-06	2.54337e-06	FALSE	0.471726	1350	8	124001020	125453322	0.472345605078809
psoriasis	0.00170645	0.00596934	FALSE	2.58439e-13	1351	8	125453323	126766827	9.79347789473684e-12
psa	0.00343525	0.00714105	FALSE	1.80078e-05	1351	8	125453323	126766827	0.000304723293913043
crohn	0.00471652	0.0081676	FALSE	5.26784e-15	1351	8	125453323	126766827	3.09693541052632e-13
uc	0.00149196	0.0026936	FALSE	0.000629437	1351	8	125453323	126766827	0.00233093364586847
cad	0.000531435	0.00103168	FALSE	2.18464e-27	1351	8	125453323	126766827	2.93898334117647e-25
psoriasis	0.0010155	0.00355231	FALSE	7.41017e-07	1352	8	126766828	128073654	7.93489300492611e-06
psa	0.00143837	0.00299001	FALSE	0.0260013	1352	8	126766828	128073654	0.0624673207407407
crohn	0.00340201	0.00589127	FALSE	6.88487e-10	1352	8	126766828	128073654	1.72817972808989e-08
uc	0.00130366	0.00235365	FALSE	0.00159297	1352	8	126766828	128073654	0.00506246327062229
cad	0.000129815	0.000252011	FALSE	0.000302334	1352	8	126766828	128073654	0.000960330358333333
psoriasis	0.00104159	0.00364357	FALSE	4.6938e-06	1353	8	128073655	129291118	3.63927483870968e-05
psa	0.00379501	0.00788891	FALSE	1.56951e-05	1353	8	128073655	129291118	0.00028280245
crohn	0.00378605	0.00655631	FALSE	9.49177e-10	1353	8	128073655	129291118	2.2813415827957e-08
uc	0.00277329	0.00500692	FALSE	1.32472e-07	1353	8	128073655	129291118	2.30879771428571e-06
cad	0.000328142	0.000637026	FALSE	3.06568e-12	1353	8	128073655	129291118	8.4472411566265e-11
psoriasis	0.000678704	0.00237417	FALSE	1.29545e-05	1354	8	129291119	130383563	8.7442875e-05
psa	0.000129253	0.000268685	FALSE	0.3861	1354	8	129291119	130383563	0.41718523042754
crohn	0.00250875	0.0043444	FALSE	6.18165e-09	1354	8	129291119	130383563	1.0788911015625e-07
uc	0.000802745	0.00144929	FALSE	0.00773693	1354	8	129291119	130383563	0.0176430927102804
cad	3.01107e-05	5.84543e-05	FALSE	0.12114	1354	8	129291119	130383563	0.147474377328366
psoriasis	5.76805e-05	0.000201772	FALSE	0.341622	1355	8	130383564	131545725	0.368399161258113
psa	0.00270204	0.00561687	FALSE	5.47671e-05	1355	8	130383564	131545725	0.000638184291017964
crohn	0.000415086	0.000718804	FALSE	0.148255	1355	8	130383564	131545725	0.18258085446527
uc	0.00112392	0.00202914	FALSE	0.00175852	1355	8	130383564	131545725	0.00548538340909091
cad	2.98438e-05	5.79361e-05	FALSE	0.153483	1355	8	130383564	131545725	0.178361596036585
psoriasis	0.000666209	0.00233046	FALSE	0.000143617	1356	8	131545726	132534636	0.000648980585774059
crohn	0.00137981	0.00238941	FALSE	0.00129737	1356	8	131545726	132534636	0.00379859053735256
uc	0.000417653	0.000754035	FALSE	0.126627	1356	8	131545726	132534636	0.166510713772455
cad	0.000104626	0.000203111	FALSE	0.00100039	1356	8	131545726	132534636	0.00265109146002318
psoriasis	0.000266345	0.0009317	FALSE	0.0477857	1357	8	132534637	133461551	0.0768445714285714
psa	0.00149621	0.00311026	FALSE	0.0102987	1357	8	132534637	133461551	0.0324292398058252
crohn	0.000556326	0.00096339	FALSE	0.0834448	1357	8	132534637	133461551	0.113668099512195
uc	0.000901961	0.00162841	FALSE	0.0077299	1357	8	132534637	133461551	0.0176430927102804
cad	9.33338e-05	0.00018119	FALSE	0.00178616	1357	8	132534637	133461551	0.00416406515800204
psoriasis	0.000175261	0.000613078	FALSE	0.172083	1358	8	133461552	134509448	0.212764327418432
psa	0.00231472	0.00481174	FALSE	0.00176707	1358	8	133461552	134509448	0.00936980441416894
crohn	0.00193905	0.00335786	FALSE	0.000137896	1358	8	133461552	134509448	0.000581244649056604
uc	0.000897035	0.00161952	FALSE	0.0207557	1358	8	133461552	134509448	0.0386594717557252
cad	8.52486e-05	0.000165494	FALSE	0.0112669	1358	8	133461552	134509448	0.0194177847023361
psoriasis	0.000603628	0.00211155	FALSE	0.00111775	1359	8	134509449	135313673	0.00346390243902439
psa	0.00193687	0.00402628	FALSE	0.0052587	1359	8	134509449	135313673	0.0200262821917808
crohn	0.000636993	0.00110308	FALSE	0.0875668	1359	8	134509449	135313673	0.117845922409639
uc	0.00157264	0.00283926	FALSE	0.000236275	1359	8	134509449	135313673	0.00105245415821501
cad	0.000103293	0.000200525	FALSE	0.0025432	1359	8	134509449	135313673	0.00557116704980843
psoriasis	0.000597815	0.00209122	FALSE	0.000396607	1360	8	135313674	136220342	0.00148727625
psa	0.00105219	0.00218726	FALSE	0.0514679	1360	8	135313674	136220342	0.10137300951417
crohn	0.00251815	0.00436068	FALSE	1.38698e-07	1360	8	135313674	136220342	1.59717181443299e-06
uc	0.00126348	0.0022811	FALSE	0.000739806	1360	8	135313674	136220342	0.00268531235702479
cad	3.14434e-05	6.10414e-05	FALSE	0.146956	1360	8	135313674	136220342	0.172529965092402
psoriasis	0.000178327	0.000623805	FALSE	0.121058	1361	8	136220343	137527617	0.159929834862385
psa	0.00207198	0.00430714	FALSE	0.000858519	1361	8	136220343	137527617	0.00533762930990415
crohn	0.00104218	0.00180474	FALSE	0.00655536	1361	8	136220343	137527617	0.0146008716251246
uc	0.000564375	0.00101893	FALSE	0.0542832	1361	8	136220343	137527617	0.0834787347795661
cad	2.33875e-05	4.54024e-05	FALSE	0.201033	1361	8	136220343	137527617	0.224932715753425
uc	0.000481368	0.000869067	FALSE	0.0604781	1362	8	137527618	138564843	0.0910904716049383
psoriasis	0.000753891	0.00263718	FALSE	5.00415e-05	1363	8	138564844	139404631	0.000270901353383459
psa	0.00192362	0.00399873	FALSE	0.00371324	1363	8	138564844	139404631	0.0157772162445415
crohn	0.00265584	0.00459913	FALSE	1.34749e-07	1363	8	138564844	139404631	1.55973712953368e-06
uc	0.001502	0.00271172	FALSE	0.000212692	1363	8	138564844	139404631	0.000979185811320755
psoriasis	0.000116678	0.000408149	FALSE	0.255488	1364	8	139404632	140355988	0.291831877313591
crohn	0.00102601	0.00177674	FALSE	0.0182182	1364	8	139404632	140355988	0.0333056127659574
uc	0.00124556	0.00224876	FALSE	0.00242356	1364	8	139404632	140355988	0.00711515743315508
cad	6.42889e-05	0.000124805	FALSE	0.0357142	1364	8	139404632	140355988	0.0527297452550032
psoriasis	0.000301444	0.00105448	FALSE	0.0573946	1365	8	140355989	141527881	0.0889966518305815
psa	0.0022214	0.00461775	FALSE	0.00237856	1365	8	140355989	141527881	0.0117181715443038
crohn	0.0024563	0.00425359	FALSE	3.45387e-06	1365	8	140355989	141527881	2.63342852559727e-05
uc	0.0019225	0.0034709	FALSE	2.30535e-05	1365	8	140355989	141527881	0.00016278291318328
cad	4.29839e-05	8.34452e-05	FALSE	0.112168	1365	8	140355989	141527881	0.138514155507559
psoriasis	0.000665389	0.00232759	FALSE	0.000142438	1366	8	141527882	142611889	0.000645002264150943
crohn	0.000692414	0.00119905	FALSE	0.053456	1366	8	141527882	142611889	0.080853557210562
uc	0.00136346	0.00246161	FALSE	0.000402754	1366	8	141527882	142611889	0.00161690636928702
cad	0.000182808	0.000354888	FALSE	2.76641e-07	1366	8	141527882	142611889	2.30904367518248e-06
psoriasis	0.000490475	0.00171573	FALSE	0.00287282	1367	8	142611890	143611461	0.00767032286773795
psa	0.00156725	0.00325794	FALSE	0.0100797	1367	8	142611890	143611461	0.0321558954098361
crohn	0.000485511	0.00084076	FALSE	0.121113	1367	8	142611890	143611461	0.154874895248998
uc	0.00189032	0.0034128	FALSE	3.84803e-06	1367	8	142611890	143611461	3.70626047368421e-05
cad	4.68665e-05	9.09826e-05	FALSE	0.0665634	1367	8	142611890	143611461	0.0894421244418331
psoriasis	0.000626327	0.00219095	FALSE	0.000277771	1368	8	143611462	144934288	0.00110537900552486
psa	0.00192263	0.00399668	FALSE	0.00255053	1368	8	143611462	144934288	0.0123773849875312
crohn	0.000662128	0.00114661	FALSE	0.059107	1368	8	143611462	144934288	0.0875049953611663
uc	3.69901e-05	6.67824e-05	FALSE	0.443112	1368	8	143611462	144934288	0.449664487985213
cad	0.000137976	0.000267854	FALSE	3.59523e-05	1368	8	143611462	144934288	0.000150041806751825
psoriasis	0.000422602	0.0014783	FALSE	0.00202288	1369	8	144934289	146303787	0.00571166117647059
psa	0.000752985	0.00156527	FALSE	0.0740374	1369	8	144934289	146303787	0.13109807133758
crohn	0.00149217	0.002584	FALSE	6.35082e-05	1369	8	144934289	146303787	0.000304457765665236
uc	0.000966254	0.00174449	FALSE	0.00154025	1369	8	144934289	146303787	0.00493504583090379
cad	4.20284e-05	8.15903e-05	FALSE	0.0493143	1369	8	144934289	146303787	0.0691488682403433
psa	0.000358554	0.000745347	FALSE	0.260222	1370	9	10469	653661	0.315780962593516
crohn	0.00188837	0.0032701	FALSE	1.25871e-05	1370	9	10469	653661	7.68294573770492e-05
uc	0.00179792	0.00324598	FALSE	3.07225e-06	1370	9	10469	653661	3.1526453271028e-05
cad	7.70002e-06	1.49481e-05	FALSE	0.376612	1370	9	10469	653661	0.386411684163302
psoriasis	6.37651e-05	0.000223057	FALSE	0.33335	1371	9	653662	1103598	0.36092030075188
psa	0.00133654	0.00277835	FALSE	0.0215258	1371	9	653662	1103598	0.05447231053316
crohn	0.000169597	0.000293692	FALSE	0.326619	1371	9	653662	1103598	0.348067214115403
uc	0.0013809	0.0024931	FALSE	0.000304843	1371	9	653662	1103598	0.00128244296551724
psoriasis	0.000244054	0.000853723	FALSE	0.0959215	1372	9	1103599	1874961	0.133155809768638
psa	0.000814246	0.00169262	FALSE	0.130417	1372	9	1103599	1874961	0.196281115235886
crohn	0.00118559	0.00205308	FALSE	0.00914537	1372	9	1103599	1874961	0.0190585415858209
uc	0.000784626	0.00141657	FALSE	0.0341406	1372	9	1103599	1874961	0.0569269230068337
cad	0.000113044	0.000219453	FALSE	0.00143093	1372	9	1103599	1874961	0.00354554378114843
psoriasis	0.000686882	0.00240278	FALSE	0.000396378	1373	9	1874962	2441120	0.00148727625
psa	0.000720653	0.00149806	FALSE	0.157259	1373	9	1874962	2441120	0.223657802775749
crohn	0.000371412	0.000643175	FALSE	0.210503	1373	9	1874962	2441120	0.241532461222393
uc	0.0014341	0.00258914	FALSE	0.000765956	1373	9	1874962	2441120	0.0027710698121911
cad	0.000184469	0.000358111	FALSE	2.05308e-06	1373	9	1874962	2441120	1.32264618591549e-05
psoriasis	0.000286221	0.00100123	FALSE	0.0482619	1374	9	2441121	3079045	0.0774485170876672
psa	5.20193e-05	0.000108135	FALSE	0.452327	1374	9	2441121	3079045	0.462162230971129
crohn	0.00068095	0.0011792	FALSE	0.0590423	1374	9	2441121	3079045	0.087467173872679
uc	0.00113541	0.00204988	FALSE	0.00249016	1374	9	2441121	3079045	0.00729118848
cad	3.63441e-05	7.05553e-05	FALSE	0.122837	1374	9	2441121	3079045	0.149112642781316
psoriasis	0.000546824	0.00191284	FALSE	0.00366056	1375	9	3079046	4025355	0.00933507626918536
psa	0.0018812	0.00391055	FALSE	0.00822523	1375	9	3079046	4025355	0.0277880383044983
crohn	0.00173942	0.00301215	FALSE	0.00051965	1375	9	3079046	4025355	0.00175627549167927
uc	0.001193	0.00215386	FALSE	0.00428232	1375	9	3079046	4025355	0.0110641197176471
cad	7.25277e-05	0.000140799	FALSE	0.0254497	1375	9	3079046	4025355	0.0394980725915875
psoriasis	0.000359815	0.00125867	FALSE	0.0312934	1376	9	4025356	4596614	0.0545550799031477
psa	0.0026334	0.00547419	FALSE	0.000486656	1376	9	4025356	4596614	0.0035630967368421
crohn	0.00304575	0.00527433	FALSE	2.94797e-08	1376	9	4025356	4596614	4.1682056835443e-07
uc	0.00125955	0.00227401	FALSE	0.00255819	1376	9	4025356	4596614	0.0074211165653897
cad	0.000127897	0.000248288	FALSE	0.000456147	1376	9	4025356	4596614	0.00135834399609375
psoriasis	0.000677295	0.00236924	FALSE	0.000141408	1377	9	4596615	5437591	0.000641683361344538
psa	0.000508063	0.00105614	FALSE	0.210398	1377	9	4596615	5437591	0.271148680794702
crohn	0.00567229	0.00982271	FALSE	2.53567e-22	1377	9	4596615	5437591	3.5404292375e-20
uc	0.00451914	0.0081589	FALSE	1.56837e-19	1377	9	4596615	5437591	3.13103683636364e-17
cad	0.000118428	0.000229906	FALSE	0.000337371	1377	9	4596615	5437591	0.00106166503713893
psoriasis	0.00138711	0.00485225	FALSE	2.77989e-10	1378	9	5437592	6859791	6.95954482758621e-09
psa	0.00171496	0.00356498	FALSE	0.0120321	1378	9	5437592	6859791	0.0365280290171607
crohn	0.000256995	0.000445038	FALSE	0.283164	1378	9	5437592	6859791	0.309182979472141
uc	0.0016135	0.00291304	FALSE	0.00020927	1378	9	5437592	6859791	0.000969529367088608
cad	0.000152239	0.000295543	FALSE	4.72805e-05	1378	9	5437592	6859791	0.000191043292402827
psoriasis	0.000582721	0.00203841	FALSE	0.000591966	1379	9	6859792	7388202	0.00205901217391304
crohn	0.000692314	0.00119888	FALSE	0.0529192	1379	9	6859792	7388202	0.0801849998644068
uc	0.000167082	0.000301652	FALSE	0.310621	1379	9	6859792	7388202	0.340381095808383
cad	0.00012055	0.000234026	FALSE	0.000223513	1379	9	6859792	7388202	0.000750622953010279
psoriasis	0.000792345	0.0027717	FALSE	0.00016386	1380	9	7388203	8262303	0.000726771252566735
psa	0.00466775	0.00970312	FALSE	1.06905e-07	1380	9	7388203	8262303	7.70507888888889e-06
crohn	0.00137556	0.00238206	FALSE	0.00552014	1380	9	7388203	8262303	0.0127003015036045
uc	0.00112326	0.00202795	FALSE	0.00859014	1380	9	7388203	8262303	0.0192119010761421
cad	0.000144376	0.000280279	FALSE	0.000230973	1380	9	7388203	8262303	0.000771146351824818
psoriasis	0.000178963	0.000626031	FALSE	0.180392	1381	9	8262304	9170120	0.221516043206367
psa	0.00176451	0.00366799	FALSE	0.0146884	1381	9	8262304	9170120	0.0420958151824818
crohn	0.00303469	0.00525517	FALSE	1.12155e-07	1381	9	8262304	9170120	1.31870668421053e-06
uc	0.00135752	0.00245089	FALSE	0.00217827	1381	9	8262304	9170120	0.00651700397820163
cad	0.000227179	0.000441026	FALSE	7.9022e-08	1381	9	8262304	9170120	7.82352008658009e-07
psoriasis	0.000210663	0.000736919	FALSE	0.112167	1382	9	9170121	9920258	0.15104783042394
psa	0.00195488	0.00406372	FALSE	0.00360212	1382	9	9170121	9920258	0.015508242300885
crohn	0.000337279	0.000584066	FALSE	0.216128	1382	9	9170121	9920258	0.246216191738909
uc	0.000595758	0.00107559	FALSE	0.0660051	1382	9	9170121	9920258	0.0974107524193548
cad	3.81922e-05	7.41431e-05	FALSE	0.120675	1382	9	9170121	9920258	0.147112859808102
psoriasis	0.00041896	0.00146556	FALSE	0.00898623	1383	9	9920259	10675474	0.0194296864864865
psa	0.00126073	0.00262074	FALSE	0.0310753	1383	9	9920259	10675474	0.0703987587892899
crohn	0.000265067	0.000459017	FALSE	0.256805	1383	9	9920259	10675474	0.284292552031715
uc	0.000538453	0.000972129	FALSE	0.0775029	1383	9	9920259	10675474	0.110588933333333
cad	9.13948e-05	0.000177426	FALSE	0.00346265	1383	9	9920259	10675474	0.0072254384580292
psoriasis	3.93608e-05	0.000137688	FALSE	0.354427	1384	9	10675475	11270764	0.3783456
psa	0.000109908	0.000228472	FALSE	0.388158	1384	9	10675475	11270764	0.418119692307692
uc	0.000232527	0.000419807	FALSE	0.190008	1384	9	10675475	11270764	0.228634283835616
cad	3.27012e-05	6.34832e-05	FALSE	0.0813163	1384	9	10675475	11270764	0.105485183267158
crohn	0.000587155	0.00101678	FALSE	0.0220329	1385	9	11270765	12044915	0.0392515937799043
uc	0.000111047	0.000200485	FALSE	0.300719	1385	9	11270765	12044915	0.331183011033099
cad	1.54186e-06	2.99324e-06	FALSE	0.444392	1385	9	11270765	12044915	0.448312529333921
psoriasis	0.000196934	0.000688893	FALSE	0.0760895	1386	9	12044916	12664858	0.110304241610738
crohn	0.000125406	0.000217165	FALSE	0.340774	1386	9	12044916	12664858	0.360117841059603
psoriasis	0.000537601	0.00188058	FALSE	0.00171402	1387	9	12664859	13512852	0.00498288452220727
psa	0.000967173	0.00201052	FALSE	0.0725868	1387	9	12664859	13512852	0.129116922120658
crohn	0.000520737	0.000901761	FALSE	0.112039	1387	9	12664859	13512852	0.145182787703016
uc	0.000746222	0.00134724	FALSE	0.027791	1387	9	12664859	13512852	0.0489014711538462
cad	2.19065e-05	4.25273e-05	FALSE	0.234414	1387	9	12664859	13512852	0.256569666507177
psoriasis	0.000152455	0.000533302	FALSE	0.187232	1388	9	13512853	14244747	0.228099898477157
crohn	0.000680651	0.00117868	FALSE	0.068096	1388	9	13512853	14244747	0.0973921024327785
uc	0.00107719	0.00194477	FALSE	0.00517002	1388	9	13512853	14244747	0.012930938405467
cad	0.000230997	0.000448438	FALSE	3.25929e-09	1388	9	13512853	14244747	4.60123224074074e-08
psoriasis	0.00097621	0.00341488	FALSE	6.32858e-06	1389	9	14244748	14902924	4.7629731010453e-05
psa	0.00282387	0.00587014	FALSE	0.000344786	1389	9	14244748	14902924	0.00274931674285714
crohn	0.0013659	0.00236534	FALSE	0.00495848	1389	9	14244748	14902924	0.0115870756485356
uc	0.0028249	0.0051001	FALSE	1.66304e-08	1389	9	14244748	14902924	3.76498540206186e-07
cad	0.000241602	0.000469025	FALSE	1.09773e-08	1389	9	14244748	14902924	1.37186257377049e-07
psoriasis	0.000122384	0.00042811	FALSE	0.214148	1390	9	14902925	15839403	0.25401410214168
crohn	0.000890298	0.00154173	FALSE	0.0189885	1390	9	14902925	15839403	0.0344041435523114
uc	0.000178286	0.000321879	FALSE	0.29622	1390	9	14902925	15839403	0.326719799095932
cad	8.77458e-05	0.000170342	FALSE	0.00348673	1390	9	14902925	15839403	0.00726243306921676
psoriasis	0.000969615	0.00339181	FALSE	2.49538e-06	1391	9	15839404	16658377	2.09728435797665e-05
psa	0.00144526	0.00300434	FALSE	0.0266675	1391	9	15839404	16658377	0.063674791411043
crohn	0.00153554	0.0026591	FALSE	0.0013273	1391	9	15839404	16658377	0.00386595593220339
uc	0.000985087	0.00177849	FALSE	0.0117683	1391	9	15839404	16658377	0.024689284351145
cad	0.000165806	0.000321882	FALSE	1.24184e-05	1391	9	15839404	16658377	6.08155905781585e-05
crohn	0.000568625	0.000984688	FALSE	0.059759	1392	9	16658378	17392382	0.0880617453825858
uc	0.00100784	0.00181957	FALSE	0.00173608	1392	9	16658378	17392382	0.00543081435897436
cad	0.00012845	0.000249362	FALSE	1.4861e-05	1392	9	16658378	17392382	7.00765092783505e-05
psoriasis	0.000282497	0.000988201	FALSE	0.027974	1393	9	17392383	17990565	0.0494466775777414
psa	0.000979414	0.00203596	FALSE	0.0419667	1393	9	17392383	17990565	0.0879087171151776
crohn	0.000199279	0.000345091	FALSE	0.275253	1393	9	17392383	17990565	0.301586713094654
cad	2.88482e-05	5.60033e-05	FALSE	0.134783	1393	9	17392383	17990565	0.160797454877413
psa	0.000923122	0.00191895	FALSE	0.0834132	1394	9	17990566	18754196	0.142763489182058
crohn	0.000975117	0.00168861	FALSE	0.0159119	1394	9	17990566	18754196	0.0297217262541806
uc	0.00218004	0.00393586	FALSE	4.47725e-07	1394	9	17990566	18754196	6.554694e-06
cad	6.36824e-05	0.000123627	FALSE	0.0272004	1394	9	17990566	18754196	0.0416102440133779
psoriasis	0.000543549	0.00190139	FALSE	0.00165349	1395	9	18754197	19463292	0.00484604938941655
psa	0.000495455	0.00102993	FALSE	0.219478	1395	9	18754197	19463292	0.280390945645056
crohn	0.00057174	0.000990083	FALSE	0.0952093	1395	9	18754197	19463292	0.12638002150921
uc	0.00151334	0.0027322	FALSE	0.000175221	1395	9	18754197	19463292	0.000851294946902655
cad	0.000206821	0.000401503	FALSE	2.95882e-08	1395	9	18754197	19463292	3.28486472815534e-07
psoriasis	0.00119902	0.00419429	FALSE	3.33777e-08	1396	9	19463293	20483880	5.07717126760563e-07
psa	0.000850585	0.00176816	FALSE	0.122556	1396	9	19463293	20483880	0.18737855145326
crohn	0.00250749	0.00434222	FALSE	2.34909e-06	1396	9	19463293	20483880	1.87423823571429e-05
uc	0.00142443	0.00257169	FALSE	0.000900696	1396	9	19463293	20483880	0.00316975707692308
cad	0.000155764	0.000302387	FALSE	4.05786e-05	1396	9	19463293	20483880	0.000166612671813285
psa	0.000479367	0.000996487	FALSE	0.218145	1397	9	20483881	21674032	0.279099388560158
crohn	0.00145808	0.00252497	FALSE	0.000756437	1397	9	20483881	21674032	0.00239021252899576
uc	0.000230678	0.000416469	FALSE	0.253751	1397	9	20483881	21674032	0.287383804022692
cad	0.00018862	0.00036617	FALSE	1.28123e-07	1397	9	20483881	21674032	1.1911272398374e-06
psoriasis	0.000384152	0.0013438	FALSE	0.0214815	1398	9	21674033	23091193	0.039556726342711
crohn	0.000931053	0.00161231	FALSE	0.0269494	1398	9	21674033	23091193	0.0462759105303613
uc	0.00148445	0.00268005	FALSE	0.000448646	1398	9	21674033	23091193	0.00176563909677419
cad	0.0031398	0.00609534	FALSE	9.2788e-288	1398	9	21674033	23091193	2.12206156e-284
psoriasis	0.00044804	0.00156729	FALSE	0.00616183	1399	9	23091194	23859374	0.0144511973941368
psa	0.00040365	0.00083909	FALSE	0.258138	1399	9	23091194	23859374	0.313764239850094
crohn	0.00100264	0.00173627	FALSE	0.0131746	1399	9	23091194	23859374	0.0254822999134199
uc	0.0017482	0.00315622	FALSE	2.09745e-05	1399	9	23091194	23859374	0.0001510164
cad	9.63914e-05	0.000187126	FALSE	0.00236976	1399	9	23091194	23859374	0.00527715785783836
psoriasis	1.38864e-05	4.8576e-05	FALSE	0.441173	1400	9	23859375	24757729	0.449497018867924
crohn	0.000177421	0.000307239	FALSE	0.294402	1400	9	23859375	24757729	0.319114055312955
uc	0.000249685	0.000450785	FALSE	0.203418	1400	9	23859375	24757729	0.241854860855441
cad	2.29831e-05	4.46174e-05	FALSE	0.18371	1400	9	23859375	24757729	0.207376490621915
psoriasis	0.00036384	0.00127275	FALSE	0.0309979	1401	9	24757730	25957606	0.0542149506072874
psa	0.000958298	0.00199207	FALSE	0.0974816	1401	9	24757730	25957606	0.160320979898649
crohn	0.00273382	0.00473416	FALSE	4.25668e-07	1401	9	24757730	25957606	4.30290638914027e-06
uc	0.00104954	0.00189485	FALSE	0.00913121	1401	9	24757730	25957606	0.0199325419085487
cad	0.00011188	0.000217194	FALSE	0.00170654	1401	9	24757730	25957606	0.00402057426364573
psoriasis	0.000182494	0.000638382	FALSE	0.109463	1402	9	25957607	26747214	0.148424406779661
psa	0.000915248	0.00190258	FALSE	0.0616088	1402	9	25957607	26747214	0.115230118731988
crohn	0.000552749	0.000957196	FALSE	0.0760869	1402	9	25957607	26747214	0.10605925452277
uc	0.00138273	0.00249639	FALSE	0.000126558	1402	9	25957607	26747214	0.000663296821002387
cad	5.94399e-05	0.000115391	FALSE	0.0216278	1402	9	25957607	26747214	0.0343491518055556
psoriasis	0.000517239	0.00180935	FALSE	0.000914527	1403	9	26747215	27366479	0.0029264864
psa	0.0011018	0.00229038	FALSE	0.0339798	1403	9	26747215	27366479	0.0752173227272727
crohn	0.000479494	0.00083034	FALSE	0.104384	1403	9	26747215	27366479	0.136610343292326
uc	0.000536018	0.000967733	FALSE	0.0580304	1403	9	26747215	27366479	0.0880074298342542
cad	0.000157795	0.000306329	FALSE	1.06594e-06	1403	9	26747215	27366479	7.59440741433022e-06
psoriasis	0.000314323	0.00109953	FALSE	0.0315839	1404	9	27366480	28067454	0.0548843314561545
crohn	0.000343664	0.000595123	FALSE	0.195314	1404	9	27366480	28067454	0.227611620239958
uc	0.000760989	0.0013739	FALSE	0.0218767	1404	9	27366480	28067454	0.0401682551839465
cad	5.60659e-05	0.000108842	FALSE	0.0369036	1404	9	27366480	28067454	0.0540669655349135
psoriasis	0.000213994	0.00074857	FALSE	0.0872177	1405	9	28067455	28766060	0.123292036649215
crohn	0.00124306	0.00215261	FALSE	0.00214812	1405	9	28067455	28766060	0.00581684858181818
uc	0.000835535	0.00150849	FALSE	0.0121357	1405	9	28067455	28766060	0.0252128639545885
cad	7.96593e-05	0.000154644	FALSE	0.00582984	1405	9	28067455	28766060	0.011166536080402
crohn	0.000528879	0.000915861	FALSE	0.0484055	1406	9	28766061	29596501	0.0746801994478951
uc	0.00019675	0.000355214	FALSE	0.220752	1406	9	28766061	29596501	0.256900578696343
cad	1.92099e-05	3.72924e-05	FALSE	0.189282	1406	9	28766061	29596501	0.213140292466765
psa	0.000594406	0.00123563	FALSE	0.0995301	1407	9	29596502	30410078	0.16235169706622
crohn	6.07105e-05	0.000105132	FALSE	0.397946	1407	9	29596502	30410078	0.411579335185185
uc	0.000179838	0.000324682	FALSE	0.234483	1407	9	29596502	30410078	0.270018179339276
cad	3.09062e-05	5.99986e-05	FALSE	0.0845487	1407	9	29596502	30410078	0.10887549375
uc	0.000159561	0.000288074	FALSE	0.217395	1408	9	30410079	31115153	0.253514445859873
psoriasis	0.000190849	0.000667609	FALSE	0.0661742	1409	9	31115154	32253283	0.0990549355509356
psoriasis	0.00330532	0.0115623	FALSE	2.89116e-41	1410	9	32253284	33194892	4.46064685714286e-39
psa	0.00311056	0.0064661	FALSE	4.73968e-06	1410	9	32253284	33194892	0.000130325241666667
crohn	0.000469172	0.000812466	FALSE	0.116962	1410	9	32253284	33194892	0.150427811168682
uc	0.000305166	0.000550951	FALSE	0.182739	1410	9	32253284	33194892	0.221505139072848
cad	6.35311e-05	0.000123334	FALSE	0.0188343	1410	9	32253284	33194892	0.0305923608664773
psoriasis	0.0005629	0.00196908	FALSE	0.000192184	1411	9	33194893	34704544	0.000826927171314741
psa	0.00138392	0.00287682	FALSE	0.00895924	1411	9	33194893	34704544	0.0294008111973019
crohn	0.000383837	0.00066469	FALSE	0.138276	1411	9	33194893	34704544	0.172189846153846
uc	0.000655824	0.00118403	FALSE	0.0229552	1411	9	33194893	34704544	0.0418981843853821
cad	1.37295e-05	2.66532e-05	FALSE	0.285894	1411	9	33194893	34704544	0.303732295401765
psoriasis	0.000756789	0.00264732	FALSE	9.06065e-05	1412	9	34704545	36749273	0.000435879821826281
psa	0.00331423	0.00688948	FALSE	1.71386e-05	1412	9	34704545	36749273	0.00029255890877193
crohn	0.0025788	0.00446571	FALSE	7.58392e-07	1412	9	34704545	36749273	7.11868793277311e-06
uc	0.000600154	0.00108353	FALSE	0.0728432	1412	9	34704545	36749273	0.105423913043478
cad	0.000175566	0.000340829	FALSE	3.58097e-06	1412	9	34704545	36749273	2.09991753589744e-05
psoriasis	9.35359e-05	0.000327198	FALSE	0.265548	1413	9	36749274	37687112	0.301568706624606
psa	6.31787e-05	0.000131333	FALSE	0.442699	1413	9	36749274	37687112	0.455574962453728
crohn	0.000625491	0.00108316	FALSE	0.0651748	1413	9	36749274	37687112	0.0941179723335488
uc	0.000465059	0.000839623	FALSE	0.0966429	1413	9	36749274	37687112	0.13272533358349
cad	4.87983e-05	9.47328e-05	FALSE	0.0553043	1413	9	36749274	37687112	0.076331281894991
psoriasis	0.000717552	0.00251007	FALSE	0.000176224	1414	9	37687113	38822977	0.000771347368421053
psa	0.00402388	0.00836466	FALSE	4.0385e-07	1414	9	37687113	38822977	2.31144735294118e-05
crohn	0.000875886	0.00151677	FALSE	0.0328072	1414	9	37687113	38822977	0.0540895090774908
uc	0.000886319	0.00160017	FALSE	0.0177571	1414	9	37687113	38822977	0.033878880625543
cad	0.000158802	0.000308285	FALSE	1.72233e-05	1414	9	37687113	38822977	7.95751254545455e-05
psoriasis	9.66302e-05	0.000338022	FALSE	0.018178	1415	9	38822978	43903829	0.0345030579964851
psa	0.000574951	0.00119518	FALSE	0.000407919	1415	9	38822978	43903829	0.0031008217734375
crohn	9.49785e-06	1.64474e-05	FALSE	0.336333	1415	9	38822978	43903829	0.356098541232227
uc	5.44746e-05	9.83492e-05	FALSE	0.138367	1415	9	38822978	43903829	0.178318035211268
psoriasis	6.12817e-05	0.000214369	FALSE	0.031561	1416	9	43903830	66673058	0.0548843314561545
cad	7.11641e-07	1.38152e-06	FALSE	0.302787	1416	9	43903830	66673058	0.31911238202765
psoriasis	1.58687e-05	5.55103e-05	FALSE	0.447302	1418	9	70939678	72288878	0.455097654262836
psa	0.00160448	0.00333533	FALSE	0.0109904	1418	9	70939678	72288878	0.0340562394904459
crohn	0.0015308	0.00265088	FALSE	0.000657367	1418	9	70939678	72288878	0.00212957830724638
uc	0.00204236	0.0036873	FALSE	1.7722e-06	1418	9	70939678	72288878	2.00605731958763e-05
cad	4.67326e-05	9.07226e-05	FALSE	0.0745793	1418	9	70939678	72288878	0.0980810000575043
psa	0.00111971	0.0023276	FALSE	0.0451709	1419	9	72288879	73915494	0.0934139972369819
crohn	0.000991038	0.00171618	FALSE	0.0128515	1419	9	72288879	73915494	0.02505257504363
uc	0.00150044	0.00270891	FALSE	0.000139308	1419	9	72288879	73915494	0.000706513551963048
cad	5.05569e-05	9.81468e-05	FALSE	0.0553662	1419	9	72288879	73915494	0.0763706268998794
psoriasis	0.000175408	0.000613596	FALSE	0.134345	1420	9	73915495	74950318	0.174285405405405
psa	0.000970654	0.00201775	FALSE	0.0637057	1420	9	73915495	74950318	0.117955558705994
crohn	0.000307426	0.00053237	FALSE	0.217634	1420	9	73915495	74950318	0.247418340793489
uc	0.00156099	0.00281824	FALSE	5.98752e-05	1420	9	73915495	74950318	0.0003657804
cad	0.000102183	0.00019837	FALSE	0.00100429	1420	9	73915495	74950318	0.00265834633101852
psoriasis	0.000218668	0.000764921	FALSE	0.052487	1421	9	74950319	76197744	0.0829955490483163
psa	0.00038415	0.000798555	FALSE	0.214807	1421	9	74950319	76197744	0.275371819499341
crohn	0.000990197	0.00171472	FALSE	0.00340303	1421	9	74950319	76197744	0.00859024748022599
uc	2.55175e-06	4.60696e-06	FALSE	0.476296	1421	9	74950319	76197744	0.477382937471474
cad	4.3195e-05	8.3855e-05	FALSE	0.0444696	1421	9	74950319	76197744	0.0636034866791745
psa	0.00194166	0.00403623	FALSE	0.00386345	1422	9	76197745	77862308	0.0161588991416309
crohn	0.00291075	0.00504054	FALSE	1.95569e-08	1422	9	76197745	77862308	2.91267430666667e-07
uc	0.000905209	0.00163428	FALSE	0.0136617	1422	9	76197745	77862308	0.027727442883549
cad	0.000110755	0.000215011	FALSE	0.00098175	1422	9	76197745	77862308	0.00261685576923077
psoriasis	0.00022666	0.00079288	FALSE	0.0810653	1423	9	77862309	78630915	0.116346211295681
psa	0.00135261	0.00281174	FALSE	0.0197732	1423	9	77862309	78630915	0.051718611827957
crohn	0.00143202	0.00247983	FALSE	0.000767828	1423	9	77862309	78630915	0.00241390141209564
uc	0.000902614	0.00162959	FALSE	0.00910661	1423	9	77862309	78630915	0.0199184417928287
cad	0.000116886	0.000226912	FALSE	0.000264007	1423	9	77862309	78630915	0.000866261131994261
psoriasis	0.00103835	0.00363225	FALSE	9.81751e-07	1424	9	78630916	79451035	9.68302356164384e-06
psa	0.00339017	0.00704733	FALSE	2.37954e-05	1424	9	78630916	79451035	0.00037955613442623
crohn	0.00215988	0.00374027	FALSE	3.62303e-05	1424	9	78630916	79451035	0.00019179737014218
uc	0.00157632	0.00284591	FALSE	0.000370968	1424	9	78630916	79451035	0.00151703115083799
cad	0.000190791	0.000370384	FALSE	1.68262e-06	1424	9	78630916	79451035	1.1223769212828e-05
psoriasis	0.000216156	0.000756133	FALSE	0.0705864	1425	9	79451036	80137024	0.104215053998633
psa	0.000206713	0.000429706	FALSE	0.339598	1425	9	79451036	80137024	0.382219611336032
uc	0.000875602	0.00158082	FALSE	0.00582115	1425	9	79451036	80137024	0.0142511096989967
cad	7.62964e-05	0.000148115	FALSE	0.00460704	1425	9	79451036	80137024	0.00915600748045178
psoriasis	0.000461075	0.00161288	FALSE	0.00216297	1426	9	80137025	81161597	0.0060440041397154
crohn	0.000559908	0.000969592	FALSE	0.072105	1426	9	80137025	81161597	0.101501304347826
uc	0.000613976	0.00110848	FALSE	0.0365579	1426	9	80137025	81161597	0.0602781407351838
cad	6.68522e-05	0.000129781	FALSE	0.0118065	1426	9	80137025	81161597	0.0201955613313388
psoriasis	0.000823547	0.00288084	FALSE	7.12455e-05	1427	9	81161598	82601465	0.000360511587822014
psa	0.000289723	0.000602264	FALSE	0.340423	1427	9	81161598	82601465	0.382705463893703
crohn	0.0021774	0.00377061	FALSE	4.48632e-05	1427	9	81161598	82601465	0.000231465101154734
uc	0.0028473	0.00514054	FALSE	1.42244e-08	1427	9	81161598	82601465	3.35879380645161e-07
cad	0.000146694	0.000284779	FALSE	0.00014974	1427	9	81161598	82601465	0.000530938573643411
psoriasis	6.81249e-06	2.38308e-05	FALSE	0.462178	1428	9	82601466	83455502	0.465193140726934
psa	0.000351548	0.000730782	FALSE	0.251339	1428	9	82601466	83455502	0.30831040831758
crohn	0.00145947	0.00252737	FALSE	0.000200765	1428	9	82601466	83455502	0.000786857912280702
uc	0.00101768	0.00183733	FALSE	0.00184981	1428	9	82601466	83455502	0.00570248532959327
cad	5.28733e-05	0.000102644	FALSE	0.0293149	1428	9	82601466	83455502	0.0444288776010603
psoriasis	0.00072801	0.00254665	FALSE	0.000244156	1429	9	83455503	85135751	0.00100836894837476
psa	0.000437803	0.000910085	FALSE	0.266825	1429	9	83455503	85135751	0.322037061376317
crohn	0.0024294	0.00420699	FALSE	4.59478e-06	1429	9	83455503	85135751	3.3544897124183e-05
uc	0.00233095	0.00420832	FALSE	7.95007e-07	1429	9	83455503	85135751	1.03918772142857e-05
cad	0.00016049	0.000311561	FALSE	2.80241e-05	1429	9	83455503	85135751	0.000120926635283019
psoriasis	0.000144064	0.000503951	FALSE	0.216695	1430	9	85135752	86769886	0.25633143483023
psa	0.00288995	0.0060075	FALSE	0.000196223	1430	9	85135752	86769886	0.00180971544075829
crohn	0.000696895	0.00120681	FALSE	0.0779282	1430	9	85135752	86769886	0.107729949752475
uc	0.00154288	0.00278554	FALSE	0.000444147	1430	9	85135752	86769886	0.00175107147576302
cad	0.000176004	0.00034168	FALSE	6.81248e-06	1430	9	85135752	86769886	3.61488207888631e-05
psoriasis	0.000174587	0.000610721	FALSE	0.146927	1431	9	86769887	87815449	0.187788355029586
psa	0.00138088	0.0028705	FALSE	0.0222534	1431	9	86769887	87815449	0.0557397513513514
crohn	0.00257551	0.00446002	FALSE	1.98005e-07	1431	9	86769887	87815449	2.17903039408867e-06
uc	0.00130598	0.00235784	FALSE	0.000801973	1431	9	86769887	87815449	0.00287297342251223
cad	3.08638e-05	5.99162e-05	FALSE	0.161515	1431	9	86769887	87815449	0.186746615267947
psoriasis	0.000457451	0.00160021	FALSE	0.00377478	1432	9	87815450	89171796	0.0095698647887324
crohn	0.00188745	0.0032685	FALSE	2.16803e-05	1432	9	87815450	89171796	0.0001215346265
uc	0.000218129	0.000393814	FALSE	0.256989	1432	9	87815450	89171796	0.289855081664099
cad	8.46736e-05	0.000164378	FALSE	0.00406514	1432	9	87815450	89171796	0.0082832981300089
psoriasis	0.00029197	0.00102134	FALSE	0.0469837	1433	9	89171797	90135154	0.0756784429530201
crohn	0.000865567	0.0014989	FALSE	0.0278174	1433	9	89171797	90135154	0.0473298336633663
uc	4.25087e-05	7.67457e-05	FALSE	0.440063	1433	9	89171797	90135154	0.447604607688745
cad	3.36818e-05	6.5387e-05	FALSE	0.144195	1433	9	89171797	90135154	0.170186786377709
psoriasis	0.00016928	0.000592159	FALSE	0.135814	1434	9	90135155	90890979	0.17576886758538
crohn	5.8426e-05	0.000101176	FALSE	0.424364	1434	9	90135155	90890979	0.433285729433272
cad	2.52991e-05	4.91135e-05	FALSE	0.186621	1434	9	90135155	90890979	0.210247402463054
psoriasis	0.000254254	0.000889404	FALSE	0.0311058	1435	9	90890980	91643255	0.0543476604688763
psa	0.00125415	0.00260706	FALSE	0.0105461	1435	9	90890980	91643255	0.0329576808988764
crohn	0.000624336	0.00108116	FALSE	0.0353556	1435	9	90890980	91643255	0.0575604011653314
cad	1.45875e-05	2.8319e-05	FALSE	0.260656	1435	9	90890980	91643255	0.280550494123178
psoriasis	5.41737e-05	0.000189505	FALSE	0.341193	1436	9	91643256	92500277	0.368224975024975
crohn	0.00169588	0.00293676	FALSE	4.97208e-05	1436	9	91643256	92500277	0.000253021109794989
uc	0.000224352	0.000405048	FALSE	0.239629	1436	9	91643256	92500277	0.274431303441084
cad	3.42303e-05	6.64517e-05	FALSE	0.110826	1436	9	91643256	92500277	0.13743444498645
psoriasis	0.000253753	0.000887651	FALSE	0.0501512	1437	9	92500278	93441050	0.0798279970523213
psa	0.00124516	0.00258839	FALSE	0.0214755	1437	9	92500278	93441050	0.05441578515625
crohn	0.000528647	0.000915458	FALSE	0.0862915	1437	9	92500278	93441050	0.116410151570048
uc	0.000559465	0.00101006	FALSE	0.0524322	1437	9	92500278	93441050	0.0813594737288136
cad	3.3273e-05	6.45933e-05	FALSE	0.118727	1437	9	92500278	93441050	0.145202486096257
psoriasis	0.000375886	0.00131488	FALSE	0.00936027	1438	9	93441051	94175374	0.0201242579104478
psa	0.00148778	0.00309274	FALSE	0.00874732	1438	9	93441051	94175374	0.0289494638095238
crohn	0.00155066	0.00268528	FALSE	0.000171854	1438	9	93441051	94175374	0.000695510572463768
uc	0.000606744	0.00109542	FALSE	0.0403902	1438	9	93441051	94175374	0.0653143440353461
cad	1.28645e-05	2.4974e-05	FALSE	0.30968	1438	9	93441051	94175374	0.324472313644689
psa	0.000101764	0.000211542	FALSE	0.401722	1439	9	94175375	94924482	0.427887800766284
crohn	0.000865559	0.00149889	FALSE	0.00858328	1439	9	94175375	94924482	0.0181238634404537
uc	0.000101392	0.000183054	FALSE	0.347056	1439	9	94175375	94924482	0.371681833252072
cad	5.69068e-05	0.000110474	FALSE	0.0155558	1439	9	94175375	94924482	0.0258172094339623
psoriasis	1.03525e-05	3.62141e-05	FALSE	0.435792	1440	9	94924483	95854925	0.444853837429112
psa	0.000600512	0.00124832	FALSE	0.0770138	1440	9	94924483	95854925	0.134532185637343
crohn	0.00079579	0.00137807	FALSE	0.00421795	1440	9	94924483	95854925	0.0101143151502146
uc	0.000510765	0.000922142	FALSE	0.0219288	1440	9	94924483	95854925	0.0401966984974958
cad	2.9859e-05	5.79657e-05	FALSE	0.0713513	1440	9	94924483	95854925	0.0946929366956522
psoriasis	0.000504767	0.00176572	FALSE	0.000274569	1441	9	95854926	96670171	0.001098276
psa	0.000993516	0.00206528	FALSE	0.0291582	1441	9	95854926	96670171	0.0674695091557669
crohn	0.000524769	0.000908743	FALSE	0.059165	1441	9	95854926	96670171	0.0875328543046358
uc	0.000962716	0.0017381	FALSE	0.00133726	1441	9	95854926	96670171	0.00438301934328358
cad	0.000106727	0.00020719	FALSE	7.24175e-05	1441	9	95854926	96670171	0.000280709868644068
psoriasis	9.53926e-05	0.000333692	FALSE	0.207636	1442	9	96670172	97418633	0.247923582089552
uc	0.000319394	0.000576638	FALSE	0.121257	1442	9	96670172	97418633	0.160120488274203
cad	4.21777e-05	8.188e-05	FALSE	0.0397393	1442	9	96670172	97418633	0.0575213791772152
psoriasis	0.000184758	0.0006463	FALSE	0.114785	1443	9	97418634	98885862	0.153425495049505
psa	0.000956342	0.001988	FALSE	0.0597049	1443	9	97418634	98885862	0.113021143385214
crohn	0.000890307	0.00154175	FALSE	0.0159481	1443	9	97418634	98885862	0.0297396121869783
uc	0.00105782	0.0019098	FALSE	0.00240563	1443	9	97418634	98885862	0.00707197253012048
cad	9.98332e-05	0.000193807	FALSE	0.000899143	1443	9	97418634	98885862	0.00243642184952607
psoriasis	8.28528e-05	0.000289827	FALSE	0.262	1444	9	98885863	100310517	0.298638522427441
crohn	0.000277244	0.000480103	FALSE	0.208249	1444	9	98885863	100310517	0.239808384536082
uc	5.96362e-05	0.000107668	FALSE	0.405018	1444	9	98885863	100310517	0.418039765037594
cad	2.70936e-05	5.25972e-05	FALSE	0.146366	1444	9	98885863	100310517	0.17200424807396
psoriasis	0.000222925	0.000779812	FALSE	0.114614	1445	9	100310518	101596750	0.153291789473684
psa	4.63642e-05	9.63799e-05	FALSE	0.460311	1445	9	100310518	101596750	0.466703504166667
crohn	0.000292658	0.000506796	FALSE	0.259509	1445	9	100310518	101596750	0.286859527956457
uc	0.0020481	0.00369767	FALSE	7.02787e-06	1445	9	100310518	101596750	6.00513716731517e-05
cad	0.000156969	0.000304725	FALSE	3.14336e-05	1445	9	100310518	101596750	0.000133127117037037
psoriasis	0.000396601	0.00138735	FALSE	0.00725874	1446	9	101596751	103165725	0.0163491954118874
crohn	0.000526101	0.00091105	FALSE	0.0889014	1446	9	101596751	103165725	0.119211121008403
uc	0.000874652	0.00157911	FALSE	0.00792524	1446	9	101596751	103165725	0.0179606058204334
cad	0.000117401	0.000227912	FALSE	0.000135537	1446	9	101596751	103165725	0.00048585128369906
psoriasis	0.000325214	0.00113763	FALSE	0.0174196	1447	9	103165726	104222848	0.0332976424778761
psa	0.000188139	0.000391094	FALSE	0.353508	1447	9	103165726	104222848	0.393100896
crohn	0.000727914	0.00126053	FALSE	0.0303138	1447	9	103165726	104222848	0.0507273626966292
uc	0.000108864	0.000196544	FALSE	0.352359	1447	9	103165726	104222848	0.375501082969432
cad	9.65391e-06	1.87413e-05	FALSE	0.345611	1447	9	103165726	104222848	0.357329275316456
psoriasis	0.000182671	0.000639	FALSE	0.113188	1448	9	104222849	105043411	0.152043582089552
psa	0.00016752	0.000348233	FALSE	0.371774	1448	9	104222849	105043411	0.40779170028169
crohn	0.000162562	0.000281508	FALSE	0.322137	1448	9	104222849	105043411	0.343674335243553
cad	6.58658e-05	0.000127866	FALSE	0.0144367	1448	9	104222849	105043411	0.0241703754758419
psoriasis	0.000353031	0.00123494	FALSE	0.00525312	1449	9	105043412	105846545	0.012690710367893
crohn	0.000708343	0.00122664	FALSE	0.0195422	1449	9	105043412	105846545	0.0352928656426839
cad	5.47841e-05	0.000106353	FALSE	0.0155697	1449	9	105043412	105846545	0.0258215401740392
psoriasis	0.000266481	0.000932176	FALSE	0.037029	1450	9	105846546	107061019	0.0623889547581903
psa	6.72872e-05	0.000139874	FALSE	0.434048	1450	9	105846546	107061019	0.449285855319149
crohn	0.000627756	0.00108708	FALSE	0.0490996	1450	9	105846546	107061019	0.075567511707989
uc	0.000526106	0.000949838	FALSE	0.0560763	1450	9	105846546	107061019	0.0856352954102921
cad	7.78518e-05	0.000151135	FALSE	0.0041338	1450	9	105846546	107061019	0.00838698453014185
psoriasis	0.000366747	0.00128292	FALSE	0.0220562	1451	9	107061020	108203095	0.0404769685641461
psa	0.00141722	0.00294606	FALSE	0.0230596	1451	9	107061020	108203095	0.0574045115089514
crohn	0.00116764	0.002022	FALSE	0.00695523	1451	9	107061020	108203095	0.0152581103827282
uc	0.00134176	0.00242243	FALSE	0.000844903	1451	9	107061020	108203095	0.00300440516504854
cad	0.000204992	0.000397955	FALSE	6.72549e-08	1451	9	107061020	108203095	6.74613843421053e-07
psoriasis	0.000287501	0.00100571	FALSE	0.0134638	1452	9	108203096	109150717	0.0270780335195531
psa	0.000372502	0.000774341	FALSE	0.205229	1452	9	108203096	109150717	0.266605897196262
crohn	0.000409173	0.000708565	FALSE	0.094812	1452	9	108203096	109150717	0.126002384295062
uc	0.000726502	0.00131164	FALSE	0.00699977	1452	9	108203096	109150717	0.0164371538461538
cad	6.65241e-06	1.29144e-05	FALSE	0.36436	1452	9	108203096	109150717	0.374344707996406
psoriasis	0.00160436	0.00561221	FALSE	6.05946e-11	1453	9	109150718	110630150	1.69979657142857e-09
psa	0.00205297	0.00426761	FALSE	0.00837987	1453	9	109150718	110630150	0.0280192904123711
crohn	0.00400593	0.00693708	FALSE	1.29468e-10	1453	9	109150718	110630150	4.13187874285714e-09
uc	0.00258925	0.00467465	FALSE	5.76164e-07	1453	9	109150718	110630150	8.05895633121019e-06
cad	0.000540904	0.00105006	FALSE	2.2674e-25	1453	9	109150718	110630150	2.5927719e-23
psoriasis	0.00306588	0.0107247	FALSE	9.47489e-38	1454	9	110630151	111368107	1.20386837647059e-35
psa	0.00219015	0.00455279	FALSE	0.000479631	1454	9	110630151	111368107	0.00354890466159696
crohn	0.00112992	0.00195668	FALSE	0.00373225	1454	9	110630151	111368107	0.00919277453142227
uc	8.58149e-05	0.000154931	FALSE	0.384042	1454	9	110630151	111368107	0.401025312410842
cad	1.9894e-05	3.86205e-05	FALSE	0.234128	1454	9	110630151	111368107	0.256564799233349
psoriasis	0.00076413	0.002673	FALSE	2.06619e-06	1455	9	111368108	112076381	1.79235759036145e-05
crohn	3.66738e-06	6.3508e-06	FALSE	0.476921	1455	9	111368108	112076381	0.476984
uc	0.000398016	0.000718582	FALSE	0.101132	1455	9	111368108	112076381	0.138027266625233
cad	3.17499e-05	6.16366e-05	FALSE	0.112	1455	9	111368108	112076381	0.138381415451108
psa	0.00275826	0.00573374	FALSE	3.05824e-05	1456	9	112076382	112865520	0.000437598164705882
uc	0.000696138	0.00125682	FALSE	0.0264339	1456	9	112076382	112865520	0.0468892119547658
cad	4.75027e-05	9.22176e-05	FALSE	0.0546986	1456	9	112076382	112865520	0.075586524592145
psoriasis	6.26439e-05	0.000219134	FALSE	0.335977	1457	9	112865521	113646149	0.363218378378378
psa	0.000815064	0.00169432	FALSE	0.101722	1457	9	112865521	113646149	0.164684702163062
crohn	0.00177726	0.00307768	FALSE	8.02987e-05	1457	9	112865521	113646149	0.000367596917622951
uc	0.000668492	0.0012069	FALSE	0.0384803	1457	9	112865521	113646149	0.0626410220904374
cad	0.00011802	0.000229114	FALSE	0.000284461	1457	9	112865521	113646149	0.000917577301833568
psoriasis	0.000513064	0.00179475	FALSE	0.000363548	1458	9	113646150	114443475	0.00137765557894737
psa	0.000461953	0.000960287	FALSE	0.181511	1458	9	113646150	114443475	0.246509176552687
crohn	0.00162603	0.0028158	FALSE	2.50119e-05	1458	9	113646150	114443475	0.000137966875555556
uc	0.000694078	0.0012531	FALSE	0.0148466	1458	9	113646150	114443475	0.0296122920980926
cad	5.46953e-05	0.000106181	FALSE	0.0200573	1458	9	113646150	114443475	0.0321676333099579
psoriasis	0.000393835	0.00137767	FALSE	0.00444592	1459	9	114443476	115390112	0.0109625424657534
crohn	0.000590478	0.00102253	FALSE	0.0512928	1459	9	114443476	115390112	0.078291781284153
uc	0.000277821	0.000501581	FALSE	0.176907	1459	9	114443476	115390112	0.216066614015573
cad	6.85599e-05	0.000133096	FALSE	0.0070413	1459	9	114443476	115390112	0.0131028910496338
psoriasis	0.000280199	0.000980162	FALSE	0.0458288	1460	9	115390113	116159540	0.074316972972973
psa	0.00083715	0.00174023	FALSE	0.0932295	1460	9	115390113	116159540	0.154272625
crohn	0.000665493	0.00115244	FALSE	0.0570558	1460	9	115390113	116159540	0.0850885562082777
uc	0.0018654	0.00336782	FALSE	4.12571e-06	1460	9	115390113	116159540	3.88843740772532e-05
cad	0.000110938	0.000215366	FALSE	0.00048102	1460	9	115390113	116159540	0.00141400095115681
psoriasis	0.000500431	0.00175056	FALSE	0.00595935	1461	9	116159541	117054909	0.0140920148796499
psa	0.00119097	0.00247574	FALSE	0.0531358	1461	9	116159541	117054909	0.104026425352113
crohn	0.00299216	0.00518152	FALSE	3.45225e-08	1461	9	116159541	117054909	4.7026381097561e-07
uc	0.00104096	0.00187936	FALSE	0.00861398	1461	9	116159541	117054909	0.0192119010761421
cad	0.000116328	0.000225828	FALSE	0.0010313	1461	9	116159541	117054909	0.00272039573241061
psoriasis	0.00119184	0.00416916	FALSE	3.18004e-09	1462	9	117054910	117989017	6.02533894736842e-08
psa	0.000719524	0.00149571	FALSE	0.136263	1462	9	117054910	117989017	0.20180197716895
crohn	0.006275	0.0108664	FALSE	2.22849e-25	1462	9	117054910	117989017	4.14870555e-23
uc	0.00338702	0.00611497	FALSE	7.29474e-13	1462	9	117054910	117989017	4.32952676756757e-11
cad	0.000135053	0.000262181	FALSE	8.02489e-05	1462	9	117054910	117989017	0.000307934956879195
psoriasis	0.000351938	0.00123111	FALSE	0.0107999	1463	9	117989018	119001227	0.0226703440233236
psa	7.0754e-05	0.00014708	FALSE	0.431305	1463	9	117989018	119001227	0.447833104477612
crohn	0.00165544	0.00286673	FALSE	4.52251e-05	1463	9	117989018	119001227	0.00023225947908046
uc	0.00121233	0.00218876	FALSE	0.000394845	1463	9	117989018	119001227	0.00159097177981651
cad	6.18624e-05	0.000120094	FALSE	0.0153749	1463	9	117989018	119001227	0.0256099026219956
psa	0.000899174	0.00186916	FALSE	0.0892952	1464	9	119001228	119890464	0.149929645556514
crohn	0.000667413	0.00115576	FALSE	0.0654049	1464	9	119001228	119890464	0.0942674494193548
uc	0.00260095	0.00469578	FALSE	6.47081e-09	1464	9	119001228	119890464	1.70442017142857e-07
cad	0.000162518	0.000315499	FALSE	4.95638e-06	1464	9	119001228	119890464	2.77145258190709e-05
psoriasis	0.000363394	0.00127119	FALSE	0.0162441	1465	9	119890465	121008529	0.0315249380053908
psa	0.00110224	0.00229129	FALSE	0.0454394	1465	9	119890465	121008529	0.0937699601272534
crohn	0.000638895	0.00110637	FALSE	0.0652935	1465	9	119890465	121008529	0.094167642995481
uc	0.00102818	0.00185629	FALSE	0.00426546	1465	9	119890465	121008529	0.0110589730342385
cad	9.70938e-05	0.000188489	FALSE	0.00176554	1465	9	119890465	121008529	0.00412861961145194
psoriasis	0.000696974	0.00243808	FALSE	0.000459114	1466	9	121008530	122677719	0.0016865412244898
psa	0.00165722	0.00344495	FALSE	0.0165818	1466	9	121008530	122677719	0.0460316445078459
crohn	0.00121876	0.00211053	FALSE	0.00889514	1466	9	121008530	122677719	0.0186589133896714
uc	0.000916796	0.00165519	FALSE	0.0196816	1466	9	121008530	122677719	0.0368778102389078
cad	0.000172135	0.000334168	FALSE	1.07404e-05	1466	9	121008530	122677719	5.37490039387308e-05
psa	0.000649597	0.00135035	FALSE	0.133919	1467	9	122677720	124119883	0.199698370881226
uc	0.0007855	0.00141815	FALSE	0.014252	1467	9	122677720	124119883	0.0287486446280992
cad	0.000147041	0.000285453	FALSE	5.0735e-06	1467	9	122677720	124119883	2.83002304878049e-05
psoriasis	0.000355187	0.00124248	FALSE	0.0200321	1468	9	124119884	125137578	0.037204932072227
psa	0.00224175	0.00466005	FALSE	0.000776627	1468	9	124119884	125137578	0.00497143467763158
crohn	0.000748311	0.00129585	FALSE	0.0426638	1468	9	124119884	125137578	0.0675006580736544
uc	0.00103473	0.00186811	FALSE	0.00457639	1468	9	124119884	125137578	0.0116451360834299
cad	0.000228568	0.000443723	FALSE	9.84963e-10	1468	9	124119884	125137578	1.63232636304348e-08
psoriasis	0.000184238	0.000644481	FALSE	0.0908633	1469	9	125137579	126092931	0.127114461139896
psa	0.00074388	0.00154635	FALSE	0.083321	1469	9	125137579	126092931	0.142731220070423
crohn	0.000505446	0.00087528	FALSE	0.0762494	1469	9	125137579	126092931	0.106131563613707
uc	0.000768263	0.00138703	FALSE	0.0094265	1469	9	125137579	126092931	0.0204956376237624
cad	3.01531e-05	5.85366e-05	FALSE	0.118629	1469	9	125137579	126092931	0.145160258426966
psoriasis	0.000383027	0.00133987	FALSE	0.011242	1470	9	126092932	127184582	0.0233903676612127
psa	0.00168355	0.00349968	FALSE	0.00565643	1470	9	126092932	127184582	0.0212498316216216
crohn	0.00210799	0.0036504	FALSE	3.93251e-06	1470	9	126092932	127184582	2.93820312374582e-05
uc	0.000578394	0.00104424	FALSE	0.0559205	1470	9	126092932	127184582	0.0854861386221294
cad	8.15982e-05	0.000158408	FALSE	0.00547547	1470	9	126092932	127184582	0.0105942469458545
psoriasis	0.000582084	0.00203618	FALSE	2.31942e-05	1471	9	127184583	128785782	0.00014437888184438
psa	0.000791768	0.00164589	FALSE	0.049484	1471	9	127184583	128785782	0.0987649887179487
crohn	0.000221125	0.000382922	FALSE	0.221063	1471	9	127184583	128785782	0.250179707193516
cad	3.30898e-05	6.42376e-05	FALSE	0.0731212	1471	9	127184583	128785782	0.0963851206916427
psoriasis	0.000431398	0.00150907	FALSE	0.0103785	1472	9	128785783	129617771	0.0218921484375
psa	0.00118667	0.0024668	FALSE	0.0474367	1472	9	128785783	129617771	0.0965604792887029
crohn	0.00035703	0.00061827	FALSE	0.20872	1472	9	128785783	129617771	0.240068192485847
uc	0.000137936	0.000249032	FALSE	0.350626	1472	9	128785783	129617771	0.374319249392319
cad	0.000187229	0.00036347	FALSE	6.8914e-07	1472	9	128785783	129617771	5.11708824675325e-06
psoriasis	0.000676243	0.00236556	FALSE	2.40923e-05	1473	9	129617772	130902727	0.000148260307692308
psa	7.9044e-05	0.000164313	FALSE	0.425145	1473	9	129617772	130902727	0.443884270386266
crohn	0.000883437	0.00152985	FALSE	0.0116461	1473	9	129617772	130902727	0.0232541448214286
uc	0.000700809	0.00126525	FALSE	0.0189554	1473	9	129617772	130902727	0.035822769707401
cad	0.000170529	0.00033105	FALSE	1.0143e-07	1473	9	129617772	130902727	9.74665588235294e-07
psoriasis	0.000624847	0.00218577	FALSE	0.000189361	1474	9	130902728	132193798	0.00081803952
psa	0.000560275	0.00116467	FALSE	0.170484	1474	9	130902728	132193798	0.236634710413695
crohn	0.000693772	0.00120141	FALSE	0.0435758	1474	9	130902728	132193798	0.0687003085391673
uc	0.000681759	0.00123086	FALSE	0.0287408	1474	9	130902728	132193798	0.0501308949960286
cad	0.000195664	0.000379844	FALSE	1.53188e-08	1474	9	130902728	132193798	1.83289422797927e-07
psoriasis	9.51678e-05	0.000332906	FALSE	0.26593	1475	9	132193799	132999452	0.301685294117647
psa	0.00115282	0.00239642	FALSE	0.0371337	1475	9	132193799	132999452	0.0802913113333333
crohn	0.000389578	0.000674633	FALSE	0.165864	1475	9	132193799	132999452	0.19964449137931
uc	0.000575523	0.00103906	FALSE	0.0579692	1475	9	132193799	132999452	0.0880034479612992
cad	0.000135889	0.000263804	FALSE	3.71828e-05	1475	9	132193799	132999452	0.000154052651449275
psoriasis	0.000599062	0.00209558	FALSE	0.00165704	1476	9	132999453	134141936	0.00484987317073171
psa	0.00217963	0.00453091	FALSE	0.00270779	1476	9	132999453	134141936	0.0128338936739659
crohn	0.00181644	0.00314553	FALSE	0.000276142	1476	9	132999453	134141936	0.00103506917449664
uc	0.000975859	0.00176183	FALSE	0.013266	1476	9	132999453	134141936	0.0270744758364312
cad	0.000205955	0.000399824	FALSE	2.41145e-07	1476	9	132999453	134141936	2.05783065298507e-06
psoriasis	6.90496e-05	0.000241542	FALSE	0.323424	1477	9	134141937	135135887	0.352292405446293
psa	0.00137543	0.00285919	FALSE	0.0201379	1477	9	134141937	135135887	0.052460981793842
crohn	0.00156963	0.00271813	FALSE	0.000368002	1477	9	134141937	135135887	0.00131749433974359
uc	0.00114836	0.00207327	FALSE	0.00200164	1477	9	134141937	135135887	0.00607127270718232
cad	9.17748e-05	0.000178164	FALSE	0.00298009	1477	9	134141937	135135887	0.00636084675373134
psoriasis	0.000179908	0.000629335	FALSE	0.149487	1478	9	135135888	136042490	0.190496707964602
psa	0.00063969	0.00132976	FALSE	0.169271	1478	9	135135888	136042490	0.235454872051465
crohn	0.00190841	0.00330479	FALSE	6.58354e-05	1478	9	135135888	136042490	0.000312928262978723
uc	0.00193035	0.00348507	FALSE	7.35301e-06	1478	9	135135888	136042490	6.22837966153846e-05
cad	3.34084e-05	6.48562e-05	FALSE	0.15114	1478	9	135135888	136042490	0.176355704081633
psoriasis	0.000791116	0.0027674	FALSE	2.17547e-05	1479	9	136042491	136770926	0.000136599279069767
psa	0.001234	0.00256518	FALSE	0.0357918	1479	9	136042491	136770926	0.0782593739325843
crohn	0.00154827	0.00268115	FALSE	0.000586721	1479	9	136042491	136770926	0.00193895667751479
uc	0.00105458	0.00190394	FALSE	0.00477968	1479	9	136042491	136770926	0.012078454867664
cad	0.000337201	0.000654612	FALSE	3.59628e-16	1479	9	136042491	136770926	1.713477575e-14
psoriasis	0.000739567	0.00258708	FALSE	9.36849e-05	1480	9	136770927	137593527	0.000447697752212389
psa	0.00107867	0.00224228	FALSE	0.0573253	1480	9	136770927	137593527	0.109738326843658
crohn	0.00184756	0.00319942	FALSE	8.4015e-05	1480	9	136770927	137593527	0.000382259694501018
uc	0.000417063	0.00075297	FALSE	0.136784	1480	9	136770927	137593527	0.176796741612713
cad	0.000178257	0.000346053	FALSE	1.02632e-06	1480	9	136770927	137593527	7.3579744200627e-06
psoriasis	0.000821787	0.00287469	FALSE	5.69021e-05	1481	9	137593528	138202112	0.000303477866666667
psa	0.00346917	0.00721155	FALSE	1.59842e-05	1481	9	137593528	138202112	0.000285132828828829
crohn	0.00135463	0.00234582	FALSE	0.00444651	1481	9	137593528	138202112	0.0105619768969182
uc	0.00197541	0.00356642	FALSE	1.81541e-05	1481	9	137593528	138202112	0.000133332453511706
cad	3.9423e-05	7.65324e-05	FALSE	0.134186	1481	9	137593528	138202112	0.160252418798956
psoriasis	0.00135779	0.00474968	FALSE	3.66372e-10	1482	9	138202113	138995791	8.89172494382022e-09
psa	0.00291173	0.00605278	FALSE	8.57174e-05	1482	9	138202113	138995791	0.000926700335555556
crohn	0.0019522	0.00338063	FALSE	6.27209e-05	1482	9	138202113	138995791	0.000303286776190476
uc	0.0011256	0.00203217	FALSE	0.0041341	1482	9	138202113	138995791	0.0107948675386445
cad	0.000155846	0.000302545	FALSE	1.96073e-05	1482	9	138202113	138995791	8.87958318811881e-05
psoriasis	0.000404589	0.00141529	FALSE	0.0109486	1483	9	138995792	140097759	0.0229181860465116
psa	0.00197781	0.00411139	FALSE	0.00209344	1483	9	138995792	140097759	0.0105877020207254
crohn	0.00722891	0.0125183	FALSE	5.27906e-32	1483	9	138995792	140097759	1.179342004e-29
uc	0.00383363	0.00692128	FALSE	6.47817e-16	1483	9	138995792	140097759	7.48740069473684e-14
cad	0.00016457	0.000319482	FALSE	2.06623e-06	1483	9	138995792	140097759	1.32737865449438e-05
psoriasis	3.8745e-05	0.000135534	FALSE	0.353002	1484	9	140097760	141146682	0.377654442793462
psa	4.21571e-05	8.76344e-05	FALSE	0.440914	1484	9	140097760	141146682	0.453978118518518
crohn	0.000299572	0.000518769	FALSE	0.154931	1484	9	140097760	141146682	0.189548660460022
uc	5.56378e-05	0.000100449	FALSE	0.394366	1484	9	140097760	141146682	0.410397135007106
cad	0.000121568	0.000236001	FALSE	3.75498e-06	1484	9	140097760	141146682	2.17960387309645e-05
psoriasis	0.000233508	0.000816833	FALSE	0.0756939	1485	10	60515	1329232	0.109952134498991
crohn	0.000583428	0.00101032	FALSE	0.0786768	1485	10	60515	1329232	0.108362497657213
uc	0.00187609	0.00338712	FALSE	3.13825e-06	1485	10	60515	1329232	3.19055416666667e-05
cad	9.65489e-05	0.000187432	FALSE	0.00160607	1485	10	60515	1329232	0.00385827950630252
psoriasis	0.000431404	0.00150909	FALSE	0.0080355	1486	10	1329233	1872960	0.0177652814738997
psa	0.000370352	0.000769871	FALSE	0.275621	1486	10	1329233	1872960	0.328651020833333
crohn	0.000351522	0.000608731	FALSE	0.200666	1486	10	1329233	1872960	0.232514441908714
cad	0.000101594	0.000197227	FALSE	0.00162237	1486	10	1329233	1872960	0.00387739603340292
psoriasis	0.000440703	0.00154162	FALSE	0.00647503	1487	10	1872961	2637065	0.0151037416846652
psa	0.000975158	0.00202712	FALSE	0.0698258	1487	10	1872961	2637065	0.125467226962142
crohn	0.000266803	0.000462023	FALSE	0.254837	1487	10	1872961	2637065	0.282393778769841
uc	0.000935794	0.00168949	FALSE	0.00897855	1487	10	1872961	2637065	0.0197366324324324
cad	5.70104e-05	0.000110675	FALSE	0.0388322	1487	10	1872961	2637065	0.056530389178867
psoriasis	0.000266416	0.00093195	FALSE	0.0606619	1488	10	2637066	3225336	0.0924697981651376
psa	0.00107019	0.00222466	FALSE	0.0548589	1488	10	2637066	3225336	0.105847564158416
crohn	0.00157213	0.00272246	FALSE	0.000442038	1488	10	2637066	3225336	0.00153102773953488
uc	0.000566836	0.00102337	FALSE	0.0685682	1488	10	2637066	3225336	0.100587802004008
cad	4.54335e-05	8.82006e-05	FALSE	0.0774026	1488	10	2637066	3225336	0.101186289371429
psoriasis	0.00088639	0.00310068	FALSE	1.6586e-06	1489	10	3225337	3880322	1.50873277310924e-05
psa	0.00124793	0.00259414	FALSE	0.0290856	1489	10	3225337	3880322	0.0674465066666667
crohn	0.00114834	0.00198858	FALSE	0.00495351	1489	10	3225337	3880322	0.0115870756485356
uc	0.00110217	0.00198987	FALSE	0.00256289	1489	10	3225337	3880322	0.00742494253298153
cad	5.63684e-05	0.000109429	FALSE	0.0371283	1489	10	3225337	3880322	0.0543613457746479
psoriasis	0.000786446	0.00275106	FALSE	6.31165e-05	1490	10	3880323	4813182	0.000328509975903614
psa	0.000645637	0.00134212	FALSE	0.178173	1490	10	3880323	4813182	0.244000463054187
crohn	0.00319888	0.00553949	FALSE	4.38119e-09	1490	10	3880323	4813182	8.08890781818182e-08
uc	0.00182405	0.00329316	FALSE	3.50713e-05	1490	10	3880323	4813182	0.000231281005405405
cad	0.000136387	0.00026477	FALSE	0.000169829	1490	10	3880323	4813182	0.000592071528963415
psoriasis	0.000124907	0.000436936	FALSE	0.178995	1491	10	4813183	5396242	0.220176082004556
crohn	0.000518642	0.000898133	FALSE	0.0760879	1491	10	4813183	5396242	0.10605925452277
uc	0.000534391	0.000964796	FALSE	0.0485098	1491	10	4813183	5396242	0.0760367743040685
psoriasis	0.00242827	0.00849432	FALSE	1.09125e-22	1492	10	5396243	6234718	9.06576923076923e-21
psa	0.00322934	0.00671301	FALSE	3.33138e-05	1492	10	5396243	6234718	0.000456539822535211
crohn	0.00378189	0.0065491	FALSE	2.80891e-11	1492	10	5396243	6234718	1.08191464482759e-09
uc	0.00170969	0.00308669	FALSE	0.000102014	1492	10	5396243	6234718	0.000554511742574257
cad	2.60077e-05	5.04891e-05	FALSE	0.220573	1492	10	5396243	6234718	0.243343198745779
psoriasis	0.00180271	0.00630605	FALSE	5.06525e-15	1493	10	6234719	6897037	2.43132e-13
psa	0.00337794	0.00702191	FALSE	1.31562e-05	1493	10	6234719	6897037	0.000258605709090909
crohn	0.00304758	0.00527749	FALSE	1.56746e-08	1493	10	6234719	6897037	2.39842852054795e-07
uc	0.00199475	0.00360135	FALSE	8.21391e-06	1493	10	6234719	6897037	6.83247968181818e-05
cad	0.000178075	0.0003457	FALSE	2.88892e-06	1493	10	6234719	6897037	1.75053859102902e-05
psoriasis	8.20597e-05	0.000287053	FALSE	0.318323	1494	10	6897038	7659872	0.347086158505805
psa	0.00252633	0.00525162	FALSE	0.000672073	1494	10	6897038	7659872	0.00440354901683502
crohn	0.00135631	0.00234873	FALSE	0.00368086	1494	10	6897038	7659872	0.00910635796234773
uc	0.00260666	0.00470609	FALSE	4.23481e-08	1494	10	6897038	7659872	8.30325246428571e-07
cad	0.000145624	0.000282702	FALSE	8.68995e-05	1494	10	6897038	7659872	0.000328494473553719
psoriasis	0.00148846	0.00520678	FALSE	2.80315e-10	1495	10	7659873	8771920	6.95954482758621e-09
psa	0.00167038	0.00347232	FALSE	0.0202383	1495	10	7659873	8771920	0.0525817514018692
crohn	0.0025473	0.00441116	FALSE	5.27515e-06	1495	10	7659873	8771920	3.74116987301587e-05
uc	0.00547483	0.00988433	FALSE	4.0494e-21	1495	10	7659873	8771920	8.8924824e-19
cad	0.00014191	0.000275492	FALSE	0.000296359	1495	10	7659873	8771920	0.000946049287308229
psoriasis	0.000130048	0.000454919	FALSE	0.203984	1496	10	8771921	10081279	0.244373510815308
psa	0.0014055	0.00292169	FALSE	0.0176579	1496	10	8771921	10081279	0.047659186407767
crohn	0.000471093	0.000815792	FALSE	0.12771	1496	10	8771921	10081279	0.16164540509915
uc	0.00143362	0.00258827	FALSE	0.000214471	1496	10	8771921	10081279	0.000984535425
cad	4.91692e-05	9.54528e-05	FALSE	0.0582487	1496	10	8771921	10081279	0.0798649741606715
psoriasis	0.000207965	0.000727482	FALSE	0.111161	1497	10	10081280	10969481	0.150167954971857
psa	0.000852034	0.00177117	FALSE	0.101028	1497	10	10081280	10969481	0.163970381984988
crohn	0.00117017	0.00202639	FALSE	0.00588971	1497	10	10081280	10969481	0.013439848968335
cad	0.000194285	0.000377167	FALSE	1.4344e-07	1497	10	10081280	10969481	1.30177492063492e-06
psoriasis	0.000396785	0.00138799	FALSE	0.0175283	1498	10	10969482	11856924	0.0334462261484099
psa	3.35346e-06	6.97103e-06	FALSE	0.483569	1498	10	10969482	11856924	0.483569
crohn	0.00151763	0.00262808	FALSE	0.00119185	1498	10	10969482	11856924	0.00353129031830239
uc	0.000785244	0.00141769	FALSE	0.0299908	1498	10	10969482	11856924	0.0516952879120879
cad	7.80768e-05	0.000151571	FALSE	0.0141109	1498	10	10969482	11856924	0.0236595515395894
psoriasis	0.000374715	0.00131079	FALSE	0.0117372	1499	10	11856925	12581571	0.024237430210325
psa	0.000559649	0.00116337	FALSE	0.173458	1499	10	11856925	12581571	0.239126464589235
crohn	0.000173917	0.000301172	FALSE	0.316701	1499	10	11856925	12581571	0.338521547368421
uc	0.000391001	0.000705918	FALSE	0.129521	1499	10	11856925	12581571	0.169909268817204
cad	0.000133536	0.000259235	FALSE	3.41223e-05	1499	10	11856925	12581571	0.000143188440550459
psoriasis	0.000441457	0.00154426	FALSE	0.00888527	1500	10	12581572	13208061	0.019249932998997
psa	0.00144433	0.00300241	FALSE	0.0220702	1500	10	12581572	13208061	0.0554873651612903
crohn	0.000991101	0.00171629	FALSE	0.0178103	1500	10	12581572	13208061	0.032693681347576
uc	0.00147629	0.00266531	FALSE	0.000345861	1500	10	12581572	13208061	0.00143034040677966
cad	2.41439e-05	4.68708e-05	FALSE	0.225415	1500	10	12581572	13208061	0.247729026910139
psoriasis	0.00130144	0.00455255	FALSE	2.88534e-09	1501	10	13208062	14008135	5.56458428571429e-08
psa	0.00160998	0.00334676	FALSE	0.017494	1501	10	13208062	14008135	0.0474471660167131
crohn	0.000477204	0.000826375	FALSE	0.156531	1501	10	13208062	14008135	0.19077482487725
uc	0.00252758	0.00456333	FALSE	1.13017e-07	1501	10	13208062	14008135	2.00149461290323e-06
cad	4.34055e-05	8.42636e-05	FALSE	0.109479	1501	10	13208062	14008135	0.136446034332425
psoriasis	0.000548553	0.00191889	FALSE	0.00295723	1502	10	14008136	14820755	0.00783756662576687
psa	0.000975242	0.00202729	FALSE	0.0916318	1502	10	14008136	14820755	0.152253744880546
crohn	0.00153781	0.00266302	FALSE	0.00140206	1502	10	14008136	14820755	0.00405200781371281
uc	0.000774394	0.0013981	FALSE	0.0358407	1502	10	14008136	14820755	0.0592666996987952
cad	0.000263103	0.000510765	FALSE	2.57321e-10	1502	10	14008136	14820755	4.86357956198347e-09
psoriasis	0.000286453	0.00100204	FALSE	0.0554975	1503	10	14820756	15946677	0.0864272530641673
psa	0.00261417	0.00543423	FALSE	0.000280777	1503	10	14820756	15946677	0.00234503022317597
crohn	0.000959613	0.00166176	FALSE	0.0204031	1503	10	14820756	15946677	0.0366697710378117
uc	0.000525456	0.000948664	FALSE	0.0925243	1503	10	14820756	15946677	0.127949220906801
cad	4.87636e-05	9.46655e-05	FALSE	0.0731168	1503	10	14820756	15946677	0.0963851206916427
psoriasis	0.000631494	0.00220903	FALSE	0.000710248	1504	10	15946678	17065860	0.00237482303405573
crohn	0.00147508	0.0025544	FALSE	0.00160526	1504	10	15946678	17065860	0.00453346861111111
uc	0.000610682	0.00110253	FALSE	0.0690943	1504	10	15946678	17065860	0.101221536224149
cad	0.000151279	0.00029368	FALSE	3.8738e-05	1504	10	15946678	17065860	0.000160205797468354
psoriasis	0.000369274	0.00129176	FALSE	0.0258739	1505	10	17065861	18529742	0.0463413134328358
psa	0.00241259	0.00501518	FALSE	0.000927993	1505	10	17065861	18529742	0.00564767511875
crohn	0.00215453	0.003731	FALSE	2.09524e-05	1505	10	17065861	18529742	0.000118547916962025
uc	0.00046825	0.000845385	FALSE	0.125378	1505	10	17065861	18529742	0.165165019796041
cad	0.000150843	0.000292833	FALSE	4.50877e-05	1505	10	17065861	18529742	0.000183040288297872
psa	0.000847207	0.00176114	FALSE	0.0840562	1506	10	18529743	19421514	0.143611382967515
crohn	0.00127068	0.00220043	FALSE	0.00174438	1506	10	18529743	19421514	0.00487727774718398
cad	0.000104914	0.000203671	FALSE	0.000619141	1506	10	18529743	19421514	0.00176775963420724
psoriasis	0.00021544	0.000753631	FALSE	0.0398088	1507	10	19421515	19965624	0.066348
psa	0.000603419	0.00125436	FALSE	0.0965108	1507	10	19421515	19965624	0.158891723181049
crohn	0.000962077	0.00166603	FALSE	0.0021641	1507	10	19421515	19965624	0.00585302590799031
uc	8.52525e-05	0.000153916	FALSE	0.352417	1507	10	19421515	19965624	0.375501082969432
crohn	0.00142375	0.00246551	FALSE	0.000241943	1508	10	19965625	20616432	0.000922356078498294
uc	0.00015305	0.000276318	FALSE	0.298661	1508	10	19965625	20616432	0.329246765060241
cad	7.25098e-05	0.000140764	FALSE	0.00573345	1508	10	19965625	20616432	0.0110095719143577
crohn	0.000901988	0.00156197	FALSE	0.0172779	1509	10	20616433	21477692	0.0319526726821192
uc	0.000797592	0.00143998	FALSE	0.0165132	1509	10	20616433	21477692	0.0322581664
cad	3.38768e-05	6.57656e-05	FALSE	0.127106	1509	10	20616433	21477692	0.1531567028451
psoriasis	0.000363601	0.00127191	FALSE	0.0148144	1510	10	21477693	23365685	0.0292496380255941
psa	0.000906286	0.00188395	FALSE	0.0733966	1510	10	21477693	23365685	0.130426566240876
crohn	0.00110608	0.0019154	FALSE	0.00528252	1510	10	21477693	23365685	0.0122673073596674
cad	8.57236e-05	0.000166416	FALSE	0.00372669	1510	10	21477693	23365685	0.00769218414259928
psoriasis	0.000327973	0.00114728	FALSE	0.011044	1511	10	23365686	24489447	0.023048347826087
crohn	0.00104448	0.00180873	FALSE	0.00276698	1511	10	23365686	24489447	0.0071877131627907
uc	0.00157842	0.0028497	FALSE	4.96258e-06	1511	10	23365686	24489447	4.5407607e-05
cad	8.52346e-05	0.000165467	FALSE	0.0012102	1511	10	23365686	24489447	0.00307867341490545
psoriasis	0.00024901	0.000871062	FALSE	0.0853658	1512	10	24489448	25577761	0.121149886990802
psa	0.000991472	0.00206103	FALSE	0.0798457	1512	10	24489448	25577761	0.138115317511111
crohn	0.00135563	0.00234755	FALSE	0.00284819	1512	10	24489448	25577761	0.00738150401392111
uc	0.00106424	0.0019214	FALSE	0.00614459	1512	10	24489448	25577761	0.0149071356119074
cad	0.000226056	0.000438846	FALSE	8.54269e-09	1512	10	24489448	25577761	1.09759168707865e-07
psoriasis	6.67791e-05	0.0002336	FALSE	0.276622	1513	10	25577762	26161974	0.310869266770671
psa	0.000930476	0.00193423	FALSE	0.0320129	1513	10	25577762	26161974	0.0719366090069284
crohn	0.000470206	0.000814255	FALSE	0.0708746	1513	10	25577762	26161974	0.100465644923858
cad	2.5016e-05	4.85638e-05	FALSE	0.136347	1513	10	25577762	26161974	0.162578513555787
crohn	0.000703992	0.0012191	FALSE	0.0147838	1514	10	26161975	26888716	0.0278473939291737
uc	0.000601913	0.0010867	FALSE	0.0165772	1514	10	26161975	26888716	0.032329956660746
cad	3.39581e-05	6.59233e-05	FALSE	0.0673298	1514	10	26161975	26888716	0.0902598198124267
psoriasis	0.000239332	0.000837206	FALSE	0.027898	1515	10	26888717	27669566	0.0493838624078624
uc	0.000621633	0.0011223	FALSE	0.0146638	1515	10	26888717	27669566	0.0293603398359161
cad	1.25769e-05	2.44158e-05	FALSE	0.27046	1515	10	26888717	27669566	0.289573583060365
psoriasis	0.000617544	0.00216023	FALSE	0.000110062	1516	10	27669567	28734422	0.000512357586206897
psa	0.00284487	0.0059138	FALSE	1.09456e-05	1516	10	27669567	28734422	0.000229803767741936
crohn	0.000285251	0.00049397	FALSE	0.215627	1516	10	27669567	28734422	0.245770774489796
uc	0.000644805	0.00116414	FALSE	0.0304977	1516	10	27669567	28734422	0.0521258624124514
cad	4.95638e-05	9.62189e-05	FALSE	0.0420349	1516	10	27669567	28734422	0.0606140077553594
psoriasis	0.000127907	0.00044743	FALSE	0.194336	1517	10	28734423	29393749	0.235294708520179
psa	0.000416047	0.000864861	FALSE	0.233512	1517	10	28734423	29393749	0.292406836012862
uc	0.000618092	0.00111591	FALSE	0.0406136	1517	10	28734423	29393749	0.0655308343864805
cad	4.25864e-05	8.26736e-05	FALSE	0.0730018	1517	10	28734423	29393749	0.0963387862665897
psoriasis	7.75223e-05	0.00027118	FALSE	0.29535	1518	10	29393750	30000223	0.327324781939456
psa	0.000585647	0.00121742	FALSE	0.163349	1518	10	29393750	30000223	0.229846098336949
crohn	0.00158976	0.00275299	FALSE	0.00018813	1518	10	29393750	30000223	0.000750504321428571
uc	0.00095038	0.00171583	FALSE	0.00558016	1518	10	29393750	30000223	0.0137685745617978
cad	9.61659e-05	0.000186688	FALSE	0.00138731	1518	10	29393750	30000223	0.00345242434167573
psoriasis	0.000193805	0.000677949	FALSE	0.135294	1519	10	30000224	30919469	0.175305962807439
psa	0.00270101	0.00561475	FALSE	0.000205044	1519	10	30000224	30919469	0.00186455899065421
crohn	0.00254465	0.00440656	FALSE	6.21909e-07	1519	10	30000224	30919469	5.98855476724138e-06
uc	0.00152138	0.00274671	FALSE	0.000254503	1519	10	30000224	30919469	0.00111554608383234
cad	0.000237941	0.000461919	FALSE	1.58204e-09	1519	10	30000224	30919469	2.46130985034014e-08
psoriasis	0.00011839	0.000414138	FALSE	0.20526	1520	10	30919470	32457293	0.245765853658537
psa	0.00167728	0.00348665	FALSE	0.0038695	1520	10	30919470	32457293	0.0161588991416309
crohn	0.000712558	0.00123394	FALSE	0.0355256	1520	10	30919470	32457293	0.0577614195050946
uc	0.000486797	0.000878869	FALSE	0.0750642	1520	10	30919470	32457293	0.108098928
cad	0.000165225	0.000320753	FALSE	4.20089e-07	1520	10	30919470	32457293	3.35924315734266e-06
psoriasis	0.00046914	0.0016411	FALSE	0.000905565	1521	10	32457294	33655458	0.00290210741839763
crohn	0.000687782	0.00119103	FALSE	0.0282543	1521	10	32457294	33655458	0.0479271876993166
uc	0.000782182	0.00141216	FALSE	0.00804843	1521	10	32457294	33655458	0.0182209817319588
cad	8.15688e-05	0.000158351	FALSE	0.00182194	1521	10	32457294	33655458	0.00423883700915565
psoriasis	0.000495722	0.00173408	FALSE	0.00596301	1522	10	33655459	35178224	0.0140920148796499
psa	0.000970603	0.00201765	FALSE	0.0920473	1522	10	33655459	35178224	0.152575848211244
crohn	0.00159488	0.00276185	FALSE	0.000983712	1522	10	33655459	35178224	0.00297779486178862
uc	0.000999461	0.00180444	FALSE	0.011192	1522	10	33655459	35178224	0.0237694700193424
cad	0.000128453	0.000249368	FALSE	0.000401911	1522	10	33655459	35178224	0.00121744431390728
psoriasis	3.21592e-05	0.000112496	FALSE	0.397879	1523	10	35178225	36475838	0.412586961113778
psa	0.00188867	0.00392609	FALSE	0.00165221	1523	10	35178225	36475838	0.00890637301939058
crohn	0.00286008	0.0049528	FALSE	1.07688e-09	1523	10	35178225	36475838	2.48015455670103e-08
uc	0.00107107	0.00193373	FALSE	0.00181595	1523	10	35178225	36475838	0.00562457856135402
cad	0.000105393	0.000204601	FALSE	0.000422269	1523	10	35178225	36475838	0.0012723704914361
psa	0.000437231	0.000908897	FALSE	0.205831	1524	10	36475839	37561443	0.267031417333333
crohn	0.000619392	0.0010726	FALSE	0.0483655	1524	10	36475839	37561443	0.0746801994478951
psa	0.000323155	0.000671761	FALSE	0.149905	1525	10	37561444	38566460	0.216727436849926
crohn	0.000298479	0.000516877	FALSE	0.0817484	1525	10	37561444	38566460	0.111796250673195
uc	0.000150043	0.000270889	FALSE	0.193353	1525	10	37561444	38566460	0.231995226652103
uc	9.44677e-06	1.70553e-05	FALSE	0.376335	1526	10	38566461	42392742	0.395043814531549
psoriasis	7.51735e-06	2.62964e-05	FALSE	0.405284	1527	10	42392743	42984427	0.417858443914081
crohn	0.000228058	0.000394928	FALSE	0.071158	1527	10	42392743	42984427	0.100739525982256
uc	0.00031672	0.00057181	FALSE	0.0170302	1527	10	42392743	42984427	0.0329055189473684
cad	4.19872e-06	8.15103e-06	FALSE	0.311709	1527	10	42392743	42984427	0.325961812071331
psoriasis	0.000110684	0.000387183	FALSE	0.171407	1528	10	42984428	43769842	0.212171415472779
crohn	0.000811962	0.00140608	FALSE	0.00765724	1528	10	42984428	43769842	0.0165758470542636
uc	0.000165697	0.000299152	FALSE	0.254507	1528	10	42984428	43769842	0.287794733264676
cad	2.87449e-05	5.58029e-05	FALSE	0.102878	1528	10	42984428	43769842	0.129560564977974
psoriasis	9.70459e-05	0.000339476	FALSE	0.251602	1529	10	43769843	44893846	0.288767438894793
psa	0.00133617	0.00277757	FALSE	0.0170328	1529	10	43769843	44893846	0.0468161423728814
crohn	0.00175839	0.00304501	FALSE	4.28641e-05	1529	10	43769843	44893846	0.000222693952093023
uc	0.000353373	0.000637983	FALSE	0.148314	1529	10	43769843	44893846	0.18750578238342
cad	0.000422113	0.000819454	FALSE	2.01559e-24	1529	10	43769843	44893846	2.19507349047619e-22
crohn	0.00111064	0.0019233	FALSE	0.00367646	1530	10	44893847	46327144	0.00910555614190687
cad	0.000115478	0.000224178	FALSE	0.00014463	1530	10	44893847	46327144	0.000514414945567652
psoriasis	0.000100907	0.000352982	FALSE	0.222171	1531	10	46327145	49197320	0.261520087193461
psa	0.000209223	0.000434923	FALSE	0.323731	1531	10	46327145	49197320	0.369684073900293
crohn	0.000669815	0.00115992	FALSE	0.0283116	1531	10	46327145	49197320	0.0479879471927162
uc	0.000408909	0.00073825	FALSE	0.0842479	1531	10	46327145	49197320	0.118671192046183
cad	9.0542e-05	0.00017577	FALSE	0.000578547	1531	10	46327145	49197320	0.00166148684818068
psa	0.00294085	0.00611332	FALSE	6.33711e-06	1532	10	49197321	50145673	0.000150450006341463
crohn	0.00135032	0.00233836	FALSE	0.000647757	1532	10	49197321	50145673	0.00210332723546512
uc	0.000248776	0.000449143	FALSE	0.216523	1532	10	49197321	50145673	0.253186638977636
cad	4.2056e-05	8.16438e-05	FALSE	0.0684516	1532	10	49197321	50145673	0.0914955050847458
crohn	0.000659947	0.00114283	FALSE	0.0523379	1533	10	50145674	51724039	0.0795393663945578
uc	0.00113637	0.00205161	FALSE	0.00141978	1533	10	50145674	51724039	0.00460537205317578
cad	5.17385e-05	0.000100441	FALSE	0.0428479	1533	10	50145674	51724039	0.0616309102515723
psoriasis	0.000191629	0.000670336	FALSE	0.102649	1534	10	51724040	53129609	0.141044427480916
psa	0.000163197	0.000339246	FALSE	0.374009	1534	10	51724040	53129609	0.408938780898876
crohn	0.000916405	0.00158694	FALSE	0.0125012	1534	10	51724040	53129609	0.0244979656140351
uc	0.000163075	0.000294417	FALSE	0.300326	1534	10	51724040	53129609	0.330916154540893
cad	5.29379e-05	0.000102769	FALSE	0.0359527	1534	10	51724040	53129609	0.0529110842342342
psa	7.94301e-05	0.000165116	FALSE	0.43075	1535	10	53129610	53919161	0.447777510683761
crohn	0.000551498	0.000955029	FALSE	0.0843814	1535	10	53129610	53919161	0.114565790400972
uc	0.000721803	0.00130315	FALSE	0.0234721	1535	10	53129610	53919161	0.0427048314830157
cad	3.62378e-05	7.0349e-05	FALSE	0.10755	1535	10	53129610	53919161	0.13462881773399
psoriasis	0.0002138	0.000747893	FALSE	0.110973	1536	10	53919162	55104428	0.150167954971857
psa	0.00136015	0.00282741	FALSE	0.0274031	1536	10	53919162	55104428	0.0649530238733252
crohn	0.000786567	0.0013621	FALSE	0.0433564	1536	10	53919162	55104428	0.0684510230388693
uc	0.00173209	0.00312713	FALSE	4.17618e-05	1536	10	53919162	55104428	0.000269732096470588
cad	9.9813e-05	0.000193768	FALSE	0.00245192	1536	10	53919162	55104428	0.00540746484088717
uc	2.22174e-05	4.01116e-05	FALSE	0.44892	1537	10	55104429	55867694	0.45388044198895
cad	2.27672e-05	4.41983e-05	FALSE	0.169038	1537	10	55104429	55867694	0.193876582748245
psoriasis	0.000681428	0.0023837	FALSE	0.000157276	1538	10	55867695	57044845	0.000703346086956522
psa	0.00188086	0.00390985	FALSE	0.00408306	1538	10	55867695	57044845	0.016903550955414
crohn	0.0017465	0.00302441	FALSE	0.000153521	1538	10	55867695	57044845	0.000637483111524164
uc	0.00129601	0.00233983	FALSE	0.000913815	1538	10	55867695	57044845	0.00318017979113924
cad	0.000149796	0.000290801	FALSE	1.90033e-05	1538	10	55867695	57044845	8.64026781312127e-05
crohn	0.000615618	0.00106607	FALSE	0.0125246	1539	10	57044846	57955671	0.0245223106047327
uc	0.000138238	0.000249577	FALSE	0.247318	1539	10	57044846	57955671	0.281404315025907
cad	1.9577e-06	3.80051e-06	FALSE	0.430645	1539	10	57044846	57955671	0.435597131800088
psoriasis	9.07701e-05	0.000317522	FALSE	0.156375	1540	10	57955672	58809133	0.19742601987142
psa	0.000341449	0.000709789	FALSE	0.163338	1540	10	57955672	58809133	0.229846098336949
crohn	2.07842e-05	3.5992e-05	FALSE	0.435843	1540	10	57955672	58809133	0.443384909836066
uc	0.000189533	0.000342185	FALSE	0.170114	1540	10	57955672	58809133	0.210343662162162
cad	7.57353e-06	1.47026e-05	FALSE	0.30687	1540	10	57955672	58809133	0.322820464581417
psoriasis	0.000114118	0.000399195	FALSE	0.160634	1541	10	58809134	59822946	0.201836374201046
psa	0.000128752	0.000267643	FALSE	0.368402	1541	10	58809134	59822946	0.405263025438101
uc	0.000234005	0.000422475	FALSE	0.17974	1541	10	58809134	59822946	0.21891504265928
psoriasis	0.000272363	0.000952751	FALSE	0.0573682	1542	10	59822947	61470383	0.0889966518305815
psa	0.000799517	0.001662	FALSE	0.113136	1542	10	59822947	61470383	0.177264618357488
crohn	0.00106829	0.00184996	FALSE	0.00984043	1542	10	59822947	61470383	0.0202054417463235
uc	0.00206467	0.00372757	FALSE	1.35893e-06	1542	10	59822947	61470383	1.62185341304348e-05
cad	9.90849e-05	0.000192355	FALSE	0.00204826	1542	10	59822947	61470383	0.00466484282587065
psoriasis	0.000174964	0.000612041	FALSE	0.135981	1543	10	61470384	62626465	0.175879616766467
psa	0.00101406	0.00210798	FALSE	0.0574681	1543	10	61470384	62626465	0.109809619178082
uc	0.000115534	0.000208586	FALSE	0.359085	1543	10	61470384	62626465	0.380758406566876
cad	9.13856e-05	0.000177408	FALSE	0.0027122	1543	10	61470384	62626465	0.00589059962013295
psoriasis	0.00102134	0.00357275	FALSE	4.66485e-08	1544	10	62626466	64069687	6.717384e-07
psa	0.000398956	0.000829333	FALSE	0.250142	1544	10	62626466	64069687	0.307604453569172
crohn	0.000404846	0.000701072	FALSE	0.156421	1544	10	62626466	64069687	0.19077482487725
uc	0.00260252	0.00469862	FALSE	1.44563e-09	1544	10	62626466	64069687	4.4091715e-08
cad	0.000176113	0.000341891	FALSE	3.64599e-07	1544	10	62626466	64069687	2.96739470818505e-06
psoriasis	0.000784886	0.0027456	FALSE	1.68226e-06	1545	10	64069688	65400431	1.514034e-05
psa	0.000383703	0.000797625	FALSE	0.234021	1545	10	64069688	65400431	0.292646924261874
crohn	0.00660146	0.0114318	FALSE	9.57239e-32	1545	10	64069688	65400431	1.94406538727273e-29
uc	0.00316489	0.00571394	FALSE	4.93557e-14	1545	10	64069688	65400431	3.49629410322581e-12
cad	0.000117024	0.00022718	FALSE	7.08996e-05	1545	10	64069688	65400431	0.000276623364224872
psoriasis	0.000217423	0.000760567	FALSE	0.0547999	1546	10	65400432	66510387	0.0856496266280753
crohn	0.0013142	0.0022758	FALSE	0.000321968	1546	10	65400432	66510387	0.00117914182295082
uc	0.000197631	0.000356806	FALSE	0.240366	1546	10	65400432	66510387	0.2749186125
cad	8.47694e-05	0.000164564	FALSE	0.00116661	1546	10	65400432	66510387	0.00298772348264278
psoriasis	0.000336103	0.00117572	FALSE	0.00166908	1547	10	66510388	67146043	0.00487850175913397
psa	0.000526188	0.00109382	FALSE	0.0916965	1547	10	66510388	67146043	0.152253744880546
crohn	0.000120043	0.000207878	FALSE	0.298099	1547	10	66510388	67146043	0.322027643133462
uc	0.000133454	0.000240939	FALSE	0.257774	1547	10	66510388	67146043	0.290591223819302
psoriasis	0.000335874	0.00117492	FALSE	0.00380648	1548	10	67146044	67769822	0.00963891770222743
psa	0.000349528	0.000726584	FALSE	0.204745	1548	10	67146044	67769822	0.266154822979292
crohn	0.000149548	0.000258973	FALSE	0.285465	1548	10	67146044	67769822	0.311201648780488
cad	2.34044e-05	4.54353e-05	FALSE	0.134122	1548	10	67146044	67769822	0.160252418798956
psoriasis	0.000639774	0.00223799	FALSE	4.27168e-05	1549	10	67769823	68623274	0.000234779358778626
psa	0.0025353	0.00527026	FALSE	3.65318e-05	1549	10	67769823	68623274	0.000480343802702703
crohn	0.000212554	0.00036808	FALSE	0.26539	1549	10	67769823	68623274	0.292636357354393
uc	0.000476051	0.000859468	FALSE	0.0701219	1549	10	67769823	68623274	0.10224946374502
cad	9.08074e-05	0.000176286	FALSE	0.00107478	1549	10	67769823	68623274	0.00281238199084668
psoriasis	0.000322155	0.00112693	FALSE	0.0102631	1550	10	68623275	69904170	0.0216910919765166
psa	0.000236754	0.000492154	FALSE	0.302158	1550	10	68623275	69904170	0.351254162485066
crohn	3.05518e-05	5.29066e-05	FALSE	0.442356	1550	10	68623275	69904170	0.449060377838329
uc	3.85934e-05	6.9677e-05	FALSE	0.426135	1550	10	68623275	69904170	0.435049958158996
psoriasis	0.000943551	0.00330063	FALSE	4.74626e-08	1551	10	69904171	71050504	6.78935205298013e-07
psa	0.000287969	0.000598617	FALSE	0.290338	1551	10	69904171	71050504	0.341388367371601
crohn	0.000214621	0.000371659	FALSE	0.267314	1551	10	69904171	71050504	0.294467197238659
uc	0.00035239	0.00063621	FALSE	0.135353	1551	10	69904171	71050504	0.175256596698113
cad	4.52612e-05	8.78661e-05	FALSE	0.0523347	1551	10	69904171	71050504	0.0728481186244674
psoriasis	0.000786935	0.00275277	FALSE	8.40621e-05	1552	10	71050505	71672997	0.000411969306122449
psa	0.0009178	0.00190788	FALSE	0.107747	1552	10	71050505	71672997	0.171932290163934
crohn	0.00234448	0.00405993	FALSE	8.89659e-06	1552	10	71050505	71672997	5.78979415697674e-05
uc	3.47319e-05	6.27055e-05	FALSE	0.453388	1552	10	71050505	71672997	0.457219702479339
cad	0.000188418	0.000365778	FALSE	1.87664e-06	1552	10	71050505	71672997	1.2227566039886e-05
psoriasis	0.000487645	0.00170583	FALSE	0.00754215	1553	10	71672998	72659223	0.0168275368421053
psa	0.0017409	0.0036189	FALSE	0.0125707	1553	10	71672998	72659223	0.0377508984567901
crohn	0.00163271	0.00282736	FALSE	0.000951247	1553	10	71672998	72659223	0.00290312267486339
uc	0.000618335	0.00111635	FALSE	0.0754545	1553	10	71672998	72659223	0.108441153141361
cad	2.75539e-05	5.34907e-05	FALSE	0.213605	1553	10	71672998	72659223	0.236798174987882
psoriasis	0.00104887	0.00366906	FALSE	1.81695e-06	1554	10	72659224	73514214	1.60844754098361e-05
psa	0.000703164	0.00146171	FALSE	0.179876	1554	10	72659224	73514214	0.245635419354839
crohn	0.00333912	0.00578236	FALSE	1.12334e-08	1554	10	72659224	73514214	1.79252968571429e-07
uc	0.00190919	0.00344687	FALSE	5.85575e-05	1554	10	72659224	73514214	0.000359196284916201
cad	0.000218384	0.000423952	FALSE	2.32024e-07	1554	10	72659224	73514214	1.98741156554307e-06
psoriasis	0.00154832	0.00541618	FALSE	1.22476e-16	1555	10	73514215	75694023	6.45239414634146e-15
psa	0.00144054	0.00299453	FALSE	0.00577232	1555	10	73514215	75694023	0.0214368983206107
crohn	0.00164894	0.00285548	FALSE	2.17585e-05	1555	10	73514215	75694023	0.0001215346265
uc	0.000333888	0.000602805	FALSE	0.131876	1555	10	73514215	75694023	0.171652265402844
cad	0.000132452	0.00025713	FALSE	5.58521e-06	1555	10	73514215	75694023	3.05583140430622e-05
psoriasis	9.7034e-05	0.000339434	FALSE	0.195464	1556	10	75694024	77144961	0.236263144935646
psa	0.000104695	0.000217635	FALSE	0.388051	1556	10	75694024	77144961	0.418119692307692
crohn	0.000290589	0.000503214	FALSE	0.161547	1556	10	75694024	77144961	0.195733048806941
uc	0.000140924	0.000254426	FALSE	0.279736	1556	10	75694024	77144961	0.311669333333333
cad	8.21752e-05	0.000159528	FALSE	0.000603663	1556	10	75694024	77144961	0.00172788145306633
psoriasis	4.67711e-06	1.6361e-05	FALSE	0.473144	1557	10	77144962	78665481	0.474461949860724
psa	0.000469514	0.000976005	FALSE	0.22783	1557	10	77144962	78665481	0.28696257605178
crohn	0.00094831	0.00164219	FALSE	0.0173772	1557	10	77144962	78665481	0.0321097310173697
uc	0.000610243	0.00110174	FALSE	0.055776	1557	10	77144962	78665481	0.0853547707317073
cad	0.000121143	0.000235177	FALSE	0.000271362	1557	10	77144962	78665481	0.000884052555555556
psoriasis	0.000305146	0.00106743	FALSE	0.0468905	1558	10	78665482	79952996	0.0755846865671642
psa	0.0018701	0.00388749	FALSE	0.00573161	1558	10	78665482	79952996	0.0213264112045889
crohn	0.00174552	0.00302272	FALSE	0.00025569	1558	10	78665482	79952996	0.000969798743633277
uc	0.000487081	0.000879383	FALSE	0.110997	1558	10	78665482	79952996	0.148991083129584
cad	6.14162e-05	0.000119228	FALSE	0.0376467	1558	10	78665482	79952996	0.0550498739769821
psoriasis	0.00266044	0.00930648	FALSE	7.12325e-23	1559	10	79952997	81190573	6.154488e-21
psa	0.00207895	0.00432163	FALSE	0.00766502	1559	10	79952997	81190573	0.0263071056790123
crohn	0.00554598	0.00960398	FALSE	5.12369e-17	1559	10	79952997	81190573	4.23937905925926e-15
uc	0.00154064	0.00278148	FALSE	0.00108782	1559	10	79952997	81190573	0.00370939863354037
cad	0.000321572	0.000624273	FALSE	5.54897e-12	1559	10	79952997	81190573	1.41005493222222e-10
psoriasis	1.41681e-05	4.95614e-05	FALSE	0.396595	1560	10	81190574	81763230	0.411453025936599
psa	8.71049e-05	0.00018107	FALSE	0.358186	1560	10	81190574	81763230	0.397205513944223
crohn	0.000145189	0.000251423	FALSE	0.219814	1560	10	81190574	81763230	0.249271307614213
cad	1.17285e-05	2.27687e-05	FALSE	0.201479	1560	10	81190574	81763230	0.22521137487781
psoriasis	0.000353774	0.00123754	FALSE	0.00427531	1561	10	81763231	82378048	0.0106315498273878
psa	0.00133857	0.00278256	FALSE	0.00536073	1561	10	81763231	82378048	0.0202562729708738
crohn	0.0019237	0.00333127	FALSE	3.86141e-07	1561	10	81763231	82378048	3.95705960550459e-06
uc	0.000619488	0.00111843	FALSE	0.0172475	1561	10	81763231	82378048	0.033165945709282
cad	0.000125502	0.000243638	FALSE	3.79293e-06	1561	10	81763231	82378048	2.19605845822785e-05
psoriasis	0.000332542	0.00116326	FALSE	0.0241814	1562	10	82378049	83596350	0.0437452462311558
psa	0.00117423	0.00244095	FALSE	0.0352011	1562	10	82378049	83596350	0.0773152828442438
crohn	0.000592461	0.00102596	FALSE	0.0771576	1562	10	82378049	83596350	0.106929329032258
uc	6.53556e-05	0.000117994	FALSE	0.411501	1562	10	82378049	83596350	0.422862047730463
cad	0.000107782	0.000209239	FALSE	0.000623067	1562	10	82378049	83596350	0.00177453826774595
psoriasis	0.000333921	0.00116809	FALSE	0.0221886	1563	10	83596351	84679429	0.040616420338983
psa	0.00197779	0.00411134	FALSE	0.00172373	1563	10	83596351	84679429	0.00916496879781421
crohn	0.000259096	0.000448677	FALSE	0.250885	1563	10	83596351	84679429	0.278983120955699
uc	0.00164297	0.00296624	FALSE	2.63463e-05	1563	10	83596351	84679429	0.000182512538801262
cad	0.00012646	0.000245499	FALSE	9.0397e-05	1563	10	83596351	84679429	0.000338914654098361
psoriasis	0.000119633	0.000418489	FALSE	0.148689	1564	10	84679430	85463484	0.189692373081464
psa	0.00103237	0.00214605	FALSE	0.017373	1564	10	84679430	85463484	0.0474471660167131
crohn	0.000758597	0.00131366	FALSE	0.00974912	1564	10	84679430	85463484	0.0200548195948435
uc	5.98059e-05	0.000107974	FALSE	0.387586	1564	10	84679430	85463484	0.404533676806084
psoriasis	0.000223211	0.000780813	FALSE	0.0755282	1565	10	85463485	86459980	0.109933229110512
psa	0.00029844	0.000620385	FALSE	0.29611	1565	10	85463485	86459980	0.34650033674083
crohn	0.000968693	0.00167749	FALSE	0.0102981	1565	10	85463485	86459980	0.0209908352189781
uc	9.2499e-05	0.000166999	FALSE	0.377619	1565	10	85463485	86459980	0.396013048710602
cad	8.79344e-05	0.000170708	FALSE	0.00262868	1565	10	85463485	86459980	0.00573097346043851
psoriasis	0.000261817	0.000915859	FALSE	0.0172875	1566	10	86459981	87287935	0.03310080425155
psa	0.000461079	0.000958472	FALSE	0.150214	1566	10	86459981	87287935	0.216851961424332
crohn	0.000477125	0.000826238	FALSE	0.0593145	1566	10	86459981	87287935	0.0876379583333333
uc	0.000333035	0.000601265	FALSE	0.101337	1566	10	86459981	87287935	0.138221150310559
cad	3.99301e-06	7.75168e-06	FALSE	0.404881	1566	10	86459981	87287935	0.411905181049822
psoriasis	0.000435635	0.00152389	FALSE	0.00675147	1567	10	87287936	88443652	0.0155803153846154
psa	0.000921426	0.00191542	FALSE	0.079836	1567	10	87287936	88443652	0.138115317511111
crohn	0.0010137	0.00175542	FALSE	0.0118102	1567	10	87287936	88443652	0.023410813487134
uc	0.00118296	0.00213572	FALSE	0.00169644	1567	10	87287936	88443652	0.00535256068965517
cad	0.000105241	0.000204305	FALSE	0.00103545	1567	10	87287936	88443652	0.00272819602534562
psoriasis	0.000792605	0.00277261	FALSE	9.96942e-06	1568	10	88443653	89971628	7.0835352631579e-05
psa	0.00181818	0.00377956	FALSE	0.00376904	1568	10	88443653	89971628	0.0159100907592191
crohn	0.00137884	0.00238775	FALSE	0.00116145	1568	10	88443653	89971628	0.0034595724
uc	0.000501466	0.000905352	FALSE	0.0851923	1568	10	88443653	89971628	0.119711645297505
cad	0.000203767	0.000395575	FALSE	1.53916e-08	1568	10	88443653	89971628	1.83289422797927e-07
psoriasis	0.00163239	0.00571025	FALSE	1.07227e-14	1569	10	89971629	91021321	4.825215e-13
psa	0.00210205	0.00436964	FALSE	0.0014009	1569	10	89971629	91021321	0.0078000684
crohn	0.00257909	0.00446621	FALSE	1.29487e-07	1569	10	89971629	91021321	1.50663519791667e-06
uc	0.00293257	0.00529449	FALSE	8.09351e-11	1569	10	89971629	91021321	3.48497018823529e-09
cad	0.000241181	0.000468208	FALSE	1.80281e-10	1569	10	89971629	91021321	3.5543331637931e-09
psoriasis	8.03611e-05	0.000281111	FALSE	0.277198	1570	10	91021322	91960435	0.311199417879418
psa	0.000151721	0.00031539	FALSE	0.377291	1570	10	91021322	91960435	0.411368047058824
crohn	0.000629583	0.00109025	FALSE	0.0500162	1570	10	91021322	91960435	0.0766892181194235
uc	0.000675392	0.00121936	FALSE	0.0240506	1570	10	91021322	91960435	0.043579647155812
cad	5.57652e-05	0.000108258	FALSE	0.0259007	1570	10	91021322	91960435	0.0398693664199192
psoriasis	0.000143921	0.00050345	FALSE	0.15694	1571	10	91960436	92911506	0.198008411214953
psa	0.00170626	0.00354689	FALSE	0.0029526	1571	10	91960436	92911506	0.0136767283610451
crohn	9.85836e-05	0.000170717	FALSE	0.378009	1571	10	91960436	92911506	0.393143438547486
uc	0.000400815	0.000723637	FALSE	0.109547	1571	10	91960436	92911506	0.14767661878453
cad	1.85678e-05	3.6046e-05	FALSE	0.237994	1571	10	91960436	92911506	0.259805383293556
psoriasis	0.000622624	0.002178	FALSE	3.5519e-05	1572	10	92911507	94503299	0.000200316031331593
psa	0.000506014	0.00105188	FALSE	0.16032	1572	10	92911507	94503299	0.226402554426705
crohn	0.00128352	0.00222267	FALSE	0.000433673	1572	10	92911507	94503299	0.00150672703265941
uc	0.00117879	0.0021282	FALSE	0.000262076	1572	10	92911507	94503299	0.00113884733596838
cad	0.000101813	0.000197651	FALSE	0.00019419	1572	10	92911507	94503299	0.000666787175149701
psoriasis	0.000442472	0.00154781	FALSE	0.00670319	1573	10	94503300	95528160	0.0155186392282958
psa	0.00144179	0.00299714	FALSE	0.0177565	1573	10	94503300	95528160	0.047858932132964
crohn	0.00179362	0.00310602	FALSE	9.44704e-05	1573	10	94503300	95528160	0.0004220937472
uc	0.0025329	0.00457293	FALSE	9.88905e-09	1573	10	94503300	95528160	2.38641250549451e-07
cad	0.000114044	0.000221395	FALSE	0.000519941	1573	10	94503300	95528160	0.00152059471483376
psa	5.4824e-05	0.000113966	FALSE	0.440274	1574	10	95528161	97040172	0.453799366525424
crohn	0.000188003	0.000325565	FALSE	0.282705	1574	10	95528161	97040172	0.308832748166259
cad	0.000182706	0.000354689	FALSE	9.58092e-09	1574	10	95528161	97040172	1.20551288461538e-07
psoriasis	0.000327735	0.00114645	FALSE	0.0150157	1575	10	97040173	98005994	0.0295306787989081
psa	0.00188803	0.00392475	FALSE	0.00113012	1575	10	97040173	98005994	0.00662413710843374
crohn	0.000486598	0.000842642	FALSE	0.0930857	1575	10	97040173	98005994	0.123929352681764
uc	0.000676108	0.00122065	FALSE	0.0222207	1575	10	97040173	98005994	0.0406977958298582
cad	3.85819e-06	7.48996e-06	FALSE	0.424385	1575	10	97040173	98005994	0.429835471656333
psoriasis	0.000380323	0.00133041	FALSE	0.0205975	1576	10	98005995	99367800	0.0381566037735849
psa	0.000174282	0.000362289	FALSE	0.386666	1576	10	98005995	99367800	0.417333353300055
crohn	0.00210184	0.00363977	FALSE	2.14399e-05	1576	10	98005995	99367800	0.000120646691687657
uc	0.00109524	0.00197736	FALSE	0.0049924	1576	10	98005995	99367800	0.012543833409611
cad	0.00010684	0.000207409	FALSE	0.00161451	1576	10	98005995	99367800	0.00387277319706499
psoriasis	0.000307595	0.001076	FALSE	0.0348048	1577	10	99367801	100337830	0.0593825971563981
psa	0.00492448	0.0102368	FALSE	2.24401e-10	1577	10	99367801	100337830	3.63903621666667e-08
crohn	0.00152339	0.00263806	FALSE	0.000504462	1577	10	99367801	100337830	0.00171708912328767
uc	0.000820532	0.0014814	FALSE	0.0167564	1577	10	99367801	100337830	0.0325637649557522
cad	9.88062e-05	0.000191814	FALSE	0.00165663	1577	10	99367801	100337830	0.00394657584375
psoriasis	0.000172534	0.000603541	FALSE	0.074006	1578	10	100337831	101271451	0.108287658767773
psa	0.000781485	0.00162452	FALSE	0.0484166	1578	10	100337831	101271451	0.0976359622797927
crohn	0.00115187	0.00199469	FALSE	0.000390116	1578	10	100337831	101271451	0.00138117138510301
uc	0.00133293	0.00240648	FALSE	1.15621e-05	1578	10	100337831	101271451	9.06798985714286e-05
psoriasis	0.000485022	0.00169666	FALSE	0.00135446	1579	10	101271452	102509298	0.00405212409972299
psa	0.000169005	0.000351321	FALSE	0.367062	1579	10	101271452	102509298	0.404245983022071
crohn	0.00443842	0.00768601	FALSE	5.26905e-18	1579	10	101271452	102509298	4.97674695833333e-16
uc	0.00261532	0.00472174	FALSE	1.67576e-10	1579	10	101271452	102509298	6.57137314285714e-09
cad	9.75514e-05	0.000189378	FALSE	0.000752817	1579	10	101271452	102509298	0.00207933874275362
psoriasis	0.000715902	0.0025043	FALSE	5.34878e-05	1580	10	102509299	104206837	0.000288113835411471
psa	0.00126181	0.002623	FALSE	0.0282224	1580	10	102509299	104206837	0.0663294570048309
crohn	0.000615869	0.0010665	FALSE	0.0725944	1580	10	102509299	104206837	0.102125875062972
uc	0.000675493	0.00121954	FALSE	0.0366261	1580	10	102509299	104206837	0.06029304017991
cad	8.18527e-05	0.000158902	FALSE	0.0062683	1580	10	102509299	104206837	0.0118540691239669
psoriasis	0.000457069	0.00159887	FALSE	0.00426675	1581	10	104206838	106142283	0.0106299653979239
psa	0.000765423	0.00159113	FALSE	0.112736	1581	10	104206838	106142283	0.176780222401289
crohn	0.000742181	0.00128524	FALSE	0.0408775	1581	10	104206838	106142283	0.0650429736467237
uc	0.000811701	0.00146545	FALSE	0.0165257	1581	10	104206838	106142283	0.0322581664
cad	0.000346275	0.000672229	FALSE	1.20809e-17	1581	10	104206838	106142283	7.67472730555556e-16
psoriasis	0.000319172	0.00111649	FALSE	0.0258634	1582	10	106142284	107877787	0.0463413134328358
psa	0.00114399	0.00237807	FALSE	0.0362156	1582	10	106142284	107877787	0.0787436397765363
crohn	0.0011734	0.00203197	FALSE	0.00351461	1582	10	106142284	107877787	0.00880228558295964
uc	0.00026736	0.000482694	FALSE	0.215794	1582	10	106142284	107877787	0.25246863292488
cad	9.31788e-05	0.000180889	FALSE	0.00197642	1582	10	106142284	107877787	0.00453716026078235
psoriasis	0.000472658	0.0016534	FALSE	0.00106294	1583	10	107877788	108725997	0.0033351152394775
crohn	0.000273129	0.000472977	FALSE	0.210309	1583	10	107877788	108725997	0.241433867420349
uc	0.000755277	0.00136359	FALSE	0.0111869	1583	10	107877788	108725997	0.0237694700193424
cad	8.48405e-05	0.000164702	FALSE	0.00159698	1583	10	107877788	108725997	0.00385417398734177
psoriasis	0.000427257	0.00149459	FALSE	0.00369222	1584	10	108725998	109579149	0.00940471132075472
psa	0.000228202	0.000474376	FALSE	0.33024	1584	10	108725998	109579149	0.375377943925234
crohn	0.000596701	0.00103331	FALSE	0.0608469	1584	10	108725998	109579149	0.0893701345167653
uc	0.000526793	0.000951079	FALSE	0.0595079	1584	10	108725998	109579149	0.0899376107364074
psoriasis	2.8697e-05	0.000100385	FALSE	0.388885	1585	10	109579150	110358382	0.405597102848865
psa	0.000795106	0.00165283	FALSE	0.0576481	1585	10	109579150	110358382	0.109809619178082
psoriasis	0.000306239	0.00107125	FALSE	0.0269888	1586	10	110358383	112164981	0.0481385697770438
crohn	0.00156625	0.00271227	FALSE	0.000181783	1586	10	110358383	112164981	0.000727783551971326
uc	0.00102016	0.00184181	FALSE	0.00299493	1586	10	110358383	112164981	0.00843820020460358
cad	6.1442e-05	0.000119278	FALSE	0.0207857	1586	10	110358383	112164981	0.0331498576708508
psoriasis	0.000155656	0.000544499	FALSE	0.168502	1587	10	112164982	113117615	0.209536165803109
psa	0.00102181	0.00212409	FALSE	0.0609284	1587	10	112164982	113117615	0.114503691891892
crohn	0.00265583	0.00459911	FALSE	6.94395e-08	1587	10	112164982	113117615	8.71504735955056e-07
uc	0.00207289	0.00374242	FALSE	8.88878e-07	1587	10	112164982	113117615	1.14150648421053e-05
cad	9.94385e-05	0.000193041	FALSE	0.0017031	1587	10	112164982	113117615	0.00401959721362229
psoriasis	0.000349728	0.00122338	FALSE	0.0148581	1588	10	113117616	114255954	0.0293091287671233
psa	0.00113585	0.00236115	FALSE	0.032246	1588	10	113117616	114255954	0.0723768350634371
crohn	0.000632787	0.0010958	FALSE	0.055258	1588	10	113117616	114255954	0.0830170625420309
uc	0.00144952	0.00261698	FALSE	8.41565e-05	1588	10	113117616	114255954	0.000477539209302326
cad	1.31649e-05	2.55572e-05	FALSE	0.307494	1588	10	113117616	114255954	0.323179585477941
psoriasis	0.000317064	0.00110912	FALSE	0.0598307	1589	10	114255955	115588903	0.091525716713881
psa	0.00187541	0.00389851	FALSE	0.0107376	1589	10	114255955	115588903	0.0334861692307692
crohn	0.00180964	0.00313376	FALSE	0.000529764	1589	10	114255955	115588903	0.00178236863855422
uc	0.00229896	0.00415056	FALSE	2.61774e-06	1589	10	114255955	115588903	2.77708069565217e-05
cad	0.000133001	0.000258196	FALSE	0.000545232	1589	10	114255955	115588903	0.0015804126539924
psoriasis	0.000163425	0.000571678	FALSE	0.158949	1590	10	115588904	116845213	0.200075664335664
psa	0.000479597	0.000996964	FALSE	0.221894	1590	10	115588904	116845213	0.282225963398693
crohn	0.00238492	0.00412997	FALSE	8.03461e-07	1590	10	115588904	116845213	7.44906067768595e-06
uc	9.7363e-05	0.00017578	FALSE	0.381583	1590	10	115588904	116845213	0.399216897570272
cad	0.000116486	0.000226136	FALSE	0.000390176	1590	10	115588904	116845213	0.00118819242609854
psoriasis	0.000220793	0.000772357	FALSE	0.0851965	1591	10	116845214	118416049	0.121112378698225
crohn	0.000998757	0.00172955	FALSE	0.0102346	1591	10	116845214	118416049	0.0208995396709324
uc	0.000773541	0.00139656	FALSE	0.0190688	1591	10	116845214	118416049	0.035953326695279
cad	0.000108389	0.000210416	FALSE	0.000531777	1591	10	116845214	118416049	0.00155124234566327
psoriasis	0.00103691	0.00362721	FALSE	6.08469e-07	1592	10	118416050	119528730	6.71309265306123e-06
psa	0.00334205	0.0069473	FALSE	1.6264e-05	1592	10	118416050	119528730	0.000285132828828829
crohn	0.00202585	0.00350817	FALSE	5.19723e-05	1592	10	118416050	119528730	0.000260827514349776
uc	0.00208331	0.00376123	FALSE	4.01077e-06	1592	10	118416050	119528730	3.8128358961039e-05
cad	0.000125012	0.000242688	FALSE	0.000455882	1592	10	118416050	119528730	0.00135834399609375
psoriasis	0.000203847	0.000713077	FALSE	0.12475	1593	10	119528731	120592839	0.164104750304507
psa	0.00230576	0.00479311	FALSE	0.00107294	1593	10	119528731	120592839	0.00636846298780488
crohn	0.000665861	0.00115307	FALSE	0.0732643	1593	10	119528731	120592839	0.102809325502513
uc	0.0011615	0.00209699	FALSE	0.00315906	1593	10	119528731	120592839	0.00877028541087231
cad	9.33645e-05	0.00018125	FALSE	0.00437441	1593	10	119528731	120592839	0.00878338513608428
psoriasis	0.000737954	0.00258143	FALSE	7.39862e-05	1594	10	120592840	121874445	0.000371651609302326
psa	0.00120714	0.00250934	FALSE	0.0417947	1594	10	120592840	121874445	0.0877373098166127
crohn	0.00216342	0.0037464	FALSE	9.55664e-06	1594	10	120592840	121874445	6.11734491690544e-05
uc	0.0011486	0.00207369	FALSE	0.00301688	1594	10	120592840	121874445	0.00845104270408163
cad	4.22652e-05	8.205e-05	FALSE	0.0990122	1594	10	120592840	121874445	0.125313171776425
psoriasis	0.000846264	0.00296031	FALSE	8.62718e-06	1595	10	121874446	122803506	6.27431272727273e-05
psa	0.00183573	0.00381604	FALSE	0.00513719	1595	10	121874446	122803506	0.0197954350197628
crohn	0.000350387	0.000606766	FALSE	0.205073	1595	10	121874446	122803506	0.236883703205791
uc	0.000375494	0.000677921	FALSE	0.160315	1595	10	121874446	122803506	0.20037093910074
cad	5.22428e-05	0.00010142	FALSE	0.0565165	1595	10	121874446	122803506	0.0777712101083032
psoriasis	6.93586e-05	0.000242623	FALSE	0.338008	1596	10	122803507	123856184	0.365231255627814
psa	0.0004004	0.000832334	FALSE	0.275267	1596	10	122803507	123856184	0.328631645398773
crohn	0.00112848	0.00195419	FALSE	0.0104048	1596	10	122803507	123856184	0.0211889910665451
uc	0.00174866	0.00315705	FALSE	5.73869e-05	1596	10	122803507	123856184	0.000353111878991597
cad	0.000248172	0.00048178	FALSE	7.95069e-10	1596	10	122803507	123856184	1.35695731567164e-08
psoriasis	0.000265637	0.000929223	FALSE	0.0683949	1597	10	123856185	124894142	0.101955130434783
psa	0.000782881	0.00162742	FALSE	0.125463	1597	10	123856185	124894142	0.190892101641908
crohn	0.00097564	0.00168952	FALSE	0.0186522	1597	10	123856185	124894142	0.0339600772616137
uc	0.000344192	0.000621408	FALSE	0.184885	1597	10	123856185	124894142	0.223572389867841
cad	0.000329973	0.000640582	FALSE	3.67711e-15	1597	10	123856185	124894142	1.58670765471698e-13
psoriasis	0.000418597	0.00146429	FALSE	0.0155379	1598	10	124894143	125798319	0.0303452658227848
psa	0.00365065	0.00758881	FALSE	4.30673e-06	1598	10	124894143	125798319	0.000128936870461538
crohn	0.00161869	0.00280309	FALSE	0.000813705	1598	10	124894143	125798319	0.00252908374687065
uc	0.00197984	0.00357442	FALSE	1.14582e-05	1598	10	124894143	125798319	9.01871225806452e-05
cad	0.00010005	0.000194229	FALSE	0.00357691	1598	10	124894143	125798319	0.00741649426110607
psoriasis	0.000645129	0.00225672	FALSE	0.000738676	1599	10	125798320	126875816	0.00245467716923077
psa	0.00143506	0.00298315	FALSE	0.028361	1599	10	125798320	126875816	0.0664945855421687
crohn	0.00139193	0.0024104	FALSE	0.00315737	1599	10	125798320	126875816	0.00806121666285714
uc	0.00163281	0.0029479	FALSE	0.000192745	1599	10	125798320	126875816	0.000919233214750542
cad	0.000162735	0.000315919	FALSE	1.88249e-05	1599	10	125798320	126875816	8.57620444223108e-05
psoriasis	0.000405117	0.00141714	FALSE	0.012685	1600	10	126875817	127997708	0.0256791002811621
psa	0.00118799	0.00246954	FALSE	0.042298	1600	10	126875817	127997708	0.088474022556391
uc	0.000422139	0.000762136	FALSE	0.134092	1600	10	126875817	127997708	0.173828826446281
cad	0.00017162	0.000333168	FALSE	2.14549e-06	1600	10	126875817	127997708	1.37118709470752e-05
psoriasis	0.000244818	0.000856396	FALSE	0.0968012	1601	10	127997709	129134738	0.134118404105196
psa	0.0019593	0.00407291	FALSE	0.00569979	1601	10	127997709	129134738	0.0212843190804598
crohn	0.00127445	0.00220697	FALSE	0.00595633	1601	10	127997709	129134738	0.0135641602650357
uc	0.000421296	0.000760613	FALSE	0.154116	1601	10	127997709	129134738	0.193614837528604
cad	0.000265863	0.000516124	FALSE	1.96097e-10	1601	10	127997709	129134738	3.83310973504274e-09
psoriasis	0.000300629	0.00105163	FALSE	0.0566951	1602	10	129134739	129831969	0.0882286858789625
psa	0.00213639	0.00444104	FALSE	0.00309621	1602	10	129134739	129831969	0.014012150372093
crohn	0.0012932	0.00223944	FALSE	0.0054108	1602	10	129134739	129831969	0.0125002349534643
uc	0.00138713	0.00250435	FALSE	0.00110188	1602	10	129134739	129831969	0.00375151702325581
cad	0.000202121	0.000392381	FALSE	3.4754e-07	1602	10	129134739	129831969	2.83865707142857e-06
psoriasis	0.000618866	0.00216485	FALSE	0.00177739	1603	10	129831970	130694008	0.00512571748998665
crohn	0.00220855	0.00382455	FALSE	3.30359e-05	1603	10	129831970	130694008	0.000176560288516746
uc	0.00194054	0.00350347	FALSE	3.16164e-05	1603	10	129831970	130694008	0.000211675653658537
cad	0.000155783	0.000302424	FALSE	6.22597e-05	1603	10	129831970	130694008	0.000245073896557659
psoriasis	0.000865395	0.00302724	FALSE	1.09714e-05	1604	10	130694009	131694738	7.6693281553398e-05
psa	0.00148699	0.00309109	FALSE	0.020411	1604	10	130694009	131694738	0.0526090145695364
crohn	0.00120164	0.00208089	FALSE	0.00659118	1604	10	130694009	131694738	0.0146660319920319
uc	0.000717832	0.00129598	FALSE	0.0404687	1604	10	130694009	131694738	0.0653450479411765
cad	3.43015e-05	6.659e-05	FALSE	0.150805	1604	10	130694009	131694738	0.176054637570189
psoriasis	0.000595091	0.00208169	FALSE	0.000794436	1605	10	131694739	132576793	0.00259211746223565
psa	0.00191886	0.00398884	FALSE	0.00386224	1605	10	131694739	132576793	0.0161588991416309
crohn	0.000934173	0.00161771	FALSE	0.0209343	1605	10	131694739	132576793	0.0375037900561347
cad	9.36239e-05	0.000181753	FALSE	0.00355746	1605	10	131694739	132576793	0.00738285936479129
psoriasis	5.38084e-05	0.000188227	FALSE	0.364974	1606	10	132576794	133111170	0.386455854973052
psa	0.000185003	0.000384577	FALSE	0.379051	1606	10	132576794	133111170	0.411855525404802
crohn	0.00179053	0.00310066	FALSE	0.000160789	1606	10	132576794	133111170	0.000662148548802947
uc	0.000156531	0.000282602	FALSE	0.331804	1606	10	132576794	133111170	0.358760011816839
cad	4.31908e-05	8.38469e-05	FALSE	0.096464	1606	10	132576794	133111170	0.122426841287458
psoriasis	0.000554856	0.00194094	FALSE	0.000730973	1607	10	133111171	133818036	0.00243282231124807
psa	0.000893611	0.0018576	FALSE	0.0767483	1607	10	133111171	133818036	0.134497825
crohn	0.00103162	0.00178647	FALSE	0.00833382	1607	10	133111171	133818036	0.0177420875809524
uc	0.00125232	0.00226096	FALSE	0.000683834	1607	10	133111171	133818036	0.00250701079131886
cad	2.04195e-05	3.96406e-05	FALSE	0.236434	1607	10	133111171	133818036	0.258349048256092
psoriasis	0.000279259	0.000976873	FALSE	0.0601622	1608	10	133818037	134856054	0.0918988474576271
psa	0.000834536	0.0017348	FALSE	0.112202	1608	10	133818037	134856054	0.176084751612903
crohn	0.000438362	0.000759112	FALSE	0.161102	1608	10	133818037	134856054	0.195386464712269
uc	0.00102789	0.00185576	FALSE	0.00699299	1608	10	133818037	134856054	0.0164371538461538
cad	0.000116748	0.000226644	FALSE	0.000641369	1608	10	133818037	134856054	0.0018198646439206
psoriasis	0.000717925	0.00251137	FALSE	2.83734e-06	1609	10	134856055	135524372	2.32146e-05
crohn	0.000527632	0.000913701	FALSE	0.059205	1609	10	134856055	135524372	0.0875340635340834
uc	0.00104827	0.00189255	FALSE	0.000648387	1609	10	134856055	135524372	0.00239706709090909
cad	7.19939e-05	0.000139763	FALSE	0.00346142	1609	10	134856055	135524372	0.0072254384580292
psoriasis	0.000511263	0.00178845	FALSE	0.00189551	1610	11	87150	1061399	0.00540858863936592
psa	0.00146009	0.00303517	FALSE	0.013923	1610	11	87150	1061399	0.0409277311178248
crohn	0.00122471	0.00212084	FALSE	0.00299072	1610	11	87150	1061399	0.00767961894252874
uc	0.0012731	0.00229846	FALSE	0.000687135	1610	11	87150	1061399	0.0025149141
cad	0.000141638	0.000274963	FALSE	2.22341e-05	1610	11	87150	1061399	9.89287678988327e-05
psoriasis	0.00038098	0.00133271	FALSE	0.00807043	1611	11	1061400	1857845	0.0178242625766871
psa	0.00157068	0.00326506	FALSE	0.00569976	1611	11	1061400	1857845	0.0212843190804598
crohn	0.000379263	0.00065677	FALSE	0.153445	1611	11	1061400	1857845	0.188039566648382
uc	0.000683926	0.00123477	FALSE	0.024072	1611	11	1061400	1857845	0.043579647155812
cad	8.16032e-05	0.000158417	FALSE	0.00343321	1611	11	1061400	1857845	0.00718366996340348
psoriasis	0.000150712	0.000527205	FALSE	0.153613	1612	11	1857846	2477449	0.19483504403993
crohn	0.00139861	0.00242197	FALSE	0.000512494	1612	11	1857846	2477449	0.0017373468831563
uc	0.00096029	0.00173372	FALSE	0.00402878	1612	11	1857846	2477449	0.010582096344086
cad	9.33249e-05	0.000181173	FALSE	0.0013014	1612	11	1857846	2477449	0.00327425940594059
psoriasis	0.000534418	0.00186944	FALSE	0.00408412	1613	11	2477450	3362508	0.0102458759581882
psa	0.00147176	0.00305944	FALSE	0.0269883	1613	11	2477450	3362508	0.0642044398533007
crohn	0.00367275	0.0063601	FALSE	1.3622e-10	1613	11	2477450	3362508	4.22660388888889e-09
uc	0.00217485	0.00392649	FALSE	3.09729e-06	1613	11	2477450	3362508	3.1635576e-05
cad	0.00026014	0.000505014	FALSE	5.33836e-10	1613	11	2477450	3362508	9.53814790625e-09
psoriasis	0.000600564	0.00210083	FALSE	0.00010705	1614	11	3362509	4405707	0.00049941252699784
psa	2.15609e-06	4.48199e-06	FALSE	0.479892	1614	11	3362509	4405707	0.480632955223881
crohn	0.000465684	0.000806426	FALSE	0.1001	1614	11	3362509	4405707	0.131620600353149
uc	9.66235e-05	0.000174445	FALSE	0.362608	1614	11	3362509	4405707	0.383593387283237
cad	2.7628e-05	5.36346e-05	FALSE	0.146433	1614	11	3362509	4405707	0.17200424807396
psoriasis	0.000278824	0.000975352	FALSE	0.0372517	1615	11	4405708	4946051	0.0626448747081712
psa	0.000737381	0.00153284	FALSE	0.106558	1615	11	4405708	4946051	0.171090650165016
crohn	0.000321918	0.000557466	FALSE	0.19545	1615	11	4405708	4946051	0.227651355578728
uc	0.000872072	0.00157445	FALSE	0.00806487	1615	11	4405708	4946051	0.0182393970339856
cad	5.03162e-05	9.76796e-05	FALSE	0.0434405	1615	11	4405708	4946051	0.0623656142498431
psoriasis	6.61076e-05	0.000231251	FALSE	0.306023	1616	11	4946052	5533057	0.336734426897606
psa	0.000796517	0.00165577	FALSE	0.0795589	1616	11	4946052	5533057	0.137987183065954
crohn	0.000137477	0.000238069	FALSE	0.33675	1616	11	4946052	5533057	0.356371151113216
uc	0.000382979	0.000691436	FALSE	0.115287	1616	11	4946052	5533057	0.153436516363636
cad	3.68594e-05	7.15556e-05	FALSE	0.0873843	1616	11	4946052	5533057	0.111959604537815
psoriasis	0.000344967	0.00120673	FALSE	0.0140019	1617	11	5533058	6180840	0.0279178007380074
psa	0.00199627	0.00414975	FALSE	0.000948968	1617	11	5533058	6180840	0.00574282126086957
crohn	0.000552984	0.000957603	FALSE	0.0760073	1617	11	5533058	6180840	0.10605925452277
uc	0.000229754	0.0004148	FALSE	0.234836	1617	11	5533058	6180840	0.270282943396226
cad	0.000256746	0.000498425	FALSE	9.7055e-13	1617	11	5533058	6180840	3.04061349315068e-11
psoriasis	0.000146594	0.000512801	FALSE	0.198583	1618	11	6180841	7191230	0.239229938650307
psa	0.000888048	0.00184603	FALSE	0.100293	1618	11	6180841	7191230	0.163323953138075
crohn	0.00168419	0.00291651	FALSE	0.000358988	1618	11	6180841	7191230	0.00129560451050081
uc	0.00141988	0.00256347	FALSE	0.000538976	1618	11	6180841	7191230	0.00205841964521739
cad	4.12539e-05	8.00868e-05	FALSE	0.108044	1618	11	6180841	7191230	0.135173210065646
psoriasis	1.25983e-06	4.407e-06	FALSE	0.482078	1619	11	7191231	7915071	0.482301287633163
psa	0.00108869	0.00226312	FALSE	0.058405	1619	11	7191231	7915071	0.110884029268293
crohn	0.000694224	0.00120219	FALSE	0.0629336	1619	11	7191231	7915071	0.0915323322916667
uc	0.00191133	0.00345074	FALSE	8.69157e-06	1619	11	7191231	7915071	7.14857217977528e-05
cad	8.30344e-05	0.000161196	FALSE	0.00845071	1619	11	7191231	7915071	0.0153144007686212
psoriasis	0.000819338	0.00286612	FALSE	4.14767e-05	1620	11	7915072	9080939	0.000228545081632653
psa	0.00390702	0.00812174	FALSE	1.36629e-06	1620	11	7915072	9080939	5.9084452e-05
crohn	0.00160655	0.00278207	FALSE	0.000940588	1620	11	7915072	9080939	0.00287538720656635
uc	0.00191054	0.0034493	FALSE	2.27026e-05	1620	11	7915072	9080939	0.000160822289032258
cad	0.000196007	0.000380512	FALSE	6.3841e-07	1620	11	7915072	9080939	4.83458168874172e-06
psoriasis	0.000477073	0.00166885	FALSE	0.00134042	1621	11	9080940	10370100	0.0040268528511822
psa	8.02677e-05	0.000166857	FALSE	0.42498	1621	11	9080940	10370100	0.443884270386266
crohn	0.00147855	0.00256041	FALSE	0.000199171	1621	11	9080940	10370100	0.000781982449912127
uc	0.000420031	0.00075833	FALSE	0.0979178	1621	11	9080940	10370100	0.13409427680798
cad	0.000224087	0.000435024	FALSE	5.95334e-11	1621	11	9080940	10370100	1.30916236346154e-09
psoriasis	0.000722411	0.00252706	FALSE	3.32724e-05	1622	11	10370101	11081299	0.000189626343007916
psa	0.00040924	0.000850711	FALSE	0.245115	1622	11	10370101	11081299	0.302469112238427
crohn	5.21495e-05	9.03074e-05	FALSE	0.432429	1622	11	10370101	11081299	0.440513627906977
uc	0.000953699	0.00172182	FALSE	0.00626429	1622	11	10370101	11081299	0.015116902021978
cad	0.000106636	0.000207014	FALSE	0.000647827	1622	11	10370101	11081299	0.00183363904579208
psoriasis	0.000558617	0.00195409	FALSE	0.00295303	1623	11	11081300	11632650	0.00783605012285012
psa	0.00135839	0.00282377	FALSE	0.0378349	1623	11	11081300	11632650	0.0814454816371681
crohn	0.00150489	0.00260602	FALSE	0.00199856	1623	11	11081300	11632650	0.00545150554334554
uc	0.00131547	0.00237496	FALSE	0.00203383	1623	11	11081300	11632650	0.00615191553719008
cad	0.000109235	0.000212059	FALSE	0.00225722	1623	11	11081300	11632650	0.00507597063913471
psoriasis	0.000582618	0.00203805	FALSE	0.00329036	1624	11	11632651	12470449	0.00856286457831325
psa	0.00108669	0.00225897	FALSE	0.084578	1624	11	11632651	12470449	0.144348003680982
crohn	0.0023223	0.00402152	FALSE	2.37162e-05	1624	11	11632651	12470449	0.000131795997014925
uc	0.000722371	0.00130418	FALSE	0.0571924	1624	11	11632651	12470449	0.0871578836918806
cad	0.000175149	0.000340019	FALSE	1.66281e-05	1624	11	11632651	12470449	7.72936274390244e-05
psoriasis	0.000142351	0.000497959	FALSE	0.190722	1625	11	12470450	13364727	0.23156802698145
psa	0.00101627	0.00211258	FALSE	0.0636332	1625	11	12470450	13364727	0.117933530666667
crohn	0.00209149	0.00362184	FALSE	9.94905e-06	1625	11	12470450	13364727	6.31425502840909e-05
uc	0.000289712	0.000523049	FALSE	0.212298	1625	11	12470450	13364727	0.249842662379421
cad	0.000183031	0.000355321	FALSE	3.94217e-07	1625	11	12470450	13364727	3.16341852280702e-06
psa	0.00110948	0.00230634	FALSE	0.0372341	1626	11	13364728	15126767	0.0803298875831485
crohn	0.00156723	0.00271397	FALSE	0.000196389	1626	11	13364728	15126767	0.000773779587301587
uc	0.00087242	0.00157508	FALSE	0.00880136	1626	11	13364728	15126767	0.019503316407669
cad	0.000155637	0.000302139	FALSE	2.36215e-06	1626	11	13364728	15126767	1.48006494520548e-05
psoriasis	0.000296302	0.00103649	FALSE	0.0323907	1627	11	15126768	16383386	0.0560159423538831
psa	0.00070039	0.00145594	FALSE	0.121959	1627	11	15126768	16383386	0.187021325984252
crohn	0.00200436	0.00347095	FALSE	6.3005e-06	1627	11	15126768	16383386	4.29125518292683e-05
uc	0.00137386	0.00248038	FALSE	0.000203035	1627	11	15126768	16383386	0.000950671343283582
cad	0.000109907	0.000213365	FALSE	0.000355831	1627	11	15126768	16383386	0.00110719115238095
psoriasis	0.000175565	0.000614142	FALSE	0.125559	1628	11	16383387	17583948	0.164767582017011
crohn	0.00203866	0.00353035	FALSE	4.43114e-06	1628	11	16383387	17583948	3.25630485526316e-05
uc	0.0002851	0.000514723	FALSE	0.196731	1628	11	16383387	17583948	0.235177613500272
cad	0.000239922	0.000465763	FALSE	3.17988e-11	1628	11	16383387	17583948	7.42080159183674e-10
psoriasis	0.000420025	0.00146929	FALSE	0.00671058	1629	11	17583949	18740267	0.0155191143468951
psa	0.0013614	0.00283001	FALSE	0.0185776	1629	11	17583949	18740267	0.0495233008219178
crohn	0.00257356	0.00445664	FALSE	6.70235e-08	1629	11	17583949	18740267	8.50668073446328e-07
uc	0.00105912	0.00191216	FALSE	0.0030475	1629	11	17583949	18740267	0.0085143893129771
cad	8.48599e-05	0.00016474	FALSE	0.00430927	1629	11	17583949	18740267	0.00866781045734389
psoriasis	0.000338655	0.00118465	FALSE	0.0300771	1630	11	18740268	19780784	0.0527755905767669
psa	0.00185243	0.00385075	FALSE	0.00534239	1630	11	18740268	19780784	0.0202262469649805
crohn	0.0024996	0.00432856	FALSE	6.85089e-07	1630	11	18740268	19780784	6.4851221440678e-06
uc	0.000738406	0.00133313	FALSE	0.0335434	1630	11	18740268	19780784	0.0561442884146341
cad	6.76938e-05	0.000131415	FALSE	0.023698	1630	11	18740268	19780784	0.0371214561643836
psoriasis	0.000511155	0.00178807	FALSE	0.00895757	1631	11	19780785	20686336	0.0193871254509018
psa	0.00277446	0.00576742	FALSE	0.000660722	1631	11	19780785	20686336	0.00434380071621622
crohn	0.00246233	0.00426402	FALSE	1.25254e-05	1631	11	19780785	20686336	7.66623112328767e-05
uc	0.00361814	0.00653223	FALSE	2.24646e-11	1631	11	19780785	20686336	1.09627248e-09
cad	0.000263184	0.000510923	FALSE	3.0197e-09	1631	11	19780785	20686336	4.34343012578616e-08
psoriasis	0.000701794	0.00245494	FALSE	0.000263063	1632	11	20686337	21442722	0.00106602471910112
psa	0.000976512	0.00202993	FALSE	0.0879929	1632	11	20686337	21442722	0.148685886805556
crohn	0.0006637	0.00114933	FALSE	0.080558	1632	11	20686337	21442722	0.110612521204671
uc	0.000836124	0.00150955	FALSE	0.0248535	1632	11	20686337	21442722	0.0446265625511038
cad	7.66332e-05	0.000148769	FALSE	0.0168129	1632	11	20686337	21442722	0.027642776635514
crohn	0.000344531	0.000596624	FALSE	0.138893	1633	11	21442723	22368743	0.172669427935448
uc	0.000812181	0.00146632	FALSE	0.0042983	1633	11	21442723	22368743	0.0110683548886284
cad	3.92161e-05	7.61307e-05	FALSE	0.0539039	1633	11	21442723	22368743	0.0745918954627949
crohn	1.43853e-05	2.4911e-05	FALSE	0.458705	1634	11	22368744	23164544	0.462529739169675
uc	8.45654e-05	0.000152675	FALSE	0.354313	1634	11	22368744	23164544	0.376761746369797
cad	5.83498e-05	0.000113275	FALSE	0.00820282	1634	11	22368744	23164544	0.0149263775019889
psoriasis	5.73864e-05	0.000200743	FALSE	0.32528	1635	11	23164545	24091272	0.353957078085642
psa	0.000636499	0.00132313	FALSE	0.122576	1635	11	23164545	24091272	0.18737855145326
crohn	0.000261052	0.000452065	FALSE	0.224056	1635	11	23164545	24091272	0.253182146686899
uc	0.000102077	0.000184291	FALSE	0.355612	1635	11	23164545	24091272	0.377622800773694
cad	5.20977e-05	0.000101138	FALSE	0.0299573	1635	11	23164545	24091272	0.0453641812706817
psoriasis	0.000271552	0.000949914	FALSE	0.0453962	1636	11	24091273	24892439	0.0737631879699248
crohn	0.00192993	0.00334206	FALSE	1.31251e-05	1636	11	24091273	24892439	7.93625481081081e-05
uc	0.0013674	0.00246872	FALSE	0.000232589	1636	11	24091273	24892439	0.00104025548676171
cad	4.27689e-05	8.30278e-05	FALSE	0.0751506	1636	11	24091273	24892439	0.0987187950603102
crohn	7.86492e-05	0.000136197	FALSE	0.365115	1637	11	24892440	25662918	0.382045391100703
cad	4.15882e-05	8.07357e-05	FALSE	0.0274039	1637	11	24892440	25662918	0.0418655439545758
psoriasis	0.000285504	0.000998719	FALSE	0.0147206	1638	11	25662919	26356980	0.0290910301921317
psa	0.00267335	0.00555725	FALSE	2.33124e-06	1638	11	25662919	26356980	8.24835098181818e-05
uc	5.1775e-05	9.34752e-05	FALSE	0.40381	1638	11	25662919	26356980	0.417302004705882
cad	2.69472e-05	5.2313e-05	FALSE	0.120407	1638	11	25662919	26356980	0.146864431466667
psoriasis	0.00045557	0.00159363	FALSE	0.00115417	1639	11	26356981	27018307	0.0035665339055794
crohn	0.000123279	0.000213482	FALSE	0.342216	1639	11	26356981	27018307	0.361299879017013
cad	1.34079e-05	2.6029e-05	FALSE	0.283292	1639	11	26356981	27018307	0.301483854816194
psoriasis	0.000408798	0.00143001	FALSE	0.00391518	1640	11	27018308	28577718	0.0098794261682243
psa	0.000419977	0.000873029	FALSE	0.214355	1640	11	27018308	28577718	0.274973520105471
crohn	8.78505e-05	0.000152131	FALSE	0.385889	1640	11	27018308	28577718	0.400035278886311
uc	0.000297146	0.00053647	FALSE	0.168793	1640	11	27018308	28577718	0.209000029312289
cad	0.000130106	0.000252577	FALSE	1.47611e-05	1640	11	27018308	28577718	6.97492473140496e-05
psoriasis	0.000224754	0.000786211	FALSE	0.0421025	1641	11	28577719	29530460	0.0694209160305344
psa	0.0010348	0.0021511	FALSE	0.0231194	1641	11	28577719	29530460	0.0574589430395913
uc	0.000263429	0.000475598	FALSE	0.168562	1641	11	28577719	29530460	0.208895119638826
cad	4.17616e-05	8.10724e-05	FALSE	0.0444363	1641	11	28577719	29530460	0.0635956308510638
psoriasis	0.000145911	0.000510411	FALSE	0.113629	1642	11	29530461	30570129	0.152541106277191
cad	1.88664e-05	3.66256e-05	FALSE	0.194604	1642	11	29530461	30570129	0.218781050614251
psoriasis	0.000177215	0.000619915	FALSE	0.0895224	1643	11	30570130	32065771	0.125631911688312
psa	0.000755637	0.00157078	FALSE	0.0723859	1643	11	30570130	32065771	0.1290476
crohn	0.000268398	0.000464786	FALSE	0.201046	1643	11	30570130	32065771	0.232755019689119
uc	0.000836198	0.00150968	FALSE	0.00438279	1643	11	30570130	32065771	0.0112568501052632
cad	6.87251e-05	0.000133417	FALSE	0.0050912	1643	11	30570130	32065771	0.0100202877796902
psoriasis	0.000136366	0.000477022	FALSE	0.158829	1644	11	32065772	32830422	0.200041189504373
psa	9.97547e-05	0.000207366	FALSE	0.407626	1644	11	32065772	32830422	0.432283485558583
crohn	0.000539184	0.000933706	FALSE	0.0672465	1644	11	32065772	32830422	0.0964859865125241
uc	2.02984e-05	3.6647e-05	FALSE	0.454598	1644	11	32065772	32830422	0.457934499082569
cad	0.000100922	0.000195921	FALSE	0.000305833	1644	11	32065772	32830422	0.000970097185852982
psoriasis	0.000666456	0.00233133	FALSE	2.05881e-05	1645	11	32830423	33905327	0.000131180814159292
psa	0.00115883	0.00240893	FALSE	0.0203836	1645	11	32830423	33905327	0.0526090145695364
uc	0.000246422	0.000444893	FALSE	0.202893	1645	11	32830423	33905327	0.241492156097561
cad	7.7324e-05	0.00015011	FALSE	0.00317059	1645	11	32830423	33905327	0.0067202403429101
psoriasis	0.00116484	0.00407472	FALSE	6.69277e-09	1646	11	33905328	34672697	1.13829788976378e-07
psa	0.00140614	0.00292303	FALSE	0.0211279	1646	11	33905328	34672697	0.0539253410994764
crohn	0.00100229	0.00173567	FALSE	0.0140917	1646	11	33905328	34672697	0.0268837385140905
uc	0.000793061	0.0014318	FALSE	0.0227385	1646	11	33905328	34672697	0.0415768076602831
psoriasis	2.30815e-05	8.07413e-05	FALSE	0.416346	1647	11	34672698	35500367	0.426823996203132
psa	0.000562333	0.00116895	FALSE	0.150773	1647	11	34672698	35500367	0.216854588322247
crohn	0.00157043	0.00271951	FALSE	7.78062e-05	1647	11	34672698	35500367	0.000359873811180124
uc	0.00080649	0.00145605	FALSE	0.00883359	1647	11	34672698	35500367	0.0195550036693548
cad	1.07621e-05	2.08925e-05	FALSE	0.326702	1647	11	34672698	35500367	0.339621579090909
psoriasis	0.00148854	0.00520707	FALSE	5.52619e-12	1648	11	35500368	36331189	1.78157767164179e-10
psa	0.00221981	0.00461444	FALSE	0.00143396	1648	11	35500368	36331189	0.00790505994334278
crohn	0.00106818	0.00184978	FALSE	0.0120306	1648	11	35500368	36331189	0.0237601293286219
uc	0.000551032	0.000994839	FALSE	0.0830008	1648	11	35500368	36331189	0.116989574326059
cad	3.31427e-05	6.43404e-05	FALSE	0.155068	1648	11	35500368	36331189	0.180020566497462
psoriasis	0.00173221	0.00605942	FALSE	1.21913e-18	1649	11	36331190	37119024	7.52377371428571e-17
psa	0.00319524	0.00664213	FALSE	6.73323e-07	1649	11	36331190	37119024	3.63968488333333e-05
crohn	0.0010136	0.00175526	FALSE	0.00474476	1649	11	36331190	37119024	0.0111812171308017
uc	0.000863536	0.00155904	FALSE	0.00568764	1649	11	36331190	37119024	0.0139824036241611
cad	1.82753e-05	3.54781e-05	FALSE	0.234253	1649	11	36331190	37119024	0.256569666507177
psoriasis	0.000115895	0.000405412	FALSE	0.162621	1650	11	37119025	37953086	0.20374788863109
psa	0.00103099	0.00214317	FALSE	0.0196126	1650	11	37119025	37953086	0.0514368188679245
crohn	8.95406e-05	0.000155057	FALSE	0.364551	1650	11	37119025	37953086	0.381633989690722
uc	0.000582452	0.00105157	FALSE	0.0209275	1650	11	37119025	37953086	0.0387495865092749
cad	8.8234e-05	0.00017129	FALSE	0.000353685	1650	11	37119025	37953086	0.00110351650068213
psoriasis	8.19088e-05	0.000286525	FALSE	0.207986	1651	11	37953087	39329140	0.248111363887355
crohn	0.000333851	0.000578131	FALSE	0.106929	1651	11	37953087	39329140	0.139532351635514
cad	1.1946e-05	2.31908e-05	FALSE	0.255372	1651	11	37953087	39329140	0.275878962683042
crohn	0.000229736	0.000397833	FALSE	0.254501	1652	11	39329141	40362940	0.282161406451613
cad	3.52723e-05	6.84746e-05	FALSE	0.0980748	1652	11	39329141	40362940	0.124195497009967
psoriasis	8.07444e-05	0.000282452	FALSE	0.284556	1653	11	40362941	41603195	0.317479834710744
psa	0.00072849	0.00151435	FALSE	0.109999	1653	11	40362941	41603195	0.173748420454545
crohn	0.00105712	0.00183062	FALSE	0.00570709	1653	11	40362941	41603195	0.0130765528820513
uc	0.00105087	0.00189726	FALSE	0.00231975	1653	11	40362941	41603195	0.00688401486486487
cad	7.62381e-05	0.000148002	FALSE	0.00651771	1653	11	40362941	41603195	0.012268315037037
psa	0.00121478	0.00252522	FALSE	0.0206599	1654	11	41603196	42858197	0.0529699148880105
crohn	0.000552239	0.000956313	FALSE	0.0714002	1654	11	41603196	42858197	0.100932882553729
cad	3.35783e-05	6.5186e-05	FALSE	0.10925	1654	11	41603196	42858197	0.136234869138495
psoriasis	0.000454254	0.00158902	FALSE	0.00169154	1655	11	42858198	43949377	0.0049308048582996
psa	0.00101731	0.00211473	FALSE	0.037445	1655	11	42858198	43949377	0.0806954263565891
cad	8.64781e-05	0.000167881	FALSE	0.00157943	1655	11	42858198	43949377	0.00383049460233298
psoriasis	0.000794363	0.00277876	FALSE	0.000230959	1656	11	43949378	45019559	0.00096680511627907
psa	0.00206913	0.00430123	FALSE	0.00779131	1656	11	43949378	45019559	0.0266478194727592
crohn	0.00368747	0.0063856	FALSE	1.71901e-09	1656	11	43949378	45019559	3.65739841904762e-08
uc	0.00346878	0.00626258	FALSE	1.72009e-10	1656	11	43949378	45019559	6.62687305263158e-09
cad	0.000206829	0.000401521	FALSE	1.58017e-06	1656	11	43949378	45019559	1.06918603254438e-05
psoriasis	0.000712225	0.00249143	FALSE	5.40648e-05	1657	11	45019560	46316005	0.000290497432835821
crohn	0.00239724	0.00415131	FALSE	4.6827e-07	1657	11	45019560	46316005	4.71223054054054e-06
uc	0.00120233	0.00217069	FALSE	0.0012461	1657	11	45019560	46316005	0.00414611454545455
cad	0.000106983	0.000207688	FALSE	0.000738981	1657	11	45019560	46316005	0.00205352314337789
psoriasis	0.000326343	0.00114158	FALSE	0.0033615	1658	11	46316006	48066366	0.00872697115384615
psa	0.000523747	0.00108874	FALSE	0.106762	1658	11	46316006	48066366	0.171135792421746
crohn	0.000723726	0.00125328	FALSE	0.00826454	1658	11	46316006	48066366	0.0176510347609943
uc	0.000292789	0.000528604	FALSE	0.111914	1658	11	46316006	48066366	0.149947006711409
cad	0.000104527	0.00020292	FALSE	1.29545e-05	1658	11	46316006	48066366	6.30360457446809e-05
psoriasis	0.000117238	0.000410111	FALSE	0.0342888	1659	11	48066367	48765366	0.0586411781472684
psa	0.00010285	0.000213801	FALSE	0.28931	1659	11	48066367	48765366	0.340591203871748
crohn	0.000210434	0.000364409	FALSE	0.0845733	1659	11	48066367	48765366	0.114715696539162
uc	0.000381997	0.000689663	FALSE	0.00708452	1659	11	48066367	48765366	0.0165506445957447
cad	4.75658e-05	9.23402e-05	FALSE	0.000474971	1659	11	48066367	48765366	0.00140162409935484
psoriasis	0.000155351	0.000543433	FALSE	0.00986727	1660	11	48765367	49386071	0.0210190366863905
psa	0.000220697	0.000458776	FALSE	0.14279	1660	11	48765367	49386071	0.208930168421053
crohn	5.99175e-05	0.000103759	FALSE	0.294796	1660	11	48765367	49386071	0.319386161008729
uc	2.80753e-05	5.06876e-05	FALSE	0.362994	1660	11	48765367	49386071	0.383791441502167
cad	5.08927e-05	9.87986e-05	FALSE	0.000165943	1660	11	48765367	49386071	0.000581181686064318
psoriasis	0.000155085	0.000542501	FALSE	0.00704295	1661	11	49386072	50217008	0.0161081088607595
psa	0.000320297	0.000665818	FALSE	0.0646247	1661	11	49386072	50217008	0.118977924503311
crohn	8.23883e-05	0.000142672	FALSE	0.232402	1661	11	49386072	50217008	0.261028691804927
uc	2.32426e-05	4.19624e-05	FALSE	0.369032	1661	11	49386072	50217008	0.388949113243762
cad	3.92026e-05	7.61044e-05	FALSE	0.00102613	1661	11	49386072	50217008	0.00270988372979215
psoriasis	0.000233017	0.000815116	FALSE	0.000337765	1662	11	50217009	51098366	0.00129817153024911
psa	2.24339e-05	4.66346e-05	FALSE	0.390245	1662	11	50217009	51098366	0.419799209508015
crohn	0.000241449	0.000418117	FALSE	0.031971	1662	11	50217009	51098366	0.05310276133829
uc	0.000109164	0.000197086	FALSE	0.131362	1662	11	50217009	51098366	0.171199378041543
cad	3.23328e-05	6.27681e-05	FALSE	0.00201965	1662	11	50217009	51098366	0.00460972010978044
psoriasis	0.000181697	0.000635593	FALSE	0.00243824	1664	11	51581596	55477633	0.00670050687022901
crohn	0.000176634	0.000305877	FALSE	0.0858279	1664	11	51581596	55477633	0.116065089951574
uc	0.000250384	0.000452046	FALSE	0.0236657	1664	11	51581596	55477633	0.0430214215231788
cad	3.13976e-05	6.09525e-05	FALSE	0.00370053	1664	11	51581596	55477633	0.00764508772357724
psoriasis	0.000138438	0.000484271	FALSE	0.0184479	1665	11	55477634	55947452	0.034892700525394
crohn	0.000342324	0.000592803	FALSE	0.0211887	1665	11	55477634	55947452	0.0378987636509207
uc	5.97296e-05	0.000107837	FALSE	0.287418	1665	11	55477634	55947452	0.318290432677761
cad	2.53262e-05	4.91661e-05	FALSE	0.0207676	1665	11	55477634	55947452	0.0331441041172366
psoriasis	0.000449075	0.00157091	FALSE	2.42007e-06	1666	11	55947453	56623494	2.04994164705882e-05
crohn	0.000287785	0.000498358	FALSE	0.0630984	1666	11	55947453	56623494	0.0916526824447334
uc	0.00012201	0.000220278	FALSE	0.20226	1666	11	55947453	56623494	0.240869284164859
cad	3.90559e-05	7.58197e-05	FALSE	0.00580528	1666	11	55947453	56623494	0.0111288142162615
psoriasis	0.000380237	0.0013301	FALSE	0.00282623	1667	11	56623495	57675986	0.00758342459627329
psa	0.000699325	0.00145373	FALSE	0.0780401	1667	11	56623495	57675986	0.135837240250447
crohn	0.00062596	0.00108398	FALSE	0.0302372	1667	11	56623495	57675986	0.0506371100449775
uc	4.50376e-06	8.13114e-06	FALSE	0.47229	1667	11	56623495	57675986	0.473800292370946
cad	7.90564e-05	0.000153473	FALSE	0.00130076	1667	11	56623495	57675986	0.00327425940594059
psoriasis	0.000239587	0.000838097	FALSE	0.00660025	1668	11	57675987	58452708	0.0153461141011841
psa	4.8201e-05	0.000100198	FALSE	0.411622	1668	11	57675987	58452708	0.435261323193916
crohn	0.000621567	0.00107637	FALSE	0.0060965	1668	11	57675987	58452708	0.013826985786802
uc	0.000616921	0.0011138	FALSE	0.00273189	1668	11	57675987	58452708	0.00781149796875
cad	3.51653e-05	6.82669e-05	FALSE	0.0221595	1668	11	57675987	58452708	0.0349991550414365
psoriasis	7.90605e-05	0.000276561	FALSE	0.209086	1669	11	58452709	59256232	0.249241589403974
psa	0.00019952	0.000414753	FALSE	0.284579	1669	11	58452709	59256232	0.337060702373707
crohn	0.000143167	0.000247923	FALSE	0.2689	1669	11	58452709	59256232	0.295922463054187
uc	0.000167559	0.000302513	FALSE	0.213946	1669	11	58452709	59256232	0.251377964686998
psoriasis	0.000391117	0.00136817	FALSE	0.00435013	1670	11	59256233	60515105	0.0107632082474227
psa	0.000553008	0.00114957	FALSE	0.145529	1670	11	59256233	60515105	0.211859287958115
crohn	0.00063975	0.00110786	FALSE	0.0382954	1670	11	59256233	60515105	0.0617083307858688
uc	0.000868452	0.00156791	FALSE	0.00443498	1670	11	59256233	60515105	0.0113643128121354
cad	1.00295e-05	1.94703e-05	FALSE	0.330353	1670	11	59256233	60515105	0.342949301407172
psoriasis	0.000966848	0.00338213	FALSE	7.88979e-07	1671	11	60515106	61717117	8.19324346153846e-06
psa	0.00178485	0.00371028	FALSE	0.0061741	1671	11	60515106	61717117	0.022363120929368
crohn	0.00155312	0.00268954	FALSE	0.000622023	1671	11	60515106	61717117	0.00203157804385965
uc	0.00161928	0.00292347	FALSE	8.34844e-05	1671	11	60515106	61717117	0.000474952700518135
cad	0.000215749	0.000418836	FALSE	1.21621e-08	1671	11	60515106	61717117	1.51166971195652e-07
psoriasis	0.000396403	0.00138666	FALSE	0.00843813	1672	11	61717118	62800368	0.0185039195939086
psa	0.00111304	0.00231373	FALSE	0.0383522	1672	11	61717118	62800368	0.0820147046153846
crohn	0.00270253	0.00467997	FALSE	1.21411e-08	1672	11	61717118	62800368	1.89672848951049e-07
uc	0.000228277	0.000412133	FALSE	0.245705	1672	11	61717118	62800368	0.280004244940322
cad	2.13034e-05	4.13565e-05	FALSE	0.224384	1672	11	61717118	62800368	0.246833192881193
psoriasis	0.00108435	0.00379317	FALSE	5.28253e-09	1673	11	62800369	64594822	9.17790912e-08
psa	0.00224706	0.00467108	FALSE	0.000395817	1673	11	62800369	64594822	0.00306876447011952
crohn	0.00201649	0.00349195	FALSE	5.35843e-06	1673	11	62800369	64594822	3.77625634700315e-05
uc	0.000765612	0.00138225	FALSE	0.017416	1673	11	62800369	64594822	0.0333149268292683
cad	0.000138013	0.000267927	FALSE	1.79051e-05	1673	11	62800369	64594822	8.22268347389558e-05
psoriasis	0.00184511	0.00645438	FALSE	4.38145e-18	1674	11	64594823	66782661	2.62887e-16
psa	0.00325107	0.00675819	FALSE	3.0798e-06	1674	11	64594823	66782661	0.0001033326
crohn	0.00218439	0.00378271	FALSE	1.93073e-06	1674	11	64594823	66782661	1.5975003037037e-05
uc	0.0012453	0.00224828	FALSE	0.000722325	1674	11	64594823	66782661	0.00263492641196013
cad	0.000406676	0.000789485	FALSE	1.57063e-22	1674	11	64594823	66782661	1.56175252608696e-20
psoriasis	0.000202889	0.000709726	FALSE	0.0546786	1675	11	66782662	68000949	0.0856459579405366
psa	0.000765544	0.00159138	FALSE	0.0588556	1675	11	66782662	68000949	0.11162536436222
crohn	0.000518898	0.000898576	FALSE	0.0532574	1675	11	66782662	68000949	0.0806077449864499
uc	0.000211064	0.000381057	FALSE	0.209097	1675	11	66782662	68000949	0.247002158149543
cad	3.42876e-05	6.6563e-05	FALSE	0.0714234	1675	11	66782662	68000949	0.0946929366956522
psoriasis	0.000186879	0.00065372	FALSE	0.0694809	1676	11	68000950	68887344	0.103217843191197
psa	0.000576055	0.00119748	FALSE	0.115542	1676	11	68000950	68887344	0.180019801441153
crohn	0.00160214	0.00277442	FALSE	1.12145e-05	1676	11	68000950	68887344	6.97860529247911e-05
uc	0.000547974	0.000989319	FALSE	0.0296202	1676	11	68000950	68887344	0.0512618042553191
cad	8.36499e-05	0.000162391	FALSE	0.000748204	1676	11	68000950	68887344	0.00207160114769976
psoriasis	0.000158744	0.000555302	FALSE	0.149966	1677	11	68887345	69713996	0.190994433962264
psa	0.000577657	0.00120081	FALSE	0.165509	1677	11	68887345	69713996	0.231953673146148
crohn	0.00229256	0.00397002	FALSE	5.36231e-07	1677	11	68887345	69713996	5.27726896035242e-06
uc	0.00219108	0.00395581	FALSE	7.7897e-08	1677	11	68887345	69713996	1.402146e-06
cad	0.000201692	0.000391547	FALSE	8.15027e-09	1677	11	68887345	69713996	1.06512385657143e-07
psoriasis	0.000850246	0.00297424	FALSE	2.65584e-05	1678	11	69713997	71242834	0.000158470011049724
psa	0.00268788	0.00558745	FALSE	0.000390933	1678	11	69713997	71242834	0.003043022472
crohn	0.00102266	0.00177094	FALSE	0.0201639	1678	11	69713997	71242834	0.0362690439613527
uc	0.00115738	0.00208955	FALSE	0.00476168	1678	11	69713997	71242834	0.0120607258131488
cad	0.000230769	0.000447995	FALSE	1.46766e-08	1678	11	69713997	71242834	1.76659916842105e-07
psoriasis	0.000876837	0.00306726	FALSE	5.78392e-07	1679	11	71242835	72875068	6.43982845360825e-06
psa	0.00265451	0.00551807	FALSE	3.32101e-05	1679	11	71242835	72875068	0.000456539822535211
crohn	0.00135351	0.00234388	FALSE	0.000657748	1679	11	71242835	72875068	0.00212957830724638
uc	0.00122145	0.00220523	FALSE	0.000488496	1679	11	71242835	72875068	0.00189864993982301
cad	8.98771e-05	0.00017448	FALSE	0.00167692	1679	11	71242835	72875068	0.00396599383660807
psoriasis	0.000249826	0.000873916	FALSE	0.0607675	1680	11	72875069	74399331	0.0925654442877292
psa	0.000677313	0.00140797	FALSE	0.133636	1680	11	72875069	74399331	0.19958223791251
crohn	0.000317208	0.000549309	FALSE	0.207607	1680	11	72875069	74399331	0.239315809081527
uc	0.000893985	0.00161401	FALSE	0.00868852	1680	11	72875069	74399331	0.0193117306882591
cad	8.07418e-05	0.000156745	FALSE	0.00559891	1680	11	72875069	74399331	0.0107813954208754
psoriasis	0.000162385	0.00056804	FALSE	0.138644	1681	11	74399332	75445253	0.178362739726027
psa	0.00013703	0.000284851	FALSE	0.391267	1681	11	74399332	75445253	0.420666067403315
crohn	0.000798811	0.0013833	FALSE	0.0242538	1681	11	74399332	75445253	0.0423304603125
uc	0.000312033	0.000563349	FALSE	0.173172	1681	11	74399332	75445253	0.213045216806723
cad	0.000226149	0.000439026	FALSE	1.5215e-10	1681	11	74399332	75445253	3.10684866071429e-09
psoriasis	0.000774321	0.00270865	FALSE	2.34594e-05	1682	11	75445254	76518906	0.000145610068965517
psa	0.00138303	0.00287498	FALSE	0.0211711	1682	11	75445254	76518906	0.0539253410994764
crohn	0.00585566	0.0101402	FALSE	2.43997e-23	1682	11	75445254	76518906	3.63392865333333e-21
uc	0.00260036	0.00469472	FALSE	4.42571e-09	1682	11	75445254	76518906	1.24600758461538e-07
cad	7.36183e-05	0.000142916	FALSE	0.0131571	1682	11	75445254	76518906	0.0222561299556213
psoriasis	0.000168383	0.000589019	FALSE	0.0966683	1683	11	76518907	77719870	0.134028693196406
crohn	6.08778e-05	0.000105422	FALSE	0.406222	1683	11	76518907	77719870	0.418975045244691
psoriasis	0.000574344	0.00200911	FALSE	0.00119979	1684	11	77719871	78912252	0.00367074560906516
psa	0.000299066	0.000621686	FALSE	0.316835	1684	11	77719871	78912252	0.364182463083284
crohn	0.000999646	0.00173109	FALSE	0.0159049	1684	11	77719871	78912252	0.0297217262541806
uc	0.00137654	0.00248522	FALSE	0.000621686	1684	11	77719871	78912252	0.00231167829441624
cad	0.000108523	0.000210678	FALSE	0.00115241	1684	11	77719871	78912252	0.00295798167227834
psa	0.000386925	0.000804322	FALSE	0.279805	1685	11	78912253	79802286	0.332620971288943
crohn	0.00132282	0.00229073	FALSE	0.00356453	1685	11	78912253	79802286	0.00887328380846325
uc	0.00040518	0.000731517	FALSE	0.153816	1685	11	78912253	79802286	0.193459298969072
cad	7.29313e-05	0.000141582	FALSE	0.0193804	1685	11	78912253	79802286	0.0312573870239774
psoriasis	0.000197171	0.000689723	FALSE	0.125349	1686	11	79802287	80726012	0.164592
psa	0.000486729	0.00101179	FALSE	0.226774	1686	11	79802287	80726012	0.286373915639195
crohn	0.000534921	0.000926323	FALSE	0.112662	1686	11	79802287	80726012	0.145820566299942
uc	0.00116775	0.00210827	FALSE	0.00253997	1686	11	79802287	80726012	0.00739757840848806
psoriasis	9.54477e-05	0.000333885	FALSE	0.254478	1687	11	80726013	81658298	0.290832
psa	0.00140467	0.00291996	FALSE	0.013306	1687	11	80726013	81658298	0.0396531026033691
crohn	0.000193444	0.000334987	FALSE	0.29699	1687	11	80726013	81658298	0.321140203291384
uc	0.000984358	0.00177717	FALSE	0.0039834	1687	11	80726013	81658298	0.010501256182473
cad	4.57933e-05	8.88992e-05	FALSE	0.0601209	1687	11	80726013	81658298	0.0819895636851521
psoriasis	0.000149776	0.000523932	FALSE	0.152252	1688	11	81658299	82833181	0.1934496
psa	5.43273e-05	0.000112933	FALSE	0.444667	1688	11	81658299	82833181	0.456393450421941
crohn	0.0013993	0.00242318	FALSE	0.000471206	1688	11	81658299	82833181	0.00162199415100154
cad	4.31768e-05	8.38196e-05	FALSE	0.0645576	1688	11	81658299	82833181	0.0871565709563164
uc	0.000330541	0.000596763	FALSE	0.128104	1689	11	82833182	83677773	0.168352114901257
cad	4.90974e-05	9.53135e-05	FALSE	0.0287975	1689	11	82833182	83677773	0.0437498847941567
psoriasis	0.00018825	0.000658517	FALSE	0.104992	1690	11	83677774	84613229	0.143624268524383
psa	0.0012455	0.00258909	FALSE	0.0214502	1690	11	83677774	84613229	0.05441578515625
crohn	0.000846928	0.00146663	FALSE	0.0180761	1690	11	83677774	84613229	0.0331000060655738
uc	0.000693467	0.00125199	FALSE	0.0243427	1690	11	83677774	84613229	0.0439120669950739
cad	6.53088e-05	0.000126785	FALSE	0.0144745	1690	11	83677774	84613229	0.0241982320906433
psoriasis	6.16106e-05	0.00021552	FALSE	0.29704	1691	11	84613230	85869059	0.328523502304148
psa	0.00020232	0.000420574	FALSE	0.323901	1691	11	84613230	85869059	0.369684073900293
uc	0.000318697	0.000575379	FALSE	0.129701	1691	11	84613230	85869059	0.169911735241503
cad	9.41274e-05	0.000182731	FALSE	0.000299702	1691	11	84613230	85869059	0.000953294122392211
psoriasis	0.000464392	0.00162449	FALSE	0.00195664	1692	11	85869060	86629333	0.0055463811023622
crohn	0.000183409	0.000317609	FALSE	0.298961	1692	11	85869060	86629333	0.322654353623188
uc	0.000584645	0.00105552	FALSE	0.0432512	1692	11	85869060	86629333	0.0689257149492017
cad	5.02883e-05	9.76253e-05	FALSE	0.0400187	1692	11	85869060	86629333	0.0578891631246047
psoriasis	0.000558125	0.00195237	FALSE	0.000606748	1693	11	86629334	87676870	0.00209357137380192
psa	0.000105274	0.000218839	FALSE	0.414384	1693	11	86629334	87676870	0.436595161884136
crohn	0.000838264	0.00145162	FALSE	0.0221657	1693	11	86629334	87676870	0.039425297611465
uc	0.00146007	0.00263603	FALSE	0.000105575	1693	11	86629334	87676870	0.000569638083538084
cad	3.28152e-05	6.37045e-05	FALSE	0.129813	1693	11	86629334	87676870	0.156171662809048
crohn	0.000590064	0.00102181	FALSE	0.0544662	1694	11	87676871	88359287	0.0821035700404858
uc	0.000287148	0.00051842	FALSE	0.174151	1694	11	87676871	88359287	0.213767718435754
cad	9.22459e-06	1.79078e-05	FALSE	0.345985	1694	11	87676871	88359287	0.357554313149571
psoriasis	0.000120348	0.000420988	FALSE	0.122257	1695	11	88359288	89209738	0.16141511002445
psa	0.00103227	0.00214584	FALSE	0.0101249	1695	11	88359288	89209738	0.0321945349673203
crohn	0.000277165	0.000479967	FALSE	0.144016	1695	11	88359288	89209738	0.17814603765227
uc	4.71804e-05	8.518e-05	FALSE	0.394512	1695	11	88359288	89209738	0.410397135007106
cad	6.74365e-05	0.000130915	FALSE	0.00132887	1695	11	88359288	89209738	0.00333969856043956
psoriasis	0.000185521	0.00064897	FALSE	0.0379239	1696	11	89209739	90199932	0.0636979968895801
crohn	0.000290272	0.000502664	FALSE	0.124203	1696	11	89209739	90199932	0.157922311895276
cad	2.66336e-05	5.17042e-05	FALSE	0.0805651	1696	11	89209739	90199932	0.104629405848949
psoriasis	0.000139898	0.000489376	FALSE	0.078973	1697	11	90199933	90967061	0.113796984656438
psa	0.000327092	0.000679944	FALSE	0.18424	1697	11	90199933	90967061	0.248462259182259
crohn	0.000105157	0.0001821	FALSE	0.312874	1697	11	90199933	90967061	0.335232861390887
cad	3.62461e-05	7.0365e-05	FALSE	0.0311472	1697	11	90199933	90967061	0.0469878934036939
psoriasis	0.000225628	0.000789267	FALSE	0.0589597	1698	11	90967062	92209168	0.0907718831076265
crohn	0.000625119	0.00108252	FALSE	0.0462913	1698	11	90967062	92209168	0.0719156913769124
uc	0.000391685	0.000707153	FALSE	0.107511	1698	11	90967062	92209168	0.145467748613678
cad	8.54982e-05	0.000165979	FALSE	0.00173571	1698	11	90967062	92209168	0.00407135258461539
psoriasis	0.000496458	0.00173666	FALSE	0.00139537	1699	11	92209169	93576641	0.00415724027586207
psa	0.00101558	0.00211115	FALSE	0.0475037	1699	11	92209169	93576641	0.0965958204806688
crohn	0.00199843	0.00346069	FALSE	4.91661e-06	1699	11	92209169	93576641	3.55459765048544e-05
uc	0.000506185	0.000913872	FALSE	0.0709485	1699	11	92209169	93576641	0.10311244606221
cad	9.21146e-05	0.000178823	FALSE	0.00160596	1699	11	92209169	93576641	0.00385827950630252
crohn	0.000103719	0.00017961	FALSE	0.340568	1700	11	93576642	94384535	0.360070474207288
psoriasis	0.000442741	0.00154875	FALSE	0.00565727	1701	11	94384536	95327210	0.0135173707964602
psa	0.00260737	0.00542009	FALSE	0.000128404	1701	11	94384536	95327210	0.00126839687309645
crohn	0.00183338	0.00317487	FALSE	5.05161e-05	1701	11	94384536	95327210	0.000255323455656109
uc	0.000585891	0.00105778	FALSE	0.0579877	1701	11	94384536	95327210	0.0880034479612992
cad	0.000110678	0.00021486	FALSE	0.000545132	1701	11	94384536	95327210	0.0015804126539924
psoriasis	0.000583744	0.00204199	FALSE	0.00075131	1702	11	95327211	96150134	0.00248139082568807
psa	0.00237823	0.00494375	FALSE	0.000487042	1702	11	95327211	96150134	0.0035630967368421
crohn	0.00135428	0.00234521	FALSE	0.00179335	1702	11	95327211	96150134	0.00497065
uc	0.000745819	0.00134651	FALSE	0.0278515	1702	11	95327211	96150134	0.0489686901521217
cad	0.000230974	0.000448393	FALSE	1.00644e-09	1702	11	95327211	96150134	1.65485686428571e-08
crohn	0.000807332	0.00139806	FALSE	0.0145707	1703	11	96150135	97091671	0.0275388695431472
uc	0.00147956	0.00267121	FALSE	1.73458e-05	1703	11	96150135	97091671	0.000129123311186441
psoriasis	0.000303428	0.00106142	FALSE	0.0291189	1704	11	97091672	98145570	0.051344346122449
psa	0.000528646	0.00109893	FALSE	0.183352	1704	11	97091672	98145570	0.247779855555556
crohn	0.00160294	0.00277581	FALSE	0.000150221	1704	11	97091672	98145570	0.000624941739292365
uc	0.000839166	0.00151504	FALSE	0.0109422	1704	11	97091672	98145570	0.0233518670553936
cad	4.30554e-05	8.35839e-05	FALSE	0.0717219	1704	11	97091672	98145570	0.0949992255356109
psoriasis	0.000202326	0.000707757	FALSE	0.0724841	1705	11	98145571	98929380	0.106507248979592
psa	0.00164233	0.00341401	FALSE	0.00256385	1705	11	98145571	98929380	0.0124059672952854
crohn	0.000796487	0.00137928	FALSE	0.0159323	1705	11	98145571	98929380	0.0297349692564745
uc	0.000635211	0.00114682	FALSE	0.0242256	1705	11	98145571	98929380	0.0437855288888889
cad	2.14695e-05	4.1679e-05	FALSE	0.193985	1705	11	98145571	98929380	0.218221197737334
psoriasis	7.09495e-05	0.000248188	FALSE	0.296958	1706	11	98929381	99619347	0.328523502304148
psa	0.000152985	0.000318019	FALSE	0.375915	1706	11	98929381	99619347	0.41074148792813
crohn	0.000891065	0.00154306	FALSE	0.0119215	1706	11	98929381	99619347	0.0236104884751773
uc	0.000492508	0.00088918	FALSE	0.0681409	1706	11	98929381	99619347	0.100225998928332
cad	4.80837e-05	9.33455e-05	FALSE	0.0438782	1706	11	98929381	99619347	0.0628755911027569
psa	0.000695863	0.00144653	FALSE	0.129382	1707	11	99619348	100423901	0.195176257364341
crohn	0.000984678	0.00170517	FALSE	0.011065	1707	11	99619348	100423901	0.0222896393146979
uc	0.000419985	0.000758247	FALSE	0.118175	1707	11	99619348	100423901	0.156710326086957
cad	0.000110666	0.000214838	FALSE	0.000428938	1707	11	99619348	100423901	0.00128906860183968
psa	0.000774779	0.00161058	FALSE	0.0688815	1708	11	100423902	101152831	0.124344525974026
crohn	0.000896533	0.00155253	FALSE	0.00676902	1708	11	100423902	101152831	0.0149871067195243
uc	0.000316784	0.000571925	FALSE	0.137326	1708	11	100423902	101152831	0.177206361927145
cad	9.37361e-05	0.000181971	FALSE	0.0004082	1708	11	100423902	101152831	0.00123322774108322
crohn	6.49853e-06	1.12535e-05	FALSE	0.469382	1709	11	101152832	101881252	0.470857381230355
uc	0.000517119	0.000933614	FALSE	0.0327485	1709	11	101152832	101881252	0.0549814266055046
cad	2.305e-05	4.47472e-05	FALSE	0.148305	1709	11	101152832	101881252	0.173845994361866
psoriasis	0.000404812	0.00141607	FALSE	0.00591499	1710	11	101881253	102671665	0.0140091868421053
psa	2.74348e-05	5.70303e-05	FALSE	0.463695	1710	11	101881253	102671665	0.468510109034268
crohn	9.95707e-05	0.000172427	FALSE	0.380589	1710	11	101881253	102671665	0.395274675034868
uc	0.00112477	0.00203067	FALSE	0.00119663	1710	11	101881253	102671665	0.00401190760305343
cad	6.20357e-05	0.000120431	FALSE	0.0185204	1710	11	101881253	102671665	0.0301682014245014
psoriasis	0.000633785	0.00221704	FALSE	3.01973e-05	1711	11	102671666	103495635	0.000176286940540541
psa	0.000698999	0.00145305	FALSE	0.0945663	1711	11	102671666	103495635	0.156219032088285
crohn	4.77659e-05	8.27163e-05	FALSE	0.425479	1711	11	102671666	103495635	0.434034285714286
uc	2.26793e-05	4.09454e-05	FALSE	0.450512	1711	11	102671666	103495635	0.455070999080037
cad	7.28373e-05	0.0001414	FALSE	0.00436536	1711	11	102671666	103495635	0.00877291592267136
psoriasis	0.000483224	0.00169036	FALSE	0.00102468	1712	11	103495636	104875270	0.00323110773722628
psa	0.0012942	0.00269032	FALSE	0.0137993	1712	11	103495636	104875270	0.0406413709531014
crohn	0.000256665	0.000444468	FALSE	0.228574	1712	11	103495636	104875270	0.257246506801008
cad	0.000313942	0.000609459	FALSE	1.40646e-17	1712	11	103495636	104875270	8.6934432972973e-16
psoriasis	5.75646e-05	0.000201367	FALSE	0.277404	1713	11	104875271	105932282	0.311268903896104
psa	4.48743e-05	9.32827e-05	FALSE	0.432718	1713	11	104875271	105932282	0.4486250548748
crohn	0.000216443	0.000374815	FALSE	0.204194	1713	11	104875271	105932282	0.235990375581997
uc	0.000201464	0.000363726	FALSE	0.19146	1713	11	104875271	105932282	0.230129261083744
cad	3.20814e-05	6.22801e-05	FALSE	0.0618874	1713	11	104875271	105932282	0.084040802967359
psoriasis	0.000608416	0.0021283	FALSE	0.000239128	1714	11	105932283	107054024	0.000991394395393474
crohn	0.0007942	0.00137532	FALSE	0.0277683	1714	11	105932283	107054024	0.0473183693363844
uc	0.000262347	0.000473645	FALSE	0.217221	1714	11	105932283	107054024	0.253514445859873
cad	0.00011407	0.000221445	FALSE	0.000255464	1714	11	105932283	107054024	0.000843068063492063
psoriasis	0.000151725	0.000530749	FALSE	0.120411	1715	11	107054025	107846824	0.159465211526671
psa	0.000409034	0.000850282	FALSE	0.201588	1715	11	107054025	107846824	0.263282045637584
crohn	0.000815403	0.00141203	FALSE	0.0112589	1715	11	107054025	107846824	0.0225987265049416
uc	0.000369222	0.000666597	FALSE	0.103517	1715	11	107054025	107846824	0.141019436724566
cad	9.4834e-05	0.000184103	FALSE	0.00034328	1715	11	107054025	107846824	0.00107545391780822
psoriasis	0.000160442	0.00056124	FALSE	0.155852	1716	11	107846825	109891837	0.197096206088993
psa	0.000246303	0.000512005	FALSE	0.332703	1716	11	107846825	109891837	0.377076317996506
crohn	0.000426519	0.000738604	FALSE	0.146471	1716	11	107846825	109891837	0.180582899558499
uc	0.000700875	0.00126537	FALSE	0.0302748	1716	11	107846825	109891837	0.0518996571428571
cad	8.71936e-05	0.00016927	FALSE	0.00373996	1716	11	107846825	109891837	0.00771261363390442
psoriasis	0.00121069	0.00423509	FALSE	2.59555e-10	1717	11	109891838	111117780	6.59575058823529e-09
psa	0.00237897	0.00494529	FALSE	0.000247156	1717	11	109891838	111117780	0.00211801615789474
crohn	0.00106552	0.00184516	FALSE	0.0064117	1717	11	109891838	111117780	0.0143957163819095
uc	0.000269701	0.000486921	FALSE	0.212229	1717	11	109891838	111117780	0.249842662379421
cad	0.000101729	0.000197489	FALSE	0.000862686	1717	11	109891838	111117780	0.00234597251129608
psoriasis	0.000701441	0.00245371	FALSE	6.62307e-05	1718	11	111117781	112755446	0.00034032929216152
psa	0.00103369	0.00214878	FALSE	0.0548955	1718	11	111117781	112755446	0.105847564158416
crohn	0.00175994	0.00304768	FALSE	8.05386e-05	1718	11	111117781	112755446	0.000367941170552147
uc	0.00102417	0.00184904	FALSE	0.00428123	1718	11	111117781	112755446	0.0110641197176471
cad	0.000109912	0.000213373	FALSE	0.000547313	1718	11	111117781	112755446	0.00158443649493671
psoriasis	0.000484324	0.00169421	FALSE	0.00285709	1719	11	112755447	113889019	0.00763776534653465
psa	0.000725317	0.00150776	FALSE	0.125202	1719	11	112755447	113889019	0.190793337509789
crohn	0.00109354	0.00189368	FALSE	0.00679166	1719	11	112755447	113889019	0.015022344990099
uc	0.000237652	0.00042906	FALSE	0.246405	1719	11	112755447	113889019	0.280510824261275
cad	0.000107784	0.000209243	FALSE	0.00068721	1719	11	112755447	113889019	0.00192205854523227
psoriasis	0.000378563	0.00132425	FALSE	0.01745	1720	11	113889020	114742317	0.0333262599469496
psa	0.00188092	0.00390997	FALSE	0.00435235	1720	11	113889020	114742317	0.0177003122338205
crohn	0.00111766	0.00193545	FALSE	0.00813622	1720	11	113889020	114742317	0.0174102638697318
uc	0.00218617	0.00394694	FALSE	5.343e-07	1720	11	113889020	114742317	7.61897922077922e-06
cad	0.000118364	0.000229781	FALSE	0.000439687	1720	11	113889020	114742317	0.00131790847837484
psoriasis	0.000228324	0.0007987	FALSE	0.118417	1721	11	114742318	116247377	0.157597486136784
psa	0.00183241	0.00380913	FALSE	0.0104387	1721	11	114742318	116247377	0.0327640487096774
crohn	0.00171978	0.00297815	FALSE	0.000674967	1721	11	114742318	116247377	0.00217414165755396
uc	0.00129937	0.0023459	FALSE	0.00252382	1721	11	114742318	116247377	0.00737208573705179
cad	5.77003e-05	0.000112014	FALSE	0.0597314	1721	11	114742318	116247377	0.081506987947494
psoriasis	0.000432489	0.00151289	FALSE	0.0103969	1722	11	116247378	117295641	0.0219095648780488
psa	9.30247e-05	0.000193376	FALSE	0.431724	1722	11	116247378	117295641	0.447833104477612
crohn	0.000850253	0.00147238	FALSE	0.034736	1722	11	116247378	117295641	0.0567467027777778
uc	0.000889541	0.00160599	FALSE	0.0162911	1722	11	116247378	117295641	0.0318713321460374
cad	0.000424902	0.000824869	FALSE	2.26422e-21	1722	11	116247378	117295641	2.071308456e-19
psoriasis	0.000980467	0.00342977	FALSE	1.14225e-05	1723	11	117295642	118901213	7.83257142857143e-05
psa	0.00563883	0.0117217	FALSE	1.49566e-09	1723	11	117295642	118901213	1.94036957333333e-07
crohn	0.00340568	0.00589762	FALSE	1.6177e-08	1723	11	117295642	118901213	2.45846380952381e-07
uc	0.00156332	0.00282243	FALSE	0.00091167	1723	11	117295642	118901213	0.00317782114285714
cad	0.000271326	0.000526728	FALSE	1.7995e-09	1723	11	117295642	118901213	2.70753717105263e-08
psoriasis	0.000419057	0.0014659	FALSE	0.0100286	1724	11	118901214	120064528	0.0212787583497053
psa	0.000372339	0.000774002	FALSE	0.277208	1724	11	118901214	120064528	0.330138780905753
crohn	0.00053313	0.000923222	FALSE	0.111292	1724	11	118901214	120064528	0.144382304297329
uc	0.000948235	0.00171196	FALSE	0.00962528	1724	11	118901214	120064528	0.0208247437241379
cad	0.000135794	0.000263619	FALSE	8.38534e-05	1724	11	118901214	120064528	0.000318559345182724
psoriasis	0.00153366	0.00536488	FALSE	2.77908e-12	1725	11	120064529	121208186	9.23509661538462e-11
crohn	0.00113743	0.00196969	FALSE	0.00949034	1725	11	120064529	121208186	0.0196491376830399
uc	0.00192334	0.00347242	FALSE	1.21765e-05	1725	11	120064529	121208186	9.48212553191489e-05
cad	0.000160352	0.000311294	FALSE	1.4164e-05	1725	11	120064529	121208186	6.79004558577406e-05
psoriasis	0.00023774	0.000831637	FALSE	0.0995115	1726	11	121208187	122589224	0.137396840894569
psa	0.00115672	0.00240455	FALSE	0.0575123	1726	11	121208187	122589224	0.109809619178082
crohn	0.000391604	0.000678141	FALSE	0.197061	1726	11	121208187	122589224	0.228930979719189
uc	0.00120009	0.00216666	FALSE	0.00329019	1726	11	121208187	122589224	0.00907695633165829
cad	0.00029863	0.000579733	FALSE	1.80896e-12	1726	11	121208187	122589224	5.44354147368421e-11
psoriasis	0.00101386	0.00354657	FALSE	5.08269e-07	1727	11	122589225	123398882	5.778216e-06
psa	0.00161946	0.00336646	FALSE	0.0134919	1727	11	122589225	123398882	0.0400843319083969
crohn	0.000731762	0.00126719	FALSE	0.0580181	1727	11	122589225	123398882	0.0862358186294079
uc	0.0010322	0.00186354	FALSE	0.0074433	1727	11	122589225	123398882	0.0171516125918153
cad	0.000118803	0.000230634	FALSE	0.000618726	1727	11	122589225	123398882	0.00176775963420724
psoriasis	3.68271e-05	0.000128825	FALSE	0.38293	1728	11	123398883	124403477	0.401185955383123
crohn	0.000915185	0.00158483	FALSE	0.0108143	1728	11	123398883	124403477	0.0219031243880326
uc	0.000408871	0.000738181	FALSE	0.106309	1728	11	123398883	124403477	0.144018855027761
cad	5.58962e-05	0.000108512	FALSE	0.0261082	1728	11	123398883	124403477	0.0401273208333333
psoriasis	0.00040093	0.00140249	FALSE	0.0140106	1729	11	124403478	125266684	0.0279178007380074
psa	0.00151602	0.00315143	FALSE	0.016462	1729	11	124403478	125266684	0.04576436
crohn	0.00212472	0.00367938	FALSE	1.28449e-05	1729	11	124403478	125266684	7.79769201086957e-05
uc	0.000304731	0.000550166	FALSE	0.209465	1729	11	124403478	125266684	0.247303838709677
cad	0.000181851	0.00035303	FALSE	8.56178e-07	1729	11	124403478	125266684	6.29607423151125e-06
psoriasis	0.000201496	0.000704852	FALSE	0.1137	1730	11	125266685	126304240	0.152541614906832
psa	0.000162921	0.000338674	FALSE	0.386385	1730	11	125266685	126304240	0.417261492785794
crohn	0.00084363	0.00146091	FALSE	0.0289008	1730	11	125266685	126304240	0.0489124145454545
uc	0.000739678	0.00133542	FALSE	0.0287874	1730	11	125266685	126304240	0.0501723257142857
cad	0.000223995	0.000434845	FALSE	2.50504e-09	1730	11	125266685	126304240	3.62596612658228e-08
psoriasis	0.000414296	0.00144925	FALSE	0.0152272	1731	11	126304241	127306871	0.0298735258855586
psa	0.00313503	0.00651696	FALSE	4.43541e-05	1731	11	126304241	127306871	0.000542849550943396
crohn	0.0015156	0.00262456	FALSE	0.00139084	1731	11	126304241	127306871	0.00403000850843061
uc	0.000797897	0.00144053	FALSE	0.030082	1731	11	126304241	127306871	0.0517306750195771
cad	6.80343e-05	0.000132076	FALSE	0.0284373	1731	11	126304241	127306871	0.043328517721519
psoriasis	0.00169495	0.00592908	FALSE	2.81911e-17	1732	11	127306872	128262550	1.56528553846154e-15
psa	0.00182836	0.00380071	FALSE	0.00195895	1732	11	127306872	128262550	0.010058355408971
crohn	0.000775753	0.00134337	FALSE	0.0251693	1732	11	127306872	128262550	0.043621579674166
uc	0.00140199	0.00253117	FALSE	0.000101554	1732	11	127306872	128262550	0.000553381101736973
cad	0.000147072	0.000285513	FALSE	3.68598e-06	1732	11	127306872	128262550	2.15596835294118e-05
psoriasis	0.00260269	0.00910445	FALSE	4.91797e-25	1733	11	128262551	129451784	4.82855236363636e-23
psa	0.00822736	0.0171027	FALSE	1.21284e-18	1733	11	128262551	129451784	4.72037328e-16
crohn	0.0027752	0.00480582	FALSE	2.35815e-07	1733	11	128262551	129451784	2.53274379807692e-06
uc	0.00186628	0.00336941	FALSE	3.11912e-05	1733	11	128262551	129451784	0.000209467508256881
cad	0.000181122	0.000351614	FALSE	2.90007e-06	1733	11	128262551	129451784	1.75053859102902e-05
psoriasis	0.000120686	0.000422173	FALSE	0.245919	1734	11	129451785	130500783	0.283752692307692
psa	0.000524284	0.00108986	FALSE	0.224315	1734	11	129451785	130500783	0.284375889250814
crohn	0.00185356	0.00320982	FALSE	0.000171748	1734	11	129451785	130500783	0.000695510572463768
uc	0.000785189	0.00141759	FALSE	0.0320176	1734	11	129451785	130500783	0.0540788209069946
cad	3.52828e-05	6.84949e-05	FALSE	0.150442	1734	11	129451785	130500783	0.175720558733401
psoriasis	0.000437675	0.00153103	FALSE	0.0143507	1735	11	130500784	131424361	0.0284641983471074
psa	0.00222039	0.00461564	FALSE	0.00268349	1735	11	130500784	131424361	0.0127679010757946
crohn	0.00235549	0.004079	FALSE	9.24586e-06	1735	11	130500784	131424361	5.96972579190751e-05
uc	0.00111155	0.00200681	FALSE	0.00696341	1735	11	130500784	131424361	0.0164073480257511
cad	0.000125705	0.000244033	FALSE	0.000650389	1735	11	130500784	131424361	0.00183861513349815
psoriasis	0.000947361	0.00331396	FALSE	7.83814e-06	1736	11	131424362	132584401	5.75863346938776e-05
psa	0.00228434	0.00474858	FALSE	0.00254082	1736	11	131424362	132584401	0.0123773849875312
crohn	0.00204137	0.00353503	FALSE	0.000105254	1736	11	131424362	132584401	0.00046378192504931
uc	0.0013917	0.0025126	FALSE	0.00154422	1736	11	131424362	132584401	0.00493610934497817
cad	7.88693e-05	0.00015311	FALSE	0.0196092	1736	11	131424362	132584401	0.0315818594366197
psoriasis	0.000986071	0.00344937	FALSE	1.21832e-05	1737	11	132584402	133521642	8.30148643533123e-05
psa	0.00385035	0.00800394	FALSE	1.01816e-05	1737	11	132584402	133521642	0.000223682860674157
crohn	0.00130086	0.00225271	FALSE	0.00968825	1737	11	132584402	133521642	0.019966375
uc	0.00219564	0.00396403	FALSE	1.13987e-05	1737	11	132584402	133521642	9.00415294964029e-05
cad	0.000117669	0.000228432	FALSE	0.00238012	1737	11	132584402	133521642	0.00529507241245136
psoriasis	0.000265144	0.0009275	FALSE	0.0723161	1738	11	133521643	134351064	0.106332727025187
crohn	0.00128844	0.00223119	FALSE	0.00421958	1738	11	133521643	134351064	0.0101143151502146
uc	0.000806818	0.00145664	FALSE	0.026273	1738	11	133521643	134351064	0.046679213592233
cad	0.000168337	0.000326795	FALSE	6.02653e-06	1738	11	133521643	134351064	3.25831539243499e-05
psoriasis	0.000473038	0.00165473	FALSE	0.00349774	1739	11	134351065	134946450	0.00902642580645161
psa	0.000567664	0.00118004	FALSE	0.18059	1739	11	134351065	134946450	0.246268480392157
crohn	0.000653914	0.00113238	FALSE	0.0618484	1739	11	134351065	134946450	0.0906622871391076
uc	0.000325465	0.000587598	FALSE	0.18057	1739	11	134351065	134946450	0.219442014388489
cad	8.00618e-05	0.000155425	FALSE	0.00719347	1739	11	134351065	134946450	0.013342632514193
psoriasis	0.000962051	0.00336534	FALSE	8.73582e-07	1740	12	60317	1078397	8.81746317757009e-06
psa	0.00172147	0.00357851	FALSE	0.0080182	1740	12	60317	1078397	0.0272465131588133
crohn	0.00145255	0.00251539	FALSE	0.00123983	1740	12	60317	1078397	0.00365406361477573
uc	0.0015133	0.00273212	FALSE	0.000208482	1740	12	60317	1078397	0.00096792065961945
cad	0.000227077	0.000440828	FALSE	3.41028e-09	1740	12	60317	1078397	4.78485298159509e-08
psoriasis	0.000752146	0.00263108	FALSE	1.86553e-05	1741	12	1078398	1942426	0.000121007351351351
psa	0.00195713	0.00406839	FALSE	0.00172357	1741	12	1078398	1942426	0.00916496879781421
crohn	0.000768588	0.00133097	FALSE	0.0324726	1741	12	1078398	1942426	0.0537361395555555
uc	2.66001e-06	4.80242e-06	FALSE	0.480255	1741	12	1078398	1942426	0.480692789425706
cad	9.71234e-05	0.000188547	FALSE	0.00135429	1741	12	1078398	1942426	0.00339984767288694
psoriasis	0.000709371	0.00248145	FALSE	0.00027788	1742	12	1942427	3069506	0.00110537900552486
psa	0.00217309	0.00451733	FALSE	0.00266435	1742	12	1942427	3069506	0.012739128009828
crohn	0.00131447	0.00227627	FALSE	0.00476277	1742	12	1942427	3069506	0.0112118315911486
uc	0.00130417	0.00235457	FALSE	0.00185149	1742	12	1942427	3069506	0.00570248532959327
cad	0.000244815	0.000475262	FALSE	2.44216e-09	1742	12	1942427	3069506	3.58026917948718e-08
psoriasis	0.000365844	0.00127976	FALSE	0.034425	1743	12	3069507	3871114	0.0588275316455696
psa	0.000617824	0.00128431	FALSE	0.202579	1743	12	3069507	3871114	0.264221671581769
crohn	0.00374403	0.00648354	FALSE	1.68714e-10	1743	12	3069507	3871114	4.99842802631579e-09
uc	0.00231193	0.00417399	FALSE	1.61668e-06	1743	12	3069507	3871114	1.8985183315508e-05
cad	0.000230436	0.000447349	FALSE	3.63422e-08	1743	12	3069507	3871114	3.90209443192488e-07
psoriasis	0.000793794	0.00277677	FALSE	0.000171802	1744	12	3871115	4967643	0.000757331265306122
psa	0.00284951	0.00592344	FALSE	0.000398827	1744	12	3871115	4967643	0.00307038960629921
crohn	0.00309493	0.00535949	FALSE	8.09039e-08	1744	12	3871115	4967643	9.98559738121547e-07
uc	0.00161162	0.00290963	FALSE	0.000466359	1744	12	3871115	4967643	0.00182228534519573
cad	0.000119543	0.000232069	FALSE	0.00156712	1744	12	3871115	4967643	0.00380467456475584
psoriasis	0.000828754	0.00289906	FALSE	7.75486e-05	1745	12	4967644	6023700	0.000387743
psa	0.00282386	0.00587011	FALSE	0.000409706	1745	12	4967644	6023700	0.00310228745525292
crohn	0.00206996	0.00358456	FALSE	0.000107475	1745	12	4967644	6023700	0.000472636122047244
uc	0.00092004	0.00166105	FALSE	0.0230478	1745	12	4967644	6023700	0.0419676358208955
cad	0.000202701	0.000393506	FALSE	1.01154e-06	1745	12	4967644	6023700	7.27481754716981e-06
psoriasis	0.00192618	0.00673795	FALSE	2.82621e-17	1746	12	6023701	6948954	1.56528553846154e-15
psa	0.00284982	0.00592409	FALSE	7.90197e-05	1746	12	6023701	6948954	0.000873706455681818
crohn	0.00293341	0.00507979	FALSE	1.29208e-08	1746	12	6023701	6948954	1.99069428965517e-07
uc	0.00149431	0.00269784	FALSE	0.000241496	1746	12	6023701	6948954	0.00106920406451613
cad	0.000146561	0.00028452	FALSE	3.27484e-05	1746	12	6023701	6948954	0.000137929264825046
psoriasis	0.000359147	0.00125633	FALSE	0.0208399	1747	12	6948955	8123317	0.0385065731394354
psa	0.00132945	0.00276359	FALSE	0.0247627	1747	12	6948955	8123317	0.060462000250941
crohn	0.00179806	0.0031137	FALSE	8.45108e-05	1747	12	6948955	8123317	0.000383391104665314
uc	0.000256756	0.000463551	FALSE	0.23607	1747	12	6948955	8123317	0.271276671899529
cad	0.000149833	0.000290873	FALSE	1.43424e-05	1747	12	6948955	8123317	6.833556e-05
psoriasis	0.000326197	0.00114107	FALSE	0.00552828	1748	12	8123318	8760628	0.013253146281909
psa	0.000136991	0.000284771	FALSE	0.355988	1748	12	8123318	8760628	0.395181202509983
crohn	0.000284579	0.000492806	FALSE	0.156415	1748	12	8123318	8760628	0.19077482487725
uc	0.000249706	0.000450822	FALSE	0.156019	1748	12	8123318	8760628	0.195558061643836
cad	6.55795e-05	0.00012731	FALSE	0.00288495	1748	12	8123318	8760628	0.00621854915174364
psoriasis	0.00221578	0.00775102	FALSE	3.20216e-21	1749	12	8760629	10176713	2.2311824516129e-19
psa	0.000706307	0.00146824	FALSE	0.145558	1749	12	8760629	10176713	0.211859287958115
crohn	0.00340653	0.00589909	FALSE	1.57577e-10	1749	12	8760629	10176713	4.75712186486486e-09
uc	0.0019499	0.00352037	FALSE	5.62254e-06	1749	12	8760629	10176713	5.03963177142857e-05
cad	8.89866e-05	0.000172751	FALSE	0.00527713	1749	12	8760629	10176713	0.0102976077730375
psoriasis	0.000737205	0.00257881	FALSE	6.96301e-06	1750	12	10176714	10946140	5.18396288659794e-05
psa	0.00149525	0.00310826	FALSE	0.00698981	1750	12	10176714	10946140	0.0246416127898551
crohn	0.00117425	0.00203345	FALSE	0.0019452	1750	12	10176714	10946140	0.00533854643734644
uc	0.000847197	0.00152954	FALSE	0.00752145	1750	12	10176714	10946140	0.0173135264150943
cad	7.07678e-05	0.000137383	FALSE	0.00781578	1750	12	10176714	10946140	0.0143112000480384
psoriasis	4.98105e-05	0.000174242	FALSE	0.288016	1751	12	10946141	11742149	0.320347353244078
crohn	8.72822e-05	0.000151147	FALSE	0.340937	1751	12	10946141	11742149	0.360119743735225
uc	0.000237328	0.000428474	FALSE	0.138665	1751	12	10946141	11742149	0.17859726686217
cad	1.88872e-05	3.6666e-05	FALSE	0.150197	1751	12	10946141	11742149	0.175613772494888
psoriasis	0.000668534	0.0023386	FALSE	0.000628568	1752	12	11742150	12721874	0.00215167492868463
psa	0.00477316	0.00992224	FALSE	1.84698e-08	1752	12	11742150	12721874	1.7115348e-06
crohn	0.00172279	0.00298335	FALSE	0.000546048	1752	12	11742150	12721874	0.00183439283007519
uc	0.00108788	0.00196406	FALSE	0.00759658	1752	12	11742150	12721874	0.0174316506583072
cad	7.48744e-05	0.000145355	FALSE	0.0216906	1752	12	11742150	12721874	0.0344249841776544
psoriasis	0.000127162	0.000444825	FALSE	0.231553	1753	12	12721875	13559527	0.270499989183342
psa	0.00247287	0.0051405	FALSE	0.000624122	1753	12	12721875	13559527	0.00420799269204152
crohn	0.00221252	0.00383142	FALSE	1.07233e-05	1753	12	12721875	13559527	6.69157882681564e-05
uc	0.00147244	0.00265836	FALSE	0.000424838	1753	12	12721875	13559527	0.00169011639130435
cad	8.97734e-05	0.000174278	FALSE	0.00624202	1753	12	12721875	13559527	0.0118174666721854
psoriasis	0.000518178	0.00181264	FALSE	0.00268591	1754	12	13559528	14656849	0.00727925420326223
crohn	0.00105689	0.00183021	FALSE	0.0117602	1754	12	13559528	14656849	0.0233324039076377
uc	0.000522299	0.000942965	FALSE	0.0905816	1754	12	13559528	14656849	0.125579036363636
cad	7.75463e-05	0.000150542	FALSE	0.0119989	1754	12	13559528	14656849	0.0204787196268657
psoriasis	0.00067771	0.00237069	FALSE	6.05955e-05	1755	12	14656850	16136742	0.000319234829268293
crohn	0.00135136	0.00234016	FALSE	0.000923016	1755	12	14656850	16136742	0.00283244195604396
uc	4.09902e-05	7.40043e-05	FALSE	0.435388	1755	12	14656850	16136742	0.443877459610028
cad	4.36057e-05	8.46523e-05	FALSE	0.0694068	1755	12	14656850	16136742	0.0925019531468532
psoriasis	0.000423859	0.0014827	FALSE	0.00733699	1756	12	16136743	17374895	0.0164568
psa	0.000951757	0.00197847	FALSE	0.0691555	1756	12	16136743	17374895	0.124638957592593
crohn	0.00147721	0.00255808	FALSE	0.00060429	1756	12	16136743	17374895	0.00198303093098385
uc	0.00033766	0.000609616	FALSE	0.17073	1756	12	16136743	17374895	0.210512678270634
cad	5.04439e-05	9.79273e-05	FALSE	0.0528836	1756	12	16136743	17374895	0.0734333899210686
psoriasis	0.000156999	0.000549196	FALSE	0.131238	1757	12	17374896	18470023	0.171143174411587
psa	0.000270777	0.00056288	FALSE	0.297218	1757	12	17374896	18470023	0.347176445378151
crohn	0.00208267	0.00360656	FALSE	8.06926e-07	1757	12	17374896	18470023	7.44906067768595e-06
uc	0.000257634	0.000465136	FALSE	0.199946	1757	12	17374896	18470023	0.238631204347826
cad	1.88133e-05	3.65225e-05	FALSE	0.229392	1757	12	17374896	18470023	0.251616069064748
psoriasis	0.000431834	0.0015106	FALSE	0.00427723	1758	12	18470024	19532765	0.0106315498273878
psa	0.00196433	0.00408336	FALSE	0.00130203	1758	12	18470024	19532765	0.007344204
crohn	0.000334342	0.00057898	FALSE	0.188119	1758	12	18470024	19532765	0.22118834
uc	0.00108405	0.00195715	FALSE	0.00180735	1758	12	18470024	19532765	0.00560584830508475
cad	3.07161e-05	5.96295e-05	FALSE	0.138976	1758	12	18470024	19532765	0.16502498026999
psoriasis	0.000158531	0.000554556	FALSE	0.111355	1759	12	19532766	20074930	0.150235352904435
psa	0.00102076	0.00212191	FALSE	0.0279807	1759	12	19532766	20074930	0.0659293491525424
crohn	0.000474101	0.000821001	FALSE	0.0802464	1759	12	19532766	20074930	0.1103202816
uc	0.00179414	0.00323916	FALSE	2.84869e-07	1759	12	19532766	20074930	4.43668314893617e-06
cad	8.51851e-05	0.000165371	FALSE	0.000978961	1759	12	19532766	20074930	0.00261246651925321
psa	0.0018909	0.00393072	FALSE	0.00304519	1760	12	20074931	20866285	0.0139339980327869
crohn	0.000935363	0.00161977	FALSE	0.0166045	1760	12	20074931	20866285	0.030809346345515
uc	0.00044943	0.000811406	FALSE	0.109962	1760	12	20074931	20866285	0.148049691176471
cad	0.000245067	0.000475751	FALSE	7.95909e-11	1760	12	20074931	20866285	1.68573075925926e-09
uc	0.000366226	0.000661189	FALSE	0.0786782	1761	12	20866286	21572252	0.111902413989637
cad	4.12045e-05	7.99908e-05	FALSE	0.0334809	1761	12	20866286	21572252	0.0501446092337917
psoriasis	0.000211313	0.000739194	FALSE	0.0935725	1762	12	21572253	22928055	0.130397806451613
psa	0.00159704	0.00331985	FALSE	0.00802274	1762	12	21572253	22928055	0.0272465131588133
crohn	0.00058827	0.00101871	FALSE	0.0771034	1762	12	21572253	22928055	0.106920543513346
uc	0.00255221	0.00460779	FALSE	2.56014e-09	1762	12	21572253	22928055	7.39745715789474e-08
cad	0.000136311	0.000264623	FALSE	3.3925e-05	1762	12	21572253	22928055	0.000142622196691176
psoriasis	9.9935e-05	0.000349582	FALSE	0.274606	1763	12	22928056	23923798	0.309092735799896
psa	0.00287507	0.00597658	FALSE	9.1006e-05	1763	12	22928056	23923798	0.000978440198895028
crohn	0.00262862	0.00455198	FALSE	2.92688e-07	1763	12	22928056	23923798	3.06978869483568e-06
uc	0.00205013	0.00370133	FALSE	3.0632e-06	1763	12	22928056	23923798	3.1526453271028e-05
cad	0.00012341	0.000239577	FALSE	0.00037041	1763	12	22928056	23923798	0.00114014491251682
psoriasis	0.000790771	0.00276619	FALSE	9.3144e-05	1764	12	23923799	25058714	0.000446099866962306
psa	0.00417341	0.0086755	FALSE	5.65258e-07	1764	12	23923799	25058714	3.14283448e-05
crohn	0.0014527	0.00251564	FALSE	0.00275625	1764	12	23923799	25058714	0.00716817520372526
uc	0.000152503	0.00027533	FALSE	0.348456	1764	12	23923799	25058714	0.372727411592791
cad	0.0002184	0.000423982	FALSE	9.41062e-08	1764	12	23923799	25058714	9.08104976371308e-07
psoriasis	0.000767212	0.00268378	FALSE	1.93233e-05	1765	12	25058715	25990813	0.000124965053892216
psa	0.000127134	0.000264281	FALSE	0.405117	1765	12	25058715	25990813	0.430796547540984
crohn	0.000226877	0.000392884	FALSE	0.281553	1765	12	25058715	25990813	0.307875380323054
uc	0.00143176	0.00258491	FALSE	0.000225967	1765	12	25058715	25990813	0.00101893949075975
cad	9.46291e-05	0.000183705	FALSE	0.00229488	1765	12	25058715	25990813	0.00513686605675147
psoriasis	0.000331871	0.00116092	FALSE	0.0302822	1766	12	25990814	26958056	0.0530921688311688
psa	0.000581664	0.00120914	FALSE	0.186113	1766	12	25990814	26958056	0.249604340454859
crohn	0.00120661	0.00208948	FALSE	0.00490802	1766	12	25990814	26958056	0.0115173494537815
uc	0.00141961	0.00256298	FALSE	0.000387857	1766	12	25990814	26958056	0.00157076280662983
cad	0.000109199	0.00021199	FALSE	0.000950665	1766	12	25990814	26958056	0.00255184372652582
psoriasis	0.000121489	0.00042498	FALSE	0.177097	1767	12	26958057	27797262	0.218214215630348
psa	0.00144566	0.00300517	FALSE	0.00582004	1767	12	26958057	27797262	0.0215729482666667
crohn	0.000684555	0.00118545	FALSE	0.0293452	1767	12	26958057	27797262	0.0495519099017385
uc	0.000799527	0.00144348	FALSE	0.00727712	1767	12	26958057	27797262	0.0168571260759494
cad	8.32819e-05	0.000161676	FALSE	0.00159762	1767	12	26958057	27797262	0.00385417398734177
psa	0.000215927	0.00044886	FALSE	0.343493	1768	12	27797263	28753585	0.384601483314154
crohn	0.00247924	0.0042933	FALSE	7.57462e-08	1768	12	27797263	28753585	9.4534642905028e-07
uc	0.000310796	0.000561115	FALSE	0.176865	1768	12	27797263	28753585	0.216066614015573
cad	6.2277e-05	0.000120899	FALSE	0.0199126	1768	12	27797263	28753585	0.0320028926212228
psoriasis	3.49405e-05	0.000122225	FALSE	0.370732	1769	12	28753586	29647193	0.391580009779951
crohn	0.000754739	0.00130698	FALSE	0.0145337	1769	12	28753586	29647193	0.0274921979678239
uc	0.000398188	0.000718893	FALSE	0.0827517	1769	12	28753586	29647193	0.116714085549133
cad	5.07564e-05	9.85341e-05	FALSE	0.0219912	1769	12	28753586	29647193	0.034781379253112
psoriasis	0.000151008	0.000528242	FALSE	0.163739	1770	12	29647194	30358377	0.204792264041691
psa	0.000356898	0.000741904	FALSE	0.269082	1770	12	29647194	30358377	0.324030675742574
crohn	0.000884512	0.00153171	FALSE	0.0183046	1770	12	29647194	30358377	0.0333934672653061
uc	0.00115871	0.00209195	FALSE	0.00135699	1770	12	29647194	30358377	0.00444105818181818
cad	2.23646e-05	4.34167e-05	FALSE	0.216748	1770	12	29647194	30358377	0.239817453313982
psoriasis	0.000129743	0.000453852	FALSE	0.147551	1771	12	30358378	31067298	0.188433191489362
crohn	0.00061213	0.00106003	FALSE	0.0350133	1771	12	30358378	31067298	0.0571363858290723
uc	0.000318403	0.000574848	FALSE	0.128601	1771	12	30358378	31067298	0.168803225343694
psoriasis	0.000330144	0.00115488	FALSE	0.0118703	1772	12	31067299	31797152	0.0244189028571429
psa	0.000808985	0.00168168	FALSE	0.0686752	1772	12	31067299	31797152	0.124233291078067
crohn	7.29053e-05	0.00012625	FALSE	0.398295	1772	12	31067299	31797152	0.411749666820916
uc	0.000341815	0.000617118	FALSE	0.13021	1772	12	31067299	31797152	0.170405935637664
cad	0.000145739	0.000282926	FALSE	1.27296e-06	1772	12	31067299	31797152	8.84881313069909e-06
psoriasis	0.000407094	0.00142405	FALSE	0.00327705	1773	12	31797153	32368905	0.0085385138721351
psa	0.00119009	0.0024739	FALSE	0.0180752	1773	12	31797153	32368905	0.048449503030303
uc	0.000376954	0.000680558	FALSE	0.110355	1773	12	31797153	32368905	0.148310636474908
cad	1.26546e-06	2.45666e-06	FALSE	0.46118	1773	12	31797153	32368905	0.463612597802198
psa	0.000420123	0.000873333	FALSE	0.207769	1774	12	32368906	33076722	0.269007634065203
crohn	0.00059026	0.00102215	FALSE	0.0513502	1774	12	32368906	33076722	0.0783046735836177
uc	0.000199356	0.000359919	FALSE	0.246352	1774	12	32368906	33076722	0.280510824261275
cad	2.05685e-05	3.993e-05	FALSE	0.204313	1774	12	32368906	33076722	0.228044817471938
crohn	0.000293466	0.000508195	FALSE	0.123972	1775	12	33076723	34340495	0.157894792022792
uc	0.000195348	0.000352685	FALSE	0.182166	1775	12	33076723	34340495	0.221136835820896
psoriasis	1.97378e-05	6.90448e-05	FALSE	0.307585	1776	12	34340496	38108284	0.337739969527679
uc	0.000137771	0.000248734	FALSE	0.12647	1777	12	38108285	38746760	0.166403906530857
cad	3.06783e-06	5.95563e-06	FALSE	0.338419	1777	12	38108285	38746760	0.350686113729044
psoriasis	7.38308e-05	0.000258267	FALSE	0.240219	1778	12	38746761	40017396	0.278216107238606
psa	8.93675e-05	0.000185773	FALSE	0.39412	1778	12	38746761	40017396	0.421868822882288
crohn	0.000129401	0.000224083	FALSE	0.303289	1778	12	38746761	40017396	0.326528976385542
uc	0.000401208	0.000724345	FALSE	0.0576327	1778	12	38746761	40017396	0.0877071442827443
cad	3.0961e-05	6.01049e-05	FALSE	0.072105	1778	12	38746761	40017396	0.0954306336805556
psoriasis	0.000121428	0.000424767	FALSE	0.190441	1779	12	40017397	41198229	0.231356895388076
psa	0.000343497	0.000714047	FALSE	0.256749	1779	12	40017397	41198229	0.31227097125
crohn	0.00443332	0.00767718	FALSE	1.88929e-18	1779	12	40017397	41198229	1.91848811818182e-16
uc	0.000753903	0.00136111	FALSE	0.0133348	1779	12	40017397	41198229	0.0271643977736549
cad	8.73471e-05	0.000169568	FALSE	0.00161834	1779	12	40017397	41198229	0.00387554301570681
psoriasis	4.06954e-05	0.000142356	FALSE	0.353432	1780	12	41198230	42117736	0.377667774480712
crohn	0.000578158	0.0010012	FALSE	0.0417711	1780	12	41198230	42117736	0.0662289832505323
psoriasis	5.65889e-05	0.000197953	FALSE	0.317602	1781	12	42117737	43072679	0.346474909090909
psa	0.0001959	0.000407228	FALSE	0.335451	1781	12	42117737	43072679	0.3793071737362
crohn	0.00053461	0.000925784	FALSE	0.0625126	1781	12	42117737	43072679	0.0911574075718016
uc	9.69188e-05	0.000174978	FALSE	0.354085	1781	12	42117737	43072679	0.376729970930233
cad	8.29774e-05	0.000161085	FALSE	0.00146114	1781	12	42117737	43072679	0.00360036329386437
psoriasis	7.28884e-05	0.00025497	FALSE	0.28176	1782	12	43072680	43980531	0.315011180124224
psa	0.00158415	0.00329306	FALSE	0.00334673	1782	12	43072680	43980531	0.0149718082298851
crohn	0.000819197	0.0014186	FALSE	0.0138819	1782	12	43072680	43980531	0.026619883776824
uc	7.95815e-05	0.000143677	FALSE	0.378749	1782	12	43072680	43980531	0.397008498329356
cad	1.8808e-05	3.65122e-05	FALSE	0.221971	1782	12	43072680	43980531	0.244767443105111
psoriasis	0.000180212	0.0006304	FALSE	0.0601045	1783	12	43980532	44923825	0.0918794904458599
psa	0.00152869	0.00317777	FALSE	0.00108371	1783	12	43980532	44923825	0.00641002936170213
uc	0.000577531	0.00104268	FALSE	0.0161052	1783	12	43980532	44923825	0.031652818230563
cad	1.50563e-05	2.9229e-05	FALSE	0.224355	1783	12	43980532	44923825	0.246833192881193
psoriasis	0.000580345	0.0020301	FALSE	3.20122e-05	1784	12	44923826	46037744	0.000184883294117647
psa	0.00120007	0.00249465	FALSE	0.0101917	1784	12	44923826	46037744	0.0322488588617886
crohn	0.000307584	0.000532643	FALSE	0.158085	1784	12	44923826	46037744	0.192458795640327
uc	0.000891631	0.00160976	FALSE	0.00183747	1784	12	44923826	46037744	0.00567522379746835
cad	3.70973e-05	7.20175e-05	FALSE	0.0589514	1784	12	44923826	46037744	0.0806833344105326
psoriasis	0.000310961	0.00108777	FALSE	0.022086	1785	12	46037745	47499603	0.0404972495755518
psa	0.000856722	0.00178092	FALSE	0.0710131	1785	12	46037745	47499603	0.127131087948482
crohn	0.00114329	0.00197983	FALSE	0.00264097	1785	12	46037745	47499603	0.00691667875732708
cad	0.000103811	0.000201529	FALSE	0.000403969	1785	12	46037745	47499603	0.00122205966005291
psoriasis	0.000510557	0.00178598	FALSE	0.000866586	1786	12	47499604	48227035	0.002785455
crohn	0.000397972	0.000689169	FALSE	0.142775	1786	12	47499604	48227035	0.176927100388242
uc	0.00211486	0.00381819	FALSE	6.82084e-08	1786	12	47499604	48227035	1.26936988474576e-06
cad	6.15759e-05	0.000119538	FALSE	0.0177652	1786	12	47499604	48227035	0.0290207231428571
psoriasis	0.000334366	0.00116964	FALSE	0.00714593	1787	12	48227036	48960265	0.0161964415529906
psa	0.000812867	0.00168975	FALSE	0.0540939	1787	12	48227036	48960265	0.104951873778664
crohn	0.00111678	0.00193394	FALSE	0.00101293	1787	12	48227036	48960265	0.00304971107816712
cad	9.20631e-05	0.000178723	FALSE	0.000339562	1787	12	48227036	48960265	0.00106571690260631
psoriasis	0.000385276	0.00134773	FALSE	0.00923341	1788	12	48960266	50344346	0.0199242413586414
crohn	0.000196928	0.000341021	FALSE	0.291743	1788	12	48960266	50344346	0.316846797277589
uc	0.000679537	0.00122685	FALSE	0.0273454	1788	12	48960266	50344346	0.0481559730553328
cad	9.90229e-05	0.000192234	FALSE	0.000844573	1788	12	48960266	50344346	0.00230138087380952
psoriasis	0.000208999	0.000731099	FALSE	0.0434052	1789	12	50344347	51769419	0.0711884829157175
psa	0.00106481	0.00221348	FALSE	0.0150257	1789	12	50344347	51769419	0.0426239244897959
crohn	0.0010574	0.00183111	FALSE	0.000938308	1789	12	50344347	51769419	0.00287538720656635
uc	0.000393306	0.00071008	FALSE	0.0708846	1789	12	50344347	51769419	0.103087802384106
cad	5.37051e-05	0.000104258	FALSE	0.0119948	1789	12	50344347	51769419	0.0204787196268657
psoriasis	0.000791562	0.00276896	FALSE	6.63327e-05	1790	12	51769420	53039987	0.00034032929216152
psa	0.00141349	0.00293829	FALSE	0.0298112	1790	12	51769420	53039987	0.0684918479338843
crohn	0.00150442	0.00260521	FALSE	0.0016591	1790	12	51769420	53039987	0.00466804710327456
uc	0.00203041	0.00366573	FALSE	8.15306e-06	1790	12	51769420	53039987	6.80765009885932e-05
cad	5.48739e-05	0.000106527	FALSE	0.0616541	1790	12	51769420	53039987	0.0837861406417112
psoriasis	0.000896048	0.00313446	FALSE	5.43478e-06	1791	12	53039988	54371448	4.11899115789474e-05
psa	0.000271604	0.000564598	FALSE	0.334925	1791	12	53039988	54371448	0.378932587209302
crohn	0.00186652	0.00323226	FALSE	0.000113564	1791	12	53039988	54371448	0.000492625196116505
uc	0.000763615	0.00137864	FALSE	0.0319642	1791	12	53039988	54371448	0.0540364766743649
cad	7.17742e-05	0.000139336	FALSE	0.0200495	1791	12	53039988	54371448	0.0321676333099579
psoriasis	0.00033228	0.00116235	FALSE	0.0237125	1792	12	54371449	55416802	0.0431136363636364
psa	0.00267138	0.00555316	FALSE	7.97824e-05	1792	12	54371449	55416802	0.000874364038202247
crohn	0.00208876	0.00361711	FALSE	5.46745e-06	1792	12	54371449	55416802	3.82892893416928e-05
uc	0.000493183	0.000890399	FALSE	0.0870421	1792	12	54371449	55416802	0.121748058343949
cad	0.00028511	0.000553488	FALSE	1.379e-13	1792	12	54371449	55416802	4.85195846153846e-12
psoriasis	0.00313677	0.0109727	FALSE	2.33777e-39	1793	12	55416803	56987105	3.3663888e-37
psa	0.00409871	0.00852021	FALSE	4.00545e-09	1793	12	55416803	56987105	4.58506217647059e-07
crohn	0.00133152	0.0023058	FALSE	0.00071425	1793	12	55416803	56987105	0.00226975035561878
uc	0.00033966	0.000613226	FALSE	0.147512	1793	12	55416803	56987105	0.186814505190311
cad	0.000133573	0.000259307	FALSE	1.59881e-05	1793	12	55416803	56987105	7.50816934291581e-05
psoriasis	0.000601734	0.00210492	FALSE	0.000220913	1794	12	56987106	58748139	0.00093197671875
psa	0.00072751	0.00151232	FALSE	0.111162	1794	12	56987106	58748139	0.175132127831715
crohn	0.00168818	0.00292342	FALSE	7.11714e-05	1794	12	56987106	58748139	0.000334027116806723
uc	0.00140905	0.00254392	FALSE	0.000131907	1794	12	56987106	58748139	0.000677532700934579
cad	0.000238638	0.000463271	FALSE	3.07365e-11	1794	12	56987106	58748139	7.24684283505155e-10
psoriasis	3.56144e-05	0.000124582	FALSE	0.383492	1795	12	58748140	60000363	0.401499544794189
psa	0.000319314	0.000663776	FALSE	0.270369	1795	12	58748140	60000363	0.324576233189389
crohn	0.000735311	0.00127334	FALSE	0.0271869	1795	12	58748140	60000363	0.0465406395402299
uc	0.000336814	0.000608089	FALSE	0.143227	1795	12	58748140	60000363	0.182651853658537
cad	6.42756e-07	1.24779e-06	FALSE	0.471994	1795	12	58748140	60000363	0.472407123851204
psoriasis	0.000159013	0.000556242	FALSE	0.0944473	1796	12	60000364	61737953	0.131362632324533
psa	0.00110314	0.00229316	FALSE	0.0143197	1796	12	60000364	61737953	0.0415843669150522
crohn	0.000908667	0.00157354	FALSE	0.0037492	1796	12	60000364	61737953	0.00921420550055005
uc	0.000509043	0.000919032	FALSE	0.035459	1796	12	60000364	61737953	0.0587239547511312
cad	2.31443e-05	4.49304e-05	FALSE	0.148902	1796	12	60000364	61737953	0.174456390368852
psoriasis	0.000225396	0.000788456	FALSE	0.0700079	1797	12	61737954	63055936	0.103573331506849
psa	0.00112459	0.00233775	FALSE	0.0329696	1797	12	61737954	63055936	0.0734923729667812
crohn	0.001278	0.00221311	FALSE	0.00129011	1797	12	61737954	63055936	0.00379224439473684
uc	0.000963957	0.00174034	FALSE	0.00414311	1797	12	61737954	63055936	0.0108055457957245
cad	9.75123e-06	1.89302e-05	FALSE	0.349331	1797	12	61737954	63055936	0.360656597472924
psoriasis	0.000248635	0.000869748	FALSE	0.064035	1798	12	63055937	63764111	0.0962530271398747
psa	0.00064024	0.0013309	FALSE	0.150402	1798	12	63055937	63764111	0.216854588322247
crohn	0.000783767	0.00135725	FALSE	0.0327669	1798	12	63055937	63764111	0.0540629649926145
uc	0.00110261	0.00199066	FALSE	0.00236099	1798	12	63055937	63764111	0.0069687285483871
cad	4.75979e-05	9.24025e-05	FALSE	0.0613313	1798	12	63055937	63764111	0.0834412154074955
psoriasis	3.55735e-05	0.00012444	FALSE	0.354669	1799	12	63764112	64403857	0.3783456
crohn	0.000376378	0.000651774	FALSE	0.0975097	1799	12	63764112	64403857	0.129050159834123
cad	6.18934e-06	1.20154e-05	FALSE	0.363045	1799	12	63764112	64403857	0.37316131011236
psoriasis	0.000344266	0.00120428	FALSE	0.0194294	1800	12	64403858	66114643	0.0363669878682842
crohn	0.000808732	0.00140048	FALSE	0.0282241	1800	12	64403858	66114643	0.0479123399696049
uc	0.00140825	0.00254247	FALSE	0.000209954	1800	12	64403858	66114643	0.000970650492631579
cad	8.49116e-05	0.00016484	FALSE	0.00429119	1800	12	64403858	66114643	0.00863904183978873
psoriasis	0.000330705	0.00115684	FALSE	0.0269448	1801	12	66114644	67183620	0.0480998082644628
psa	0.000371935	0.000773162	FALSE	0.270139	1801	12	66114644	67183620	0.324576233189389
crohn	0.00120757	0.00209115	FALSE	0.00383609	1801	12	66114644	67183620	0.00938644584884995
uc	0.000195042	0.000352131	FALSE	0.286177	1801	12	66114644	67183620	0.317417887935386
cad	6.5076e-05	0.000126333	FALSE	0.0222241	1801	12	66114644	67183620	0.0350769611456177
psoriasis	0.000709482	0.00248183	FALSE	2.60309e-05	1802	12	67183621	68006682	0.000156620456824513
psa	0.000622678	0.0012944	FALSE	0.144204	1802	12	67183621	68006682	0.210518367591898
crohn	0.00061033	0.00105691	FALSE	0.0619923	1802	12	67183621	68006682	0.0907541272608126
uc	0.0012555	0.00226669	FALSE	0.000465392	1802	12	67183621	68006682	0.00182174836363636
cad	7.22659e-05	0.000140291	FALSE	0.00897332	1802	12	67183621	68006682	0.0161083067817896
psoriasis	1.06448e-05	3.72365e-05	FALSE	0.458186	1803	12	68006683	68839661	0.462684319775596
psa	0.000683184	0.00142017	FALSE	0.142426	1803	12	68006683	68839661	0.208862845516202
crohn	0.00197872	0.00342654	FALSE	1.98595e-05	1803	12	68006683	68839661	0.000113468345268542
uc	0.00446445	0.00806018	FALSE	2.10643e-19	1803	12	68006683	68839661	3.57380418461539e-17
cad	4.63398e-05	8.996e-05	FALSE	0.071149	1803	12	68006683	68839661	0.0944934744483159
psoriasis	0.000436516	0.00152697	FALSE	0.00992565	1804	12	68839662	70097805	0.0211225655172414
psa	0.00171626	0.00356768	FALSE	0.00968648	1804	12	68839662	70097805	0.0313121097674419
crohn	0.00238914	0.00413728	FALSE	2.41137e-06	1804	12	68839662	70097805	1.9170820569395e-05
uc	0.0016794	0.00303201	FALSE	8.01646e-05	1804	12	68839662	70097805	0.000459638280939948
cad	0.000152921	0.000296867	FALSE	2.61901e-05	1804	12	68839662	70097805	0.000114306791412214
psoriasis	0.00062125	0.00217319	FALSE	0.000266286	1805	12	70097806	71177961	0.00107505940298507
psa	0.000954745	0.00198468	FALSE	0.0679357	1805	12	70097806	71177961	0.123136502048417
crohn	0.000626568	0.00108503	FALSE	0.0674865	1805	12	70097806	71177961	0.0967681906290116
uc	0.000146485	0.000264466	FALSE	0.328049	1805	12	70097806	71177961	0.355656615992103
cad	5.70444e-05	0.000110741	FALSE	0.0346614	1805	12	70097806	71177961	0.0513799821127673
psoriasis	0.000253488	0.000886727	FALSE	0.0349699	1806	12	71177962	71948185	0.0594763653543307
psa	0.00129445	0.00269085	FALSE	0.0107878	1806	12	71177962	71948185	0.0335298593301435
cad	8.23403e-05	0.000159848	FALSE	0.00168743	1806	12	71177962	71948185	0.00398672769628099
psoriasis	0.000198071	0.000692873	FALSE	0.0769744	1807	12	71948186	73154515	0.111213848829431
psa	0.000108891	0.000226357	FALSE	0.400102	1807	12	71948186	73154515	0.426629310684932
crohn	0.00023614	0.000408923	FALSE	0.238026	1807	12	71948186	73154515	0.266675067201605
cad	2.27342e-05	4.41343e-05	FALSE	0.181556	1807	12	71948186	73154515	0.205426212166172
uc	8.87644e-05	0.000160256	FALSE	0.33902	1808	12	73154516	74080747	0.364660748285994
cad	4.82944e-05	9.37545e-05	FALSE	0.0159502	1808	12	73154516	74080747	0.026300005335256
psoriasis	0.00011336	0.000396543	FALSE	0.185757	1809	12	74080748	75563968	0.22655850931677
psa	0.000484512	0.00100718	FALSE	0.166146	1809	12	74080748	75563968	0.2326044
crohn	0.000644633	0.00111631	FALSE	0.0327443	1809	12	74080748	75563968	0.0540629649926145
uc	0.000662184	0.00119551	FALSE	0.016854	1809	12	74080748	75563968	0.0326667113857017
psoriasis	0.000177315	0.000620263	FALSE	0.136626	1810	12	75563969	76524573	0.175976243291592
psa	0.00126183	0.00262305	FALSE	0.028611	1810	12	75563969	76524573	0.0667811666666667
crohn	8.03827e-05	0.000139199	FALSE	0.407726	1810	12	75563969	76524573	0.420138322878229
uc	0.00124243	0.00224309	FALSE	0.000982387	1810	12	75563969	76524573	0.0033866905054945
cad	4.60484e-05	8.93943e-05	FALSE	0.0703864	1810	12	75563969	76524573	0.0936983101280559
psa	0.00141432	0.00294003	FALSE	0.0157579	1811	12	76524574	77800463	0.0442494565656566
crohn	0.000684551	0.00118544	FALSE	0.0513067	1811	12	76524574	77800463	0.078291781284153
uc	0.00085562	0.00154475	FALSE	0.0120015	1811	12	76524574	77800463	0.0250050227703985
cad	0.000137886	0.00026768	FALSE	3.01069e-05	1811	12	76524574	77800463	0.000128220633705773
psoriasis	0.00041772	0.00146122	FALSE	0.0151232	1812	12	77800464	79315178	0.0296964654545455
psa	0.00142553	0.00296333	FALSE	0.0278998	1812	12	77800464	79315178	0.0659293491525424
crohn	0.00334035	0.00578449	FALSE	1.50423e-09	1812	12	77800464	79315178	3.29455864705882e-08
uc	0.00226047	0.00408108	FALSE	9.64709e-07	1812	12	77800464	79315178	1.21752928965517e-05
psoriasis	5.61978e-05	0.000196585	FALSE	0.328864	1813	12	79315179	80952472	0.356778623807132
psa	2.6603e-05	5.53011e-05	FALSE	0.461526	1813	12	79315179	80952472	0.467289071800208
crohn	0.000315001	0.000545487	FALSE	0.181816	1813	12	79315179	80952472	0.215707352097716
uc	0.000317412	0.000573059	FALSE	0.150928	1813	12	79315179	80952472	0.190481544827586
cad	0.00011232	0.000218048	FALSE	9.6846e-05	1813	12	79315179	80952472	0.000360141141463415
psoriasis	3.11142e-05	0.00010884	FALSE	0.374921	1814	12	80952473	81843890	0.39446145153434
psa	0.000717477	0.00149146	FALSE	0.0654063	1814	12	80952473	81843890	0.119731673684211
crohn	0.000234682	0.000406398	FALSE	0.208797	1814	12	80952473	81843890	0.240068192485847
uc	0.000579466	0.00104617	FALSE	0.0202546	1814	12	80952473	81843890	0.037886798637138
cad	3.92686e-05	7.62326e-05	FALSE	0.0452449	1814	12	80952473	81843890	0.064550896007486
psoriasis	0.000123894	0.000433394	FALSE	0.134427	1815	12	81843891	82576129	0.174287106842737
cad	2.10421e-05	4.08494e-05	FALSE	0.157066	1815	12	81843891	82576129	0.182155143002028
psa	2.14397e-05	4.45679e-05	FALSE	0.464055	1816	12	82576130	83551125	0.468630529320187
crohn	0.000592692	0.00102636	FALSE	0.0476522	1816	12	82576130	83551125	0.0738245595006935
uc	0.000829001	0.00149669	FALSE	0.00564755	1816	12	82576130	83551125	0.0139036096412556
cad	5.19747e-05	0.000100899	FALSE	0.025457	1816	12	82576130	83551125	0.0394980725915875
psoriasis	4.27109e-05	0.000149407	FALSE	0.307839	1817	12	83551126	84356775	0.337739969527679
psa	0.000644307	0.00133936	FALSE	0.0515887	1817	12	83551126	84356775	0.101508200404449
crohn	0.000186111	0.000322289	FALSE	0.213104	1817	12	83551126	84356775	0.243640908904811
uc	0.000177343	0.000320178	FALSE	0.195854	1817	12	83551126	84356775	0.234344058823529
cad	7.71586e-05	0.000149789	FALSE	0.000216863	1817	12	83551126	84356775	0.000733677042899408
psoriasis	0.000148877	0.000520786	FALSE	0.0888796	1818	12	84356776	85345631	0.1249869375
psa	0.00021682	0.000450717	FALSE	0.287063	1818	12	84356776	85345631	0.338832802424242
crohn	0.000985232	0.00170613	FALSE	0.00103985	1818	12	84356776	85345631	0.00312654764468371
uc	0.000439338	0.000793186	FALSE	0.0428824	1818	12	84356776	85345631	0.0684373186046512
psoriasis	7.7827e-05	0.000272246	FALSE	0.225921	1819	12	85345632	86933476	0.264923648208469
psa	0.000622171	0.00129334	FALSE	0.0779633	1819	12	85345632	86933476	0.135825050850492
crohn	0.000232532	0.000402676	FALSE	0.194553	1819	12	85345632	86933476	0.227033895561358
uc	0.000526123	0.000949869	FALSE	0.0227739	1819	12	85345632	86933476	0.0416068921797005
crohn	4.4503e-05	7.70659e-05	FALSE	0.41585	1820	12	86933477	88344764	0.426738125861277
uc	0.000446121	0.000805432	FALSE	0.0459694	1820	12	86933477	88344764	0.0724166444763271
cad	2.62094e-05	5.08806e-05	FALSE	0.110273	1820	12	86933477	88344764	0.136919536373507
psoriasis	0.00022059	0.000771646	FALSE	0.0903006	1821	12	88344765	90567001	0.126422994167207
psa	0.00193603	0.00402453	FALSE	0.00254434	1821	12	88344765	90567001	0.0123773849875312
crohn	0.00220312	0.00381514	FALSE	2.79005e-06	1821	12	88344765	90567001	2.17176714285714e-05
uc	0.00073681	0.00133025	FALSE	0.0266011	1821	12	88344765	90567001	0.04710969
cad	0.000290965	0.000564855	FALSE	1.04349e-13	1821	12	88344765	90567001	3.78803433333333e-12
psoriasis	0.000178554	0.000624598	FALSE	0.108335	1822	12	90567002	92061179	0.147366952141058
crohn	0.000291974	0.000505611	FALSE	0.206734	1822	12	90567002	92061179	0.238432501806918
cad	4.08907e-05	7.93816e-05	FALSE	0.0703375	1822	12	90567002	92061179	0.0936877475247525
psoriasis	0.0005977	0.00209081	FALSE	0.00114473	1823	12	92061180	93487547	0.00354243094555874
psa	0.00198572	0.00412783	FALSE	0.00419133	1823	12	92061180	93487547	0.0171712172210526
crohn	0.00116177	0.00201183	FALSE	0.00866703	1823	12	92061180	93487547	0.0182661745471698
uc	0.00205528	0.00371063	FALSE	4.27066e-06	1823	12	92061180	93487547	3.99079547234043e-05
cad	8.29994e-05	0.000161128	FALSE	0.0103255	1823	12	92061180	93487547	0.0180125236460717
psoriasis	0.000249798	0.000873819	FALSE	0.0691286	1824	12	93487548	94385884	0.102906806340455
psa	0.00258354	0.00537054	FALSE	0.000167696	1824	12	93487548	94385884	0.00157926830917874
crohn	0.000679957	0.00117748	FALSE	0.057573	1824	12	93487548	94385884	0.085745388
cad	8.69496e-05	0.000168796	FALSE	0.00459721	1824	12	93487548	94385884	0.00915040841601393
psoriasis	0.000678658	0.00237401	FALSE	0.000289228	1825	12	94385885	95147845	0.00114419868131868
psa	0.00208837	0.0043412	FALSE	0.00271881	1825	12	94385885	95147845	0.0128417579126214
crohn	0.000709092	0.00122793	FALSE	0.0639676	1825	12	94385885	95147845	0.0927945574025974
uc	0.000179462	0.000324002	FALSE	0.314887	1825	12	94385885	95147845	0.343513090909091
cad	0.000111651	0.00021675	FALSE	0.00114997	1825	12	94385885	95147845	0.00295739935955056
psoriasis	9.84381e-05	0.000344346	FALSE	0.234253	1826	12	95147846	96017782	0.273210842332613
psa	0.000692099	0.0014387	FALSE	0.107789	1826	12	95147846	96017782	0.171932290163934
crohn	0.000321178	0.000556185	FALSE	0.182989	1826	12	95147846	96017782	0.216435454737957
uc	0.000281935	0.000509008	FALSE	0.182499	1826	12	95147846	96017782	0.221418676243094
cad	0.000204612	0.000397215	FALSE	8.49876e-10	1826	12	95147846	96017782	1.43975289777778e-08
psoriasis	0.000546728	0.00191251	FALSE	0.00121505	1827	12	96017783	96828314	0.00371217538896747
psa	0.00139292	0.00289554	FALSE	0.0193065	1827	12	96017783	96828314	0.050770877027027
crohn	0.00129945	0.00225026	FALSE	0.00220634	1827	12	96017783	96828314	0.00596005267230955
uc	0.00122936	0.00221951	FALSE	0.00114774	1827	12	96017783	96828314	0.00387759544615385
cad	5.92258e-05	0.000114976	FALSE	0.0325799	1827	12	96017783	96828314	0.0488912278871391
psoriasis	0.000237723	0.000831576	FALSE	0.0644652	1828	12	96828315	97814021	0.0966978
crohn	0.000795971	0.00137838	FALSE	0.0262706	1828	12	96828315	97814021	0.0453852465224111
uc	0.000910988	0.00164471	FALSE	0.00679778	1828	12	96828315	97814021	0.0161034788349515
cad	0.00011569	0.000224591	FALSE	0.000192208	1828	12	96828315	97814021	0.00066102209924812
psoriasis	0.000689112	0.00241058	FALSE	0.000260682	1829	12	97814022	99244337	0.00105840812030075
psa	4.43237e-05	9.21382e-05	FALSE	0.4602	1829	12	97814022	99244337	0.466703504166667
crohn	0.00180766	0.00313033	FALSE	0.000192479	1829	12	97814022	99244337	0.000763762142095915
uc	0.00218922	0.00395245	FALSE	1.23354e-06	1829	12	97814022	99244337	1.50217319337017e-05
psoriasis	0.00030732	0.00107504	FALSE	0.036371	1830	12	99244338	100931423	0.061424050039093
psa	0.00113594	0.00236133	FALSE	0.0440562	1830	12	99244338	100931423	0.0914977216648879
crohn	0.000771465	0.00133595	FALSE	0.0388742	1830	12	99244338	100931423	0.0623886227011494
uc	0.000830151	0.00149877	FALSE	0.0166258	1830	12	99244338	100931423	0.0323672489361702
cad	3.38444e-05	6.57026e-05	FALSE	0.13702	1830	12	99244338	100931423	0.163040967741935
psoriasis	0.000358591	0.00125439	FALSE	0.0125749	1831	12	100931424	101825061	0.0255760677966102
psa	0.000187757	0.000390301	FALSE	0.358497	1831	12	100931424	101825061	0.397205513944223
crohn	0.000496022	0.000858961	FALSE	0.0999997	1831	12	100931424	101825061	0.13156615418139
uc	0.00107999	0.00194982	FALSE	0.00175075	1831	12	100931424	101825061	0.0054689146514936
cad	9.23936e-05	0.000179365	FALSE	0.00151585	1831	12	100931424	101825061	0.00370726120726496
psoriasis	0.000283815	0.000992811	FALSE	0.0386272	1832	12	101825062	102966633	0.0645779814241486
psa	0.00096207	0.00199991	FALSE	0.0600237	1832	12	101825062	102966633	0.113278319379845
crohn	0.00210287	0.00364155	FALSE	2.87599e-06	1832	12	101825062	102966633	2.23088946527778e-05
uc	0.000756523	0.00136584	FALSE	0.0190736	1832	12	101825062	102966633	0.035953326695279
cad	0.000136508	0.000265006	FALSE	2.34864e-05	1832	12	101825062	102966633	0.000103610775769231
psa	0.0011215	0.00233132	FALSE	0.0534845	1833	12	102966634	104140831	0.104370336673347
crohn	0.000869781	0.0015062	FALSE	0.0297485	1833	12	102966634	104140831	0.0500370613995485
uc	0.00102714	0.00185442	FALSE	0.00664949	1833	12	102966634	104140831	0.0158033333766234
cad	0.00015922	0.000309095	FALSE	1.02914e-05	1833	12	102966634	104140831	5.19568030905077e-05
crohn	0.00235463	0.00407752	FALSE	1.91297e-06	1834	12	104140832	105079100	1.58868958364312e-05
uc	0.00143193	0.00258523	FALSE	0.000388399	1834	12	104140832	105079100	0.00157076280662983
cad	0.00017473	0.000339206	FALSE	1.69352e-06	1834	12	104140832	105079100	1.12589541860465e-05
psoriasis	0.000145313	0.00050832	FALSE	0.182651	1835	12	105079101	106153787	0.223670204081633
psa	0.00192053	0.00399231	FALSE	0.0028457	1835	12	105079101	106153787	0.0132799333333333
crohn	0.000873242	0.00151219	FALSE	0.023405	1835	12	105079101	106153787	0.0412356230283912
uc	0.00141811	0.00256027	FALSE	0.000271034	1835	12	105079101	106153787	0.00117163516535433
cad	4.69823e-05	9.12073e-05	FALSE	0.0680094	1835	12	105079101	106153787	0.0909576010526316
psoriasis	0.000322887	0.00112949	FALSE	0.0244531	1836	12	106153788	106964977	0.0441627892976589
crohn	0.00189166	0.00327578	FALSE	2.09608e-05	1836	12	106153788	106964977	0.000118547916962025
uc	0.000753781	0.00136089	FALSE	0.0207408	1836	12	106153788	106964977	0.0386594717557252
cad	5.11488e-05	9.92959e-05	FALSE	0.0467568	1836	12	106153788	106964977	0.0661712881188119
psoriasis	4.89575e-05	0.000171258	FALSE	0.349015	1837	12	106964978	108183188	0.374501937406856
psa	0.00129408	0.00269008	FALSE	0.0147532	1837	12	106964978	108183188	0.0420958151824818
crohn	0.00156795	0.00271523	FALSE	9.2966e-05	1837	12	106964978	108183188	0.000416204496993988
uc	0.000632999	0.00114282	FALSE	0.0296226	1837	12	106964978	108183188	0.0512618042553191
cad	9.00896e-05	0.000174892	FALSE	0.00128965	1837	12	106964978	108183188	0.00325544100441501
psoriasis	0.000207332	0.000725268	FALSE	0.0780212	1838	12	108183189	109031819	0.11250052870494
psa	0.000925157	0.00192318	FALSE	0.0547373	1838	12	108183189	109031819	0.105847564158416
crohn	0.000554948	0.000961004	FALSE	0.0696949	1838	12	108183189	109031819	0.0991078336091661
uc	0.000919449	0.00165999	FALSE	0.00433816	1838	12	108183189	109031819	0.0111552685714286
cad	0.000103354	0.000200642	FALSE	0.000357126	1838	12	108183189	109031819	0.00110971081793478
psa	0.0018	0.00374176	FALSE	0.00182404	1839	12	109031820	110111514	0.00954188666666667
crohn	0.00186452	0.00322879	FALSE	7.9551e-06	1839	12	109031820	110111514	5.24947291176471e-05
uc	6.39139e-05	0.000115391	FALSE	0.4034	1839	12	109031820	110111514	0.417271031559114
cad	0.00016012	0.000310842	FALSE	4.71657e-07	1839	12	109031820	110111514	3.7195846862069e-06
psoriasis	0.00053709	0.00187879	FALSE	0.000151554	1840	12	110111515	111592381	0.000681993
crohn	0.000196673	0.00034058	FALSE	0.258622	1840	12	110111515	111592381	0.286162232788509
uc	0.00028334	0.000511545	FALSE	0.155315	1840	12	110111515	111592381	0.194786830382638
cad	0.000183257	0.00035576	FALSE	1.55824e-09	1840	12	110111515	111592381	2.44088690410959e-08
psoriasis	0.00153875	0.0053827	FALSE	2.85488e-13	1841	12	111592382	113947983	1.06319668965517e-11
psa	0.0014428	0.00299924	FALSE	0.0168882	1841	12	111592382	113947983	0.0466824392045454
crohn	0.00142355	0.00246516	FALSE	0.00106877	1841	12	111592382	113947983	0.00320918303763441
uc	0.00225777	0.00407621	FALSE	1.41002e-07	1841	12	111592382	113947983	2.40138558139535e-06
cad	0.000339849	0.000659753	FALSE	9.30339e-17	1841	12	111592382	113947983	5.18947632439024e-15
psoriasis	0.000226213	0.000791315	FALSE	0.0754464	1842	12	113947984	114685670	0.109888215778827
psa	0.000511285	0.00106284	FALSE	0.193391	1842	12	113947984	114685670	0.255665004076087
crohn	0.000913625	0.00158212	FALSE	0.0148517	1842	12	113947984	114685670	0.0279517251895535
uc	4.71677e-05	8.51571e-05	FALSE	0.42917	1842	12	113947984	114685670	0.437944851301115
cad	0.000126046	0.000244695	FALSE	7.5554e-05	1842	12	113947984	114685670	0.000291386168634064
psoriasis	4.43446e-05	0.000155122	FALSE	0.37879	1843	12	114685671	115439451	0.397950583657588
psa	0.00055685	0.00115755	FALSE	0.188077	1843	12	114685671	115439451	0.251891150722643
crohn	0.000980534	0.00169799	FALSE	0.0138139	1843	12	114685671	115439451	0.0265350409286328
uc	0.000890199	0.00160718	FALSE	0.0114443	1843	12	114685671	115439451	0.0242195573076923
cad	0.000211155	0.000409919	FALSE	9.53556e-09	1843	12	114685671	115439451	1.20551288461538e-07
psoriasis	0.000555238	0.00194228	FALSE	0.00183046	1844	12	115439452	116197675	0.00523681271523179
psa	0.00222254	0.00462013	FALSE	0.00149006	1844	12	115439452	116197675	0.00812228784313726
crohn	0.00223817	0.00387584	FALSE	7.08615e-06	1844	12	115439452	116197675	4.72551017910448e-05
uc	0.00272244	0.00491513	FALSE	4.66595e-09	1844	12	115439452	116197675	1.29701597468354e-07
cad	0.000215665	0.000418674	FALSE	2.44662e-08	1844	12	115439452	116197675	2.75636450246305e-07
psoriasis	0.000236771	0.000828249	FALSE	0.0882197	1845	12	116197676	117091843	0.124464109732201
psa	0.000317341	0.000659674	FALSE	0.308052	1845	12	116197676	117091843	0.356577311533888
crohn	0.00118771	0.00205676	FALSE	0.0061304	1845	12	116197676	117091843	0.0138897703853955
uc	0.000773207	0.00139596	FALSE	0.0280481	1845	12	116197676	117091843	0.0490785877290837
cad	0.000101777	0.000197581	FALSE	0.00204992	1845	12	116197676	117091843	0.00466484282587065
psoriasis	0.00142194	0.00497409	FALSE	4.78402e-10	1846	12	117091844	118256124	1.11112722580645e-08
psa	0.00180112	0.00374409	FALSE	0.0113338	1846	12	117091844	118256124	0.0348429301737757
crohn	0.000314302	0.000544277	FALSE	0.253175	1846	12	117091844	118256124	0.281249602187966
uc	0.00159851	0.00288596	FALSE	0.000352899	1846	12	117091844	118256124	0.00145397036397749
cad	0.000189522	0.000367922	FALSE	2.27831e-06	1846	12	117091844	118256124	1.43936325138122e-05
psoriasis	0.000992903	0.00347327	FALSE	1.93367e-07	1847	12	118256125	119301061	2.47169183431953e-06
psa	0.00105534	0.00219379	FALSE	0.0549363	1847	12	118256125	119301061	0.105847564158416
crohn	0.00136501	0.00236379	FALSE	0.00150724	1847	12	118256125	119301061	0.00430590644501279
uc	0.000499087	0.000901058	FALSE	0.0903854	1847	12	118256125	119301061	0.125386189766267
cad	3.54546e-05	6.88285e-05	FALSE	0.125975	1847	12	118256125	119301061	0.152114479936642
psoriasis	0.000598035	0.00209199	FALSE	0.000847046	1848	12	119301062	120567740	0.00273895113772455
psa	0.000494638	0.00102823	FALSE	0.226156	1848	12	119301062	120567740	0.285778945454545
crohn	0.00182028	0.00315219	FALSE	0.000126674	1848	12	119301062	120567740	0.000540056709923664
uc	0.00011196	0.000202134	FALSE	0.373001	1848	12	119301062	120567740	0.392670276126558
cad	0.000118486	0.000230018	FALSE	0.000521282	1848	12	119301062	120567740	0.00152256951979566
psoriasis	0.00034212	0.00119677	FALSE	0.0139216	1849	12	120567741	121817509	0.0278432
psa	0.00136291	0.00283316	FALSE	0.012645	1849	12	120567741	121817509	0.0379155161787365
crohn	0.000619039	0.00107199	FALSE	0.0540517	1849	12	120567741	121817509	0.0815337594868332
uc	0.00129044	0.00232977	FALSE	0.00024911	1849	12	120567741	121817509	0.00109628368737475
cad	0.000228399	0.000443394	FALSE	5.00346e-11	1849	12	120567741	121817509	1.11096242912621e-09
psoriasis	0.00121034	0.00423388	FALSE	3.89299e-11	1850	12	121817510	123396634	1.12118112e-09
psa	0.00124034	0.00257836	FALSE	0.0184409	1850	12	121817510	123396634	0.0492263256515775
crohn	0.000286925	0.000496868	FALSE	0.20943	1850	12	121817510	123396634	0.240548390745501
uc	0.000480161	0.000866888	FALSE	0.0719156	1850	12	121817510	123396634	0.104379813350958
cad	0.000147718	0.000286768	FALSE	2.26735e-06	1850	12	121817510	123396634	1.4364070498615e-05
psoriasis	0.00017324	0.00060601	FALSE	0.128346	1851	12	123396635	124843768	0.167813171912833
psa	0.00155564	0.0032338	FALSE	0.00754157	1851	12	123396635	124843768	0.0261060220603908
crohn	0.000827501	0.00143298	FALSE	0.0219368	1851	12	123396635	124843768	0.0391115811652035
uc	0.000997372	0.00180067	FALSE	0.00362994	1851	12	123396635	124843768	0.00971867751522533
cad	6.92133e-05	0.000134365	FALSE	0.0118793	1851	12	123396635	124843768	0.0203049021674141
psoriasis	0.00121944	0.00426571	FALSE	3.17063e-07	1852	12	124843769	126079935	3.82601162011173e-06
psa	0.00301787	0.00627342	FALSE	0.000442139	1852	12	124843769	126079935	0.0033348933875969
crohn	0.00341967	0.00592185	FALSE	3.15715e-08	1852	12	124843769	126079935	4.4081706875e-07
uc	0.00343449	0.00620067	FALSE	5.83699e-10	1852	12	124843769	126079935	2.00281719375e-08
cad	0.000530841	0.00103053	FALSE	5.7941e-24	1852	12	124843769	126079935	6.02323031818182e-22
uc	0.000390114	0.000704317	FALSE	0.128261	1853	12	126079936	126871452	0.168457629186603
cad	6.80712e-05	0.000132148	FALSE	0.0134788	1853	12	126079936	126871452	0.0226995696612666
psoriasis	3.47788e-05	0.00012166	FALSE	0.389478	1854	12	126871453	127545377	0.406019536679537
crohn	0.000769904	0.00133324	FALSE	0.025082	1854	12	126871453	127545377	0.0435716858475894
uc	0.000639079	0.0011538	FALSE	0.0310479	1854	12	126871453	127545377	0.0529357052795031
psoriasis	0.00050026	0.00174996	FALSE	0.00491501	1855	12	127545378	128372588	0.0119689082299887
psa	0.00102758	0.00213609	FALSE	0.0757741	1855	12	127545378	128372588	0.133444704615385
crohn	0.000969559	0.00167899	FALSE	0.0221521	1855	12	127545378	128372588	0.039425297611465
uc	0.00166417	0.00300452	FALSE	0.000111092	1855	12	127545378	128372588	0.000590697414043584
cad	6.41512e-05	0.000124537	FALSE	0.034196	1855	12	127545378	128372588	0.0509486983713355
psoriasis	0.00113698	0.00397727	FALSE	4.93711e-07	1856	12	128372589	129170296	5.64241142857143e-06
psa	0.00377287	0.00784287	FALSE	7.14664e-06	1856	12	128372589	129170296	0.000165563826666667
crohn	0.00233076	0.00403619	FALSE	1.89627e-05	1856	12	128372589	129170296	0.000108622235384615
uc	0.00217903	0.00393405	FALSE	6.43247e-06	1856	12	128372589	129170296	5.62777056573705e-05
cad	0.000181223	0.00035181	FALSE	7.92557e-06	1856	12	128372589	129170296	4.11015387528345e-05
psoriasis	0.000255486	0.000893713	FALSE	0.0996265	1857	12	129170297	129887418	0.137415862068966
psa	0.00276764	0.00575324	FALSE	0.000484687	1857	12	129170297	129887418	0.0035630967368421
crohn	0.00153733	0.0026622	FALSE	0.00224106	1857	12	129170297	129887418	0.0060319614939759
uc	0.00214586	0.00387417	FALSE	8.08429e-06	1857	12	129170297	129887418	6.7759926870229e-05
cad	0.000287787	0.000558684	FALSE	6.39859e-11	1857	12	129170297	129887418	1.39367384095238e-09
psoriasis	0.00073752	0.00257991	FALSE	0.000205138	1858	12	129887419	130629840	0.000870526679764244
psa	0.0019254	0.00400243	FALSE	0.00702658	1858	12	129887419	130629840	0.0246981823826715
crohn	0.00352502	0.00610428	FALSE	6.09247e-10	1858	12	129887419	130629840	1.56443425057471e-08
uc	0.00107663	0.00194376	FALSE	0.00821392	1858	12	129887419	130629840	0.0184624036028659
cad	8.32644e-05	0.000161642	FALSE	0.0131365	1858	12	129887419	130629840	0.0222377316802369
psoriasis	0.000731947	0.00256042	FALSE	0.000358853	1859	12	130629841	131404042	0.00136225391915641
psa	0.00292171	0.00607352	FALSE	0.000266178	1859	12	130629841	131404042	0.00226193182532751
crohn	0.00269219	0.00466207	FALSE	1.40556e-06	1859	12	130629841	131404042	1.2077004e-05
uc	0.00268398	0.00484568	FALSE	8.07903e-08	1859	12	130629841	131404042	1.44240242926829e-06
cad	0.000221237	0.00042949	FALSE	1.35046e-07	1859	12	130629841	131404042	1.24036225702811e-06
psoriasis	0.000152094	0.000532039	FALSE	0.150925	1860	12	131404043	132012316	0.192102533883324
psa	0.000590491	0.00122749	FALSE	0.15219	1860	12	131404043	132012316	0.218408362831858
crohn	0.000914427	0.00158351	FALSE	0.0121244	1860	12	131404043	132012316	0.0238852818342152
uc	0.000725753	0.00131028	FALSE	0.0196183	1860	12	131404043	132012316	0.0367994090520922
cad	1.08414e-05	2.10466e-05	FALSE	0.334151	1860	12	131404043	132012316	0.346734726406534
crohn	0.00144298	0.0024988	FALSE	0.000170114	1861	12	132012317	132957945	0.000692230739526412
uc	0.000808287	0.00145929	FALSE	0.00763708	1861	12	132012317	132957945	0.0175062919415449
cad	7.54783e-05	0.000146527	FALSE	0.00389001	1861	12	132012317	132957945	0.00795747126118068
psoriasis	0.000258525	0.000904344	FALSE	0.0188135	1862	12	132957946	133841814	0.03546
psa	0.00017367	0.000361018	FALSE	0.330763	1862	12	132957946	133841814	0.375533721120187
crohn	0.00106374	0.00184207	FALSE	0.000840907	1862	12	132957946	133841814	0.0026055287628294
uc	8.41341e-05	0.000151897	FALSE	0.352024	1862	12	132957946	133841814	0.375501082969432
cad	8.3452e-05	0.000162006	FALSE	0.000460795	1862	12	132957946	133841814	0.00136862099350649
psoriasis	5.49181e-05	0.000192109	FALSE	0.251092	1863	13	19020095	19648628	0.288488680851064
psa	7.44301e-05	0.000154722	FALSE	0.383053	1863	13	19020095	19648628	0.41481421146355
crohn	3.2105e-05	5.55962e-05	FALSE	0.411771	1863	13	19020095	19648628	0.423135425022999
uc	4.69586e-05	8.47796e-05	FALSE	0.374741	1863	13	19020095	19648628	0.394124155172414
psoriasis	0.000202057	0.000706816	FALSE	0.0336177	1864	13	19648629	20491181	0.057676117553614
psa	0.000137275	0.000285362	FALSE	0.342928	1864	13	19648629	20491181	0.384571524193548
uc	4.41941e-05	7.97885e-05	FALSE	0.398541	1864	13	19648629	20491181	0.41372702268431
cad	9.60562e-06	1.86475e-05	FALSE	0.289789	1864	13	19648629	20491181	0.307539416705336
psoriasis	0.000380121	0.0013297	FALSE	0.0150251	1865	13	20491182	21540733	0.0295306787989081
psa	0.000952918	0.00198088	FALSE	0.0734571	1865	13	20491182	21540733	0.130426566240876
crohn	0.00243215	0.00421175	FALSE	5.0398e-07	1865	13	20491182	21540733	4.98182e-06
uc	0.00107341	0.00193794	FALSE	0.00361777	1865	13	20491182	21540733	0.00970417494505495
cad	4.70844e-05	9.14055e-05	FALSE	0.0688643	1865	13	20491182	21540733	0.0919933727219626
psoriasis	0.000602217	0.00210661	FALSE	0.00364213	1866	13	21540734	22795188	0.00931302532544379
psa	0.00277566	0.00576991	FALSE	0.000729899	1866	13	21540734	22795188	0.00473375813953488
crohn	0.000727988	0.00126066	FALSE	0.086344	1866	13	21540734	22795188	0.11641067954134
uc	0.00253733	0.00458093	FALSE	7.23042e-07	1866	13	21540734	22795188	9.801236e-06
cad	0.000109613	0.000212793	FALSE	0.00401625	1866	13	21540734	22795188	0.0081937232381802
psoriasis	0.000671569	0.00234921	FALSE	0.000677792	1867	13	22795189	23729049	0.00228042168224299
psa	0.00134611	0.00279823	FALSE	0.0408482	1867	13	22795189	23729049	0.0861219904658722
crohn	0.00248629	0.00430551	FALSE	4.21274e-06	1867	13	22795189	23729049	3.10602678547855e-05
uc	0.00117926	0.00212905	FALSE	0.00504713	1867	13	22795189	23729049	0.0126523943835616
cad	0.000221809	0.000430602	FALSE	7.59214e-08	1867	13	22795189	23729049	7.54922790434783e-07
psoriasis	0.000764741	0.00267514	FALSE	0.000322917	1868	13	23729050	24818333	0.00124331679144385
psa	0.00361563	0.00751602	FALSE	2.55232e-05	1868	13	23729050	24818333	0.000390516590625
crohn	0.00125077	0.00216595	FALSE	0.0116583	1868	13	23729050	24818333	0.0232541448214286
uc	0.00101788	0.0018377	FALSE	0.0170498	1868	13	23729050	24818333	0.0329055189473684
cad	0.000178413	0.000346355	FALSE	1.83639e-05	1868	13	23729050	24818333	8.41382726e-05
psoriasis	0.000571777	0.00200013	FALSE	0.0017946	1869	13	24818334	25977140	0.00516156591211718
psa	0.00320963	0.00667203	FALSE	2.8096e-05	1869	13	24818334	25977140	0.000417365007633588
crohn	0.00198503	0.00343747	FALSE	6.42058e-05	1869	13	24818334	25977140	0.000306486660683761
uc	0.00102906	0.00185789	FALSE	0.00838153	1869	13	24818334	25977140	0.0187814692653061
cad	3.08977e-05	5.9982e-05	FALSE	0.178362	1869	13	24818334	25977140	0.202743914015905
psoriasis	0.000103146	0.000360814	FALSE	0.215289	1870	13	25977141	26681709	0.255087350521119
psa	0.000125432	0.000260742	FALSE	0.388254	1870	13	25977141	26681709	0.418119692307692
crohn	0.000714026	0.00123648	FALSE	0.0258237	1870	13	25977141	26681709	0.0446864026336174
uc	0.000481502	0.00086931	FALSE	0.062149	1870	13	25977141	26681709	0.0927803282121006
cad	3.20519e-05	6.22228e-05	FALSE	0.106828	1870	13	25977141	26681709	0.133871581369863
psoriasis	0.000302783	0.00105916	FALSE	0.0184111	1871	13	26681710	27392005	0.0348776581945662
psa	0.000440524	0.000915742	FALSE	0.196506	1871	13	26681710	27392005	0.258493228378378
cad	1.40135e-05	2.72047e-05	FALSE	0.278531	1871	13	26681710	27392005	0.297108394123134
psoriasis	0.000515888	0.00180463	FALSE	0.00716985	1872	13	27392006	28587125	0.0162336226415094
psa	0.00230535	0.00479227	FALSE	0.00277748	1872	13	27392006	28587125	0.013024038746988
crohn	0.00256542	0.00444254	FALSE	4.14439e-06	1872	13	27392006	28587125	3.07593596677741e-05
uc	0.00400346	0.00722789	FALSE	1.52682e-13	1872	13	27392006	28587125	9.57970491428571e-12
cad	4.45806e-05	8.65448e-05	FALSE	0.117524	1872	13	27392006	28587125	0.144039329046088
psoriasis	0.000996127	0.00348455	FALSE	2.46999e-06	1873	13	28587126	30068525	2.0840540625e-05
psa	0.00143816	0.00298958	FALSE	0.0305413	1873	13	28587126	30068525	0.0694376448598131
crohn	0.00177551	0.00307464	FALSE	0.000418028	1873	13	28587126	30068525	0.0014591789875
uc	0.00276255	0.00498753	FALSE	1.69343e-08	1873	13	28587126	30068525	3.79466559183673e-07
cad	0.000273483	0.000530917	FALSE	1.27038e-10	1873	13	28587126	30068525	2.64123550909091e-09
psoriasis	0.000786237	0.00275033	FALSE	0.000234481	1874	13	30068526	31433218	0.00097775861003861
psa	0.00172554	0.00358699	FALSE	0.0189016	1874	13	30068526	31433218	0.050180782537517
crohn	0.003527	0.00610771	FALSE	4.14937e-09	1874	13	30068526	31433218	7.7896576302521e-08
uc	0.00228608	0.00412731	FALSE	4.58956e-06	1874	13	30068526	31433218	4.25260496202532e-05
cad	2.58987e-05	5.02775e-05	FALSE	0.243094	1874	13	30068526	31433218	0.264345242870722
psoriasis	0.000748367	0.00261786	FALSE	0.000257725	1875	13	31433219	32986686	0.00105464347826087
psa	0.00165064	0.00343128	FALSE	0.0194202	1875	13	31433219	32986686	0.0510009570850202
crohn	0.0015057	0.00260741	FALSE	0.00255162	1875	13	31433219	32986686	0.0067300107201889
uc	0.00435197	0.00785709	FALSE	1.59731e-15	1875	13	31433219	32986686	1.46153865e-13
cad	0.000311818	0.000605337	FALSE	2.66752e-12	1875	13	31433219	32986686	7.43977834146341e-11
psoriasis	0.000532698	0.00186343	FALSE	0.0035553	1876	13	32986687	34722391	0.0091422
psa	0.00164952	0.00342895	FALSE	0.0147413	1876	13	32986687	34722391	0.0420958151824818
crohn	0.00223739	0.00387449	FALSE	1.40403e-05	1876	13	32986687	34722391	8.40912337801609e-05
uc	0.00214579	0.00387403	FALSE	2.92032e-06	1876	13	32986687	34722391	3.03934726066351e-05
cad	0.000203803	0.000395646	FALSE	2.47141e-07	1876	13	32986687	34722391	2.10115786988848e-06
psoriasis	0.000460143	0.00160962	FALSE	0.00177134	1877	13	34722392	35744568	0.00511509946524064
psa	0.000397058	0.000825388	FALSE	0.229071	1877	13	34722392	35744568	0.288152660633484
crohn	0.000810037	0.00140274	FALSE	0.0182794	1877	13	34722392	35744568	0.0333901713818479
uc	0.000633899	0.00114445	FALSE	0.02946	1877	13	34722392	35744568	0.0510608997632202
cad	2.43416e-05	4.72546e-05	FALSE	0.177606	1877	13	34722392	35744568	0.202186054255849
psoriasis	0.000367556	0.00128575	FALSE	0.0112512	1878	13	35744569	36579413	0.0233903676612127
psa	0.000332051	0.000690253	FALSE	0.275264	1878	13	35744569	36579413	0.328631645398773
crohn	0.00124424	0.00215465	FALSE	0.00172873	1878	13	35744569	36579413	0.00484564971141782
uc	0.000482887	0.00087181	FALSE	0.0805489	1878	13	35744569	36579413	0.11411960283871
psoriasis	0.000137794	0.000482017	FALSE	0.180231	1879	13	36579414	37499810	0.221444232081911
psa	5.74606e-05	0.000119447	FALSE	0.444651	1879	13	36579414	37499810	0.456393450421941
crohn	0.00154173	0.00266981	FALSE	0.000237333	1879	13	36579414	37499810	0.000906328071794872
uc	0.00166718	0.00300994	FALSE	1.39142e-05	1879	13	36579414	37499810	0.000106837703496503
cad	9.18375e-07	1.78285e-06	FALSE	0.470182	1879	13	36579414	37499810	0.471212197195443
crohn	0.000955854	0.00165525	FALSE	0.00335254	1880	13	37499811	38290689	0.00849158090702948
uc	0.000734407	0.00132591	FALSE	0.00779836	1880	13	37499811	38290689	0.0177279488198758
cad	8.46494e-05	0.000164331	FALSE	0.000741818	1880	13	37499811	38290689	0.00205724382181818
psa	0.000247006	0.000513466	FALSE	0.31654	1881	13	38290690	39381743	0.36405841607565
crohn	0.00121889	0.00211076	FALSE	0.00147767	1881	13	38290690	39381743	0.00423763129653402
cad	6.89009e-05	0.000133758	FALSE	0.00934759	1881	13	38290690	39381743	0.0166624616757599
psoriasis	0.0001123	0.000392837	FALSE	0.196756	1882	13	39381744	40091623	0.237344464285714
psa	0.0014387	0.00299071	FALSE	0.00636842	1882	13	39381744	40091623	0.0228652127675277
uc	0.00054279	0.00097996	FALSE	0.0433591	1882	13	39381744	40091623	0.0690475588107324
cad	0.000111368	0.000216201	FALSE	8.65171e-05	1882	13	39381744	40091623	0.000327590410099338
psoriasis	0.000842713	0.00294789	FALSE	1.1657e-05	1883	13	40091624	41003943	7.96807594936709e-05
psa	0.00171483	0.00356471	FALSE	0.00895586	1883	13	40091624	41003943	0.0294008111973019
crohn	0.00225588	0.00390651	FALSE	5.3788e-06	1883	13	40091624	41003943	3.77869157232704e-05
uc	0.00227217	0.00410221	FALSE	3.50414e-07	1883	13	40091624	41003943	5.3069596137931e-06
cad	7.68053e-05	0.000149103	FALSE	0.0134394	1883	13	40091624	41003943	0.0226498952100221
psoriasis	0.00052857	0.00184899	FALSE	0.000303457	1884	13	41003944	42037054	0.00119037913043478
crohn	0.00144355	0.00249979	FALSE	0.000144582	1884	13	41003944	42037054	0.000606973189493433
uc	0.00105718	0.00190865	FALSE	0.000943629	1884	13	41003944	42037054	0.00326332170708661
cad	4.88751e-05	9.48819e-05	FALSE	0.0335615	1884	13	41003944	42037054	0.0502324283376963
psoriasis	0.000242118	0.000846953	FALSE	0.0506898	1885	13	42037055	42950157	0.0804481763409258
crohn	0.00186711	0.00323327	FALSE	7.77543e-06	1885	13	42037055	42950157	5.15439484272997e-05
uc	0.000626506	0.0011311	FALSE	0.0313448	1885	13	42037055	42950157	0.0532764557275542
cad	0.000109014	0.000211631	FALSE	0.000197499	1885	13	42037055	42950157	0.000674149571641791
psoriasis	0.000668035	0.00233685	FALSE	0.000180952	1886	13	42950158	43931931	0.000786431227364185
psa	0.00309722	0.00643836	FALSE	1.69747e-05	1886	13	42950158	43931931	0.00029232536460177
crohn	0.00239825	0.00415305	FALSE	8.56064e-07	1886	13	42950158	43931931	7.8059060244898e-06
uc	0.00128291	0.00231618	FALSE	0.000922534	1886	13	42950158	43931931	0.00320044970616114
cad	4.35544e-05	8.45527e-05	FALSE	0.0862776	1886	13	42950158	43931931	0.110789933295901
psoriasis	0.00068505	0.00239637	FALSE	0.000260636	1887	13	43931932	45476446	0.00105840812030075
psa	0.00167425	0.00348036	FALSE	0.011302	1887	13	43931932	45476446	0.0348001455696203
crohn	0.00305955	0.00529822	FALSE	8.86856e-09	1887	13	43931932	45476446	1.47853455522388e-07
uc	0.000865665	0.00156288	FALSE	0.0190581	1887	13	43931932	45476446	0.035953326695279
cad	8.97206e-05	0.000174176	FALSE	0.0060445	1887	13	43931932	45476446	0.0114910818786367
psoriasis	0.000111186	0.000388941	FALSE	0.224837	1888	13	45476447	46493236	0.264082610114192
psa	0.00077241	0.00160565	FALSE	0.100294	1888	13	45476447	46493236	0.163323953138075
crohn	0.00152484	0.00264056	FALSE	0.000268794	1888	13	45476447	46493236	0.00101249844444444
uc	0.000499024	0.000900944	FALSE	0.0766005	1888	13	45476447	46493236	0.109657560625815
cad	3.52545e-05	6.84399e-05	FALSE	0.111681	1888	13	45476447	46493236	0.138211280844156
psoriasis	0.000322377	0.00112771	FALSE	0.0237628	1889	13	46493237	47433528	0.0431324773109244
psa	0.00117954	0.00245198	FALSE	0.030544	1889	13	46493237	47433528	0.0694376448598131
crohn	0.000339062	0.000587154	FALSE	0.189631	1889	13	46493237	47433528	0.222384438845144
uc	0.00124117	0.00224082	FALSE	0.00062825	1889	13	46493237	47433528	0.00233046790540541
cad	3.63846e-05	7.06338e-05	FALSE	0.106698	1889	13	46493237	47433528	0.133781976973684
psoriasis	0.000185672	0.000649499	FALSE	0.0893157	1890	13	47433529	48137479	0.125436873862159
psa	0.000192525	0.000400213	FALSE	0.34169	1890	13	47433529	48137479	0.383908048498845
crohn	0.000687019	0.00118971	FALSE	0.0300679	1890	13	47433529	48137479	0.0504291956456456
cad	8.73635e-05	0.0001696	FALSE	0.00114927	1890	13	47433529	48137479	0.00295739935955056
psoriasis	0.000315775	0.00110461	FALSE	0.0133323	1891	13	48137480	49381727	0.0268635895522388
crohn	0.000281433	0.000487359	FALSE	0.194615	1891	13	48137480	49381727	0.227033895561358
uc	0.00039126	0.000706386	FALSE	0.0951033	1891	13	48137480	49381727	0.131020606524467
cad	4.10642e-05	7.97185e-05	FALSE	0.054604	1891	13	48137480	49381727	0.0755014195888755
psoriasis	0.000127134	0.000444725	FALSE	0.168904	1892	13	49381728	50419896	0.209673931034483
crohn	0.00063787	0.0011046	FALSE	0.0386872	1892	13	49381728	50419896	0.0621927920863309
uc	0.000331545	0.000598574	FALSE	0.13572	1892	13	49381728	50419896	0.175628238067177
cad	0.00011329	0.000219932	FALSE	6.54579e-05	1892	13	49381728	50419896	0.000257220304639175
psoriasis	0.000817655	0.00286023	FALSE	2.60849e-06	1893	13	50419897	51554236	2.17542023166023e-05
psa	0.00168089	0.00349416	FALSE	0.00459738	1893	13	50419897	51554236	0.0184845071900826
crohn	0.001079	0.0018685	FALSE	0.0052492	1893	13	50419897	51554236	0.0122026147762747
uc	0.00136667	0.0024674	FALSE	0.000198563	1893	13	50419897	51554236	0.000934809456102784
cad	8.00339e-05	0.000155371	FALSE	0.00500859	1893	13	50419897	51554236	0.00988321426229508
psoriasis	0.000907079	0.00317305	FALSE	4.18292e-06	1894	13	51554237	53336571	3.28549352727273e-05
psa	0.00336018	0.006985	FALSE	1.02301e-05	1894	13	51554237	53336571	0.000223682860674157
crohn	0.00120202	0.00208154	FALSE	0.00646159	1894	13	51554237	53336571	0.0144573276523477
uc	0.00213244	0.00384993	FALSE	1.68969e-06	1894	13	51554237	53336571	1.9348475625e-05
cad	9.12907e-05	0.000177224	FALSE	0.00529681	1894	13	51554237	53336571	0.0103271990366581
psoriasis	0.000220088	0.000769888	FALSE	0.101122	1895	13	53336572	54684856	0.139123261146497
psa	0.00119133	0.00247648	FALSE	0.042797	1895	13	53336572	54684856	0.0892636248660236
crohn	0.00149419	0.0025875	FALSE	0.00095752	1895	13	53336572	54684856	0.00291430474114441
uc	0.00141854	0.00256106	FALSE	0.000429441	1895	13	53336572	54684856	0.00170533894394213
cad	0.000134513	0.000261132	FALSE	0.000106101	1895	13	53336572	54684856	0.0003882447792
uc	5.46405e-05	9.86486e-05	FALSE	0.399791	1896	13	54684857	55576912	0.414607701746107
cad	5.24307e-05	0.000101784	FALSE	0.0167056	1896	13	54684857	55576912	0.0275059087113031
uc	0.000305455	0.000551473	FALSE	0.0620149	1897	13	55576913	56434007	0.0927057320626276
cad	4.69564e-05	9.11571e-05	FALSE	0.00522398	1897	13	55576913	56434007	0.0102200532591959
psa	0.000517536	0.00107583	FALSE	0.119108	1898	13	56434008	58245843	0.184248146263911
crohn	0.000131373	0.000227499	FALSE	0.304988	1898	13	56434008	58245843	0.328041979778527
uc	0.00038147	0.000688711	FALSE	0.0699717	1898	13	56434008	58245843	0.102098241328904
cad	4.07646e-05	7.91368e-05	FALSE	0.0339141	1898	13	56434008	58245843	0.0506276414490862
psoriasis	0.000144047	0.00050389	FALSE	0.146717	1899	13	58245844	59751795	0.187630976909414
psa	0.00108651	0.0022586	FALSE	0.0283121	1899	13	58245844	59751795	0.0664600079613993
crohn	1.98328e-05	3.43445e-05	FALSE	0.458803	1899	13	58245844	59751795	0.462529739169675
uc	0.000453293	0.00081838	FALSE	0.0764888	1899	13	58245844	59751795	0.109569083365949
cad	3.20122e-05	6.21456e-05	FALSE	0.111312	1899	13	58245844	59751795	0.137903869989166
psoriasis	0.000301407	0.00105435	FALSE	0.045419	1900	13	59751796	61268155	0.0737631879699248
psa	8.67034e-05	0.000180235	FALSE	0.433698	1900	13	59751796	61268155	0.449285855319149
crohn	0.000961472	0.00166498	FALSE	0.0188791	1900	13	59751796	61268155	0.0342336926948052
uc	0.00165898	0.00299514	FALSE	6.77299e-05	1900	13	59751796	61268155	0.000404170816304348
cad	0.000114793	0.000222849	FALSE	0.000658205	1900	13	59751796	61268155	0.00185612186806412
psoriasis	0.000241754	0.000845677	FALSE	0.0448543	1901	13	61268156	62135827	0.0731209720754717
psa	0.000156866	0.000326085	FALSE	0.367413	1901	13	61268156	62135827	0.404403675339367
crohn	0.000526734	0.000912145	FALSE	0.0714347	1901	13	61268156	62135827	0.100932882553729
uc	0.000393372	0.000710198	FALSE	0.102522	1901	13	61268156	62135827	0.139750659217877
cad	3.6782e-05	7.14054e-05	FALSE	0.081263	1901	13	61268156	62135827	0.105475868898978
psoriasis	7.39946e-05	0.00025884	FALSE	0.247834	1902	13	62135828	63206535	0.285504768
psa	0.000640663	0.00133178	FALSE	0.0821603	1902	13	62135828	63206535	0.141240233038869
crohn	1.94219e-05	3.36328e-05	FALSE	0.451031	1902	13	62135828	63206535	0.456755781504986
uc	0.000681479	0.00123035	FALSE	0.00816632	1902	13	62135828	63206535	0.0184119494045175
cad	8.05294e-06	1.56333e-05	FALSE	0.335802	1902	13	62135828	63206535	0.348131991840435
psoriasis	7.2793e-05	0.000254637	FALSE	0.237285	1903	13	63206536	63973941	0.276150646551724
psa	0.000392902	0.000816748	FALSE	0.169527	1903	13	63206536	63973941	0.235474334047109
crohn	0.000341194	0.000590846	FALSE	0.109415	1903	13	63206536	63973941	0.142277712456345
uc	0.000480297	0.000867135	FALSE	0.0306789	1903	13	63206536	63973941	0.0523477258741259
cad	2.0718e-05	4.02201e-05	FALSE	0.150052	1903	13	63206536	63973941	0.175533976470588
psoriasis	0.000203874	0.000713171	FALSE	0.0495038	1904	13	63973942	65187138	0.0789949010339734
crohn	0.000276558	0.000478916	FALSE	0.175339	1904	13	63973942	65187138	0.208910573866667
uc	0.000413119	0.00074585	FALSE	0.0658091	1904	13	63973942	65187138	0.0971969979825151
psoriasis	0.000346811	0.00121318	FALSE	0.00790133	1905	13	65187139	66382286	0.0175044849230769
psa	0.000318786	0.000662679	FALSE	0.256645	1905	13	65187139	66382286	0.31227097125
uc	0.00105107	0.00189762	FALSE	0.000836892	1905	13	65187139	66382286	0.00298346563636364
cad	4.68913e-05	9.10306e-05	FALSE	0.0362094	1905	13	65187139	66382286	0.0532203713367609
psoriasis	1.42164e-05	4.97302e-05	FALSE	0.444207	1906	13	66382287	67718879	0.452374879773692
psa	8.40157e-05	0.000174648	FALSE	0.425059	1906	13	66382287	67718879	0.443884270386266
crohn	0.0011461	0.0019847	FALSE	0.00292411	1906	13	66382287	67718879	0.00754325836027714
uc	0.000915316	0.00165252	FALSE	0.00555943	1906	13	66382287	67718879	0.0137483201351351
cad	0.00014875	0.00028877	FALSE	3.43146e-06	1906	13	66382287	67718879	2.03309560103627e-05
psoriasis	3.93457e-05	0.000137635	FALSE	0.371304	1907	13	67718880	69004702	0.391992492668622
crohn	0.000520963	0.000902152	FALSE	0.0761565	1907	13	67718880	69004702	0.106068342269327
uc	8.61106e-05	0.000155465	FALSE	0.373807	1907	13	67718880	69004702	0.393330221370388
psoriasis	7.0327e-05	0.000246011	FALSE	0.253437	1908	13	69004703	69751491	0.290005169491525
psa	0.000319585	0.000664339	FALSE	0.22473	1908	13	69004703	69751491	0.284531281717632
crohn	0.000318188	0.000551006	FALSE	0.135609	1908	13	69004703	69751491	0.169625143337066
uc	0.000785622	0.00141837	FALSE	0.00301713	1908	13	69004703	69751491	0.00845104270408163
cad	5.15166e-05	0.00010001	FALSE	0.013379	1908	13	69004703	69751491	0.0225647293510324
psoriasis	1.87015e-05	6.54196e-05	FALSE	0.40304	1909	13	69751492	70427880	0.416339741750359
psa	9.8982e-05	0.00020576	FALSE	0.378946	1909	13	69751492	70427880	0.411855525404802
crohn	0.00034399	0.000595687	FALSE	0.099148	1909	13	69751492	70427880	0.130753619834711
uc	0.000107501	0.000194083	FALSE	0.30118	1909	13	69751492	70427880	0.33152445112782
cad	3.67432e-06	7.133e-06	FALSE	0.400187	1909	13	69751492	70427880	0.40803730227374
psoriasis	0.000113295	0.000396318	FALSE	0.18238	1910	13	70427881	71010208	0.223670204081633
psa	0.000429744	0.000893332	FALSE	0.189737	1910	13	70427881	71010208	0.252896028767123
crohn	0.000901484	0.0015611	FALSE	0.0061386	1910	13	70427881	71010208	0.0138942577507599
uc	0.00278548	0.00502893	FALSE	5.93904e-13	1910	13	70427881	71010208	3.6228144e-11
cad	8.76236e-06	1.70105e-05	FALSE	0.341018	1910	13	70427881	71010208	0.353059377999095
psoriasis	0.000284753	0.000996094	FALSE	0.0466001	1911	13	71010209	71976862	0.0752851278982797
psa	0.00071658	0.00148959	FALSE	0.13182	1911	13	71010209	71976862	0.197719896764253
crohn	0.00118499	0.00205204	FALSE	0.00447866	1911	13	71010209	71976862	0.0106101022693531
uc	0.000961348	0.00173563	FALSE	0.00735999	1911	13	71010209	71976862	0.0170131979368421
cad	0.000142695	0.000277016	FALSE	2.76286e-05	1911	13	71010209	71976862	0.000119445384120983
psoriasis	0.000476243	0.00166594	FALSE	0.00410365	1912	13	71976863	73114509	0.0102829280742459
psa	0.00287534	0.00597714	FALSE	4.49087e-05	1912	13	71976863	73114509	0.00054620206375
crohn	0.0020146	0.00348869	FALSE	1.65051e-05	1912	13	71976863	73114509	9.6524590052356e-05
uc	0.00235441	0.00425068	FALSE	5.59435e-08	1912	13	71976863	73114509	1.0682776173913e-06
cad	6.6691e-05	0.000129468	FALSE	0.0208463	1912	13	71976863	73114509	0.0332233366550523
psoriasis	0.00117566	0.00411258	FALSE	4.37321e-08	1913	13	73114510	74437635	6.4259412244898e-07
psa	0.00166747	0.00346627	FALSE	0.0147153	1913	13	73114510	74437635	0.0420958151824818
crohn	0.00430334	0.0074521	FALSE	2.29136e-13	1913	13	73114510	74437635	1.16338596363636e-11
uc	0.00160044	0.00288945	FALSE	0.000258471	1913	13	73114510	74437635	0.00113068190438247
cad	0.000325729	0.000632342	FALSE	7.78512e-14	1913	13	73114510	74437635	2.8717047483871e-12
psoriasis	0.000344386	0.00120469	FALSE	0.0403109	1914	13	74437636	75882384	0.0670028676923077
psa	0.00206941	0.0043018	FALSE	0.0046652	1914	13	74437636	75882384	0.0186455170841889
crohn	0.00169847	0.00294124	FALSE	0.000712266	1914	13	74437636	75882384	0.00226666986324786
uc	0.0019981	0.00360739	FALSE	1.69086e-05	1914	13	74437636	75882384	0.000126296889795918
cad	0.000187377	0.000363758	FALSE	2.59542e-06	1914	13	74437636	75882384	1.60859770731707e-05
psoriasis	0.00010048	0.000351488	FALSE	0.219279	1915	13	75882385	76671493	0.258821114754098
psa	0.000449191	0.000933759	FALSE	0.191147	1915	13	75882385	76671493	0.253957649146758
cad	0.000112814	0.000219008	FALSE	6.91712e-05	1915	13	75882385	76671493	0.000270418007521368
psoriasis	9.65754e-05	0.00033783	FALSE	0.243458	1916	13	76671494	77460044	0.28151460385439
psa	0.00188536	0.00391921	FALSE	0.00141951	1916	13	76671494	77460044	0.00784763198863636
uc	0.000853969	0.00154177	FALSE	0.00773086	1916	13	76671494	77460044	0.0176430927102804
cad	4.645e-05	9.0174e-05	FALSE	0.0510321	1916	13	76671494	77460044	0.0712953040317654
psoriasis	0.000293573	0.00102695	FALSE	0.0200773	1917	13	77460045	78693310	0.0372248652360515
psa	0.000193436	0.000402107	FALSE	0.339537	1917	13	77460045	78693310	0.382219611336032
uc	8.91235e-05	0.000160905	FALSE	0.365764	1917	13	77460045	78693310	0.385976811148486
cad	8.16695e-05	0.000158546	FALSE	0.00187438	1917	13	77460045	78693310	0.00433438529828109
psoriasis	9.43804e-05	0.000330152	FALSE	0.238848	1918	13	78693311	79489045	0.27752107584723
uc	0.000585618	0.00105728	FALSE	0.0363237	1918	13	78693311	79489045	0.0599750715789474
cad	4.11225e-05	7.98317e-05	FALSE	0.0635984	1918	13	78693311	79489045	0.0860648170414201
psoriasis	5.27244e-05	0.000184435	FALSE	0.350755	1919	13	79489046	80778339	0.376182125124131
psa	0.000378726	0.00078728	FALSE	0.254706	1919	13	79489046	80778339	0.310757289028213
crohn	0.000877033	0.00151876	FALSE	0.017766	1919	13	79489046	80778339	0.0326391809210526
uc	0.000159524	0.000288007	FALSE	0.308873	1919	13	79489046	80778339	0.338634602096855
cad	5.05499e-05	9.81332e-05	FALSE	0.0462397	1919	13	79489046	80778339	0.0655862825790453
psoriasis	0.000385995	0.00135025	FALSE	0.00309292	1920	13	80778340	81724089	0.00814720390243902
crohn	0.000319938	0.000554036	FALSE	0.159062	1920	13	80778340	81724089	0.193335805223069
uc	0.000831682	0.00150153	FALSE	0.00408679	1920	13	80778340	81724089	0.010696770965435
cad	5.62552e-05	0.000109209	FALSE	0.0144506	1920	13	80778340	81724089	0.0241759489392831
psoriasis	0.00046732	0.00163473	FALSE	0.00065313	1921	13	81724090	82582821	0.00221122382445141
crohn	0.000792858	0.00137299	FALSE	0.0123287	1921	13	81724090	82582821	0.0242439102902375
uc	2.76874e-05	4.99872e-05	FALSE	0.441076	1921	13	81724090	82582821	0.448132296022202
cad	1.91382e-05	3.71531e-05	FALSE	0.205213	1921	13	81724090	82582821	0.228603083779834
psoriasis	6.43362e-05	0.000225054	FALSE	0.257602	1922	13	82582822	83829835	0.293935721077655
crohn	0.000162706	0.000281758	FALSE	0.260084	1922	13	82582822	83829835	0.287210902619871
uc	3.45833e-05	6.24372e-05	FALSE	0.418255	1922	13	82582822	83829835	0.428199524475524
psoriasis	0.000170433	0.000596189	FALSE	0.101381	1923	13	83829836	85035400	0.139390808402292
psa	0.00112498	0.00233856	FALSE	0.0203744	1923	13	83829836	85035400	0.0526090145695364
crohn	0.000272128	0.000471245	FALSE	0.203018	1923	13	83829836	85035400	0.234752697722567
uc	0.000720347	0.00130052	FALSE	0.0119974	1923	13	83829836	85035400	0.0250050227703985
cad	4.45369e-05	8.64601e-05	FALSE	0.0431582	1923	13	83829836	85035400	0.0619992483668342
psoriasis	0.000139138	0.000486719	FALSE	0.103431	1924	13	85035401	85650680	0.141668332276474
crohn	0.000847675	0.00146792	FALSE	0.00353232	1924	13	85035401	85650680	0.0088268488590604
uc	0.00056776	0.00102504	FALSE	0.0162985	1924	13	85035401	85650680	0.0318713321460374
cad	2.87152e-05	5.57452e-05	FALSE	0.0860029	1924	13	85035401	85650680	0.110499231629213
psoriasis	0.000103996	0.00036379	FALSE	0.170287	1925	13	85650681	86321288	0.211026919104991
psa	0.000747134	0.00155311	FALSE	0.0509089	1925	13	85650681	86321288	0.100679592886179
crohn	0.000250162	0.000433206	FALSE	0.184185	1925	13	85650681	86321288	0.217478483086681
uc	0.000275925	0.000498159	FALSE	0.134502	1925	13	85650681	86321288	0.17425745840708
cad	2.03545e-05	3.95145e-05	FALSE	0.162583	1925	13	85650681	86321288	0.187696779909137
psa	2.0326e-05	4.22528e-05	FALSE	0.455233	1926	13	86321289	87043588	0.463570600732601
crohn	0.000571779	0.000990149	FALSE	0.0237833	1926	13	86321289	87043588	0.0417703555031447
uc	0.000217359	0.000392423	FALSE	0.171558	1926	13	86321289	87043588	0.211296336511497
psa	0.000173635	0.000360945	FALSE	0.295742	1927	13	87043589	88029523	0.346277937424789
crohn	0.000169273	0.00029313	FALSE	0.225218	1927	13	87043589	88029523	0.254238005053057
uc	0.000525134	0.000948083	FALSE	0.0118214	1927	13	87043589	88029523	0.0247471824594852
cad	8.46019e-07	1.64239e-06	FALSE	0.452668	1927	13	87043589	88029523	0.455857206516953
uc	0.000322564	0.000582362	FALSE	0.0892149	1928	13	88029524	88968400	0.124154575665399
cad	5.9289e-07	1.15098e-06	FALSE	0.463034	1928	13	88029524	88968400	0.464949710272169
crohn	2.34671e-05	4.0638e-05	FALSE	0.432843	1929	13	88968401	89764426	0.440734394712853
cad	3.03163e-06	5.88533e-06	FALSE	0.416503	1930	13	89764427	90518147	0.422413463858093
psoriasis	0.000364852	0.00127629	FALSE	0.0127307	1931	13	90518148	91764204	0.0257233975678204
psa	0.000517354	0.00107545	FALSE	0.189012	1931	13	90518148	91764204	0.252621807692308
crohn	0.000440159	0.000762223	FALSE	0.130859	1931	13	90518148	91764204	0.164698031549296
psoriasis	0.000507197	0.00177422	FALSE	0.00251405	1932	13	91764205	93285142	0.00686516814159292
psa	0.000583707	0.00121338	FALSE	0.179998	1932	13	91764205	93285142	0.245635419354839
crohn	0.000875894	0.00151679	FALSE	0.0244536	1932	13	91764205	93285142	0.0426086310210444
uc	0.000483058	0.000872118	FALSE	0.0991846	1932	13	91764205	93285142	0.135537885252022
cad	0.000109469	0.000212513	FALSE	0.000758095	1932	13	91764205	93285142	0.00208887140361446
psoriasis	0.000367849	0.00128677	FALSE	0.0250409	1933	13	93285143	94925136	0.0451488681135225
psa	0.00157265	0.00326917	FALSE	0.0167701	1933	13	93285143	94925136	0.046488054985755
crohn	0.00203367	0.00352171	FALSE	4.41353e-05	1933	13	93285143	94925136	0.000228766264965197
uc	0.000497391	0.000897996	FALSE	0.110312	1933	13	93285143	94925136	0.148310636474908
cad	2.37053e-06	4.60194e-06	FALSE	0.457664	1933	13	93285143	94925136	0.460482871975363
psoriasis	0.000154213	0.000539451	FALSE	0.218091	1934	13	94925137	96132647	0.25784157635468
psa	0.00228226	0.00474427	FALSE	0.00348257	1934	13	94925137	96132647	0.015229396
crohn	0.00325433	0.00563552	FALSE	3.41669e-08	1934	13	94925137	96132647	4.68275181595092e-07
uc	0.0016561	0.00298994	FALSE	0.000418421	1934	13	94925137	96132647	0.00167064093818182
cad	0.000186904	0.000362839	FALSE	7.17333e-06	1934	13	94925137	96132647	3.77135763448276e-05
psoriasis	0.000164252	0.000574569	FALSE	0.10863	1935	13	96132648	97516609	0.147572830188679
psa	0.000454956	0.000945742	FALSE	0.183625	1935	13	96132648	97516609	0.247976578764747
crohn	1.61088e-05	2.78957e-05	FALSE	0.461213	1935	13	96132648	97516609	0.464749590437528
uc	0.00101547	0.00183334	FALSE	0.00114239	1935	13	96132648	97516609	0.00386546755007704
cad	9.66598e-05	0.000187647	FALSE	0.000344428	1935	13	96132648	97516609	0.00107757433105335
psoriasis	0.000432592	0.00151325	FALSE	0.00306587	1936	13	97516610	98527335	0.00808581098901099
psa	0.00102858	0.00213817	FALSE	0.039606	1936	13	97516610	98527335	0.0840665633587786
uc	0.000221296	0.00039953	FALSE	0.236746	1936	13	97516610	98527335	0.27191120083682
cad	6.87179e-05	0.000133403	FALSE	0.00926416	1936	13	97516610	98527335	0.0165395268696331
psoriasis	0.000361262	0.00126373	FALSE	0.0308414	1937	13	98527336	99402294	0.0540120777957861
psa	0.00237833	0.00494398	FALSE	0.00127913	1937	13	98527336	99402294	0.00727832450292398
crohn	0.00168521	0.00291827	FALSE	0.000603363	1937	13	98527336	99402294	0.00198303093098385
uc	0.00169018	0.00305147	FALSE	0.000129941	1937	13	98527336	99402294	0.000669836704225352
cad	0.000210021	0.000407716	FALSE	1.46166e-07	1937	13	98527336	99402294	1.32127131225296e-06
psoriasis	0.000854018	0.00298744	FALSE	1.14652e-06	1938	13	99402295	100470868	1.11053058295964e-05
psa	0.000562543	0.00116939	FALSE	0.168663	1938	13	99402295	100470868	0.234776965665236
crohn	0.00133392	0.00230996	FALSE	0.00100582	1938	13	99402295	100470868	0.00303239120107962
uc	0.00184921	0.00333858	FALSE	2.22366e-06	1938	13	99402295	100470868	2.45384791959799e-05
cad	9.11004e-05	0.000176854	FALSE	0.00193168	1938	13	99402295	100470868	0.00444441867203219
psoriasis	0.000559338	0.00195662	FALSE	0.000956196	1939	13	100470869	101573736	0.00305078782865583
psa	0.00103923	0.0021603	FALSE	0.0569077	1939	13	100470869	101573736	0.109213396646943
crohn	0.000419453	0.000726368	FALSE	0.155951	1939	13	100470869	101573736	0.190483616183707
cad	0.000128199	0.000248875	FALSE	0.000114779	1939	13	100470869	101573736	0.000415347425632911
psoriasis	0.00131508	0.00460027	FALSE	1.44163e-08	1940	13	101573737	103050417	2.34129383458647e-07
psa	0.00158887	0.00330287	FALSE	0.0267047	1940	13	101573737	103050417	0.0636854732843137
crohn	0.00278049	0.00481497	FALSE	1.26037e-06	1940	13	101573737	103050417	1.11732800793651e-05
uc	0.000836638	0.00151048	FALSE	0.0372183	1940	13	101573737	103050417	0.0610391238237491
cad	0.000142086	0.000275833	FALSE	0.000337486	1940	13	101573737	103050417	0.00106166503713893
psoriasis	0.000846281	0.00296037	FALSE	6.22301e-05	1941	13	103050418	104378435	0.000326254893203884
psa	0.00342509	0.00711992	FALSE	3.61298e-05	1941	13	103050418	104378435	0.000478289733333333
crohn	0.00289491	0.00501312	FALSE	3.48681e-07	1941	13	103050418	104378435	3.58964679262673e-06
uc	0.000632427	0.00114179	FALSE	0.0802475	1941	13	103050418	104378435	0.113765984506133
cad	0.000110685	0.000214875	FALSE	0.00283818	1941	13	103050418	104378435	0.00613508285444234
psoriasis	0.000394101	0.0013786	FALSE	0.0237544	1942	13	104378436	105672500	0.0431324773109244
psa	0.00233431	0.00485246	FALSE	0.00178764	1942	13	104378436	105672500	0.00945311804347826
crohn	0.00172375	0.00298502	FALSE	0.000584889	1942	13	104378436	105672500	0.00193844345481481
uc	0.0017043	0.00307697	FALSE	0.000149052	1942	13	104378436	105672500	0.000743904981818182
cad	0.00015036	0.000291896	FALSE	8.09058e-05	1942	13	104378436	105672500	0.000309935619095477
psa	0.000509818	0.00105979	FALSE	0.189478	1943	13	105672501	106313847	0.252751921864291
uc	0.000954136	0.00172261	FALSE	0.00480638	1943	13	105672501	106313847	0.0121041404587156
cad	1.17113e-05	2.27352e-05	FALSE	0.326561	1943	13	105672501	106313847	0.339621579090909
psoriasis	0.00040661	0.00142236	FALSE	0.0118413	1944	13	106313848	107037864	0.0243824671115348
crohn	0.000946932	0.0016398	FALSE	0.0183111	1944	13	106313848	107037864	0.0333934672653061
uc	0.000858514	0.00154997	FALSE	0.0155165	1944	13	106313848	107037864	0.0307529187725632
cad	0.000105142	0.000204113	FALSE	0.00123635	1944	13	106313848	107037864	0.00313473664079823
psoriasis	0.000615205	0.00215205	FALSE	0.00425665	1945	13	107037865	108521978	0.0106170484988453
psa	0.00381716	0.00793495	FALSE	2.94906e-05	1945	13	107037865	108521978	0.000428273937313433
crohn	0.00285937	0.00495157	FALSE	3.01217e-06	1945	13	107037865	108521978	2.32843867820069e-05
uc	0.00199535	0.00360243	FALSE	0.000111071	1945	13	107037865	108521978	0.000590697414043584
cad	0.000186911	0.000362853	FALSE	2.40737e-05	1945	13	107037865	108521978	0.000105674763723608
psoriasis	0.000555174	0.00194205	FALSE	0.000631768	1946	13	108521979	109156765	0.0021592070886076
psa	0.000866967	0.00180221	FALSE	0.0788417	1946	13	108521979	109156765	0.136966805709188
crohn	0.00189291	0.00327795	FALSE	1.68589e-05	1946	13	108521979	109156765	9.81016885416667e-05
uc	0.000629373	0.00113628	FALSE	0.0397319	1946	13	108521979	109156765	0.0644396251107829
cad	3.5674e-05	6.92543e-05	FALSE	0.110873	1946	13	108521979	109156765	0.13743444498645
psoriasis	0.000796011	0.00278452	FALSE	2.95636e-06	1947	13	109156766	109813576	2.40065323308271e-05
psa	0.00135724	0.00282138	FALSE	0.0143364	1947	13	109156766	109813576	0.0415843669150522
crohn	0.00100327	0.00173736	FALSE	0.00735058	1947	13	109156766	109813576	0.0160050640545809
uc	0.000989336	0.00178616	FALSE	0.00335191	1947	13	109156766	109813576	0.00917804783042394
cad	3.91246e-05	7.5953e-05	FALSE	0.0852351	1947	13	109156766	109813576	0.109697621665729
psoriasis	0.000955043	0.00334083	FALSE	2.50581e-05	1948	13	109813577	110995432	0.000152896881355932
psa	0.00223993	0.00465626	FALSE	0.00497645	1948	13	109813577	110995432	0.0194071577154309
crohn	0.0016781	0.00290597	FALSE	0.00177591	1948	13	109813577	110995432	0.00493958517412935
uc	0.00435091	0.00785518	FALSE	2.42903e-14	1948	13	109813577	110995432	1.77804996e-12
cad	0.00106753	0.0020724	FALSE	2.88928e-66	1948	13	109813577	110995432	1.321556672e-63
psoriasis	0.00055431	0.00193903	FALSE	0.00123556	1949	13	110995433	111621244	0.00375888676056338
psa	0.00203303	0.00422617	FALSE	0.00211596	1949	13	110995433	111621244	0.0106399435658915
crohn	0.00204199	0.00353612	FALSE	1.53576e-05	1949	13	110995433	111621244	9.07642285714286e-05
uc	0.00148454	0.00268021	FALSE	0.000197927	1949	13	110995433	111621244	0.000934726219354839
cad	0.000547919	0.00106368	FALSE	4.06007e-32	1949	13	110995433	111621244	7.73781674166667e-30
psoriasis	0.000415493	0.00145344	FALSE	0.00556002	1950	13	111621245	112319064	0.0133144603104213
psa	0.00160628	0.00333906	FALSE	0.00604228	1950	13	111621245	112319064	0.0219780876261682
crohn	0.000763572	0.00132228	FALSE	0.0300435	1950	13	111621245	112319064	0.0504261299774606
uc	0.000171441	0.000309521	FALSE	0.294274	1950	13	111621245	112319064	0.324899800904977
cad	0.000148028	0.00028737	FALSE	5.10512e-06	1950	13	111621245	112319064	2.83383724271845e-05
psoriasis	0.000535383	0.00187282	FALSE	0.00516257	1951	13	112319065	113573118	0.0125012905829596
psa	0.0048018	0.00998177	FALSE	3.31033e-08	1951	13	112319065	113573118	2.80082703478261e-06
crohn	0.00184363	0.00319262	FALSE	0.000366856	1951	13	112319065	113573118	0.00131549968539326
uc	0.00142569	0.00257395	FALSE	0.00127308	1951	13	112319065	113573118	0.00421036698795181
cad	0.000175699	0.000341087	FALSE	1.11183e-05	1951	13	112319065	113573118	5.5397716993464e-05
psa	0.00197756	0.00411086	FALSE	0.00073715	1952	13	113573119	114302561	0.0047499798013245
crohn	0.000145925	0.000252699	FALSE	0.328519	1952	13	113573119	114302561	0.349149117982873
cad	4.29074e-05	8.32968e-05	FALSE	0.0595534	1952	13	113573119	114302561	0.0813126124179104
psoriasis	8.87013e-06	3.10286e-05	FALSE	0.448755	1953	13	114302562	115109851	0.456322108235294
psa	0.000201594	0.000419065	FALSE	0.314065	1953	13	114302562	115109851	0.361853457667259
crohn	0.000612436	0.00106056	FALSE	0.0285409	1953	13	114302562	115109851	0.0483399322213798
uc	0.000218065	0.000393696	FALSE	0.197866	1953	13	114302562	115109851	0.236277181076672
cad	3.91771e-05	7.6055e-05	FALSE	0.0465281	1953	13	114302562	115109851	0.0658883991950465
psa	8.23454e-05	0.000171176	FALSE	0.417689	1954	14	19000059	20876080	0.439601294753921
uc	0.00080041	0.00144507	FALSE	0.00681466	1954	14	19000059	20876080	0.0161260704310345
cad	1.18242e-05	2.29544e-05	FALSE	0.30321	1954	14	19000059	20876080	0.31941099493321
psoriasis	0.00105938	0.00370582	FALSE	8.36621e-06	1955	14	20876081	21982654	6.10507216216216e-05
psa	0.00388809	0.0080824	FALSE	1.81994e-05	1955	14	20876081	21982654	0.000305310624137931
crohn	0.00120507	0.00208682	FALSE	0.0186381	1955	14	20876081	21982654	0.0339600772616137
uc	0.00242997	0.0043871	FALSE	4.23293e-06	1955	14	20876081	21982654	3.972442e-05
cad	0.000134015	0.000260166	FALSE	0.00116453	1955	14	20876081	21982654	0.00298574003363229
psoriasis	0.000613161	0.0021449	FALSE	0.000558791	1956	14	21982655	22760700	0.00198191881773399
psa	0.0027404	0.00569663	FALSE	0.000113161	1956	14	21982655	22760700	0.00112352707142857
crohn	0.000986823	0.00170888	FALSE	0.0154774	1956	14	21982655	22760700	0.0290314958858102
uc	0.000963582	0.00173966	FALSE	0.00861736	1956	14	21982655	22760700	0.0192119010761421
cad	0.000108932	0.000211472	FALSE	0.000945826	1956	14	21982655	22760700	0.0025418379106933
psoriasis	0.000643997	0.00225276	FALSE	0.0018072	1957	14	22760701	23985936	0.00518612270916335
psa	0.00302939	0.00629737	FALSE	0.000279333	1957	14	22760701	23985936	0.00234503022317597
crohn	0.000918567	0.00159068	FALSE	0.0446608	1957	14	22760701	23985936	0.069866044086774
uc	0.00359395	0.00648855	FALSE	3.78498e-11	1957	14	22760701	23985936	1.76847150638298e-09
cad	0.000267733	0.000519753	FALSE	2.27275e-09	1957	14	22760701	23985936	3.37518133116883e-08
psoriasis	0.000843657	0.00295119	FALSE	1.11816e-05	1958	14	23985937	24906056	7.74110769230769e-05
psa	0.0017859	0.00371245	FALSE	0.00603171	1958	14	23985937	24906056	0.0219780876261682
crohn	0.0026221	0.00454069	FALSE	1.69768e-07	1958	14	23985937	24906056	1.89630856e-06
uc	0.00212436	0.00383534	FALSE	9.11937e-07	1958	14	23985937	24906056	1.1643102627907e-05
cad	0.000104993	0.000203825	FALSE	0.00135661	1958	14	23985937	24906056	0.00340193757675439
psoriasis	0.000516611	0.00180715	FALSE	0.000273731	1959	14	24906057	25585041	0.00109695539888683
psa	0.000460175	0.000956591	FALSE	0.177427	1959	14	24906057	25585041	0.243321312191684
uc	0.000273671	0.000494089	FALSE	0.169394	1959	14	24906057	25585041	0.209571393802817
cad	1.81834e-05	3.52996e-05	FALSE	0.219649	1959	14	24906057	25585041	0.242440763996139
psoriasis	0.000270128	0.000944934	FALSE	0.0348348	1960	14	25585042	26395690	0.0593868729281768
crohn	0.000819702	0.00141948	FALSE	0.0165882	1960	14	25585042	26395690	0.0308046872817955
uc	0.000576571	0.00104095	FALSE	0.0402483	1960	14	25585042	26395690	0.0651328421518055
cad	2.0198e-05	3.92106e-05	FALSE	0.215727	1960	14	25585042	26395690	0.238803315101646
psoriasis	0.000426684	0.00149258	FALSE	0.0103142	1961	14	26395691	27720240	0.0217777829912023
psa	6.0071e-05	0.000124873	FALSE	0.449614	1961	14	26395691	27720240	0.460257150973172
crohn	0.00109278	0.00189237	FALSE	0.0101142	1961	14	26395691	27720240	0.0207104700274977
uc	0.000644114	0.00116289	FALSE	0.0532278	1961	14	26395691	27720240	0.0823156681690141
cad	0.000125198	0.000243048	FALSE	0.000278904	1961	14	26395691	27720240	0.00090219723903819
psoriasis	2.91607e-05	0.000102007	FALSE	0.398871	1962	14	27720241	29029224	0.412795862068966
crohn	0.000329255	0.000570171	FALSE	0.173208	1962	14	27720241	29029224	0.206944857754011
cad	6.33962e-05	0.000123072	FALSE	0.0121365	1962	14	27720241	29029224	0.0206981174496644
psoriasis	0.000526717	0.00184251	FALSE	0.00346041	1963	14	29029225	30831154	0.00895147976047904
psa	0.00236906	0.00492469	FALSE	0.00107341	1963	14	29029225	30831154	0.00636846298780488
crohn	0.00271355	0.00469905	FALSE	2.67667e-07	1963	14	29029225	30831154	2.83397193364929e-06
uc	0.00102088	0.00184311	FALSE	0.00892726	1963	14	29029225	30831154	0.019682994939759
cad	0.000113889	0.000221093	FALSE	0.0011118	1963	14	29029225	30831154	0.00289270375426621
psoriasis	4.40844e-05	0.000154211	FALSE	0.372827	1964	14	30831155	32382245	0.392851317073171
crohn	0.000507116	0.000878172	FALSE	0.100511	1964	14	30831155	32382245	0.132005628453851
uc	0.000797675	0.00144013	FALSE	0.0145377	1964	14	30831155	32382245	0.0291817085923218
psoriasis	0.0011135	0.00389513	FALSE	1.5329e-06	1965	14	32382246	33591113	1.42105751072961e-05
psa	0.00356719	0.00741532	FALSE	4.0813e-05	1965	14	32382246	33591113	0.000515727909090909
crohn	0.00310588	0.00537845	FALSE	2.06715e-07	1965	14	32382246	33591113	2.25268931707317e-06
uc	0.00238216	0.00430078	FALSE	3.31217e-06	1965	14	32382246	33591113	3.35185498617511e-05
cad	0.000364728	0.000708052	FALSE	2.99432e-14	1965	14	32382246	33591113	1.2228589e-12
psoriasis	0.00181788	0.00635912	FALSE	8.48375e-12	1966	14	33591114	34695195	2.69483823529412e-10
psa	0.00163778	0.00340455	FALSE	0.0361222	1966	14	33591114	34695195	0.0787164627099664
crohn	0.00303351	0.00525312	FALSE	1.55138e-06	1966	14	33591114	34695195	1.31022835471698e-05
uc	0.00423627	0.00764822	FALSE	1.38115e-12	1966	14	33591114	34695195	7.77693692307692e-11
cad	0.000300785	0.000583918	FALSE	7.90727e-10	1966	14	33591114	34695195	1.35695731567164e-08
psoriasis	0.00106608	0.00372926	FALSE	3.34986e-10	1967	14	34695196	35379988	8.22238363636364e-09
psa	0.00136473	0.00283694	FALSE	0.00712513	1967	14	34695196	35379988	0.0248931830879713
crohn	0.000959888	0.00166224	FALSE	0.00452445	1967	14	34695196	35379988	0.0106958955555556
uc	0.000719242	0.00129853	FALSE	0.011464	1967	14	34695196	35379988	0.0242195573076923
psoriasis	0.00460288	0.0161013	FALSE	1.09185e-73	1968	14	35379989	36422077	3.36913714285714e-71
psa	0.00269834	0.00560918	FALSE	1.79451e-06	1968	14	35379989	36422077	6.98423292e-05
crohn	0.000790018	0.00136808	FALSE	0.00957405	1968	14	35379989	36422077	0.0198040997222222
uc	0.00088719	0.00160174	FALSE	0.00182663	1968	14	35379989	36422077	0.0056496894084507
cad	2.17125e-05	4.21507e-05	FALSE	0.165737	1968	14	35379989	36422077	0.190760200805234
psoriasis	0.00068444	0.00239424	FALSE	3.93746e-05	1969	14	36422078	37282012	0.000219198804123711
psa	0.00127137	0.00264287	FALSE	0.020291	1969	14	36422078	37282012	0.0526090145695364
crohn	0.000120352	0.000208413	FALSE	0.36147	1969	14	36422078	37282012	0.378941332707649
uc	0.000107228	0.000193591	FALSE	0.359486	1969	14	36422078	37282012	0.380843392185239
cad	2.53802e-05	4.9271e-05	FALSE	0.180375	1969	14	36422078	37282012	0.20431779346211
psoriasis	0.000510995	0.00178751	FALSE	0.00129671	1970	14	37282013	38722114	0.0039241512605042
psa	0.00128308	0.0026672	FALSE	0.0205296	1970	14	37282013	38722114	0.0527749030383091
crohn	0.000544261	0.000942496	FALSE	0.0846251	1970	14	37282013	38722114	0.114716306674757
uc	0.000365253	0.000659431	FALSE	0.140974	1970	14	37282013	38722114	0.180674170361727
cad	5.91155e-05	0.000114762	FALSE	0.02495	1970	14	37282013	38722114	0.0388431926480599
psa	0.000688703	0.00143164	FALSE	0.122054	1971	14	38722115	40343754	0.187021325984252
crohn	0.00170513	0.00295277	FALSE	5.93345e-05	1971	14	38722115	40343754	0.000290687002192982
uc	0.000891641	0.00160978	FALSE	0.00722793	1971	14	38722115	40343754	0.0167608598521647
cad	1.95291e-05	3.79121e-05	FALSE	0.237002	1971	14	38722115	40343754	0.258846023877746
crohn	0.000261428	0.000452715	FALSE	0.154542	1972	14	40343755	40965849	0.189280059210526
uc	0.000181427	0.000327551	FALSE	0.203778	1972	14	40343755	40965849	0.242151779220779
cad	2.24021e-06	4.34896e-06	FALSE	0.428115	1972	14	40343755	40965849	0.433229648230089
psoriasis	3.19206e-05	0.000111661	FALSE	0.320149	1973	14	40965850	41614833	0.34890102926337
uc	0.00016369	0.000295527	FALSE	0.175536	1973	14	40965850	41614833	0.214989992191857
psoriasis	7.46371e-05	0.000261088	FALSE	0.223649	1974	14	41614834	42562550	0.262973238976592
psa	0.000561323	0.00116685	FALSE	0.0880196	1974	14	41614834	42562550	0.148685886805556
uc	0.000139413	0.000251697	FALSE	0.258978	1974	14	41614834	42562550	0.291499583803178
cad	4.77153e-05	9.26304e-05	FALSE	0.0130696	1974	14	41614834	42562550	0.0221408705185185
psoriasis	0.000167481	0.000585863	FALSE	0.0726943	1975	14	42562551	43321168	0.106688298913043
psa	0.000936271	0.00194628	FALSE	0.0222558	1975	14	42562551	43321168	0.0557397513513514
psa	0.0013755	0.00285932	FALSE	0.0117885	1976	14	43321169	44623273	0.0359567727272727
crohn	0.00072238	0.00125095	FALSE	0.0317261	1976	14	43321169	44623273	0.0527631239583333
uc	0.000513681	0.000927405	FALSE	0.0623167	1976	14	43321169	44623273	0.092967033423913
cad	4.07685e-05	7.91445e-05	FALSE	0.0725064	1976	14	43321169	44623273	0.0957955729636049
psoriasis	0.000258225	0.000903297	FALSE	0.0315219	1977	14	44623274	45817082	0.0548648702659146
psa	0.00178161	0.00370353	FALSE	0.00103465	1977	14	44623274	45817082	0.00619627889570552
crohn	0.00142234	0.00246306	FALSE	0.000130934	1977	14	44623274	45817082	0.000556096114068441
uc	0.000467179	0.000843451	FALSE	0.0619979	1977	14	44623274	45817082	0.0927057320626276
cad	3.89036e-05	7.55241e-05	FALSE	0.0635702	1977	14	44623274	45817082	0.0860648170414201
psoriasis	7.71874e-06	2.70009e-05	FALSE	0.440801	1978	14	45817083	46748238	0.449402321849929
crohn	0.000688993	0.00119313	FALSE	0.00647797	1978	14	45817083	46748238	0.0144573276523477
cad	2.68196e-05	5.20653e-05	FALSE	0.0757293	1978	14	45817083	46748238	0.0994218766360505
psoriasis	0.000282091	0.000986781	FALSE	0.0294339	1979	14	46748239	48177483	0.051772983713355
psa	0.000469182	0.000975314	FALSE	0.193819	1979	14	46748239	48177483	0.255881189152542
crohn	0.000515695	0.000893029	FALSE	0.0825499	1979	14	46748239	48177483	0.112655147587049
uc	0.000492547	0.00088925	FALSE	0.0665192	1979	14	46748239	48177483	0.0981035347212895
cad	9.7151e-05	0.000188601	FALSE	0.000643765	1979	14	46748239	48177483	0.00182439969640644
psoriasis	0.000379297	0.00132682	FALSE	0.00345004	1980	14	48177484	49002065	0.00893535539568345
psa	0.000854582	0.00177647	FALSE	0.0490374	1980	14	48177484	49002065	0.0983750096807415
crohn	0.000796193	0.00137877	FALSE	0.0117283	1980	14	48177484	49002065	0.023331275333927
cad	9.94028e-05	0.000192972	FALSE	0.000172644	1980	14	48177484	49002065	0.000600055969604863
psoriasis	0.000290352	0.00101568	FALSE	0.0426636	1981	14	49002066	50500564	0.0701853587204874
psa	0.000660007	0.00137199	FALSE	0.148541	1981	14	49002066	50500564	0.215366993298585
crohn	0.00082311	0.00142538	FALSE	0.0294233	1981	14	49002066	50500564	0.0496462629909366
uc	0.000537407	0.000970242	FALSE	0.0746117	1981	14	49002066	50500564	0.107652623653088
cad	2.41625e-05	4.69069e-05	FALSE	0.209275	1981	14	49002066	50500564	0.23254091597863
psoriasis	0.000442203	0.00154687	FALSE	0.00203341	1982	14	50500565	51418371	0.00573389765013055
psa	0.00094703	0.00196865	FALSE	0.0468235	1982	14	50500565	51418371	0.0959142431578947
crohn	0.00106591	0.00184584	FALSE	0.00324145	1982	14	50500565	51418371	0.00825701174458381
cad	7.94055e-05	0.000154151	FALSE	0.00298156	1982	14	50500565	51418371	0.00636084675373134
psoriasis	0.00064982	0.00227313	FALSE	0.000258142	1983	14	51418372	52206122	0.00105464347826087
psa	0.000674687	0.00140251	FALSE	0.150647	1983	14	51418372	52206122	0.216854588322247
crohn	0.00133218	0.00230694	FALSE	0.00221315	1983	14	51418372	52206122	0.00597122838164251
uc	0.000649834	0.00117322	FALSE	0.0473744	1983	14	51418372	52206122	0.0745337501432665
psoriasis	0.000256967	0.000898893	FALSE	0.0447383	1984	14	52206123	52760553	0.0730421224489796
crohn	0.000823571	0.00142618	FALSE	0.018701	1984	14	52206123	52760553	0.0340212003257329
uc	0.000485116	0.000875834	FALSE	0.0733016	1984	14	52206123	52760553	0.105971240026333
cad	4.2641e-05	8.27796e-05	FALSE	0.0652306	1984	14	52206123	52760553	0.087857704475854
psoriasis	1.29086e-05	4.51554e-05	FALSE	0.454273	1985	14	52760554	54359598	0.460484429845143
psa	0.0012152	0.00252611	FALSE	0.0382564	1985	14	52760554	54359598	0.0818998398239824
crohn	0.00221462	0.00383506	FALSE	4.802e-06	1985	14	52760554	54359598	3.49435439739414e-05
uc	0.00145461	0.00262617	FALSE	0.000287223	1985	14	52760554	54359598	0.0012319173984375
cad	0.000163904	0.000318188	FALSE	4.48798e-06	1985	14	52760554	54359598	2.55323638308458e-05
psoriasis	0.000463715	0.00162212	FALSE	0.0032276	1986	14	54359599	55292832	0.00844021307506053
psa	0.00209428	0.0043535	FALSE	0.000919388	1986	14	54359599	55292832	0.00564394021451104
crohn	0.00101987	0.00176611	FALSE	0.00836259	1986	14	54359599	55292832	0.0177754767459562
uc	0.000873592	0.00157719	FALSE	0.00951171	1986	14	54359599	55292832	0.0206196595853899
cad	7.68105e-05	0.000149113	FALSE	0.00731715	1986	14	54359599	55292832	0.0135063131961259
psa	0.000662252	0.00137666	FALSE	0.0641482	1987	14	55292833	56206430	0.118549285090218
crohn	0.000676104	0.00117081	FALSE	0.012367	1987	14	55292833	56206430	0.0242775729349736
uc	1.19348e-05	2.15472e-05	FALSE	0.455889	1987	14	55292833	56206430	0.459024412654746
cad	2.7235e-05	5.28717e-05	FALSE	0.0931411	1987	14	55292833	56206430	0.118406723568649
psoriasis	0.000102291	0.000357824	FALSE	0.289065	1988	14	56206431	57460781	0.320970894141829
psa	0.00265803	0.0055254	FALSE	0.000624928	1988	14	56206431	57460781	0.00420799269204152
crohn	0.00166154	0.00287729	FALSE	0.000986975	1988	14	56206431	57460781	0.00298362943166441
uc	0.00171484	0.00309599	FALSE	0.000168845	1988	14	56206431	57460781	0.0008239636
cad	9.43565e-05	0.000183176	FALSE	0.00730154	1988	14	56206431	57460781	0.0134992902021019
psoriasis	0.000125654	0.000439549	FALSE	0.196204	1989	14	57460782	58447798	0.236964918949134
crohn	0.000543129	0.000940537	FALSE	0.0826421	1989	14	57460782	58447798	0.112712119291819
uc	0.000513814	0.000927646	FALSE	0.0682403	1989	14	57460782	58447798	0.100305019277108
cad	9.11993e-05	0.000177046	FALSE	0.0017453	1989	14	57460782	58447798	0.00408965276639344
crohn	0.00233854	0.00404966	FALSE	2.27492e-07	1990	14	58447799	59447537	2.45515520772947e-06
uc	0.00144519	0.00260917	FALSE	8.74759e-05	1990	14	58447799	59447537	0.000495095557731959
cad	0.000145958	0.00028335	FALSE	5.75904e-06	1990	14	58447799	59447537	3.12897996437055e-05
psa	0.00021053	0.00043764	FALSE	0.313048	1991	14	59447538	60099482	0.360895383886256
crohn	0.00056118	0.000971796	FALSE	0.0434346	1991	14	59447538	60099482	0.068526056779661
cad	5.07375e-06	9.84974e-06	FALSE	0.392434	1991	14	59447538	60099482	0.400847055828495
crohn	0.000602141	0.00104273	FALSE	0.0232447	1992	14	60099483	61652816	0.0410178987361769
cad	3.52595e-05	6.84497e-05	FALSE	0.0518093	1992	14	60099483	61652816	0.0722487006707317
psoriasis	0.000917594	0.00320983	FALSE	4.2528e-06	1993	14	61652817	62717985	3.32827826086957e-05
psa	0.00062015	0.00128914	FALSE	0.184538	1993	14	61652817	62717985	0.248691792243767
uc	8.12583e-05	0.000146705	FALSE	0.405963	1993	14	61652817	62717985	0.418608118309859
cad	8.44164e-05	0.000163879	FALSE	0.00937907	1993	14	61652817	62717985	0.0166925549338521
psoriasis	1.02105e-05	3.57171e-05	FALSE	0.459963	1994	14	62717986	64033237	0.463828235294118
psa	1.02408e-05	2.1288e-05	FALSE	0.478148	1994	14	62717986	64033237	0.479379705306543
crohn	0.000467843	0.000810164	FALSE	0.136243	1994	14	62717986	64033237	0.170227551454139
uc	0.00121357	0.002191	FALSE	0.00151931	1994	14	62717986	64033237	0.00487778473684211
cad	4.53818e-05	8.81002e-05	FALSE	0.0782611	1994	14	62717986	64033237	0.102137837478608
psoriasis	0.000175954	0.000615504	FALSE	0.0899216	1995	14	64033238	65229391	0.126041957170668
crohn	0.000606928	0.00105102	FALSE	0.0397629	1995	14	64033238	65229391	0.0634955815582559
uc	0.000963135	0.00173885	FALSE	0.00151729	1995	14	64033238	65229391	0.00487778473684211
cad	0.000143391	0.000278367	FALSE	8.10276e-07	1995	14	64033238	65229391	5.97774584516129e-06
psoriasis	0.000332021	0.00116144	FALSE	0.0153532	1996	14	65229392	66300066	0.0300116850678733
psa	4.46995e-05	9.29194e-05	FALSE	0.450411	1996	14	65229392	66300066	0.460830602523659
crohn	0.000482016	0.000834708	FALSE	0.0987324	1996	14	65229392	66300066	0.1304365355411
uc	0.000444896	0.000803221	FALSE	0.0881711	1996	14	65229392	66300066	0.123013809148666
cad	2.8651e-05	5.56206e-05	FALSE	0.144663	1996	14	65229392	66300066	0.17045042812983
crohn	0.000178325	0.000308806	FALSE	0.274118	1997	14	66300067	67891839	0.30077584086444
cad	7.25961e-05	0.000140932	FALSE	0.00279106	1997	14	66300067	67891839	0.00603893492904447
psoriasis	0.000630529	0.00220565	FALSE	6.34604e-05	1998	14	67891840	68976912	0.000329505923076923
psa	0.000864337	0.00179675	FALSE	0.0654391	1998	14	67891840	68976912	0.119731673684211
crohn	0.00149092	0.00258182	FALSE	0.000172347	1998	14	67891840	68976912	0.000696244481012658
uc	0.000687419	0.00124107	FALSE	0.0210766	1998	14	67891840	68976912	0.0389303333894029
cad	1.23999e-05	2.40721e-05	FALSE	0.307817	1998	14	67891840	68976912	0.323221983011938
psoriasis	0.000273318	0.000956092	FALSE	0.0588953	1999	14	68976913	69794542	0.0907374094151213
psa	0.000321493	0.000668306	FALSE	0.303726	1999	14	68976913	69794542	0.352655606205251
crohn	0.00272041	0.00471094	FALSE	8.15612e-08	1999	14	68976913	69794542	1.00114132307692e-06
uc	0.00133413	0.00240866	FALSE	0.000776505	1999	14	68976913	69794542	0.00280169213793103
cad	0.000130923	0.000254163	FALSE	0.000143747	1999	14	68976913	69794542	0.000512070699376947
psoriasis	0.000684951	0.00239602	FALSE	0.000129498	2000	14	69794543	71140426	0.000592617966101695
psa	0.00264514	0.00549859	FALSE	0.000146199	2000	14	69794543	71140426	0.00141543907462687
crohn	0.00172053	0.00297944	FALSE	0.000159226	2000	14	69794543	71140426	0.000658723859259259
uc	0.00148706	0.00268476	FALSE	0.000187145	2000	14	69794543	71140426	0.000899278818380744
cad	0.000170975	0.000331916	FALSE	1.57509e-06	2000	14	69794543	71140426	1.06891122551929e-05
psoriasis	0.000578894	0.00202503	FALSE	0.000791394	2001	14	71140427	72665319	0.00258609839636914
psa	0.000226718	0.000471292	FALSE	0.34956	2001	14	71140427	72665319	0.389824504297994
crohn	0.00173665	0.00300735	FALSE	0.000136828	2001	14	71140427	72665319	0.000577833179584121
uc	0.00122407	0.00220994	FALSE	0.00133543	2001	14	71140427	72665319	0.00438301934328358
cad	3.49934e-05	6.79332e-05	FALSE	0.131165	2001	14	71140427	72665319	0.157466853018373
psoriasis	0.00058273	0.00203845	FALSE	0.000501074	2002	14	72665320	73373373	0.00181293105527638
psa	0.000337784	0.00070217	FALSE	0.28199	2002	14	72665320	73373373	0.334605207317073
uc	0.000384966	0.000695022	FALSE	0.138948	2002	14	72665320	73373373	0.178856862837046
cad	0.000136006	0.00026403	FALSE	3.67297e-05	2002	14	72665320	73373373	0.000152722622504537
psa	0.000343978	0.000715046	FALSE	0.224517	2003	14	73373374	74245428	0.28444666796875
cad	8.20928e-05	0.000159368	FALSE	0.000845282	2003	14	73373374	74245428	0.00230138087380952
psoriasis	0.000578368	0.00202319	FALSE	0.000200753	2004	14	74245429	75699501	0.000856969328063241
psa	0.000537639	0.00111762	FALSE	0.16285	2004	14	74245429	75699501	0.229642101449275
crohn	0.00112041	0.00194022	FALSE	0.00254655	2004	14	74245429	75699501	0.00672457765957447
uc	0.0006069	0.0010957	FALSE	0.034129	2004	14	74245429	75699501	0.0569269230068337
cad	0.000164551	0.000319444	FALSE	2.24924e-07	2004	14	74245429	75699501	1.94113655849057e-06
psoriasis	0.000765267	0.00267698	FALSE	2.53451e-05	2005	14	75699502	76694201	0.000153779258426966
psa	0.00154125	0.00320388	FALSE	0.0120967	2005	14	75699502	76694201	0.0366099194401244
crohn	0.0025011	0.00433116	FALSE	2.76258e-07	2005	14	75699502	76694201	2.91113383018868e-06
uc	0.00210391	0.00379843	FALSE	6.56475e-07	2005	14	75699502	76694201	9.010119375e-06
cad	5.77233e-05	0.000112059	FALSE	0.0367166	2005	14	75699502	76694201	0.0538274770512821
psoriasis	0.000587976	0.0020568	FALSE	0.000857472	2006	14	76694202	77425453	0.00276851946188341
psa	0.000660064	0.00137211	FALSE	0.157825	2006	14	76694202	77425453	0.224066581632653
crohn	0.000895673	0.00155104	FALSE	0.0244704	2006	14	76694202	77425453	0.0426086310210444
uc	0.00061314	0.00110697	FALSE	0.0582574	2006	14	76694202	77425453	0.0882505762758621
cad	3.05218e-05	5.92523e-05	FALSE	0.167044	2006	14	76694202	77425453	0.19187826619789
psoriasis	0.000574621	0.00201008	FALSE	0.000690338	2007	14	77425454	78374053	0.00231182958139535
psa	0.000561088	0.00116637	FALSE	0.18399	2007	14	77425454	78374053	0.248297184466019
crohn	0.00100712	0.00174403	FALSE	0.0113849	2007	14	77425454	78374053	0.022810642690583
uc	0.000762607	0.00137682	FALSE	0.0230241	2007	14	77425454	78374053	0.0419592726970954
cad	3.62361e-05	7.03457e-05	FALSE	0.118887	2007	14	77425454	78374053	0.145268480769231
psoriasis	0.000351764	0.00123051	FALSE	0.0199449	2008	14	78374054	79199451	0.0371067906976744
psa	0.0021068	0.00437952	FALSE	0.00129806	2008	14	78374054	79199451	0.00734309523255814
crohn	0.00017966	0.000311117	FALSE	0.320442	2008	14	78374054	79199451	0.342029349259436
uc	0.000825748	0.00149081	FALSE	0.0162516	2008	14	78374054	79199451	0.0318363190008921
cad	0.000126521	0.000245617	FALSE	0.000130127	2008	14	78374054	79199451	0.00046792523427673
psoriasis	0.00108744	0.00380395	FALSE	2.48531e-07	2009	14	79199452	81001920	3.05015318181818e-06
psa	0.00234164	0.0048677	FALSE	0.00146801	2009	14	79199452	81001920	0.00804717594366197
crohn	0.00154051	0.0026677	FALSE	0.00141162	2009	14	79199452	81001920	0.00407436573643411
uc	0.00353158	0.00637596	FALSE	3.21588e-12	2009	14	79199452	81001920	1.76551812e-10
cad	0.000106383	0.000206523	FALSE	0.00242534	2009	14	79199452	81001920	0.00536955719264279
psoriasis	0.000493359	0.00172582	FALSE	0.00314314	2010	14	81001921	82524785	0.00824931032806804
psa	9.76315e-05	0.000202952	FALSE	0.42518	2010	14	81001921	82524785	0.443884270386266
crohn	0.0010356	0.00179335	FALSE	0.0112864	2010	14	81001921	82524785	0.0226335885098743
uc	0.000400245	0.000722607	FALSE	0.141483	2010	14	81001921	82524785	0.181058664335664
cad	1.19377e-06	2.31748e-06	FALSE	0.469237	2010	14	81001921	82524785	0.470471292854011
psoriasis	0.000503988	0.001763	FALSE	0.00356642	2011	14	82524786	84087372	0.00915988965517241
psa	0.00203562	0.00423156	FALSE	0.00284374	2011	14	82524786	84087372	0.0132799333333333
crohn	0.000184114	0.00031883	FALSE	0.327526	2011	14	82524786	84087372	0.348659390185803
uc	0.00134548	0.00242915	FALSE	0.000845502	2011	14	82524786	84087372	0.00300440516504854
cad	5.47473e-05	0.000106282	FALSE	0.0524239	2011	14	82524786	84087372	0.0729278949513382
psoriasis	1.14942e-05	4.0208e-05	FALSE	0.454706	2012	14	84087373	85562936	0.46067774859287
psa	0.000459149	0.000954458	FALSE	0.222412	2012	14	84087373	85562936	0.282653959530026
crohn	0.00137516	0.00238137	FALSE	0.00108633	2012	14	84087373	85562936	0.00325753183892617
uc	0.00262573	0.00474053	FALSE	1.21334e-09	2012	14	84087373	85562936	3.83431011428571e-08
cad	5.45687e-05	0.000105935	FALSE	0.0395788	2012	14	84087373	85562936	0.0573603932868904
psoriasis	0.000250505	0.00087629	FALSE	0.0584035	2013	14	85562937	86653343	0.0900439400428266
psa	0.00110885	0.00230504	FALSE	0.0393784	2013	14	85562937	86653343	0.0837490343169399
crohn	0.000380103	0.000658225	FALSE	0.166129	2013	14	85562937	86653343	0.199748216361679
uc	0.000887224	0.0016018	FALSE	0.00870418	2013	14	85562937	86653343	0.019326976016178
cad	2.63685e-05	5.11896e-05	FALSE	0.179276	2013	14	85562937	86653343	0.20347603573201
psoriasis	0.000193999	0.000678628	FALSE	0.0698898	2014	14	86653344	87350275	0.103540444444444
crohn	0.000542031	0.000938636	FALSE	0.0548213	2014	14	86653344	87350275	0.0825831316250843
uc	0.000107524	0.000194125	FALSE	0.336155	2014	14	86653344	87350275	0.362608567779961
psoriasis	0.000132731	0.000464307	FALSE	0.144417	2015	14	87350276	88208595	0.185128023738872
crohn	0.000180949	0.00031335	FALSE	0.271512	2015	14	87350276	88208595	0.298356029513035
uc	0.000161479	0.000291536	FALSE	0.268137	2015	14	87350276	88208595	0.300116642201835
cad	1.37591e-05	2.67107e-05	FALSE	0.265584	2015	14	87350276	88208595	0.285026094791178
psoriasis	0.000192729	0.000674186	FALSE	0.0979779	2016	14	88208596	89482883	0.135488005121639
psa	0.000821299	0.00170728	FALSE	0.0813608	2016	14	88208596	89482883	0.140113377699115
crohn	0.00339541	0.00587983	FALSE	2.5003e-12	2016	14	88208596	89482883	1.07416734615385e-10
uc	0.00178049	0.00321452	FALSE	2.82714e-06	2016	14	88208596	89482883	2.95638068571429e-05
cad	4.80316e-05	9.32443e-05	FALSE	0.0478559	2016	14	88208596	89482883	0.0674762289149199
psoriasis	0.000654401	0.00228916	FALSE	0.00081494	2017	14	89482884	90662836	0.00264304864864865
psa	0.0015311	0.00318278	FALSE	0.0238518	2017	14	89482884	90662836	0.0589030492385787
crohn	0.00171148	0.00296376	FALSE	0.000629016	2017	14	89482884	90662836	0.00204544649781659
uc	0.00164376	0.00296766	FALSE	0.000230676	2017	14	89482884	90662836	0.00103591921472393
cad	0.000225001	0.000436798	FALSE	4.27795e-08	2017	14	89482884	90662836	4.55054495348837e-07
psoriasis	0.000166154	0.000581221	FALSE	0.168676	2018	14	90662837	92101228	0.209631852704258
psa	0.00200288	0.0041635	FALSE	0.00342432	2018	14	90662837	92101228	0.0150609857336343
crohn	0.00157859	0.00273364	FALSE	0.000703405	2018	14	90662837	92101228	0.00224807835479256
uc	0.00136109	0.00245733	FALSE	0.000820757	2018	14	90662837	92101228	0.00293547617589577
cad	7.13734e-05	0.000138558	FALSE	0.0200302	2018	14	90662837	92101228	0.0321676333099579
psoriasis	0.000707509	0.00247493	FALSE	0.000403176	2019	14	92101229	93386328	0.00150407626943005
psa	0.00124595	0.00259002	FALSE	0.0530152	2019	14	92101229	93386328	0.103999575806452
crohn	0.00213215	0.00369225	FALSE	5.15479e-05	2019	14	92101229	93386328	0.000259364884234234
uc	0.0013917	0.0025126	FALSE	0.00142279	2019	14	92101229	93386328	0.00460832867256637
cad	8.69582e-05	0.000168813	FALSE	0.0114231	2019	14	92101229	93386328	0.0196264777027027
psoriasis	0.000702417	0.00245712	FALSE	0.000551699	2020	14	93386329	94892240	0.00196321225700165
psa	0.00172617	0.00358829	FALSE	0.0162101	2020	14	93386329	94892240	0.0452588786226686
crohn	0.00175438	0.00303806	FALSE	0.000695047	2020	14	93386329	94892240	0.00222774031276901
uc	0.00253482	0.00457639	FALSE	3.22065e-07	2020	14	93386329	94892240	4.94214375e-06
cad	0.00022324	0.000433379	FALSE	1.1461e-07	2020	14	93386329	94892240	1.08760609958506e-06
psoriasis	0.00125115	0.00437663	FALSE	2.42748e-07	2021	14	94892241	95946792	3.01342344827586e-06
psa	0.0017224	0.00358044	FALSE	0.0255313	2021	14	94892241	95946792	0.061751052173913
crohn	0.00284729	0.00493066	FALSE	2.76611e-06	2021	14	94892241	95946792	2.16824201403509e-05
uc	0.00234125	0.00422692	FALSE	8.74078e-06	2021	14	94892241	95946792	7.1622212238806e-05
cad	0.000104809	0.000203468	FALSE	0.00773559	2021	14	94892241	95946792	0.0141984705698234
psoriasis	0.00109319	0.00382409	FALSE	9.55015e-07	2022	14	95946793	97174314	9.46253394495413e-06
psa	0.00140235	0.00291515	FALSE	0.0408103	2022	14	95946793	97174314	0.0861219904658722
crohn	0.00261077	0.00452107	FALSE	3.36869e-06	2022	14	95946793	97174314	2.58613520962199e-05
uc	0.00445747	0.00804757	FALSE	1.11304e-15	2022	14	95946793	97174314	1.11101629090909e-13
cad	0.000240041	0.000465995	FALSE	2.53778e-08	2022	14	95946793	97174314	2.84505042156863e-07
psoriasis	0.00094123	0.00329251	FALSE	2.77803e-06	2023	14	97174315	98268391	2.29539572519084e-05
psa	0.000762135	0.00158429	FALSE	0.135511	2023	14	97174315	98268391	0.200855952779893
crohn	0.001053	0.00182348	FALSE	0.0139869	2023	14	97174315	98268391	0.0267510511548332
uc	0.00167908	0.00303142	FALSE	8.32805e-05	2023	14	97174315	98268391	0.000474952700518135
cad	0.000100932	0.000195941	FALSE	0.00262466	2023	14	97174315	98268391	0.00572766929389313
psoriasis	0.000892446	0.00312186	FALSE	2.88435e-08	2024	14	98268392	98885322	4.41857872340426e-07
psa	0.000210005	0.000436549	FALSE	0.323195	2024	14	98268392	98885322	0.369481752201996
crohn	0.000623577	0.00107985	FALSE	0.0368995	2024	14	98268392	98885322	0.0597777251631617
uc	0.000355349	0.000641552	FALSE	0.112663	2024	14	98268392	98885322	0.150671262325015
cad	3.72639e-05	7.23408e-05	FALSE	0.0692082	2024	14	98268392	98885322	0.092344896966161
psoriasis	0.000383982	0.00134321	FALSE	0.00713728	2025	14	98885323	99474533	0.0161938285714286
psa	0.000670169	0.00139312	FALSE	0.119529	2025	14	98885323	99474533	0.1846059
crohn	0.00139243	0.00241127	FALSE	0.000438866	2025	14	98885323	99474533	0.00152240162111801
uc	0.00010952	0.00019773	FALSE	0.35225	2025	14	98885323	99474533	0.375501082969432
cad	3.16405e-05	6.14241e-05	FALSE	0.123908	2025	14	98885323	99474533	0.150079986236104
psoriasis	0.00146682	0.00513107	FALSE	1.08917e-10	2026	14	99474534	100786189	2.90445333333333e-09
psa	0.00233144	0.00484649	FALSE	0.00188107	2026	14	99474534	100786189	0.00976149925333333
crohn	0.00307723	0.00532885	FALSE	3.80061e-08	2026	14	99474534	100786189	5.1457956e-07
uc	0.00159704	0.00288331	FALSE	0.000338429	2026	14	99474534	100786189	0.00140489618903592
cad	0.000413267	0.00080228	FALSE	6.43826e-19	2026	14	99474534	100786189	4.46190927878788e-17
psoriasis	0.000917729	0.0032103	FALSE	2.73048e-05	2027	14	100786190	102004377	0.000161584569863014
psa	0.0032155	0.00668424	FALSE	0.000112872	2027	14	100786190	102004377	0.00112352707142857
crohn	0.00234002	0.00405221	FALSE	2.55816e-05	2027	14	100786190	102004377	0.0001400718
uc	0.00104087	0.0018792	FALSE	0.0142821	2027	14	100786190	102004377	0.0287494845096242
cad	0.000120097	0.000233145	FALSE	0.00171732	2027	14	100786190	102004377	0.00403649623843782
psoriasis	0.000720622	0.00252081	FALSE	3.15233e-05	2028	14	102004378	103617472	0.000182547796246649
psa	0.00164245	0.00341426	FALSE	0.00563202	2028	14	102004378	103617472	0.0211990540038685
crohn	0.00126584	0.00219206	FALSE	0.00169514	2028	14	102004378	103617472	0.00476345001257862
uc	0.00133164	0.00240415	FALSE	0.000289495	2028	14	102004378	103617472	0.00123683077821012
cad	7.16962e-05	0.000139185	FALSE	0.0102272	2028	14	102004378	103617472	0.0178618191603053
psoriasis	0.000114067	0.000399017	FALSE	0.160776	2029	14	103617473	104439106	0.201836374201046
psa	0.000147714	0.000307061	FALSE	0.352262	2029	14	103617473	104439106	0.392163530892449
crohn	0.000786212	0.00136148	FALSE	0.00798212	2029	14	103617473	104439106	0.0171297368683958
uc	3.99407e-05	7.21095e-05	FALSE	0.416787	2029	14	103617473	104439106	0.427294235294118
cad	8.80327e-05	0.000170899	FALSE	0.000282512	2029	14	103617473	104439106	0.000912577604519774
psoriasis	8.36012e-05	0.000292445	FALSE	0.249345	2030	14	104439107	105091340	0.287092324093817
psa	0.000891375	0.00185295	FALSE	0.0452721	2030	14	104439107	105091340	0.0935238923566879
crohn	0.000518511	0.000897906	FALSE	0.0640426	2030	14	104439107	105091340	0.0928430683971447
uc	0.000729871	0.00131772	FALSE	0.0100186	2030	14	104439107	105091340	0.0216118326129666
cad	5.83982e-05	0.000113369	FALSE	0.012998	2030	14	104439107	105091340	0.0220358977020015
psoriasis	0.000501038	0.00175268	FALSE	0.000225267	2031	14	105091341	106347143	0.000944809165048544
psa	0.000803315	0.0016699	FALSE	0.0482989	2031	14	105091341	106347143	0.0974996466804979
crohn	0.000963822	0.00166905	FALSE	0.00234279	2031	14	105091341	106347143	0.0062455762052506
uc	0.000935951	0.00168978	FALSE	0.00100449	2031	14	105091341	106347143	0.00345205014084507
cad	3.93843e-05	7.64572e-05	FALSE	0.045763	2031	14	105091341	106347143	0.0650412856521739
psoriasis	5.42541e-05	0.000189786	FALSE	0.162548	2033	14	106876549	107289435	0.20374788863109
crohn	0.000165026	0.000285777	FALSE	0.117431	2033	14	106876549	107289435	0.150857305347901
uc	1.72748e-06	3.11882e-06	FALSE	0.445712	2033	14	106876549	107289435	0.451737568989386
psoriasis	1.26987e-05	4.44211e-05	FALSE	0.355566	2034	15	20000205	22799926	0.378709349112426
psa	2.69297e-05	5.59802e-05	FALSE	0.385862	2034	15	20000205	22799926	0.417159695555556
uc	7.66987e-05	0.000138473	FALSE	0.20522	2034	15	20000205	22799926	0.243470081037277
cad	1.81798e-05	3.52926e-05	FALSE	0.0339007	2034	15	20000205	22799926	0.0506276414490862
psoriasis	0.000334503	0.00117013	FALSE	0.0312356	2035	15	22799927	24099946	0.0544983004846527
psa	0.00179961	0.00374094	FALSE	0.00444798	2035	15	22799927	24099946	0.01803285225
crohn	0.00149651	0.00259151	FALSE	0.000604496	2035	15	22799927	24099946	0.00198303093098385
uc	0.00118219	0.00213434	FALSE	0.00157191	2035	15	22799927	24099946	0.00501731738372093
cad	4.35449e-05	8.45344e-05	FALSE	0.0815995	2035	15	22799927	24099946	0.105732609915014
psoriasis	0.000156506	0.000547472	FALSE	0.0703077	2036	15	24099947	24531187	0.103945675564682
crohn	5.86667e-06	1.01593e-05	FALSE	0.465383	2036	15	24099947	24531187	0.467896319531953
uc	0.000375533	0.000677992	FALSE	0.0576831	2036	15	24099947	24531187	0.0877230523545706
psoriasis	0.000388767	0.00135995	FALSE	0.00597122	2037	15	24531188	25384327	0.0140959947540984
uc	0.000494572	0.000892906	FALSE	0.0617554	2037	15	24531188	25384327	0.0924436662576687
cad	0.000140854	0.000273441	FALSE	3.4771e-06	2037	15	24531188	25384327	2.04424876606684e-05
psoriasis	0.000527139	0.00184398	FALSE	0.00692487	2038	15	25384328	26392947	0.0159347961661342
psa	0.00307665	0.0063956	FALSE	0.00016799	2038	15	25384328	26392947	0.00157926830917874
crohn	0.0023948	0.00414708	FALSE	1.45725e-05	2038	15	25384328	26392947	8.681324e-05
uc	0.00105843	0.00191091	FALSE	0.0121865	2038	15	25384328	26392947	0.0252467490566038
cad	0.00012051	0.000233947	FALSE	0.00148916	2038	15	25384328	26392947	0.00365027751339764
psoriasis	0.000995881	0.00348369	FALSE	3.25335e-06	2039	15	26392948	27563172	2.60268e-05
psa	0.00339802	0.00706366	FALSE	2.73675e-05	2039	15	26392948	27563172	0.000409670423076923
crohn	0.00305415	0.00528887	FALSE	5.4231e-08	2039	15	26392948	27563172	7.04372406976744e-07
uc	0.00174648	0.00315312	FALSE	0.000126931	2039	15	26392948	27563172	0.000663583211401425
cad	0.000177467	0.00034452	FALSE	7.78409e-06	2039	15	26392948	27563172	4.04595768863636e-05
psoriasis	0.000139577	0.000488252	FALSE	0.188557	2040	15	27563173	29141035	0.229584622322435
psa	0.00246469	0.00512349	FALSE	0.000207942	2040	15	27563173	29141035	0.00187646653703704
crohn	0.00105315	0.00182373	FALSE	0.00785351	2040	15	27563173	29141035	0.0169024483044316
uc	0.000123066	0.000222185	FALSE	0.350377	2040	15	27563173	29141035	0.374235356031128
cad	1.27369e-05	2.47263e-05	FALSE	0.321846	2040	15	27563173	29141035	0.335335672892939
psoriasis	0.000997088	0.00348791	FALSE	8.6707e-07	2041	15	29141036	30604119	8.79282253521127e-06
psa	0.00208341	0.0043309	FALSE	0.00271055	2041	15	29141036	30604119	0.0128338936739659
crohn	0.00157582	0.00272884	FALSE	0.000775951	2041	15	29141036	30604119	0.00243124058064516
uc	0.00119555	0.00215847	FALSE	0.00270383	2041	15	29141036	30604119	0.00776158258823529
cad	5.82768e-05	0.000113133	FALSE	0.0455127	2041	15	29141036	30604119	0.0648116717932752
psoriasis	0.000850967	0.00297677	FALSE	4.8725e-06	2042	15	30604120	32177320	3.74540925266904e-05
crohn	0.00168716	0.00292166	FALSE	0.000187176	2042	15	30604120	32177320	0.00074803431842576
cad	6.37867e-05	0.00012383	FALSE	0.0252633	2042	15	30604120	32177320	0.0392774759347383
psa	0.00235505	0.00489557	FALSE	0.000880308	2043	15	32177321	33484267	0.0054383472
crohn	0.00128977	0.0022335	FALSE	0.0038678	2043	15	32177321	33484267	0.00942275376226827
uc	0.000333529	0.000602157	FALSE	0.193954	2043	15	32177321	33484267	0.232363875613748
cad	0.000175011	0.000339752	FALSE	2.47401e-06	2043	15	32177321	33484267	1.54170595912807e-05
psoriasis	0.000674868	0.00236075	FALSE	0.000999775	2044	15	33484268	34410072	0.00315718421052632
psa	0.00255324	0.00530756	FALSE	0.00126901	2044	15	33484268	34410072	0.00726321605882353
crohn	0.00079115	0.00137003	FALSE	0.0652564	2044	15	33484268	34410072	0.094167642995481
uc	0.00152102	0.00274607	FALSE	0.000894496	2044	15	33484268	34410072	0.00315979686173633
cad	0.000189438	0.000367758	FALSE	4.71439e-06	2044	15	33484268	34410072	2.66217529135802e-05
psoriasis	0.000175901	0.000615319	FALSE	0.105289	2045	15	34410073	35118927	0.143939392405063
crohn	0.000177921	0.000308106	FALSE	0.293034	2045	15	34410073	35118927	0.317939755220981
uc	0.000188945	0.000341123	FALSE	0.258714	2045	15	34410073	35118927	0.291351766153846
cad	5.50156e-05	0.000106803	FALSE	0.0226948	2045	15	34410073	35118927	0.0356967039889959
psoriasis	0.000922837	0.00322817	FALSE	3.00702e-06	2046	15	35118928	36583327	2.41455881040892e-05
psa	0.000477519	0.000992645	FALSE	0.236118	2046	15	35118928	36583327	0.294730999358563
crohn	0.00236681	0.00409861	FALSE	2.6068e-06	2046	15	35118928	36583327	2.05780607773852e-05
uc	0.000973189	0.00175701	FALSE	0.0100058	2046	15	35118928	36583327	0.0216054442477876
cad	8.43756e-05	0.000163799	FALSE	0.0083807	2046	15	35118928	36583327	0.0152116356349206
psoriasis	0.00070837	0.00247794	FALSE	0.000399113	2047	15	36583328	37962915	0.00149407986135182
psa	0.000826692	0.00171849	FALSE	0.13536	2047	15	36583328	37962915	0.200855952779893
crohn	0.00212775	0.00368462	FALSE	5.30758e-05	2047	15	36583328	37962915	0.000264668163392857
uc	0.00212942	0.00384448	FALSE	6.55902e-06	2047	15	36583328	37962915	5.69312566007905e-05
cad	9.92583e-05	0.000192691	FALSE	0.00510055	2047	15	36583328	37962915	0.0100300583404987
psoriasis	0.00114279	0.00399759	FALSE	1.18105e-07	2048	15	37962916	39238840	1.55845317073171e-06
psa	0.00263521	0.00547795	FALSE	0.000535326	2048	15	37962916	39238840	0.00380198684671533
crohn	0.00267087	0.00462514	FALSE	7.69635e-07	2048	15	37962916	39238840	7.19399410041841e-06
uc	0.00324559	0.00585962	FALSE	1.09712e-10	2048	15	37962916	39238840	4.46162133333333e-09
cad	0.000189011	0.00036693	FALSE	1.76569e-06	2048	15	37962916	39238840	1.16372709798271e-05
psoriasis	0.000400361	0.0014005	FALSE	0.0171638	2049	15	39238841	40604780	0.0329838149466192
psa	0.000990546	0.0020591	FALSE	0.0823143	2049	15	39238841	40604780	0.14138007749338
crohn	0.00132275	0.00229061	FALSE	0.0037109	2049	15	39238841	40604780	0.0091502766004415
uc	0.00159897	0.0028868	FALSE	0.000176842	2049	15	39238841	40604780	0.000857273801324503
cad	0.000100546	0.000195191	FALSE	0.00294154	2049	15	39238841	40604780	0.00629897189138577
psoriasis	0.000883206	0.00308954	FALSE	1.1846e-06	2050	15	40604781	42332685	1.14229285714286e-05
psa	0.00181714	0.00377739	FALSE	0.00342858	2050	15	40604781	42332685	0.0150609857336343
crohn	0.000968273	0.00167676	FALSE	0.012339	2050	15	40604781	42332685	0.0242439102902375
uc	0.00146177	0.0026391	FALSE	0.000134289	2050	15	40604781	42332685	0.0006858108
cad	0.000187709	0.000364401	FALSE	8.72162e-08	2050	15	40604781	42332685	8.52407903418804e-07
psoriasis	0.000243356	0.000851284	FALSE	0.0625475	2051	15	42332686	44987755	0.0947423562412342
crohn	0.000108789	0.00018839	FALSE	0.372079	2051	15	42332686	44987755	0.388236242763772
uc	0.000442123	0.000798213	FALSE	0.0964055	2051	15	42332686	44987755	0.132482151439299
cad	1.30904e-05	2.54126e-05	FALSE	0.307667	2051	15	42332686	44987755	0.323212875057419
psoriasis	7.80841e-06	2.73146e-05	FALSE	0.456405	2052	15	44987756	46022642	0.461317173607861
psa	6.23196e-05	0.000129547	FALSE	0.431617	2052	15	44987756	46022642	0.447833104477612
crohn	0.000551237	0.000954578	FALSE	0.0556545	2052	15	44987756	46022642	0.083500438549362
uc	0.000861084	0.00155461	FALSE	0.00384597	2052	15	44987756	46022642	0.0102125152599758
cad	4.64422e-06	9.01589e-06	FALSE	0.405709	2052	15	44987756	46022642	0.412380659111111
psoriasis	7.59938e-05	0.000265833	FALSE	0.265811	2053	15	46022643	46884071	0.301685294117647
psa	0.00101431	0.00210849	FALSE	0.0280824	2053	15	46022643	46884071	0.0660802302297461
uc	0.000649098	0.00117189	FALSE	0.0176004	2053	15	46022643	46884071	0.0336091116521739
cad	2.3968e-05	4.65294e-05	FALSE	0.157772	2053	15	46022643	46884071	0.182695981772152
psoriasis	3.73392e-05	0.000130616	FALSE	0.355221	2054	15	46884072	47693316	0.37864149975333
psa	0.000494401	0.00102774	FALSE	0.138212	2054	15	46884072	47693316	0.204067186646434
crohn	1.77766e-05	3.07838e-05	FALSE	0.453904	2054	15	46884072	47693316	0.459104184615385
uc	0.000396893	0.000716555	FALSE	0.0704865	2054	15	46884072	47693316	0.10266838806366
cad	3.17544e-05	6.16451e-05	FALSE	0.0794397	2054	15	46884072	47693316	0.103402728457598
psoriasis	0.00025996	0.000909366	FALSE	0.0640854	2055	15	47693317	49260006	0.0962617969401947
psa	0.000809054	0.00168183	FALSE	0.10843	2055	15	47693317	49260006	0.172142493887531
crohn	0.0012434	0.00215319	FALSE	0.00348907	2055	15	47693317	49260006	0.00876780920134983
uc	0.00079801	0.00144074	FALSE	0.0209048	2055	15	47693317	49260006	0.0387495865092749
cad	0.000154926	0.000300761	FALSE	9.18851e-06	2055	15	47693317	49260006	4.66980497111111e-05
psoriasis	0.000122059	0.000426975	FALSE	0.11803	2056	15	49260007	50195876	0.157276249228871
psa	8.43068e-06	1.75253e-05	FALSE	0.4656	2056	15	49260007	50195876	0.469703265940902
crohn	0.00111707	0.00193442	FALSE	0.000166917	2056	15	49260007	50195876	0.000682953439560439
cad	3.00225e-05	5.82831e-05	FALSE	0.0643985	2056	15	49260007	50195876	0.0869931302421736
psoriasis	0.000289322	0.00101207	FALSE	0.0280891	2057	15	50195877	51605477	0.0496095306623058
psa	0.000330219	0.000686445	FALSE	0.26693	2057	15	50195877	51605477	0.322037061376317
crohn	0.000741016	0.00128322	FALSE	0.0277952	2057	15	50195877	51605477	0.0473281073170732
uc	0.00113524	0.00204958	FALSE	0.000823341	2057	15	50195877	51605477	0.00293992981463415
cad	9.35747e-05	0.000181658	FALSE	0.000990798	2057	15	50195877	51605477	0.0026348314255814
psoriasis	0.000336465	0.00117699	FALSE	0.0278661	2058	15	51605478	53263126	0.049377174733388
psa	0.00010356	0.000215276	FALSE	0.422163	2058	15	51605478	53263126	0.443590279697624
crohn	0.00051348	0.000889194	FALSE	0.117255	2058	15	51605478	53263126	0.150717876869965
uc	0.00101066	0.00182465	FALSE	0.00619605	2058	15	51605478	53263126	0.0149686752475248
cad	5.24892e-05	0.000101898	FALSE	0.0536291	2058	15	51605478	53263126	0.074378260582171
psoriasis	0.000661339	0.00231343	FALSE	0.000155281	2059	15	53263127	54332799	0.000695865062240664
psa	0.0009418	0.00195777	FALSE	0.0737077	2059	15	53263127	54332799	0.130752218960802
crohn	0.00241322	0.00417897	FALSE	4.92737e-07	2059	15	53263127	54332799	4.89233092444444e-06
uc	0.000253254	0.000457229	FALSE	0.235884	2059	15	53263127	54332799	0.27120485026178
cad	6.16591e-05	0.0001197	FALSE	0.0274748	2059	15	53263127	54332799	0.0419458395193592
psoriasis	0.000228002	0.000797573	FALSE	0.0633907	2060	15	54332800	55136717	0.0954838995815899
psa	0.00043869	0.000911929	FALSE	0.213271	2060	15	54332800	55136717	0.27412507661823
crohn	0.000610593	0.00105736	FALSE	0.0562809	2060	15	54332800	55136717	0.0842704628686327
uc	0.00134128	0.00242157	FALSE	0.000159146	2060	15	54332800	55136717	0.000783597793721973
cad	2.02547e-05	3.93207e-05	FALSE	0.22215	2060	15	54332800	55136717	0.244846771084337
psoriasis	0.000488423	0.00170855	FALSE	0.00264697	2061	15	55136718	56322588	0.00718273266331658
psa	0.000982326	0.00204202	FALSE	0.06289	2061	15	55136718	56322588	0.116856185877863
crohn	0.00066799	0.00115676	FALSE	0.0564349	2061	15	55136718	56322588	0.0843314826755853
uc	0.000421108	0.000760273	FALSE	0.120852	2061	15	55136718	56322588	0.159777839855509
cad	6.39102e-05	0.00012407	FALSE	0.0219716	2061	15	55136718	56322588	0.0347744285121107
psoriasis	2.51568e-05	8.80008e-05	FALSE	0.399286	2062	15	56322589	57641164	0.412856754427956
crohn	0.000519681	0.000899933	FALSE	0.0559542	2062	15	56322589	57641164	0.0838374800804829
uc	0.000297624	0.000537334	FALSE	0.139178	2062	15	56322589	57641164	0.178927098888239
cad	4.56491e-05	8.86192e-05	FALSE	0.0313291	2062	15	56322589	57641164	0.047200034057971
psoriasis	0.0001163	0.00040683	FALSE	0.273604	2063	15	57641165	58712954	0.308286197183099
psa	0.00524115	0.0108951	FALSE	6.6573e-09	2063	15	57641165	58712954	6.81847673684211e-07
crohn	0.00128915	0.00223243	FALSE	0.00889326	2063	15	57641165	58712954	0.0186589133896714
uc	0.00172944	0.00312235	FALSE	0.000238871	2063	15	57641165	58712954	0.00105971861818182
cad	0.000315205	0.000611911	FALSE	4.40284e-12	2063	15	57641165	58712954	1.14423807727273e-10
psa	0.000252012	0.000523871	FALSE	0.345089	2064	15	58712955	59901116	0.385944364367816
crohn	0.000829998	0.00143731	FALSE	0.0383122	2064	15	58712955	59901116	0.0617083307858688
cad	8.62039e-05	0.000167349	FALSE	0.00762672	2064	15	58712955	59901116	0.0140324285116653
psoriasis	0.000862305	0.00301643	FALSE	2.39384e-05	2065	15	59901117	61130595	0.000148030354285714
psa	0.00269585	0.00560402	FALSE	0.000399313	2065	15	59901117	61130595	0.00307038960629921
crohn	0.00326602	0.00565578	FALSE	4.99534e-09	2065	15	59901117	61130595	8.999669e-08
uc	0.00202368	0.00365357	FALSE	1.05446e-05	2065	15	59901117	61130595	8.4203424e-05
cad	0.000146119	0.000283663	FALSE	0.000100833	2065	15	59901117	61130595	0.000371943662903226
psoriasis	0.000801319	0.00280309	FALSE	0.000126048	2066	15	61130596	62106138	0.000579284425531915
psa	0.00186379	0.00387436	FALSE	0.0112569	2066	15	61130596	62106138	0.0347852133333333
crohn	0.002973	0.00514835	FALSE	2.00207e-07	2066	15	61130596	62106138	2.19246293137255e-06
uc	0.00131282	0.00237017	FALSE	0.00294156	2066	15	61130596	62106138	0.00833939489690722
cad	0.000195955	0.00038041	FALSE	2.15045e-06	2066	15	61130596	62106138	1.37118709470752e-05
psoriasis	0.00064435	0.002254	FALSE	0.000660664	2067	15	62106139	63218978	0.00223323042253521
psa	0.000211313	0.000439269	FALSE	0.370647	2067	15	62106139	63218978	0.407107153498871
crohn	0.000824206	0.00142728	FALSE	0.0437108	2067	15	62106139	63218978	0.0688160163495419
uc	0.00104632	0.00188903	FALSE	0.00809465	2067	15	62106139	63218978	0.018287912962963
cad	5.59984e-05	0.00010871	FALSE	0.0563228	2067	15	62106139	63218978	0.0775965322891566
psoriasis	0.000406957	0.00142357	FALSE	0.00706967	2068	15	63218979	64339945	0.0161081088607595
psa	0.000765242	0.00159075	FALSE	0.103901	2068	15	63218979	64339945	0.167701310116086
crohn	0.00243704	0.00422022	FALSE	1.42048e-07	2068	15	63218979	64339945	1.61905730612245e-06
uc	5.24573e-05	9.4707e-05	FALSE	0.422912	2068	15	63218979	64339945	0.432362547486034
cad	0.000141111	0.00027394	FALSE	1.41206e-05	2068	15	63218979	64339945	6.78441432773109e-05
psoriasis	7.46813e-05	0.000261243	FALSE	0.295983	2069	15	64339946	66355634	0.32769004613019
psa	0.000768711	0.00159796	FALSE	0.0953235	2069	15	64339946	66355634	0.157202992372881
crohn	0.000973763	0.00168627	FALSE	0.0085664	2069	15	64339946	66355634	0.0181053335856197
uc	0.000174852	0.00031568	FALSE	0.287059	2069	15	64339946	66355634	0.31805326135217
cad	6.55872e-05	0.000127325	FALSE	0.0138853	2069	15	64339946	66355634	0.0233326091844232
psoriasis	0.000773077	0.0027043	FALSE	8.04863e-05	2070	15	66355635	67396520	0.000399656110344828
psa	0.00212884	0.00442534	FALSE	0.00294168	2070	15	66355635	67396520	0.0136623133174224
crohn	0.00185339	0.00320952	FALSE	0.000188511	2070	15	66355635	67396520	0.000750683732620321
uc	0.00216701	0.00391235	FALSE	2.31921e-06	2070	15	66355635	67396520	2.54388573134328e-05
cad	0.000173954	0.000337698	FALSE	5.51305e-06	2070	15	66355635	67396520	3.02966623021583e-05
psoriasis	0.000716719	0.00250715	FALSE	0.000194438	2071	15	67396521	69089815	0.000834962385685885
psa	0.000676428	0.00140613	FALSE	0.165043	2071	15	67396521	69089815	0.23172704040404
crohn	0.00425528	0.00736887	FALSE	1.05649e-13	2071	15	67396521	69089815	5.48883409302326e-12
uc	0.00256363	0.00462841	FALSE	3.73725e-08	2071	15	67396521	69089815	7.52935871559633e-07
cad	0.000385413	0.000748208	FALSE	2.82083e-18	2071	15	67396521	69089815	1.89742300294118e-16
psoriasis	0.00140444	0.00491288	FALSE	3.33903e-09	2072	15	69089816	70767983	6.27156939130435e-08
psa	0.00184609	0.00383758	FALSE	0.0139788	2072	15	69089816	70767983	0.041006381626506
crohn	0.0033457	0.00579375	FALSE	2.12793e-08	2072	15	69089816	70767983	3.10705596078431e-07
uc	0.000975355	0.00176092	FALSE	0.0208423	2072	15	69089816	70767983	0.0387377741335587
cad	0.000206213	0.000400323	FALSE	1.3811e-06	2072	15	69089816	70767983	9.48521231231231e-06
psoriasis	0.000449636	0.00157287	FALSE	0.00713232	2073	15	70767984	72058129	0.0161938285714286
psa	5.10373e-05	0.000106094	FALSE	0.454467	2073	15	70767984	72058129	0.463219319371728
crohn	0.00346914	0.0060075	FALSE	7.78224e-11	2073	15	70767984	72058129	2.71648815e-09
uc	8.96192e-05	0.0001618	FALSE	0.393333	2073	15	70767984	72058129	0.409558685633001
cad	3.30384e-05	6.41379e-05	FALSE	0.151471	2073	15	70767984	72058129	0.176561761977574
psoriasis	0.000108831	0.000380702	FALSE	0.165255	2074	15	72058130	73375718	0.206329942196532
crohn	4.96272e-05	8.59395e-05	FALSE	0.409655	2074	15	72058130	73375718	0.421348651012891
cad	2.13453e-05	4.14379e-05	FALSE	0.155611	2074	15	72058130	73375718	0.18055928817859
psoriasis	0.000479841	0.00167853	FALSE	0.00108224	2075	15	73375719	74458113	0.00336835504322767
psa	0.000329674	0.000685311	FALSE	0.261634	2075	15	73375719	74458113	0.316940067205974
crohn	0.00034821	0.000602995	FALSE	0.161954	2075	15	73375719	74458113	0.195994169014085
uc	0.00075923	0.00137072	FALSE	0.0119978	2075	15	73375719	74458113	0.0250050227703985
cad	0.000137688	0.000267295	FALSE	5.52414e-06	2075	15	73375719	74458113	3.02966623021583e-05
psoriasis	0.000865962	0.00302922	FALSE	1.25134e-06	2076	15	74458114	76401952	1.19597097345133e-05
psa	0.00113856	0.0023668	FALSE	0.0353687	2076	15	74458114	76401952	0.0775084349099099
cad	0.000175535	0.000340769	FALSE	2.57945e-07	2076	15	74458114	76401952	2.16882431985294e-06
psoriasis	4.65032e-05	0.000162672	FALSE	0.31169	2077	15	76401953	77897163	0.341404868154158
psa	0.00115975	0.00241083	FALSE	0.00624894	2077	15	76401953	77897163	0.0225193282222222
crohn	0.000799694	0.00138483	FALSE	0.00451169	2077	15	76401953	77897163	0.010677029088983
uc	0.000249226	0.000449956	FALSE	0.14593	2077	15	76401953	77897163	0.185560092646207
cad	3.54852e-05	6.8888e-05	FALSE	0.0462574	2077	15	76401953	77897163	0.0655862825790453
psa	0.000400259	0.000832042	FALSE	0.1984	2078	15	77897164	78514101	0.260257830188679
crohn	0.00104289	0.00180597	FALSE	0.00180853	2078	15	77897164	78514101	0.00500031685643564
uc	0.000430125	0.000776553	FALSE	0.0675058	2078	15	77897164	78514101	0.0994250414486922
cad	6.57637e-05	0.000127668	FALSE	0.00549425	2078	15	77897164	78514101	0.010621597421809
psoriasis	0.000192195	0.000672315	FALSE	0.0756206	2079	15	78514102	79292536	0.109952134498991
psa	0.0022083	0.00459051	FALSE	0.0001007	2079	15	78514102	79292536	0.00105925513513514
crohn	0.00108067	0.00187141	FALSE	0.00189743	2079	15	78514102	79292536	0.0052202692364532
uc	0.000678634	0.00122521	FALSE	0.015374	2079	15	78514102	79292536	0.030531547920434
cad	0.000628412	0.00121994	FALSE	1.10094e-46	2079	15	78514102	79292536	2.79761086666667e-44
psa	0.000386311	0.000803046	FALSE	0.24665	2080	15	79292537	79998206	0.303977770740975
crohn	0.000453302	0.000784984	FALSE	0.120857	2080	15	79292537	79998206	0.15463604696449
uc	0.00057917	0.00104564	FALSE	0.0489477	2080	15	79292537	79998206	0.076450319487909
cad	0.000157964	0.000306658	FALSE	1.4714e-06	2080	15	79292537	79998206	1.00751251497006e-05
psoriasis	0.000633445	0.00221585	FALSE	0.000456234	2081	15	79998207	81077025	0.00167881676320273
psa	0.000278719	0.000579389	FALSE	0.327882	2081	15	79998207	81077025	0.373570475409836
crohn	0.00226745	0.00392654	FALSE	4.4654e-06	2081	15	79998207	81077025	3.27072249180328e-05
uc	0.000726596	0.00131181	FALSE	0.0356062	2081	15	79998207	81077025	0.0589232970610399
cad	0.000262174	0.000508961	FALSE	4.47223e-11	2081	15	79998207	81077025	1.01267227821782e-09
psoriasis	0.000787649	0.00275527	FALSE	1.8531e-05	2082	15	81077026	82191077	0.00012056313253012
psa	0.0013376	0.00278055	FALSE	0.0234547	2082	15	81077026	82191077	0.0580697788804071
crohn	0.00102376	0.00177285	FALSE	0.0109975	2082	15	81077026	82191077	0.0221736597472924
cad	0.000196077	0.000380646	FALSE	6.32557e-08	2082	15	81077026	82191077	6.42959048444445e-07
psoriasis	9.92817e-06	3.47297e-05	FALSE	0.459043	2083	15	82191078	84209760	0.463333121495327
psa	0.000305321	0.000634688	FALSE	0.301271	2083	15	82191078	84209760	0.350432376569038
crohn	0.000706072	0.00122271	FALSE	0.0481793	2083	15	82191078	84209760	0.074537781301939
uc	0.00177893	0.00321171	FALSE	9.78936e-06	2083	15	82191078	84209760	7.86644067153285e-05
cad	0.000107754	0.000209184	FALSE	0.000667192	2083	15	82191078	84209760	0.00187914791133005
psa	0.00095724	0.00198987	FALSE	0.0527909	2084	15	84209761	85494083	0.103768779191919
crohn	0.000405947	0.000702979	FALSE	0.138395	2084	15	84209761	85494083	0.172242022284123
uc	0.000611512	0.00110403	FALSE	0.037084	2084	15	84209761	85494083	0.0609438453253553
cad	5.47684e-05	0.000106323	FALSE	0.0292928	2084	15	84209761	85494083	0.0444248233421751
psoriasis	0.000396749	0.00138787	FALSE	0.00167878	2085	15	85494084	86341598	0.0049002227027027
psa	0.00124314	0.00258418	FALSE	0.00755277	2085	15	85494084	86341598	0.0261060220603908
uc	0.000703912	0.00127085	FALSE	0.00812734	2085	15	85494084	86341598	0.0183428968550874
cad	5.69497e-05	0.000110557	FALSE	0.0100592	2085	15	85494084	86341598	0.0176822689708141
psoriasis	0.000322885	0.00112948	FALSE	0.0265526	2086	15	86341599	87158587	0.0474781589403973
crohn	0.000468834	0.000811881	FALSE	0.125535	2086	15	86341599	87158587	0.159343857954545
uc	0.000159749	0.000288413	FALSE	0.314529	2086	15	86341599	87158587	0.343462258449304
cad	7.25007e-05	0.000140747	FALSE	0.0117288	2086	15	86341599	87158587	0.0200776688622754
psoriasis	0.000113912	0.000398474	FALSE	0.240178	2087	15	87158588	88035757	0.278216107238606
psa	0.00141585	0.00294322	FALSE	0.0199027	2087	15	87158588	88035757	0.0519874553020134
crohn	0.00186026	0.00322142	FALSE	6.30109e-05	2087	15	87158588	88035757	0.000304030994816415
uc	2.0923e-06	3.77747e-06	FALSE	0.482253	2087	15	87158588	88035757	0.482253
cad	5.56546e-05	0.000108043	FALSE	0.0441	2087	15	87158588	88035757	0.0631538509705698
psoriasis	0.000708586	0.0024787	FALSE	0.000431577	2088	15	88035758	89385187	0.00159898168096055
psa	0.00135686	0.00282057	FALSE	0.0404255	2088	15	88035758	89385187	0.0856017660500544
crohn	0.0003634	0.0006293	FALSE	0.224528	2088	15	88035758	89385187	0.253587235591507
uc	0.00108633	0.00196127	FALSE	0.00875185	2088	15	88035758	89385187	0.0194131945454545
cad	0.000176881	0.000343381	FALSE	8.55805e-06	2088	15	88035758	89385187	4.41811746049661e-05
psoriasis	0.000840941	0.00294169	FALSE	1.67735e-05	2089	15	89385188	90632718	0.000110123890577508
psa	0.0020524	0.00426643	FALSE	0.00297616	2089	15	89385188	90632718	0.013724188056872
crohn	0.00129561	0.0022436	FALSE	0.00389944	2089	15	89385188	90632718	0.00948653530434783
uc	0.00143975	0.00259933	FALSE	0.000494146	2089	15	89385188	90632718	0.0019150126984127
cad	0.000262389	0.000509379	FALSE	7.9606e-11	2089	15	89385188	90632718	1.68573075925926e-09
psoriasis	0.000585046	0.00204655	FALSE	0.000367434	2090	15	90632719	91593623	0.00138955216783217
crohn	0.0014242	0.00246629	FALSE	0.000596992	2090	15	90632719	91593623	0.00196707983480826
uc	0.00109808	0.00198248	FALSE	0.00189318	2090	15	90632719	91593623	0.00579028311977716
cad	0.000493906	0.000958826	FALSE	6.2517e-30	2090	15	90632719	91593623	1.02125985e-27
psoriasis	0.00087794	0.00307112	FALSE	3.09247e-05	2091	15	91593624	92675405	0.000180046770889488
psa	0.0007654	0.00159108	FALSE	0.156772	2091	15	91593624	92675405	0.223336978038067
crohn	0.000792304	0.00137203	FALSE	0.0608158	2091	15	91593624	92675405	0.0893701345167653
uc	0.000339876	0.000613615	FALSE	0.213801	2091	15	91593624	92675405	0.251342074946467
cad	0.000121352	0.000235582	FALSE	0.0011923	2091	15	91593624	92675405	0.00304329252232143
psoriasis	0.00111016	0.00388344	FALSE	7.51584e-07	2092	15	92675406	93707010	7.95794823529412e-06
psa	0.00278525	0.00578985	FALSE	0.000569929	2092	15	92675406	93707010	0.00398897217921147
crohn	0.000713286	0.0012352	FALSE	0.085916	2092	15	92675406	93707010	0.116113940713854
uc	0.00278511	0.00502826	FALSE	5.35185e-08	2092	15	92675406	93707010	1.03093531578947e-06
cad	6.91181e-05	0.00013418	FALSE	0.0386851	2092	15	92675406	93707010	0.0563521170063694
psoriasis	0.000947248	0.00331356	FALSE	1.07428e-05	2093	15	93707011	94565521	7.5759009771987e-05
psa	0.00340443	0.00707698	FALSE	3.4755e-05	2093	15	93707011	94565521	0.000469675208333333
crohn	0.00349866	0.00605864	FALSE	2.05575e-09	2093	15	93707011	94565521	4.21334449541284e-08
uc	0.000776439	0.00140179	FALSE	0.0431819	2093	15	93707011	94565521	0.0688652522875817
cad	6.1638e-05	0.000119659	FALSE	0.0519955	2093	15	93707011	94565521	0.0724641733698964
psoriasis	0.0011667	0.00408121	FALSE	6.45998e-07	2094	15	94565522	95662425	7.08302375634518e-06
psa	0.000537035	0.00111636	FALSE	0.250225	2094	15	94565522	95662425	0.307604453569172
crohn	0.00392294	0.00679336	FALSE	3.57503e-10	2094	15	94565522	95662425	9.73977685365854e-09
uc	0.00095053	0.0017161	FALSE	0.026056	2094	15	94565522	95662425	0.0464817026807474
cad	0.000245755	0.000477087	FALSE	4.33413e-08	2094	15	94565522	95662425	4.58896079166667e-07
psoriasis	0.00112293	0.0039281	FALSE	7.64185e-07	2095	15	95662426	96864278	8.02473553398058e-06
psa	0.00135145	0.00280933	FALSE	0.0490494	2095	15	95662426	96864278	0.0983750096807415
crohn	0.00273753	0.00474058	FALSE	1.85963e-06	2095	15	95662426	96864278	1.55015426119403e-05
uc	0.00355229	0.00641335	FALSE	4.41401e-11	2095	15	95662426	96864278	2.019409575e-09
cad	0.000268826	0.000521875	FALSE	1.59432e-09	2095	15	95662426	96864278	2.4636552972973e-08
psoriasis	0.000607625	0.00212553	FALSE	0.00149559	2096	15	96864279	98025684	0.00443137777777778
psa	0.00193696	0.00402647	FALSE	0.00645121	2096	15	96864279	98025684	0.0230773063602941
crohn	0.00139241	0.00241124	FALSE	0.00339662	2096	15	96864279	98025684	0.00858376592760181
uc	0.000366202	0.000661145	FALSE	0.187537	2096	15	96864279	98025684	0.226032520307355
cad	0.0002403	0.000466497	FALSE	5.44511e-09	2096	15	96864279	98025684	7.32527445294118e-08
psoriasis	0.000289302	0.00101201	FALSE	0.0580726	2097	15	98025685	98828261	0.0897901331424481
psa	0.00286526	0.00595617	FALSE	0.000109466	2097	15	98025685	98828261	0.00110744540932643
crohn	0.00170721	0.00295637	FALSE	0.000338421	2097	15	98025685	98828261	0.00123333199673736
uc	0.00189481	0.00342092	FALSE	1.42492e-05	2097	15	98025685	98828261	0.0001088415375
cad	0.000106696	0.00020713	FALSE	0.00167209	2097	15	98025685	98828261	0.00396599383660807
psoriasis	0.00122689	0.00429179	FALSE	5.66803e-08	2098	15	98828262	99925972	8.00192470588235e-07
psa	0.00283247	0.00588802	FALSE	0.000405955	2098	15	98828262	99925972	0.00309799384313726
crohn	0.00341189	0.00590837	FALSE	5.46849e-09	2098	15	98828262	99925972	9.61937532283464e-08
uc	0.000787004	0.00142087	FALSE	0.042591	2098	15	98828262	99925972	0.0680712052401747
cad	0.000157625	0.000305999	FALSE	7.1834e-05	2098	15	98828262	99925972	0.000279395166666667
psoriasis	0.000429862	0.0015037	FALSE	0.00724847	2099	15	99925973	100742117	0.0163431056367432
psa	0.000455364	0.00094659	FALSE	0.231185	2099	15	99925973	100742117	0.290133418439716
crohn	0.000172478	0.00029868	FALSE	0.32759	2099	15	99925973	100742117	0.348659390185803
uc	0.000885392	0.0015985	FALSE	0.0117825	2099	15	99925973	100742117	0.024689284351145
cad	9.58479e-05	0.000186071	FALSE	0.00224057	2099	15	99925973	100742117	0.00504845673891626
psoriasis	3.38929e-05	0.000118561	FALSE	0.406155	2100	15	100742118	101550750	0.418556679389313
psa	0.00123987	0.00257739	FALSE	0.0360039	2100	15	100742118	101550750	0.0786347804713805
crohn	0.0012039	0.0020848	FALSE	0.00498279	2100	15	100742118	101550750	0.011631716677116
uc	0.000846365	0.00152804	FALSE	0.0174054	2100	15	100742118	101550750	0.0333149268292683
cad	0.000176071	0.000341809	FALSE	1.24068e-06	2100	15	100742118	101550750	8.67717174311926e-06
psoriasis	0.000412009	0.00144125	FALSE	0.0189494	2101	15	101550751	102520975	0.0356228929503917
psa	0.0017424	0.00362203	FALSE	0.0121787	2101	15	101550751	102520975	0.0366872210526316
crohn	0.00200375	0.00346989	FALSE	9.0373e-05	2101	15	101550751	102520975	0.000407042907258065
uc	0.000520008	0.000938828	FALSE	0.109736	2101	15	101550751	102520975	0.147840647852761
cad	7.28771e-05	0.000141477	FALSE	0.0241371	2101	15	101550751	102520975	0.0377575565663475
psoriasis	0.00023358	0.000817086	FALSE	0.0903105	2102	16	60169	1049079	0.126422994167207
psa	0.00120185	0.00249836	FALSE	0.0384433	2102	16	60169	1049079	0.0821192774972558
crohn	0.000702579	0.00121666	FALSE	0.0554834	2102	16	60169	1049079	0.0832996744623656
uc	0.00105141	0.00189824	FALSE	0.00467613	2102	16	60169	1049079	0.0118714236763006
cad	3.94142e-05	7.65152e-05	FALSE	0.107541	2102	16	60169	1049079	0.13462881773399
psa	0.000799641	0.00166226	FALSE	0.107983	2103	16	1049080	1996492	0.17210066994267
crohn	0.000432311	0.000748634	FALSE	0.149989	2103	16	1049080	1996492	0.184208590434305
cad	8.64379e-05	0.000167803	FALSE	0.00478532	2103	16	1049080	1996492	0.00948346626839827
psoriasis	0.000788394	0.00275788	FALSE	6.6769e-05	2104	16	1996493	3379996	0.000341756018957346
psa	0.00170329	0.00354072	FALSE	0.01077	2104	16	1996493	3379996	0.0335298593301435
crohn	0.00247566	0.0042871	FALSE	1.48302e-06	2104	16	1996493	3379996	1.25972117110266e-05
uc	0.00288999	0.00521762	FALSE	1.2423e-09	2104	16	1996493	3379996	3.8423814084507e-08
cad	0.000157096	0.000304973	FALSE	2.03841e-05	2104	16	1996493	3379996	9.15882842829077e-05
psoriasis	0.000801327	0.00280312	FALSE	9.29462e-05	2105	16	3379997	4816145	0.000446099866962306
psa	0.00093126	0.00193586	FALSE	0.10854	2105	16	3379997	4816145	0.172142493887531
crohn	0.00287347	0.00497599	FALSE	2.20723e-07	2105	16	3379997	4816145	2.39366593203883e-06
uc	0.000900475	0.00162573	FALSE	0.0223249	2105	16	3379997	4816145	0.040854567
cad	0.000249913	0.000485159	FALSE	3.1077e-09	2105	16	3379997	4816145	4.41447819875776e-08
psoriasis	0.00107426	0.00375786	FALSE	7.45733e-07	2106	16	4816146	5782968	7.93489300492611e-06
psa	0.00230411	0.00478968	FALSE	0.00224188	2106	16	4816146	5782968	0.0111293328571429
crohn	0.00139887	0.00242242	FALSE	0.00399404	2106	16	4816146	5782968	0.00966704806067172
uc	0.00102033	0.00184212	FALSE	0.0124473	2106	16	4816146	5782968	0.0257142716839135
cad	0.000202885	0.000393863	FALSE	6.35056e-07	2106	16	4816146	5782968	4.8251597076412e-06
psoriasis	0.00104467	0.00365437	FALSE	2.91585e-06	2107	16	5782969	6446081	2.37669283018868e-05
psa	0.00242223	0.00503522	FALSE	0.00200382	2107	16	5782969	6446081	0.0101862175979112
crohn	0.00229226	0.00396952	FALSE	3.08407e-05	2107	16	5782969	6446081	0.000166823544309927
uc	0.000820622	0.00148156	FALSE	0.0383139	2107	16	5782969	6446081	0.0624627501113586
cad	0.000175297	0.000340306	FALSE	1.75443e-05	2107	16	5782969	6446081	8.07320203219316e-05
psoriasis	0.000739736	0.00258767	FALSE	0.000129101	2108	16	6446082	7051429	0.000592055541401274
psa	0.000966329	0.00200876	FALSE	0.0883865	2108	16	6446082	7051429	0.149046905545927
crohn	0.00108694	0.00188226	FALSE	0.012944	2108	16	6446082	7051429	0.0251889337979094
uc	0.00193409	0.00349183	FALSE	1.31416e-05	2108	16	6446082	7051429	0.000101259486315789
cad	7.28631e-05	0.00014145	FALSE	0.020487	2108	16	6446082	7051429	0.0327191124301676
psoriasis	0.000546498	0.0019117	FALSE	0.00358714	2109	16	7051430	7704354	0.00920216437054632
psa	0.00127843	0.00265754	FALSE	0.0469626	2109	16	7051430	7704354	0.0959349442348008
crohn	0.0011173	0.00193483	FALSE	0.0143287	2109	16	7051430	7704354	0.0271734429541596
uc	0.000660602	0.00119266	FALSE	0.0642205	2109	16	7051430	7704354	0.0952773374746793
cad	6.89901e-05	0.000133931	FALSE	0.0314601	2109	16	7051430	7704354	0.0473350320394737
psoriasis	0.000762732	0.00266811	FALSE	5.84022e-05	2110	16	7704355	8341012	0.000309188117647059
psa	0.000776599	0.00161436	FALSE	0.12793	2110	16	7704355	8341012	0.193586143079316
crohn	0.00186497	0.00322957	FALSE	9.97849e-05	2110	16	7704355	8341012	0.00044494903512974
uc	0.00137267	0.00247823	FALSE	0.000715835	2110	16	7704355	8341012	0.00261559677204659
cad	0.000119888	0.00023274	FALSE	0.000489254	2110	16	7704355	8341012	0.00143451781794872
psoriasis	0.000767415	0.00268449	FALSE	5.78387e-05	2111	16	8341013	9104469	0.000307713280788177
psa	0.00376941	0.00783568	FALSE	1.14319e-06	2111	16	8341013	9104469	5.17359939534884e-05
crohn	0.00140948	0.00244079	FALSE	0.00195589	2111	16	8341013	9104469	0.00535377963280294
uc	0.000900137	0.00162512	FALSE	0.0151476	2111	16	8341013	9104469	0.0301578690843155
cad	4.91872e-05	9.54877e-05	FALSE	0.0726333	2111	16	8341013	9104469	0.0959078274249423
crohn	0.000410007	0.000710009	FALSE	0.15529	2112	16	9104470	9754796	0.189883886152162
uc	0.00104113	0.00187967	FALSE	0.00363344	2112	16	9104470	9754796	0.00971867751522533
cad	1.05359e-05	2.04535e-05	FALSE	0.348529	2112	16	9104470	9754796	0.360020696928636
psoriasis	0.000244778	0.000856256	FALSE	0.0459171	2113	16	9754797	10351808	0.074404303075769
uc	0.000128883	0.000232687	FALSE	0.325055	2113	16	9754797	10351808	0.353201771400297
cad	2.85279e-05	5.53816e-05	FALSE	0.138305	2113	16	9754797	10351808	0.164398926715177
psoriasis	0.000895573	0.0031328	FALSE	2.14027e-06	2114	16	10351809	11022542	1.83451714285714e-05
psa	0.00177022	0.00367985	FALSE	0.00531082	2114	16	10351809	11022542	0.020145917582846
crohn	0.001591	0.00275514	FALSE	0.000352177	2114	16	10351809	11022542	0.00127307996440129
uc	0.00158419	0.00286012	FALSE	7.52345e-05	2114	16	10351809	11022542	0.000441751235294118
cad	3.01874e-05	5.86032e-05	FALSE	0.162581	2114	16	10351809	11022542	0.187696779909137
psoriasis	0.00221687	0.00775481	FALSE	1.22666e-22	2115	16	11022543	11916631	9.46280571428571e-21
psa	0.00157853	0.00328138	FALSE	0.0100551	2115	16	11022543	11916631	0.0321300896551724
crohn	0.00378003	0.00654588	FALSE	6.82367e-13	2115	16	11022543	11916631	3.24342101702128e-11
uc	0.00194454	0.0035107	FALSE	2.57117e-06	2115	16	11022543	11916631	2.74091714563107e-05
cad	9.23305e-05	0.000179242	FALSE	0.00284754	2115	16	11022543	11916631	0.00614950328611898
psoriasis	0.000404446	0.00141479	FALSE	0.0161368	2116	16	11916632	12793149	0.0314013405405405
psa	0.00157096	0.00326564	FALSE	0.0159594	2116	16	11916632	12793149	0.0447507095100865
crohn	0.00120946	0.00209442	FALSE	0.00643943	2116	16	11916632	12793149	0.0144289735406219
uc	0.00220834	0.00398697	FALSE	9.35071e-07	2116	16	11916632	12793149	1.18694561618497e-05
cad	0.000144872	0.000281242	FALSE	6.15015e-05	2116	16	11916632	12793149	0.000242925613989637
psoriasis	0.00054108	0.00189275	FALSE	0.00239045	2117	16	12793150	13893407	0.00657754394904459
psa	0.000250322	0.000520358	FALSE	0.345972	2117	16	12793150	13893407	0.386709656519242
crohn	0.00246543	0.00426938	FALSE	1.31501e-06	2117	16	12793150	13893407	1.16115902766798e-05
uc	0.00104085	0.00187916	FALSE	0.00694706	2117	16	12793150	13893407	0.0163864057572503
cad	0.000133205	0.000258592	FALSE	0.000169493	2117	16	12793150	13893407	0.000592071528963415
psoriasis	0.000570279	0.00199489	FALSE	0.00139859	2118	16	13893408	15921108	0.00416109421487603
psa	0.00147275	0.00306149	FALSE	0.0186248	2118	16	13893408	15921108	0.0495812049247606
crohn	0.000842021	0.00145813	FALSE	0.0329249	2118	16	13893408	15921108	0.054203556816507
uc	0.00231351	0.00417684	FALSE	1.85177e-07	2118	16	13893408	15921108	3.03469173134328e-06
cad	0.000234646	0.000455521	FALSE	1.40551e-09	2118	16	13893408	15921108	2.23222317361111e-08
psoriasis	0.000607492	0.00212507	FALSE	0.000686156	2119	16	15921109	17343277	0.00230139279503106
psa	0.00250571	0.00520876	FALSE	0.000383729	2119	16	15921109	17343277	0.00299894230522088
crohn	0.00153066	0.00265065	FALSE	0.000782751	2119	16	15921109	17343277	0.00244911167226891
uc	0.00155006	0.00279849	FALSE	0.000161925	2119	16	15921109	17343277	0.000794682401785714
cad	8.71629e-05	0.00016921	FALSE	0.00604152	2119	16	15921109	17343277	0.0114910818786367
psoriasis	0.000158924	0.000555931	FALSE	0.163327	2120	16	17343278	19104257	0.204395318655852
psa	0.00138107	0.0028709	FALSE	0.0191609	2120	16	17343278	19104257	0.0505930955223881
crohn	8.98839e-05	0.000155652	FALSE	0.398602	2120	16	17343278	19104257	0.411876442183164
uc	0.0014382	0.00259655	FALSE	0.000206633	2120	16	17343278	19104257	0.000961536279661017
cad	4.5103e-07	8.75591e-07	FALSE	0.477995	2120	16	17343278	19104257	0.477995
psoriasis	0.000198032	0.000692734	FALSE	0.13182	2121	16	19104258	20351261	0.171628209764919
psa	0.00227803	0.00473547	FALSE	0.00116797	2121	16	19104258	20351261	0.00674442023738872
crohn	0.000745683	0.0012913	FALSE	0.0529422	2121	16	19104258	20351261	0.0801849998644068
uc	0.00197666	0.00356869	FALSE	5.88823e-06	2121	16	19104258	20351261	5.2563223902439e-05
cad	0.00028632	0.000555837	FALSE	2.40181e-12	2121	16	19104258	20351261	6.8661743375e-11
psa	0.000471847	0.000980854	FALSE	0.215842	2122	16	20351262	22667048	0.276516479262673
crohn	0.00107696	0.00186497	FALSE	0.00670789	2122	16	20351262	22667048	0.0148664943055556
uc	0.000150709	0.000272091	FALSE	0.322106	2122	16	20351262	22667048	0.350517728444004
cad	0.000202393	0.000392909	FALSE	1.33628e-08	2122	16	20351262	22667048	1.63283284574468e-07
psoriasis	0.000757164	0.00264863	FALSE	0.000102545	2123	16	22667049	24014705	0.000481515652173913
psa	0.00356555	0.00741191	FALSE	5.03597e-06	2123	16	22667049	24014705	0.000134246542739726
crohn	0.00175875	0.00304563	FALSE	0.000290164	2123	16	22667049	24014705	0.00108114802333333
uc	0.00275056	0.00496589	FALSE	6.51964e-09	2123	16	22667049	24014705	1.70442017142857e-07
cad	0.000104397	0.000202666	FALSE	0.00228907	2123	16	22667049	24014705	0.00513245400980392
psoriasis	0.00124798	0.00436555	FALSE	1.64839e-08	2124	16	24014706	25235251	2.61803117647059e-07
psa	0.00240649	0.00500251	FALSE	0.00140289	2124	16	24014706	25235251	0.0078000684
crohn	0.00268344	0.00464691	FALSE	8.4309e-07	2124	16	24014706	25235251	7.71911090163934e-06
uc	0.0012305	0.00222156	FALSE	0.00355104	2124	16	24014706	25235251	0.00961146574938575
cad	0.000154923	0.000300755	FALSE	5.54953e-05	2124	16	24014706	25235251	0.000220343317881944
psoriasis	0.000134742	0.000471342	FALSE	0.213001	2125	16	25235252	26154122	0.252829186813187
psa	0.000523923	0.00108911	FALSE	0.213972	2125	16	25235252	26154122	0.274663266490765
crohn	7.46371e-05	0.000129249	FALSE	0.418604	2125	16	25235252	26154122	0.428973089908257
uc	0.00100431	0.0018132	FALSE	0.00777728	2125	16	25235252	26154122	0.0176983490984456
cad	0.000148675	0.000288625	FALSE	3.12682e-05	2125	16	25235252	26154122	0.000132672306864564
psoriasis	0.000552718	0.00193346	FALSE	0.00578068	2126	16	26154123	27443061	0.0137665587651599
psa	0.00251968	0.0052378	FALSE	0.0018135	2126	16	26154123	27443061	0.00954188666666667
crohn	0.0020421	0.00353631	FALSE	0.00020939	2126	16	26154123	27443061	0.000819224623467601
uc	0.00310574	0.00560715	FALSE	5.00166e-09	2126	16	26154123	27443061	1.37295567e-07
cad	0.000125022	0.000242708	FALSE	0.00142705	2126	16	26154123	27443061	0.00353976502169197
psoriasis	0.000721061	0.00252234	FALSE	3.00256e-05	2127	16	27443062	29043177	0.000176237217391304
psa	0.00242282	0.00503646	FALSE	0.000184434	2127	16	27443062	29043177	0.00171726585645933
crohn	0.00272223	0.00471409	FALSE	9.18514e-09	2127	16	27443062	29043177	1.50879432058824e-07
uc	0.00111113	0.00200604	FALSE	0.00171741	2127	16	27443062	29043177	0.00538776051428571
cad	0.000160132	0.000310866	FALSE	1.57245e-06	2127	16	27443062	29043177	1.06891122551929e-05
psoriasis	0.00126181	0.00441394	FALSE	3.55471e-11	2128	16	29043178	31384210	1.03759102702703e-09
psa	0.00088251	0.00183452	FALSE	0.0695075	2128	16	29043178	31384210	0.125010716266174
crohn	0.000566385	0.00098081	FALSE	0.073124	2128	16	29043178	31384210	0.102741519496855
uc	0.000964502	0.00174132	FALSE	0.0040164	2128	16	29043178	31384210	0.010562891497006
cad	0.000137629	0.000267182	FALSE	1.34054e-05	2128	16	29043178	31384210	6.48163843551797e-05
crohn	0.000175669	0.000304206	FALSE	0.174982	2129	16	31384211	32847928	0.208707841964762
psoriasis	1.654e-05	5.78584e-05	FALSE	0.355327	2130	16	32847929	35259453	0.37864149975333
cad	2.22006e-05	4.30982e-05	FALSE	0.0303416	2130	16	32847929	35259453	0.045833050990753
psoriasis	0.00016708	0.000584461	FALSE	0.116634	2131	16	35259454	49010761	0.15560805435454
crohn	0.000415708	0.000719882	FALSE	0.118791	2131	16	35259454	49010761	0.152340087205967
cad	2.40617e-05	4.67113e-05	FALSE	0.171407	2131	16	35259454	49010761	0.196101955477739
psoriasis	0.000579625	0.00202759	FALSE	0.0020383	2132	16	49010762	50467033	0.00574019295958279
psa	0.00212415	0.0044156	FALSE	0.0033573	2132	16	49010762	50467033	0.0149846463302752
crohn	0.0169084	0.0292804	FALSE	7.29767e-91	2132	16	49010762	50467033	5.43433159333333e-88
uc	0.0030995	0.00559587	FALSE	4.10133e-10	2132	16	49010762	50467033	1.45266462580645e-08
cad	0.000148153	0.000287611	FALSE	8.13998e-05	2132	16	49010762	50467033	0.000310786882470785
psoriasis	0.00101268	0.00354243	FALSE	3.00295e-06	2133	16	50467034	52041336	2.41455881040892e-05
psa	0.00221006	0.00459418	FALSE	0.00357009	2133	16	50467034	52041336	0.0154648749445676
crohn	0.0422237	0.0731188	FALSE	3.61143e-288	2133	16	50467034	52041336	8.06793462e-285
uc	0.00437178	0.00789287	FALSE	1.53997e-15	2133	16	50467034	52041336	1.46153865e-13
cad	0.000176459	0.000342562	FALSE	1.19623e-05	2133	16	50467034	52041336	5.92184493506493e-05
psoriasis	0.00026388	0.000923077	FALSE	0.0536589	2134	16	52041337	53393882	0.0844751930080117
psa	0.000640329	0.00133109	FALSE	0.149526	2134	16	52041337	53393882	0.2165011875
crohn	0.000719923	0.00124669	FALSE	0.0436809	2134	16	52041337	53393882	0.0688160163495419
uc	0.000908245	0.00163976	FALSE	0.00860876	2134	16	52041337	53393882	0.0192119010761421
cad	0.000137611	0.000267147	FALSE	3.09967e-05	2134	16	52041337	53393882	0.000131764782342007
psoriasis	0.00140472	0.00491384	FALSE	5.31129e-09	2135	16	53393883	54866095	9.17790912e-08
psa	0.00153933	0.00319989	FALSE	0.0338458	2135	16	53393883	54866095	0.0751013988597491
crohn	0.00246546	0.00426943	FALSE	1.74786e-05	2135	16	53393883	54866095	0.000101421278961039
uc	0.000705906	0.00127445	FALSE	0.0691714	2135	16	53393883	54866095	0.101256785628743
cad	0.000208161	0.000404106	FALSE	1.55947e-06	2135	16	53393883	54866095	1.06462922089552e-05
psoriasis	0.00047634	0.00166628	FALSE	0.00777475	2136	16	54866096	55907389	0.0172755823227133
psa	0.00147956	0.00307565	FALSE	0.0244421	2136	16	54866096	55907389	0.0599802353089533
crohn	0.000903208	0.00156409	FALSE	0.0324279	2136	16	54866096	55907389	0.0537019485544848
uc	0.00193892	0.00350055	FALSE	1.6706e-05	2136	16	54866096	55907389	0.000125638273972603
cad	0.000313847	0.000609276	FALSE	2.735e-13	2136	16	54866096	55907389	9.33573880597015e-12
psoriasis	0.00079978	0.00279771	FALSE	3.60536e-05	2137	16	55907390	57119889	0.0002028015
psa	0.00177898	0.00369806	FALSE	0.00825359	2137	16	55907390	57119889	0.0277880383044983
crohn	0.00185725	0.00321621	FALSE	0.000133839	2137	16	55907390	57119889	0.000567355457305503
uc	0.00223719	0.00403905	FALSE	7.55182e-07	2137	16	55907390	57119889	1.01741084171779e-05
cad	0.00015633	0.000303486	FALSE	2.11152e-05	2137	16	55907390	57119889	9.43028623781676e-05
psoriasis	0.00120874	0.00422829	FALSE	1.18327e-07	2138	16	57119890	58508978	1.55845317073171e-06
psa	0.000870339	0.00180922	FALSE	0.134777	2138	16	57119890	58508978	0.200363668449198
crohn	0.00144792	0.00250737	FALSE	0.00425082	2138	16	57119890	58508978	0.0101673788865096
uc	0.00162967	0.00294223	FALSE	0.000475246	2138	16	57119890	58508978	0.00185371263943162
cad	0.000227801	0.000442233	FALSE	1.15116e-07	2138	16	57119890	58508978	1.08789376859504e-06
psoriasis	8.77066e-05	0.000306806	FALSE	0.286315	2139	16	58508979	59885499	0.318948117586385
crohn	0.00135095	0.00233944	FALSE	0.00173692	2139	16	58508979	59885499	0.00486250536340852
uc	0.00147279	0.002659	FALSE	0.000195104	2139	16	58508979	59885499	0.000925374479481642
cad	0.000126188	0.000244971	FALSE	0.000156631	2139	16	58508979	59885499	0.000551949302003082
psoriasis	0.000520971	0.00182241	FALSE	0.00104797	2140	16	59885500	61092844	0.0032997306122449
psa	0.00196926	0.00409361	FALSE	0.00144834	2140	16	59885500	61092844	0.0079617786440678
uc	0.00145681	0.00263015	FALSE	9.93712e-05	2140	16	59885500	61092844	0.000545547888
cad	1.00157e-05	1.94437e-05	FALSE	0.34946	2140	16	59885500	61092844	0.360656597472924
psoriasis	0.000229965	0.000804441	FALSE	0.074193	2141	16	61092845	62607090	0.108428200270636
crohn	0.00141228	0.00244565	FALSE	0.000671943	2141	16	61092845	62607090	0.00216924951156069
uc	0.000178913	0.000323012	FALSE	0.290725	2141	16	61092845	62607090	0.321466314199396
cad	9.67733e-06	1.87867e-05	FALSE	0.354809	2141	16	61092845	62607090	0.365681921135647
psoriasis	0.000419783	0.00146844	FALSE	0.00853296	2142	16	62607091	64207176	0.0186361917087968
psa	0.000125963	0.000261846	FALSE	0.40712	2142	16	62607091	64207176	0.432283485558583
crohn	0.00133123	0.00230529	FALSE	0.00191117	2142	16	62607091	64207176	0.00525160366543665
cad	0.000103291	0.00020052	FALSE	0.00122613	2142	16	62607091	64207176	0.00311573256666667
psoriasis	0.000284879	0.000996534	FALSE	0.0120531	2143	16	64207177	65072403	0.0247053586337761
psa	0.000917592	0.00190745	FALSE	0.0285198	2143	16	64207177	65072403	0.0667061668269231
crohn	8.37962e-05	0.00014511	FALSE	0.368102	2143	16	64207177	65072403	0.384630434050515
uc	0.000186728	0.000337121	FALSE	0.225489	2143	16	64207177	65072403	0.261858193548387
cad	8.20087e-06	1.59205e-05	FALSE	0.334478	2143	16	64207177	65072403	0.346916637641723
psoriasis	0.000395488	0.00138345	FALSE	0.0047467	2144	16	65072404	65882820	0.0116114065685164
crohn	0.000230508	0.000399171	FALSE	0.24801	2144	16	65072404	65882820	0.276474221556886
psoriasis	0.000815986	0.0028544	FALSE	1.13292e-05	2145	16	65882821	66738843	7.79333503184713e-05
psa	0.00210658	0.00437907	FALSE	0.00157505	2145	16	65882821	66738843	0.00851526355555556
crohn	0.000127936	0.000221547	FALSE	0.368082	2145	16	65882821	66738843	0.384630434050515
uc	0.0020271	0.00365975	FALSE	1.73559e-06	2145	16	65882821	66738843	1.97479566839378e-05
cad	2.59096e-05	5.02986e-05	FALSE	0.199591	2145	16	65882821	66738843	0.223538010284035
psoriasis	0.000595228	0.00208217	FALSE	2.22499e-05	2146	16	66738844	68435728	0.00013930372173913
psa	0.000325866	0.000677397	FALSE	0.231242	2146	16	66738844	68435728	0.290133418439716
crohn	5.49779e-05	9.52053e-05	FALSE	0.407147	2146	16	66738844	68435728	0.419735301338256
uc	0.0010046	0.00181372	FALSE	0.000548877	2146	16	66738844	68435728	0.00208535275432526
cad	8.64969e-05	0.000167918	FALSE	0.000433755	2146	16	66738844	68435728	0.00130183423228346
psoriasis	0.000193584	0.000677175	FALSE	0.0690967	2147	16	68435729	69549149	0.102906806340455
psa	5.3239e-05	0.000110671	FALSE	0.436821	2147	16	68435729	69549149	0.45095685198939
crohn	0.000587141	0.00101675	FALSE	0.0420241	2147	16	68435729	69549149	0.066582864822695
uc	0.00198906	0.00359107	FALSE	1.95133e-08	2147	16	68435729	69549149	4.16031133980583e-07
cad	6.03673e-05	0.000117192	FALSE	0.0100297	2147	16	68435729	69549149	0.0176581400307929
psoriasis	0.000481103	0.00168294	FALSE	0.000310241	2148	16	69549150	71062712	0.00120705928057554
crohn	0.00014008	0.000242577	FALSE	0.308368	2148	16	69549150	71062712	0.331199092307692
uc	0.000783995	0.00141543	FALSE	0.00449949	2148	16	69549150	71062712	0.0114996604186047
cad	4.5359e-05	8.80559e-05	FALSE	0.0299717	2148	16	69549150	71062712	0.0453641812706817
psoriasis	0.000458481	0.00160381	FALSE	0.000278397	2149	16	71062713	72089511	0.00110539985294118
crohn	0.000282175	0.000488643	FALSE	0.161563	2149	16	71062713	72089511	0.195733048806941
uc	0.000535945	0.000967602	FALSE	0.0244572	2149	16	71062713	72089511	0.04402296
cad	0.000106889	0.000207505	FALSE	1.97609e-05	2149	16	71062713	72089511	8.91384187376726e-05
psoriasis	0.000693276	0.00242515	FALSE	2.76199e-05	2150	16	72089512	73140781	0.00016300268852459
psa	0.00154402	0.00320964	FALSE	0.00668137	2150	16	72089512	73140781	0.0237261788686131
crohn	0.000801922	0.00138869	FALSE	0.0222617	2150	16	72089512	73140781	0.0395645487669053
uc	0.00119999	0.00216648	FALSE	0.00060712	2150	16	72089512	73140781	0.00227127005110733
cad	0.000263333	0.000511211	FALSE	3.47981e-13	2150	16	72089512	73140781	1.17034198088235e-11
psoriasis	0.000439277	0.00153663	FALSE	0.0166054	2151	16	73140782	74135275	0.032056600536193
psa	0.00294607	0.00612417	FALSE	0.00024167	2151	16	73140782	74135275	0.00210892295964126
crohn	0.00250027	0.00432972	FALSE	5.64831e-06	2151	16	73140782	74135275	3.94322641875e-05
uc	0.00165905	0.00299527	FALSE	0.000300378	2151	16	73140782	74135275	0.001266084621881
cad	2.94002e-05	5.70751e-05	FALSE	0.208613	2151	16	73140782	74135275	0.232164443309002
psoriasis	0.000282596	0.000988549	FALSE	0.0200101	2152	16	74135276	74889127	0.0371960550774527
psa	0.00044659	0.000928351	FALSE	0.181409	2152	16	74135276	74889127	0.246509176552687
crohn	8.64448e-05	0.000149697	FALSE	0.377286	2152	16	74135276	74889127	0.392757187325256
uc	0.000481581	0.000869452	FALSE	0.0534432	2152	16	74135276	74889127	0.0825906173117523
psoriasis	7.83955e-05	0.000274235	FALSE	0.243124	2153	16	74889128	75525959	0.281278971612212
psa	0.0012415	0.00258078	FALSE	0.00761109	2153	16	74889128	75525959	0.0262144798938053
crohn	0.00068076	0.00117887	FALSE	0.0188773	2153	16	74889128	75525959	0.0342336926948052
uc	0.000443296	0.000800333	FALSE	0.055184	2153	16	74889128	75525959	0.0845666880669923
cad	0.00016742	0.000325014	FALSE	5.69486e-09	2153	16	74889128	75525959	7.61645895906433e-08
crohn	0.000699931	0.00121207	FALSE	0.0406418	2154	16	75525960	76635467	0.0647140279401283
uc	0.000356891	0.000644335	FALSE	0.144262	2154	16	75525960	76635467	0.183758324825986
cad	0.00014605	0.00028353	FALSE	6.05167e-06	2154	16	75525960	76635467	3.26419087028302e-05
psoriasis	0.000217019	0.000759152	FALSE	0.0463999	2155	16	76635468	77270665	0.075073995505618
crohn	0.00122726	0.00212526	FALSE	0.000388546	2155	16	76635468	77270665	0.00137929287619048
uc	0.000610346	0.00110193	FALSE	0.0199754	2155	16	76635468	77270665	0.0373964010230179
cad	1.14683e-05	2.22636e-05	FALSE	0.295922	2155	16	76635468	77270665	0.312886552935737
psoriasis	0.000280234	0.000980285	FALSE	0.0341532	2156	16	77270666	77739132	0.0584555562599049
crohn	0.000545506	0.000944653	FALSE	0.077764	2156	16	77270666	77739132	0.107569520743034
uc	0.000604866	0.00109203	FALSE	0.0391059	2156	16	77270666	77739132	0.063612264
psoriasis	0.000609701	0.00213279	FALSE	0.000758711	2157	16	77739133	78280636	0.00249819475609756
psa	0.00140091	0.00291215	FALSE	0.0242353	2157	16	77739133	78280636	0.0596231274336283
crohn	0.000640175	0.00110859	FALSE	0.0784155	2157	16	77739133	78280636	0.108135942592593
uc	0.00146435	0.00264376	FALSE	0.000344808	2157	16	77739133	78280636	0.00142867616603774
cad	3.74036e-05	7.26121e-05	FALSE	0.126647	2157	16	77739133	78280636	0.152764603902954
psoriasis	0.000844272	0.00295335	FALSE	5.80281e-05	2158	16	78280637	78973580	0.000307962398034398
crohn	0.00116924	0.00202477	FALSE	0.0133249	2158	16	78280637	78973580	0.0257284585998271
uc	0.001976	0.00356749	FALSE	2.94228e-05	2158	16	78280637	78973580	0.00020128494953271
psoriasis	0.00152546	0.00533619	FALSE	1.05006e-09	2159	16	78973581	79662634	2.22365647058824e-08
psa	0.00437449	0.00909349	FALSE	1.76977e-06	2159	16	78973581	79662634	6.98423292e-05
crohn	0.00333718	0.005779	FALSE	5.91416e-08	2159	16	78973581	79662634	7.5932376091954e-07
uc	0.00206649	0.00373087	FALSE	4.83957e-05	2159	16	78973581	79662634	0.000305393555172414
cad	0.000152048	0.000295172	FALSE	0.000275089	2159	16	78973581	79662634	0.000893648498579546
psa	0.000746617	0.00155203	FALSE	0.142794	2160	16	79662635	80559685	0.208930168421053
crohn	0.00196094	0.00339575	FALSE	7.06552e-05	2160	16	79662635	80559685	0.00033230256168421
uc	0.00152044	0.00274503	FALSE	0.000317296	2160	16	79662635	80559685	0.00133227918929254
cad	3.26865e-05	6.34548e-05	FALSE	0.164379	2160	16	79662635	80559685	0.189451162720403
psoriasis	0.000175798	0.000614959	FALSE	0.169561	2161	16	80559686	81437861	0.210368615738082
psa	0.000903975	0.00187914	FALSE	0.10753	2161	16	80559686	81437861	0.171932290163934
crohn	0.000955405	0.00165448	FALSE	0.0264926	2161	16	80559686	81437861	0.0455966628659476
uc	0.000815498	0.00147231	FALSE	0.0294209	2161	16	80559686	81437861	0.051033409478673
cad	0.000112233	0.000217879	FALSE	0.00152359	2161	16	80559686	81437861	0.00371873034151548
psoriasis	0.00113974	0.00398693	FALSE	5.24654e-07	2162	16	81437862	82310204	5.93325989528796e-06
psa	0.00115667	0.00240443	FALSE	0.0759539	2162	16	81437862	82310204	0.133640406329114
crohn	0.00312731	0.00541557	FALSE	9.73578e-08	2162	16	81437862	82310204	1.16934045806452e-06
uc	0.00356907	0.00644364	FALSE	3.4718e-11	2162	16	81437862	82310204	1.65740713043478e-09
cad	0.000538202	0.00104482	FALSE	7.49173e-26	2162	16	81437862	82310204	9.01767711052632e-24
psoriasis	0.000666546	0.00233164	FALSE	0.00111147	2163	16	82310205	83077869	0.00344938965517241
psa	0.00130378	0.00271024	FALSE	0.0533712	2163	16	82310205	83077869	0.104277465060241
crohn	0.00199811	0.00346012	FALSE	0.000212338	2163	16	82310205	83077869	0.000829306104895105
uc	0.0016256	0.00293487	FALSE	0.000488037	2163	16	82310205	83077869	0.00189864993982301
cad	0.000298617	0.000579708	FALSE	3.6842e-11	2163	16	82310205	83077869	8.51087414141414e-10
psoriasis	0.000411729	0.00144027	FALSE	0.0258325	2164	16	83077870	83778371	0.0463413134328358
psa	0.00397488	0.00826282	FALSE	4.73741e-06	2164	16	83077870	83778371	0.000130325241666667
crohn	0.0015379	0.00266318	FALSE	0.00290014	2164	16	83077870	83778371	0.00750743077636153
uc	0.000814384	0.0014703	FALSE	0.041598	2164	16	83077870	83778371	0.0667757368421053
cad	0.000195469	0.000379467	FALSE	3.45165e-06	2164	16	83077870	83778371	2.03977352713178e-05
psoriasis	0.00115526	0.0040412	FALSE	7.44644e-07	2165	16	83778372	84440154	7.93489300492611e-06
psa	0.00234357	0.00487172	FALSE	0.00376879	2165	16	83778372	84440154	0.0159100907592191
crohn	0.00217377	0.00376432	FALSE	0.000123045	2165	16	83778372	84440154	0.000525588011472275
uc	0.0027698	0.00500063	FALSE	1.62646e-07	2165	16	83778372	84440154	2.7264932519084e-06
cad	0.000197976	0.000384333	FALSE	4.82948e-06	2165	16	83778372	84440154	2.70711293137255e-05
psoriasis	0.000979253	0.00342552	FALSE	1.23524e-05	2166	16	84440155	85146805	8.36400752351097e-05
psa	0.00462372	0.00961158	FALSE	2.91667e-07	2166	16	84440155	85146805	1.77369994375e-05
crohn	0.00400141	0.00692925	FALSE	1.11354e-10	2166	16	84440155	85146805	3.60528747826087e-09
uc	0.000788001	0.00142267	FALSE	0.048848	2166	16	84440155	85146805	0.0763489024911032
cad	0.000146604	0.000284604	FALSE	0.000292121	2166	16	84440155	85146805	0.000935687292717087
psoriasis	0.00141637	0.0049546	FALSE	2.9748e-09	2167	16	85146806	86058597	5.68634336283186e-08
psa	0.00212399	0.00441525	FALSE	0.00584518	2167	16	85146806	86058597	0.0216249434980989
crohn	0.00370488	0.00641574	FALSE	8.7653e-10	2167	16	85146806	86058597	2.17574224444444e-08
uc	0.00353795	0.00638746	FALSE	4.77376e-11	2167	16	85146806	86058597	2.13942386938775e-09
cad	0.000189641	0.000368153	FALSE	5.75995e-06	2167	16	85146806	86058597	3.12897996437055e-05
psoriasis	0.000898953	0.00314462	FALSE	0.000110671	2168	16	86058598	86748867	0.00051408464516129
psa	0.00374668	0.00778843	FALSE	4.21836e-05	2168	16	86058598	86748867	0.000526213369230769
crohn	0.00282916	0.00489925	FALSE	4.04824e-06	2168	16	86058598	86748867	3.01458938666667e-05
uc	0.00315433	0.00569486	FALSE	1.74022e-08	2168	16	86058598	86748867	3.86012436363636e-07
cad	0.000366138	0.000710789	FALSE	2.1203e-13	2168	16	86058598	86748867	7.34716075757576e-12
psoriasis	0.0012037	0.00421065	FALSE	2.01421e-07	2169	16	86748868	87669168	2.55923152941176e-06
psa	0.00100056	0.00207992	FALSE	0.106528	2169	16	86748868	87669168	0.171090650165016
crohn	0.00148349	0.00256896	FALSE	0.00385806	2169	16	86748868	87669168	0.00941901713973799
uc	0.00189542	0.00342201	FALSE	8.85647e-05	2169	16	86748868	87669168	0.000498687387692308
cad	0.000201798	0.000391752	FALSE	1.95766e-06	2169	16	86748868	87669168	1.27192284659091e-05
psoriasis	0.000357188	0.00124948	FALSE	0.0163302	2170	16	87669169	88387228	0.0316351856502242
crohn	0.00179541	0.00310911	FALSE	4.28357e-05	2170	16	87669169	88387228	0.000222693952093023
uc	0.00192602	0.00347726	FALSE	1.50864e-06	2170	16	87669169	88387228	1.78116851612903e-05
cad	5.16107e-05	0.000100192	FALSE	0.044865	2170	16	87669169	88387228	0.0640888538413492
psoriasis	0.000375344	0.00131299	FALSE	0.0169275	2171	16	88387229	89106304	0.0325831095280499
psa	0.00167853	0.00348926	FALSE	0.00759024	2171	16	88387229	89106304	0.0261890195744681
crohn	0.000689496	0.001194	FALSE	0.0563866	2171	16	88387229	89106304	0.0843157057563588
uc	0.000942912	0.00170234	FALSE	0.00859117	2171	16	88387229	89106304	0.0192119010761421
cad	0.000100469	0.000195041	FALSE	0.00160368	2171	16	88387229	89106304	0.00385827950630252
psoriasis	0.000775094	0.00271135	FALSE	1.72323e-05	2172	16	89106305	90292787	0.000112793236363636
psa	0.000315842	0.000656559	FALSE	0.297599	2172	16	89106305	90292787	0.347407110977804
crohn	0.00132713	0.00229819	FALSE	0.00176147	2172	16	89106305	90292787	0.004918904975
uc	0.000203738	0.000367831	FALSE	0.277072	2172	16	89106305	90292787	0.309014785170137
cad	0.000110291	0.00021411	FALSE	0.000583576	2172	16	89106305	90292787	0.0016724790877193
psoriasis	0.000188594	0.000659721	FALSE	0.133286	2173	17	52	815653	0.173223682310469
psa	0.00275452	0.00572598	FALSE	8.07322e-05	2173	17	52	815653	0.000877680788826816
crohn	0.00123778	0.00214347	FALSE	0.00344285	2173	17	52	815653	0.00867116899661781
uc	0.00103565	0.00186977	FALSE	0.00475386	2173	17	52	815653	0.012054822817552
cad	9.9671e-05	0.000193493	FALSE	0.00171523	2173	17	52	815653	0.00403573149176955
psoriasis	2.90528e-05	0.00010163	FALSE	0.415995	2174	17	815654	1480056	0.426823996203132
psa	0.00250155	0.0052001	FALSE	0.000236297	2174	17	815654	1480056	0.00208069666063348
crohn	0.00202527	0.00350717	FALSE	1.31442e-05	2174	17	815654	1480056	7.93625481081081e-05
uc	0.00149623	0.00270131	FALSE	0.000144204	2174	17	815654	1480056	0.000722995397260274
cad	1.92439e-05	3.73584e-05	FALSE	0.256597	2174	17	815654	1480056	0.277071453729934
psoriasis	0.000781135	0.00273249	FALSE	5.42329e-05	2175	17	1480057	2699135	0.000290677578163772
psa	0.0003327	0.000691602	FALSE	0.305716	2175	17	1480057	2699135	0.354331945205479
crohn	0.00150166	0.00260042	FALSE	0.00127914	2175	17	1480057	2699135	0.00376495225296443
uc	0.00138775	0.00250545	FALSE	0.000776972	2175	17	1480057	2699135	0.00280169213793103
cad	0.000418724	0.000812875	FALSE	1.11857e-20	2175	17	1480057	2699135	8.82127444827586e-19
psoriasis	7.9506e-05	0.000278119	FALSE	0.303212	2176	17	2699136	3430440	0.334152
psa	0.00101465	0.00210922	FALSE	0.0609563	2176	17	2699136	3430440	0.114503691891892
crohn	0.00106751	0.0018486	FALSE	0.00851672	2176	17	2699136	3430440	0.0180515678178368
uc	0.000830226	0.0014989	FALSE	0.0160909	2176	17	2699136	3430440	0.031652818230563
cad	8.90229e-05	0.000172821	FALSE	0.00381295	2176	17	2699136	3430440	0.00783487569631626
psoriasis	0.00111481	0.0038997	FALSE	1.32987e-07	2177	17	3430441	4463971	1.74092072727273e-06
psa	0.00164409	0.00341766	FALSE	0.0138047	2177	17	3430441	4463971	0.0406413709531014
crohn	0.00143951	0.0024928	FALSE	0.00205943	2177	17	3430441	4463971	0.0055970396836983
uc	0.000760342	0.00137273	FALSE	0.0353848	2177	17	3430441	4463971	0.0586452987169811
cad	8.80247e-05	0.000170883	FALSE	0.00768749	2177	17	3430441	4463971	0.0141215177751004
psoriasis	0.000696966	0.00243806	FALSE	8.48579e-05	2178	17	4463972	5573784	0.000413754094808126
psa	0.00108855	0.00226283	FALSE	0.049449	2178	17	4463972	5573784	0.0987649887179487
crohn	0.000981607	0.00169985	FALSE	0.0135043	2178	17	4463972	5573784	0.0260298586712683
uc	0.000780362	0.00140888	FALSE	0.0214504	2178	17	4463972	5573784	0.0394514894472362
cad	0.000167116	0.000324425	FALSE	1.83675e-06	2178	17	4463972	5573784	1.20018492857143e-05
psoriasis	0.000693797	0.00242697	FALSE	0.000303866	2179	17	5573785	6305078	0.00119037913043478
psa	0.00139722	0.00290448	FALSE	0.029582	2179	17	5573785	6305078	0.0681261207100592
crohn	0.00225334	0.00390211	FALSE	1.06366e-05	2179	17	5573785	6305078	6.67476528089888e-05
uc	0.00108646	0.00196151	FALSE	0.0063045	2179	17	5573785	6305078	0.0151972360043908
cad	7.61692e-05	0.000147868	FALSE	0.0173121	2179	17	5573785	6305078	0.028341283249821
psoriasis	0.00154185	0.00539352	FALSE	1.59932e-11	2180	17	6305079	7264458	5.00656695652174e-10
psa	0.00295116	0.00613474	FALSE	0.00014751	2180	17	6305079	7264458	0.00142106168316832
crohn	0.00193177	0.00334526	FALSE	0.00014892	2180	17	6305079	7264458	0.00062184538317757
uc	0.00319539	0.00576899	FALSE	1.86511e-10	2180	17	6305079	7264458	6.9420026440678e-09
cad	9.2657e-05	0.000179876	FALSE	0.00702029	2180	17	6305079	7264458	0.0130744325977199
psoriasis	0.00103479	0.0036198	FALSE	3.97793e-07	2181	17	7264459	8554763	4.64450205405405e-06
psa	0.00138763	0.00288454	FALSE	0.0284425	2181	17	7264459	8554763	0.066605421179302
crohn	0.00199964	0.00346277	FALSE	5.20721e-05	2181	17	7264459	8554763	0.000260827514349776
uc	0.000888491	0.00160409	FALSE	0.0175513	2181	17	7264459	8554763	0.0335445211488251
cad	0.000195882	0.000380268	FALSE	3.45957e-07	2181	17	7264459	8554763	2.83585540860215e-06
psoriasis	0.00135758	0.00474896	FALSE	2.6595e-09	2182	17	8554764	9619356	5.22229090909091e-08
psa	0.00153814	0.00319741	FALSE	0.0257058	2182	17	8554764	9619356	0.0620638794044665
crohn	0.00397243	0.00687906	FALSE	2.21886e-11	2182	17	8554764	9619356	8.8516665e-10
uc	0.00187117	0.00337824	FALSE	5.71119e-05	2182	17	8554764	9619356	0.000353111878991597
cad	0.000235908	0.00045797	FALSE	2.08687e-08	2182	17	8554764	9619356	2.41044024747475e-07
psoriasis	0.0010214	0.00357295	FALSE	2.12225e-06	2183	17	9619357	10572617	1.833624e-05
psa	0.00195269	0.00405916	FALSE	0.00716297	2183	17	9619357	10572617	0.024980536953405
crohn	0.000291959	0.000505586	FALSE	0.267953	2183	17	9619357	10572617	0.295025629374076
uc	0.0012868	0.00232321	FALSE	0.00272352	2183	17	9619357	10572617	0.00779771827900913
cad	8.98601e-05	0.000174447	FALSE	0.00949864	2183	17	9619357	10572617	0.0168529012257564
psoriasis	0.000977115	0.00341804	FALSE	5.42415e-06	2184	17	10572618	11778164	4.11899115789474e-05
psa	0.00228161	0.0047429	FALSE	0.00251808	2184	17	10572618	11778164	0.0123120192964824
crohn	0.00218877	0.0037903	FALSE	3.89904e-05	2184	17	10572618	11778164	0.000204470783098592
uc	0.00212928	0.00384422	FALSE	7.37422e-06	2184	17	10572618	11778164	6.22837966153846e-05
cad	0.000133869	0.000259881	FALSE	0.000410581	2184	17	10572618	11778164	0.00123878462664908
psoriasis	0.000441241	0.0015435	FALSE	0.00696515	2185	17	11778165	12676353	0.0159880170031881
psa	0.0030693	0.00638032	FALSE	1.86678e-05	2185	17	11778165	12676353	0.000309234242372881
crohn	0.000439808	0.000761616	FALSE	0.149275	2185	17	11778165	12676353	0.183533489268024
uc	0.00109036	0.00196855	FALSE	0.00346125	2185	17	11778165	12676353	0.00941871747211896
cad	9.20972e-05	0.000178789	FALSE	0.00335101	2185	17	11778165	12676353	0.00702452783684693
psoriasis	0.000847518	0.0029647	FALSE	4.14396e-05	2186	17	12676354	13648446	0.000228545081632653
psa	0.00380626	0.00791228	FALSE	3.81768e-06	2186	17	12676354	13648446	0.000119825891612903
crohn	0.00112585	0.00194964	FALSE	0.014315	2186	17	12676354	13648446	0.0271705267629567
uc	0.00173704	0.00313608	FALSE	0.000128218	2186	17	12676354	13648446	0.000665642382978723
cad	6.22847e-05	0.000120914	FALSE	0.0465123	2186	17	12676354	13648446	0.0658883991950465
psoriasis	0.00133835	0.00468167	FALSE	1.08498e-09	2187	17	13648447	14508610	2.27529786407767e-08
psa	0.00320426	0.00666087	FALSE	3.47417e-05	2187	17	13648447	14508610	0.000469675208333333
crohn	0.00134059	0.00232149	FALSE	0.00385635	2187	17	13648447	14508610	0.00941901713973799
uc	0.00153549	0.00277219	FALSE	0.000348035	2187	17	13648447	14508610	0.00143662567669173
cad	0.000133251	0.000258682	FALSE	0.000245075	2187	17	13648447	14508610	0.000812885976811594
psoriasis	0.000687176	0.00240381	FALSE	0.000266774	2188	17	14508611	15308722	0.00107505940298507
psa	0.00241546	0.00502115	FALSE	0.000787354	2188	17	14508611	15308722	0.0049787715
crohn	0.00235168	0.0040724	FALSE	3.72804e-06	2188	17	14508611	15308722	2.83280318367347e-05
uc	0.00173499	0.00313237	FALSE	5.74048e-05	2188	17	14508611	15308722	0.000353111878991597
cad	3.94846e-05	7.6652e-05	FALSE	0.12079	2188	17	14508611	15308722	0.147174603090037
psoriasis	0.000299613	0.00104807	FALSE	0.0126321	2189	17	15308723	16405207	0.0256397070422535
psa	0.000356374	0.000740815	FALSE	0.220006	2189	17	15308723	16405207	0.280390945645056
crohn	0.000495814	0.000858601	FALSE	0.0637567	2189	17	15308723	16405207	0.0925487120207927
uc	9.79767e-05	0.000176888	FALSE	0.342881	2189	17	15308723	16405207	0.368198863569682
cad	4.68162e-05	9.08849e-05	FALSE	0.0284619	2189	17	15308723	16405207	0.0433371273635153
psoriasis	0.00016732	0.000585301	FALSE	0.124541	2190	17	16405208	17326540	0.164104750304507
psa	0.00299685	0.00622973	FALSE	3.06792e-06	2190	17	16405208	17326540	0.0001033326
crohn	0.000644489	0.00111606	FALSE	0.0445134	2190	17	16405208	17326540	0.0697355789621318
cad	7.64626e-05	0.000148438	FALSE	0.00454001	2190	17	16405208	17326540	0.00907210592495637
psoriasis	8.80358e-05	0.000307958	FALSE	0.253465	2191	17	17326541	18900978	0.290005169491525
psa	0.000151295	0.000314506	FALSE	0.373079	2191	17	17326541	18900978	0.408574581879572
crohn	0.000924747	0.00160139	FALSE	0.00817889	2191	17	17326541	18900978	0.017484823215311
uc	0.000617847	0.00111547	FALSE	0.0297862	2191	17	17326541	18900978	0.051466568686074
cad	7.87688e-05	0.000152915	FALSE	0.00316275	2191	17	17326541	18900978	0.00670984160482375
psoriasis	0.000117904	0.000412439	FALSE	0.139565	2192	17	18900979	20402494	0.179120855614973
crohn	0.000193367	0.000334853	FALSE	0.230598	2192	17	18900979	20402494	0.259393722054381
psa	0.000880366	0.00183007	FALSE	0.0405896	2193	17	20402495	21432873	0.085855827826087
crohn	0.00102183	0.0017695	FALSE	0.00194935	2193	17	20402495	21432873	0.00534337165644172
uc	0.000143814	0.000259643	FALSE	0.286111	2193	17	20402495	21432873	0.317417887935386
cad	5.61294e-05	0.000108965	FALSE	0.0126938	2193	17	20402495	21432873	0.0215521311061618
psoriasis	0.000866298	0.00303039	FALSE	3.97622e-09	2194	17	21432874	25872110	7.27850440677966e-08
psa	0.00235219	0.00488963	FALSE	4.8219e-06	2194	17	21432874	25872110	0.000130325241666667
crohn	0.00183402	0.00317597	FALSE	1.84614e-07	2194	17	21432874	25872110	2.05187898507463e-06
uc	0.000797904	0.00144055	FALSE	0.00209096	2194	17	21432874	25872110	0.00630520098765432
psoriasis	0.00476652	0.0166737	FALSE	4.49434e-66	2195	17	25872111	27344401	1.0786416e-63
psa	0.0065426	0.0136005	FALSE	3.66261e-16	2195	17	25872111	27344401	1.01820558e-13
crohn	0.00220374	0.00381622	FALSE	1.35233e-06	2195	17	25872111	27344401	1.1766486692607e-05
uc	0.00116495	0.00210321	FALSE	0.00121656	2195	17	25872111	27344401	0.0040663101369863
cad	9.86627e-05	0.000191535	FALSE	0.00114243	2195	17	25872111	27344401	0.00295224566101695
psoriasis	0.000675613	0.00236336	FALSE	1.75087e-05	2196	17	27344402	29783141	0.00011425616918429
psa	0.000926333	0.00192562	FALSE	0.0479739	2196	17	27344402	29783141	0.0971812575883576
crohn	0.00173306	0.00300114	FALSE	1.42527e-05	2196	17	27344402	29783141	8.51351117647059e-05
uc	0.000812854	0.00146754	FALSE	0.0073853	2196	17	27344402	29783141	0.017053752681388
cad	0.000170447	0.000330891	FALSE	5.41345e-08	2196	17	27344402	29783141	5.5768288963964e-07
psoriasis	0.000778896	0.00272465	FALSE	2.98531e-05	2197	17	29783142	31318753	0.00017570216893733
psa	0.00172305	0.0035818	FALSE	0.00754648	2197	17	29783142	31318753	0.0261060220603908
crohn	0.00237539	0.00411347	FALSE	1.37415e-06	2197	17	29783142	31318753	1.18986476744186e-05
uc	0.000955588	0.00172523	FALSE	0.00920884	2197	17	29783142	31318753	0.0200820383714002
cad	0.000209544	0.000406791	FALSE	2.43606e-08	2197	17	29783142	31318753	2.75636450246305e-07
psoriasis	0.00123151	0.00430793	FALSE	6.65018e-08	2198	17	31318754	32356061	9.20794153846154e-07
psa	0.00462795	0.00962038	FALSE	1.58874e-07	2198	17	31318754	32356061	1.06609932413793e-05
crohn	0.00168774	0.00292266	FALSE	0.00119087	2198	17	31318754	32356061	0.00353129031830239
uc	0.00211222	0.00381343	FALSE	1.4464e-05	2198	17	31318754	32356061	0.000109906380622837
cad	0.000166348	0.000322934	FALSE	4.02493e-05	2198	17	31318754	32356061	0.000165557822122302
psoriasis	0.000898859	0.00314429	FALSE	1.42925e-05	2199	17	32356062	33614189	9.49901538461539e-05
psa	0.00300037	0.00623703	FALSE	0.000131085	2199	17	32356062	33614189	0.00128745013065327
crohn	0.00598577	0.0103656	FALSE	5.29779e-21	2199	17	32356062	33614189	6.57514603333333e-19
uc	0.000716476	0.00129353	FALSE	0.0505399	2199	17	32356062	33614189	0.0787690705464869
cad	8.13946e-05	0.000158012	FALSE	0.0151464	2199	17	32356062	33614189	0.025284537810219
psoriasis	0.000329524	0.00115271	FALSE	0.0142205	2200	17	33614190	34474611	0.028231875
psa	0.00032575	0.000677156	FALSE	0.263871	2200	17	33614190	34474611	0.319137952765693
crohn	0.000584924	0.00101291	FALSE	0.0566527	2200	17	33614190	34474611	0.0845438422177689
uc	0.000604131	0.0010907	FALSE	0.0329987	2200	17	33614190	34474611	0.0553169047328244
cad	5.81751e-05	0.000112936	FALSE	0.0188723	2200	17	33614190	34474611	0.0306323279630944
psoriasis	0.000813814	0.0028468	FALSE	3.15192e-05	2201	17	34474612	36116884	0.000182547796246649
psa	0.00171165	0.00355809	FALSE	0.00951979	2201	17	34474612	36116884	0.0308758522333333
crohn	0.00171669	0.00297279	FALSE	0.000290371	2201	17	34474612	36116884	0.00108114802333333
uc	0.00192562	0.00347653	FALSE	9.61748e-06	2201	17	34474612	36116884	7.76470076470588e-05
cad	0.000104403	0.000202679	FALSE	0.00187027	2201	17	34474612	36116884	0.0043336448733536
psoriasis	0.000500337	0.00175023	FALSE	0.00325835	2202	17	36116885	37361178	0.00850004347826087
psa	0.000330189	0.000686381	FALSE	0.296374	2202	17	36116885	37361178	0.34660084375
crohn	0.00223018	0.003862	FALSE	3.8289e-06	2202	17	36116885	37361178	2.88005474747475e-05
uc	0.00125959	0.00227408	FALSE	0.00115557	2202	17	36116885	37361178	0.00389207319018405
cad	0.000133624	0.000259405	FALSE	9.22569e-05	2202	17	36116885	37361178	0.00034475740245098
psoriasis	0.000948484	0.00331789	FALSE	3.83212e-08	2203	17	37361179	38880481	5.70853737931034e-07
psa	0.00151621	0.00315183	FALSE	0.00591752	2203	17	37361179	38880481	0.0216645034210526
crohn	0.00420505	0.00728188	FALSE	3.59852e-17	2203	17	37361179	38880481	3.09195910769231e-15
uc	0.00379008	0.00684265	FALSE	7.68974e-18	2203	17	37361179	38880481	1.20619064571429e-15
cad	0.000133863	0.00025987	FALSE	1.07091e-05	2203	17	37361179	38880481	5.37098940789474e-05
psoriasis	0.000747875	0.00261614	FALSE	9.86118e-06	2204	17	38880482	40233545	7.0494201980198e-05
psa	0.00381081	0.00792174	FALSE	4.6068e-08	2204	17	38880482	40233545	3.735347e-06
crohn	0.00119731	0.00207338	FALSE	0.00221886	2204	17	38880482	40233545	0.00597941283474065
uc	0.000535456	0.000966718	FALSE	0.0603136	2204	17	38880482	40233545	0.0909674901098901
cad	7.60837e-05	0.000147702	FALSE	0.00628747	2204	17	38880482	40233545	0.0118642276320132
psoriasis	0.00233857	0.00818053	FALSE	8.8809e-25	2205	17	40233546	42348003	8.34032347826087e-23
psa	0.00299583	0.0062276	FALSE	1.45321e-05	2205	17	40233546	42348003	0.000269328253333333
crohn	0.00391602	0.00678137	FALSE	6.57447e-14	2205	17	40233546	42348003	3.4969919e-12
uc	0.00249817	0.00451023	FALSE	5.11663e-09	2205	17	40233546	42348003	1.38717524444444e-07
cad	0.000214207	0.000415842	FALSE	3.0665e-09	2205	17	40233546	42348003	4.3831784375e-08
psoriasis	0.00119809	0.00419103	FALSE	3.34794e-11	2206	17	42348004	43460500	9.90623342465753e-10
psa	0.00185687	0.00385998	FALSE	0.00121425	2206	17	42348004	43460500	0.00697029646017699
crohn	0.000430783	0.000745987	FALSE	0.11644	2206	17	42348004	43460500	0.149859448156682
uc	0.00104908	0.00189403	FALSE	0.00138478	2206	17	42348004	43460500	0.00451853919762259
cad	0.000120025	0.000233006	FALSE	4.77897e-05	2206	17	42348004	43460500	0.000192760218518519
psoriasis	0.000311629	0.00109011	FALSE	6.71486e-05	2207	17	43460501	44865832	0.000342886468085106
crohn	0.000240255	0.00041605	FALSE	0.0629906	2207	17	43460501	44865832	0.0915556281067014
uc	0.0001501	0.000270993	FALSE	0.122129	2207	17	43460501	44865832	0.161175050480769
cad	3.72183e-05	7.22524e-05	FALSE	0.00299844	2207	17	43460501	44865832	0.00639089681267474
psoriasis	6.97103e-05	0.000243853	FALSE	0.267026	2208	17	44865833	45883901	0.302610786988458
psa	0.000827503	0.00172018	FALSE	0.0458283	2208	17	44865833	45883901	0.0943723511111111
crohn	0.000404423	0.00070034	FALSE	0.0971457	2208	17	44865833	45883901	0.128644631772377
cad	0.000210471	0.00040859	FALSE	5.67615e-12	2208	17	44865833	45883901	1.42652253296703e-10
psoriasis	0.000285613	0.000999103	FALSE	0.0438868	2209	17	45883902	47516224	0.0717603996971991
psa	0.0013197	0.00274332	FALSE	0.0234426	2209	17	45883902	47516224	0.0580697788804071
crohn	0.00205536	0.00355927	FALSE	8.89081e-06	2209	17	45883902	47516224	5.78979415697674e-05
uc	0.000883701	0.00159544	FALSE	0.0110727	2209	17	45883902	47516224	0.0235616755813953
cad	0.000489958	0.000951162	FALSE	2.4976e-28	2209	17	45883902	47516224	3.80800746666667e-26
psoriasis	0.000633983	0.00221773	FALSE	0.00152735	2210	17	47516225	48722590	0.00450693442622951
psa	0.0029701	0.00617412	FALSE	0.000208282	2210	17	47516225	48722590	0.00187646653703704
crohn	0.00176277	0.0030526	FALSE	0.000618865	2210	17	47516225	48722590	0.00202422314787701
uc	0.00123544	0.00223048	FALSE	0.00416527	2210	17	47516225	48722590	0.0108504542348754
cad	0.000107792	0.000209258	FALSE	0.00318446	2210	17	47516225	48722590	0.00674174172987974
psoriasis	0.000137793	0.000482014	FALSE	0.193199	2211	17	48722591	49909298	0.234312094329029
psa	0.00090911	0.00188982	FALSE	0.079742	2211	17	48722591	49909298	0.138115317511111
crohn	0.000238131	0.000412371	FALSE	0.272807	2211	17	48722591	49909298	0.299484441277641
uc	0.00113352	0.00204646	FALSE	0.00216531	2211	17	48722591	49909298	0.00649593
cad	0.000119967	0.000232893	FALSE	0.000236361	2211	17	48722591	49909298	0.00078569419622093
crohn	0.000505169	0.000874801	FALSE	0.0656273	2212	17	49909299	51110385	0.0945270072211477
uc	0.00112788	0.00203629	FALSE	0.000291731	2212	17	49909299	51110385	0.00124155286046512
cad	9.03849e-05	0.000175465	FALSE	0.000481987	2212	17	49909299	51110385	0.00141502473555841
psoriasis	2.20944e-05	7.72885e-05	FALSE	0.410819	2213	17	51110386	52102649	0.422154633682207
psa	0.000261221	0.000543015	FALSE	0.284864	2213	17	51110386	52102649	0.33719303163017
cad	1.38673e-05	2.69209e-05	FALSE	0.26768	2213	17	51110386	52102649	0.287093017815284
psoriasis	0.000514796	0.00180081	FALSE	0.00321407	2214	17	52102650	53468006	0.00841501963636364
psa	0.00200191	0.00416147	FALSE	0.00336541	2214	17	52102650	53468006	0.0149864710755149
crohn	0.00226907	0.00392936	FALSE	5.3346e-06	2214	17	52102650	53468006	3.77135962025316e-05
uc	0.00155261	0.00280311	FALSE	0.000194349	2214	17	52102650	53468006	0.000923788753246753
cad	0.00018734	0.000363686	FALSE	6.10627e-07	2214	17	52102650	53468006	4.68625486241611e-06
psoriasis	0.000391503	0.00136951	FALSE	0.0194942	2215	17	53468007	54950107	0.0364566857142857
psa	2.94027e-05	6.11211e-05	FALSE	0.468688	2215	17	53468007	54950107	0.472084289855072
crohn	0.00175701	0.00304262	FALSE	0.000268236	2215	17	53468007	54950107	0.00101222841891892
uc	0.000424771	0.000766887	FALSE	0.14386	2215	17	53468007	54950107	0.183352617527568
cad	9.4804e-05	0.000184044	FALSE	0.00442051	2215	17	53468007	54950107	0.00886039120946538
psoriasis	0.000902225	0.00315607	FALSE	8.85371e-05	2216	17	54950108	56245227	0.000428789542600897
psa	0.00157916	0.00328269	FALSE	0.0350031	2216	17	54950108	56245227	0.0769672684745763
crohn	0.00360533	0.00624335	FALSE	9.52031e-09	2216	17	54950108	56245227	1.54235198115942e-07
uc	0.00120888	0.00218253	FALSE	0.00887888	2216	17	54950108	56245227	0.0196354687613293
cad	0.000155813	0.000302481	FALSE	0.000230455	2216	17	54950108	56245227	0.000770541790935672
psoriasis	0.000184905	0.000646814	FALSE	0.0948384	2217	17	56245228	58652809	0.1317369414791
crohn	0.000897319	0.00155389	FALSE	0.00898295	2217	17	56245228	58652809	0.0187892344672897
uc	0.000156777	0.000283046	FALSE	0.291105	2217	17	56245228	58652809	0.321724499245093
cad	7.01938e-05	0.000136268	FALSE	0.00627172	2217	17	56245228	58652809	0.0118540691239669
psoriasis	0.000314132	0.00109886	FALSE	0.0323439	2218	17	58652810	60453120	0.0560159423538831
crohn	0.000741687	0.00128438	FALSE	0.0409707	2218	17	58652810	60453120	0.0651448710320285
uc	0.0027804	0.00501976	FALSE	2.69446e-10	2218	17	58652810	60453120	9.8617236e-09
cad	0.000130942	0.000254199	FALSE	7.10004e-05	2218	17	58652810	60453120	0.000276623364224872
psoriasis	0.000138128	0.000483184	FALSE	0.154222	2219	17	60453121	62112373	0.195378017595308
crohn	0.000333381	0.000577316	FALSE	0.164813	2219	17	60453121	62112373	0.198807906047516
uc	0.00125737	0.00227006	FALSE	0.000163112	2219	17	60453121	62112373	0.00079775935857461
cad	8.07404e-05	0.000156742	FALSE	0.00221076	2219	17	60453121	62112373	0.00498620130177515
psoriasis	0.00105869	0.00370338	FALSE	1.21228e-08	2220	17	62112374	63548724	1.98373090909091e-07
psa	0.000647479	0.00134595	FALSE	0.137398	2220	17	62112374	63548724	0.203173638297872
crohn	0.000630409	0.00109168	FALSE	0.0578723	2220	17	62112374	63548724	0.0860763769640479
uc	0.000201934	0.000364575	FALSE	0.266023	2220	17	62112374	63548724	0.298206486983155
cad	0.000161046	0.000312642	FALSE	1.15767e-06	2220	17	62112374	63548724	8.14643473846154e-06
psoriasis	0.000200156	0.000700164	FALSE	0.0613371	2221	17	63548725	64438387	0.0932896551724138
psa	0.000641714	0.00133397	FALSE	0.09832	2221	17	63548725	64438387	0.161052794612795
crohn	0.000508771	0.000881039	FALSE	0.0624153	2221	17	63548725	64438387	0.0911533285434356
uc	0.00103652	0.00187135	FALSE	0.000622132	2221	17	63548725	64438387	0.00231167829441624
cad	0.000151718	0.000294533	FALSE	1.55495e-07	2221	17	63548725	64438387	1.38372398832685e-06
psoriasis	0.000521994	0.00182598	FALSE	0.00467975	2222	17	64438388	65582327	0.011460612244898
psa	0.000145046	0.000301515	FALSE	0.408277	2222	17	64438388	65582327	0.432738040305011
crohn	0.00212235	0.00367528	FALSE	4.0776e-05	2222	17	64438388	65582327	0.000213333920374707
uc	0.0011427	0.00206305	FALSE	0.00546332	2222	17	64438388	65582327	0.0135772171493213
cad	8.70492e-05	0.00016899	FALSE	0.010027	2222	17	64438388	65582327	0.0176581400307929
psoriasis	0.000112394	0.000393166	FALSE	0.23698	2223	17	65582328	66757556	0.275944366576819
psa	0.00214613	0.00446129	FALSE	0.00103651	2223	17	65582328	66757556	0.00619627889570552
crohn	0.00149324	0.00258584	FALSE	0.000579106	2223	17	65582328	66757556	0.00192518274404762
uc	0.00204693	0.00369556	FALSE	8.47231e-07	2223	17	65582328	66757556	1.09442310352941e-05
cad	0.00017209	0.000334081	FALSE	8.6637e-07	2223	17	65582328	66757556	6.35060317307692e-06
psoriasis	0.000269133	0.000941454	FALSE	0.0536965	2224	17	66757557	68176219	0.0844751930080117
psa	0.00163141	0.00339131	FALSE	0.00783426	2224	17	66757557	68176219	0.0267464385263158
crohn	0.000556332	0.000963401	FALSE	0.0916442	2224	17	66757557	68176219	0.122301757945042
uc	0.00243174	0.00439028	FALSE	1.469e-08	2224	17	66757557	68176219	3.43183404255319e-07
cad	0.00016421	0.000318783	FALSE	2.03174e-06	2224	17	66757557	68176219	1.3125958700565e-05
psoriasis	0.000752251	0.00263144	FALSE	2.58079e-05	2225	17	68176220	69245590	0.000156023798882682
psa	0.00227917	0.00473784	FALSE	0.000581207	2225	17	68176220	69245590	0.00403938865
crohn	0.000272018	0.000471054	FALSE	0.246663	2225	17	68176220	69245590	0.275109906140789
uc	0.00168174	0.00303623	FALSE	2.6038e-05	2225	17	68176220	69245590	0.000180947620253165
cad	0.000155565	0.000302	FALSE	5.69222e-06	2225	17	68176220	69245590	3.10694681145585e-05
psoriasis	0.000811784	0.0028397	FALSE	0.000103768	2226	17	69245591	70495119	0.00048620147505423
psa	0.00450761	0.00937022	FALSE	1.90942e-07	2226	17	69245591	70495119	1.23857710666667e-05
crohn	0.000695769	0.00120486	FALSE	0.0861693	2226	17	69245591	70495119	0.116315538489426
uc	0.00221492	0.00399884	FALSE	4.63178e-06	2226	17	69245591	70495119	4.25581124686192e-05
cad	9.45648e-05	0.00018358	FALSE	0.00796727	2226	17	69245591	70495119	0.0145536313817891
psoriasis	0.000731893	0.00256023	FALSE	0.000566942	2227	17	70495120	71466953	0.00200097176470588
psa	0.00223094	0.00463758	FALSE	0.0041739	2227	17	70495120	71466953	0.0171358848101266
crohn	0.00271387	0.00469961	FALSE	2.11789e-06	2227	17	70495120	71466953	1.71426313768116e-05
uc	0.0034053	0.00614797	FALSE	1.82425e-10	2227	17	70495120	71466953	6.90698793103448e-09
cad	0.000114873	0.000223005	FALSE	0.00256364	2227	17	70495120	71466953	0.00561056907177033
psoriasis	0.000895197	0.00313149	FALSE	2.69502e-05	2228	17	71466954	72383472	0.000160364826446281
psa	0.00382761	0.00795668	FALSE	5.34061e-06	2228	17	71466954	72383472	0.000136718378181818
crohn	0.00217936	0.00377401	FALSE	5.0248e-05	2228	17	71466954	72383472	0.0002551228
uc	0.00226893	0.00409635	FALSE	2.97454e-06	2228	17	71466954	72383472	3.08117445283019e-05
cad	0.000167167	0.000324524	FALSE	2.81136e-05	2228	17	71466954	72383472	0.000121084375141243
psoriasis	0.000440619	0.00154133	FALSE	0.00727235	2229	17	72383473	73741321	0.0163627875
psa	0.00203859	0.00423772	FALSE	0.00217567	2229	17	72383473	73741321	0.0109119943814433
crohn	0.00283381	0.0049073	FALSE	2.09453e-08	2229	17	72383473	73741321	3.07840790789474e-07
uc	0.00106051	0.00191465	FALSE	0.00450351	2229	17	72383473	73741321	0.0114996604186047
cad	0.000159367	0.000309381	FALSE	6.61921e-06	2229	17	72383473	73741321	3.52870239393939e-05
psoriasis	0.00167709	0.00586663	FALSE	4.16977e-15	2230	17	73741322	74908266	2.046978e-13
psa	0.00269735	0.00560714	FALSE	0.000101938	2230	17	73741322	74908266	0.00106651262365591
crohn	0.00160597	0.00278107	FALSE	0.000317814	2230	17	73741322	74908266	0.00116968117957166
uc	0.0016606	0.00299807	FALSE	3.92755e-05	2230	17	73741322	74908266	0.000255931744807122
cad	0.000236145	0.000458431	FALSE	3.90339e-10	2230	17	73741322	74908266	7.11394946031746e-09
psoriasis	0.000929504	0.00325149	FALSE	7.77396e-06	2231	17	74908267	75619256	5.73097392491468e-05
psa	0.00105399	0.00219098	FALSE	0.0788351	2231	17	74908267	75619256	0.136966805709188
crohn	0.00208588	0.00361212	FALSE	5.22329e-05	2231	17	74908267	75619256	0.00026104764787472
uc	0.0020577	0.003715	FALSE	8.28859e-06	2231	17	74908267	75619256	6.84276076691729e-05
cad	0.000180829	0.000351046	FALSE	3.88204e-06	2231	17	74908267	75619256	2.24197613131313e-05
psoriasis	0.00145619	0.00509389	FALSE	5.72237e-10	2232	17	75619257	76596287	1.30108623157895e-08
psa	0.000994455	0.00206723	FALSE	0.101896	2232	17	75619257	76596287	0.164829273482959
crohn	0.00222789	0.00385804	FALSE	4.14595e-05	2232	17	75619257	76596287	0.000216403091121495
uc	0.00115545	0.00208607	FALSE	0.00713144	2232	17	75619257	76596287	0.0166147871186441
cad	0.00018261	0.000354504	FALSE	7.76054e-06	2232	17	75619257	76596287	4.04290546241458e-05
psoriasis	0.000469309	0.00164169	FALSE	0.0126418	2233	17	76596288	77412786	0.0256397070422535
psa	0.00121975	0.00253556	FALSE	0.0615297	2233	17	76596288	77412786	0.115230118731988
crohn	0.00162621	0.00281611	FALSE	0.00147621	2233	17	76596288	77412786	0.00423763129653402
uc	0.000834618	0.00150683	FALSE	0.0345243	2233	17	76596288	77412786	0.0574358809090909
cad	0.000315799	0.000613064	FALSE	2.38148e-12	2233	17	76596288	77412786	6.8661743375e-11
psoriasis	0.00224798	0.00786365	FALSE	6.50793e-21	2234	17	77412787	78438332	4.39285275e-19
psa	0.00160393	0.00333419	FALSE	0.013767	2234	17	77412787	78438332	0.0406413709531014
crohn	0.00112236	0.0019436	FALSE	0.00960022	2234	17	77412787	78438332	0.0198215263216266
uc	0.00103533	0.00186919	FALSE	0.00705476	2234	17	77412787	78438332	0.0165162611513859
cad	5.60101e-05	0.000108733	FALSE	0.050705	2234	17	77412787	78438332	0.0708816228606357
psoriasis	8.41823e-05	0.000294478	FALSE	0.287259	2235	17	78438333	79333774	0.319669984544049
psa	0.00388867	0.00808359	FALSE	9.81049e-08	2235	17	78438333	79333774	7.34277443846154e-06
crohn	0.0016053	0.00277989	FALSE	0.000230545	2235	17	78438333	79333774	0.00088646734939759
cad	9.67683e-05	0.000187858	FALSE	0.00166907	2235	17	78438333	79333774	0.00396599383660807
psoriasis	0.000198062	0.000692839	FALSE	0.0759617	2236	17	79333775	80459149	0.110192929482874
psa	0.00012988	0.000269989	FALSE	0.382741	2236	17	79333775	80459149	0.414707119153675
crohn	0.00123226	0.0021339	FALSE	0.000681257	2236	17	79333775	80459149	0.0021866783591954
uc	9.05592e-05	0.000163497	FALSE	0.362632	2236	17	79333775	80459149	0.383593387283237
cad	1.55483e-05	3.01842e-05	FALSE	0.25535	2236	17	79333775	80459149	0.275878962683042
psoriasis	0.000484336	0.00169425	FALSE	0.000263545	2237	17	80459150	81192460	0.00106602471910112
crohn	0.00120528	0.00208719	FALSE	0.000352078	2237	17	80459150	81192460	0.00127307996440129
uc	5.48356e-05	9.90009e-05	FALSE	0.39824	2237	17	80459150	81192460	0.41368734153264
cad	3.24295e-05	6.29558e-05	FALSE	0.0804799	2237	17	80459150	81192460	0.104578142784091
psoriasis	0.000561064	0.00196266	FALSE	0.00220096	2238	18	10719	848350	0.00613428851612903
psa	0.00160864	0.00334397	FALSE	0.0147903	2238	18	10719	848350	0.0420958151824818
crohn	0.000764682	0.0013242	FALSE	0.0526648	2238	18	10719	848350	0.0799817560842964
uc	0.000740463	0.00133684	FALSE	0.0377789	2238	18	10719	848350	0.0617280241071428
cad	0.000152838	0.000296707	FALSE	3.211e-05	2238	18	10719	848350	0.000135612770664207
psoriasis	0.000266828	0.000933389	FALSE	0.0568656	2239	18	848351	1940211	0.0883666877697842
psa	0.00115765	0.00240647	FALSE	0.0403853	2239	18	848351	1940211	0.0856017660500544
crohn	0.00114954	0.00199066	FALSE	0.00537454	2239	18	848351	1940211	0.0124421993367876
uc	0.000165152	0.000298168	FALSE	0.313644	2239	18	848351	1940211	0.342838339472374
cad	0.000109761	0.00021308	FALSE	0.000652846	2239	18	848351	1940211	0.00184328247160494
psoriasis	0.000442701	0.00154861	FALSE	0.0100077	2240	18	1940212	2839842	0.0212552920353982
psa	0.00124624	0.00259062	FALSE	0.0423275	2240	18	1940212	2839842	0.088474022556391
crohn	0.00382116	0.0066171	FALSE	8.13319e-12	2240	18	1940212	2839842	3.42821631320755e-10
uc	0.00154212	0.00278416	FALSE	0.000262412	2240	18	1940212	2839842	0.00113884733596838
cad	9.21905e-05	0.000178971	FALSE	0.00534501	2240	18	1940212	2839842	0.0104034364851064
psoriasis	0.000489522	0.0017124	FALSE	0.00801684	2241	18	2839843	3722828	0.0177421868852459
psa	0.000547398	0.00113791	FALSE	0.221821	2241	18	2839843	3722828	0.282225963398693
crohn	0.0011789	0.00204151	FALSE	0.0101688	2241	18	2839843	3722828	0.0207909161939616
uc	0.00089433	0.00161463	FALSE	0.0210406	2241	18	2839843	3722828	0.0389259962931761
cad	0.000103372	0.000200678	FALSE	0.00326832	2241	18	2839843	3722828	0.0068774378125
psoriasis	0.00106347	0.00372012	FALSE	1.60911e-06	2242	18	3722829	4603961	1.47274474576271e-05
psa	0.00175431	0.00364678	FALSE	0.0147757	2242	18	3722829	4603961	0.0420958151824818
crohn	0.00315327	0.00546052	FALSE	3.91933e-08	2242	18	3722829	4603961	5.24298396407186e-07
uc	0.00127299	0.00229827	FALSE	0.00346597	2242	18	3722829	4603961	0.00941988876237624
cad	0.000122722	0.000238241	FALSE	0.00112148	2242	18	3722829	4603961	0.00290824980725624
psoriasis	0.000338563	0.00118433	FALSE	0.0293245	2243	18	4603962	5575812	0.0516646982055465
crohn	8.36044e-06	1.44778e-05	FALSE	0.476984	2243	18	4603962	5575812	0.476984
uc	0.00111671	0.00201612	FALSE	0.00332925	2243	18	4603962	5575812	0.00915066878598248
cad	0.000106564	0.000206874	FALSE	0.00118907	2243	18	4603962	5575812	0.0030418379082774
psoriasis	0.00146286	0.00511722	FALSE	6.28472e-10	2244	18	5575813	6756496	1.414062e-08
psa	0.00388842	0.00808307	FALSE	5.64883e-06	2244	18	5575813	6756496	0.000137618201
crohn	0.00222538	0.00385369	FALSE	4.91004e-05	2244	18	5575813	6756496	0.000250434460273973
uc	0.000798031	0.00144077	FALSE	0.042583	2244	18	5575813	6756496	0.0680712052401747
cad	8.81655e-05	0.000171157	FALSE	0.0132829	2244	18	5575813	6756496	0.0224336977859779
psoriasis	0.000318113	0.00111279	FALSE	0.0602448	2245	18	6756497	7862479	0.0918988474576271
psa	0.00157359	0.0032711	FALSE	0.0252888	2245	18	6756497	7862479	0.0612851865504359
crohn	0.0022325	0.00386602	FALSE	3.89863e-05	2245	18	6756497	7862479	0.000204470783098592
uc	0.00168007	0.00303321	FALSE	0.000280616	2245	18	6756497	7862479	0.00120829948235294
cad	0.000203865	0.000395765	FALSE	9.39203e-07	2245	18	6756497	7862479	6.79733310443038e-06
psoriasis	0.000212709	0.000744078	FALSE	0.12516	2246	18	7862480	8788524	0.164543883140596
psa	0.000702501	0.00146033	FALSE	0.163025	2246	18	7862480	8788524	0.229722411296162
crohn	0.00104537	0.00181026	FALSE	0.0175386	2246	18	7862480	8788524	0.0323277495049505
uc	0.000917748	0.00165691	FALSE	0.0173495	2246	18	7862480	8788524	0.0332456387434555
cad	0.000175172	0.000340064	FALSE	5.31141e-06	2246	18	7862480	8788524	2.9308318313253e-05
psoriasis	0.00028031	0.000980552	FALSE	0.0712245	2247	18	8788525	9816164	0.104941964529332
psa	0.00260958	0.00542467	FALSE	0.000563085	2247	18	8788525	9816164	0.00395582458483754
crohn	0.00117329	0.00203179	FALSE	0.0102976	2247	18	8788525	9816164	0.0209908352189781
uc	0.000811724	0.0014655	FALSE	0.0312247	2247	18	8788525	9816164	0.0531958426687355
cad	0.000118847	0.00023072	FALSE	0.000995671	2247	18	8788525	9816164	0.00264471495586527
psoriasis	0.000952947	0.0033335	FALSE	1.11213e-05	2248	18	9816165	10675548	7.74110769230769e-05
psa	0.00141316	0.00293762	FALSE	0.0387625	2248	18	9816165	10675548	0.0825293490153173
crohn	0.00393652	0.00681687	FALSE	5.94401e-11	2248	18	9816165	10675548	2.10776481587302e-09
uc	0.00226724	0.00409331	FALSE	3.53157e-06	2248	18	9816165	10675548	3.51540032432432e-05
cad	0.000177227	0.000344054	FALSE	1.28258e-05	2248	18	9816165	10675548	6.26765055555556e-05
psoriasis	0.00116757	0.00408426	FALSE	6.72772e-08	2249	18	10675549	11872226	9.25597146496815e-07
psa	0.000895826	0.0018622	FALSE	0.111235	2249	18	10675549	11872226	0.175132127831715
crohn	0.00082962	0.00143665	FALSE	0.0459413	2249	18	10675549	11872226	0.0715211597212543
uc	0.00240885	0.00434897	FALSE	3.57362e-07	2249	18	10675549	11872226	5.37511610958904e-06
cad	9.50962e-05	0.000184612	FALSE	0.00566175	2249	18	10675549	11872226	0.0108901785113541
psoriasis	0.000265349	0.000928216	FALSE	0.041226	2250	18	11872227	12735558	0.0682884662576687
psa	0.0010595	0.00220244	FALSE	0.0379483	2250	18	11872227	12735558	0.0815114103752759
crohn	0.000978983	0.0016953	FALSE	0.00772955	2250	18	11872227	12735558	0.0166838789371981
uc	0.00119241	0.0021528	FALSE	0.000598341	2250	18	11872227	12735558	0.00224224716040956
cad	3.65362e-05	7.09282e-05	FALSE	0.0954688	2250	18	11872227	12735558	0.121298414222222
psoriasis	0.0022237	0.00777873	FALSE	1.21799e-22	2251	18	12735559	13641479	9.46280571428571e-21
psa	0.00356	0.00740037	FALSE	1.05038e-06	2251	18	12735559	13641479	5.04702219512195e-05
crohn	0.00448302	0.00776326	FALSE	2.75837e-16	2251	18	12735559	13641479	1.92568705625e-14
uc	0.0025382	0.0045825	FALSE	6.3374e-09	2251	18	12735559	13641479	1.69718663414634e-07
cad	0.000121046	0.000234989	FALSE	0.000229388	2251	18	12735559	13641479	0.000768097153733529
psoriasis	0.000106807	0.000373622	FALSE	0.165494	2252	18	13641480	14439251	0.206508977469671
psa	0.000270023	0.000561313	FALSE	0.252836	2252	18	13641480	14439251	0.309491105660377
crohn	0.0005635	0.000975814	FALSE	0.0310016	2252	18	13641480	14439251	0.0516847570149254
uc	0.000527525	0.0009524	FALSE	0.0239277	2252	18	13641480	14439251	0.0434617280397022
psoriasis	9.25194e-05	0.000323642	FALSE	0.0914428	2253	18	14439252	15220934	0.127759668822768
crohn	4.48387e-05	7.76471e-05	FALSE	0.357506	2253	18	14439252	15220934	0.375667170272813
cad	3.04597e-05	5.91318e-05	FALSE	0.0153914	2253	18	14439252	15220934	0.0256187276564774
psa	0.00060367	0.00125488	FALSE	0.100504	2254	18	15220935	20009696	0.163529029239766
crohn	0.000950395	0.0016458	FALSE	0.00272156	2254	18	15220935	20009696	0.00708620634032634
cad	0.000113644	0.000220619	FALSE	1.44744e-05	2254	18	15220935	20009696	6.88211076923077e-05
psoriasis	0.000255169	0.000892605	FALSE	0.0516367	2255	18	20009697	21622716	0.0818908017621145
psa	0.00127584	0.00265216	FALSE	0.020332	2255	18	20009697	21622716	0.0526090145695364
crohn	0.00133371	0.00230958	FALSE	0.000940872	2255	18	20009697	21622716	0.00287538720656635
uc	0.000321903	0.000581167	FALSE	0.167207	2255	18	20009697	21622716	0.207388702428007
cad	0.000243129	0.00047199	FALSE	1.41387e-11	2255	18	20009697	21622716	3.43991562765957e-10
psoriasis	0.000692204	0.0024214	FALSE	0.000259549	2256	18	21622717	22746153	0.00105778460377358
psa	0.00199683	0.00415093	FALSE	0.00410754	2256	18	21622717	22746153	0.0169349000847458
crohn	0.000567159	0.00098215	FALSE	0.110583	2256	18	21622717	22746153	0.143629315116279
uc	0.000256062	0.000462298	FALSE	0.254503	2256	18	21622717	22746153	0.287794733264676
cad	4.3629e-05	8.46975e-05	FALSE	0.101226	2256	18	21622717	22746153	0.127761513245033
psoriasis	0.000522286	0.001827	FALSE	0.0022488	2257	18	22746154	24088163	0.00624345501285347
psa	0.000602569	0.00125259	FALSE	0.176753	2257	18	22746154	24088163	0.242913298022599
crohn	0.00137065	0.00237356	FALSE	0.00179831	2257	18	22746154	24088163	0.00497822123915737
cad	7.25811e-05	0.000140903	FALSE	0.0153336	2257	18	22746154	24088163	0.0255597253644315
psoriasis	0.000121558	0.000425223	FALSE	0.241987	2258	18	24088164	25305260	0.280113569131833
psa	0.00179152	0.00372413	FALSE	0.00831662	2258	18	24088164	25305260	0.0278997785542169
crohn	0.000925459	0.00160262	FALSE	0.0269996	2258	18	24088164	25305260	0.0463265026113671
uc	0.00032958	0.000595028	FALSE	0.201949	2258	18	24088164	25305260	0.240629410743353
cad	0.000108529	0.00021069	FALSE	0.0016242	2258	18	24088164	25305260	0.00387739603340292
psoriasis	0.000161177	0.000563814	FALSE	0.146711	2259	18	25305261	26861067	0.187630976909414
psa	0.00100274	0.00208445	FALSE	0.0538101	2259	18	25305261	26861067	0.104693633566434
crohn	0.00135797	0.0023516	FALSE	0.000975286	2259	18	25305261	26861067	0.00295629433378562
uc	5.89986e-05	0.000106517	FALSE	0.415883	2259	18	25305261	26861067	0.426765919626168
cad	5.16804e-05	0.000100328	FALSE	0.0435617	2259	18	25305261	26861067	0.0625003813676286
psa	6.94287e-06	1.44325e-05	FALSE	0.47052	2260	18	26861068	27823155	0.47368438696327
cad	2.7337e-05	5.30696e-05	FALSE	0.101671	2260	18	26861068	27823155	0.128245983461963
psoriasis	0.000455963	0.001595	FALSE	0.00274547	2261	18	27823156	28792734	0.007412769
psa	0.00150612	0.00313086	FALSE	0.00852842	2261	18	27823156	28792734	0.0284183310273973
crohn	0.000604784	0.0010473	FALSE	0.0628638	2261	18	27823156	28792734	0.0915323322916667
uc	0.00150906	0.00272447	FALSE	4.91108e-05	2261	18	27823156	28792734	0.000309018099713467
cad	3.02558e-05	5.8736e-05	FALSE	0.141383	2261	18	27823156	28792734	0.167308306777031
psoriasis	0.000254926	0.000891755	FALSE	0.0804603	2262	18	28792735	30401128	0.115631568862275
psa	0.00357726	0.00743625	FALSE	3.95832e-06	2262	18	28792735	30401128	0.000122268106666667
crohn	0.00181311	0.00313976	FALSE	0.000179838	2262	18	28792735	30401128	0.000721289213644524
uc	0.00196903	0.00355491	FALSE	8.24571e-06	2262	18	28792735	30401128	6.83304873962264e-05
cad	6.85128e-05	0.000133005	FALSE	0.0255014	2262	18	28792735	30401128	0.0395401368135593
psoriasis	0.000227264	0.000794993	FALSE	0.0729836	2263	18	30401129	32458907	0.107022794297352
psa	0.00205481	0.00427144	FALSE	0.000927926	2263	18	30401129	32458907	0.00564767511875
uc	0.000339644	0.000613198	FALSE	0.157134	2263	18	30401129	32458907	0.19650698405467
cad	0.000126959	0.000246467	FALSE	5.68573e-05	2263	18	30401129	32458907	0.000225359870190641
psa	0.00194357	0.00404021	FALSE	0.00504563	2264	18	32458908	34153297	0.0195205422222222
crohn	0.00102085	0.00176781	FALSE	0.0177162	2264	18	32458908	34153297	0.0326013103789127
uc	0.000972596	0.00175594	FALSE	0.0115514	2264	18	32458908	34153297	0.0243210684563758
cad	0.000106988	0.000207697	FALSE	0.00187417	2264	18	32458908	34153297	0.00433438529828109
psa	0.000996178	0.00207081	FALSE	0.0851226	2265	18	34153298	36056932	0.144671248558952
crohn	0.00138304	0.00239501	FALSE	0.0030649	2265	18	34153298	36056932	0.00785204885321101
uc	0.00119114	0.0021505	FALSE	0.00347739	2265	18	34153298	36056932	0.00943924405438813
cad	9.50797e-05	0.00018458	FALSE	0.00502296	2265	18	34153298	36056932	0.00990302544827586
psoriasis	0.000224022	0.00078365	FALSE	0.0595388	2266	18	36056933	37679127	0.0912731071682044
psa	0.000214626	0.000446154	FALSE	0.331624	2266	18	36056933	37679127	0.37629172244898
crohn	0.000177246	0.000306936	FALSE	0.296328	2266	18	36056933	37679127	0.320869073643411
cad	0.000154322	0.000299587	FALSE	6.72875e-07	2266	18	36056933	37679127	5.01258998371335e-06
psa	0.000389849	0.000810401	FALSE	0.20127	2267	18	37679128	38498381	0.263043263935527
cad	9.99496e-06	1.94034e-05	FALSE	0.316227	2267	18	37679128	38498381	0.330082678685532
psoriasis	0.000358498	0.00125406	FALSE	0.00648395	2268	18	38498382	39410165	0.0151082330097087
psa	0.00107671	0.00223822	FALSE	0.0245683	2268	18	38498382	39410165	0.0602139947103275
crohn	0.000367036	0.000635597	FALSE	0.13777	2268	18	38498382	39410165	0.1718471133445
uc	0.000903429	0.00163106	FALSE	0.00293015	2268	18	38498382	39410165	0.00832420362225097
cad	1.82587e-05	3.54459e-05	FALSE	0.222374	2268	18	38498382	39410165	0.244857649494463
psoriasis	0.000209755	0.000733742	FALSE	0.0499016	2269	18	39410166	40471407	0.0795479380073801
crohn	0.000101401	0.000175596	FALSE	0.35399	2269	18	39410166	40471407	0.372322815442561
uc	0.000109765	0.000198171	FALSE	0.326788	2269	18	39410166	40471407	0.354733785467128
cad	3.18568e-05	6.18441e-05	FALSE	0.0875316	2269	18	39410166	40471407	0.112085537066069
psa	0.000189024	0.000392935	FALSE	0.334246	2270	18	40471408	41425454	0.378384360674811
crohn	0.00171038	0.00296187	FALSE	6.37456e-06	2270	18	40471408	41425454	4.31538395151515e-05
uc	0.000111423	0.000201165	FALSE	0.330438	2270	18	40471408	41425454	0.357459038423645
cad	7.99586e-05	0.000155225	FALSE	0.0014831	2270	18	40471408	41425454	0.00363932371244635
psoriasis	0.000100874	0.000352866	FALSE	0.26875	2271	18	41425455	42974165	0.303767660910518
psa	0.000816452	0.00169721	FALSE	0.113542	2271	18	41425455	42974165	0.177614736334405
crohn	0.00191986	0.00332462	FALSE	5.616e-05	2271	18	41425455	42974165	0.000276346784140969
uc	0.000161068	0.000290795	FALSE	0.325689	2271	18	41425455	42974165	0.353715649851632
cad	0.000158169	0.000307055	FALSE	1.0478e-05	2271	18	41425455	42974165	5.26663428571429e-05
psoriasis	0.000418126	0.00146264	FALSE	0.0186578	2272	18	42974166	44300145	0.035197247161572
psa	0.00102377	0.00212816	FALSE	0.0892324	2272	18	42974166	44300145	0.149929645556514
crohn	0.0026451	0.00458052	FALSE	1.35362e-06	2272	18	42974166	44300145	1.1766486692607e-05
uc	0.00172981	0.00312302	FALSE	0.000143246	2272	18	42974166	44300145	0.000719835734553776
cad	0.000246338	0.000478219	FALSE	5.01997e-09	2272	18	42974166	44300145	6.87465352694611e-08
psoriasis	0.00052893	0.00185025	FALSE	0.00213812	2273	18	44300146	45718492	0.00598230466321244
psa	0.00107373	0.00223201	FALSE	0.0580971	2273	18	44300146	45718492	0.110442531445312
crohn	8.30506e-05	0.000143819	FALSE	0.40959	2273	18	44300146	45718492	0.421348651012891
uc	0.000242685	0.000438147	FALSE	0.253647	2273	18	44300146	45718492	0.287383804022692
cad	0.000149235	0.000289713	FALSE	2.29744e-05	2273	18	44300146	45718492	0.000101629502514507
psoriasis	0.00097441	0.00340858	FALSE	4.0751e-06	2274	18	45718493	46558306	3.21248759124088e-05
psa	0.00360271	0.00748915	FALSE	1.0791e-05	2274	18	45718493	46558306	0.000229803767741936
crohn	0.00352848	0.00611027	FALSE	9.49708e-10	2274	18	45718493	46558306	2.2813415827957e-08
uc	0.00254425	0.00459341	FALSE	1.82225e-07	2274	18	45718493	46558306	3.00876766917293e-06
cad	0.000256003	0.000496982	FALSE	1.61507e-09	2274	18	45718493	46558306	2.4789698590604e-08
psoriasis	0.000187269	0.000655084	FALSE	0.0767677	2275	18	46558307	47455925	0.110989445783133
crohn	0.00126033	0.00218252	FALSE	0.000406943	2275	18	46558307	47455925	0.00143167033385827
uc	0.000438266	0.000791252	FALSE	0.0693028	2275	18	46558307	47455925	0.101256785628743
cad	0.000190474	0.00036977	FALSE	7.48696e-10	2275	18	46558307	47455925	1.29717253939394e-08
psoriasis	0.000460587	0.00161118	FALSE	0.00244302	2276	18	47455926	48228379	0.00670511207115629
psa	0.000270883	0.0005631	FALSE	0.308203	2276	18	47455926	48228379	0.356577311533888
crohn	0.00146586	0.00253843	FALSE	0.000339077	2276	18	47455926	48228379	0.00123371012703583
uc	0.000187419	0.000338368	FALSE	0.276441	2276	18	47455926	48228379	0.308624522623284
cad	0.000106781	0.000207295	FALSE	0.000382844	2276	18	47455926	48228379	0.00117525399731544
psoriasis	0.000760994	0.00266203	FALSE	8.17694e-05	2277	18	48228380	49790996	0.000403246356164384
psa	0.000702624	0.00146058	FALSE	0.15714	2277	18	48228380	49790996	0.223657802775749
crohn	0.0027926	0.00483594	FALSE	1.23947e-07	2277	18	48228380	49790996	1.44972564397906e-06
uc	0.00236184	0.00426409	FALSE	2.77583e-07	2277	18	48228380	49790996	4.38034551428571e-06
cad	8.75554e-05	0.000169972	FALSE	0.00768226	2277	18	48228380	49790996	0.0141215177751004
psoriasis	0.0001908	0.000667437	FALSE	0.076666	2278	18	49790997	50372823	0.110989445783133
crohn	0.000787996	0.00136457	FALSE	0.0141528	2278	18	49790997	50372823	0.0269313076660988
uc	0.00105647	0.00190736	FALSE	0.000728397	2278	18	49790997	50372823	0.00264827783443709
cad	2.96138e-05	5.74896e-05	FALSE	0.115602	2278	18	49790997	50372823	0.14191184863124
crohn	8.96334e-05	0.000155218	FALSE	0.328018	2279	18	50372824	51060986	0.348948672380952
uc	0.000317565	0.000573336	FALSE	0.069285	2279	18	50372824	51060986	0.101256785628743
cad	3.29511e-05	6.39683e-05	FALSE	0.0377161	2279	18	50372824	51060986	0.0551161154632588
psoriasis	0.00152333	0.00532874	FALSE	1.32518e-17	2280	18	51060987	52512523	7.73618594594595e-16
psa	0.0013716	0.00285122	FALSE	0.00493333	2280	18	51060987	52512523	0.01930873562249
crohn	0.00024646	0.000426796	FALSE	0.208575	2280	18	51060987	52512523	0.240060046367852
cad	6.08933e-05	0.000118213	FALSE	0.00817066	2280	18	51060987	52512523	0.014901355199362
psoriasis	0.000255781	0.000894748	FALSE	0.0494907	2281	18	52512524	53762996	0.0789949010339734
psa	0.00231234	0.0048068	FALSE	0.000246344	2281	18	52512524	53762996	0.00211801615789474
crohn	0.00118766	0.00205667	FALSE	0.00243611	2281	18	52512524	53762996	0.00646350325415677
uc	0.00153056	0.0027633	FALSE	4.03118e-05	2281	18	52512524	53762996	0.000261134846017699
cad	0.000105456	0.000204724	FALSE	0.000453837	2281	18	52512524	53762996	0.00135499375848564
psoriasis	8.7734e-05	0.000306902	FALSE	0.268168	2282	18	53762997	54957867	0.303387267015707
crohn	0.000291417	0.000504646	FALSE	0.216772	2282	18	53762997	54957867	0.24682397961264
cad	0.000172712	0.000335288	FALSE	2.19579e-07	2282	18	53762997	54957867	1.90218626136364e-06
crohn	0.00179943	0.00311607	FALSE	0.000113866	2283	18	54957868	55809315	0.000492977992248062
uc	0.000396414	0.00071569	FALSE	0.147399	2283	18	54957868	55809315	0.186814505190311
cad	2.58883e-05	5.02572e-05	FALSE	0.203504	2283	18	54957868	55809315	0.2272527578125
psoriasis	0.00101598	0.00355399	FALSE	3.8183e-07	2284	18	55809316	56832312	4.50684590163934e-06
psa	0.00105685	0.00219693	FALSE	0.0662363	2284	18	55809316	56832312	0.12091542195122
crohn	0.00187085	0.00323975	FALSE	0.000102833	2284	18	55809316	56832312	0.000455811353174603
uc	0.000185915	0.000335653	FALSE	0.30723	2284	18	55809316	56832312	0.337001538461538
cad	0.000178232	0.000346004	FALSE	1.74982e-06	2284	18	55809316	56832312	1.15697743641619e-05
psa	0.00128795	0.00267733	FALSE	0.0312244	2285	18	56832313	57635821	0.0706542818604651
crohn	0.000681266	0.00117975	FALSE	0.0629226	2285	18	56832313	57635821	0.0915323322916667
uc	0.000629936	0.00113729	FALSE	0.053784	2285	18	56832313	57635821	0.0828839747368421
cad	0.000155131	0.000301157	FALSE	1.19628e-05	2285	18	56832313	57635821	5.92184493506493e-05
crohn	0.000556892	0.00096437	FALSE	0.0548746	2286	18	57635822	58527236	0.0826077199460917
uc	0.000350651	0.00063307	FALSE	0.117831	2286	18	57635822	58527236	0.156590059214502
cad	8.56249e-05	0.000166225	FALSE	0.00106776	2286	18	57635822	58527236	0.00279721319587629
psoriasis	0.000628092	0.00219713	FALSE	0.000303067	2287	18	58527237	59449422	0.00119037913043478
psa	0.0009898	0.00205755	FALSE	0.0640564	2287	18	58527237	59449422	0.118492161977186
crohn	0.000984768	0.00170532	FALSE	0.0128265	2287	18	58527237	59449422	0.0250475533216783
uc	0.000591774	0.0010684	FALSE	0.0569064	2287	18	58527237	59449422	0.08678226
cad	0.00015917	0.000308998	FALSE	4.0229e-06	2287	18	58527237	59449422	2.31165133165829e-05
psoriasis	0.000481074	0.00168284	FALSE	0.00376123	2288	18	59449423	60780194	0.00954671774383079
psa	0.00290623	0.00604133	FALSE	4.3855e-05	2288	18	59449423	60780194	0.000542849550943396
crohn	0.00138586	0.0023999	FALSE	0.00151494	2288	18	59449423	60780194	0.00431295755414013
uc	0.00269763	0.00487034	FALSE	1.79544e-09	2288	18	59449423	60780194	5.32808951351351e-08
cad	5.88468e-05	0.00011424	FALSE	0.0359307	2288	18	59449423	60780194	0.0529110842342342
psoriasis	0.000537889	0.00188159	FALSE	0.00280891	2289	18	60780195	62074993	0.00754632537313433
psa	0.00110252	0.00229188	FALSE	0.0613708	2289	18	60780195	62074993	0.115166419286403
crohn	0.00221319	0.00383258	FALSE	1.06697e-05	2289	18	60780195	62074993	6.67678145658263e-05
uc	0.00127871	0.00230859	FALSE	0.00163765	2289	18	60780195	62074993	0.00518943636363636
cad	0.000136304	0.000264608	FALSE	0.000141111	2289	18	60780195	62074993	0.00050346467550702
psoriasis	0.000257644	0.000901264	FALSE	0.0395234	2290	18	62074994	63109755	0.0660251693735499
psa	0.00129908	0.00270048	FALSE	0.0135392	2290	18	62074994	63109755	0.0401635414634146
crohn	0.00103145	0.00178616	FALSE	0.00434576	2290	18	62074994	63109755	0.0103611823265742
uc	5.63035e-05	0.000101651	FALSE	0.410895	2290	18	62074994	63109755	0.422436994382022
cad	1.60439e-05	3.11462e-05	FALSE	0.260652	2290	18	62074994	63109755	0.280550494123178
psa	0.000542145	0.00112699	FALSE	0.138979	2291	18	63109756	64253143	0.204888737878788
crohn	0.000670045	0.00116032	FALSE	0.0270986	2291	18	63109756	64253143	0.0464606848810437
uc	0.00101297	0.00182883	FALSE	0.000936155	2291	18	63109756	64253143	0.00324258104100946
cad	4.8884e-05	9.48992e-05	FALSE	0.0280845	2291	18	63109756	64253143	0.0428480663775851
psoriasis	8.06942e-05	0.000282276	FALSE	0.267423	2292	18	64253144	65294195	0.30290177241741
psa	0.000212772	0.000442301	FALSE	0.330541	2292	18	64253144	65294195	0.375500750729714
crohn	0.000303373	0.000525352	FALSE	0.188903	2292	18	64253144	65294195	0.221876604626709
uc	0.000478453	0.000863805	FALSE	0.065816	2292	18	64253144	65294195	0.0971969979825151
psoriasis	0.000791168	0.00276758	FALSE	3.8181e-05	2293	18	65294196	66407960	0.000213103255813953
psa	0.000852319	0.00177176	FALSE	0.109642	2293	18	65294196	66407960	0.173325208773355
crohn	0.000733526	0.00127025	FALSE	0.0566219	2293	18	65294196	66407960	0.0845438422177689
uc	0.000724943	0.00130882	FALSE	0.0382994	2293	18	65294196	66407960	0.0624627501113586
cad	6.36886e-05	0.000123639	FALSE	0.0325775	2293	18	65294196	66407960	0.0488912278871391
psa	0.000162648	0.000338105	FALSE	0.358628	2294	18	66407961	67195980	0.397205513944223
uc	0.000281445	0.000508124	FALSE	0.166968	2294	18	66407961	67195980	0.20738785520362
cad	2.30902e-05	4.48254e-05	FALSE	0.172219	2294	18	66407961	67195980	0.196637470294558
psoriasis	0.000435527	0.00152351	FALSE	0.00621166	2295	18	67195981	68051035	0.0145364957746479
psa	0.00108212	0.00224946	FALSE	0.0460494	2295	18	67195981	68051035	0.0946273837381204
crohn	0.000187266	0.000324289	FALSE	0.309786	2295	18	67195981	68051035	0.332242882381181
cad	5.82077e-05	0.000112999	FALSE	0.0312845	2295	18	67195981	68051035	0.0471639100197759
psoriasis	5.60231e-05	0.000195974	FALSE	0.357686	2296	18	68051036	69311742	0.380030378750615
psa	0.0039849	0.00828363	FALSE	2.10876e-07	2296	18	68051036	69311742	1.32375708387097e-05
crohn	0.00082481	0.00142832	FALSE	0.0347491	2296	18	68051036	69311742	0.0567467027777778
uc	0.000966255	0.00174449	FALSE	0.00894766	2296	18	68051036	69311742	0.0197081859177533
cad	0.000148898	0.000289057	FALSE	2.48214e-05	2296	18	68051036	69311742	0.000108748164367816
psoriasis	0.00046807	0.00163735	FALSE	0.00718933	2297	18	69311743	70540349	0.0162436744769874
crohn	0.00163231	0.00282667	FALSE	0.000576852	2297	18	69311743	70540349	0.00192054749329359
uc	0.00152306	0.00274975	FALSE	0.000293217	2297	18	69311743	70540349	0.00124546331141199
cad	4.18031e-05	8.1153e-05	FALSE	0.108427	2297	18	69311743	70540349	0.135504125136612
psoriasis	0.000956814	0.00334703	FALSE	3.29741e-06	2298	18	70540350	71491860	2.62819394833948e-05
crohn	0.00269922	0.00467425	FALSE	4.1357e-07	2298	18	70540350	71491860	4.19961536363636e-06
uc	0.00261569	0.00472241	FALSE	3.87989e-08	2298	18	70540350	71491860	7.74567130909091e-07
cad	9.32065e-05	0.000180943	FALSE	0.00593365	2298	18	70540350	71491860	0.0113315313856427
psoriasis	0.000712813	0.00249349	FALSE	0.000531041	2299	18	71491861	72785206	0.00190539627906977
psa	0.00170959	0.00355382	FALSE	0.0171874	2299	18	71491861	72785206	0.0471744434414669
crohn	0.000626916	0.00108563	FALSE	0.108937	2299	18	71491861	72785206	0.141903940524781
uc	0.00130662	0.00235899	FALSE	0.00294689	2299	18	71491861	72785206	0.00833939489690722
cad	7.08727e-05	0.000137586	FALSE	0.0329539	2299	18	71491861	72785206	0.049420045442623
psoriasis	0.000859762	0.00300753	FALSE	9.55822e-06	2300	18	72785207	73568260	6.85905488372093e-05
psa	0.00205606	0.00427406	FALSE	0.00263308	2300	18	72785207	73568260	0.0126206248275862
crohn	0.00132695	0.00229788	FALSE	0.00294518	2300	18	72785207	73568260	0.00758010612903226
uc	0.000374806	0.00067668	FALSE	0.165814	2300	18	72785207	73568260	0.206304557507082
cad	8.1405e-05	0.000158033	FALSE	0.00980669	2300	18	72785207	73568260	0.0173456303402939
psoriasis	0.000576503	0.00201666	FALSE	0.00258806	2301	18	73568261	74471745	0.00704056624685139
psa	0.00265171	0.00551226	FALSE	0.000527515	2301	18	73568261	74471745	0.00377405952205882
crohn	0.00243614	0.00421866	FALSE	4.95312e-06	2301	18	73568261	74471745	3.55796465594855e-05
uc	0.00132889	0.00239919	FALSE	0.00186953	2301	18	73568261	74471745	0.00572672083682008
cad	0.000111967	0.000217364	FALSE	0.00184253	2301	18	73568261	74471745	0.00427803665989848
psoriasis	0.000253725	0.000887553	FALSE	0.0886599	2302	18	74471746	75240760	0.124840537157758
psa	0.00184242	0.00382994	FALSE	0.00825027	2302	18	74471746	75240760	0.0277880383044983
crohn	0.00213139	0.00369093	FALSE	3.21078e-05	2302	18	74471746	75240760	0.000172011571223022
uc	0.00124901	0.00225498	FALSE	0.00262556	2302	18	74471746	75240760	0.00757651742444152
cad	0.000238551	0.000463101	FALSE	5.1758e-09	2302	18	74471746	75240760	7.03532623668639e-08
psoriasis	0.000284917	0.000996667	FALSE	0.0677668	2303	18	75240761	76231685	0.101088596685083
psa	0.00132019	0.00274435	FALSE	0.0396141	2303	18	75240761	76231685	0.0840665633587786
crohn	0.00294736	0.00510395	FALSE	6.73985e-08	2303	18	75240761	76231685	8.50668073446328e-07
uc	0.00271829	0.00490764	FALSE	1.81724e-08	2303	18	75240761	76231685	3.95114756435644e-07
cad	0.000145646	0.000282745	FALSE	9.8726e-05	2303	18	75240761	76231685	0.00036594223987034
psoriasis	0.00021546	0.000753699	FALSE	0.0812411	2304	18	76231686	77148137	0.116521099601594
psa	0.000796897	0.00165655	FALSE	0.0922545	2304	18	76231686	77148137	0.152789154893617
uc	0.00130375	0.0023538	FALSE	0.000324299	2304	18	76231686	77148137	0.0013590851221374
cad	4.99684e-05	9.70044e-05	FALSE	0.0456236	2304	18	76231686	77148137	0.0649291681393902
psoriasis	0.000390602	0.00136636	FALSE	0.00826117	2305	18	77148138	78017072	0.0182082930612245
crohn	0.00204971	0.00354948	FALSE	3.14326e-06	2305	18	77148138	78017072	2.42139408275862e-05
uc	0.00198085	0.00357625	FALSE	4.68035e-07	2305	18	77148138	78017072	6.76187407894737e-06
cad	7.46111e-05	0.000144843	FALSE	0.00726575	2305	18	77148138	78017072	0.0134628190121457
psoriasis	0.000685489	0.0023979	FALSE	5.93314e-05	2306	19	64705	762046	0.000313339422982885
psa	0.00200341	0.0041646	FALSE	0.000624132	2306	19	64705	762046	0.00420799269204152
crohn	0.00137676	0.00238413	FALSE	0.000382264	2306	19	64705	762046	0.0013663644416
uc	0.000253647	0.000457937	FALSE	0.204348	2306	19	64705	762046	0.242697786911844
psoriasis	0.00133719	0.00467763	FALSE	6.30271e-11	2307	19	762047	1515920	1.74536584615385e-09
psa	0.000114099	0.000237183	FALSE	0.411776	2307	19	762047	1515920	0.435261323193916
crohn	0.00582343	0.0100844	FALSE	5.79583e-24	2307	19	762047	1515920	9.24848872857143e-22
uc	0.00185912	0.00335648	FALSE	4.37936e-06	2307	19	762047	1515920	4.07503159322034e-05
cad	5.67498e-05	0.000110169	FALSE	0.0353239	2307	19	762047	1515920	0.0522209174531351
psoriasis	0.000872107	0.00305072	FALSE	1.67146e-06	2308	19	1515921	2253174	1.51060820083682e-05
psa	0.00166818	0.00346773	FALSE	0.00459712	2308	19	1515921	2253174	0.0184845071900826
crohn	0.000536687	0.000929381	FALSE	0.0857769	2308	19	1515921	2253174	0.116065089951574
uc	0.00107957	0.00194906	FALSE	0.00186979	2308	19	1515921	2253174	0.00572672083682008
cad	0.000113192	0.00021974	FALSE	0.000218245	2308	19	1515921	2253174	0.000736592777286136
psoriasis	0.00130822	0.00457629	FALSE	9.087e-10	2309	19	2253175	3085446	1.962792e-08
psa	0.00193035	0.00401273	FALSE	0.00362066	2309	19	2253175	3085446	0.01555365200883
crohn	0.00159297	0.00275854	FALSE	0.000480051	2309	19	2253175	3085446	0.00164483732208589
uc	0.00110127	0.00198825	FALSE	0.00376577	2309	19	2253175	3085446	0.0100359598543689
cad	0.000154674	0.00030027	FALSE	1.31351e-05	2309	19	2253175	3085446	6.37791373673036e-05
psoriasis	0.000383697	0.00134221	FALSE	0.016759	2310	19	3085447	3893909	0.0322920963425513
psa	0.000976832	0.0020306	FALSE	0.0701318	2310	19	3085447	3893909	0.125784776774194
crohn	0.00117336	0.00203191	FALSE	0.00511235	2310	19	3085447	3893909	0.0119217013569937
uc	0.000975865	0.00176184	FALSE	0.00712751	2310	19	3085447	3893909	0.0166147871186441
cad	2.39067e-05	4.64104e-05	FALSE	0.215414	2310	19	3085447	3893909	0.238572308958838
psoriasis	0.00112933	0.0039505	FALSE	3.94606e-09	2311	19	3893910	4741718	7.27850440677966e-08
psa	0.000810906	0.00168568	FALSE	0.0919798	2311	19	3893910	4741718	0.152575848211244
crohn	0.00152167	0.00263507	FALSE	0.000297827	2311	19	3893910	4741718	0.00110706408985025
uc	0.000607104	0.00109607	FALSE	0.0448442	2311	19	3893910	4741718	0.0708473835971223
cad	8.34107e-05	0.000161926	FALSE	0.00408013	2311	19	3893910	4741718	0.00830183034697509
psoriasis	0.000659812	0.00230809	FALSE	0.000138046	2312	19	4741719	5478684	0.000627746021052632
psa	0.00304714	0.00633425	FALSE	1.22778e-05	2312	19	4741719	5478684	0.000246091557142857
crohn	0.0015641	0.00270855	FALSE	0.000320513	2312	19	4741719	5478684	0.0011757406272578
uc	0.000557138	0.00100586	FALSE	0.0648039	2312	19	4741719	5478684	0.0959604614969656
cad	4.78481e-05	9.28881e-05	FALSE	0.0610539	2312	19	4741719	5478684	0.0831132555357143
psoriasis	5.61761e-05	0.000196509	FALSE	0.351252	2313	19	5478685	6455428	0.376528198511166
psa	0.000147535	0.00030669	FALSE	0.392087	2313	19	5478685	6455428	0.420959621621622
crohn	0.00111044	0.00192295	FALSE	0.00616751	2313	19	5478685	6455428	0.013931463437816
uc	0.00152257	0.00274887	FALSE	9.87845e-05	2313	19	5478685	6455428	0.000545052165829146
cad	5.24424e-05	0.000101807	FALSE	0.0473832	2313	19	5478685	6455428	0.0669379049413218
psoriasis	0.00108559	0.00379749	FALSE	2.69869e-07	2314	19	6455429	7249359	3.29331661016949e-06
psa	0.00200395	0.00416572	FALSE	0.00392819	2314	19	6455429	7249359	0.0163688602569593
crohn	0.00120634	0.00208901	FALSE	0.00689767	2314	19	6455429	7249359	0.0151667271456693
uc	0.000194177	0.00035057	FALSE	0.303807	2314	19	6455429	7249359	0.334081207811718
cad	0.000190954	0.000370701	FALSE	6.29124e-07	2314	19	6455429	7249359	4.79602196e-06
psoriasis	0.00086559	0.00302792	FALSE	6.84707e-06	2315	19	7249360	8199016	5.11753328719723e-05
psa	0.000903728	0.00187863	FALSE	0.089594	2315	19	7249360	8199016	0.150172199827735
crohn	0.000832788	0.00144214	FALSE	0.0327445	2315	19	7249360	8199016	0.0540629649926145
uc	0.000852718	0.00153951	FALSE	0.0167931	2315	19	7249360	8199016	0.0326062312997347
cad	0.0001088	0.000211215	FALSE	0.000983676	2315	19	7249360	8199016	0.00261893715017462
psoriasis	0.000385164	0.00134734	FALSE	0.00957763	2316	19	8199017	9105577	0.0205438736842105
psa	0.00150875	0.00313633	FALSE	0.00883	2316	19	8199017	9105577	0.0291240338983051
crohn	0.000266345	0.000461229	FALSE	0.237132	2316	19	8199017	9105577	0.265940204819277
uc	0.00074234	0.00134023	FALSE	0.0193844	2316	19	8199017	9105577	0.0364765573264781
cad	0.000173645	0.000337099	FALSE	2.26785e-07	2316	19	8199017	9105577	1.94983945488722e-06
psoriasis	0.000130706	0.000457221	FALSE	0.130086	2317	19	9105578	10028840	0.169882563482467
psa	0.000880879	0.00183113	FALSE	0.0316106	2317	19	9105578	10028840	0.0712795221320973
crohn	2.42444e-05	4.19841e-05	FALSE	0.444152	2317	19	9105578	10028840	0.450401982750794
uc	0.000574714	0.0010376	FALSE	0.0186982	2317	19	9105578	10028840	0.0353976268965517
cad	8.11167e-05	0.000157473	FALSE	0.000572662	2317	19	9105578	10028840	0.00164946850629723
psoriasis	0.0071045	0.0248522	FALSE	6.95259e-97	2318	19	10028841	11681978	7.5087972e-94
psa	0.00500461	0.0104034	FALSE	6.02495e-09	2318	19	10028841	11681978	6.51364038888889e-07
crohn	0.00614778	0.0106461	FALSE	7.9826e-22	2318	19	10028841	11681978	1.04900755294118e-19
uc	0.00342404	0.0061818	FALSE	2.04033e-11	2318	19	10028841	11681978	1.01831015454545e-09
cad	0.000995163	0.00193192	FALSE	2.90384e-65	2318	19	10028841	11681978	1.10684701333333e-62
psoriasis	0.000500746	0.00175166	FALSE	0.000641378	2319	19	11681979	13213186	0.00218513640378549
crohn	0.000725668	0.00125664	FALSE	0.0251472	2319	19	11681979	13213186	0.043621579674166
uc	0.000435276	0.000785853	FALSE	0.082312	2319	19	11681979	13213186	0.116317343629344
cad	8.94719e-05	0.000173693	FALSE	0.00100769	2319	19	11681979	13213186	0.00266426246242775
psoriasis	0.000600022	0.00209893	FALSE	0.000310706	2320	19	13213187	13968319	0.00120705928057554
psa	8.90729e-05	0.000185161	FALSE	0.423586	2320	19	13213187	13968319	0.443884270386266
crohn	0.00152513	0.00264106	FALSE	0.000257578	2320	19	13213187	13968319	0.000973653556683587
uc	0.000182022	0.000328625	FALSE	0.284768	2320	19	13213187	13968319	0.316312861911988
cad	6.67724e-05	0.000129626	FALSE	0.0142955	2320	19	13213187	13968319	0.0239515080586081
psoriasis	0.000340419	0.00119082	FALSE	0.0197138	2321	19	13968320	14891100	0.0367401276962899
psa	0.000242461	0.000504018	FALSE	0.327632	2321	19	13968320	14891100	0.373504318687756
crohn	0.000694148	0.00120206	FALSE	0.0429324	2321	19	13968320	14891100	0.0678775524416136
uc	0.000678036	0.00122413	FALSE	0.0289202	2321	19	13968320	14891100	0.0502840532066508
cad	8.50479e-05	0.000165105	FALSE	0.00328037	2321	19	13968320	14891100	0.00688907822773186
psoriasis	0.000614074	0.00214809	FALSE	0.000100887	2322	19	14891101	15650185	0.000474762352941176
psa	0.000442604	0.000920066	FALSE	0.208406	2322	19	14891101	15650185	0.269294871181939
crohn	0.00215091	0.00372474	FALSE	6.21886e-07	2322	19	14891101	15650185	5.98855476724138e-06
uc	0.000615869	0.0011119	FALSE	0.0339648	2322	19	14891101	15650185	0.0567630904109589
cad	7.47052e-07	1.45026e-06	FALSE	0.470844	2322	19	14891101	15650185	0.471668956636005
psoriasis	0.000125788	0.000440019	FALSE	0.119121	2323	19	15650186	16079006	0.158349932307692
psa	0.000470084	0.000977189	FALSE	0.129255	2323	19	15650186	16079006	0.195135942591156
crohn	2.61055e-05	4.52069e-05	FALSE	0.437414	2323	19	15650186	16079006	0.444780553482021
uc	0.000344467	0.000621904	FALSE	0.079971	2323	19	15650186	16079006	0.113520566257272
cad	6.75487e-05	0.000131133	FALSE	0.00167403	2323	19	15650186	16079006	0.00396599383660807
psoriasis	0.000488741	0.00170966	FALSE	0.00129715	2324	19	16079007	17045963	0.0039241512605042
uc	0.00075348	0.00136034	FALSE	0.0142831	2324	19	16079007	17045963	0.0287494845096242
cad	8.60607e-05	0.000167071	FALSE	0.00202455	2324	19	16079007	17045963	0.00461629695912263
psoriasis	0.000326808	0.0011432	FALSE	0.0196361	2325	19	17045964	17750518	0.0366269222797927
psa	0.000126061	0.000262051	FALSE	0.396232	2325	19	17045964	17750518	0.423663446153846
crohn	0.000376827	0.000652552	FALSE	0.155866	2325	19	17045964	17750518	0.190483616183707
uc	0.00114515	0.00206746	FALSE	0.000915243	2325	19	17045964	17750518	0.00318017979113924
cad	0.000161939	0.000314375	FALSE	5.90682e-07	2325	19	17045964	17750518	4.56381666891892e-06
psoriasis	0.000628365	0.00219808	FALSE	0.000344216	2326	19	17750519	18504867	0.00132061555950266
psa	0.000624865	0.00129894	FALSE	0.15998	2326	19	17750519	18504867	0.226394559186638
crohn	0.0021116	0.00365667	FALSE	5.93573e-06	2326	19	17750519	18504867	4.09272247530864e-05
uc	0.00173061	0.00312446	FALSE	1.76567e-05	2326	19	17750519	18504867	0.000130114473825503
cad	0.000398908	0.000774406	FALSE	3.04244e-21	2326	19	17750519	18504867	2.67617703076923e-19
psoriasis	0.00100356	0.00351054	FALSE	2.71689e-09	2327	19	18504868	19749166	5.28692108108108e-08
psa	0.000970124	0.00201665	FALSE	0.0386032	2327	19	18504868	19749166	0.0822802050383351
crohn	0.00075874	0.00131391	FALSE	0.0190836	2327	19	18504868	19749166	0.034548429821718
uc	0.000854893	0.00154343	FALSE	0.00477223	2327	19	18504868	19749166	0.0120735219815668
cad	0.000105488	0.000204785	FALSE	0.00015097	2327	19	18504868	19749166	0.000533230990740741
psoriasis	0.000147256	0.000515117	FALSE	0.10343	2328	19	19749167	20485499	0.141668332276474
psa	0.00154947	0.00322098	FALSE	0.00127431	2328	19	19749167	20485499	0.00727216205278592
crohn	8.39192e-05	0.000145323	FALSE	0.367056	2328	19	19749167	20485499	0.383896584269663
uc	0.000577775	0.00104312	FALSE	0.0188158	2328	19	19749167	20485499	0.0355895751937984
cad	0.000151527	0.000294161	FALSE	3.55483e-08	2328	19	19749167	20485499	3.83485670283019e-07
psoriasis	4.24554e-05	0.000148513	FALSE	0.27676	2329	19	20485500	21155862	0.310869266770671
crohn	0.000142056	0.000245999	FALSE	0.227165	2329	19	20485500	21155862	0.255918613212305
psa	0.000300027	0.000623684	FALSE	0.1589	2330	19	21155863	21822653	0.225050509461427
uc	0.000558071	0.00100755	FALSE	0.00356272	2330	19	21155863	21822653	0.00961146574938575
cad	2.54575e-05	4.9421e-05	FALSE	0.0527114	2330	19	21155863	21822653	0.0732387434993925
psoriasis	9.39113e-05	0.000328511	FALSE	0.176865	2331	19	21822654	22729408	0.218052739726027
psa	0.000110773	0.00023027	FALSE	0.369203	2331	19	21822654	22729408	0.405914710734463
crohn	0.000327351	0.000566874	FALSE	0.110938	2331	19	21822654	22729408	0.144006677513074
uc	0.00013761	0.000248443	FALSE	0.261342	2331	19	21822654	22729408	0.293708818833163
cad	6.9588e-05	0.000135092	FALSE	0.00108828	2331	19	21822654	22729408	0.00283796620296465
psoriasis	0.000315085	0.0011022	FALSE	0.00234908	2332	19	22729409	23468992	0.0064885074168798
psa	0.000892969	0.00185626	FALSE	0.0140373	2332	19	22729409	23468992	0.041077572631579
uc	0.00021954	0.000396361	FALSE	0.146291	2332	19	22729409	23468992	0.185911479166667
cad	6.6534e-05	0.000129163	FALSE	0.000781484	2332	19	22729409	23468992	0.00213786352631579
crohn	0.000165203	0.000286082	FALSE	0.159625	2333	19	23468993	24567341	0.193910957041871
uc	0.000201411	0.000363629	FALSE	0.0948258	2333	19	23468993	24567341	0.130802422613065
cad	2.47096e-06	4.79691e-06	FALSE	0.384522	2333	19	23468993	24567341	0.393468373154362
uc	4.14196e-05	7.47794e-05	FALSE	0.380929	2334	19	24567342	28555845	0.398722632983794
psoriasis	0.000239914	0.000839242	FALSE	0.0398987	2335	19	28555846	29389090	0.0663953713405239
psa	0.00108794	0.00226155	FALSE	0.0230254	2335	19	28555846	29389090	0.0574045115089514
crohn	0.000421472	0.000729864	FALSE	0.107007	2335	19	28555846	29389090	0.139552619964974
uc	0.000636427	0.00114901	FALSE	0.0211359	2335	19	28555846	29389090	0.038997238590604
cad	7.80196e-05	0.00015146	FALSE	0.00230755	2335	19	28555846	29389090	0.00515871637341153
psoriasis	0.000436001	0.00152517	FALSE	0.00742672	2336	19	29389091	30375792	0.0166063304347826
psa	0.00197037	0.00409592	FALSE	0.00277328	2336	19	29389091	30375792	0.013024038746988
crohn	0.00232526	0.00402665	FALSE	1.66885e-06	2336	19	29389091	30375792	1.39633367041199e-05
uc	0.00102601	0.00185237	FALSE	0.00550748	2336	19	29389091	30375792	0.0136660181694915
cad	0.000108032	0.000209723	FALSE	0.000938755	2336	19	29389091	30375792	0.00253176024174528
psoriasis	0.00104761	0.00366463	FALSE	2.18527e-07	2337	19	30375793	31763008	2.76034105263158e-06
psa	0.00126386	0.00262726	FALSE	0.0371315	2337	19	30375793	31763008	0.0802913113333333
crohn	0.00190129	0.00329246	FALSE	7.74309e-05	2337	19	30375793	31763008	0.000358880976348548
uc	0.00131605	0.00237602	FALSE	0.00106827	2337	19	30375793	31763008	0.00365702411214953
cad	5.61373e-05	0.00010898	FALSE	0.0489468	2337	19	30375793	31763008	0.0687178217311234
psoriasis	0.000459584	0.00160767	FALSE	0.00498048	2338	19	31763009	33028099	0.012101053768279
psa	0.00333482	0.00693228	FALSE	4.25671e-06	2338	19	31763009	33028099	0.000128936870461538
crohn	0.00165983	0.00287432	FALSE	0.000226695	2338	19	31763009	33028099	0.000875338975862069
uc	0.00100282	0.00181051	FALSE	0.00588278	2338	19	31763009	33028099	0.0143859519821826
cad	0.000149904	0.000291011	FALSE	1.42346e-05	2338	19	31763009	33028099	6.79635286012526e-05
psoriasis	4.03176e-05	0.000141035	FALSE	0.364702	2339	19	33028100	33785835	0.386455854973052
crohn	0.00320727	0.00555404	FALSE	1.69537e-12	2339	19	33028100	33785835	7.57491316e-11
uc	0.00234039	0.00422537	FALSE	8.35875e-10	2339	19	33028100	33785835	2.73967388059701e-08
cad	0.000141606	0.000274901	FALSE	2.01256e-06	2339	19	33028100	33785835	1.30388802266289e-05
psoriasis	0.000724434	0.00253414	FALSE	7.04137e-05	2340	19	33785836	34633274	0.000357867275294118
psa	0.000584038	0.00121407	FALSE	0.182953	2340	19	33785836	34633274	0.247412465601112
crohn	0.00203028	0.00351584	FALSE	1.84219e-05	2340	19	33785836	34633274	0.000105795693059126
uc	0.000738722	0.0013337	FALSE	0.0300668	2340	19	33785836	34633274	0.0517306750195771
cad	0.000151897	0.000294879	FALSE	1.45983e-05	2340	19	33785836	34633274	6.9122799378882e-05
crohn	0.00113869	0.00197187	FALSE	0.00195794	2341	19	34633275	35649343	0.00535377963280294
uc	0.00033148	0.000598458	FALSE	0.142466	2341	19	34633275	35649343	0.18199845026178
cad	4.52071e-06	8.77612e-06	FALSE	0.413129	2341	19	34633275	35649343	0.419177472493345
psoriasis	0.000608808	0.00212967	FALSE	0.000529878	2342	19	35649344	36638122	0.00190438682196339
psa	0.000321435	0.000668185	FALSE	0.299053	2342	19	35649344	36638122	0.348639300598802
crohn	0.00112004	0.00193957	FALSE	0.00703441	2342	19	35649344	36638122	0.0153916473457395
uc	7.91407e-05	0.000142882	FALSE	0.400911	2342	19	35649344	36638122	0.415283281132076
cad	0.000105009	0.000203856	FALSE	0.00115089	2342	19	35649344	36638122	0.00295739935955056
psoriasis	0.000394349	0.00137947	FALSE	0.000584025	2343	19	36638123	38472870	0.0020374304516129
psa	0.000703441	0.00146228	FALSE	0.0481029	2343	19	36638123	38472870	0.0972048218068536
crohn	0.00104784	0.00181454	FALSE	0.000387953	2343	19	36638123	38472870	0.00137929287619048
uc	0.000181397	0.000327496	FALSE	0.205778	2343	19	36638123	38472870	0.243737048543689
cad	0.000121411	0.000235697	FALSE	6.4178e-07	2343	19	36638123	38472870	4.84406224422442e-06
psoriasis	0.000341338	0.00119403	FALSE	0.0111501	2344	19	38472871	39370419	0.0232248948891032
psa	0.00141924	0.00295026	FALSE	0.00795079	2344	19	38472871	39370419	0.0270967378984238
crohn	0.0014302	0.00247668	FALSE	0.00021908	2344	19	38472871	39370419	0.000851760093913043
cad	3.70496e-05	7.19248e-05	FALSE	0.0826911	2344	19	38472871	39370419	0.106904774279254
psoriasis	0.000660275	0.00230971	FALSE	2.58595e-05	2345	19	39370420	40171413	0.000156023798882682
psa	1.32928e-06	2.76325e-06	FALSE	0.480304	2345	19	39370420	40171413	0.480798139917696
uc	0.00174181	0.00314469	FALSE	1.69167e-06	2345	19	39370420	40171413	1.9348475625e-05
cad	4.08243e-05	7.92528e-05	FALSE	0.064861	2345	19	39370420	40171413	0.0874629168632075
psoriasis	0.000228725	0.000800101	FALSE	0.0434439	2346	19	40171414	41004105	0.0711978937784522
psa	0.000398495	0.000828373	FALSE	0.204592	2346	19	40171414	41004105	0.266133711229947
crohn	0.000424776	0.000735585	FALSE	0.0996196	2346	19	40171414	41004105	0.131220628773585
uc	5.71194e-05	0.000103124	FALSE	0.401136	2346	19	40171414	41004105	0.415320441301273
cad	2.12692e-05	4.12901e-05	FALSE	0.182581	2346	19	40171414	41004105	0.206305705039526
psoriasis	0.000108162	0.000378362	FALSE	0.212969	2347	19	41004106	41733463	0.252829186813187
crohn	0.00171677	0.00297294	FALSE	2.12235e-05	2347	19	41004106	41733463	0.000119730553030303
uc	0.000822003	0.00148405	FALSE	0.00770336	2347	19	41004106	41733463	0.0176398108029197
cad	5.13877e-05	9.97595e-05	FALSE	0.0315642	2347	19	41004106	41733463	0.0474604374753452
psoriasis	9.90136e-05	0.000346359	FALSE	0.212944	2348	19	41733464	43317282	0.252829186813187
psa	0.000336133	0.00069874	FALSE	0.239474	2348	19	41733464	43317282	0.297583910600255
crohn	0.00125468	0.00217274	FALSE	0.000404671	2348	19	41733464	43317282	0.00142592273501577
uc	0.00106878	0.00192959	FALSE	0.000536674	2348	19	41733464	43317282	0.00205319878745645
cad	0.000410989	0.000797858	FALSE	2.40267e-27	2348	19	41733464	43317282	3.05272571666667e-25
psoriasis	3.75029e-05	0.000131189	FALSE	0.334716	2349	19	43317283	43960958	0.362036334501753
crohn	0.000351492	0.000608679	FALSE	0.0766219	2349	19	43317283	43960958	0.106517314623522
uc	0.000189713	0.000342511	FALSE	0.174809	2349	19	43317283	43960958	0.214338673366834
cad	2.38237e-06	4.62493e-06	FALSE	0.418277	2349	19	43317283	43960958	0.42383672972973
psoriasis	0.000850258	0.00297428	FALSE	1.30696e-06	2350	19	43960959	45040932	1.24362713656388e-05
psa	0.00133775	0.00278086	FALSE	0.0169372	2350	19	43960959	45040932	0.0467508583569405
crohn	0.000647436	0.00112117	FALSE	0.0535121	2350	19	43960959	45040932	0.080883647767253
uc	0.0020076	0.00362454	FALSE	4.38433e-07	2350	19	43960959	45040932	6.46173736912752e-06
cad	0.000139685	0.000271173	FALSE	1.40641e-05	2350	19	43960959	45040932	6.77149404210526e-05
psoriasis	0.00101193	0.00353983	FALSE	6.43901e-08	2351	19	45040933	45893307	8.973072e-07
psa	0.00201926	0.00419756	FALSE	0.0014889	2351	19	45040933	45893307	0.00812228784313726
crohn	0.00104006	0.00180107	FALSE	0.00828348	2351	19	45040933	45893307	0.0176745886532951
uc	0.00151067	0.00272738	FALSE	8.85618e-05	2351	19	45040933	45893307	0.000498687387692308
cad	0.000957093	0.00185802	FALSE	1.0877e-70	2351	19	45040933	45893307	6.21892475e-68
psoriasis	0.000474439	0.00165963	FALSE	0.00163219	2352	19	45893308	46765060	0.00479664
psa	0.00133105	0.00276694	FALSE	0.0142649	2352	19	45893308	46765060	0.0415843669150522
crohn	0.000421125	0.000729262	FALSE	0.129358	2352	19	45893308	46765060	0.163176607566347
uc	0.00106734	0.001927	FALSE	0.00158688	2352	19	45893308	46765060	0.00505159565217391
cad	0.000140479	0.000272713	FALSE	7.12457e-06	2352	19	45893308	46765060	3.75435290092166e-05
psoriasis	0.000195992	0.000685598	FALSE	0.111464	2353	19	46765061	47752727	0.150288539325843
psa	0.000195504	0.000406405	FALSE	0.361177	2353	19	46765061	47752727	0.399573872654918
crohn	0.00290625	0.00503276	FALSE	2.73754e-09	2353	19	46765061	47752727	5.27212444827586e-08
uc	0.00375198	0.00677388	FALSE	8.42116e-16	2353	19	46765061	47752727	8.80612731428571e-14
cad	0.000198612	0.000385567	FALSE	2.18069e-08	2353	19	46765061	47752727	2.5061497638191e-07
psoriasis	0.00049763	0.00174076	FALSE	0.00151692	2354	19	47752728	48573065	0.00448228071135431
psa	0.000645895	0.00134266	FALSE	0.133304	2354	19	47752728	48573065	0.199392455034589
crohn	0.000195432	0.00033843	FALSE	0.291492	2354	19	47752728	48573065	0.316728175097276
uc	0.000815565	0.00147243	FALSE	0.0112513	2354	19	47752728	48573065	0.0238723234782609
cad	0.00019274	0.00037417	FALSE	1.34225e-08	2354	19	47752728	48573065	1.63283284574468e-07
psoriasis	0.00120135	0.00420243	FALSE	4.77663e-10	2355	19	48573066	49415189	1.11112722580645e-08
psa	0.00141774	0.00294714	FALSE	0.0137118	2355	19	48573066	49415189	0.0406136420091324
crohn	0.0018495	0.00320277	FALSE	2.52589e-05	2355	19	48573066	49415189	0.000138669374938575
uc	0.000132839	0.000239829	FALSE	0.336442	2355	19	48573066	49415189	0.362703304860088
cad	0.00014809	0.000287488	FALSE	6.79723e-06	2355	19	48573066	49415189	3.61488207888631e-05
psoriasis	0.000874429	0.00305884	FALSE	1.80223e-06	2356	19	49415190	50451925	1.60198222222222e-05
psa	0.00129129	0.00268427	FALSE	0.0242296	2356	19	49415190	50451925	0.0596231274336283
crohn	0.00241751	0.00418641	FALSE	3.21179e-07	2356	19	49415190	50451925	3.33727388837209e-06
uc	0.00119786	0.00216263	FALSE	0.00117806	2356	19	49415190	50451925	0.00396174542113323
cad	8.55423e-05	0.000166064	FALSE	0.00427751	2356	19	49415190	50451925	0.00861908843171806
psoriasis	0.000890131	0.00311376	FALSE	9.53069e-07	2357	19	50451926	51259178	9.46253394495413e-06
psa	0.000838045	0.00174209	FALSE	0.086193	2357	19	50451926	51259178	0.146235028770706
crohn	0.000862941	0.00149436	FALSE	0.0194821	2357	19	50451926	51259178	0.035212792394822
uc	0.000931075	0.00168097	FALSE	0.00636165	2357	19	50451926	51259178	0.0153014056955093
cad	8.12361e-05	0.000157705	FALSE	0.0050079	2357	19	50451926	51259178	0.00988321426229508
psoriasis	0.000736849	0.00257757	FALSE	0.000159821	2358	19	51259179	51903804	0.000713250743801653
psa	0.00178656	0.00371383	FALSE	0.0084546	2358	19	51259179	51903804	0.0282206716981132
crohn	0.000894073	0.00154827	FALSE	0.0309843	2358	19	51259179	51903804	0.0516847570149254
uc	0.00117031	0.00211289	FALSE	0.00351987	2358	19	51259179	51903804	0.00954275866666667
cad	1.11004e-05	2.15493e-05	FALSE	0.3588	2358	19	51259179	51903804	0.368963848920863
psoriasis	0.000438369	0.00153346	FALSE	0.0072094	2359	19	51903805	52678748	0.016272
psa	0.000200149	0.00041606	FALSE	0.365868	2359	19	51903805	52678748	0.403616285714286
crohn	2.0125e-05	3.48505e-05	FALSE	0.465713	2359	19	51903805	52678748	0.468017472784525
uc	0.000677748	0.00122361	FALSE	0.0407531	2359	19	51903805	52678748	0.0656594333088775
cad	8.8845e-05	0.000172476	FALSE	0.00452246	2359	19	51903805	52678748	0.00904887665791776
psoriasis	0.000525839	0.00183944	FALSE	0.00138977	2360	19	52678749	53431217	0.0041509591160221
psa	0.00143122	0.00297517	FALSE	0.0143387	2360	19	52678749	53431217	0.0415843669150522
uc	0.000336787	0.000608039	FALSE	0.167064	2360	19	52678749	53431217	0.207388702428007
cad	8.00189e-06	1.55342e-05	FALSE	0.378342	2360	19	52678749	53431217	0.387701830645161
psoriasis	0.000582941	0.00203918	FALSE	0.000772519	2361	19	53431218	54042240	0.00253308673748103
psa	0.000214363	0.000445609	FALSE	0.355086	2361	19	53431218	54042240	0.39449596347032
crohn	0.000665669	0.00115274	FALSE	0.0611787	2361	19	53431218	54042240	0.0897984335085414
uc	0.000372479	0.000672479	FALSE	0.153666	2361	19	53431218	54042240	0.193381395988539
cad	4.50527e-05	8.74615e-05	FALSE	0.0764081	2361	19	53431218	54042240	0.10014058722063
psoriasis	0.00086083	0.00301127	FALSE	2.21531e-06	2362	19	54042241	54602370	1.88388566929134e-05
psa	0.00135765	0.00282223	FALSE	0.0146033	2362	19	54042241	54602370	0.0420384937869822
crohn	0.00102735	0.00177907	FALSE	0.00651074	2362	19	54042241	54602370	0.014515961237525
uc	0.000486742	0.000878771	FALSE	0.0774588	2362	19	54042241	54602370	0.110588933333333
cad	3.30396e-05	6.41403e-05	FALSE	0.121165	2362	19	54042241	54602370	0.147474377328366
psoriasis	0.000453839	0.00158757	FALSE	0.00588825	2363	19	54602371	55182973	0.0139611635565313
psa	0.0017934	0.00372803	FALSE	0.00465832	2363	19	54602371	55182973	0.0186455170841889
crohn	0.0015565	0.00269539	FALSE	0.000416568	2363	19	54602371	55182973	0.00145635823474178
uc	0.00098603	0.00178019	FALSE	0.006157	2363	19	54602371	55182973	0.0149071356119074
cad	0.000103427	0.000200784	FALSE	0.0011443	2363	19	54602371	55182973	0.00295374051918736
psoriasis	0.00062558	0.00218834	FALSE	6.1463e-05	2364	19	55182974	55714085	0.000323017226277372
psa	0.000484962	0.00100812	FALSE	0.176755	2364	19	55182974	55714085	0.242913298022599
crohn	9.7913e-05	0.000169556	FALSE	0.371811	2364	19	55182974	55714085	0.388142885046729
uc	0.00123331	0.00222663	FALSE	0.000214822	2364	19	55182974	55714085	0.000984535425
psoriasis	0.000561156	0.00196298	FALSE	0.00181595	2365	19	55714086	56411086	0.00520219098143236
psa	0.00285504	0.00593494	FALSE	0.000103276	2365	19	55714086	56411086	0.00107473313368984
crohn	0.000510976	0.000884857	FALSE	0.128158	2365	19	55714086	56411086	0.161952364253394
uc	0.00164201	0.0029645	FALSE	0.000100355	2365	19	55714086	56411086	0.000548868895522388
cad	0.00023059	0.000447648	FALSE	3.96594e-09	2365	19	55714086	56411086	5.47624905421687e-08
psoriasis	0.000111396	0.000389674	FALSE	0.252996	2366	19	56411087	57143509	0.290005169491525
psa	0.0023516	0.00488841	FALSE	0.000779526	2366	19	56411087	57143509	0.00497296484313725
crohn	0.00228754	0.00396134	FALSE	3.81179e-06	2366	19	56411087	57143509	2.87687123648649e-05
uc	0.00176599	0.00318834	FALSE	3.02493e-05	2366	19	56411087	57143509	0.000204392193230769
cad	0.000151375	0.000293866	FALSE	2.29108e-05	2366	19	56411087	57143509	0.000101544572868217
psoriasis	6.0402e-05	0.000211292	FALSE	0.345065	2367	19	57143510	57959952	0.371185458167331
psa	0.00151083	0.00314064	FALSE	0.0141182	2367	19	57143510	57959952	0.0412522780780781
crohn	0.00125064	0.00216574	FALSE	0.003344	2367	19	57143510	57959952	0.00847956413166856
uc	0.00100214	0.00180928	FALSE	0.00615656	2367	19	57143510	57959952	0.0149071356119074
cad	5.56673e-05	0.000108068	FALSE	0.0431109	2367	19	57143510	57959952	0.061970225204274
psoriasis	0.000336231	0.00117617	FALSE	0.0189166	2368	19	57959953	59118811	0.0355922090592335
psa	0.000439429	0.000913466	FALSE	0.223117	2368	19	57959953	59118811	0.283226146118721
crohn	0.00154219	0.00267061	FALSE	0.000236522	2368	19	57959953	59118811	0.000904777650684932
uc	0.000316482	0.00057138	FALSE	0.173769	2368	19	57959953	59118811	0.213540416340235
cad	1.93508e-05	3.7566e-05	FALSE	0.241439	2368	19	57959953	59118811	0.262813418848168
psoriasis	0.0011411	0.00399168	FALSE	6.09151e-07	2369	20	60795	884241	6.71309265306123e-06
psa	0.00293605	0.00610333	FALSE	0.000346137	2369	20	60795	884241	0.00274931674285714
crohn	0.00248207	0.0042982	FALSE	1.02473e-05	2369	20	60795	884241	6.4485825915493e-05
uc	0.000543372	0.000981011	FALSE	0.116856	2369	20	60795	884241	0.155430512416717
cad	0.000253218	0.000491574	FALSE	8.21898e-09	2369	20	60795	884241	1.0680004125e-07
psoriasis	0.00175589	0.00614226	FALSE	1.01119e-13	2370	20	884242	1771285	4.04476e-12
psa	0.00375278	0.00780112	FALSE	4.54638e-06	2370	20	884242	1771285	0.000130325241666667
crohn	0.00240526	0.00416519	FALSE	6.7231e-06	2370	20	884242	1771285	4.52391728915663e-05
uc	0.00232197	0.00419211	FALSE	1.08692e-06	2370	20	884242	1771285	1.35617972727273e-05
cad	0.000114509	0.000222298	FALSE	0.00158659	2370	20	884242	1771285	0.00383971569312169
psoriasis	0.000380604	0.00133139	FALSE	0.0272696	2371	20	1771286	2668108	0.0485592217642209
psa	0.00092759	0.00192823	FALSE	0.106042	2371	20	1771286	2668108	0.170877793217535
crohn	0.0022362	0.00387243	FALSE	1.994e-05	2371	20	1771286	2668108	0.000113637653061224
uc	0.00184616	0.00333307	FALSE	4.83217e-05	2371	20	1771286	2668108	0.000305393555172414
cad	0.000133576	0.000259313	FALSE	0.00032481	2371	20	1771286	2668108	0.00102744186721992
psoriasis	0.000495549	0.00173348	FALSE	0.00350305	2372	20	2668109	3736551	0.00902934128878282
psa	0.00365194	0.00759149	FALSE	1.06335e-06	2372	20	2668109	3736551	5.04702219512195e-05
crohn	0.00127777	0.00221271	FALSE	0.00312833	2372	20	2668109	3736551	0.0079962119221968
uc	0.000271518	0.000490202	FALSE	0.228922	2372	20	2668109	3736551	0.264750407582938
cad	0.000172357	0.000334599	FALSE	1.68332e-06	2372	20	2668109	3736551	1.1223769212828e-05
psoriasis	0.000659548	0.00230716	FALSE	0.000447274	2373	20	3736552	4591847	0.00164865501706485
psa	0.00190263	0.0039551	FALSE	0.00570936	2373	20	3736552	4591847	0.0212843190804598
crohn	0.00172799	0.00299237	FALSE	0.000343137	2373	20	3736552	4591847	0.00124562907792208
uc	0.00203312	0.00367062	FALSE	5.41726e-06	2373	20	3736552	4591847	4.875534e-05
cad	8.4089e-05	0.000163243	FALSE	0.00974291	2373	20	3736552	4591847	0.017246157252322
psoriasis	0.000650261	0.00227468	FALSE	0.00056607	2374	20	4591848	5379450	0.00200097176470588
psa	0.00121098	0.00251733	FALSE	0.0461318	2374	20	4591848	5379450	0.094696711814346
crohn	0.00139248	0.00241136	FALSE	0.00241334	2374	20	4591848	5379450	0.00641833519047619
uc	0.00097014	0.0017515	FALSE	0.0110226	2374	20	4591848	5379450	0.0234803732298739
cad	7.10719e-05	0.000137973	FALSE	0.021779	2374	20	4591848	5379450	0.0345173756063756
psoriasis	0.000598393	0.00209324	FALSE	0.00110354	2375	20	5379451	6128358	0.00342970705035971
psa	0.00122374	0.00254386	FALSE	0.0432871	2375	20	5379451	6128358	0.0901891826552463
crohn	0.00295981	0.0051255	FALSE	2.01931e-08	2375	20	5379451	6128358	2.98750896688742e-07
uc	0.00246591	0.00445198	FALSE	7.18826e-08	2375	20	5379451	6128358	1.32035049e-06
cad	0.000103104	0.000200157	FALSE	0.00216929	2375	20	5379451	6128358	0.00490233817193676
psoriasis	0.000315498	0.00110364	FALSE	0.0447938	2376	20	6128359	7231796	0.073077498489426
crohn	0.00171871	0.0029763	FALSE	0.000343468	2376	20	6128359	7231796	0.00124562907792208
uc	0.00143631	0.00259312	FALSE	0.000566449	2376	20	6128359	7231796	0.00213365695368782
cad	0.000117345	0.000227804	FALSE	0.00075787	2376	20	6128359	7231796	0.00208887140361446
psoriasis	0.000175407	0.000613592	FALSE	0.0794707	2377	20	7231797	7959828	0.114361566955363
psa	0.000825887	0.00171682	FALSE	0.0470308	2377	20	7231797	7959828	0.0959349442348008
crohn	0.000337895	0.000585132	FALSE	0.136214	2377	20	7231797	7959828	0.170227551454139
cad	7.96052e-05	0.000154539	FALSE	0.00105873	2377	20	7231797	7959828	0.0027799259586682
psoriasis	0.000329871	0.00115392	FALSE	0.0487035	2378	20	7959829	9279550	0.0779833654558932
psa	0.00129705	0.00269626	FALSE	0.0478163	2378	20	7959829	9279550	0.097028696350365
crohn	0.000424861	0.000735732	FALSE	0.191662	2378	20	7959829	9279550	0.224291727606076
uc	0.00155753	0.00281199	FALSE	0.000515529	2378	20	7959829	9279550	0.00198963389103691
cad	9.10957e-05	0.000176845	FALSE	0.00915014	2378	20	7959829	9279550	0.0163615091321345
psoriasis	0.000942864	0.00329823	FALSE	5.14768e-06	2379	20	9279551	10279603	3.94290382978723e-05
psa	0.00202573	0.00421099	FALSE	0.00471343	2379	20	9279551	10279603	0.018724134
crohn	0.00224303	0.00388426	FALSE	1.63679e-05	2379	20	9279551	10279603	9.59734608923884e-05
uc	0.00149588	0.00270069	FALSE	0.000554541	2379	20	9279551	10279603	0.00210323322279793
cad	0.00018489	0.000358929	FALSE	2.35632e-06	2379	20	9279551	10279603	1.48006494520548e-05
psoriasis	0.000719058	0.00251534	FALSE	0.000175447	2380	20	10279604	11257012	0.00077025512195122
psa	0.0017118	0.00355841	FALSE	0.0108033	2380	20	10279604	11257012	0.0335298593301435
crohn	0.0013366	0.00231459	FALSE	0.00350867	2380	20	10279604	11257012	0.00879727135802469
uc	0.000555076	0.00100214	FALSE	0.0874469	2380	20	10279604	11257012	0.122236405092298
cad	0.000257487	0.000499863	FALSE	2.44407e-10	2380	20	10279604	11257012	4.6971328487395e-09
psoriasis	0.000411566	0.0014397	FALSE	0.00706386	2381	20	11257013	12353961	0.0161081088607595
psa	0.0027152	0.00564425	FALSE	5.12208e-05	2381	20	11257013	12353961	0.000611507219631902
crohn	0.000701039	0.00121399	FALSE	0.0454124	2381	20	11257013	12353961	0.0708458810055866
uc	0.000969971	0.0017512	FALSE	0.00524287	2381	20	11257013	12353961	0.0130833437727273
cad	2.31556e-05	4.49522e-05	FALSE	0.209358	2381	20	11257013	12353961	0.23254091597863
psoriasis	7.25375e-05	0.000253743	FALSE	0.315082	2382	20	12353962	13202335	0.344073367037411
psa	0.00178576	0.00371216	FALSE	0.00458471	2382	20	12353962	13202335	0.0184845071900826
crohn	0.00112288	0.0019445	FALSE	0.00599597	2382	20	12353962	13202335	0.0136266500305188
uc	0.000428204	0.000773084	FALSE	0.120389	2382	20	12353962	13202335	0.159261592771084
psa	0.000733378	0.00152451	FALSE	0.0910156	2383	20	13202336	14203755	0.151770657754927
crohn	0.00132506	0.00229461	FALSE	0.000476103	2383	20	13202336	14203755	0.00163632938769231
uc	0.000144951	0.000261696	FALSE	0.305689	2383	20	13202336	14203755	0.335646522
cad	3.01709e-05	5.85712e-05	FALSE	0.123962	2383	20	13202336	14203755	0.150079986236104
psoriasis	0.000254329	0.000889668	FALSE	0.0504096	2384	20	14203756	15238519	0.0800623058823529
psa	0.000391812	0.000814481	FALSE	0.24298	2384	20	14203756	15238519	0.300788218829517
crohn	0.002671	0.00462537	FALSE	9.01111e-09	2384	20	14203756	15238519	1.49117183259259e-07
uc	0.00149524	0.00269953	FALSE	5.57047e-05	2384	20	14203756	15238519	0.000346536887252125
cad	5.34323e-05	0.000103729	FALSE	0.0352786	2384	20	14203756	15238519	0.0521876831824062
psoriasis	5.1152e-05	0.000178935	FALSE	0.379771	2385	20	15238520	15962576	0.398593469387755
psa	0.0028227	0.00586771	FALSE	0.000218329	2385	20	15238520	15962576	0.00194893685321101
crohn	0.00110234	0.00190893	FALSE	0.013828	2385	20	15238520	15962576	0.0265393058419244
uc	0.00060285	0.00108839	FALSE	0.0772569	2385	20	15238520	15962576	0.11045322421875
cad	2.15047e-05	4.17474e-05	FALSE	0.260923	2385	20	15238520	15962576	0.280550494123178
psoriasis	0.000268863	0.000940508	FALSE	0.0567686	2386	20	15962577	16661516	0.088279464362851
psa	0.00105719	0.00219764	FALSE	0.0563214	2386	20	15962577	16661516	0.108194910562685
crohn	0.00119895	0.00207622	FALSE	0.004416	2386	20	15962577	16661516	0.0105062236421725
uc	0.00171243	0.00309164	FALSE	2.73936e-05	2386	20	15962577	16661516	0.000188577885893417
psoriasis	0.000367534	0.00128567	FALSE	0.0120553	2387	20	16661517	17359290	0.0247053586337761
psa	0.000968003	0.00201224	FALSE	0.0576698	2387	20	16661517	17359290	0.109809619178082
crohn	0.000575278	0.00099621	FALSE	0.074784	2387	20	16661517	17359290	0.104678857142857
uc	0.000701923	0.00126726	FALSE	0.0255522	2387	20	16661517	17359290	0.0456943250814332
cad	3.92826e-05	7.62597e-05	FALSE	0.0893162	2387	20	16661517	17359290	0.1139242327942
psoriasis	0.000649517	0.00227207	FALSE	0.000221759	2388	20	17359291	18058524	0.000933722105263158
psa	9.77224e-05	0.000203141	FALSE	0.424362	2388	20	17359291	18058524	0.443884270386266
crohn	0.000379187	0.000656638	FALSE	0.180895	2388	20	17359291	18058524	0.214728708820404
uc	0.000426425	0.000769872	FALSE	0.125157	2388	20	17359291	18058524	0.164972852340936
cad	5.55723e-05	0.000107883	FALSE	0.0423983	2388	20	17359291	18058524	0.0610610277707809
psoriasis	7.05729e-06	2.46871e-05	FALSE	0.459764	2389	20	18058525	18959419	0.463828235294118
psa	0.000714027	0.00148429	FALSE	0.0913459	2389	20	18058525	18959419	0.152127093413174
crohn	0.000263087	0.000455588	FALSE	0.214818	2389	20	18058525	18959419	0.245098780388151
uc	0.000620774	0.00112075	FALSE	0.0260902	2389	20	18058525	18959419	0.0465049344155844
cad	4.81651e-05	9.35036e-05	FALSE	0.0353885	2389	20	18058525	18959419	0.0522826224160207
psoriasis	0.00030824	0.00107825	FALSE	0.0532463	2390	20	18959420	19957928	0.0839929401459854
psa	0.00265494	0.00551897	FALSE	0.000446429	2390	20	18959420	19957928	0.00335425032432432
crohn	0.00179576	0.00310972	FALSE	0.000314338	2390	20	18959420	19957928	0.00116071254876033
uc	0.00129265	0.00233377	FALSE	0.00207784	2390	20	18959420	19957928	0.00627639152682256
cad	0.000163224	0.000316868	FALSE	1.9374e-05	2390	20	18959420	19957928	8.7913369047619e-05
psoriasis	0.000868314	0.00303745	FALSE	8.93495e-06	2391	20	19957929	21682377	6.46789244147157e-05
crohn	0.000331289	0.000573693	FALSE	0.225341	2391	20	19957929	21682377	0.254248380808081
uc	0.0007897	0.00142573	FALSE	0.0280103	2391	20	19957929	21682377	0.0490515301435407
cad	0.000127391	0.000247306	FALSE	0.000285584	2391	20	19957929	21682377	0.000919902264788732
psa	0.000155714	0.000323691	FALSE	0.359136	2392	20	21682378	22780956	0.397541897610922
crohn	0.000549298	0.000951219	FALSE	0.0527141	2392	20	21682378	22780956	0.0800022414402174
uc	0.000450209	0.000812814	FALSE	0.0636164	2392	20	21682378	22780956	0.0946037691474966
cad	2.80896e-05	5.45307e-05	FALSE	0.121998	2392	20	21682378	22780956	0.148330370015949
psoriasis	0.000669014	0.00234028	FALSE	7.88887e-05	2393	20	22780957	23808562	0.000392625788018433
psa	0.000383205	0.000796589	FALSE	0.254046	2393	20	22780957	23808562	0.310536128140704
crohn	0.000307542	0.000532571	FALSE	0.212497	2393	20	22780957	23808562	0.243320501281394
cad	8.05159e-05	0.000156306	FALSE	0.00543992	2393	20	22780957	23808562	0.0105612029202037
psoriasis	0.000115165	0.000402858	FALSE	0.180019	2394	20	23808563	24487128	0.221309641434263
psa	0.000859826	0.00178737	FALSE	0.0498116	2394	20	23808563	24487128	0.0992153261003071
crohn	0.000575536	0.000996657	FALSE	0.0464765	2394	20	23808563	24487128	0.0721532321056289
uc	0.000189275	0.000341719	FALSE	0.24418	2394	20	23808563	24487128	0.27855547012987
cad	2.7206e-05	5.28155e-05	FALSE	0.130114	2394	20	23808563	24487128	0.156451481598318
psoriasis	0.000312032	0.00109152	FALSE	0.00962731	2395	20	24487129	25181038	0.0206095040634291
crohn	0.000526042	0.000910947	FALSE	0.0520989	2395	20	24487129	25181038	0.0792840208446867
cad	4.74287e-05	9.2074e-05	FALSE	0.0257912	2395	20	24487129	25181038	0.0398274641458474
psoriasis	4.59431e-05	0.000160713	FALSE	0.263703	2396	20	25181039	26318858	0.29978867368421
psa	7.77537e-05	0.000161631	FALSE	0.371102	2396	20	25181039	26318858	0.40731217822899
crohn	0.000359714	0.000622917	FALSE	0.0491155	2396	20	25181039	26318858	0.075567511707989
cad	9.47271e-06	1.83895e-05	FALSE	0.24553	2396	20	25181039	26318858	0.266632056030389
psoriasis	0.000300014	0.00104948	FALSE	0.00311833	2397	20	26318859	30569659	0.00819588613138686
psa	0.000733949	0.0015257	FALSE	0.0317118	2397	20	26318859	30569659	0.0714249569444444
crohn	0.000177846	0.000307976	FALSE	0.217737	2397	20	26318859	30569659	0.247418340793489
uc	0.000552807	0.000998044	FALSE	0.00953605	2397	20	26318859	30569659	0.0206520372781065
cad	3.7734e-05	7.32535e-05	FALSE	0.0248356	2397	20	26318859	30569659	0.0386914286103542
psoriasis	0.000301336	0.0010541	FALSE	0.0429648	2398	20	30569660	32484506	0.0705733596958175
crohn	0.00125039	0.0021653	FALSE	0.0037487	2398	20	30569660	32484506	0.00921420550055005
uc	0.00194427	0.00351022	FALSE	4.6249e-06	2398	20	30569660	32484506	4.25581124686192e-05
cad	0.000130509	0.000253359	FALSE	0.000134174	2398	20	30569660	32484506	0.000481720467817896
psoriasis	0.00022285	0.00077955	FALSE	0.0251547	2399	20	32484507	33890060	0.04527846
crohn	0.000147121	0.000254769	FALSE	0.276308	2399	20	32484507	33890060	0.302436096031357
uc	0.000563424	0.00101721	FALSE	0.0146458	2399	20	32484507	33890060	0.0293603398359161
cad	8.27577e-05	0.000160659	FALSE	0.00023554	2399	20	32484507	33890060	0.000784104774381368
psoriasis	0.000369242	0.00129164	FALSE	0.00840428	2400	20	33890061	35990261	0.0184671869786368
psa	0.00073396	0.00152572	FALSE	0.0975437	2400	20	33890061	35990261	0.160320979898649
crohn	0.000379041	0.000656385	FALSE	0.148501	2400	20	33890061	35990261	0.182783049035813
uc	8.70814e-05	0.000157218	FALSE	0.376074	2400	20	33890061	35990261	0.394958634146342
cad	8.8002e-05	0.000170839	FALSE	0.00163122	2400	20	33890061	35990261	0.00389009399374348
psoriasis	0.00035417	0.00123892	FALSE	0.0214304	2401	20	35990262	37253657	0.0394963003412969
psa	0.000768705	0.00159795	FALSE	0.119452	2401	20	35990262	37253657	0.1846059
crohn	0.00135098	0.0023395	FALSE	0.00183008	2401	20	35990262	37253657	0.00505364489493201
uc	0.00216561	0.00390982	FALSE	4.29913e-07	2401	20	35990262	37253657	6.37897937837838e-06
cad	8.39897e-05	0.00016305	FALSE	0.00628602	2401	20	35990262	37253657	0.0118642276320132
psoriasis	0.000278953	0.000975803	FALSE	0.0285841	2402	20	37253658	38427594	0.0504425294117647
psa	0.000435602	0.000905511	FALSE	0.20556	2402	20	37253658	38427594	0.266857745163442
crohn	0.000341796	0.000591888	FALSE	0.166062	2402	20	37253658	38427594	0.199748216361679
uc	0.000707751	0.00127778	FALSE	0.0170111	2402	20	37253658	38427594	0.0329055189473684
psoriasis	0.000742139	0.00259607	FALSE	0.000162649	2403	20	38427595	40272390	0.000722884444444444
psa	0.000630829	0.00131134	FALSE	0.188466	2403	20	38427595	40272390	0.252238539202201
crohn	0.00498921	0.00863982	FALSE	1.4941e-16	2403	20	38427595	40272390	1.11260646666667e-14
uc	0.00243584	0.00439769	FALSE	2.51626e-07	2403	20	38427595	40272390	4.00413547826087e-06
cad	0.000190067	0.000368979	FALSE	1.257e-06	2403	20	38427595	40272390	8.76450914634146e-06
psoriasis	0.000582683	0.00203828	FALSE	0.00234276	2404	20	40272391	41351514	0.00647933623559539
psa	0.000781446	0.00162444	FALSE	0.146879	2404	20	40272391	41351514	0.213144320656227
crohn	0.00233863	0.00404981	FALSE	1.16892e-05	2404	20	40272391	41351514	7.2137217679558e-05
uc	0.00207045	0.00373801	FALSE	9.81514e-06	2404	20	40272391	41351514	7.86644067153285e-05
cad	0.000227312	0.000441283	FALSE	3.90593e-08	2404	20	40272391	41351514	4.17423453738318e-07
psoriasis	0.000652719	0.00228327	FALSE	0.000196394	2405	20	41351515	42185671	0.000841352079207921
psa	0.000959507	0.00199458	FALSE	0.0715399	2405	20	41351515	42185671	0.127721693027523
crohn	0.00169066	0.00292772	FALSE	0.00016956	2405	20	41351515	42185671	0.000691235474452555
uc	0.00064867	0.00117112	FALSE	0.044169	2405	20	41351515	42185671	0.0700831820809249
cad	8.17876e-05	0.000158775	FALSE	0.00684707	2405	20	41351515	42185671	0.0128023980473856
psoriasis	0.000282708	0.000988941	FALSE	0.0478144	2406	20	42185672	43008890	0.0768445714285714
psa	0.00220833	0.00459057	FALSE	0.000869552	2406	20	42185672	43008890	0.00538900698089172
crohn	0.00107143	0.0018554	FALSE	0.00833478	2406	20	42185672	43008890	0.0177420875809524
uc	0.00046362	0.000837026	FALSE	0.104876	2406	20	42185672	43008890	0.142605384520124
cad	9.87744e-05	0.000191752	FALSE	0.00170703	2406	20	42185672	43008890	0.00402057426364573
psoriasis	0.000352775	0.00123404	FALSE	0.0164184	2407	20	43008891	44072210	0.0317755917636526
psa	0.000522014	0.00108514	FALSE	0.190612	2407	20	43008891	44072210	0.253888399726215
crohn	0.00144549	0.00250316	FALSE	0.00057217	2407	20	43008891	44072210	0.00190780265671642
uc	0.00457786	0.00826492	FALSE	3.88553e-21	2407	20	43008891	44072210	8.8924824e-19
cad	9.47678e-06	1.83974e-05	FALSE	0.358378	2407	20	43008891	44072210	0.368695675213675
psoriasis	0.000901907	0.00315496	FALSE	2.49372e-05	2408	20	44072211	45673603	0.000152590232294618
psa	0.00097511	0.00202702	FALSE	0.106085	2408	20	44072211	45673603	0.170877793217535
crohn	0.00375837	0.00650837	FALSE	2.92935e-10	2408	20	44072211	45673603	8.1642495308642e-09
uc	0.00183258	0.00330856	FALSE	9.91202e-05	2408	20	44072211	45673603	0.000545533732330827
cad	0.00018882	0.00036656	FALSE	4.29924e-06	2408	20	44072211	45673603	2.45196056857855e-05
psoriasis	0.000141428	0.000494728	FALSE	0.178702	2409	20	45673604	46486132	0.220066316989738
crohn	0.0012385	0.0021447	FALSE	0.00227545	2409	20	45673604	46486132	0.00610460589928058
uc	0.00112521	0.00203147	FALSE	0.00169131	2409	20	45673604	46486132	0.00534405289208633
cad	6.68645e-05	0.000129805	FALSE	0.0158767	2409	20	45673604	46486132	0.0261977005050505
psoriasis	0.00029012	0.00101487	FALSE	0.0452617	2410	20	46486133	47203836	0.0736184277108434
psa	0.000806506	0.00167653	FALSE	0.108374	2410	20	46486133	47203836	0.172142493887531
crohn	0.00064602	0.00111871	FALSE	0.0682761	2410	20	46486133	47203836	0.097524812915601
uc	0.00126565	0.00228502	FALSE	0.000987863	2410	20	46486133	47203836	0.00340023063949843
cad	5.35532e-05	0.000103964	FALSE	0.0483811	2410	20	46486133	47203836	0.0681375317118227
psoriasis	0.000393071	0.001375	FALSE	0.00527017	2411	20	47203837	48212975	0.012690710367893
crohn	0.0011488	0.00198938	FALSE	0.00202538	2411	20	47203837	48212975	0.00551792551219512
uc	0.00110656	0.00199781	FALSE	0.000894729	2411	20	47203837	48212975	0.00315979686173633
cad	0.000137871	0.000267651	FALSE	6.18778e-06	2411	20	47203837	48212975	3.32193729107981e-05
psoriasis	0.00314553	0.0110034	FALSE	4.28732e-38	2412	20	48212976	49236418	5.787882e-36
psa	0.00223749	0.0046512	FALSE	0.00049799	2412	20	48212976	49236418	0.00361600201492537
crohn	0.00261995	0.00453696	FALSE	3.17976e-08	2412	20	48212976	49236418	4.4121638757764e-07
uc	0.00188018	0.0033945	FALSE	2.3763e-06	2412	20	48212976	49236418	2.57061812807882e-05
cad	0.000156584	0.000303978	FALSE	2.87607e-06	2412	20	48212976	49236418	1.75053859102902e-05
psoriasis	0.00152783	0.0053445	FALSE	2.21531e-10	2413	20	49236419	50653620	5.69651142857143e-09
psa	0.00378963	0.00787771	FALSE	1.20313e-05	2413	20	49236419	50653620	0.000246091557142857
crohn	0.00221571	0.00383695	FALSE	6.77276e-05	2413	20	49236419	50653620	0.000319880461733615
uc	0.00221656	0.0040018	FALSE	8.78438e-06	2413	20	49236419	50653620	7.1711890260223e-05
cad	0.000162174	0.000314831	FALSE	7.48219e-05	2413	20	49236419	50653620	0.000289050144087838
psoriasis	5.80085e-05	0.000202919	FALSE	0.313335	2414	20	50653621	51533750	0.34285896656535
psa	0.000449495	0.00093439	FALSE	0.185027	2414	20	50653621	51533750	0.249178229757785
crohn	0.000133539	0.00023125	FALSE	0.329033	2414	20	50653621	51533750	0.349362985741445
uc	0.000985549	0.00177932	FALSE	0.00141788	2414	20	50653621	51533750	0.00460537205317578
cad	2.49551e-05	4.84456e-05	FALSE	0.153934	2414	20	50653621	51533750	0.178794849162011
psoriasis	0.000547079	0.00191373	FALSE	0.00353443	2415	20	51533751	52411532	0.00909936686531585
psa	0.00242407	0.00503904	FALSE	0.00120487	2415	20	51533751	52411532	0.00693691426035503
crohn	0.0033782	0.00585002	FALSE	2.11859e-09	2415	20	51533751	52411532	4.30266369090909e-08
uc	0.00175226	0.00316354	FALSE	9.54702e-05	2415	20	51533751	52411532	0.000530765972658228
cad	9.60045e-05	0.000186375	FALSE	0.00559004	2415	20	51533751	52411532	0.0107794447554806
psoriasis	0.000502012	0.00175609	FALSE	0.00311899	2416	20	52411533	53120334	0.00819588613138686
psa	0.00028805	0.000598786	FALSE	0.318811	2416	20	52411533	53120334	0.365805545990566
crohn	0.00011236	0.000194574	FALSE	0.382838	2416	20	52411533	53120334	0.397056681522748
uc	0.000990489	0.00178824	FALSE	0.00716862	2416	20	52411533	53120334	0.016645610359408
cad	0.000122591	0.000237988	FALSE	0.000271963	2416	20	52411533	53120334	0.000884750186344239
psa	0.000479459	0.000996678	FALSE	0.193214	2417	20	53120335	53879803	0.255604652617267
crohn	0.000863323	0.00149502	FALSE	0.0146375	2417	20	53120335	53879803	0.0275950843881857
cad	3.32106e-05	6.44722e-05	FALSE	0.113501	2417	20	53120335	53879803	0.13963248359333
psoriasis	0.000222519	0.000778394	FALSE	0.0746726	2418	20	53879804	54743694	0.108981632432432
crohn	0.000600618	0.00104009	FALSE	0.06191	2418	20	53879804	54743694	0.0906930754098361
uc	0.0016495	0.00297803	FALSE	1.10813e-05	2418	20	53879804	54743694	8.78503061371841e-05
cad	1.78467e-05	3.46461e-05	FALSE	0.25133	2418	20	53879804	54743694	0.272413132701422
psoriasis	0.000779157	0.00272557	FALSE	5.49909e-05	2419	20	54743695	55448075	0.000294010752475248
psa	0.00207504	0.0043135	FALSE	0.00267806	2419	20	54743695	55448075	0.0127679010757946
crohn	0.00215414	0.00373033	FALSE	1.39708e-05	2419	20	54743695	55448075	8.3899911827957e-05
uc	0.00162728	0.00293792	FALSE	0.000116642	2419	20	54743695	55448075	0.000615735173076923
cad	7.37517e-05	0.000143175	FALSE	0.0174268	2419	20	54743695	55448075	0.0285086492131617
psoriasis	0.000228878	0.000800636	FALSE	0.0986768	2420	20	55448076	56172843	0.136367170825336
psa	0.00168757	0.00350805	FALSE	0.0104827	2420	20	55448076	56172843	0.0328491694041868
crohn	0.000340875	0.000590293	FALSE	0.218651	2420	20	55448076	56172843	0.248330622267412
uc	0.00076309	0.00137769	FALSE	0.0316914	2420	20	55448076	56172843	0.0537407833204633
cad	3.78747e-05	7.35267e-05	FALSE	0.127302	2420	20	55448076	56172843	0.153312097946288
psoriasis	0.000700965	0.00245204	FALSE	0.00023698	2421	20	56172844	56951773	0.000985263230769231
psa	0.000838922	0.00174391	FALSE	0.114358	2421	20	56172844	56951773	0.178317842948718
crohn	0.000576929	0.000999068	FALSE	0.103794	2421	20	56172844	56951773	0.136077345070423
uc	0.0010259	0.00185217	FALSE	0.00772588	2421	20	56172844	56951773	0.0176430927102804
cad	0.000173767	0.000337337	FALSE	3.26569e-06	2421	20	56172844	56951773	1.95003473368146e-05
psoriasis	0.00116333	0.00406943	FALSE	5.17762e-08	2422	20	56951774	57924037	7.35767052631579e-07
psa	0.00272352	0.00566153	FALSE	0.000311242	2422	20	56951774	57924037	0.00255559886919831
crohn	0.0034021	0.00589142	FALSE	1.06023e-09	2422	20	56951774	57924037	2.4672435625e-08
uc	0.00133403	0.00240847	FALSE	0.0014934	2422	20	56951774	57924037	0.00481030258064516
cad	0.000186816	0.000362668	FALSE	1.60796e-06	2422	20	56951774	57924037	1.08478009439528e-05
psoriasis	0.000470201	0.00164481	FALSE	0.00882172	2423	20	57924038	58780894	0.0191506685427136
psa	0.000621417	0.00129177	FALSE	0.191186	2423	20	57924038	58780894	0.253957649146758
crohn	0.00076187	0.00131933	FALSE	0.0583346	2423	20	57924038	58780894	0.0865335301460823
uc	0.000923272	0.00166689	FALSE	0.0170706	2423	20	57924038	58780894	0.0329055189473684
cad	0.000143573	0.00027872	FALSE	0.000111526	2423	20	57924038	58780894	0.000405500734499205
psoriasis	0.000399523	0.00139757	FALSE	0.0131107	2424	20	58780895	59560457	0.0264664598130841
psa	0.00227129	0.00472147	FALSE	0.000819401	2424	20	58780895	59560457	0.00511075110897436
crohn	0.00101024	0.00174944	FALSE	0.0130967	2424	20	58780895	59560457	0.0253700318890815
uc	0.00171773	0.00310121	FALSE	2.98675e-05	2424	20	58780895	59560457	0.000203062012383901
cad	0.000124856	0.000242385	FALSE	0.000205586	2424	20	58780895	59560457	0.000699665449404762
psoriasis	0.000277706	0.000971443	FALSE	0.0519439	2425	20	59560458	60125333	0.0823175524578137
psa	0.00134701	0.00280011	FALSE	0.022098	2425	20	59560458	60125333	0.0554873651612903
crohn	0.000362349	0.00062748	FALSE	0.187772	2425	20	59560458	60125333	0.220896602422328
uc	0.00103733	0.00187281	FALSE	0.00429932	2425	20	59560458	60125333	0.0110683548886284
cad	0.000104095	0.000202081	FALSE	0.00104821	2425	20	59560458	60125333	0.00275863782508631
psoriasis	0.000620483	0.00217051	FALSE	0.000598078	2426	20	60125334	60766557	0.00207359306581059
crohn	0.00197437	0.00341902	FALSE	3.7799e-05	2426	20	60125334	60766557	0.000199628761229314
uc	0.00051838	0.00093589	FALSE	0.0921101	2426	20	60125334	60766557	0.127537061538462
psoriasis	0.000691139	0.00241767	FALSE	0.000100204	2427	20	60766558	61470768	0.000472577816593887
psa	0.000927899	0.00192888	FALSE	0.0765057	2427	20	60766558	61470768	0.134368314259928
crohn	0.00109887	0.00190292	FALSE	0.00701418	2427	20	60766558	61470768	0.0153624295294118
uc	0.00118084	0.00213191	FALSE	0.00158725	2427	20	60766558	61470768	0.00505159565217391
cad	0.000160999	0.000312549	FALSE	3.46319e-06	2427	20	60766558	61470768	2.04131843556701e-05
psoriasis	0.000778289	0.00272253	FALSE	1.47818e-05	2428	20	61470769	62179241	9.79407607361963e-05
psa	0.00060787	0.00126361	FALSE	0.164509	2428	20	61470769	62179241	0.231144053429603
crohn	0.00241766	0.00418667	FALSE	3.91091e-07	2428	20	61470769	62179241	3.98948536073059e-06
uc	0.00140569	0.00253786	FALSE	0.000259037	2428	20	61470769	62179241	0.00113090507355865
cad	4.31162e-05	8.37021e-05	FALSE	0.0814503	2428	20	61470769	62179241	0.105599113435374
psoriasis	0.000538276	0.00188294	FALSE	0.000651974	2429	20	62179242	62963627	0.00221077525902669
psa	0.000262692	0.000546073	FALSE	0.311555	2429	20	62179242	62963627	0.359600255041518
crohn	0.00403854	0.00699355	FALSE	1.4873e-15	2429	20	62179242	62963627	9.22952277777778e-14
uc	0.00251592	0.00454228	FALSE	8.62578e-10	2429	20	62179242	62963627	2.78561954117647e-08
cad	0.00022039	0.000427847	FALSE	2.53652e-10	2429	20	62179242	62963627	4.83418436666667e-09
psa	7.57571e-05	0.000157481	FALSE	0.293564	2430	21	9411245	15026792	0.344349333333333
crohn	0.000117017	0.000202638	FALSE	0.152154	2430	21	9411245	15026792	0.18666229324547
psoriasis	5.28109e-05	0.000184738	FALSE	0.306303	2431	21	15026793	15840033	0.336870916496945
crohn	0.000182519	0.000316068	FALSE	0.254279	2431	21	15026793	15840033	0.282055256206554
uc	0.000313936	0.000566784	FALSE	0.113468	2431	21	15026793	15840033	0.151290666666667
cad	1.07078e-05	2.07872e-05	FALSE	0.293986	2431	21	15026793	15840033	0.311271287962963
psoriasis	0.0013169	0.00460664	FALSE	1.25904e-09	2432	21	15840034	16873443	2.61492923076923e-08
psa	0.000759835	0.00157951	FALSE	0.140825	2432	21	15840034	16873443	0.206826754716981
crohn	0.00490899	0.0085009	FALSE	1.26959e-16	2432	21	15840034	16873443	9.78022089655172e-15
uc	0.00630639	0.0113856	FALSE	1.22637e-28	2432	21	15840034	16873443	6.7327713e-26
cad	0.000271334	0.000526745	FALSE	4.80079e-11	2432	21	15840034	16873443	1.0764124245098e-09
psoriasis	0.000438292	0.00153319	FALSE	0.00853066	2433	21	16873444	18222037	0.0186361917087968
psa	0.00103985	0.00216159	FALSE	0.0619318	2433	21	16873444	18222037	0.115661499808061
crohn	0.00049315	0.000853988	FALSE	0.126821	2433	21	16873444	18222037	0.160702276800908
uc	0.000646008	0.00116631	FALSE	0.0487756	2433	21	16873444	18222037	0.076290041025641
cad	5.83698e-05	0.000113314	FALSE	0.0383059	2433	21	16873444	18222037	0.0559065687938736
psoriasis	0.000114313	0.000399879	FALSE	0.247022	2434	21	18222038	19479024	0.284721195304162
psa	0.000872478	0.00181367	FALSE	0.100765	2434	21	18222038	19479024	0.163680041736227
crohn	0.000844064	0.00146167	FALSE	0.0333868	2434	21	18222038	19479024	0.0549234986745214
cad	9.26756e-05	0.000179912	FALSE	0.00416401	2434	21	18222038	19479024	0.00842006266136163
psoriasis	0.00048491	0.00169626	FALSE	0.00576899	2435	21	19479025	20407307	0.0137538834437086
psa	0.00198308	0.00412234	FALSE	0.00375777	2435	21	19479025	20407307	0.0159100907592191
crohn	0.00174628	0.00302404	FALSE	0.000246562	2435	21	19479025	20407307	0.000938363727427598
uc	0.00057365	0.00103567	FALSE	0.0769636	2435	21	19479025	20407307	0.11010558019544
cad	5.0612e-05	9.82538e-05	FALSE	0.0679317	2435	21	19479025	20407307	0.0909576010526316
psoriasis	0.000170978	0.000598098	FALSE	0.147606	2436	21	20407308	21632916	0.188433191489362
crohn	0.00100463	0.00173972	FALSE	0.0117486	2436	21	20407308	21632916	0.0233324039076377
uc	0.000391117	0.000706127	FALSE	0.141158	2436	21	20407308	21632916	0.180748086297376
cad	7.1687e-05	0.000139167	FALSE	0.0138539	2436	21	20407308	21632916	0.0232969627205882
psoriasis	0.000748029	0.00261668	FALSE	1.40489e-05	2437	21	21632917	22201890	9.36593333333333e-05
psa	0.000808737	0.00168117	FALSE	0.0909156	2437	21	21632917	22201890	0.151733925900515
crohn	0.000652469	0.00112988	FALSE	0.0529067	2437	21	21632917	22201890	0.0801849998644068
uc	0.00020358	0.000367546	FALSE	0.265314	2437	21	21632917	22201890	0.297563607763023
cad	4.97313e-05	9.65441e-05	FALSE	0.0475176	2437	21	21632917	22201890	0.0670819451851852
psa	0.000991756	0.00206162	FALSE	0.0599925	2438	21	22201891	23266941	0.113278319379845
crohn	0.000616293	0.00106723	FALSE	0.0691532	2438	21	22201891	23266941	0.098534207903123
uc	0.00073913	0.00133443	FALSE	0.024056	2438	21	22201891	23266941	0.043579647155812
cad	4.53388e-05	8.80169e-05	FALSE	0.069278	2438	21	22201891	23266941	0.0923841317784257
psoriasis	0.000130734	0.00045732	FALSE	0.171116	2439	21	23266942	24055941	0.211932660550459
psa	0.00145606	0.00302679	FALSE	0.00681953	2439	21	23266942	24055941	0.0240849462431942
uc	6.09095e-05	0.000109967	FALSE	0.404364	2439	21	23266942	24055941	0.417677960489182
cad	1.13271e-05	2.19894e-05	FALSE	0.317667	2439	21	23266942	24055941	0.331283369357045
psoriasis	0.000583333	0.00204056	FALSE	0.000539965	2440	21	24055942	25247986	0.00193100066225166
psa	0.00224914	0.00467542	FALSE	0.000621685	2440	21	24055942	25247986	0.00420799269204152
crohn	0.00143423	0.00248366	FALSE	0.000806482	2440	21	24055942	25247986	0.00251280444630404
uc	0.000620864	0.00112092	FALSE	0.0475854	2440	21	24055942	25247986	0.0747929639484979
cad	5.99828e-06	1.16445e-05	FALSE	0.405676	2440	21	24055942	25247986	0.412380659111111
psoriasis	3.63905e-06	1.27297e-05	FALSE	0.475107	2441	21	25247987	26467826	0.475988460111317
crohn	6.14123e-05	0.000106348	FALSE	0.42568	2441	21	25247987	26467826	0.434034285714286
uc	0.000918349	0.001658	FALSE	0.00927481	2441	21	25247987	26467826	0.0202058360714286
cad	8.86515e-05	0.0001721	FALSE	0.00383734	2441	21	25247987	26467826	0.00786379621863799
psoriasis	3.74451e-05	0.000130986	FALSE	0.389977	2442	21	26467827	27774350	0.406343617945007
psa	0.000629976	0.00130957	FALSE	0.150596	2442	21	26467827	27774350	0.216854588322247
crohn	0.00124743	0.00216017	FALSE	0.00227332	2442	21	26467827	27774350	0.00610460589928058
uc	0.000555349	0.00100263	FALSE	0.0621493	2442	21	26467827	27774350	0.0927803282121006
cad	8.36196e-05	0.000162332	FALSE	0.00454234	2442	21	26467827	27774350	0.00907210592495637
psoriasis	0.000424977	0.00148661	FALSE	0.0138845	2443	21	27774351	28616539	0.0277947358665431
psa	0.00115911	0.00240951	FALSE	0.0548418	2443	21	27774351	28616539	0.105847564158416
crohn	0.000703417	0.00121811	FALSE	0.0679973	2443	21	27774351	28616539	0.0973132403587444
uc	0.00220766	0.00398574	FALSE	1.21277e-06	2443	21	27774351	28616539	1.48784520670391e-05
cad	1.52897e-05	2.96822e-05	FALSE	0.315185	2443	21	27774351	28616539	0.329145248858447
psoriasis	0.000135442	0.000473788	FALSE	0.182626	2444	21	28616540	29449870	0.223670204081633
crohn	0.000464573	0.000804502	FALSE	0.116453	2444	21	28616540	29449870	0.149859448156682
uc	2.44706e-05	4.41795e-05	FALSE	0.454059	2444	21	28616540	29449870	0.457601452042221
cad	7.76759e-05	0.000150793	FALSE	0.0059358	2444	21	28616540	29449870	0.0113315313856427
psoriasis	0.000591438	0.00206891	FALSE	9.87099e-05	2445	21	29449871	30847296	0.0004696900969163
crohn	0.00109606	0.00189804	FALSE	0.00229521	2445	21	29449871	30847296	0.00614071753293413
uc	0.000787532	0.00142182	FALSE	0.00864758	2445	21	29449871	30847296	0.0192450809726444
cad	0.00015281	0.000296651	FALSE	5.44637e-07	2445	21	29449871	30847296	4.24008244217687e-06
psoriasis	0.000194419	0.000680096	FALSE	0.103234	2446	21	30847297	32202239	0.141578057142857
uc	0.000296744	0.000535745	FALSE	0.186143	2446	21	30847297	32202239	0.224598916483516
cad	8.95066e-05	0.00017376	FALSE	0.00216003	2446	21	30847297	32202239	0.00489107783168317
psoriasis	0.000150175	0.000525328	FALSE	0.182802	2447	21	32202240	33270272	0.223712362606232
psa	0.000535258	0.00111267	FALSE	0.200639	2447	21	32202240	33270272	0.262448440860215
crohn	0.000498778	0.000863735	FALSE	0.122114	2447	21	32202240	33270272	0.155887243428571
uc	0.00073279	0.00132299	FALSE	0.0302534	2447	21	32202240	33270272	0.0518996571428571
cad	8.66049e-05	0.000168127	FALSE	0.0052598	2447	21	32202240	33270272	0.0102725555935098
psoriasis	0.000187144	0.000654647	FALSE	0.13654	2448	21	33270273	34383794	0.175976243291592
psa	0.00326616	0.00678954	FALSE	9.97943e-06	2448	21	33270273	34383794	0.000223682860674157
crohn	0.00112474	0.00194772	FALSE	0.0079787	2448	21	33270273	34383794	0.0171297368683958
uc	0.000924424	0.00166897	FALSE	0.0114701	2448	21	33270273	34383794	0.0242195573076923
cad	9.62164e-05	0.000186786	FALSE	0.00290508	2448	21	33270273	34383794	0.0062501580056444
psoriasis	0.00107905	0.00377461	FALSE	2.27413e-07	2449	21	34383795	35729261	2.85588418604651e-06
psa	0.00265232	0.00551352	FALSE	0.000373064	2449	21	34383795	35729261	0.00292734896774194
crohn	0.00381978	0.00661471	FALSE	1.51588e-11	2449	21	34383795	35729261	6.15722894545455e-10
uc	0.00164161	0.00296378	FALSE	0.000155018	2449	21	34383795	35729261	0.000768441372460497
cad	0.000429199	0.00083321	FALSE	6.61181e-21	2449	21	34383795	35729261	5.40043195357143e-19
psoriasis	0.00280323	0.00980598	FALSE	3.9563e-25	2450	21	35729262	37303548	4.06933714285714e-23
psa	0.00485619	0.0100948	FALSE	5.70279e-08	2450	21	35729262	37303548	4.439051736e-06
crohn	0.00189916	0.00328877	FALSE	0.000388968	2450	21	35729262	37303548	0.00137929287619048
uc	0.000618029	0.0011158	FALSE	0.0890367	2450	21	35729262	37303548	0.123985157387445
cad	0.000233397	0.000453097	FALSE	6.69486e-08	2450	21	35729262	37303548	6.74499771806167e-07
psoriasis	0.000478672	0.00167444	FALSE	0.00115689	2451	21	37303549	38046449	0.003569832
psa	0.00053651	0.00111527	FALSE	0.160086	2451	21	37303549	38046449	0.226394559186638
crohn	0.000272216	0.000471397	FALSE	0.215344	2451	21	37303549	38046449	0.245573504849413
uc	0.000290006	0.000523579	FALSE	0.173069	2451	21	37303549	38046449	0.213037849775785
cad	0.000126741	0.000246045	FALSE	2.06618e-05	2451	21	37303549	38046449	9.24726743639922e-05
psoriasis	0.000377727	0.00132133	FALSE	0.0167322	2452	21	38046450	39252059	0.0322692428571429
psa	0.00117769	0.00244814	FALSE	0.0417148	2452	21	38046450	39252059	0.0876641477321814
crohn	0.000229218	0.000396938	FALSE	0.28625	2452	21	38046450	39252059	0.311638645224172
uc	0.000952304	0.0017193	FALSE	0.00890009	2452	21	38046450	39252059	0.019659960361809
cad	7.18447e-05	0.000139473	FALSE	0.015874	2452	21	38046450	39252059	0.0261977005050505
psoriasis	0.00171418	0.00599637	FALSE	1.84845e-12	2453	21	39252060	40480831	6.23851875e-11
psa	0.00293093	0.00609269	FALSE	0.000336726	2453	21	39252060	40480831	0.00269657940740741
crohn	0.0039499	0.00684004	FALSE	8.52666e-11	2453	21	39252060	40480831	2.88614521818182e-09
uc	0.00706949	0.0127633	FALSE	2.78497e-30	2453	21	39252060	40480831	2.03859804e-27
cad	0.000165827	0.000321921	FALSE	4.47593e-05	2453	21	39252060	40480831	0.000182467948484848
psoriasis	0.000484119	0.0016935	FALSE	0.00384617	2454	21	40480832	41344742	0.00972555789473684
psa	0.00105943	0.0022023	FALSE	0.0570776	2454	21	40480832	41344742	0.109431536551724
crohn	0.00178468	0.00309053	FALSE	0.000104739	2454	21	40480832	41344742	0.000462424754940711
uc	0.00200189	0.00361424	FALSE	2.20133e-06	2454	21	40480832	41344742	2.44147509090909e-05
cad	7.16848e-05	0.000139163	FALSE	0.0155523	2454	21	40480832	41344742	0.0258172094339623
psoriasis	0.000399912	0.00139893	FALSE	0.0153242	2455	21	41344743	42187152	0.0299821304347826
psa	0.00365064	0.00758878	FALSE	2.0302e-06	2455	21	41344743	42187152	7.61555873076923e-05
crohn	0.00195287	0.00338178	FALSE	5.5831e-05	2455	21	41344743	42187152	0.000275943482300885
cad	0.000100266	0.000194648	FALSE	0.0025317	2455	21	41344743	42187152	0.00555661986564299
psoriasis	0.00113268	0.00396221	FALSE	3.35716e-07	2456	21	42187153	43081434	4.02270762430939e-06
psa	0.00163778	0.00340455	FALSE	0.0205727	2456	21	42187153	43081434	0.0528159290237467
crohn	0.00212109	0.0036731	FALSE	7.32748e-05	2456	21	42187153	43081434	0.000341745100626305
uc	0.00162532	0.00293437	FALSE	0.000377758	2456	21	42187153	43081434	0.00153906598886827
cad	0.000167472	0.000325115	FALSE	2.7349e-05	2456	21	42187153	43081434	0.000118495620643939
psoriasis	0.000742877	0.00259866	FALSE	0.000610221	2457	21	43081435	43812791	0.00210219674641148
psa	0.00289639	0.00602088	FALSE	0.000592249	2457	21	43081435	43812791	0.00408693813475177
crohn	0.00156179	0.00270455	FALSE	0.00331355	2457	21	43081435	43812791	0.00842146837315131
uc	0.00230639	0.00416398	FALSE	6.8257e-06	2457	21	43081435	43812791	5.85517078125e-05
cad	0.000128011	0.000248509	FALSE	0.00138371	2457	21	43081435	43812791	0.00344721652505447
psoriasis	0.000670022	0.0023438	FALSE	0.000497181	2458	21	43812792	44815008	0.00180186402684564
psa	0.00149616	0.00311016	FALSE	0.0235669	2458	21	43812792	44815008	0.0582734274459975
crohn	0.00249416	0.00431913	FALSE	2.17001e-06	2458	21	43812792	44815008	1.75010914801444e-05
uc	0.00221672	0.0040021	FALSE	1.64454e-06	2458	21	43812792	44815008	1.91118228571429e-05
cad	0.000162578	0.000315614	FALSE	1.83949e-05	2458	21	43812792	44815008	8.41382726e-05
psoriasis	0.000500831	0.00175195	FALSE	0.00399822	2459	21	44815009	46045433	0.010065448951049
psa	0.000975403	0.00202763	FALSE	0.0800983	2459	21	44815009	46045433	0.138429211190053
crohn	0.00396448	0.00686529	FALSE	8.86954e-13	2459	21	44815009	46045433	4.12803174166667e-11
uc	0.00184	0.00332196	FALSE	1.83592e-05	2459	21	44815009	46045433	0.000133942867774086
cad	0.000126305	0.000245197	FALSE	0.000277755	2459	21	44815009	46045433	0.00089975309490085
psoriasis	0.000712724	0.00249318	FALSE	0.00018072	2460	21	46045434	47014880	0.000786431227364185
psa	0.00328316	0.00682489	FALSE	1.69072e-05	2460	21	46045434	47014880	0.00029232536460177
crohn	0.000851351	0.00147429	FALSE	0.0360773	2460	21	46045434	47014880	0.0584881626995646
uc	0.0015244	0.00275218	FALSE	0.000290313	2460	21	46045434	47014880	0.00123791718058252
cad	9.1483e-05	0.000177597	FALSE	0.00552242	2460	21	46045434	47014880	0.0106580375864979
psoriasis	9.23835e-05	0.000323166	FALSE	0.263403	2461	21	47014881	48119633	0.299763161222339
psa	0.000269727	0.000560697	FALSE	0.312399	2461	21	47014881	48119633	0.36036067219917
crohn	0.00216889	0.00375587	FALSE	1.42047e-06	2461	21	47014881	48119633	1.21583524137931e-05
uc	0.000450553	0.000813435	FALSE	0.0967441	2461	21	47014881	48119633	0.13278127725
cad	5.7888e-06	1.12379e-05	FALSE	0.403737	2461	21	47014881	48119633	0.411107087711487
psoriasis	0.000584985	0.00204634	FALSE	4.06946e-05	2462	22	16050213	17587474	0.00022596487403599
psa	0.000533727	0.00110949	FALSE	0.124759	2462	22	16050213	17587474	0.190416481568627
uc	0.000247144	0.000446197	FALSE	0.170981	2462	22	16050213	17587474	0.210703858585859
cad	6.60092e-05	0.000128145	FALSE	0.00394787	2462	22	16050213	17587474	0.00806140954464286
psoriasis	0.000818822	0.00286432	FALSE	9.97988e-05	2463	22	17587475	18535225	0.000472577816593887
psa	0.00281708	0.00585602	FALSE	0.00040076	2463	22	17587475	18535225	0.00307038960629921
crohn	0.00158142	0.00273855	FALSE	0.00177258	2463	22	17587475	18535225	0.00493758568578554
uc	0.00121651	0.00219631	FALSE	0.00479193	2463	22	17587475	18535225	0.0120954922758621
cad	0.000224626	0.00043607	FALSE	9.39673e-08	2463	22	17587475	18535225	9.08104976371308e-07
psoriasis	8.27305e-05	0.000289399	FALSE	0.288925	2464	22	18535226	19635654	0.320970894141829
psa	0.000140721	0.000292525	FALSE	0.39273	2464	22	18535226	19635654	0.421307927232635
cad	0.000220133	0.000427347	FALSE	8.75949e-10	2464	22	18535226	19635654	1.47301129632353e-08
psoriasis	0.000103752	0.000362935	FALSE	0.271172	2465	22	19635655	20969184	0.305865023498695
crohn	0.00247269	0.00428196	FALSE	1.11834e-06	2465	22	19635655	20969184	9.99348624e-06
uc	0.00145758	0.00263153	FALSE	0.000409319	2465	22	19635655	20969184	0.00164026372992701
cad	0.000227033	0.000440741	FALSE	6.15442e-09	2465	22	19635655	20969184	8.13592979190752e-08
psoriasis	0.00167465	0.0058581	FALSE	5.79693e-15	2466	22	20969185	22404422	2.72203669565217e-13
psa	0.0022021	0.00457763	FALSE	0.000717042	2466	22	20969185	22404422	0.00468242863087248
crohn	0.00257013	0.0044507	FALSE	8.01729e-08	2466	22	20969185	22404422	9.9503477e-07
uc	0.00153672	0.0027744	FALSE	7.71791e-05	2466	22	20969185	22404422	0.000449563139522546
cad	0.000113476	0.000220292	FALSE	0.000365839	2466	22	20969185	22404422	0.00113064026081081
psoriasis	0.000468571	0.00163911	FALSE	8.48131e-05	2467	22	22404423	23143364	0.000413754094808126
psa	0.000632769	0.00131537	FALSE	0.0558532	2467	22	22404423	23143364	0.107507742037587
crohn	0.000188436	0.000326315	FALSE	0.212776	2467	22	22404423	23143364	0.243515155737705
uc	3.65467e-05	6.59819e-05	FALSE	0.407086	2467	22	22404423	23143364	0.419306217636022
psoriasis	0.000510492	0.00178575	FALSE	0.00132324	2468	22	23143365	23950732	0.00398077771587744
psa	0.000497294	0.00103375	FALSE	0.192101	2468	22	23143365	23950732	0.254741739782016
crohn	0.000780266	0.00135119	FALSE	0.0262885	2468	22	23143365	23950732	0.0453852465224111
uc	0.00137255	0.00247801	FALSE	0.000158737	2468	22	23143365	23950732	0.000783340341573034
cad	3.50416e-05	6.80268e-05	FALSE	0.108583	2468	22	23143365	23950732	0.135624970507919
psoriasis	0.000868157	0.0030369	FALSE	1.54509e-06	2469	22	23950733	25282436	1.42623692307692e-05
psa	0.0010409	0.00216379	FALSE	0.0497078	2469	22	23950733	25282436	0.0991100192622951
crohn	0.00201007	0.00348085	FALSE	7.97077e-06	2469	22	23950733	25282436	5.24947291176471e-05
uc	0.000717015	0.00129451	FALSE	0.0257014	2469	22	23950733	25282436	0.0459237383238405
cad	0.000324875	0.000630684	FALSE	1.3738e-16	2469	22	23950733	25282436	7.30669906976744e-15
psoriasis	0.000282425	0.000987951	FALSE	0.0433323	2470	22	25282437	26166934	0.071122924012158
psa	0.00165002	0.00342998	FALSE	0.00587119	2470	22	25282437	26166934	0.0216645034210526
crohn	0.000413261	0.000715645	FALSE	0.14748	2470	22	25282437	26166934	0.181726596800883
uc	0.00164397	0.00296804	FALSE	2.13632e-05	2470	22	25282437	26166934	0.000153312376470588
cad	5.02202e-05	9.74931e-05	FALSE	0.0483845	2470	22	25282437	26166934	0.0681375317118227
psoriasis	0.00274153	0.00959014	FALSE	2.74662e-24	2471	22	26166935	27192923	2.471958e-22
psa	0.00425412	0.00884328	FALSE	1.19292e-06	2471	22	26166935	27192923	5.27595981818182e-05
crohn	0.00345251	0.00597872	FALSE	6.86819e-09	2471	22	26166935	27192923	1.18027203538462e-07
uc	0.00269261	0.00486128	FALSE	1.41065e-07	2471	22	26166935	27192923	2.40138558139535e-06
cad	0.000211607	0.000410795	FALSE	6.61867e-07	2471	22	26166935	27192923	4.9466987875817e-06
psoriasis	0.000690305	0.00241475	FALSE	0.00171938	2472	22	27192924	27952441	0.00499174838709677
psa	0.000772526	0.00160589	FALSE	0.181372	2472	22	27192924	27952441	0.246509176552687
crohn	0.00201982	0.00349772	FALSE	0.000454631	2472	22	27192924	27952441	0.00156977689953632
uc	0.00217169	0.0039208	FALSE	3.29266e-05	2472	22	27192924	27952441	0.00021977754893617
cad	0.000230853	0.000448158	FALSE	4.62117e-07	2472	22	27192924	27952441	3.65696048096886e-06
psoriasis	9.52936e-05	0.000333346	FALSE	0.281368	2473	22	27952442	29457601	0.314898901554404
psa	0.000864961	0.00179804	FALSE	0.100588	2473	22	27952442	29457601	0.163529029239766
crohn	0.00270021	0.00467596	FALSE	1.03824e-07	2473	22	27952442	29457601	1.23373838297872e-06
uc	0.000134999	0.000243729	FALSE	0.349407	2473	22	27952442	29457601	0.373562693281402
cad	0.00015699	0.000304766	FALSE	1.13143e-05	2473	22	27952442	29457601	5.62517480434783e-05
psoriasis	3.0579e-05	0.000106968	FALSE	0.407522	2474	22	29457602	30962255	0.419565071496663
psa	0.0011917	0.00247725	FALSE	0.0328889	2474	22	29457602	30962255	0.0733965589449541
crohn	0.00149114	0.0025822	FALSE	0.000496418	2474	22	29457602	30962255	0.00169312643053435
uc	0.00106513	0.00192301	FALSE	0.0029979	2474	22	29457602	30962255	0.00843820020460358
cad	0.000172738	0.000335339	FALSE	5.8504e-07	2474	22	29457602	30962255	4.53554738983051e-06
psoriasis	0.000453313	0.00158573	FALSE	0.00107995	2475	22	30962256	31904549	0.00336607792207792
psa	0.000111595	0.000231979	FALSE	0.394387	2475	22	30962256	31904549	0.42192254095657
crohn	0.000993702	0.00172079	FALSE	0.00356679	2475	22	30962256	31904549	0.00887328380846325
uc	0.000401906	0.000725606	FALSE	0.0886814	2475	22	30962256	31904549	0.123568752791878
cad	5.079e-05	9.85994e-05	FALSE	0.0257118	2475	22	30962256	31904549	0.0397423425
psoriasis	0.000135771	0.000474941	FALSE	0.111631	2476	22	31904550	32662293	0.150419812850905
crohn	0.000391074	0.000677223	FALSE	0.0870334	2476	22	31904550	32662293	0.117198683303195
uc	0.000154523	0.000278978	FALSE	0.251578	2476	22	31904550	32662293	0.285807184687015
cad	2.00531e-05	3.89294e-05	FALSE	0.162389	2476	22	31904550	32662293	0.187662275391612
psoriasis	0.000529293	0.00185152	FALSE	0.00294135	2477	22	32662294	33501725	0.00781465682656827
psa	0.00218888	0.00455015	FALSE	0.0018644	2477	22	32662294	33501725	0.00970086203208556
crohn	0.00309601	0.00536136	FALSE	6.84166e-09	2477	22	32662294	33501725	1.18027203538462e-07
uc	0.0010486	0.00189315	FALSE	0.00687023	2477	22	32662294	33501725	0.0162400700538213
cad	0.000205197	0.000398352	FALSE	1.0746e-07	2477	22	32662294	33501725	1.02400425e-06
psoriasis	0.000469182	0.00164124	FALSE	0.00609274	2478	22	33501726	34361897	0.014358558778626
psa	0.00349158	0.00725813	FALSE	4.40259e-06	2478	22	33501726	34361897	0.000129809699090909
crohn	0.00188864	0.00327056	FALSE	8.46069e-05	2478	22	33501726	34361897	0.000383391104665314
uc	0.000595491	0.00107511	FALSE	0.0683057	2478	22	33501726	34361897	0.100333991438127
cad	8.42092e-05	0.000163476	FALSE	0.00819283	2478	22	33501726	34361897	0.0149263775019889
psoriasis	0.000124047	0.000433927	FALSE	0.196264	2479	22	34361898	35368341	0.236964918949134
crohn	0.00108489	0.00187871	FALSE	0.00444889	2479	22	34361898	35368341	0.0105619768969182
uc	0.00116728	0.00210743	FALSE	0.000853312	2479	22	34361898	35368341	0.003027258726979
cad	1.5153e-05	2.94167e-05	FALSE	0.28247	2479	22	34361898	35368341	0.3008890964136
psoriasis	0.000197285	0.000690122	FALSE	0.106657	2480	22	35368342	36135968	0.145625233881163
uc	0.00239067	0.00431615	FALSE	1.31337e-08	2480	22	35368342	36135968	3.13495708695652e-07
cad	0.00011726	0.000227638	FALSE	0.000218369	2480	22	35368342	36135968	0.000736592777286136
psoriasis	0.00179171	0.00626759	FALSE	3.93176e-14	2481	22	36135969	37364004	1.665216e-12
psa	0.00218039	0.00453251	FALSE	0.00291716	2481	22	36135969	37364004	0.0135808453588517
crohn	0.00331619	0.00574265	FALSE	3.65994e-09	2481	22	36135969	37364004	6.92907284745763e-08
uc	0.00177915	0.0032121	FALSE	7.79748e-05	2481	22	36135969	37364004	0.000451801215831135
cad	5.65947e-05	0.000109868	FALSE	0.0595385	2481	22	36135969	37364004	0.0813126124179104
psoriasis	0.00141869	0.00496273	FALSE	5.43285e-10	2482	22	37364005	38718589	1.24839957446809e-08
psa	0.00264072	0.00548941	FALSE	0.000652168	2482	22	37364005	38718589	0.00431673104761905
crohn	0.000933956	0.00161733	FALSE	0.0337129	2482	22	37364005	38718589	0.0553783960294118
uc	0.0026985	0.0048719	FALSE	4.63594e-08	2482	22	37364005	38718589	9.00931348672566e-07
cad	0.000188344	0.000365634	FALSE	2.7893e-06	2482	22	37364005	38718589	1.71944180592992e-05
psoriasis	0.000629117	0.00220071	FALSE	0.000862297	2483	22	38718590	40378783	0.00277994256716418
psa	0.00220473	0.0045831	FALSE	0.00209744	2483	22	38718590	40378783	0.0105877020207254
crohn	0.00539328	0.00933955	FALSE	6.82943e-19	2483	22	38718590	40378783	7.26521267619048e-17
uc	0.00244632	0.00441662	FALSE	1.56116e-07	2483	22	38718590	40378783	2.63715950769231e-06
cad	0.000116558	0.000226277	FALSE	0.000941405	2483	22	38718590	40378783	0.00253293321764706
psoriasis	0.000381015	0.00133283	FALSE	0.00130883	2484	22	40378784	41722787	0.00394291882845188
crohn	0.000876572	0.00151796	FALSE	0.00293052	2484	22	40378784	41722787	0.00755107460207612
uc	0.000858369	0.00154971	FALSE	0.00122618	2484	22	40378784	41722787	0.00409223598784195
cad	9.30517e-05	0.000180642	FALSE	9.03155e-05	2484	22	40378784	41722787	0.000338914654098361
psoriasis	0.000248232	0.000868338	FALSE	0.0266587	2485	22	41722788	42867927	0.0476284466501241
psa	5.77813e-05	0.000120113	FALSE	0.42987	2485	22	41722788	42867927	0.447101560662747
crohn	0.00126243	0.00218615	FALSE	0.00022711	2485	22	41722788	42867927	0.000875338975862069
uc	0.00015095	0.000272528	FALSE	0.274118	2485	22	41722788	42867927	0.306342558778626
cad	0.000109545	0.000212661	FALSE	2.90471e-05	2485	22	41722788	42867927	0.000124402093071161
psoriasis	0.000204368	0.000714899	FALSE	0.0711944	2486	22	42867928	43574017	0.104941964529332
crohn	0.000546239	0.000945922	FALSE	0.0623766	2486	22	42867928	43574017	0.0911533285434356
uc	0.00165352	0.00298529	FALSE	2.77351e-06	2486	22	42867928	43574017	2.91417605741627e-05
cad	6.14058e-05	0.000119208	FALSE	0.0123678	2486	22	42867928	43574017	0.0210455049107143
psoriasis	0.000234037	0.000818684	FALSE	0.0813779	2487	22	43574018	44409533	0.116639856668879
psa	0.00101498	0.00210989	FALSE	0.0620873	2487	22	43574018	44409533	0.115840734228188
uc	0.00151562	0.00273632	FALSE	0.000132841	2487	22	43574018	44409533	0.000679997286713287
cad	0.000120071	0.000233095	FALSE	0.000270213	2487	22	43574018	44409533	0.000881565094151212
psoriasis	0.000966629	0.00338136	FALSE	1.99726e-05	2488	22	44409534	45170649	0.000128014290801187
psa	0.00653667	0.0135881	FALSE	1.32242e-11	2488	22	44409534	45170649	2.85936591111111e-09
crohn	0.00145693	0.00252298	FALSE	0.00521513	2488	22	44409534	45170649	0.0121360421041667
uc	0.00216726	0.0039128	FALSE	1.76133e-05	2488	22	44409534	45170649	0.000130114473825503
cad	0.000179107	0.000347702	FALSE	2.35252e-05	2488	22	44409534	45170649	0.000103610775769231
psoriasis	0.000612929	0.00214408	FALSE	0.00303922	2489	22	45170650	46351048	0.00803514712362301
psa	0.00289235	0.00601249	FALSE	0.000467077	2489	22	45170650	46351048	0.0034824974789272
crohn	0.00261115	0.00452173	FALSE	5.23296e-06	2489	22	45170650	46351048	3.72306771974522e-05
uc	0.00282145	0.00509388	FALSE	6.00929e-08	2489	22	45170650	46351048	1.12789750769231e-06
cad	4.74516e-05	9.21184e-05	FALSE	0.111463	2489	22	45170650	46351048	0.138016178126692
psoriasis	0.000683177	0.00238982	FALSE	0.000270622	2490	22	46351049	47299625	0.00108651211895911
psa	0.0034672	0.00720746	FALSE	5.22687e-06	2490	22	46351049	47299625	0.000136718378181818
crohn	0.00156641	0.00271255	FALSE	0.000738488	2490	22	46351049	47299625	0.00234344061363636
uc	0.00129074	0.00233032	FALSE	0.00130599	2490	22	46351049	47299625	0.00431271284210526
cad	6.61922e-05	0.0001285	FALSE	0.0273567	2490	22	46351049	47299625	0.0418213722593583
psoriasis	0.000710882	0.00248673	FALSE	0.000203252	2491	22	47299626	48269177	0.000865925680473373
crohn	0.000657725	0.00113898	FALSE	0.0806623	2491	22	47299626	48269177	0.110687701597052
uc	0.000434484	0.000784423	FALSE	0.140768	2491	22	47299626	48269177	0.180670092343659
cad	5.29206e-05	0.000102735	FALSE	0.0641158	2491	22	47299626	48269177	0.0867136810171496
psoriasis	0.000498806	0.00174487	FALSE	0.00883413	2492	22	48269178	48977538	0.0191583542168675
psa	0.00212309	0.00441339	FALSE	0.00475305	2492	22	48269178	48977538	0.0188379537678208
crohn	0.00143458	0.00248426	FALSE	0.00380978	2492	22	48269178	48977538	0.00934253405049396
uc	0.00144062	0.00260091	FALSE	0.00125816	2492	22	48269178	48977538	0.00417359419939577
cad	7.67463e-05	0.000148988	FALSE	0.0233745	2492	22	48269178	48977538	0.0366649393004115
psoriasis	0.000418816	0.00146506	FALSE	0.0123842	2493	22	48977539	49559207	0.0252669008498584
psa	0.00143378	0.00298048	FALSE	0.0233765	2493	22	48977539	49559207	0.0580238125
crohn	0.00206634	0.00357829	FALSE	2.66829e-05	2493	22	48977539	49559207	0.000145744739853301
uc	0.000597784	0.00107925	FALSE	0.0692536	2493	22	48977539	49559207	0.101256785628743
cad	6.71333e-05	0.000130327	FALSE	0.0264497	2493	22	48977539	49559207	0.040570398323273
psoriasis	0.000556098	0.00194528	FALSE	0.00280791	2494	22	49559208	50347996	0.00754632537313433
psa	0.00160269	0.0033316	FALSE	0.0174365	2494	22	49559208	50347996	0.0474471660167131
crohn	0.00324271	0.0056154	FALSE	4.73179e-09	2494	22	49559208	50347996	8.59416167479675e-08
uc	0.00122991	0.00222049	FALSE	0.00295697	2494	22	49559208	50347996	0.00835715073359073
cad	0.000181748	0.000352829	FALSE	2.84405e-06	2494	22	49559208	50347996	1.74093288770053e-05
psoriasis	0.00041147	0.00143936	FALSE	0.00754902	2495	22	50347997	51244236	0.0168275368421053
psa	0.000451706	0.000938988	FALSE	0.222521	2495	22	50347997	51244236	0.282653959530026
crohn	0.000842846	0.00145956	FALSE	0.0227222	2495	22	50347997	51244236	0.0401275848221344
uc	0.00203888	0.00368102	FALSE	5.1495e-07	2495	22	50347997	51244236	7.39104705882353e-06
cad	0.000105008	0.000203853	FALSE	0.000680881	2495	22	50347997	51244236	0.00191064398404908
