outcome	phase4c_role	locus	chr	start	stop	phase4br_tier	local_direction_group	gene	probeID	tissue	phase4c_eqtl_gene_tier	besd_status	smr_usable	gwas_locus_sumstats_ready	significant_eqtl_only_ready	full_eqtl_allpairs_ready	eqtl_catalogue_imported_gtex_path	eqtl_catalogue_remote_tabix_available	formal_coloc_input_status	coloc_ready	blocking_reason
cad	primary_systemic_cardiovascular	113	1	154685546	156813845	Tier 1	positive_local_rg	MEX3A	ENSG00000254726	Skin_Not_Sun_Exposed_Suprapubic	A_local_Tier1_recurrent_SMR2	PASS	True	True	False	False	ftp://ftp.ebi.ac.uk/pub/databases/spot/eQTL/imported/GTEx_V8/ge/Skin_Not_Sun_Exposed_Suprapubic.tsv.gz	True	FEASIBLE_VIA_EQTL_CATALOGUE_REMOTE_TABIX	False	Local GTEx Portal all-associations files are unavailable, but eQTL Catalogue imported GTEx v8 tabix files provide complete regional per-variant eQTL statistics suitable for coloc extraction. Proceed with remote-tabix smoke test and then restricted coloc.
cad	primary_systemic_cardiovascular	113	1	154685546	156813845	Tier 1	positive_local_rg	MEX3A	ENSG00000254726	Skin_Sun_Exposed_Lower_leg	A_local_Tier1_recurrent_SMR2	PASS	True	True	False	False	ftp://ftp.ebi.ac.uk/pub/databases/spot/eQTL/imported/GTEx_V8/ge/Skin_Sun_Exposed_Lower_leg.tsv.gz	True	FEASIBLE_VIA_EQTL_CATALOGUE_REMOTE_TABIX	False	Local GTEx Portal all-associations files are unavailable, but eQTL Catalogue imported GTEx v8 tabix files provide complete regional per-variant eQTL statistics suitable for coloc extraction. Proceed with remote-tabix smoke test and then restricted coloc.
cad	primary_systemic_cardiovascular	113	1	154685546	156813845	Tier 1	positive_local_rg	UBQLN4	ENSG00000160803	Skin_Not_Sun_Exposed_Suprapubic	A_local_Tier1_recurrent_SMR2	PASS	True	True	False	False	ftp://ftp.ebi.ac.uk/pub/databases/spot/eQTL/imported/GTEx_V8/ge/Skin_Not_Sun_Exposed_Suprapubic.tsv.gz	True	FEASIBLE_VIA_EQTL_CATALOGUE_REMOTE_TABIX	False	Local GTEx Portal all-associations files are unavailable, but eQTL Catalogue imported GTEx v8 tabix files provide complete regional per-variant eQTL statistics suitable for coloc extraction. Proceed with remote-tabix smoke test and then restricted coloc.
cad	primary_systemic_cardiovascular	113	1	154685546	156813845	Tier 1	positive_local_rg	UBQLN4	ENSG00000160803	Skin_Sun_Exposed_Lower_leg	A_local_Tier1_recurrent_SMR2	PASS	True	True	False	False	ftp://ftp.ebi.ac.uk/pub/databases/spot/eQTL/imported/GTEx_V8/ge/Skin_Sun_Exposed_Lower_leg.tsv.gz	True	FEASIBLE_VIA_EQTL_CATALOGUE_REMOTE_TABIX	False	Local GTEx Portal all-associations files are unavailable, but eQTL Catalogue imported GTEx v8 tabix files provide complete regional per-variant eQTL statistics suitable for coloc extraction. Proceed with remote-tabix smoke test and then restricted coloc.
cad	primary_systemic_cardiovascular	267	2	59251997	60775066	Tier 1	positive_local_rg	AC007381.3	ENSG00000228590	Skin_Not_Sun_Exposed_Suprapubic	A_local_Tier1_recurrent_SMR2	PASS	True	True	False	False	ftp://ftp.ebi.ac.uk/pub/databases/spot/eQTL/imported/GTEx_V8/ge/Skin_Not_Sun_Exposed_Suprapubic.tsv.gz	True	FEASIBLE_VIA_EQTL_CATALOGUE_REMOTE_TABIX	False	Local GTEx Portal all-associations files are unavailable, but eQTL Catalogue imported GTEx v8 tabix files provide complete regional per-variant eQTL statistics suitable for coloc extraction. Proceed with remote-tabix smoke test and then restricted coloc.
cad	primary_systemic_cardiovascular	267	2	59251997	60775066	Tier 1	positive_local_rg	AC007381.3	ENSG00000228590	Skin_Sun_Exposed_Lower_leg	A_local_Tier1_recurrent_SMR2	PASS	True	True	False	False	ftp://ftp.ebi.ac.uk/pub/databases/spot/eQTL/imported/GTEx_V8/ge/Skin_Sun_Exposed_Lower_leg.tsv.gz	True	FEASIBLE_VIA_EQTL_CATALOGUE_REMOTE_TABIX	False	Local GTEx Portal all-associations files are unavailable, but eQTL Catalogue imported GTEx v8 tabix files provide complete regional per-variant eQTL statistics suitable for coloc extraction. Proceed with remote-tabix smoke test and then restricted coloc.
cad	primary_systemic_cardiovascular	1841	12	111592382	113947983	Tier 1	positive_local_rg	TMEM116	ENSG00000198270	Artery_Aorta	A_local_Tier1_recurrent_SMR2	PASS	True	True	False	False	ftp://ftp.ebi.ac.uk/pub/databases/spot/eQTL/imported/GTEx_V8/ge/Artery_Aorta.tsv.gz	True	FEASIBLE_VIA_EQTL_CATALOGUE_REMOTE_TABIX	False	Local GTEx Portal all-associations files are unavailable, but eQTL Catalogue imported GTEx v8 tabix files provide complete regional per-variant eQTL statistics suitable for coloc extraction. Proceed with remote-tabix smoke test and then restricted coloc.
cad	primary_systemic_cardiovascular	1841	12	111592382	113947983	Tier 1	positive_local_rg	TMEM116	ENSG00000198270	Artery_Coronary	A_local_Tier1_recurrent_SMR2	PASS	True	True	False	False	ftp://ftp.ebi.ac.uk/pub/databases/spot/eQTL/imported/GTEx_V8/ge/Artery_Coronary.tsv.gz	True	FEASIBLE_VIA_EQTL_CATALOGUE_REMOTE_TABIX	False	Local GTEx Portal all-associations files are unavailable, but eQTL Catalogue imported GTEx v8 tabix files provide complete regional per-variant eQTL statistics suitable for coloc extraction. Proceed with remote-tabix smoke test and then restricted coloc.
cad	primary_systemic_cardiovascular	1841	12	111592382	113947983	Tier 1	positive_local_rg	TMEM116	ENSG00000198270	Artery_Tibial	A_local_Tier1_recurrent_SMR2	PASS	True	True	False	False	ftp://ftp.ebi.ac.uk/pub/databases/spot/eQTL/imported/GTEx_V8/ge/Artery_Tibial.tsv.gz	True	FEASIBLE_VIA_EQTL_CATALOGUE_REMOTE_TABIX	False	Local GTEx Portal all-associations files are unavailable, but eQTL Catalogue imported GTEx v8 tabix files provide complete regional per-variant eQTL statistics suitable for coloc extraction. Proceed with remote-tabix smoke test and then restricted coloc.
cad	primary_systemic_cardiovascular	1841	12	111592382	113947983	Tier 1	positive_local_rg	TMEM116	ENSG00000198270	Whole_Blood	A_local_Tier1_recurrent_SMR2	PASS	True	True	False	False	ftp://ftp.ebi.ac.uk/pub/databases/spot/eQTL/imported/GTEx_V8/ge/Whole_Blood.tsv.gz	True	FEASIBLE_VIA_EQTL_CATALOGUE_REMOTE_TABIX	False	Local GTEx Portal all-associations files are unavailable, but eQTL Catalogue imported GTEx v8 tabix files provide complete regional per-variant eQTL statistics suitable for coloc extraction. Proceed with remote-tabix smoke test and then restricted coloc.
cad	primary_systemic_cardiovascular	1841	12	111592382	113947983	Tier 1	positive_local_rg	MAPKAPK5	ENSG00000089022	Artery_Aorta	A_local_Tier1_recurrent_SMR2	PASS	True	True	False	False	ftp://ftp.ebi.ac.uk/pub/databases/spot/eQTL/imported/GTEx_V8/ge/Artery_Aorta.tsv.gz	True	FEASIBLE_VIA_EQTL_CATALOGUE_REMOTE_TABIX	False	Local GTEx Portal all-associations files are unavailable, but eQTL Catalogue imported GTEx v8 tabix files provide complete regional per-variant eQTL statistics suitable for coloc extraction. Proceed with remote-tabix smoke test and then restricted coloc.
cad	primary_systemic_cardiovascular	1841	12	111592382	113947983	Tier 1	positive_local_rg	MAPKAPK5	ENSG00000089022	Artery_Tibial	A_local_Tier1_recurrent_SMR2	PASS	True	True	False	False	ftp://ftp.ebi.ac.uk/pub/databases/spot/eQTL/imported/GTEx_V8/ge/Artery_Tibial.tsv.gz	True	FEASIBLE_VIA_EQTL_CATALOGUE_REMOTE_TABIX	False	Local GTEx Portal all-associations files are unavailable, but eQTL Catalogue imported GTEx v8 tabix files provide complete regional per-variant eQTL statistics suitable for coloc extraction. Proceed with remote-tabix smoke test and then restricted coloc.
cad	primary_systemic_cardiovascular	1841	12	111592382	113947983	Tier 1	positive_local_rg	MAPKAPK5	ENSG00000089022	Skin_Sun_Exposed_Lower_leg	A_local_Tier1_recurrent_SMR2	PASS	True	True	False	False	ftp://ftp.ebi.ac.uk/pub/databases/spot/eQTL/imported/GTEx_V8/ge/Skin_Sun_Exposed_Lower_leg.tsv.gz	True	FEASIBLE_VIA_EQTL_CATALOGUE_REMOTE_TABIX	False	Local GTEx Portal all-associations files are unavailable, but eQTL Catalogue imported GTEx v8 tabix files provide complete regional per-variant eQTL statistics suitable for coloc extraction. Proceed with remote-tabix smoke test and then restricted coloc.
cad	primary_systemic_cardiovascular	1841	12	111592382	113947983	Tier 1	positive_local_rg	ADAM1B	ENSG00000226469	Artery_Tibial	A_local_Tier1_recurrent_SMR2	PASS	True	True	False	False	ftp://ftp.ebi.ac.uk/pub/databases/spot/eQTL/imported/GTEx_V8/ge/Artery_Tibial.tsv.gz	True	FEASIBLE_VIA_EQTL_CATALOGUE_REMOTE_TABIX	False	Local GTEx Portal all-associations files are unavailable, but eQTL Catalogue imported GTEx v8 tabix files provide complete regional per-variant eQTL statistics suitable for coloc extraction. Proceed with remote-tabix smoke test and then restricted coloc.
cad	primary_systemic_cardiovascular	1841	12	111592382	113947983	Tier 1	positive_local_rg	ADAM1B	ENSG00000226469	Skin_Sun_Exposed_Lower_leg	A_local_Tier1_recurrent_SMR2	PASS	True	True	False	False	ftp://ftp.ebi.ac.uk/pub/databases/spot/eQTL/imported/GTEx_V8/ge/Skin_Sun_Exposed_Lower_leg.tsv.gz	True	FEASIBLE_VIA_EQTL_CATALOGUE_REMOTE_TABIX	False	Local GTEx Portal all-associations files are unavailable, but eQTL Catalogue imported GTEx v8 tabix files provide complete regional per-variant eQTL statistics suitable for coloc extraction. Proceed with remote-tabix smoke test and then restricted coloc.
cad	primary_systemic_cardiovascular	2318	19	10028841	11681978	Tier 1	positive_local_rg	SMARCA4	ENSG00000127616	Skin_Not_Sun_Exposed_Suprapubic	A_local_Tier1_recurrent_SMR2	PASS	True	True	False	False	ftp://ftp.ebi.ac.uk/pub/databases/spot/eQTL/imported/GTEx_V8/ge/Skin_Not_Sun_Exposed_Suprapubic.tsv.gz	True	FEASIBLE_VIA_EQTL_CATALOGUE_REMOTE_TABIX	False	Local GTEx Portal all-associations files are unavailable, but eQTL Catalogue imported GTEx v8 tabix files provide complete regional per-variant eQTL statistics suitable for coloc extraction. Proceed with remote-tabix smoke test and then restricted coloc.
cad	primary_systemic_cardiovascular	2318	19	10028841	11681978	Tier 1	positive_local_rg	SMARCA4	ENSG00000127616	Skin_Sun_Exposed_Lower_leg	A_local_Tier1_recurrent_SMR2	PASS	True	True	False	False	ftp://ftp.ebi.ac.uk/pub/databases/spot/eQTL/imported/GTEx_V8/ge/Skin_Sun_Exposed_Lower_leg.tsv.gz	True	FEASIBLE_VIA_EQTL_CATALOGUE_REMOTE_TABIX	False	Local GTEx Portal all-associations files are unavailable, but eQTL Catalogue imported GTEx v8 tabix files provide complete regional per-variant eQTL statistics suitable for coloc extraction. Proceed with remote-tabix smoke test and then restricted coloc.
cad	primary_systemic_cardiovascular	2318	19	10028841	11681978	Tier 1	positive_local_rg	RGL3	ENSG00000205517	Artery_Aorta	A_local_Tier1_recurrent_SMR2	PASS	True	True	False	False	ftp://ftp.ebi.ac.uk/pub/databases/spot/eQTL/imported/GTEx_V8/ge/Artery_Aorta.tsv.gz	True	FEASIBLE_VIA_EQTL_CATALOGUE_REMOTE_TABIX	False	Local GTEx Portal all-associations files are unavailable, but eQTL Catalogue imported GTEx v8 tabix files provide complete regional per-variant eQTL statistics suitable for coloc extraction. Proceed with remote-tabix smoke test and then restricted coloc.
cad	primary_systemic_cardiovascular	2318	19	10028841	11681978	Tier 1	positive_local_rg	RGL3	ENSG00000205517	Whole_Blood	A_local_Tier1_recurrent_SMR2	PASS	True	True	False	False	ftp://ftp.ebi.ac.uk/pub/databases/spot/eQTL/imported/GTEx_V8/ge/Whole_Blood.tsv.gz	True	FEASIBLE_VIA_EQTL_CATALOGUE_REMOTE_TABIX	False	Local GTEx Portal all-associations files are unavailable, but eQTL Catalogue imported GTEx v8 tabix files provide complete regional per-variant eQTL statistics suitable for coloc extraction. Proceed with remote-tabix smoke test and then restricted coloc.
cad	primary_systemic_cardiovascular	1841	12	111592382	113947983	Tier 1	positive_local_rg	ALDH2	ENSG00000111275	Skin_Sun_Exposed_Lower_leg	B_local_Tier1_single_tissue_SMR2	PASS	True	True	False	False	ftp://ftp.ebi.ac.uk/pub/databases/spot/eQTL/imported/GTEx_V8/ge/Skin_Sun_Exposed_Lower_leg.tsv.gz	True	FEASIBLE_VIA_EQTL_CATALOGUE_REMOTE_TABIX	False	Local GTEx Portal all-associations files are unavailable, but eQTL Catalogue imported GTEx v8 tabix files provide complete regional per-variant eQTL statistics suitable for coloc extraction. Proceed with remote-tabix smoke test and then restricted coloc.
cad	primary_systemic_cardiovascular	1841	12	111592382	113947983	Tier 1	positive_local_rg	MAPKAPK5-AS1	ENSG00000234608	Whole_Blood	B_local_Tier1_single_tissue_SMR2	PASS	True	True	False	False	ftp://ftp.ebi.ac.uk/pub/databases/spot/eQTL/imported/GTEx_V8/ge/Whole_Blood.tsv.gz	True	FEASIBLE_VIA_EQTL_CATALOGUE_REMOTE_TABIX	False	Local GTEx Portal all-associations files are unavailable, but eQTL Catalogue imported GTEx v8 tabix files provide complete regional per-variant eQTL statistics suitable for coloc extraction. Proceed with remote-tabix smoke test and then restricted coloc.
cad	primary_systemic_cardiovascular	2318	19	10028841	11681978	Tier 1	positive_local_rg	YIPF2	ENSG00000130733	Skin_Sun_Exposed_Lower_leg	B_local_Tier1_single_tissue_SMR2	PASS	True	True	False	False	ftp://ftp.ebi.ac.uk/pub/databases/spot/eQTL/imported/GTEx_V8/ge/Skin_Sun_Exposed_Lower_leg.tsv.gz	True	FEASIBLE_VIA_EQTL_CATALOGUE_REMOTE_TABIX	False	Local GTEx Portal all-associations files are unavailable, but eQTL Catalogue imported GTEx v8 tabix files provide complete regional per-variant eQTL statistics suitable for coloc extraction. Proceed with remote-tabix smoke test and then restricted coloc.
cad	primary_systemic_cardiovascular	2318	19	10028841	11681978	Tier 1	positive_local_rg	C19orf52	ENSG00000142444	Skin_Sun_Exposed_Lower_leg	B_local_Tier1_single_tissue_SMR2	PASS	True	True	False	False	ftp://ftp.ebi.ac.uk/pub/databases/spot/eQTL/imported/GTEx_V8/ge/Skin_Sun_Exposed_Lower_leg.tsv.gz	True	FEASIBLE_VIA_EQTL_CATALOGUE_REMOTE_TABIX	False	Local GTEx Portal all-associations files are unavailable, but eQTL Catalogue imported GTEx v8 tabix files provide complete regional per-variant eQTL statistics suitable for coloc extraction. Proceed with remote-tabix smoke test and then restricted coloc.
cad	primary_systemic_cardiovascular	2318	19	10028841	11681978	Tier 1	positive_local_rg	KANK2	ENSG00000197256	Whole_Blood	B_local_Tier1_single_tissue_SMR2	PASS	True	True	False	False	ftp://ftp.ebi.ac.uk/pub/databases/spot/eQTL/imported/GTEx_V8/ge/Whole_Blood.tsv.gz	True	FEASIBLE_VIA_EQTL_CATALOGUE_REMOTE_TABIX	False	Local GTEx Portal all-associations files are unavailable, but eQTL Catalogue imported GTEx v8 tabix files provide complete regional per-variant eQTL statistics suitable for coloc extraction. Proceed with remote-tabix smoke test and then restricted coloc.
cad	primary_systemic_cardiovascular	2318	19	10028841	11681978	Tier 1	positive_local_rg	CTC-510F12.2	ENSG00000267082	Whole_Blood	B_local_Tier1_single_tissue_SMR2	PASS	True	True	False	False	ftp://ftp.ebi.ac.uk/pub/databases/spot/eQTL/imported/GTEx_V8/ge/Whole_Blood.tsv.gz	True	FEASIBLE_VIA_EQTL_CATALOGUE_REMOTE_TABIX	False	Local GTEx Portal all-associations files are unavailable, but eQTL Catalogue imported GTEx v8 tabix files provide complete regional per-variant eQTL statistics suitable for coloc extraction. Proceed with remote-tabix smoke test and then restricted coloc.
cad	primary_systemic_cardiovascular	2318	19	10028841	11681978	Tier 1	positive_local_rg	CDKN2D	ENSG00000129355	Whole_Blood	B_local_Tier1_single_tissue_SMR2	PASS	True	True	False	False	ftp://ftp.ebi.ac.uk/pub/databases/spot/eQTL/imported/GTEx_V8/ge/Whole_Blood.tsv.gz	True	FEASIBLE_VIA_EQTL_CATALOGUE_REMOTE_TABIX	False	Local GTEx Portal all-associations files are unavailable, but eQTL Catalogue imported GTEx v8 tabix files provide complete regional per-variant eQTL statistics suitable for coloc extraction. Proceed with remote-tabix smoke test and then restricted coloc.
cad	primary_systemic_cardiovascular	275	2	68877775	70756283	Tier 2	positive_local_rg	GFPT1	ENSG00000198380	Artery_Aorta	B_local_Tier2_recurrent_SMR2	PASS	True	True	False	False	ftp://ftp.ebi.ac.uk/pub/databases/spot/eQTL/imported/GTEx_V8/ge/Artery_Aorta.tsv.gz	True	FEASIBLE_VIA_EQTL_CATALOGUE_REMOTE_TABIX	False	Local GTEx Portal all-associations files are unavailable, but eQTL Catalogue imported GTEx v8 tabix files provide complete regional per-variant eQTL statistics suitable for coloc extraction. Proceed with remote-tabix smoke test and then restricted coloc.
cad	primary_systemic_cardiovascular	275	2	68877775	70756283	Tier 2	positive_local_rg	GFPT1	ENSG00000198380	Artery_Tibial	B_local_Tier2_recurrent_SMR2	PASS	True	True	False	False	ftp://ftp.ebi.ac.uk/pub/databases/spot/eQTL/imported/GTEx_V8/ge/Artery_Tibial.tsv.gz	True	FEASIBLE_VIA_EQTL_CATALOGUE_REMOTE_TABIX	False	Local GTEx Portal all-associations files are unavailable, but eQTL Catalogue imported GTEx v8 tabix files provide complete regional per-variant eQTL statistics suitable for coloc extraction. Proceed with remote-tabix smoke test and then restricted coloc.
cad	primary_systemic_cardiovascular	275	2	68877775	70756283	Tier 2	positive_local_rg	GFPT1	ENSG00000198380	Whole_Blood	B_local_Tier2_recurrent_SMR2	PASS	True	True	False	False	ftp://ftp.ebi.ac.uk/pub/databases/spot/eQTL/imported/GTEx_V8/ge/Whole_Blood.tsv.gz	True	FEASIBLE_VIA_EQTL_CATALOGUE_REMOTE_TABIX	False	Local GTEx Portal all-associations files are unavailable, but eQTL Catalogue imported GTEx v8 tabix files provide complete regional per-variant eQTL statistics suitable for coloc extraction. Proceed with remote-tabix smoke test and then restricted coloc.
cad	primary_systemic_cardiovascular	275	2	68877775	70756283	Tier 2	positive_local_rg	ASPRV1	ENSG00000244617	Artery_Tibial	B_local_Tier2_recurrent_SMR2	PASS	True	True	False	False	ftp://ftp.ebi.ac.uk/pub/databases/spot/eQTL/imported/GTEx_V8/ge/Artery_Tibial.tsv.gz	True	FEASIBLE_VIA_EQTL_CATALOGUE_REMOTE_TABIX	False	Local GTEx Portal all-associations files are unavailable, but eQTL Catalogue imported GTEx v8 tabix files provide complete regional per-variant eQTL statistics suitable for coloc extraction. Proceed with remote-tabix smoke test and then restricted coloc.
cad	primary_systemic_cardiovascular	275	2	68877775	70756283	Tier 2	positive_local_rg	ASPRV1	ENSG00000244617	Whole_Blood	B_local_Tier2_recurrent_SMR2	PASS	True	True	False	False	ftp://ftp.ebi.ac.uk/pub/databases/spot/eQTL/imported/GTEx_V8/ge/Whole_Blood.tsv.gz	True	FEASIBLE_VIA_EQTL_CATALOGUE_REMOTE_TABIX	False	Local GTEx Portal all-associations files are unavailable, but eQTL Catalogue imported GTEx v8 tabix files provide complete regional per-variant eQTL statistics suitable for coloc extraction. Proceed with remote-tabix smoke test and then restricted coloc.
cad	primary_systemic_cardiovascular	275	2	68877775	70756283	Tier 2	positive_local_rg	PCBP1-AS1	ENSG00000179818	Artery_Tibial	B_local_Tier2_recurrent_SMR2	PASS	True	True	False	False	ftp://ftp.ebi.ac.uk/pub/databases/spot/eQTL/imported/GTEx_V8/ge/Artery_Tibial.tsv.gz	True	FEASIBLE_VIA_EQTL_CATALOGUE_REMOTE_TABIX	False	Local GTEx Portal all-associations files are unavailable, but eQTL Catalogue imported GTEx v8 tabix files provide complete regional per-variant eQTL statistics suitable for coloc extraction. Proceed with remote-tabix smoke test and then restricted coloc.
cad	primary_systemic_cardiovascular	275	2	68877775	70756283	Tier 2	positive_local_rg	PCBP1-AS1	ENSG00000179818	Skin_Not_Sun_Exposed_Suprapubic	B_local_Tier2_recurrent_SMR2	PASS	True	True	False	False	ftp://ftp.ebi.ac.uk/pub/databases/spot/eQTL/imported/GTEx_V8/ge/Skin_Not_Sun_Exposed_Suprapubic.tsv.gz	True	FEASIBLE_VIA_EQTL_CATALOGUE_REMOTE_TABIX	False	Local GTEx Portal all-associations files are unavailable, but eQTL Catalogue imported GTEx v8 tabix files provide complete regional per-variant eQTL statistics suitable for coloc extraction. Proceed with remote-tabix smoke test and then restricted coloc.
cad	primary_systemic_cardiovascular	275	2	68877775	70756283	Tier 2	positive_local_rg	PCBP1-AS1	ENSG00000179818	Whole_Blood	B_local_Tier2_recurrent_SMR2	PASS	True	True	False	False	ftp://ftp.ebi.ac.uk/pub/databases/spot/eQTL/imported/GTEx_V8/ge/Whole_Blood.tsv.gz	True	FEASIBLE_VIA_EQTL_CATALOGUE_REMOTE_TABIX	False	Local GTEx Portal all-associations files are unavailable, but eQTL Catalogue imported GTEx v8 tabix files provide complete regional per-variant eQTL statistics suitable for coloc extraction. Proceed with remote-tabix smoke test and then restricted coloc.
cad	primary_systemic_cardiovascular	2412	20	48212976	49236418	Tier 2	positive_local_rg	RNF114	ENSG00000124226	Artery_Aorta	B_local_Tier2_recurrent_SMR2	PASS	True	True	False	False	ftp://ftp.ebi.ac.uk/pub/databases/spot/eQTL/imported/GTEx_V8/ge/Artery_Aorta.tsv.gz	True	FEASIBLE_VIA_EQTL_CATALOGUE_REMOTE_TABIX	False	Local GTEx Portal all-associations files are unavailable, but eQTL Catalogue imported GTEx v8 tabix files provide complete regional per-variant eQTL statistics suitable for coloc extraction. Proceed with remote-tabix smoke test and then restricted coloc.
cad	primary_systemic_cardiovascular	2412	20	48212976	49236418	Tier 2	positive_local_rg	RNF114	ENSG00000124226	Artery_Coronary	B_local_Tier2_recurrent_SMR2	PASS	True	True	False	False	ftp://ftp.ebi.ac.uk/pub/databases/spot/eQTL/imported/GTEx_V8/ge/Artery_Coronary.tsv.gz	True	FEASIBLE_VIA_EQTL_CATALOGUE_REMOTE_TABIX	False	Local GTEx Portal all-associations files are unavailable, but eQTL Catalogue imported GTEx v8 tabix files provide complete regional per-variant eQTL statistics suitable for coloc extraction. Proceed with remote-tabix smoke test and then restricted coloc.
cad	primary_systemic_cardiovascular	2412	20	48212976	49236418	Tier 2	positive_local_rg	RNF114	ENSG00000124226	Artery_Tibial	B_local_Tier2_recurrent_SMR2	PASS	True	True	False	False	ftp://ftp.ebi.ac.uk/pub/databases/spot/eQTL/imported/GTEx_V8/ge/Artery_Tibial.tsv.gz	True	FEASIBLE_VIA_EQTL_CATALOGUE_REMOTE_TABIX	False	Local GTEx Portal all-associations files are unavailable, but eQTL Catalogue imported GTEx v8 tabix files provide complete regional per-variant eQTL statistics suitable for coloc extraction. Proceed with remote-tabix smoke test and then restricted coloc.
cad	primary_systemic_cardiovascular	275	2	68877775	70756283	Tier 2	positive_local_rg	NFU1	ENSG00000169599	Skin_Not_Sun_Exposed_Suprapubic	C_local_Tier2_single_tissue_SMR2	PASS	True	True	False	False	ftp://ftp.ebi.ac.uk/pub/databases/spot/eQTL/imported/GTEx_V8/ge/Skin_Not_Sun_Exposed_Suprapubic.tsv.gz	True	FEASIBLE_VIA_EQTL_CATALOGUE_REMOTE_TABIX	False	Local GTEx Portal all-associations files are unavailable, but eQTL Catalogue imported GTEx v8 tabix files provide complete regional per-variant eQTL statistics suitable for coloc extraction. Proceed with remote-tabix smoke test and then restricted coloc.
cad	primary_systemic_cardiovascular	275	2	68877775	70756283	Tier 2	positive_local_rg	AAK1	ENSG00000115977	Skin_Sun_Exposed_Lower_leg	C_local_Tier2_single_tissue_SMR2	PASS	True	True	False	False	ftp://ftp.ebi.ac.uk/pub/databases/spot/eQTL/imported/GTEx_V8/ge/Skin_Sun_Exposed_Lower_leg.tsv.gz	True	FEASIBLE_VIA_EQTL_CATALOGUE_REMOTE_TABIX	False	Local GTEx Portal all-associations files are unavailable, but eQTL Catalogue imported GTEx v8 tabix files provide complete regional per-variant eQTL statistics suitable for coloc extraction. Proceed with remote-tabix smoke test and then restricted coloc.
cad	primary_systemic_cardiovascular	1850	12	121817510	123396634	Tier 2	positive_local_rg	KDM2B	ENSG00000089094	Artery_Tibial	C_local_Tier2_single_tissue_SMR2	PASS	True	True	False	False	ftp://ftp.ebi.ac.uk/pub/databases/spot/eQTL/imported/GTEx_V8/ge/Artery_Tibial.tsv.gz	True	FEASIBLE_VIA_EQTL_CATALOGUE_REMOTE_TABIX	False	Local GTEx Portal all-associations files are unavailable, but eQTL Catalogue imported GTEx v8 tabix files provide complete regional per-variant eQTL statistics suitable for coloc extraction. Proceed with remote-tabix smoke test and then restricted coloc.
cad	primary_systemic_cardiovascular	1850	12	121817510	123396634	Tier 2	positive_local_rg	RP11-347I19.8	ENSG00000272849	Skin_Sun_Exposed_Lower_leg	C_local_Tier2_single_tissue_SMR2	PASS	True	True	False	False	ftp://ftp.ebi.ac.uk/pub/databases/spot/eQTL/imported/GTEx_V8/ge/Skin_Sun_Exposed_Lower_leg.tsv.gz	True	FEASIBLE_VIA_EQTL_CATALOGUE_REMOTE_TABIX	False	Local GTEx Portal all-associations files are unavailable, but eQTL Catalogue imported GTEx v8 tabix files provide complete regional per-variant eQTL statistics suitable for coloc extraction. Proceed with remote-tabix smoke test and then restricted coloc.
cad	primary_systemic_cardiovascular	1850	12	121817510	123396634	Tier 2	positive_local_rg	AC084018.1	ENSG00000212694	Artery_Tibial	C_local_Tier2_single_tissue_SMR2	PASS	True	True	False	False	ftp://ftp.ebi.ac.uk/pub/databases/spot/eQTL/imported/GTEx_V8/ge/Artery_Tibial.tsv.gz	True	FEASIBLE_VIA_EQTL_CATALOGUE_REMOTE_TABIX	False	Local GTEx Portal all-associations files are unavailable, but eQTL Catalogue imported GTEx v8 tabix files provide complete regional per-variant eQTL statistics suitable for coloc extraction. Proceed with remote-tabix smoke test and then restricted coloc.
cad	primary_systemic_cardiovascular	1850	12	121817510	123396634	Tier 2	positive_local_rg	RHOF	ENSG00000139725	Skin_Not_Sun_Exposed_Suprapubic	C_local_Tier2_single_tissue_SMR2	PASS	True	True	False	False	ftp://ftp.ebi.ac.uk/pub/databases/spot/eQTL/imported/GTEx_V8/ge/Skin_Not_Sun_Exposed_Suprapubic.tsv.gz	True	FEASIBLE_VIA_EQTL_CATALOGUE_REMOTE_TABIX	False	Local GTEx Portal all-associations files are unavailable, but eQTL Catalogue imported GTEx v8 tabix files provide complete regional per-variant eQTL statistics suitable for coloc extraction. Proceed with remote-tabix smoke test and then restricted coloc.
cad	primary_systemic_cardiovascular	2412	20	48212976	49236418	Tier 2	positive_local_rg	B4GALT5	ENSG00000158470	Whole_Blood	C_local_Tier2_single_tissue_SMR2	PASS	True	True	False	False	ftp://ftp.ebi.ac.uk/pub/databases/spot/eQTL/imported/GTEx_V8/ge/Whole_Blood.tsv.gz	True	FEASIBLE_VIA_EQTL_CATALOGUE_REMOTE_TABIX	False	Local GTEx Portal all-associations files are unavailable, but eQTL Catalogue imported GTEx v8 tabix files provide complete regional per-variant eQTL statistics suitable for coloc extraction. Proceed with remote-tabix smoke test and then restricted coloc.
crohn	ibd_direction_heterogeneity	10	1	7711795	8580987	Tier 1	positive_local_rg	PARK7	ENSG00000116288	Colon_Sigmoid	A_local_Tier1_recurrent_SMR2	PASS	True	True	False	False	ftp://ftp.ebi.ac.uk/pub/databases/spot/eQTL/imported/GTEx_V8/ge/Colon_Sigmoid.tsv.gz	True	FEASIBLE_VIA_EQTL_CATALOGUE_REMOTE_TABIX	False	Local GTEx Portal all-associations files are unavailable, but eQTL Catalogue imported GTEx v8 tabix files provide complete regional per-variant eQTL statistics suitable for coloc extraction. Proceed with remote-tabix smoke test and then restricted coloc.
crohn	ibd_direction_heterogeneity	10	1	7711795	8580987	Tier 1	positive_local_rg	PARK7	ENSG00000116288	Colon_Transverse	A_local_Tier1_recurrent_SMR2	PASS	True	True	False	False	ftp://ftp.ebi.ac.uk/pub/databases/spot/eQTL/imported/GTEx_V8/ge/Colon_Transverse.tsv.gz	True	FEASIBLE_VIA_EQTL_CATALOGUE_REMOTE_TABIX	False	Local GTEx Portal all-associations files are unavailable, but eQTL Catalogue imported GTEx v8 tabix files provide complete regional per-variant eQTL statistics suitable for coloc extraction. Proceed with remote-tabix smoke test and then restricted coloc.
crohn	ibd_direction_heterogeneity	10	1	7711795	8580987	Tier 1	positive_local_rg	PARK7	ENSG00000116288	Skin_Not_Sun_Exposed_Suprapubic	A_local_Tier1_recurrent_SMR2	PASS	True	True	False	False	ftp://ftp.ebi.ac.uk/pub/databases/spot/eQTL/imported/GTEx_V8/ge/Skin_Not_Sun_Exposed_Suprapubic.tsv.gz	True	FEASIBLE_VIA_EQTL_CATALOGUE_REMOTE_TABIX	False	Local GTEx Portal all-associations files are unavailable, but eQTL Catalogue imported GTEx v8 tabix files provide complete regional per-variant eQTL statistics suitable for coloc extraction. Proceed with remote-tabix smoke test and then restricted coloc.
crohn	ibd_direction_heterogeneity	10	1	7711795	8580987	Tier 1	positive_local_rg	PARK7	ENSG00000116288	Skin_Sun_Exposed_Lower_leg	A_local_Tier1_recurrent_SMR2	PASS	True	True	False	False	ftp://ftp.ebi.ac.uk/pub/databases/spot/eQTL/imported/GTEx_V8/ge/Skin_Sun_Exposed_Lower_leg.tsv.gz	True	FEASIBLE_VIA_EQTL_CATALOGUE_REMOTE_TABIX	False	Local GTEx Portal all-associations files are unavailable, but eQTL Catalogue imported GTEx v8 tabix files provide complete regional per-variant eQTL statistics suitable for coloc extraction. Proceed with remote-tabix smoke test and then restricted coloc.
crohn	ibd_direction_heterogeneity	10	1	7711795	8580987	Tier 1	positive_local_rg	PARK7	ENSG00000116288	Whole_Blood	A_local_Tier1_recurrent_SMR2	PASS	True	True	False	False	ftp://ftp.ebi.ac.uk/pub/databases/spot/eQTL/imported/GTEx_V8/ge/Whole_Blood.tsv.gz	True	FEASIBLE_VIA_EQTL_CATALOGUE_REMOTE_TABIX	False	Local GTEx Portal all-associations files are unavailable, but eQTL Catalogue imported GTEx v8 tabix files provide complete regional per-variant eQTL statistics suitable for coloc extraction. Proceed with remote-tabix smoke test and then restricted coloc.
crohn	ibd_direction_heterogeneity	10	1	7711795	8580987	Tier 1	positive_local_rg	VAMP3	ENSG00000049245	Colon_Sigmoid	A_local_Tier1_recurrent_SMR2	PASS	True	True	False	False	ftp://ftp.ebi.ac.uk/pub/databases/spot/eQTL/imported/GTEx_V8/ge/Colon_Sigmoid.tsv.gz	True	FEASIBLE_VIA_EQTL_CATALOGUE_REMOTE_TABIX	False	Local GTEx Portal all-associations files are unavailable, but eQTL Catalogue imported GTEx v8 tabix files provide complete regional per-variant eQTL statistics suitable for coloc extraction. Proceed with remote-tabix smoke test and then restricted coloc.
crohn	ibd_direction_heterogeneity	10	1	7711795	8580987	Tier 1	positive_local_rg	VAMP3	ENSG00000049245	Colon_Transverse	A_local_Tier1_recurrent_SMR2	PASS	True	True	False	False	ftp://ftp.ebi.ac.uk/pub/databases/spot/eQTL/imported/GTEx_V8/ge/Colon_Transverse.tsv.gz	True	FEASIBLE_VIA_EQTL_CATALOGUE_REMOTE_TABIX	False	Local GTEx Portal all-associations files are unavailable, but eQTL Catalogue imported GTEx v8 tabix files provide complete regional per-variant eQTL statistics suitable for coloc extraction. Proceed with remote-tabix smoke test and then restricted coloc.
crohn	ibd_direction_heterogeneity	10	1	7711795	8580987	Tier 1	positive_local_rg	VAMP3	ENSG00000049245	Skin_Not_Sun_Exposed_Suprapubic	A_local_Tier1_recurrent_SMR2	PASS	True	True	False	False	ftp://ftp.ebi.ac.uk/pub/databases/spot/eQTL/imported/GTEx_V8/ge/Skin_Not_Sun_Exposed_Suprapubic.tsv.gz	True	FEASIBLE_VIA_EQTL_CATALOGUE_REMOTE_TABIX	False	Local GTEx Portal all-associations files are unavailable, but eQTL Catalogue imported GTEx v8 tabix files provide complete regional per-variant eQTL statistics suitable for coloc extraction. Proceed with remote-tabix smoke test and then restricted coloc.
crohn	ibd_direction_heterogeneity	10	1	7711795	8580987	Tier 1	positive_local_rg	VAMP3	ENSG00000049245	Skin_Sun_Exposed_Lower_leg	A_local_Tier1_recurrent_SMR2	PASS	True	True	False	False	ftp://ftp.ebi.ac.uk/pub/databases/spot/eQTL/imported/GTEx_V8/ge/Skin_Sun_Exposed_Lower_leg.tsv.gz	True	FEASIBLE_VIA_EQTL_CATALOGUE_REMOTE_TABIX	False	Local GTEx Portal all-associations files are unavailable, but eQTL Catalogue imported GTEx v8 tabix files provide complete regional per-variant eQTL statistics suitable for coloc extraction. Proceed with remote-tabix smoke test and then restricted coloc.
crohn	ibd_direction_heterogeneity	57	1	66778016	67761890	Tier 1	negative_local_rg	TCTEX1D1	ENSG00000152760	Colon_Sigmoid	A_local_Tier1_recurrent_SMR2	PASS	True	True	False	False	ftp://ftp.ebi.ac.uk/pub/databases/spot/eQTL/imported/GTEx_V8/ge/Colon_Sigmoid.tsv.gz	True	FEASIBLE_VIA_EQTL_CATALOGUE_REMOTE_TABIX	False	Local GTEx Portal all-associations files are unavailable, but eQTL Catalogue imported GTEx v8 tabix files provide complete regional per-variant eQTL statistics suitable for coloc extraction. Proceed with remote-tabix smoke test and then restricted coloc.
crohn	ibd_direction_heterogeneity	57	1	66778016	67761890	Tier 1	negative_local_rg	TCTEX1D1	ENSG00000152760	Colon_Transverse	A_local_Tier1_recurrent_SMR2	PASS	True	True	False	False	ftp://ftp.ebi.ac.uk/pub/databases/spot/eQTL/imported/GTEx_V8/ge/Colon_Transverse.tsv.gz	True	FEASIBLE_VIA_EQTL_CATALOGUE_REMOTE_TABIX	False	Local GTEx Portal all-associations files are unavailable, but eQTL Catalogue imported GTEx v8 tabix files provide complete regional per-variant eQTL statistics suitable for coloc extraction. Proceed with remote-tabix smoke test and then restricted coloc.
crohn	ibd_direction_heterogeneity	57	1	66778016	67761890	Tier 1	negative_local_rg	TCTEX1D1	ENSG00000152760	Skin_Not_Sun_Exposed_Suprapubic	A_local_Tier1_recurrent_SMR2	PASS	True	True	False	False	ftp://ftp.ebi.ac.uk/pub/databases/spot/eQTL/imported/GTEx_V8/ge/Skin_Not_Sun_Exposed_Suprapubic.tsv.gz	True	FEASIBLE_VIA_EQTL_CATALOGUE_REMOTE_TABIX	False	Local GTEx Portal all-associations files are unavailable, but eQTL Catalogue imported GTEx v8 tabix files provide complete regional per-variant eQTL statistics suitable for coloc extraction. Proceed with remote-tabix smoke test and then restricted coloc.
crohn	ibd_direction_heterogeneity	57	1	66778016	67761890	Tier 1	negative_local_rg	TCTEX1D1	ENSG00000152760	Skin_Sun_Exposed_Lower_leg	A_local_Tier1_recurrent_SMR2	PASS	True	True	False	False	ftp://ftp.ebi.ac.uk/pub/databases/spot/eQTL/imported/GTEx_V8/ge/Skin_Sun_Exposed_Lower_leg.tsv.gz	True	FEASIBLE_VIA_EQTL_CATALOGUE_REMOTE_TABIX	False	Local GTEx Portal all-associations files are unavailable, but eQTL Catalogue imported GTEx v8 tabix files provide complete regional per-variant eQTL statistics suitable for coloc extraction. Proceed with remote-tabix smoke test and then restricted coloc.
crohn	ibd_direction_heterogeneity	887	5	130573818	132554690	Tier 1	negative_local_rg	SLC22A5	ENSG00000197375	Colon_Sigmoid	A_local_Tier1_recurrent_SMR2	PASS	True	True	False	False	ftp://ftp.ebi.ac.uk/pub/databases/spot/eQTL/imported/GTEx_V8/ge/Colon_Sigmoid.tsv.gz	True	FEASIBLE_VIA_EQTL_CATALOGUE_REMOTE_TABIX	False	Local GTEx Portal all-associations files are unavailable, but eQTL Catalogue imported GTEx v8 tabix files provide complete regional per-variant eQTL statistics suitable for coloc extraction. Proceed with remote-tabix smoke test and then restricted coloc.
crohn	ibd_direction_heterogeneity	887	5	130573818	132554690	Tier 1	negative_local_rg	SLC22A5	ENSG00000197375	Colon_Transverse	A_local_Tier1_recurrent_SMR2	PASS	True	True	False	False	ftp://ftp.ebi.ac.uk/pub/databases/spot/eQTL/imported/GTEx_V8/ge/Colon_Transverse.tsv.gz	True	FEASIBLE_VIA_EQTL_CATALOGUE_REMOTE_TABIX	False	Local GTEx Portal all-associations files are unavailable, but eQTL Catalogue imported GTEx v8 tabix files provide complete regional per-variant eQTL statistics suitable for coloc extraction. Proceed with remote-tabix smoke test and then restricted coloc.
crohn	ibd_direction_heterogeneity	887	5	130573818	132554690	Tier 1	negative_local_rg	CDC42SE2	ENSG00000158985	Skin_Not_Sun_Exposed_Suprapubic	A_local_Tier1_recurrent_SMR2	PASS	True	True	False	False	ftp://ftp.ebi.ac.uk/pub/databases/spot/eQTL/imported/GTEx_V8/ge/Skin_Not_Sun_Exposed_Suprapubic.tsv.gz	True	FEASIBLE_VIA_EQTL_CATALOGUE_REMOTE_TABIX	False	Local GTEx Portal all-associations files are unavailable, but eQTL Catalogue imported GTEx v8 tabix files provide complete regional per-variant eQTL statistics suitable for coloc extraction. Proceed with remote-tabix smoke test and then restricted coloc.
crohn	ibd_direction_heterogeneity	887	5	130573818	132554690	Tier 1	negative_local_rg	CDC42SE2	ENSG00000158985	Skin_Sun_Exposed_Lower_leg	A_local_Tier1_recurrent_SMR2	PASS	True	True	False	False	ftp://ftp.ebi.ac.uk/pub/databases/spot/eQTL/imported/GTEx_V8/ge/Skin_Sun_Exposed_Lower_leg.tsv.gz	True	FEASIBLE_VIA_EQTL_CATALOGUE_REMOTE_TABIX	False	Local GTEx Portal all-associations files are unavailable, but eQTL Catalogue imported GTEx v8 tabix files provide complete regional per-variant eQTL statistics suitable for coloc extraction. Proceed with remote-tabix smoke test and then restricted coloc.
crohn	ibd_direction_heterogeneity	887	5	130573818	132554690	Tier 1	negative_local_rg	KIF3A	ENSG00000131437	Colon_Transverse	A_local_Tier1_recurrent_SMR2	PASS	True	True	False	False	ftp://ftp.ebi.ac.uk/pub/databases/spot/eQTL/imported/GTEx_V8/ge/Colon_Transverse.tsv.gz	True	FEASIBLE_VIA_EQTL_CATALOGUE_REMOTE_TABIX	False	Local GTEx Portal all-associations files are unavailable, but eQTL Catalogue imported GTEx v8 tabix files provide complete regional per-variant eQTL statistics suitable for coloc extraction. Proceed with remote-tabix smoke test and then restricted coloc.
crohn	ibd_direction_heterogeneity	887	5	130573818	132554690	Tier 1	negative_local_rg	KIF3A	ENSG00000131437	Skin_Not_Sun_Exposed_Suprapubic	A_local_Tier1_recurrent_SMR2	PASS	True	True	False	False	ftp://ftp.ebi.ac.uk/pub/databases/spot/eQTL/imported/GTEx_V8/ge/Skin_Not_Sun_Exposed_Suprapubic.tsv.gz	True	FEASIBLE_VIA_EQTL_CATALOGUE_REMOTE_TABIX	False	Local GTEx Portal all-associations files are unavailable, but eQTL Catalogue imported GTEx v8 tabix files provide complete regional per-variant eQTL statistics suitable for coloc extraction. Proceed with remote-tabix smoke test and then restricted coloc.
crohn	ibd_direction_heterogeneity	887	5	130573818	132554690	Tier 1	negative_local_rg	KIF3A	ENSG00000131437	Skin_Sun_Exposed_Lower_leg	A_local_Tier1_recurrent_SMR2	PASS	True	True	False	False	ftp://ftp.ebi.ac.uk/pub/databases/spot/eQTL/imported/GTEx_V8/ge/Skin_Sun_Exposed_Lower_leg.tsv.gz	True	FEASIBLE_VIA_EQTL_CATALOGUE_REMOTE_TABIX	False	Local GTEx Portal all-associations files are unavailable, but eQTL Catalogue imported GTEx v8 tabix files provide complete regional per-variant eQTL statistics suitable for coloc extraction. Proceed with remote-tabix smoke test and then restricted coloc.
crohn	ibd_direction_heterogeneity	887	5	130573818	132554690	Tier 1	negative_local_rg	KIF3A	ENSG00000131437	Spleen	A_local_Tier1_recurrent_SMR2	PASS	True	True	False	False	ftp://ftp.ebi.ac.uk/pub/databases/spot/eQTL/imported/GTEx_V8/ge/Spleen.tsv.gz	True	FEASIBLE_VIA_EQTL_CATALOGUE_REMOTE_TABIX	False	Local GTEx Portal all-associations files are unavailable, but eQTL Catalogue imported GTEx v8 tabix files provide complete regional per-variant eQTL statistics suitable for coloc extraction. Proceed with remote-tabix smoke test and then restricted coloc.
crohn	ibd_direction_heterogeneity	887	5	130573818	132554690	Tier 1	negative_local_rg	HSPA4	ENSG00000170606	Skin_Not_Sun_Exposed_Suprapubic	A_local_Tier1_recurrent_SMR2	PASS	True	True	False	False	ftp://ftp.ebi.ac.uk/pub/databases/spot/eQTL/imported/GTEx_V8/ge/Skin_Not_Sun_Exposed_Suprapubic.tsv.gz	True	FEASIBLE_VIA_EQTL_CATALOGUE_REMOTE_TABIX	False	Local GTEx Portal all-associations files are unavailable, but eQTL Catalogue imported GTEx v8 tabix files provide complete regional per-variant eQTL statistics suitable for coloc extraction. Proceed with remote-tabix smoke test and then restricted coloc.
crohn	ibd_direction_heterogeneity	887	5	130573818	132554690	Tier 1	negative_local_rg	HSPA4	ENSG00000170606	Skin_Sun_Exposed_Lower_leg	A_local_Tier1_recurrent_SMR2	PASS	True	True	False	False	ftp://ftp.ebi.ac.uk/pub/databases/spot/eQTL/imported/GTEx_V8/ge/Skin_Sun_Exposed_Lower_leg.tsv.gz	True	FEASIBLE_VIA_EQTL_CATALOGUE_REMOTE_TABIX	False	Local GTEx Portal all-associations files are unavailable, but eQTL Catalogue imported GTEx v8 tabix files provide complete regional per-variant eQTL statistics suitable for coloc extraction. Proceed with remote-tabix smoke test and then restricted coloc.
crohn	ibd_direction_heterogeneity	887	5	130573818	132554690	Tier 1	negative_local_rg	HSPA4	ENSG00000170606	Whole_Blood	A_local_Tier1_recurrent_SMR2	PASS	True	True	False	False	ftp://ftp.ebi.ac.uk/pub/databases/spot/eQTL/imported/GTEx_V8/ge/Whole_Blood.tsv.gz	True	FEASIBLE_VIA_EQTL_CATALOGUE_REMOTE_TABIX	False	Local GTEx Portal all-associations files are unavailable, but eQTL Catalogue imported GTEx v8 tabix files provide complete regional per-variant eQTL statistics suitable for coloc extraction. Proceed with remote-tabix smoke test and then restricted coloc.
crohn	ibd_direction_heterogeneity	57	1	66778016	67761890	Tier 1	negative_local_rg	SGIP1	ENSG00000118473	Skin_Sun_Exposed_Lower_leg	B_local_Tier1_single_tissue_SMR2	PASS	True	True	False	False	ftp://ftp.ebi.ac.uk/pub/databases/spot/eQTL/imported/GTEx_V8/ge/Skin_Sun_Exposed_Lower_leg.tsv.gz	True	FEASIBLE_VIA_EQTL_CATALOGUE_REMOTE_TABIX	False	Local GTEx Portal all-associations files are unavailable, but eQTL Catalogue imported GTEx v8 tabix files provide complete regional per-variant eQTL statistics suitable for coloc extraction. Proceed with remote-tabix smoke test and then restricted coloc.
crohn	ibd_direction_heterogeneity	58	1	67761891	68633860	Tier 1	negative_local_rg	IL12RB2	ENSG00000081985	Whole_Blood	B_local_Tier1_single_tissue_SMR2	PASS	True	True	False	False	ftp://ftp.ebi.ac.uk/pub/databases/spot/eQTL/imported/GTEx_V8/ge/Whole_Blood.tsv.gz	True	FEASIBLE_VIA_EQTL_CATALOGUE_REMOTE_TABIX	False	Local GTEx Portal all-associations files are unavailable, but eQTL Catalogue imported GTEx v8 tabix files provide complete regional per-variant eQTL statistics suitable for coloc extraction. Proceed with remote-tabix smoke test and then restricted coloc.
crohn	ibd_direction_heterogeneity	887	5	130573818	132554690	Tier 1	negative_local_rg	PDLIM4	ENSG00000131435	Skin_Not_Sun_Exposed_Suprapubic	B_local_Tier1_single_tissue_SMR2	PASS	True	True	False	False	ftp://ftp.ebi.ac.uk/pub/databases/spot/eQTL/imported/GTEx_V8/ge/Skin_Not_Sun_Exposed_Suprapubic.tsv.gz	True	FEASIBLE_VIA_EQTL_CATALOGUE_REMOTE_TABIX	False	Local GTEx Portal all-associations files are unavailable, but eQTL Catalogue imported GTEx v8 tabix files provide complete regional per-variant eQTL statistics suitable for coloc extraction. Proceed with remote-tabix smoke test and then restricted coloc.
crohn	ibd_direction_heterogeneity	887	5	130573818	132554690	Tier 1	negative_local_rg	C5orf56	ENSG00000197536	Spleen	B_local_Tier1_single_tissue_SMR2	PASS	True	True	False	False	ftp://ftp.ebi.ac.uk/pub/databases/spot/eQTL/imported/GTEx_V8/ge/Spleen.tsv.gz	True	FEASIBLE_VIA_EQTL_CATALOGUE_REMOTE_TABIX	False	Local GTEx Portal all-associations files are unavailable, but eQTL Catalogue imported GTEx v8 tabix files provide complete regional per-variant eQTL statistics suitable for coloc extraction. Proceed with remote-tabix smoke test and then restricted coloc.
crohn	ibd_direction_heterogeneity	887	5	130573818	132554690	Tier 1	negative_local_rg	ACSL6	ENSG00000164398	Whole_Blood	B_local_Tier1_single_tissue_SMR2	PASS	True	True	False	False	ftp://ftp.ebi.ac.uk/pub/databases/spot/eQTL/imported/GTEx_V8/ge/Whole_Blood.tsv.gz	True	FEASIBLE_VIA_EQTL_CATALOGUE_REMOTE_TABIX	False	Local GTEx Portal all-associations files are unavailable, but eQTL Catalogue imported GTEx v8 tabix files provide complete regional per-variant eQTL statistics suitable for coloc extraction. Proceed with remote-tabix smoke test and then restricted coloc.
crohn	ibd_direction_heterogeneity	887	5	130573818	132554690	Tier 1	negative_local_rg	AC034228.7	ENSG00000239642	Spleen	B_local_Tier1_single_tissue_SMR2	PASS	True	True	False	False	ftp://ftp.ebi.ac.uk/pub/databases/spot/eQTL/imported/GTEx_V8/ge/Spleen.tsv.gz	True	FEASIBLE_VIA_EQTL_CATALOGUE_REMOTE_TABIX	False	Local GTEx Portal all-associations files are unavailable, but eQTL Catalogue imported GTEx v8 tabix files provide complete regional per-variant eQTL statistics suitable for coloc extraction. Proceed with remote-tabix smoke test and then restricted coloc.
crohn	ibd_direction_heterogeneity	887	5	130573818	132554690	Tier 1	negative_local_rg	GDF9	ENSG00000164404	Skin_Sun_Exposed_Lower_leg	B_local_Tier1_single_tissue_SMR2	PASS	True	True	False	False	ftp://ftp.ebi.ac.uk/pub/databases/spot/eQTL/imported/GTEx_V8/ge/Skin_Sun_Exposed_Lower_leg.tsv.gz	True	FEASIBLE_VIA_EQTL_CATALOGUE_REMOTE_TABIX	False	Local GTEx Portal all-associations files are unavailable, but eQTL Catalogue imported GTEx v8 tabix files provide complete regional per-variant eQTL statistics suitable for coloc extraction. Proceed with remote-tabix smoke test and then restricted coloc.
crohn	ibd_direction_heterogeneity	887	5	130573818	132554690	Tier 1	negative_local_rg	RAPGEF6	ENSG00000158987	Skin_Sun_Exposed_Lower_leg	B_local_Tier1_single_tissue_SMR2	PASS	True	True	False	False	ftp://ftp.ebi.ac.uk/pub/databases/spot/eQTL/imported/GTEx_V8/ge/Skin_Sun_Exposed_Lower_leg.tsv.gz	True	FEASIBLE_VIA_EQTL_CATALOGUE_REMOTE_TABIX	False	Local GTEx Portal all-associations files are unavailable, but eQTL Catalogue imported GTEx v8 tabix files provide complete regional per-variant eQTL statistics suitable for coloc extraction. Proceed with remote-tabix smoke test and then restricted coloc.
crohn	ibd_direction_heterogeneity	906	5	156345452	157191081	Tier 1	positive_local_rg	TIMD4	ENSG00000145850	Spleen	B_local_Tier1_single_tissue_SMR2	PASS	True	True	False	False	ftp://ftp.ebi.ac.uk/pub/databases/spot/eQTL/imported/GTEx_V8/ge/Spleen.tsv.gz	True	FEASIBLE_VIA_EQTL_CATALOGUE_REMOTE_TABIX	False	Local GTEx Portal all-associations files are unavailable, but eQTL Catalogue imported GTEx v8 tabix files provide complete regional per-variant eQTL statistics suitable for coloc extraction. Proceed with remote-tabix smoke test and then restricted coloc.
crohn	ibd_direction_heterogeneity	908	5	158484776	159663733	Tier 1	positive_local_rg	UBLCP1	ENSG00000164332	Skin_Sun_Exposed_Lower_leg	B_local_Tier1_single_tissue_SMR2	PASS	True	True	False	False	ftp://ftp.ebi.ac.uk/pub/databases/spot/eQTL/imported/GTEx_V8/ge/Skin_Sun_Exposed_Lower_leg.tsv.gz	True	FEASIBLE_VIA_EQTL_CATALOGUE_REMOTE_TABIX	False	Local GTEx Portal all-associations files are unavailable, but eQTL Catalogue imported GTEx v8 tabix files provide complete regional per-variant eQTL statistics suitable for coloc extraction. Proceed with remote-tabix smoke test and then restricted coloc.
crohn	ibd_direction_heterogeneity	2194	17	21432874	25872110	Tier 1	positive_local_rg	KSR1	ENSG00000141068	Whole_Blood	B_local_Tier1_single_tissue_SMR2	PASS	True	True	False	False	ftp://ftp.ebi.ac.uk/pub/databases/spot/eQTL/imported/GTEx_V8/ge/Whole_Blood.tsv.gz	True	FEASIBLE_VIA_EQTL_CATALOGUE_REMOTE_TABIX	False	Local GTEx Portal all-associations files are unavailable, but eQTL Catalogue imported GTEx v8 tabix files provide complete regional per-variant eQTL statistics suitable for coloc extraction. Proceed with remote-tabix smoke test and then restricted coloc.
crohn	ibd_direction_heterogeneity	2194	17	21432874	25872110	Tier 1	positive_local_rg	RP11-720N19.1	ENSG00000263368	Whole_Blood	B_local_Tier1_single_tissue_SMR2	PASS	True	True	False	False	ftp://ftp.ebi.ac.uk/pub/databases/spot/eQTL/imported/GTEx_V8/ge/Whole_Blood.tsv.gz	True	FEASIBLE_VIA_EQTL_CATALOGUE_REMOTE_TABIX	False	Local GTEx Portal all-associations files are unavailable, but eQTL Catalogue imported GTEx v8 tabix files provide complete regional per-variant eQTL statistics suitable for coloc extraction. Proceed with remote-tabix smoke test and then restricted coloc.
crohn	ibd_direction_heterogeneity	2251	18	12735559	13641479	Tier 1	negative_local_rg	RP11-973H7.1	ENSG00000260302	Colon_Sigmoid	B_local_Tier1_single_tissue_SMR2	PASS	True	True	False	False	ftp://ftp.ebi.ac.uk/pub/databases/spot/eQTL/imported/GTEx_V8/ge/Colon_Sigmoid.tsv.gz	True	FEASIBLE_VIA_EQTL_CATALOGUE_REMOTE_TABIX	False	Local GTEx Portal all-associations files are unavailable, but eQTL Catalogue imported GTEx v8 tabix files provide complete regional per-variant eQTL statistics suitable for coloc extraction. Proceed with remote-tabix smoke test and then restricted coloc.
crohn	ibd_direction_heterogeneity	2251	18	12735559	13641479	Tier 1	negative_local_rg	RP11-773H22.2	ENSG00000267336	Colon_Transverse	B_local_Tier1_single_tissue_SMR2	PASS	True	True	False	False	ftp://ftp.ebi.ac.uk/pub/databases/spot/eQTL/imported/GTEx_V8/ge/Colon_Transverse.tsv.gz	True	FEASIBLE_VIA_EQTL_CATALOGUE_REMOTE_TABIX	False	Local GTEx Portal all-associations files are unavailable, but eQTL Catalogue imported GTEx v8 tabix files provide complete regional per-variant eQTL statistics suitable for coloc extraction. Proceed with remote-tabix smoke test and then restricted coloc.
psa	positive_control_near_neighbor	26	1	23907046	25885138	Tier 1	positive_local_rg	IFNLR1	ENSG00000185436	Skin_Not_Sun_Exposed_Suprapubic	A_local_Tier1_recurrent_SMR2	PASS	True	True	False	False	ftp://ftp.ebi.ac.uk/pub/databases/spot/eQTL/imported/GTEx_V8/ge/Skin_Not_Sun_Exposed_Suprapubic.tsv.gz	True	FEASIBLE_VIA_EQTL_CATALOGUE_REMOTE_TABIX	False	Local GTEx Portal all-associations files are unavailable, but eQTL Catalogue imported GTEx v8 tabix files provide complete regional per-variant eQTL statistics suitable for coloc extraction. Proceed with remote-tabix smoke test and then restricted coloc.
psa	positive_control_near_neighbor	26	1	23907046	25885138	Tier 1	positive_local_rg	IFNLR1	ENSG00000185436	Skin_Sun_Exposed_Lower_leg	A_local_Tier1_recurrent_SMR2	PASS	True	True	False	False	ftp://ftp.ebi.ac.uk/pub/databases/spot/eQTL/imported/GTEx_V8/ge/Skin_Sun_Exposed_Lower_leg.tsv.gz	True	FEASIBLE_VIA_EQTL_CATALOGUE_REMOTE_TABIX	False	Local GTEx Portal all-associations files are unavailable, but eQTL Catalogue imported GTEx v8 tabix files provide complete regional per-variant eQTL statistics suitable for coloc extraction. Proceed with remote-tabix smoke test and then restricted coloc.
psa	positive_control_near_neighbor	887	5	130573818	132554690	Tier 1	positive_local_rg	SLC22A5	ENSG00000197375	Cells_EBV-transformed_lymphocytes	A_local_Tier1_recurrent_SMR2	PASS	True	True	False	False	ftp://ftp.ebi.ac.uk/pub/databases/spot/eQTL/imported/GTEx_V8/ge/Cells_EBV-transformed_lymphocytes.tsv.gz	True	FEASIBLE_VIA_EQTL_CATALOGUE_REMOTE_TABIX	False	Local GTEx Portal all-associations files are unavailable, but eQTL Catalogue imported GTEx v8 tabix files provide complete regional per-variant eQTL statistics suitable for coloc extraction. Proceed with remote-tabix smoke test and then restricted coloc.
psa	positive_control_near_neighbor	887	5	130573818	132554690	Tier 1	positive_local_rg	SLC22A5	ENSG00000197375	Skin_Sun_Exposed_Lower_leg	A_local_Tier1_recurrent_SMR2	PASS	True	True	False	False	ftp://ftp.ebi.ac.uk/pub/databases/spot/eQTL/imported/GTEx_V8/ge/Skin_Sun_Exposed_Lower_leg.tsv.gz	True	FEASIBLE_VIA_EQTL_CATALOGUE_REMOTE_TABIX	False	Local GTEx Portal all-associations files are unavailable, but eQTL Catalogue imported GTEx v8 tabix files provide complete regional per-variant eQTL statistics suitable for coloc extraction. Proceed with remote-tabix smoke test and then restricted coloc.
psa	positive_control_near_neighbor	887	5	130573818	132554690	Tier 1	positive_local_rg	SLC22A5	ENSG00000197375	Spleen	A_local_Tier1_recurrent_SMR2	PASS	True	True	False	False	ftp://ftp.ebi.ac.uk/pub/databases/spot/eQTL/imported/GTEx_V8/ge/Spleen.tsv.gz	True	FEASIBLE_VIA_EQTL_CATALOGUE_REMOTE_TABIX	False	Local GTEx Portal all-associations files are unavailable, but eQTL Catalogue imported GTEx v8 tabix files provide complete regional per-variant eQTL statistics suitable for coloc extraction. Proceed with remote-tabix smoke test and then restricted coloc.
psa	positive_control_near_neighbor	887	5	130573818	132554690	Tier 1	positive_local_rg	PDLIM4	ENSG00000131435	Cells_EBV-transformed_lymphocytes	A_local_Tier1_recurrent_SMR2	PASS	True	True	False	False	ftp://ftp.ebi.ac.uk/pub/databases/spot/eQTL/imported/GTEx_V8/ge/Cells_EBV-transformed_lymphocytes.tsv.gz	True	FEASIBLE_VIA_EQTL_CATALOGUE_REMOTE_TABIX	False	Local GTEx Portal all-associations files are unavailable, but eQTL Catalogue imported GTEx v8 tabix files provide complete regional per-variant eQTL statistics suitable for coloc extraction. Proceed with remote-tabix smoke test and then restricted coloc.
psa	positive_control_near_neighbor	887	5	130573818	132554690	Tier 1	positive_local_rg	PDLIM4	ENSG00000131435	Skin_Not_Sun_Exposed_Suprapubic	A_local_Tier1_recurrent_SMR2	PASS	True	True	False	False	ftp://ftp.ebi.ac.uk/pub/databases/spot/eQTL/imported/GTEx_V8/ge/Skin_Not_Sun_Exposed_Suprapubic.tsv.gz	True	FEASIBLE_VIA_EQTL_CATALOGUE_REMOTE_TABIX	False	Local GTEx Portal all-associations files are unavailable, but eQTL Catalogue imported GTEx v8 tabix files provide complete regional per-variant eQTL statistics suitable for coloc extraction. Proceed with remote-tabix smoke test and then restricted coloc.
psa	positive_control_near_neighbor	887	5	130573818	132554690	Tier 1	positive_local_rg	PDLIM4	ENSG00000131435	Skin_Sun_Exposed_Lower_leg	A_local_Tier1_recurrent_SMR2	PASS	True	True	False	False	ftp://ftp.ebi.ac.uk/pub/databases/spot/eQTL/imported/GTEx_V8/ge/Skin_Sun_Exposed_Lower_leg.tsv.gz	True	FEASIBLE_VIA_EQTL_CATALOGUE_REMOTE_TABIX	False	Local GTEx Portal all-associations files are unavailable, but eQTL Catalogue imported GTEx v8 tabix files provide complete regional per-variant eQTL statistics suitable for coloc extraction. Proceed with remote-tabix smoke test and then restricted coloc.
psa	positive_control_near_neighbor	887	5	130573818	132554690	Tier 1	positive_local_rg	CDC42SE2	ENSG00000158985	Skin_Not_Sun_Exposed_Suprapubic	A_local_Tier1_recurrent_SMR2	PASS	True	True	False	False	ftp://ftp.ebi.ac.uk/pub/databases/spot/eQTL/imported/GTEx_V8/ge/Skin_Not_Sun_Exposed_Suprapubic.tsv.gz	True	FEASIBLE_VIA_EQTL_CATALOGUE_REMOTE_TABIX	False	Local GTEx Portal all-associations files are unavailable, but eQTL Catalogue imported GTEx v8 tabix files provide complete regional per-variant eQTL statistics suitable for coloc extraction. Proceed with remote-tabix smoke test and then restricted coloc.
psa	positive_control_near_neighbor	887	5	130573818	132554690	Tier 1	positive_local_rg	CDC42SE2	ENSG00000158985	Skin_Sun_Exposed_Lower_leg	A_local_Tier1_recurrent_SMR2	PASS	True	True	False	False	ftp://ftp.ebi.ac.uk/pub/databases/spot/eQTL/imported/GTEx_V8/ge/Skin_Sun_Exposed_Lower_leg.tsv.gz	True	FEASIBLE_VIA_EQTL_CATALOGUE_REMOTE_TABIX	False	Local GTEx Portal all-associations files are unavailable, but eQTL Catalogue imported GTEx v8 tabix files provide complete regional per-variant eQTL statistics suitable for coloc extraction. Proceed with remote-tabix smoke test and then restricted coloc.
psa	positive_control_near_neighbor	887	5	130573818	132554690	Tier 1	positive_local_rg	C5orf56	ENSG00000197536	Skin_Not_Sun_Exposed_Suprapubic	A_local_Tier1_recurrent_SMR2	PASS	True	True	False	False	ftp://ftp.ebi.ac.uk/pub/databases/spot/eQTL/imported/GTEx_V8/ge/Skin_Not_Sun_Exposed_Suprapubic.tsv.gz	True	FEASIBLE_VIA_EQTL_CATALOGUE_REMOTE_TABIX	False	Local GTEx Portal all-associations files are unavailable, but eQTL Catalogue imported GTEx v8 tabix files provide complete regional per-variant eQTL statistics suitable for coloc extraction. Proceed with remote-tabix smoke test and then restricted coloc.
psa	positive_control_near_neighbor	887	5	130573818	132554690	Tier 1	positive_local_rg	C5orf56	ENSG00000197536	Spleen	A_local_Tier1_recurrent_SMR2	PASS	True	True	False	False	ftp://ftp.ebi.ac.uk/pub/databases/spot/eQTL/imported/GTEx_V8/ge/Spleen.tsv.gz	True	FEASIBLE_VIA_EQTL_CATALOGUE_REMOTE_TABIX	False	Local GTEx Portal all-associations files are unavailable, but eQTL Catalogue imported GTEx v8 tabix files provide complete regional per-variant eQTL statistics suitable for coloc extraction. Proceed with remote-tabix smoke test and then restricted coloc.
psa	positive_control_near_neighbor	887	5	130573818	132554690	Tier 1	positive_local_rg	C5orf56	ENSG00000197536	Whole_Blood	A_local_Tier1_recurrent_SMR2	PASS	True	True	False	False	ftp://ftp.ebi.ac.uk/pub/databases/spot/eQTL/imported/GTEx_V8/ge/Whole_Blood.tsv.gz	True	FEASIBLE_VIA_EQTL_CATALOGUE_REMOTE_TABIX	False	Local GTEx Portal all-associations files are unavailable, but eQTL Catalogue imported GTEx v8 tabix files provide complete regional per-variant eQTL statistics suitable for coloc extraction. Proceed with remote-tabix smoke test and then restricted coloc.
psa	positive_control_near_neighbor	1041	6	111363444	112342873	Tier 1	positive_local_rg	C6orf3	ENSG00000255389	Cells_EBV-transformed_lymphocytes	A_local_Tier1_recurrent_SMR2	PASS	True	True	False	False	ftp://ftp.ebi.ac.uk/pub/databases/spot/eQTL/imported/GTEx_V8/ge/Cells_EBV-transformed_lymphocytes.tsv.gz	True	FEASIBLE_VIA_EQTL_CATALOGUE_REMOTE_TABIX	False	Local GTEx Portal all-associations files are unavailable, but eQTL Catalogue imported GTEx v8 tabix files provide complete regional per-variant eQTL statistics suitable for coloc extraction. Proceed with remote-tabix smoke test and then restricted coloc.
psa	positive_control_near_neighbor	1041	6	111363444	112342873	Tier 1	positive_local_rg	C6orf3	ENSG00000255389	Skin_Sun_Exposed_Lower_leg	A_local_Tier1_recurrent_SMR2	PASS	True	True	False	False	ftp://ftp.ebi.ac.uk/pub/databases/spot/eQTL/imported/GTEx_V8/ge/Skin_Sun_Exposed_Lower_leg.tsv.gz	True	FEASIBLE_VIA_EQTL_CATALOGUE_REMOTE_TABIX	False	Local GTEx Portal all-associations files are unavailable, but eQTL Catalogue imported GTEx v8 tabix files provide complete regional per-variant eQTL statistics suitable for coloc extraction. Proceed with remote-tabix smoke test and then restricted coloc.
psa	positive_control_near_neighbor	1041	6	111363444	112342873	Tier 1	positive_local_rg	C6orf3	ENSG00000255389	Spleen	A_local_Tier1_recurrent_SMR2	PASS	True	True	False	False	ftp://ftp.ebi.ac.uk/pub/databases/spot/eQTL/imported/GTEx_V8/ge/Spleen.tsv.gz	True	FEASIBLE_VIA_EQTL_CATALOGUE_REMOTE_TABIX	False	Local GTEx Portal all-associations files are unavailable, but eQTL Catalogue imported GTEx v8 tabix files provide complete regional per-variant eQTL statistics suitable for coloc extraction. Proceed with remote-tabix smoke test and then restricted coloc.
psa	positive_control_near_neighbor	1793	12	55416803	56987105	Tier 1	positive_local_rg	RP11-977G19.11	ENSG00000257303	Cells_EBV-transformed_lymphocytes	A_local_Tier1_recurrent_SMR2	PASS	True	True	False	False	ftp://ftp.ebi.ac.uk/pub/databases/spot/eQTL/imported/GTEx_V8/ge/Cells_EBV-transformed_lymphocytes.tsv.gz	True	FEASIBLE_VIA_EQTL_CATALOGUE_REMOTE_TABIX	False	Local GTEx Portal all-associations files are unavailable, but eQTL Catalogue imported GTEx v8 tabix files provide complete regional per-variant eQTL statistics suitable for coloc extraction. Proceed with remote-tabix smoke test and then restricted coloc.
psa	positive_control_near_neighbor	1793	12	55416803	56987105	Tier 1	positive_local_rg	RP11-977G19.11	ENSG00000257303	Skin_Not_Sun_Exposed_Suprapubic	A_local_Tier1_recurrent_SMR2	PASS	True	True	False	False	ftp://ftp.ebi.ac.uk/pub/databases/spot/eQTL/imported/GTEx_V8/ge/Skin_Not_Sun_Exposed_Suprapubic.tsv.gz	True	FEASIBLE_VIA_EQTL_CATALOGUE_REMOTE_TABIX	False	Local GTEx Portal all-associations files are unavailable, but eQTL Catalogue imported GTEx v8 tabix files provide complete regional per-variant eQTL statistics suitable for coloc extraction. Proceed with remote-tabix smoke test and then restricted coloc.
psa	positive_control_near_neighbor	1793	12	55416803	56987105	Tier 1	positive_local_rg	RP11-977G19.11	ENSG00000257303	Skin_Sun_Exposed_Lower_leg	A_local_Tier1_recurrent_SMR2	PASS	True	True	False	False	ftp://ftp.ebi.ac.uk/pub/databases/spot/eQTL/imported/GTEx_V8/ge/Skin_Sun_Exposed_Lower_leg.tsv.gz	True	FEASIBLE_VIA_EQTL_CATALOGUE_REMOTE_TABIX	False	Local GTEx Portal all-associations files are unavailable, but eQTL Catalogue imported GTEx v8 tabix files provide complete regional per-variant eQTL statistics suitable for coloc extraction. Proceed with remote-tabix smoke test and then restricted coloc.
psa	positive_control_near_neighbor	1793	12	55416803	56987105	Tier 1	positive_local_rg	RP11-977G19.11	ENSG00000257303	Whole_Blood	A_local_Tier1_recurrent_SMR2	PASS	True	True	False	False	ftp://ftp.ebi.ac.uk/pub/databases/spot/eQTL/imported/GTEx_V8/ge/Whole_Blood.tsv.gz	True	FEASIBLE_VIA_EQTL_CATALOGUE_REMOTE_TABIX	False	Local GTEx Portal all-associations files are unavailable, but eQTL Catalogue imported GTEx v8 tabix files provide complete regional per-variant eQTL statistics suitable for coloc extraction. Proceed with remote-tabix smoke test and then restricted coloc.
psa	positive_control_near_neighbor	1793	12	55416803	56987105	Tier 1	positive_local_rg	RPS26	ENSG00000197728	Cells_EBV-transformed_lymphocytes	A_local_Tier1_recurrent_SMR2	PASS	True	True	False	False	ftp://ftp.ebi.ac.uk/pub/databases/spot/eQTL/imported/GTEx_V8/ge/Cells_EBV-transformed_lymphocytes.tsv.gz	True	FEASIBLE_VIA_EQTL_CATALOGUE_REMOTE_TABIX	False	Local GTEx Portal all-associations files are unavailable, but eQTL Catalogue imported GTEx v8 tabix files provide complete regional per-variant eQTL statistics suitable for coloc extraction. Proceed with remote-tabix smoke test and then restricted coloc.
psa	positive_control_near_neighbor	1793	12	55416803	56987105	Tier 1	positive_local_rg	RPS26	ENSG00000197728	Skin_Not_Sun_Exposed_Suprapubic	A_local_Tier1_recurrent_SMR2	PASS	True	True	False	False	ftp://ftp.ebi.ac.uk/pub/databases/spot/eQTL/imported/GTEx_V8/ge/Skin_Not_Sun_Exposed_Suprapubic.tsv.gz	True	FEASIBLE_VIA_EQTL_CATALOGUE_REMOTE_TABIX	False	Local GTEx Portal all-associations files are unavailable, but eQTL Catalogue imported GTEx v8 tabix files provide complete regional per-variant eQTL statistics suitable for coloc extraction. Proceed with remote-tabix smoke test and then restricted coloc.
psa	positive_control_near_neighbor	1793	12	55416803	56987105	Tier 1	positive_local_rg	RPS26	ENSG00000197728	Skin_Sun_Exposed_Lower_leg	A_local_Tier1_recurrent_SMR2	PASS	True	True	False	False	ftp://ftp.ebi.ac.uk/pub/databases/spot/eQTL/imported/GTEx_V8/ge/Skin_Sun_Exposed_Lower_leg.tsv.gz	True	FEASIBLE_VIA_EQTL_CATALOGUE_REMOTE_TABIX	False	Local GTEx Portal all-associations files are unavailable, but eQTL Catalogue imported GTEx v8 tabix files provide complete regional per-variant eQTL statistics suitable for coloc extraction. Proceed with remote-tabix smoke test and then restricted coloc.
psa	positive_control_near_neighbor	1793	12	55416803	56987105	Tier 1	positive_local_rg	RPS26	ENSG00000197728	Spleen	A_local_Tier1_recurrent_SMR2	PASS	True	True	False	False	ftp://ftp.ebi.ac.uk/pub/databases/spot/eQTL/imported/GTEx_V8/ge/Spleen.tsv.gz	True	FEASIBLE_VIA_EQTL_CATALOGUE_REMOTE_TABIX	False	Local GTEx Portal all-associations files are unavailable, but eQTL Catalogue imported GTEx v8 tabix files provide complete regional per-variant eQTL statistics suitable for coloc extraction. Proceed with remote-tabix smoke test and then restricted coloc.
psa	positive_control_near_neighbor	1793	12	55416803	56987105	Tier 1	positive_local_rg	RPS26	ENSG00000197728	Whole_Blood	A_local_Tier1_recurrent_SMR2	PASS	True	True	False	False	ftp://ftp.ebi.ac.uk/pub/databases/spot/eQTL/imported/GTEx_V8/ge/Whole_Blood.tsv.gz	True	FEASIBLE_VIA_EQTL_CATALOGUE_REMOTE_TABIX	False	Local GTEx Portal all-associations files are unavailable, but eQTL Catalogue imported GTEx v8 tabix files provide complete regional per-variant eQTL statistics suitable for coloc extraction. Proceed with remote-tabix smoke test and then restricted coloc.
psa	positive_control_near_neighbor	1793	12	55416803	56987105	Tier 1	positive_local_rg	SUOX	ENSG00000139531	Skin_Not_Sun_Exposed_Suprapubic	A_local_Tier1_recurrent_SMR2	PASS	True	True	False	False	ftp://ftp.ebi.ac.uk/pub/databases/spot/eQTL/imported/GTEx_V8/ge/Skin_Not_Sun_Exposed_Suprapubic.tsv.gz	True	FEASIBLE_VIA_EQTL_CATALOGUE_REMOTE_TABIX	False	Local GTEx Portal all-associations files are unavailable, but eQTL Catalogue imported GTEx v8 tabix files provide complete regional per-variant eQTL statistics suitable for coloc extraction. Proceed with remote-tabix smoke test and then restricted coloc.
psa	positive_control_near_neighbor	1793	12	55416803	56987105	Tier 1	positive_local_rg	SUOX	ENSG00000139531	Skin_Sun_Exposed_Lower_leg	A_local_Tier1_recurrent_SMR2	PASS	True	True	False	False	ftp://ftp.ebi.ac.uk/pub/databases/spot/eQTL/imported/GTEx_V8/ge/Skin_Sun_Exposed_Lower_leg.tsv.gz	True	FEASIBLE_VIA_EQTL_CATALOGUE_REMOTE_TABIX	False	Local GTEx Portal all-associations files are unavailable, but eQTL Catalogue imported GTEx v8 tabix files provide complete regional per-variant eQTL statistics suitable for coloc extraction. Proceed with remote-tabix smoke test and then restricted coloc.
psa	positive_control_near_neighbor	1793	12	55416803	56987105	Tier 1	positive_local_rg	SUOX	ENSG00000139531	Spleen	A_local_Tier1_recurrent_SMR2	PASS	True	True	False	False	ftp://ftp.ebi.ac.uk/pub/databases/spot/eQTL/imported/GTEx_V8/ge/Spleen.tsv.gz	True	FEASIBLE_VIA_EQTL_CATALOGUE_REMOTE_TABIX	False	Local GTEx Portal all-associations files are unavailable, but eQTL Catalogue imported GTEx v8 tabix files provide complete regional per-variant eQTL statistics suitable for coloc extraction. Proceed with remote-tabix smoke test and then restricted coloc.
psa	positive_control_near_neighbor	1793	12	55416803	56987105	Tier 1	positive_local_rg	SUOX	ENSG00000139531	Whole_Blood	A_local_Tier1_recurrent_SMR2	PASS	True	True	False	False	ftp://ftp.ebi.ac.uk/pub/databases/spot/eQTL/imported/GTEx_V8/ge/Whole_Blood.tsv.gz	True	FEASIBLE_VIA_EQTL_CATALOGUE_REMOTE_TABIX	False	Local GTEx Portal all-associations files are unavailable, but eQTL Catalogue imported GTEx v8 tabix files provide complete regional per-variant eQTL statistics suitable for coloc extraction. Proceed with remote-tabix smoke test and then restricted coloc.
psa	positive_control_near_neighbor	2318	19	10028841	11681978	Tier 1	positive_local_rg	TYK2	ENSG00000105397	Skin_Not_Sun_Exposed_Suprapubic	A_local_Tier1_recurrent_SMR2	PASS	True	True	False	False	ftp://ftp.ebi.ac.uk/pub/databases/spot/eQTL/imported/GTEx_V8/ge/Skin_Not_Sun_Exposed_Suprapubic.tsv.gz	True	FEASIBLE_VIA_EQTL_CATALOGUE_REMOTE_TABIX	False	Local GTEx Portal all-associations files are unavailable, but eQTL Catalogue imported GTEx v8 tabix files provide complete regional per-variant eQTL statistics suitable for coloc extraction. Proceed with remote-tabix smoke test and then restricted coloc.
psa	positive_control_near_neighbor	2318	19	10028841	11681978	Tier 1	positive_local_rg	TYK2	ENSG00000105397	Skin_Sun_Exposed_Lower_leg	A_local_Tier1_recurrent_SMR2	PASS	True	True	False	False	ftp://ftp.ebi.ac.uk/pub/databases/spot/eQTL/imported/GTEx_V8/ge/Skin_Sun_Exposed_Lower_leg.tsv.gz	True	FEASIBLE_VIA_EQTL_CATALOGUE_REMOTE_TABIX	False	Local GTEx Portal all-associations files are unavailable, but eQTL Catalogue imported GTEx v8 tabix files provide complete regional per-variant eQTL statistics suitable for coloc extraction. Proceed with remote-tabix smoke test and then restricted coloc.
psa	positive_control_near_neighbor	2318	19	10028841	11681978	Tier 1	positive_local_rg	TYK2	ENSG00000105397	Spleen	A_local_Tier1_recurrent_SMR2	PASS	True	True	False	False	ftp://ftp.ebi.ac.uk/pub/databases/spot/eQTL/imported/GTEx_V8/ge/Spleen.tsv.gz	True	FEASIBLE_VIA_EQTL_CATALOGUE_REMOTE_TABIX	False	Local GTEx Portal all-associations files are unavailable, but eQTL Catalogue imported GTEx v8 tabix files provide complete regional per-variant eQTL statistics suitable for coloc extraction. Proceed with remote-tabix smoke test and then restricted coloc.
psa	positive_control_near_neighbor	2318	19	10028841	11681978	Tier 1	positive_local_rg	TYK2	ENSG00000105397	Whole_Blood	A_local_Tier1_recurrent_SMR2	PASS	True	True	False	False	ftp://ftp.ebi.ac.uk/pub/databases/spot/eQTL/imported/GTEx_V8/ge/Whole_Blood.tsv.gz	True	FEASIBLE_VIA_EQTL_CATALOGUE_REMOTE_TABIX	False	Local GTEx Portal all-associations files are unavailable, but eQTL Catalogue imported GTEx v8 tabix files provide complete regional per-variant eQTL statistics suitable for coloc extraction. Proceed with remote-tabix smoke test and then restricted coloc.
psa	positive_control_near_neighbor	2318	19	10028841	11681978	Tier 1	positive_local_rg	ICAM5	ENSG00000105376	Skin_Not_Sun_Exposed_Suprapubic	A_local_Tier1_recurrent_SMR2	PASS	True	True	False	False	ftp://ftp.ebi.ac.uk/pub/databases/spot/eQTL/imported/GTEx_V8/ge/Skin_Not_Sun_Exposed_Suprapubic.tsv.gz	True	FEASIBLE_VIA_EQTL_CATALOGUE_REMOTE_TABIX	False	Local GTEx Portal all-associations files are unavailable, but eQTL Catalogue imported GTEx v8 tabix files provide complete regional per-variant eQTL statistics suitable for coloc extraction. Proceed with remote-tabix smoke test and then restricted coloc.
psa	positive_control_near_neighbor	2318	19	10028841	11681978	Tier 1	positive_local_rg	ICAM5	ENSG00000105376	Skin_Sun_Exposed_Lower_leg	A_local_Tier1_recurrent_SMR2	PASS	True	True	False	False	ftp://ftp.ebi.ac.uk/pub/databases/spot/eQTL/imported/GTEx_V8/ge/Skin_Sun_Exposed_Lower_leg.tsv.gz	True	FEASIBLE_VIA_EQTL_CATALOGUE_REMOTE_TABIX	False	Local GTEx Portal all-associations files are unavailable, but eQTL Catalogue imported GTEx v8 tabix files provide complete regional per-variant eQTL statistics suitable for coloc extraction. Proceed with remote-tabix smoke test and then restricted coloc.
psa	positive_control_near_neighbor	2318	19	10028841	11681978	Tier 1	positive_local_rg	ICAM5	ENSG00000105376	Spleen	A_local_Tier1_recurrent_SMR2	PASS	True	True	False	False	ftp://ftp.ebi.ac.uk/pub/databases/spot/eQTL/imported/GTEx_V8/ge/Spleen.tsv.gz	True	FEASIBLE_VIA_EQTL_CATALOGUE_REMOTE_TABIX	False	Local GTEx Portal all-associations files are unavailable, but eQTL Catalogue imported GTEx v8 tabix files provide complete regional per-variant eQTL statistics suitable for coloc extraction. Proceed with remote-tabix smoke test and then restricted coloc.
psa	positive_control_near_neighbor	2318	19	10028841	11681978	Tier 1	positive_local_rg	ICAM5	ENSG00000105376	Whole_Blood	A_local_Tier1_recurrent_SMR2	PASS	True	True	False	False	ftp://ftp.ebi.ac.uk/pub/databases/spot/eQTL/imported/GTEx_V8/ge/Whole_Blood.tsv.gz	True	FEASIBLE_VIA_EQTL_CATALOGUE_REMOTE_TABIX	False	Local GTEx Portal all-associations files are unavailable, but eQTL Catalogue imported GTEx v8 tabix files provide complete regional per-variant eQTL statistics suitable for coloc extraction. Proceed with remote-tabix smoke test and then restricted coloc.
psa	positive_control_near_neighbor	2318	19	10028841	11681978	Tier 1	positive_local_rg	MRPL4	ENSG00000105364	Skin_Not_Sun_Exposed_Suprapubic	A_local_Tier1_recurrent_SMR2	PASS	True	True	False	False	ftp://ftp.ebi.ac.uk/pub/databases/spot/eQTL/imported/GTEx_V8/ge/Skin_Not_Sun_Exposed_Suprapubic.tsv.gz	True	FEASIBLE_VIA_EQTL_CATALOGUE_REMOTE_TABIX	False	Local GTEx Portal all-associations files are unavailable, but eQTL Catalogue imported GTEx v8 tabix files provide complete regional per-variant eQTL statistics suitable for coloc extraction. Proceed with remote-tabix smoke test and then restricted coloc.
psa	positive_control_near_neighbor	2318	19	10028841	11681978	Tier 1	positive_local_rg	MRPL4	ENSG00000105364	Skin_Sun_Exposed_Lower_leg	A_local_Tier1_recurrent_SMR2	PASS	True	True	False	False	ftp://ftp.ebi.ac.uk/pub/databases/spot/eQTL/imported/GTEx_V8/ge/Skin_Sun_Exposed_Lower_leg.tsv.gz	True	FEASIBLE_VIA_EQTL_CATALOGUE_REMOTE_TABIX	False	Local GTEx Portal all-associations files are unavailable, but eQTL Catalogue imported GTEx v8 tabix files provide complete regional per-variant eQTL statistics suitable for coloc extraction. Proceed with remote-tabix smoke test and then restricted coloc.
psa	positive_control_near_neighbor	26	1	23907046	25885138	Tier 1	positive_local_rg	RP5-886K2.3	ENSG00000236810	Whole_Blood	B_local_Tier1_single_tissue_SMR2	PASS	True	True	False	False	ftp://ftp.ebi.ac.uk/pub/databases/spot/eQTL/imported/GTEx_V8/ge/Whole_Blood.tsv.gz	True	FEASIBLE_VIA_EQTL_CATALOGUE_REMOTE_TABIX	False	Local GTEx Portal all-associations files are unavailable, but eQTL Catalogue imported GTEx v8 tabix files provide complete regional per-variant eQTL statistics suitable for coloc extraction. Proceed with remote-tabix smoke test and then restricted coloc.
psa	positive_control_near_neighbor	26	1	23907046	25885138	Tier 1	positive_local_rg	FUCA1	ENSG00000179163	Whole_Blood	B_local_Tier1_single_tissue_SMR2	PASS	True	True	False	False	ftp://ftp.ebi.ac.uk/pub/databases/spot/eQTL/imported/GTEx_V8/ge/Whole_Blood.tsv.gz	True	FEASIBLE_VIA_EQTL_CATALOGUE_REMOTE_TABIX	False	Local GTEx Portal all-associations files are unavailable, but eQTL Catalogue imported GTEx v8 tabix files provide complete regional per-variant eQTL statistics suitable for coloc extraction. Proceed with remote-tabix smoke test and then restricted coloc.
psa	positive_control_near_neighbor	26	1	23907046	25885138	Tier 1	positive_local_rg	HMGCL	ENSG00000117305	Whole_Blood	B_local_Tier1_single_tissue_SMR2	PASS	True	True	False	False	ftp://ftp.ebi.ac.uk/pub/databases/spot/eQTL/imported/GTEx_V8/ge/Whole_Blood.tsv.gz	True	FEASIBLE_VIA_EQTL_CATALOGUE_REMOTE_TABIX	False	Local GTEx Portal all-associations files are unavailable, but eQTL Catalogue imported GTEx v8 tabix files provide complete regional per-variant eQTL statistics suitable for coloc extraction. Proceed with remote-tabix smoke test and then restricted coloc.
psa	positive_control_near_neighbor	57	1	66778016	67761890	Tier 1	positive_local_rg	SLC35D1	ENSG00000116704	Whole_Blood	B_local_Tier1_single_tissue_SMR2	PASS	True	True	False	False	ftp://ftp.ebi.ac.uk/pub/databases/spot/eQTL/imported/GTEx_V8/ge/Whole_Blood.tsv.gz	True	FEASIBLE_VIA_EQTL_CATALOGUE_REMOTE_TABIX	False	Local GTEx Portal all-associations files are unavailable, but eQTL Catalogue imported GTEx v8 tabix files provide complete regional per-variant eQTL statistics suitable for coloc extraction. Proceed with remote-tabix smoke test and then restricted coloc.
psa	positive_control_near_neighbor	887	5	130573818	132554690	Tier 1	positive_local_rg	P4HA2	ENSG00000072682	Skin_Sun_Exposed_Lower_leg	B_local_Tier1_single_tissue_SMR2	PASS	True	True	False	False	ftp://ftp.ebi.ac.uk/pub/databases/spot/eQTL/imported/GTEx_V8/ge/Skin_Sun_Exposed_Lower_leg.tsv.gz	True	FEASIBLE_VIA_EQTL_CATALOGUE_REMOTE_TABIX	False	Local GTEx Portal all-associations files are unavailable, but eQTL Catalogue imported GTEx v8 tabix files provide complete regional per-variant eQTL statistics suitable for coloc extraction. Proceed with remote-tabix smoke test and then restricted coloc.
psa	positive_control_near_neighbor	887	5	130573818	132554690	Tier 1	positive_local_rg	AC034220.3	ENSG00000233006	Whole_Blood	B_local_Tier1_single_tissue_SMR2	PASS	True	True	False	False	ftp://ftp.ebi.ac.uk/pub/databases/spot/eQTL/imported/GTEx_V8/ge/Whole_Blood.tsv.gz	True	FEASIBLE_VIA_EQTL_CATALOGUE_REMOTE_TABIX	False	Local GTEx Portal all-associations files are unavailable, but eQTL Catalogue imported GTEx v8 tabix files provide complete regional per-variant eQTL statistics suitable for coloc extraction. Proceed with remote-tabix smoke test and then restricted coloc.
psa	positive_control_near_neighbor	887	5	130573818	132554690	Tier 1	positive_local_rg	KIF3A	ENSG00000131437	Skin_Not_Sun_Exposed_Suprapubic	B_local_Tier1_single_tissue_SMR2	PASS	True	True	False	False	ftp://ftp.ebi.ac.uk/pub/databases/spot/eQTL/imported/GTEx_V8/ge/Skin_Not_Sun_Exposed_Suprapubic.tsv.gz	True	FEASIBLE_VIA_EQTL_CATALOGUE_REMOTE_TABIX	False	Local GTEx Portal all-associations files are unavailable, but eQTL Catalogue imported GTEx v8 tabix files provide complete regional per-variant eQTL statistics suitable for coloc extraction. Proceed with remote-tabix smoke test and then restricted coloc.
psa	positive_control_near_neighbor	887	5	130573818	132554690	Tier 1	positive_local_rg	AFF4	ENSG00000072364	Skin_Not_Sun_Exposed_Suprapubic	B_local_Tier1_single_tissue_SMR2	PASS	True	True	False	False	ftp://ftp.ebi.ac.uk/pub/databases/spot/eQTL/imported/GTEx_V8/ge/Skin_Not_Sun_Exposed_Suprapubic.tsv.gz	True	FEASIBLE_VIA_EQTL_CATALOGUE_REMOTE_TABIX	False	Local GTEx Portal all-associations files are unavailable, but eQTL Catalogue imported GTEx v8 tabix files provide complete regional per-variant eQTL statistics suitable for coloc extraction. Proceed with remote-tabix smoke test and then restricted coloc.
psa	positive_control_near_neighbor	1041	6	111363444	112342873	Tier 1	positive_local_rg	KIAA1919	ENSG00000173214	Skin_Not_Sun_Exposed_Suprapubic	B_local_Tier1_single_tissue_SMR2	PASS	True	True	False	False	ftp://ftp.ebi.ac.uk/pub/databases/spot/eQTL/imported/GTEx_V8/ge/Skin_Not_Sun_Exposed_Suprapubic.tsv.gz	True	FEASIBLE_VIA_EQTL_CATALOGUE_REMOTE_TABIX	False	Local GTEx Portal all-associations files are unavailable, but eQTL Catalogue imported GTEx v8 tabix files provide complete regional per-variant eQTL statistics suitable for coloc extraction. Proceed with remote-tabix smoke test and then restricted coloc.
psa	positive_control_near_neighbor	1793	12	55416803	56987105	Tier 1	positive_local_rg	IKZF4	ENSG00000123411	Skin_Not_Sun_Exposed_Suprapubic	B_local_Tier1_single_tissue_SMR2	PASS	True	True	False	False	ftp://ftp.ebi.ac.uk/pub/databases/spot/eQTL/imported/GTEx_V8/ge/Skin_Not_Sun_Exposed_Suprapubic.tsv.gz	True	FEASIBLE_VIA_EQTL_CATALOGUE_REMOTE_TABIX	False	Local GTEx Portal all-associations files are unavailable, but eQTL Catalogue imported GTEx v8 tabix files provide complete regional per-variant eQTL statistics suitable for coloc extraction. Proceed with remote-tabix smoke test and then restricted coloc.
psa	positive_control_near_neighbor	2318	19	10028841	11681978	Tier 1	positive_local_rg	TMED1	ENSG00000099203	Whole_Blood	B_local_Tier1_single_tissue_SMR2	PASS	True	True	False	False	ftp://ftp.ebi.ac.uk/pub/databases/spot/eQTL/imported/GTEx_V8/ge/Whole_Blood.tsv.gz	True	FEASIBLE_VIA_EQTL_CATALOGUE_REMOTE_TABIX	False	Local GTEx Portal all-associations files are unavailable, but eQTL Catalogue imported GTEx v8 tabix files provide complete regional per-variant eQTL statistics suitable for coloc extraction. Proceed with remote-tabix smoke test and then restricted coloc.
uc	ibd_direction_heterogeneity	57	1	66778016	67761890	Tier 1	negative_local_rg	TCTEX1D1	ENSG00000152760	Colon_Sigmoid	A_local_Tier1_recurrent_SMR2	PASS	True	True	False	False	ftp://ftp.ebi.ac.uk/pub/databases/spot/eQTL/imported/GTEx_V8/ge/Colon_Sigmoid.tsv.gz	True	FEASIBLE_VIA_EQTL_CATALOGUE_REMOTE_TABIX	False	Local GTEx Portal all-associations files are unavailable, but eQTL Catalogue imported GTEx v8 tabix files provide complete regional per-variant eQTL statistics suitable for coloc extraction. Proceed with remote-tabix smoke test and then restricted coloc.
uc	ibd_direction_heterogeneity	57	1	66778016	67761890	Tier 1	negative_local_rg	TCTEX1D1	ENSG00000152760	Colon_Transverse	A_local_Tier1_recurrent_SMR2	PASS	True	True	False	False	ftp://ftp.ebi.ac.uk/pub/databases/spot/eQTL/imported/GTEx_V8/ge/Colon_Transverse.tsv.gz	True	FEASIBLE_VIA_EQTL_CATALOGUE_REMOTE_TABIX	False	Local GTEx Portal all-associations files are unavailable, but eQTL Catalogue imported GTEx v8 tabix files provide complete regional per-variant eQTL statistics suitable for coloc extraction. Proceed with remote-tabix smoke test and then restricted coloc.
uc	ibd_direction_heterogeneity	57	1	66778016	67761890	Tier 1	negative_local_rg	TCTEX1D1	ENSG00000152760	Skin_Sun_Exposed_Lower_leg	A_local_Tier1_recurrent_SMR2	PASS	True	True	False	False	ftp://ftp.ebi.ac.uk/pub/databases/spot/eQTL/imported/GTEx_V8/ge/Skin_Sun_Exposed_Lower_leg.tsv.gz	True	FEASIBLE_VIA_EQTL_CATALOGUE_REMOTE_TABIX	False	Local GTEx Portal all-associations files are unavailable, but eQTL Catalogue imported GTEx v8 tabix files provide complete regional per-variant eQTL statistics suitable for coloc extraction. Proceed with remote-tabix smoke test and then restricted coloc.
uc	ibd_direction_heterogeneity	57	1	66778016	67761890	Tier 1	negative_local_rg	TCTEX1D1	ENSG00000152760	Spleen	A_local_Tier1_recurrent_SMR2	PASS	True	True	False	False	ftp://ftp.ebi.ac.uk/pub/databases/spot/eQTL/imported/GTEx_V8/ge/Spleen.tsv.gz	True	FEASIBLE_VIA_EQTL_CATALOGUE_REMOTE_TABIX	False	Local GTEx Portal all-associations files are unavailable, but eQTL Catalogue imported GTEx v8 tabix files provide complete regional per-variant eQTL statistics suitable for coloc extraction. Proceed with remote-tabix smoke test and then restricted coloc.
uc	ibd_direction_heterogeneity	57	1	66778016	67761890	Tier 1	negative_local_rg	TCTEX1D1	ENSG00000152760	Whole_Blood	A_local_Tier1_recurrent_SMR2	PASS	True	True	False	False	ftp://ftp.ebi.ac.uk/pub/databases/spot/eQTL/imported/GTEx_V8/ge/Whole_Blood.tsv.gz	True	FEASIBLE_VIA_EQTL_CATALOGUE_REMOTE_TABIX	False	Local GTEx Portal all-associations files are unavailable, but eQTL Catalogue imported GTEx v8 tabix files provide complete regional per-variant eQTL statistics suitable for coloc extraction. Proceed with remote-tabix smoke test and then restricted coloc.
uc	ibd_direction_heterogeneity	2203	17	37361179	38880481	Tier 1	negative_local_rg	ORMDL3	ENSG00000172057	Cells_EBV-transformed_lymphocytes	A_local_Tier1_recurrent_SMR2	PASS	True	True	False	False	ftp://ftp.ebi.ac.uk/pub/databases/spot/eQTL/imported/GTEx_V8/ge/Cells_EBV-transformed_lymphocytes.tsv.gz	True	FEASIBLE_VIA_EQTL_CATALOGUE_REMOTE_TABIX	False	Local GTEx Portal all-associations files are unavailable, but eQTL Catalogue imported GTEx v8 tabix files provide complete regional per-variant eQTL statistics suitable for coloc extraction. Proceed with remote-tabix smoke test and then restricted coloc.
uc	ibd_direction_heterogeneity	2203	17	37361179	38880481	Tier 1	negative_local_rg	ORMDL3	ENSG00000172057	Spleen	A_local_Tier1_recurrent_SMR2	PASS	True	True	False	False	ftp://ftp.ebi.ac.uk/pub/databases/spot/eQTL/imported/GTEx_V8/ge/Spleen.tsv.gz	True	FEASIBLE_VIA_EQTL_CATALOGUE_REMOTE_TABIX	False	Local GTEx Portal all-associations files are unavailable, but eQTL Catalogue imported GTEx v8 tabix files provide complete regional per-variant eQTL statistics suitable for coloc extraction. Proceed with remote-tabix smoke test and then restricted coloc.
uc	ibd_direction_heterogeneity	2203	17	37361179	38880481	Tier 1	negative_local_rg	ORMDL3	ENSG00000172057	Whole_Blood	A_local_Tier1_recurrent_SMR2	PASS	True	True	False	False	ftp://ftp.ebi.ac.uk/pub/databases/spot/eQTL/imported/GTEx_V8/ge/Whole_Blood.tsv.gz	True	FEASIBLE_VIA_EQTL_CATALOGUE_REMOTE_TABIX	False	Local GTEx Portal all-associations files are unavailable, but eQTL Catalogue imported GTEx v8 tabix files provide complete regional per-variant eQTL statistics suitable for coloc extraction. Proceed with remote-tabix smoke test and then restricted coloc.
uc	ibd_direction_heterogeneity	2203	17	37361179	38880481	Tier 1	negative_local_rg	GSDMB	ENSG00000073605	Cells_EBV-transformed_lymphocytes	A_local_Tier1_recurrent_SMR2	PASS	True	True	False	False	ftp://ftp.ebi.ac.uk/pub/databases/spot/eQTL/imported/GTEx_V8/ge/Cells_EBV-transformed_lymphocytes.tsv.gz	True	FEASIBLE_VIA_EQTL_CATALOGUE_REMOTE_TABIX	False	Local GTEx Portal all-associations files are unavailable, but eQTL Catalogue imported GTEx v8 tabix files provide complete regional per-variant eQTL statistics suitable for coloc extraction. Proceed with remote-tabix smoke test and then restricted coloc.
uc	ibd_direction_heterogeneity	2203	17	37361179	38880481	Tier 1	negative_local_rg	GSDMB	ENSG00000073605	Colon_Transverse	A_local_Tier1_recurrent_SMR2	PASS	True	True	False	False	ftp://ftp.ebi.ac.uk/pub/databases/spot/eQTL/imported/GTEx_V8/ge/Colon_Transverse.tsv.gz	True	FEASIBLE_VIA_EQTL_CATALOGUE_REMOTE_TABIX	False	Local GTEx Portal all-associations files are unavailable, but eQTL Catalogue imported GTEx v8 tabix files provide complete regional per-variant eQTL statistics suitable for coloc extraction. Proceed with remote-tabix smoke test and then restricted coloc.
uc	ibd_direction_heterogeneity	2203	17	37361179	38880481	Tier 1	negative_local_rg	GSDMB	ENSG00000073605	Skin_Sun_Exposed_Lower_leg	A_local_Tier1_recurrent_SMR2	PASS	True	True	False	False	ftp://ftp.ebi.ac.uk/pub/databases/spot/eQTL/imported/GTEx_V8/ge/Skin_Sun_Exposed_Lower_leg.tsv.gz	True	FEASIBLE_VIA_EQTL_CATALOGUE_REMOTE_TABIX	False	Local GTEx Portal all-associations files are unavailable, but eQTL Catalogue imported GTEx v8 tabix files provide complete regional per-variant eQTL statistics suitable for coloc extraction. Proceed with remote-tabix smoke test and then restricted coloc.
uc	ibd_direction_heterogeneity	2203	17	37361179	38880481	Tier 1	negative_local_rg	GSDMB	ENSG00000073605	Spleen	A_local_Tier1_recurrent_SMR2	PASS	True	True	False	False	ftp://ftp.ebi.ac.uk/pub/databases/spot/eQTL/imported/GTEx_V8/ge/Spleen.tsv.gz	True	FEASIBLE_VIA_EQTL_CATALOGUE_REMOTE_TABIX	False	Local GTEx Portal all-associations files are unavailable, but eQTL Catalogue imported GTEx v8 tabix files provide complete regional per-variant eQTL statistics suitable for coloc extraction. Proceed with remote-tabix smoke test and then restricted coloc.
uc	ibd_direction_heterogeneity	2203	17	37361179	38880481	Tier 1	negative_local_rg	GSDMA	ENSG00000167914	Colon_Sigmoid	A_local_Tier1_recurrent_SMR2	PASS	True	True	False	False	ftp://ftp.ebi.ac.uk/pub/databases/spot/eQTL/imported/GTEx_V8/ge/Colon_Sigmoid.tsv.gz	True	FEASIBLE_VIA_EQTL_CATALOGUE_REMOTE_TABIX	False	Local GTEx Portal all-associations files are unavailable, but eQTL Catalogue imported GTEx v8 tabix files provide complete regional per-variant eQTL statistics suitable for coloc extraction. Proceed with remote-tabix smoke test and then restricted coloc.
uc	ibd_direction_heterogeneity	2203	17	37361179	38880481	Tier 1	negative_local_rg	GSDMA	ENSG00000167914	Colon_Transverse	A_local_Tier1_recurrent_SMR2	PASS	True	True	False	False	ftp://ftp.ebi.ac.uk/pub/databases/spot/eQTL/imported/GTEx_V8/ge/Colon_Transverse.tsv.gz	True	FEASIBLE_VIA_EQTL_CATALOGUE_REMOTE_TABIX	False	Local GTEx Portal all-associations files are unavailable, but eQTL Catalogue imported GTEx v8 tabix files provide complete regional per-variant eQTL statistics suitable for coloc extraction. Proceed with remote-tabix smoke test and then restricted coloc.
uc	ibd_direction_heterogeneity	2203	17	37361179	38880481	Tier 1	negative_local_rg	GSDMA	ENSG00000167914	Skin_Not_Sun_Exposed_Suprapubic	A_local_Tier1_recurrent_SMR2	PASS	True	True	False	False	ftp://ftp.ebi.ac.uk/pub/databases/spot/eQTL/imported/GTEx_V8/ge/Skin_Not_Sun_Exposed_Suprapubic.tsv.gz	True	FEASIBLE_VIA_EQTL_CATALOGUE_REMOTE_TABIX	False	Local GTEx Portal all-associations files are unavailable, but eQTL Catalogue imported GTEx v8 tabix files provide complete regional per-variant eQTL statistics suitable for coloc extraction. Proceed with remote-tabix smoke test and then restricted coloc.
uc	ibd_direction_heterogeneity	2203	17	37361179	38880481	Tier 1	negative_local_rg	GSDMA	ENSG00000167914	Skin_Sun_Exposed_Lower_leg	A_local_Tier1_recurrent_SMR2	PASS	True	True	False	False	ftp://ftp.ebi.ac.uk/pub/databases/spot/eQTL/imported/GTEx_V8/ge/Skin_Sun_Exposed_Lower_leg.tsv.gz	True	FEASIBLE_VIA_EQTL_CATALOGUE_REMOTE_TABIX	False	Local GTEx Portal all-associations files are unavailable, but eQTL Catalogue imported GTEx v8 tabix files provide complete regional per-variant eQTL statistics suitable for coloc extraction. Proceed with remote-tabix smoke test and then restricted coloc.
uc	ibd_direction_heterogeneity	2203	17	37361179	38880481	Tier 1	negative_local_rg	SMARCE1	ENSG00000073584	Colon_Sigmoid	A_local_Tier1_recurrent_SMR2	PASS	True	True	False	False	ftp://ftp.ebi.ac.uk/pub/databases/spot/eQTL/imported/GTEx_V8/ge/Colon_Sigmoid.tsv.gz	True	FEASIBLE_VIA_EQTL_CATALOGUE_REMOTE_TABIX	False	Local GTEx Portal all-associations files are unavailable, but eQTL Catalogue imported GTEx v8 tabix files provide complete regional per-variant eQTL statistics suitable for coloc extraction. Proceed with remote-tabix smoke test and then restricted coloc.
uc	ibd_direction_heterogeneity	2203	17	37361179	38880481	Tier 1	negative_local_rg	SMARCE1	ENSG00000073584	Colon_Transverse	A_local_Tier1_recurrent_SMR2	PASS	True	True	False	False	ftp://ftp.ebi.ac.uk/pub/databases/spot/eQTL/imported/GTEx_V8/ge/Colon_Transverse.tsv.gz	True	FEASIBLE_VIA_EQTL_CATALOGUE_REMOTE_TABIX	False	Local GTEx Portal all-associations files are unavailable, but eQTL Catalogue imported GTEx v8 tabix files provide complete regional per-variant eQTL statistics suitable for coloc extraction. Proceed with remote-tabix smoke test and then restricted coloc.
uc	ibd_direction_heterogeneity	2203	17	37361179	38880481	Tier 1	negative_local_rg	SMARCE1	ENSG00000073584	Skin_Not_Sun_Exposed_Suprapubic	A_local_Tier1_recurrent_SMR2	PASS	True	True	False	False	ftp://ftp.ebi.ac.uk/pub/databases/spot/eQTL/imported/GTEx_V8/ge/Skin_Not_Sun_Exposed_Suprapubic.tsv.gz	True	FEASIBLE_VIA_EQTL_CATALOGUE_REMOTE_TABIX	False	Local GTEx Portal all-associations files are unavailable, but eQTL Catalogue imported GTEx v8 tabix files provide complete regional per-variant eQTL statistics suitable for coloc extraction. Proceed with remote-tabix smoke test and then restricted coloc.
uc	ibd_direction_heterogeneity	2203	17	37361179	38880481	Tier 1	negative_local_rg	SMARCE1	ENSG00000073584	Skin_Sun_Exposed_Lower_leg	A_local_Tier1_recurrent_SMR2	PASS	True	True	False	False	ftp://ftp.ebi.ac.uk/pub/databases/spot/eQTL/imported/GTEx_V8/ge/Skin_Sun_Exposed_Lower_leg.tsv.gz	True	FEASIBLE_VIA_EQTL_CATALOGUE_REMOTE_TABIX	False	Local GTEx Portal all-associations files are unavailable, but eQTL Catalogue imported GTEx v8 tabix files provide complete regional per-variant eQTL statistics suitable for coloc extraction. Proceed with remote-tabix smoke test and then restricted coloc.
uc	ibd_direction_heterogeneity	2203	17	37361179	38880481	Tier 1	negative_local_rg	SMARCE1	ENSG00000073584	Spleen	A_local_Tier1_recurrent_SMR2	PASS	True	True	False	False	ftp://ftp.ebi.ac.uk/pub/databases/spot/eQTL/imported/GTEx_V8/ge/Spleen.tsv.gz	True	FEASIBLE_VIA_EQTL_CATALOGUE_REMOTE_TABIX	False	Local GTEx Portal all-associations files are unavailable, but eQTL Catalogue imported GTEx v8 tabix files provide complete regional per-variant eQTL statistics suitable for coloc extraction. Proceed with remote-tabix smoke test and then restricted coloc.
uc	ibd_direction_heterogeneity	2203	17	37361179	38880481	Tier 1	negative_local_rg	SMARCE1	ENSG00000073584	Whole_Blood	A_local_Tier1_recurrent_SMR2	PASS	True	True	False	False	ftp://ftp.ebi.ac.uk/pub/databases/spot/eQTL/imported/GTEx_V8/ge/Whole_Blood.tsv.gz	True	FEASIBLE_VIA_EQTL_CATALOGUE_REMOTE_TABIX	False	Local GTEx Portal all-associations files are unavailable, but eQTL Catalogue imported GTEx v8 tabix files provide complete regional per-variant eQTL statistics suitable for coloc extraction. Proceed with remote-tabix smoke test and then restricted coloc.
uc	ibd_direction_heterogeneity	2251	18	12735559	13641479	Tier 1	negative_local_rg	RP11-973H7.1	ENSG00000260302	Colon_Sigmoid	A_local_Tier1_recurrent_SMR2	PASS	True	True	False	False	ftp://ftp.ebi.ac.uk/pub/databases/spot/eQTL/imported/GTEx_V8/ge/Colon_Sigmoid.tsv.gz	True	FEASIBLE_VIA_EQTL_CATALOGUE_REMOTE_TABIX	False	Local GTEx Portal all-associations files are unavailable, but eQTL Catalogue imported GTEx v8 tabix files provide complete regional per-variant eQTL statistics suitable for coloc extraction. Proceed with remote-tabix smoke test and then restricted coloc.
uc	ibd_direction_heterogeneity	2251	18	12735559	13641479	Tier 1	negative_local_rg	RP11-973H7.1	ENSG00000260302	Colon_Transverse	A_local_Tier1_recurrent_SMR2	PASS	True	True	False	False	ftp://ftp.ebi.ac.uk/pub/databases/spot/eQTL/imported/GTEx_V8/ge/Colon_Transverse.tsv.gz	True	FEASIBLE_VIA_EQTL_CATALOGUE_REMOTE_TABIX	False	Local GTEx Portal all-associations files are unavailable, but eQTL Catalogue imported GTEx v8 tabix files provide complete regional per-variant eQTL statistics suitable for coloc extraction. Proceed with remote-tabix smoke test and then restricted coloc.
uc	ibd_direction_heterogeneity	2251	18	12735559	13641479	Tier 1	negative_local_rg	RP11-973H7.1	ENSG00000260302	Spleen	A_local_Tier1_recurrent_SMR2	PASS	True	True	False	False	ftp://ftp.ebi.ac.uk/pub/databases/spot/eQTL/imported/GTEx_V8/ge/Spleen.tsv.gz	True	FEASIBLE_VIA_EQTL_CATALOGUE_REMOTE_TABIX	False	Local GTEx Portal all-associations files are unavailable, but eQTL Catalogue imported GTEx v8 tabix files provide complete regional per-variant eQTL statistics suitable for coloc extraction. Proceed with remote-tabix smoke test and then restricted coloc.
uc	ibd_direction_heterogeneity	2251	18	12735559	13641479	Tier 1	negative_local_rg	RP11-973H7.1	ENSG00000260302	Whole_Blood	A_local_Tier1_recurrent_SMR2	PASS	True	True	False	False	ftp://ftp.ebi.ac.uk/pub/databases/spot/eQTL/imported/GTEx_V8/ge/Whole_Blood.tsv.gz	True	FEASIBLE_VIA_EQTL_CATALOGUE_REMOTE_TABIX	False	Local GTEx Portal all-associations files are unavailable, but eQTL Catalogue imported GTEx v8 tabix files provide complete regional per-variant eQTL statistics suitable for coloc extraction. Proceed with remote-tabix smoke test and then restricted coloc.
uc	ibd_direction_heterogeneity	57	1	66778016	67761890	Tier 1	negative_local_rg	SGIP1	ENSG00000118473	Skin_Sun_Exposed_Lower_leg	B_local_Tier1_single_tissue_SMR2	PASS	True	True	False	False	ftp://ftp.ebi.ac.uk/pub/databases/spot/eQTL/imported/GTEx_V8/ge/Skin_Sun_Exposed_Lower_leg.tsv.gz	True	FEASIBLE_VIA_EQTL_CATALOGUE_REMOTE_TABIX	False	Local GTEx Portal all-associations files are unavailable, but eQTL Catalogue imported GTEx v8 tabix files provide complete regional per-variant eQTL statistics suitable for coloc extraction. Proceed with remote-tabix smoke test and then restricted coloc.
uc	ibd_direction_heterogeneity	58	1	67761891	68633860	Tier 1	negative_local_rg	IL12RB2	ENSG00000081985	Whole_Blood	B_local_Tier1_single_tissue_SMR2	PASS	True	True	False	False	ftp://ftp.ebi.ac.uk/pub/databases/spot/eQTL/imported/GTEx_V8/ge/Whole_Blood.tsv.gz	True	FEASIBLE_VIA_EQTL_CATALOGUE_REMOTE_TABIX	False	Local GTEx Portal all-associations files are unavailable, but eQTL Catalogue imported GTEx v8 tabix files provide complete regional per-variant eQTL statistics suitable for coloc extraction. Proceed with remote-tabix smoke test and then restricted coloc.
uc	ibd_direction_heterogeneity	347	2	161432090	163607635	Tier 1	positive_local_rg	AC009299.3	ENSG00000227403	Spleen	B_local_Tier1_single_tissue_SMR2	PASS	True	True	False	False	ftp://ftp.ebi.ac.uk/pub/databases/spot/eQTL/imported/GTEx_V8/ge/Spleen.tsv.gz	True	FEASIBLE_VIA_EQTL_CATALOGUE_REMOTE_TABIX	False	Local GTEx Portal all-associations files are unavailable, but eQTL Catalogue imported GTEx v8 tabix files provide complete regional per-variant eQTL statistics suitable for coloc extraction. Proceed with remote-tabix smoke test and then restricted coloc.
uc	ibd_direction_heterogeneity	2203	17	37361179	38880481	Tier 1	negative_local_rg	IKZF3	ENSG00000161405	Whole_Blood	B_local_Tier1_single_tissue_SMR2	PASS	True	True	False	False	ftp://ftp.ebi.ac.uk/pub/databases/spot/eQTL/imported/GTEx_V8/ge/Whole_Blood.tsv.gz	True	FEASIBLE_VIA_EQTL_CATALOGUE_REMOTE_TABIX	False	Local GTEx Portal all-associations files are unavailable, but eQTL Catalogue imported GTEx v8 tabix files provide complete regional per-variant eQTL statistics suitable for coloc extraction. Proceed with remote-tabix smoke test and then restricted coloc.
uc	ibd_direction_heterogeneity	2203	17	37361179	38880481	Tier 1	negative_local_rg	PGAP3	ENSG00000161395	Skin_Sun_Exposed_Lower_leg	B_local_Tier1_single_tissue_SMR2	PASS	True	True	False	False	ftp://ftp.ebi.ac.uk/pub/databases/spot/eQTL/imported/GTEx_V8/ge/Skin_Sun_Exposed_Lower_leg.tsv.gz	True	FEASIBLE_VIA_EQTL_CATALOGUE_REMOTE_TABIX	False	Local GTEx Portal all-associations files are unavailable, but eQTL Catalogue imported GTEx v8 tabix files provide complete regional per-variant eQTL statistics suitable for coloc extraction. Proceed with remote-tabix smoke test and then restricted coloc.
uc	ibd_direction_heterogeneity	2203	17	37361179	38880481	Tier 1	negative_local_rg	PPP1R1B	ENSG00000131771	Skin_Not_Sun_Exposed_Suprapubic	B_local_Tier1_single_tissue_SMR2	PASS	True	True	False	False	ftp://ftp.ebi.ac.uk/pub/databases/spot/eQTL/imported/GTEx_V8/ge/Skin_Not_Sun_Exposed_Suprapubic.tsv.gz	True	FEASIBLE_VIA_EQTL_CATALOGUE_REMOTE_TABIX	False	Local GTEx Portal all-associations files are unavailable, but eQTL Catalogue imported GTEx v8 tabix files provide complete regional per-variant eQTL statistics suitable for coloc extraction. Proceed with remote-tabix smoke test and then restricted coloc.
uc	ibd_direction_heterogeneity	2203	17	37361179	38880481	Tier 1	negative_local_rg	STARD3	ENSG00000131748	Whole_Blood	B_local_Tier1_single_tissue_SMR2	PASS	True	True	False	False	ftp://ftp.ebi.ac.uk/pub/databases/spot/eQTL/imported/GTEx_V8/ge/Whole_Blood.tsv.gz	True	FEASIBLE_VIA_EQTL_CATALOGUE_REMOTE_TABIX	False	Local GTEx Portal all-associations files are unavailable, but eQTL Catalogue imported GTEx v8 tabix files provide complete regional per-variant eQTL statistics suitable for coloc extraction. Proceed with remote-tabix smoke test and then restricted coloc.
uc	ibd_direction_heterogeneity	2203	17	37361179	38880481	Tier 1	negative_local_rg	CTD-2267D19.3	ENSG00000266208	Skin_Sun_Exposed_Lower_leg	B_local_Tier1_single_tissue_SMR2	PASS	True	True	False	False	ftp://ftp.ebi.ac.uk/pub/databases/spot/eQTL/imported/GTEx_V8/ge/Skin_Sun_Exposed_Lower_leg.tsv.gz	True	FEASIBLE_VIA_EQTL_CATALOGUE_REMOTE_TABIX	False	Local GTEx Portal all-associations files are unavailable, but eQTL Catalogue imported GTEx v8 tabix files provide complete regional per-variant eQTL statistics suitable for coloc extraction. Proceed with remote-tabix smoke test and then restricted coloc.
uc	ibd_direction_heterogeneity	2203	17	37361179	38880481	Tier 1	negative_local_rg	CASC3	ENSG00000108349	Skin_Not_Sun_Exposed_Suprapubic	B_local_Tier1_single_tissue_SMR2	PASS	True	True	False	False	ftp://ftp.ebi.ac.uk/pub/databases/spot/eQTL/imported/GTEx_V8/ge/Skin_Not_Sun_Exposed_Suprapubic.tsv.gz	True	FEASIBLE_VIA_EQTL_CATALOGUE_REMOTE_TABIX	False	Local GTEx Portal all-associations files are unavailable, but eQTL Catalogue imported GTEx v8 tabix files provide complete regional per-variant eQTL statistics suitable for coloc extraction. Proceed with remote-tabix smoke test and then restricted coloc.
uc	ibd_direction_heterogeneity	2453	21	39252060	40480831	Tier 1	negative_local_rg	ETS2	ENSG00000157557	Whole_Blood	B_local_Tier1_single_tissue_SMR2	PASS	True	True	False	False	ftp://ftp.ebi.ac.uk/pub/databases/spot/eQTL/imported/GTEx_V8/ge/Whole_Blood.tsv.gz	True	FEASIBLE_VIA_EQTL_CATALOGUE_REMOTE_TABIX	False	Local GTEx Portal all-associations files are unavailable, but eQTL Catalogue imported GTEx v8 tabix files provide complete regional per-variant eQTL statistics suitable for coloc extraction. Proceed with remote-tabix smoke test and then restricted coloc.
uc	ibd_direction_heterogeneity	2453	21	39252060	40480831	Tier 1	negative_local_rg	AF064858.8	ENSG00000235888	Whole_Blood	B_local_Tier1_single_tissue_SMR2	PASS	True	True	False	False	ftp://ftp.ebi.ac.uk/pub/databases/spot/eQTL/imported/GTEx_V8/ge/Whole_Blood.tsv.gz	True	FEASIBLE_VIA_EQTL_CATALOGUE_REMOTE_TABIX	False	Local GTEx Portal all-associations files are unavailable, but eQTL Catalogue imported GTEx v8 tabix files provide complete regional per-variant eQTL statistics suitable for coloc extraction. Proceed with remote-tabix smoke test and then restricted coloc.
uc	ibd_direction_heterogeneity	2453	21	39252060	40480831	Tier 1	negative_local_rg	AF064858.7	ENSG00000232837	Whole_Blood	B_local_Tier1_single_tissue_SMR2	PASS	True	True	False	False	ftp://ftp.ebi.ac.uk/pub/databases/spot/eQTL/imported/GTEx_V8/ge/Whole_Blood.tsv.gz	True	FEASIBLE_VIA_EQTL_CATALOGUE_REMOTE_TABIX	False	Local GTEx Portal all-associations files are unavailable, but eQTL Catalogue imported GTEx v8 tabix files provide complete regional per-variant eQTL statistics suitable for coloc extraction. Proceed with remote-tabix smoke test and then restricted coloc.
uc	ibd_direction_heterogeneity	2412	20	48212976	49236418	Tier 2	positive_local_rg	RP11-290F20.3	ENSG00000224397	Skin_Not_Sun_Exposed_Suprapubic	B_local_Tier2_recurrent_SMR2	PASS	True	True	False	False	ftp://ftp.ebi.ac.uk/pub/databases/spot/eQTL/imported/GTEx_V8/ge/Skin_Not_Sun_Exposed_Suprapubic.tsv.gz	True	FEASIBLE_VIA_EQTL_CATALOGUE_REMOTE_TABIX	False	Local GTEx Portal all-associations files are unavailable, but eQTL Catalogue imported GTEx v8 tabix files provide complete regional per-variant eQTL statistics suitable for coloc extraction. Proceed with remote-tabix smoke test and then restricted coloc.
uc	ibd_direction_heterogeneity	2412	20	48212976	49236418	Tier 2	positive_local_rg	RP11-290F20.3	ENSG00000224397	Skin_Sun_Exposed_Lower_leg	B_local_Tier2_recurrent_SMR2	PASS	True	True	False	False	ftp://ftp.ebi.ac.uk/pub/databases/spot/eQTL/imported/GTEx_V8/ge/Skin_Sun_Exposed_Lower_leg.tsv.gz	True	FEASIBLE_VIA_EQTL_CATALOGUE_REMOTE_TABIX	False	Local GTEx Portal all-associations files are unavailable, but eQTL Catalogue imported GTEx v8 tabix files provide complete regional per-variant eQTL statistics suitable for coloc extraction. Proceed with remote-tabix smoke test and then restricted coloc.
uc	ibd_direction_heterogeneity	2412	20	48212976	49236418	Tier 2	positive_local_rg	SPATA2	ENSG00000158480	Skin_Sun_Exposed_Lower_leg	C_local_Tier2_single_tissue_SMR2	PASS	True	True	False	False	ftp://ftp.ebi.ac.uk/pub/databases/spot/eQTL/imported/GTEx_V8/ge/Skin_Sun_Exposed_Lower_leg.tsv.gz	True	FEASIBLE_VIA_EQTL_CATALOGUE_REMOTE_TABIX	False	Local GTEx Portal all-associations files are unavailable, but eQTL Catalogue imported GTEx v8 tabix files provide complete regional per-variant eQTL statistics suitable for coloc extraction. Proceed with remote-tabix smoke test and then restricted coloc.
uc	ibd_direction_heterogeneity	2412	20	48212976	49236418	Tier 2	positive_local_rg	SLC9A8	ENSG00000197818	Colon_Sigmoid	C_local_Tier2_single_tissue_SMR2	PASS	True	True	False	False	ftp://ftp.ebi.ac.uk/pub/databases/spot/eQTL/imported/GTEx_V8/ge/Colon_Sigmoid.tsv.gz	True	FEASIBLE_VIA_EQTL_CATALOGUE_REMOTE_TABIX	False	Local GTEx Portal all-associations files are unavailable, but eQTL Catalogue imported GTEx v8 tabix files provide complete regional per-variant eQTL statistics suitable for coloc extraction. Proceed with remote-tabix smoke test and then restricted coloc.
