source_table	donor_id	gsm	timepoint	tissue_state	baseline_primary	cell_type	F1_CORE_mean	F1_CORE_count	F1_EXTENDED_mean	F1_EXTENDED_count	F2_CORE_mean	F2_CORE_count	F2_EXTENDED_mean	F2_EXTENDED_count	F6_CORE_mean	F6_CORE_count	F6_EXTENDED_mean	F6_EXTENDED_count	F7_CORE_mean	F7_CORE_count	F7_EXTENDED_mean	F7_EXTENDED_count	axis	program_type	n_donors	mean_LS_minus_NL	bootstrap_ci_low	bootstrap_ci_high	signflip_p	fdr_by_program_type	dominant_cell_type	dominant_mean_score	secondary_cell_type	secondary_mean_score	specificity_delta_vs_second	n_cell_types_observed	core_extended_pseudobulk_spearman	n_donor_celltype_units	contrast	mean_treatment_shift
GSE228421_donor_celltype_axis_scores.tsv	P1	GSM7120449	baseline	lesional	True	B_cell	0.236649538196497	41.0	0.1756659833787016	41.0	0.1290234737044108	41.0	0.1341306604069601	41.0	0.3459213250910264	41.0	0.3400228005475536	41.0	1.325975239869679	41.0	0.7451138296791632	41.0																		
GSE228421_donor_celltype_axis_scores.tsv	P1	GSM7120449	baseline	lesional	True	NK_cell	0.2555137426332185	27.0	0.190038540968385	27.0	0.1427103449577607	27.0	0.1476323008200644	27.0	0.3561770632129715	27.0	0.3444301716025582	27.0	1.3414745504798784	27.0	0.7597472546552709	27.0																		
GSE228421_donor_celltype_axis_scores.tsv	P1	GSM7120449	baseline	lesional	True	T_cell	0.2698717934647823	36.0	0.2009301751862065	36.0	0.156021540010656	36.0	0.1566850369815669	36.0	0.3577758399408139	36.0	0.3458979299447422	36.0	1.2397461746313017	36.0	0.7122583588455388	36.0																		
GSE228421_donor_celltype_axis_scores.tsv	P1	GSM7120449	baseline	lesional	True	dendritic	0.262556985007635	23.0	0.2092035244615781	23.0	0.1614771462081031	23.0	0.1657355461661077	23.0	0.3773057213359314	23.0	0.3664520790126829	23.0	1.293863709521353	23.0	0.7659307053160048	23.0																		
GSE228421_donor_celltype_axis_scores.tsv	P1	GSM7120449	baseline	lesional	True	endothelial	0.3009765924734005	294.0	0.227390453696434	294.0	0.1797442994199427	294.0	0.1907298385924181	294.0	0.3707487514690806	294.0	0.350144707668401	294.0	1.240075933438152	294.0	0.7121238298367737	294.0																		
GSE228421_donor_celltype_axis_scores.tsv	P1	GSM7120449	baseline	lesional	True	fibroblast	0.3061062792464173	1082.0	0.2365775476903919	1082.0	0.170770390302806	1082.0	0.1955827499189482	1082.0	0.3489264571065754	1082.0	0.3348099387336648	1082.0	1.1507985835434884	1082.0	0.6672758396068044	1082.0																		
GSE228421_donor_celltype_axis_scores.tsv	P1	GSM7120449	baseline	lesional	True	keratinocyte	0.3391143621940615	11054.0	0.2356323069604675	11054.0	0.1421058335283422	11054.0	0.156769665511898	11054.0	0.3915402903687122	11054.0	0.3687012944299175	11054.0	1.1749063897829757	11054.0	0.6742861319356449	11054.0																		
GSE228421_donor_celltype_axis_scores.tsv	P1	GSM7120449	baseline	lesional	True	mast_cell	0.1552045969816822	255.0	0.0929718401449032	255.0	0.0551102386199853	255.0	0.0690196368914528	255.0	0.1530107524245986	255.0	0.1416194286270457	255.0	0.7416042345974305	255.0	0.396744418827529	255.0																		
GSE228421_donor_celltype_axis_scores.tsv	P1	GSM7120449	baseline	lesional	True	melanocyte	0.384616005488002	151.0	0.2799739637986286	151.0	0.1778517244727098	151.0	0.1925526334227911	151.0	0.4233812261421679	151.0	0.3676553388425856	151.0	1.0540896523556953	151.0	0.632071379083996	151.0																		
GSE228421_donor_celltype_axis_scores.tsv	P1	GSM7120449	baseline	lesional	True	myeloid_monocyte	0.2565818144255243	729.0	0.196320229691244	729.0	0.1475550398184203	729.0	0.1542568509046827	729.0	0.3706032657085578	729.0	0.3311842337361607	729.0	1.1763448563883108	729.0	0.6921176235432295	729.0																		
GSE228421_donor_celltype_axis_scores.tsv	P1	GSM7120449	baseline	lesional	True	pericyte_smooth_muscle	0.3013667164861512	514.0	0.2271743621540991	514.0	0.1803906266635336	514.0	0.1919748308404595	514.0	0.3651924903287177	514.0	0.3562515541620641	514.0	1.2391199080798414	514.0	0.7017815141487226	514.0																		
GSE228421_donor_celltype_axis_scores.tsv	P1	GSM7120450	baseline	nonlesional	True	B_cell	0.2641597023268047	391.0	0.1974559212110861	391.0	0.147787983612972	391.0	0.1659215142880389	391.0	0.3167646149604038	391.0	0.3207150842977209	391.0	1.1351968188059471	391.0	0.6450424671275041	391.0																		
GSE228421_donor_celltype_axis_scores.tsv	P1	GSM7120450	baseline	nonlesional	True	NK_cell	0.2154550254123533	18.0	0.1641672145195881	18.0	0.1211047863575008	18.0	0.132577470775662	18.0	0.2755849897462859	18.0	0.2960499511122994	18.0	1.1794717241458523	18.0	0.6697438029414091	18.0																		
GSE228421_donor_celltype_axis_scores.tsv	P1	GSM7120450	baseline	nonlesional	True	T_cell	0.2081607910386952	252.0	0.1580861488843932	252.0	0.1193804491446502	252.0	0.1270432233504042	252.0	0.2688925448380823	252.0	0.2849469149140609	252.0	1.191023319516522	252.0	0.6588517524916124	252.0																		
GSE228421_donor_celltype_axis_scores.tsv	P1	GSM7120450	baseline	nonlesional	True	dendritic	0.2551913716306212	95.0	0.2011811252912224	95.0	0.1555416887584033	95.0	0.1653408902791424	95.0	0.3431570659664753	95.0	0.3433442931394149	95.0	1.199892508288906	95.0	0.7039827538101542	95.0																		
GSE228421_donor_celltype_axis_scores.tsv	P1	GSM7120450	baseline	nonlesional	True	endothelial	0.2839003353937961	815.0	0.2192105706514251	815.0	0.1695086258938806	815.0	0.1863173666040876	815.0	0.3418514892493957	815.0	0.3462161931159628	815.0	1.2412015796466127	815.0	0.7017014877602392	815.0																		
GSE228421_donor_celltype_axis_scores.tsv	P1	GSM7120450	baseline	nonlesional	True	fibroblast	0.3029729350026435	1576.0	0.237429287701451	1576.0	0.1711762538847841	1576.0	0.2000496937433547	1576.0	0.3126818627372127	1576.0	0.3219841858605941	1576.0	1.1096128685307394	1576.0	0.638743567002561	1576.0																		
GSE228421_donor_celltype_axis_scores.tsv	P1	GSM7120450	baseline	nonlesional	True	keratinocyte	0.3164280021160927	4015.0	0.2236419665250069	4015.0	0.1336191440895053	4015.0	0.1535902579386513	4015.0	0.3438141186006308	4015.0	0.3302405234474544	4015.0	1.266416746435866	4015.0	0.7045578690139606	4015.0																		
GSE228421_donor_celltype_axis_scores.tsv	P1	GSM7120450	baseline	nonlesional	True	mast_cell	0.1974431061513087	227.0	0.121309441102753	227.0	0.0724875271445626	227.0	0.0899253909179006	227.0	0.1934664288208574	227.0	0.1953358101233275	227.0	1.0161513906582371	227.0	0.5406173164707792	227.0																		
GSE228421_donor_celltype_axis_scores.tsv	P1	GSM7120450	baseline	nonlesional	True	melanocyte	0.3875421112600002	188.0	0.2877478134571347	188.0	0.1852856343608478	188.0	0.2052371430757892	188.0	0.4053402116631566	188.0	0.3748535345897162	188.0	1.1370521174821973	188.0	0.6727094828028618	188.0																		
GSE228421_donor_celltype_axis_scores.tsv	P1	GSM7120450	baseline	nonlesional	True	myeloid_monocyte	0.2420975747484776	73.0	0.1810320416083276	73.0	0.133541179605269	73.0	0.149365987329091	73.0	0.3124931766882802	73.0	0.2977091892191993	73.0	1.0184741886197033	73.0	0.5990082626982052	73.0																		
GSE228421_donor_celltype_axis_scores.tsv	P1	GSM7120450	baseline	nonlesional	True	pericyte_smooth_muscle	0.2756859264472532	907.0	0.2119332889772453	907.0	0.1566258603844579	907.0	0.1761481757926303	907.0	0.3121724268242326	907.0	0.3321528219906389	907.0	1.1936076958651596	907.0	0.6691655897076009	907.0																		
GSE228421_donor_celltype_axis_scores.tsv	P1	GSM7120450	baseline	nonlesional	True	unassigned	0.1923099225823361	20.0	0.1248214830791581	20.0	0.0715290844998875	20.0	0.0897044678681867	20.0	0.1592637421544761	20.0	0.1649842435832003	20.0	0.6635053940892301	20.0	0.3706305912148221	20.0																		
GSE228421_donor_celltype_axis_scores.tsv	P1	GSM7120451	day3	lesional	False	B_cell	0.246902669384399	269.0	0.1838876771118923	269.0	0.1311492747078886	269.0	0.1402798374729297	269.0	0.3351869743058248	269.0	0.3321252224957063	269.0	1.3383364500490953	269.0	0.7481718315460999	269.0																		
GSE228421_donor_celltype_axis_scores.tsv	P1	GSM7120451	day3	lesional	False	NK_cell	0.222781914331623	14.0	0.1646263555669793	14.0	0.1239481560876406	14.0	0.1279192712775422	14.0	0.3160126841130211	14.0	0.3054712593607501	14.0	1.2146391077819338	14.0	0.6794228838732143	14.0																		
GSE228421_donor_celltype_axis_scores.tsv	P1	GSM7120451	day3	lesional	False	T_cell	0.2456576541428189	125.0	0.1856785634825108	125.0	0.1436013131784899	125.0	0.145857041385818	125.0	0.3386074422309335	125.0	0.3373682030104317	125.0	1.2524890082498303	125.0	0.7076174292662085	125.0																		
GSE228421_donor_celltype_axis_scores.tsv	P1	GSM7120451	day3	lesional	False	dendritic	0.2617974104886096	115.0	0.2094947232978399	115.0	0.1623154695593223	115.0	0.1671574060122697	115.0	0.381931250240604	115.0	0.3726813666190195	115.0	1.345373857285821	115.0	0.793004527318224	115.0																		
GSE228421_donor_celltype_axis_scores.tsv	P1	GSM7120451	day3	lesional	False	endothelial	0.3130209521900546	819.0	0.2308938822421999	819.0	0.1768592741998473	819.0	0.1927410245124148	819.0	0.3655819039031153	819.0	0.3507568205788388	819.0	1.280704345059224	819.0	0.7293176229509273	819.0																		
GSE228421_donor_celltype_axis_scores.tsv	P1	GSM7120451	day3	lesional	False	fibroblast	0.3089557652825466	2494.0	0.2369161058646335	2494.0	0.1679342135755272	2494.0	0.1967521606250891	2494.0	0.3343332055745681	2494.0	0.3287730470614242	2494.0	1.2067077597221223	2494.0	0.6918163057072085	2494.0																		
GSE228421_donor_celltype_axis_scores.tsv	P1	GSM7120451	day3	lesional	False	keratinocyte	0.3629622984983264	6809.0	0.2492441409024185	6809.0	0.1458197610714486	6809.0	0.1661083566674462	6809.0	0.3913015354598416	6809.0	0.368258543146239	6809.0	1.247301584022698	6809.0	0.7114318602609868	6809.0																		
GSE228421_donor_celltype_axis_scores.tsv	P1	GSM7120451	day3	lesional	False	mast_cell	0.1492717048984623	351.0	0.0879558308766575	351.0	0.049959352642966	351.0	0.0642908911456756	351.0	0.1398130443314413	351.0	0.1305292044092048	351.0	0.7319224941474833	351.0	0.3867600649205797	351.0																		
GSE228421_donor_celltype_axis_scores.tsv	P1	GSM7120451	day3	lesional	False	melanocyte	0.3909457767549786	170.0	0.2742962428099639	170.0	0.1644996282374825	170.0	0.1881031104586605	170.0	0.3885036862578142	170.0	0.3439507292830202	170.0	0.9927515027987118	170.0	0.595498300487445	170.0																		
GSE228421_donor_celltype_axis_scores.tsv	P1	GSM7120451	day3	lesional	False	myeloid_monocyte	0.2528845107080132	939.0	0.1954370473589084	939.0	0.1458520352449966	939.0	0.1558605708308551	939.0	0.3592067769733039	939.0	0.3314329676400742	939.0	1.2104076002596795	939.0	0.7079977008200329	939.0																		
GSE228421_donor_celltype_axis_scores.tsv	P1	GSM7120451	day3	lesional	False	pericyte_smooth_muscle	0.3047160309148952	874.0	0.2276809926178593	874.0	0.1733233802135863	874.0	0.1887216069959	874.0	0.3592375897151459	874.0	0.3525497832023211	874.0	1.2571442267957031	874.0	0.7092508676124372	874.0																		
GSE228421_donor_celltype_axis_scores.tsv	P1	GSM7120451	day3	lesional	False	unassigned	0.1389385296971167	1.0	0.0753493700959493	1.0	0.0407478373098195	1.0	0.0581223524395087	1.0	0.1140120248653744	1.0	0.136294961829978	1.0	0.7973522208900317	1.0	0.4011887753065901	1.0																		
GSE228421_donor_celltype_axis_scores.tsv	P1	GSM7120452	day14	lesional	False	B_cell	0.2917356447545173	796.0	0.1952232827626507	796.0	0.1276104489245405	796.0	0.1527694821148537	796.0	0.2993814652626562	796.0	0.2992730929331066	796.0	1.2204131568382188	796.0	0.6784026050130819	796.0																		
GSE228421_donor_celltype_axis_scores.tsv	P1	GSM7120452	day14	lesional	False	NK_cell	0.281099602487009	18.0	0.1968689202746474	18.0	0.137744352658543	18.0	0.1540008908092255	18.0	0.3314103929679489	18.0	0.3137036095881191	18.0	1.230507702521358	18.0	0.7007863624620039	18.0																		
GSE228421_donor_celltype_axis_scores.tsv	P1	GSM7120452	day14	lesional	False	T_cell	0.2650538856841305	120.0	0.1871496888538378	120.0	0.1279383610487962	120.0	0.1428741704940851	120.0	0.3124564538014607	120.0	0.315749047897953	120.0	1.2417863826010265	120.0	0.6986368282427253	120.0																		
GSE228421_donor_celltype_axis_scores.tsv	P1	GSM7120452	day14	lesional	False	dendritic	0.2941551139588784	82.0	0.2162143992139717	82.0	0.1514103551877364	82.0	0.1700936016563739	82.0	0.3733165570065426	82.0	0.3572832633642904	82.0	1.2704831579432223	82.0	0.760683401921971	82.0																		
GSE228421_donor_celltype_axis_scores.tsv	P1	GSM7120452	day14	lesional	False	endothelial	0.3125765717649017	1289.0	0.2153588674353986	1289.0	0.1491591995059276	1289.0	0.1729636206448302	1289.0	0.3209780203957177	1289.0	0.318135552448253	1289.0	1.2391668498811312	1289.0	0.6936379042077623	1289.0																		
GSE228421_donor_celltype_axis_scores.tsv	P1	GSM7120452	day14	lesional	False	fibroblast	0.3334106846324354	1996.0	0.2481888789381863	1996.0	0.1673911516359463	1996.0	0.2041282871661382	1996.0	0.3379819403785417	1996.0	0.3358950938591958	1996.0	1.161291569264863	1996.0	0.6720798137152014	1996.0																		
GSE228421_donor_celltype_axis_scores.tsv	P1	GSM7120452	day14	lesional	False	keratinocyte	0.379125543429723	5707.0	0.2643558879648849	5707.0	0.1550941109015904	5707.0	0.1775776720729473	5707.0	0.4136309766567527	5707.0	0.3882543860859273	5707.0	1.3106483146414407	5707.0	0.7483644868753966	5707.0																		
GSE228421_donor_celltype_axis_scores.tsv	P1	GSM7120452	day14	lesional	False	mast_cell	0.227817715968291	270.0	0.1247823297352077	270.0	0.0625800457667519	270.0	0.0901296413917354	270.0	0.1885739468134663	270.0	0.1765661478047876	270.0	0.8162679026591539	270.0	0.4425872301439024	270.0																		
GSE228421_donor_celltype_axis_scores.tsv	P1	GSM7120452	day14	lesional	False	melanocyte	0.4258700191655033	417.0	0.3086573535454249	417.0	0.1890340201293249	417.0	0.2074821515902431	417.0	0.4654157223036824	417.0	0.4111024579500298	417.0	1.1523447639314204	417.0	0.6961327695850344	417.0																		
GSE228421_donor_celltype_axis_scores.tsv	P1	GSM7120452	day14	lesional	False	myeloid_monocyte	0.2814607336093375	86.0	0.1985310277733965	86.0	0.1352053082170606	86.0	0.1585185936024196	86.0	0.3271991894835274	86.0	0.3071685310714273	86.0	1.0771660340886968	86.0	0.6429927400630063	86.0																		
GSE228421_donor_celltype_axis_scores.tsv	P1	GSM7120452	day14	lesional	False	pericyte_smooth_muscle	0.323331794013025	1260.0	0.2302499347591911	1260.0	0.1593830961539591	1260.0	0.1883350669989342	1260.0	0.3389707844911351	1260.0	0.3520548005244848	1260.0	1.238119964052368	1260.0	0.700973636596209	1260.0																		
GSE228421_donor_celltype_axis_scores.tsv	P1	GSM7120452	day14	lesional	False	unassigned	0.2348092203238367	22.0	0.1314788782654517	22.0	0.0598055810199766	22.0	0.0946876550151652	22.0	0.1622259008973259	22.0	0.1544479596190865	22.0	0.6754743375367634	22.0	0.3660331120209221	22.0																		
GSE228421_donor_celltype_axis_scores.tsv	P2	GSM7120453	baseline	lesional	True	B_cell	0.2432871641208724	661.0	0.1669801083649345	661.0	0.1130925272189171	661.0	0.129676383673908	661.0	0.2914410360785191	661.0	0.2898730840190207	661.0	1.1333847758087774	661.0	0.6382515288323819	661.0																		
GSE228421_donor_celltype_axis_scores.tsv	P2	GSM7120453	baseline	lesional	True	NK_cell	0.2497169078255129	40.0	0.1729657012890343	40.0	0.1184368610009215	40.0	0.131758599343447	40.0	0.2997547286904655	40.0	0.313475354535388	40.0	1.2211319992900445	40.0	0.6957034533021899	40.0																		
GSE228421_donor_celltype_axis_scores.tsv	P2	GSM7120453	baseline	lesional	True	T_cell	0.2532831394382393	48.0	0.1723553305850276	48.0	0.1226262989692364	48.0	0.1322762184735522	48.0	0.298965029559572	48.0	0.2959478281716339	48.0	1.069007800567883	48.0	0.6071786860760908	48.0																		
GSE228421_donor_celltype_axis_scores.tsv	P2	GSM7120453	baseline	lesional	True	dendritic	0.2566745499556657	153.0	0.1852746084466915	153.0	0.1345150246614086	153.0	0.150432766439519	153.0	0.3238392174533712	153.0	0.3158436430433762	153.0	1.1341004326236397	153.0	0.6712497110454066	153.0																		
GSE228421_donor_celltype_axis_scores.tsv	P2	GSM7120453	baseline	lesional	True	endothelial	0.258261427307724	1122.0	0.1808854073228985	1122.0	0.1328555358086684	1122.0	0.1516292494700769	1122.0	0.2817366898728979	1122.0	0.2752815798095258	1122.0	1.0385549504324123	1122.0	0.5878081731504036	1122.0																		
GSE228421_donor_celltype_axis_scores.tsv	P2	GSM7120453	baseline	lesional	True	fibroblast	0.2682228503336659	2882.0	0.2032994461872403	2882.0	0.1447748543312342	2882.0	0.1710675440844029	2882.0	0.2902390124417965	2882.0	0.2828737391288828	2882.0	0.98076063759408	2882.0	0.5702443819971506	2882.0																		
GSE228421_donor_celltype_axis_scores.tsv	P2	GSM7120453	baseline	lesional	True	keratinocyte	0.3118719253433613	5148.0	0.2062897960768675	5148.0	0.1156186084671919	5148.0	0.1383139034375555	5148.0	0.3134299338455091	5148.0	0.2968525942333861	5148.0	1.0053840438503243	5148.0	0.5750569302286767	5148.0																		
GSE228421_donor_celltype_axis_scores.tsv	P2	GSM7120453	baseline	lesional	True	mast_cell	0.173236440086795	287.0	0.0912634661229591	287.0	0.0450043797926867	287.0	0.0686064888694518	287.0	0.1271285851650876	287.0	0.1224567807107256	287.0	0.6484239802931591	287.0	0.3451744123331628	287.0																		
GSE228421_donor_celltype_axis_scores.tsv	P2	GSM7120453	baseline	lesional	True	melanocyte	0.3633408716267298	155.0	0.2585163951892714	155.0	0.1574943775172922	155.0	0.1708261904791791	155.0	0.4004072436184154	155.0	0.3383224971900551	155.0	0.9692459126341236	155.0	0.584162725300156	155.0																		
GSE228421_donor_celltype_axis_scores.tsv	P2	GSM7120453	baseline	lesional	True	myeloid_monocyte	0.2271227188092262	1346.0	0.162491769514369	1346.0	0.1163789582448107	1346.0	0.1336911786802697	1346.0	0.28908455025219	1346.0	0.2639067895016705	1346.0	0.9791918940682548	1346.0	0.5781395444960912	1346.0																		
GSE228421_donor_celltype_axis_scores.tsv	P2	GSM7120453	baseline	lesional	True	pericyte_smooth_muscle	0.29016641943307	686.0	0.2089651956952138	686.0	0.1532195646328689	686.0	0.176339499739828	686.0	0.3219570087072673	686.0	0.3224631675497629	686.0	1.145950922477858	686.0	0.6497035021006617	686.0																		
GSE228421_donor_celltype_axis_scores.tsv	P2	GSM7120453	baseline	lesional	True	unassigned	0.0871562135641175	4.0	0.0543886884964668	4.0	0.039874719480424	4.0	0.0441060708097396	4.0	0.0898976509023796	4.0	0.1045929335651464	4.0	0.69681343551705	4.0	0.3464267128195321	4.0																		
GSE228421_donor_celltype_axis_scores.tsv	P2	GSM7120454	baseline	nonlesional	True	B_cell	0.266222106922784	589.0	0.1773688233209374	589.0	0.1160491640092732	589.0	0.141112183366158	589.0	0.2819693235057537	589.0	0.2787143262569779	589.0	1.0945166178811505	589.0	0.6166792232203826	589.0																		
GSE228421_donor_celltype_axis_scores.tsv	P2	GSM7120454	baseline	nonlesional	True	NK_cell	0.3344229175174111	1.0	0.1887213184400918	1.0	0.1074585043298058	1.0	0.1414989364937515	1.0	0.2319246549296651	1.0	0.2461243949368758	1.0	0.8438026301007276	1.0	0.5188962073897005	1.0																		
GSE228421_donor_celltype_axis_scores.tsv	P2	GSM7120454	baseline	nonlesional	True	T_cell	0.2687940413479389	24.0	0.1849882792825945	24.0	0.1332487041298401	24.0	0.1418338150882953	24.0	0.3176778066894661	24.0	0.31090997811839	24.0	1.2245742284610974	24.0	0.692338522270589	24.0																		
GSE228421_donor_celltype_axis_scores.tsv	P2	GSM7120454	baseline	nonlesional	True	dendritic	0.2888152482837291	158.0	0.2078772519528684	158.0	0.1479947210938005	158.0	0.1638106382842458	158.0	0.3700452784333757	158.0	0.3461862072910748	158.0	1.2192125555522688	158.0	0.7199219274571934	158.0																		
GSE228421_donor_celltype_axis_scores.tsv	P2	GSM7120454	baseline	nonlesional	True	endothelial	0.2825481967259933	818.0	0.1988556217569739	818.0	0.1404668421074203	818.0	0.1614948327844812	818.0	0.3037597447401644	818.0	0.3032561483284076	818.0	1.194680523488605	818.0	0.6694550631106526	818.0																		
GSE228421_donor_celltype_axis_scores.tsv	P2	GSM7120454	baseline	nonlesional	True	fibroblast	0.3050032829436649	2804.0	0.2340253798181758	2804.0	0.1631996080399722	2804.0	0.1949333834491684	2804.0	0.3268447989496196	2804.0	0.3359176978812361	2804.0	1.1905506599949862	2804.0	0.6847313864626658	2804.0																		
GSE228421_donor_celltype_axis_scores.tsv	P2	GSM7120454	baseline	nonlesional	True	keratinocyte	0.2908077631690872	6168.0	0.1901860229262306	6168.0	0.1063649888296957	6168.0	0.1288811541789923	6168.0	0.2817756653169768	6168.0	0.2639775758271744	6168.0	0.9877585604054502	6168.0	0.5558237268430132	6168.0																		
GSE228421_donor_celltype_axis_scores.tsv	P2	GSM7120454	baseline	nonlesional	True	mast_cell	0.226452179944937	206.0	0.1231738766212092	206.0	0.0635799087834421	206.0	0.0919706620770288	206.0	0.1835446245289202	206.0	0.1827629102931247	206.0	0.962283361674078	206.0	0.5112126043868996	206.0																		
GSE228421_donor_celltype_axis_scores.tsv	P2	GSM7120454	baseline	nonlesional	True	melanocyte	0.3947481983735963	554.0	0.2801083306951626	554.0	0.1695368535557133	554.0	0.1878738275491726	554.0	0.4137758586358752	554.0	0.3614671811260804	554.0	1.0789457693474087	554.0	0.6460492580176732	554.0																		
GSE228421_donor_celltype_axis_scores.tsv	P2	GSM7120454	baseline	nonlesional	True	myeloid_monocyte	0.278539020501389	339.0	0.2026056115345956	339.0	0.1440382635869041	339.0	0.1628229737457881	339.0	0.3522585396452471	339.0	0.3219151715454766	339.0	1.1114853052988785	339.0	0.6620311497404443	339.0																		
GSE228421_donor_celltype_axis_scores.tsv	P2	GSM7120454	baseline	nonlesional	True	pericyte_smooth_muscle	0.3086589330765824	1132.0	0.2260595992689021	1132.0	0.157263825193165	1132.0	0.1842927251954339	1132.0	0.3413410288455353	1132.0	0.3537557170582959	1132.0	1.2559163020752482	1132.0	0.7080604884885144	1132.0																		
GSE228421_donor_celltype_axis_scores.tsv	P2	GSM7120454	baseline	nonlesional	True	unassigned	0.2273186923538663	32.0	0.1224365459475398	32.0	0.0603046447806375	32.0	0.0889212656633586	32.0	0.1647470085106386	32.0	0.1722623893720072	32.0	0.9289575841270444	32.0	0.4902416052403764	32.0																		
GSE228421_donor_celltype_axis_scores.tsv	P2	GSM7120455	day3	lesional	False	B_cell	0.2625158705243887	501.0	0.1801319564506634	501.0	0.1209673090759214	501.0	0.1374355996018097	501.0	0.3133843303728837	501.0	0.3114266414169914	501.0	1.2928777576911634	501.0	0.7219826630934804	501.0																		
GSE228421_donor_celltype_axis_scores.tsv	P2	GSM7120455	day3	lesional	False	NK_cell	0.2620617206357047	31.0	0.1824549814206707	31.0	0.1238823711358993	31.0	0.1421543918693545	31.0	0.3273019943919938	31.0	0.3312422397614735	31.0	1.3274243224071742	31.0	0.7498529620951957	31.0																		
GSE228421_donor_celltype_axis_scores.tsv	P2	GSM7120455	day3	lesional	False	T_cell	0.2683957241074827	92.0	0.1841832197134806	92.0	0.1335257830710166	92.0	0.1427797690384078	92.0	0.3259174513484998	92.0	0.3188585382277454	92.0	1.206023815256433	92.0	0.6822186271924968	92.0																		
GSE228421_donor_celltype_axis_scores.tsv	P2	GSM7120455	day3	lesional	False	dendritic	0.2557130958013738	89.0	0.1928326054706425	89.0	0.1452611591404086	89.0	0.1577275186005876	89.0	0.3438176543020402	89.0	0.3355808091588402	89.0	1.2488462080936409	89.0	0.7274359493720542	89.0																		
GSE228421_donor_celltype_axis_scores.tsv	P2	GSM7120455	day3	lesional	False	endothelial	0.2898605761408476	948.0	0.1973685328460269	948.0	0.1401512987043933	948.0	0.1602576370641958	948.0	0.3025879196466169	948.0	0.2891888561780501	948.0	1.1277968492734718	948.0	0.6340426716436054	948.0																		
GSE228421_donor_celltype_axis_scores.tsv	P2	GSM7120455	day3	lesional	False	fibroblast	0.31759156542592	1261.0	0.2355065092669742	1261.0	0.1659303711131957	1261.0	0.1926079925232063	1261.0	0.3396395433041142	1261.0	0.3258415219176735	1261.0	1.1752366297237569	1261.0	0.6758873615816744	1261.0																		
GSE228421_donor_celltype_axis_scores.tsv	P2	GSM7120455	day3	lesional	False	keratinocyte	0.3577361457058397	5656.0	0.2363149982565008	5656.0	0.1334884045479948	5656.0	0.1556067191158093	5656.0	0.3673815391830626	5656.0	0.3376354596447414	5656.0	1.132656041659705	5656.0	0.6484714889423211	5656.0																		
GSE228421_donor_celltype_axis_scores.tsv	P2	GSM7120455	day3	lesional	False	mast_cell	0.2023370151377453	155.0	0.1067102428035889	155.0	0.0524358315128989	155.0	0.0798349454921313	155.0	0.1498992335844475	155.0	0.1439132199478609	155.0	0.8340702923789283	155.0	0.4372123870675091	155.0																		
GSE228421_donor_celltype_axis_scores.tsv	P2	GSM7120455	day3	lesional	False	melanocyte	0.3884047508411472	205.0	0.2749235033671436	205.0	0.1682134064906292	205.0	0.1829789941429469	205.0	0.4129113117288483	205.0	0.3554506860242888	205.0	1.0821156252824276	205.0	0.6449268473123277	205.0																		
GSE228421_donor_celltype_axis_scores.tsv	P2	GSM7120455	day3	lesional	False	myeloid_monocyte	0.2608192122905439	1224.0	0.1885786313821682	1224.0	0.1364183104177851	1224.0	0.1522194840453694	1224.0	0.3339744971985692	1224.0	0.3082385034455241	1224.0	1.1653243017543098	1224.0	0.6795948054775796	1224.0																		
GSE228421_donor_celltype_axis_scores.tsv	P2	GSM7120455	day3	lesional	False	pericyte_smooth_muscle	0.3224378794661878	732.0	0.2267691236867786	732.0	0.1648665807808579	732.0	0.187943042032237	732.0	0.3487034272162132	732.0	0.3426978869132109	732.0	1.2630190808648465	732.0	0.7077757802769806	732.0																		
GSE228421_donor_celltype_axis_scores.tsv	P2	GSM7120455	day3	lesional	False	unassigned	0.2354023810878502	1.0	0.1137314439716314	1.0	0.0424594831343394	1.0	0.0799793773554486	1.0	0.1734270487558885	1.0	0.1998447736023349	1.0	1.0739952980373817	1.0	0.5306894845715237	1.0																		
GSE228421_donor_celltype_axis_scores.tsv	P2	GSM7120456	day14	lesional	False	B_cell	0.2756231925055372	625.0	0.18996880581068	625.0	0.127066573386107	625.0	0.1459252928397293	625.0	0.3197517922798324	625.0	0.3253566296431307	625.0	1.2707124856858885	625.0	0.7136909329898633	625.0																		
GSE228421_donor_celltype_axis_scores.tsv	P2	GSM7120456	day14	lesional	False	NK_cell	0.2733865929831122	46.0	0.1905730428066246	46.0	0.1245825323981383	46.0	0.1439238886853446	46.0	0.3189130790333798	46.0	0.3292531472897691	46.0	1.2903340693206893	46.0	0.7347513410223165	46.0																		
GSE228421_donor_celltype_axis_scores.tsv	P2	GSM7120456	day14	lesional	False	T_cell	0.2540652752410177	211.0	0.1715844759886426	211.0	0.1166160396807666	211.0	0.1312877438774328	211.0	0.2880550753439622	211.0	0.296910223118153	211.0	1.1679025813851152	211.0	0.6528972556004821	211.0																		
GSE228421_donor_celltype_axis_scores.tsv	P2	GSM7120456	day14	lesional	False	dendritic	0.2771299201866944	220.0	0.205745637646396	220.0	0.1534099679499969	220.0	0.1664507435600681	220.0	0.3629794943705682	220.0	0.3539457736579582	220.0	1.2512647186358157	220.0	0.7368544510104457	220.0																		
GSE228421_donor_celltype_axis_scores.tsv	P2	GSM7120456	day14	lesional	False	endothelial	0.3176886662667055	738.0	0.218928604435164	738.0	0.1557122516237137	738.0	0.1789972868574577	738.0	0.3315574595665409	738.0	0.3255305169607611	738.0	1.1695981722708926	738.0	0.6644391284231949	738.0																		
GSE228421_donor_celltype_axis_scores.tsv	P2	GSM7120456	day14	lesional	False	fibroblast	0.3187711560473524	2294.0	0.2393163690894251	2294.0	0.1638886544513045	2294.0	0.1960181517911429	2294.0	0.3365844044199595	2294.0	0.3362022188568071	2294.0	1.1839239083901212	2294.0	0.6814700429200853	2294.0																		
GSE228421_donor_celltype_axis_scores.tsv	P2	GSM7120456	day14	lesional	False	keratinocyte	0.3704857660622299	8779.0	0.2479396146231221	8779.0	0.1394323894683222	8779.0	0.1639666956726396	8779.0	0.3744710311070153	8779.0	0.3564259700479532	8779.0	1.170256564086825	8779.0	0.6696342876540032	8779.0																		
GSE228421_donor_celltype_axis_scores.tsv	P2	GSM7120456	day14	lesional	False	mast_cell	0.2045785044780308	302.0	0.1130237480191917	302.0	0.0564379386414948	302.0	0.0828813223207429	302.0	0.1616084155665051	302.0	0.1590349432362169	302.0	0.7770251015444584	302.0	0.4163236621654814	302.0																		
GSE228421_donor_celltype_axis_scores.tsv	P2	GSM7120456	day14	lesional	False	melanocyte	0.4115518449465024	228.0	0.2917272121368375	228.0	0.1759250235633461	228.0	0.1943211150314235	228.0	0.4273254515344083	228.0	0.3757525497172365	228.0	1.0735524716602522	228.0	0.645614419006278	228.0																		
GSE228421_donor_celltype_axis_scores.tsv	P2	GSM7120456	day14	lesional	False	myeloid_monocyte	0.2812772036247541	1225.0	0.206363577993246	1225.0	0.1500855012102482	1225.0	0.1681497374597121	1225.0	0.3561558835514029	1225.0	0.3317190055195788	1225.0	1.1265220838736345	1225.0	0.671782500917799	1225.0																		
GSE228421_donor_celltype_axis_scores.tsv	P2	GSM7120456	day14	lesional	False	pericyte_smooth_muscle	0.3240745781175999	795.0	0.2262736176525781	795.0	0.1586725795723112	795.0	0.1861219382246381	795.0	0.3373804076084281	795.0	0.3464095251782866	795.0	1.2560573662721657	795.0	0.7047508182507204	795.0																		
GSE228421_donor_celltype_axis_scores.tsv	P2	GSM7120456	day14	lesional	False	unassigned	0.1233085381121314	3.0	0.0730669286720383	3.0	0.0303627409113768	3.0	0.0506944154873617	3.0	0.0765814656285771	3.0	0.1101908726935572	3.0	0.7606445511424035	3.0	0.3878268634257392	3.0																		
GSE228421_donor_celltype_axis_scores.tsv	P3	GSM7120457	baseline	lesional	True	B_cell	0.200016913465918	980.0	0.1309497297773569	980.0	0.0868121354794735	980.0	0.1032581415104842	980.0	0.2251686724736309	980.0	0.2268633089764657	980.0	0.9634567640182096	980.0	0.5339448154804818	980.0																		
GSE228421_donor_celltype_axis_scores.tsv	P3	GSM7120457	baseline	lesional	True	NK_cell	0.2043424612533559	41.0	0.1312122911956284	41.0	0.0894108572359645	41.0	0.1014935465079421	41.0	0.2262177089282922	41.0	0.2410036871964915	41.0	1.051652054446117	41.0	0.5837198967288605	41.0																		
GSE228421_donor_celltype_axis_scores.tsv	P3	GSM7120457	baseline	lesional	True	T_cell	0.196659501774131	44.0	0.1277051385485087	44.0	0.0862897376117996	44.0	0.0981889239870543	44.0	0.2216539451750354	44.0	0.2263442220737727	44.0	0.9357120248963362	44.0	0.5177879039151877	44.0																		
GSE228421_donor_celltype_axis_scores.tsv	P3	GSM7120457	baseline	lesional	True	dendritic	0.2108617763388532	152.0	0.1456098998066078	152.0	0.1022830081380835	152.0	0.1185193668102663	152.0	0.2535356215229338	152.0	0.2488180116596569	152.0	0.9902759724741642	152.0	0.5710049303198957	152.0																		
GSE228421_donor_celltype_axis_scores.tsv	P3	GSM7120457	baseline	lesional	True	endothelial	0.2004475077529441	927.0	0.1328197530545448	927.0	0.0941450010385872	927.0	0.1111158121035735	927.0	0.2056341221729183	927.0	0.2039029774839358	927.0	0.8640758018821753	927.0	0.4768897659361099	927.0																		
GSE228421_donor_celltype_axis_scores.tsv	P3	GSM7120457	baseline	lesional	True	fibroblast	0.2119474638391371	2843.0	0.1539652646767571	2843.0	0.1073009726616679	2843.0	0.130646744465501	2843.0	0.219414861557542	2843.0	0.2161610476637072	2843.0	0.8300774229220642	2843.0	0.4709001552023473	2843.0																		
GSE228421_donor_celltype_axis_scores.tsv	P3	GSM7120457	baseline	lesional	True	keratinocyte	0.2652638655034465	4725.0	0.1700904301034555	4725.0	0.092285739858805	4725.0	0.1135225308846482	4725.0	0.2598021408692827	4725.0	0.2480461573983114	4725.0	0.919528740711716	4725.0	0.5152219972839629	4725.0																		
GSE228421_donor_celltype_axis_scores.tsv	P3	GSM7120457	baseline	lesional	True	mast_cell	0.1394497745866535	127.0	0.0725187341412724	127.0	0.0353946852328494	127.0	0.0553632851140241	127.0	0.0978587681925061	127.0	0.0947823543032705	127.0	0.5053467111336585	127.0	0.2696042200862233	127.0																		
GSE228421_donor_celltype_axis_scores.tsv	P3	GSM7120457	baseline	lesional	True	melanocyte	0.2878433244905145	151.0	0.196971568384943	151.0	0.1176791479471238	151.0	0.1302033425939738	151.0	0.3090152114787796	151.0	0.2604814312494783	151.0	0.8241016103002617	151.0	0.4840722621510053	151.0																		
GSE228421_donor_celltype_axis_scores.tsv	P3	GSM7120457	baseline	lesional	True	myeloid_monocyte	0.1850286706218981	1187.0	0.1261737805846328	1187.0	0.0876463338963899	1187.0	0.1040443712545175	1187.0	0.2250323724753586	1187.0	0.2071693298649469	1187.0	0.8399681290124263	1187.0	0.4858039692801533	1187.0																		
GSE228421_donor_celltype_axis_scores.tsv	P3	GSM7120457	baseline	lesional	True	pericyte_smooth_muscle	0.2373115155005266	670.0	0.1632731090796667	670.0	0.1162229390580536	670.0	0.1384843811038822	670.0	0.2514862685840941	670.0	0.2554605304373659	670.0	1.0127842366944888	670.0	0.5607821976887394	670.0																		
GSE228421_donor_celltype_axis_scores.tsv	P3	GSM7120457	baseline	lesional	True	unassigned	0.1486436692472724	5.0	0.0779806623381069	5.0	0.0384604374287401	5.0	0.0617727772246604	5.0	0.0893008707355252	5.0	0.1050074933357448	5.0	0.5034140164907581	5.0	0.2753033455323372	5.0																		
GSE228421_donor_celltype_axis_scores.tsv	P3	GSM7120458	baseline	nonlesional	True	B_cell	0.2176193952337153	796.0	0.1379301565424194	796.0	0.0872657499217239	796.0	0.109291077049639	796.0	0.2210067568583789	796.0	0.2185592993670052	796.0	0.9590327837740754	796.0	0.5278522444363742	796.0																		
GSE228421_donor_celltype_axis_scores.tsv	P3	GSM7120458	baseline	nonlesional	True	NK_cell	0.2409259219048219	3.0	0.1516875740855812	3.0	0.0850171828228958	3.0	0.1101293544441439	3.0	0.2215298074069382	3.0	0.2483731818388899	3.0	1.0241456966441616	3.0	0.576733928636694	3.0																		
GSE228421_donor_celltype_axis_scores.tsv	P3	GSM7120458	baseline	nonlesional	True	T_cell	0.2194089468586881	19.0	0.1482724368947184	19.0	0.1022651262238684	19.0	0.1110937708960852	19.0	0.2427507915543671	19.0	0.2449455725034997	19.0	1.061409699591059	19.0	0.5853666159612597	19.0																		
GSE228421_donor_celltype_axis_scores.tsv	P3	GSM7120458	baseline	nonlesional	True	dendritic	0.246108348347793	120.0	0.1710330293344407	120.0	0.1184320730000516	120.0	0.1336171725919683	120.0	0.3112953320828838	120.0	0.2943901678502514	120.0	1.1548026847499648	120.0	0.6657716515351054	120.0																		
GSE228421_donor_celltype_axis_scores.tsv	P3	GSM7120458	baseline	nonlesional	True	endothelial	0.216000745947308	650.0	0.1426774523269701	650.0	0.0968930653381619	650.0	0.115877900399998	650.0	0.2172537446152726	650.0	0.2212788036458129	650.0	1.0054533233359924	650.0	0.5479284718752543	650.0																		
GSE228421_donor_celltype_axis_scores.tsv	P3	GSM7120458	baseline	nonlesional	True	fibroblast	0.2433609803242317	2758.0	0.1781893493975645	2758.0	0.1210563329105728	2758.0	0.1496183832643403	2758.0	0.2507494499455949	2758.0	0.2609421192637272	2758.0	1.0524410975623142	2758.0	0.5878036996394064	2758.0																		
GSE228421_donor_celltype_axis_scores.tsv	P3	GSM7120458	baseline	nonlesional	True	keratinocyte	0.2299576599781205	5601.0	0.1439239291276446	5601.0	0.0770967855709602	5601.0	0.0971295962220306	5601.0	0.2143679966516126	5601.0	0.2039876091079691	5601.0	0.8800551992554486	5601.0	0.4813077714372979	5601.0																		
GSE228421_donor_celltype_axis_scores.tsv	P3	GSM7120458	baseline	nonlesional	True	mast_cell	0.2033908634813531	69.0	0.1098686640008603	69.0	0.0569551721229005	69.0	0.081131519920323	69.0	0.1589791662717285	69.0	0.1554212903526772	69.0	0.8217208212968136	69.0	0.436447079439812	69.0																		
GSE228421_donor_celltype_axis_scores.tsv	P3	GSM7120458	baseline	nonlesional	True	melanocyte	0.3112262230319101	544.0	0.2089527491860298	544.0	0.1219861078355127	544.0	0.1404577028483966	544.0	0.3070844539366411	544.0	0.2697097662499678	544.0	0.9255684265283328	544.0	0.5356160717139994	544.0																		
GSE228421_donor_celltype_axis_scores.tsv	P3	GSM7120458	baseline	nonlesional	True	myeloid_monocyte	0.2336113621922109	275.0	0.1635087141633122	275.0	0.1121491489717551	275.0	0.1306933821061977	275.0	0.2883754097588702	275.0	0.2652553214871777	275.0	1.0147738510082875	275.0	0.5887480547062058	275.0																		
GSE228421_donor_celltype_axis_scores.tsv	P3	GSM7120458	baseline	nonlesional	True	pericyte_smooth_muscle	0.252349953860836	1115.0	0.1749337027152187	1115.0	0.1171010442603047	1115.0	0.1431391307654734	1115.0	0.2664987400816067	1115.0	0.280603503530298	1115.0	1.128702488212225	1115.0	0.6195685676435381	1115.0																		
GSE228421_donor_celltype_axis_scores.tsv	P3	GSM7120458	baseline	nonlesional	True	unassigned	0.243223328977854	84.0	0.1344086139879919	84.0	0.0605766622195146	84.0	0.0937502925543813	84.0	0.1489740933516607	84.0	0.1529904668270226	84.0	0.6702933175169634	84.0	0.3708496724845618	84.0																		
GSE228421_donor_celltype_axis_scores.tsv	P3	GSM7120459	day3	lesional	False	B_cell	0.2373161470334504	148.0	0.1664599011692603	148.0	0.1143899668799782	148.0	0.1280910575486695	148.0	0.2849932447460324	148.0	0.2759295332167297	148.0	1.1195812252079322	148.0	0.6254738685922704	148.0																		
GSE228421_donor_celltype_axis_scores.tsv	P3	GSM7120459	day3	lesional	False	NK_cell	0.2435154628269407	23.0	0.1849616996425956	23.0	0.1336181899031912	23.0	0.1366905516032021	23.0	0.3506063313494214	23.0	0.3321687157628565	23.0	1.240952296011273	23.0	0.7174731353123864	23.0																		
GSE228421_donor_celltype_axis_scores.tsv	P3	GSM7120459	day3	lesional	False	T_cell	0.2195222184666576	44.0	0.1603930519031401	44.0	0.1225173168121135	44.0	0.1217467518552778	44.0	0.2906807812421952	44.0	0.2787932933273642	44.0	1.0685242305456333	44.0	0.6039613215740777	44.0																		
GSE228421_donor_celltype_axis_scores.tsv	P3	GSM7120459	day3	lesional	False	dendritic	0.2490277088376677	70.0	0.1942603155052678	70.0	0.1492656458800275	70.0	0.1506282290461445	70.0	0.3760231885899436	70.0	0.3485904582386336	70.0	1.2433324778192751	70.0	0.7341933807881392	70.0																		
GSE228421_donor_celltype_axis_scores.tsv	P3	GSM7120459	day3	lesional	False	endothelial	0.2681088657685229	563.0	0.1920555421131526	563.0	0.1394965032528465	563.0	0.1540935659063243	563.0	0.3032472169765949	563.0	0.2808446448486507	563.0	1.0541170069109564	563.0	0.59900272879457	563.0																		
GSE228421_donor_celltype_axis_scores.tsv	P3	GSM7120459	day3	lesional	False	fibroblast	0.2934180363288986	762.0	0.225925796299696	762.0	0.1615236752458579	762.0	0.1856487814363768	762.0	0.328317459161397	762.0	0.3153188573008168	762.0	1.1326375205097754	762.0	0.6544247491892334	762.0																		
GSE228421_donor_celltype_axis_scores.tsv	P3	GSM7120459	day3	lesional	False	keratinocyte	0.3533762951876698	5138.0	0.2340392525236464	5138.0	0.1303123286481886	5138.0	0.1509774756101579	5138.0	0.362677758416123	5138.0	0.3366279082358576	5138.0	1.0959999296843157	5138.0	0.6295240238263967	5138.0																		
GSE228421_donor_celltype_axis_scores.tsv	P3	GSM7120459	day3	lesional	False	mast_cell	0.1448189000731027	258.0	0.0919297862737742	258.0	0.0576135110383461	258.0	0.0658470877886417	258.0	0.1654777407962144	258.0	0.1512915113827155	258.0	0.7382635405754358	258.0	0.401811356725027	258.0																		
GSE228421_donor_celltype_axis_scores.tsv	P3	GSM7120459	day3	lesional	False	melanocyte	0.342927743656452	63.0	0.2311352066152139	63.0	0.13265585803788	63.0	0.1568325483092867	63.0	0.310420196017773	63.0	0.2714319753634373	63.0	0.7915919149425471	63.0	0.4776091742112711	63.0																		
GSE228421_donor_celltype_axis_scores.tsv	P3	GSM7120459	day3	lesional	False	myeloid_monocyte	0.2601800499579654	384.0	0.1960542818530175	384.0	0.1454959625837549	384.0	0.1541127425366281	384.0	0.3607222825477549	384.0	0.3133463245062252	384.0	1.0507134806857457	384.0	0.6295522843111728	384.0																		
GSE228421_donor_celltype_axis_scores.tsv	P3	GSM7120459	day3	lesional	False	pericyte_smooth_muscle	0.2690121267977755	345.0	0.2034564689533847	345.0	0.1479132773188939	345.0	0.1648586784903683	345.0	0.3189412243074302	345.0	0.3215705258332432	345.0	1.201435576705182	345.0	0.6740559011723575	345.0																		
GSE228421_donor_celltype_axis_scores.tsv	P3	GSM7120459	day3	lesional	False	unassigned	0.1854327707599166	3.0	0.0919556320729706	3.0	0.0465622081306953	3.0	0.0738135598594258	3.0	0.1123714173635278	3.0	0.1094335681553252	3.0	0.5686330903270367	3.0	0.3086847986653154	3.0																		
GSE228421_donor_celltype_axis_scores.tsv	P3	GSM7120460	day14	lesional	False	B_cell	0.275057371832242	239.0	0.1815521558586243	239.0	0.1160200798242413	239.0	0.1385656848268774	239.0	0.2964041602835655	239.0	0.284090289858053	239.0	1.0853902823934127	239.0	0.6171849609385491	239.0																		
GSE228421_donor_celltype_axis_scores.tsv	P3	GSM7120460	day14	lesional	False	NK_cell	0.30035692201333	11.0	0.2190187074796459	11.0	0.1459888119539617	11.0	0.1613882978086009	11.0	0.3931810171235476	11.0	0.3880016437950838	11.0	1.3175590639326298	11.0	0.7762448177778672	11.0																		
GSE228421_donor_celltype_axis_scores.tsv	P3	GSM7120460	day14	lesional	False	T_cell	0.2708709381757704	43.0	0.1795300399118591	43.0	0.117475552964181	43.0	0.1317652311814493	43.0	0.3021633362051371	43.0	0.2883272677405673	43.0	1.1796415738243475	43.0	0.6594861522100754	43.0																		
GSE228421_donor_celltype_axis_scores.tsv	P3	GSM7120460	day14	lesional	False	dendritic	0.3250659611343716	115.0	0.229458914514373	115.0	0.1558951785520707	115.0	0.1741176591247187	115.0	0.3984161085048626	115.0	0.3599022738823254	115.0	1.198152777501363	115.0	0.7234033108784458	115.0																		
GSE228421_donor_celltype_axis_scores.tsv	P3	GSM7120460	day14	lesional	False	endothelial	0.3025351580277558	686.0	0.2096213089485731	686.0	0.1456684152260985	686.0	0.1680126747072146	686.0	0.3178431899735178	686.0	0.2950519636242797	686.0	1.0929402098358127	686.0	0.6218461584720284	686.0																		
GSE228421_donor_celltype_axis_scores.tsv	P3	GSM7120460	day14	lesional	False	fibroblast	0.3489631129918803	1305.0	0.2623309171656374	1305.0	0.1800469515896537	1305.0	0.2146542975004106	1305.0	0.3695294653351497	1305.0	0.3564178556498418	1305.0	1.2042465473927002	1305.0	0.7064926822400893	1305.0																		
GSE228421_donor_celltype_axis_scores.tsv	P3	GSM7120460	day14	lesional	False	keratinocyte	0.380505908635956	4021.0	0.2494394823238644	4021.0	0.1371655377449097	4021.0	0.1591562653769958	4021.0	0.3821295113619097	4021.0	0.3492682115221635	4021.0	1.1116925760940577	4021.0	0.6421318548307391	4021.0																		
GSE228421_donor_celltype_axis_scores.tsv	P3	GSM7120460	day14	lesional	False	mast_cell	0.2240063816710356	684.0	0.1281539479358399	684.0	0.0715053875918576	684.0	0.0938335058099093	684.0	0.1957641901553829	684.0	0.181171773618574	684.0	0.7959735240548599	684.0	0.4430720062930066	684.0																		
GSE228421_donor_celltype_axis_scores.tsv	P3	GSM7120460	day14	lesional	False	melanocyte	0.3777907991999578	41.0	0.2549258956245206	41.0	0.147545492264138	41.0	0.1698609002908423	41.0	0.3471667894901548	41.0	0.3013180428037197	41.0	0.8838396678294409	41.0	0.5322358230328794	41.0																		
GSE228421_donor_celltype_axis_scores.tsv	P3	GSM7120460	day14	lesional	False	myeloid_monocyte	0.3025371919480737	489.0	0.2160797803229745	489.0	0.1509172182621456	489.0	0.1717227404769238	489.0	0.3742723580969158	489.0	0.319513066602117	489.0	0.9877127648757512	489.0	0.6085813879392216	489.0																		
GSE228421_donor_celltype_axis_scores.tsv	P3	GSM7120460	day14	lesional	False	pericyte_smooth_muscle	0.3420049232103639	311.0	0.2463204875077895	311.0	0.1697751878000146	311.0	0.1987166536402327	311.0	0.3733610669729819	311.0	0.3708102894931415	311.0	1.279935117009146	311.0	0.7293637782508609	311.0																		
GSE228421_donor_celltype_axis_scores.tsv	P3	GSM7120460	day14	lesional	False	unassigned	0.2312370174365668	4.0	0.1199290219741847	4.0	0.0601677710518037	4.0	0.0853801376526892	4.0	0.1496656028999215	4.0	0.1379555979837207	4.0	0.7030242430500833	4.0	0.3763184741675688	4.0																		
GSE228421_donor_celltype_axis_scores.tsv	P4	GSM7120461	baseline	lesional	True	B_cell	0.2727572222940244	66.0	0.1872576515913294	66.0	0.119249974810183	66.0	0.1362759268088124	66.0	0.3302886521080431	66.0	0.3289896132354756	66.0	1.3732180541551997	66.0	0.7743848673558593	66.0																		
GSE228421_donor_celltype_axis_scores.tsv	P4	GSM7120461	baseline	lesional	True	NK_cell	0.287315761786995	36.0	0.1930209197949125	36.0	0.1294683229816551	36.0	0.1438354893972464	36.0	0.3217209776225889	36.0	0.3036097067615444	36.0	1.2575511007508922	36.0	0.7091691137200239	36.0																		
GSE228421_donor_celltype_axis_scores.tsv	P4	GSM7120461	baseline	lesional	True	T_cell	0.2769796498152501	48.0	0.1870447016093877	48.0	0.1250109165745606	48.0	0.1401200460330336	48.0	0.3089968113542353	48.0	0.2906302617734072	48.0	1.160729328269281	48.0	0.6545934128321393	48.0																		
GSE228421_donor_celltype_axis_scores.tsv	P4	GSM7120461	baseline	lesional	True	dendritic	0.2995061137566501	93.0	0.2159350150158916	93.0	0.1477421607748473	93.0	0.1653273343210652	93.0	0.3587610649048197	93.0	0.3442359126174687	93.0	1.3113001509428643	93.0	0.7674158083816817	93.0																		
GSE228421_donor_celltype_axis_scores.tsv	P4	GSM7120461	baseline	lesional	True	endothelial	0.3341553852906673	434.0	0.2416033807690222	434.0	0.1805087992190787	434.0	0.201143698951343	434.0	0.3802636835513227	434.0	0.350835655012464	434.0	1.2075264207471048	434.0	0.6981492956420126	434.0																		
GSE228421_donor_celltype_axis_scores.tsv	P4	GSM7120461	baseline	lesional	True	fibroblast	0.3415951637177905	1812.0	0.255965058510028	1812.0	0.1785095343693674	1812.0	0.2157835779722532	1812.0	0.3523380592257316	1812.0	0.3373934448909832	1812.0	1.184243430897042	1812.0	0.6908762428362717	1812.0																		
GSE228421_donor_celltype_axis_scores.tsv	P4	GSM7120461	baseline	lesional	True	keratinocyte	0.3420171815633193	8570.0	0.2260347746121012	8570.0	0.1271301558578308	8570.0	0.1489844061759632	8570.0	0.344044145860263	8570.0	0.3212602854712757	8570.0	1.130875204161168	8570.0	0.6412042625551265	8570.0																		
GSE228421_donor_celltype_axis_scores.tsv	P4	GSM7120461	baseline	lesional	True	mast_cell	0.2592967852629649	722.0	0.1402207429532566	722.0	0.0688144554843399	722.0	0.0996043133397436	722.0	0.1954492206046371	722.0	0.1803024523445469	722.0	0.9188910030093616	722.0	0.4983687725912704	722.0																		
GSE228421_donor_celltype_axis_scores.tsv	P4	GSM7120461	baseline	lesional	True	melanocyte	0.3808906421479843	136.0	0.2556593061386868	136.0	0.1435537757392621	136.0	0.1649333883980952	136.0	0.3689804098333352	136.0	0.3122693269308582	136.0	0.945378069984264	136.0	0.5616935832825829	136.0																		
GSE228421_donor_celltype_axis_scores.tsv	P4	GSM7120461	baseline	lesional	True	myeloid_monocyte	0.2968683336326009	917.0	0.2141976818347671	917.0	0.1500840956902788	917.0	0.1693336929792655	917.0	0.3725515687518903	917.0	0.3298206661175473	917.0	1.161032842909456	917.0	0.6922517103222687	917.0																		
GSE228421_donor_celltype_axis_scores.tsv	P4	GSM7120461	baseline	lesional	True	pericyte_smooth_muscle	0.3415899168585155	289.0	0.2378438362108184	289.0	0.1656328969090711	289.0	0.1947119954633547	289.0	0.3584095959612681	289.0	0.3486785763193922	289.0	1.2798790005851683	289.0	0.7219987172048811	289.0																		
GSE228421_donor_celltype_axis_scores.tsv	P4	GSM7120462	baseline	nonlesional	True	B_cell	0.3181580409851888	561.0	0.2234964662488808	561.0	0.1554986099816414	561.0	0.1792223804876363	561.0	0.3625271141716454	561.0	0.337147011084528	561.0	1.1314037210842305	561.0	0.6632371052260253	561.0																		
GSE228421_donor_celltype_axis_scores.tsv	P4	GSM7120462	baseline	nonlesional	True	NK_cell	0.304429869433647	215.0	0.2034163444319536	215.0	0.137613113702915	215.0	0.1540617156545004	215.0	0.337537595225539	215.0	0.3239204984349245	215.0	1.3039962846357558	215.0	0.7394880379849331	215.0																		
GSE228421_donor_celltype_axis_scores.tsv	P4	GSM7120462	baseline	nonlesional	True	T_cell	0.2889153765230937	622.0	0.194319628203081	622.0	0.1279535313581676	622.0	0.1458024157674891	622.0	0.3170923128879656	622.0	0.3236240850113924	622.0	1.3568658622076597	622.0	0.758654978659004	622.0																		
GSE228421_donor_celltype_axis_scores.tsv	P4	GSM7120462	baseline	nonlesional	True	dendritic	0.3257922199771654	261.0	0.2382966322415681	261.0	0.1684702945295768	261.0	0.1844887663020096	261.0	0.4155126227666297	261.0	0.3761668960893042	261.0	1.2853602489942224	261.0	0.7637780116961121	261.0																		
GSE228421_donor_celltype_axis_scores.tsv	P4	GSM7120462	baseline	nonlesional	True	endothelial	0.3552868114563687	746.0	0.2558094764900478	746.0	0.1807714454652834	746.0	0.2047565384818203	746.0	0.4002313976623174	746.0	0.3817574904042665	746.0	1.329202839579226	746.0	0.762244727732473	746.0																		
GSE228421_donor_celltype_axis_scores.tsv	P4	GSM7120462	baseline	nonlesional	True	fibroblast	0.3541829826731112	2425.0	0.2641461709388261	2425.0	0.1786001535891147	2425.0	0.2150652738302975	2425.0	0.3739142333463834	2425.0	0.3658936042034996	2425.0	1.246061898816263	2425.0	0.7218120403840852	2425.0																		
GSE228421_donor_celltype_axis_scores.tsv	P4	GSM7120462	baseline	nonlesional	True	keratinocyte	0.29919976370399	5785.0	0.1935182842963163	5785.0	0.1073260360502624	5785.0	0.129564642890033	5785.0	0.2936720110260526	5785.0	0.2758890045627084	5785.0	1.147419997286677	5785.0	0.6324565738189155	5785.0																		
GSE228421_donor_celltype_axis_scores.tsv	P4	GSM7120462	baseline	nonlesional	True	mast_cell	0.2875639725261342	230.0	0.1778265600266504	230.0	0.1078450099132724	230.0	0.1299639838386526	230.0	0.2945548925723316	230.0	0.2717354678336884	230.0	1.1219073172380705	230.0	0.6263881313468818	230.0																		
GSE228421_donor_celltype_axis_scores.tsv	P4	GSM7120462	baseline	nonlesional	True	melanocyte	0.4113242930370912	292.0	0.2791236530555701	292.0	0.1609233436985518	292.0	0.1867008190730448	292.0	0.3794142752887803	292.0	0.3379449375119391	292.0	1.0904537848805724	292.0	0.6366510673164628	292.0																		
GSE228421_donor_celltype_axis_scores.tsv	P4	GSM7120462	baseline	nonlesional	True	myeloid_monocyte	0.3286958334017005	370.0	0.2430085490762888	370.0	0.1780285495910282	370.0	0.1982585454454437	370.0	0.4167228224417507	370.0	0.3606446896272551	370.0	1.0928225768866702	370.0	0.6724512482479198	370.0																		
GSE228421_donor_celltype_axis_scores.tsv	P4	GSM7120462	baseline	nonlesional	True	pericyte_smooth_muscle	0.3380075702669006	325.0	0.2368719165758915	325.0	0.1543056553134824	325.0	0.1867065529834535	325.0	0.3617445471352453	325.0	0.3618168103238955	325.0	1.3193027583859132	325.0	0.7420004649708688	325.0																		
GSE228421_donor_celltype_axis_scores.tsv	P4	GSM7120462	baseline	nonlesional	True	unassigned	0.254720592762771	5.0	0.1517122157339754	5.0	0.069155828301411	5.0	0.1012432250162515	5.0	0.1823412220302185	5.0	0.1928017199281204	5.0	0.7779008889543774	5.0	0.4202809593430075	5.0																		
GSE228421_donor_celltype_axis_scores.tsv	P4	GSM7120463	day3	lesional	False	B_cell	0.2704965427627681	185.0	0.1743110749900569	185.0	0.1052707305983296	185.0	0.1278224342801807	185.0	0.2831080511310043	185.0	0.2774627355661398	185.0	1.217650638142546	185.0	0.6754274746057283	185.0																		
GSE228421_donor_celltype_axis_scores.tsv	P4	GSM7120463	day3	lesional	False	NK_cell	0.2707719547961193	36.0	0.1750228331017669	36.0	0.1060580489643029	36.0	0.1254064234746384	36.0	0.2838845232271746	36.0	0.2704614422634668	36.0	1.1683382254193022	36.0	0.6538302019034491	36.0																		
GSE228421_donor_celltype_axis_scores.tsv	P4	GSM7120463	day3	lesional	False	T_cell	0.266315857927332	108.0	0.1727525330972348	108.0	0.1090671995581175	108.0	0.1264012142857002	108.0	0.2696665048667774	108.0	0.2697865413609538	108.0	1.2033771830093192	108.0	0.6661490825086951	108.0																		
GSE228421_donor_celltype_axis_scores.tsv	P4	GSM7120463	day3	lesional	False	dendritic	0.3004404112042715	78.0	0.2081188992860086	78.0	0.1361444127458962	78.0	0.1553527307901254	78.0	0.3506098270329677	78.0	0.3330227830237746	78.0	1.276767818591462	78.0	0.7435150480869736	78.0																		
GSE228421_donor_celltype_axis_scores.tsv	P4	GSM7120463	day3	lesional	False	endothelial	0.3216070543480954	750.0	0.2187774400560688	750.0	0.1507879260095889	750.0	0.1739129879868713	750.0	0.3328888087163629	750.0	0.3152382747559673	750.0	1.2030412276822608	750.0	0.679788986258661	750.0																		
GSE228421_donor_celltype_axis_scores.tsv	P4	GSM7120463	day3	lesional	False	fibroblast	0.3356095700699332	1730.0	0.237251363034507	1730.0	0.153613224135772	1730.0	0.1899845886893067	1730.0	0.3240949622997428	1730.0	0.3093926906337421	1730.0	1.1840848614251591	1730.0	0.6780120670567816	1730.0																		
GSE228421_donor_celltype_axis_scores.tsv	P4	GSM7120463	day3	lesional	False	keratinocyte	0.3960326938541966	7888.0	0.262708007601498	7888.0	0.1445708415192886	7888.0	0.1649523353449559	7888.0	0.405394661357061	7888.0	0.3743024403329342	7888.0	1.219314959350784	7888.0	0.7009250599577255	7888.0																		
GSE228421_donor_celltype_axis_scores.tsv	P4	GSM7120463	day3	lesional	False	mast_cell	0.2298741032631862	347.0	0.1151396221134827	347.0	0.0490677178489657	347.0	0.0805230185182702	347.0	0.1464847711612133	347.0	0.1337823504861825	347.0	0.7195818215522557	347.0	0.3855258194717769	347.0																		
GSE228421_donor_celltype_axis_scores.tsv	P4	GSM7120463	day3	lesional	False	melanocyte	0.3492976925915289	220.0	0.229178111240032	220.0	0.1265046737446479	220.0	0.14836024848684	220.0	0.3220088749487131	220.0	0.2746083551816565	220.0	0.9239770749489462	220.0	0.5380520427169887	220.0																		
GSE228421_donor_celltype_axis_scores.tsv	P4	GSM7120463	day3	lesional	False	myeloid_monocyte	0.2912532055998216	1314.0	0.1994530965612114	1314.0	0.1292931760383941	1314.0	0.1493456479576308	1314.0	0.342277730615553	1314.0	0.3088152156000069	1314.0	1.1708287513805409	1314.0	0.6815118549483734	1314.0																		
GSE228421_donor_celltype_axis_scores.tsv	P4	GSM7120463	day3	lesional	False	pericyte_smooth_muscle	0.328860424570916	348.0	0.2205647254422739	348.0	0.1439835914267289	348.0	0.1750386115534944	348.0	0.3345469575452373	348.0	0.3241039201721044	348.0	1.2664806383003802	348.0	0.7048894673562615	348.0																		
GSE228421_donor_celltype_axis_scores.tsv	P4	GSM7120463	day3	lesional	False	unassigned	0.1370318147144393	1.0	0.0839962532608996	1.0	0.0417683546321999	1.0	0.071475714635159	1.0	0.078441386370239	1.0	0.113349990944055	1.0	0.2634562208730242	1.0	0.1608943996687956	1.0																		
GSE228421_donor_celltype_axis_scores.tsv	P4	GSM7120464	day14	lesional	False	B_cell	0.292413302760902	301.0	0.1904951762962431	301.0	0.119482808547397	301.0	0.1449780294417851	301.0	0.3074843333984706	301.0	0.3022085544334293	301.0	1.1659300306220877	301.0	0.6632864580603488	301.0																		
GSE228421_donor_celltype_axis_scores.tsv	P4	GSM7120464	day14	lesional	False	NK_cell	0.3243006812604692	22.0	0.2200993006442251	22.0	0.1410382868128855	22.0	0.1573743601028502	22.0	0.3662250896691156	22.0	0.3263074570992467	22.0	1.0897481367334416	22.0	0.6369331903305663	22.0																		
GSE228421_donor_celltype_axis_scores.tsv	P4	GSM7120464	day14	lesional	False	T_cell	0.318872591625243	60.0	0.2145513207901618	60.0	0.1435890167779695	60.0	0.1580213362730642	60.0	0.3397385909184786	60.0	0.3080378026693395	60.0	1.0663007571026653	60.0	0.614973784757961	60.0																		
GSE228421_donor_celltype_axis_scores.tsv	P4	GSM7120464	day14	lesional	False	dendritic	0.3364150044079849	142.0	0.2345588380942364	142.0	0.1595911773305446	142.0	0.1783780673019784	142.0	0.3952449130281363	142.0	0.3570773023640901	142.0	1.241602516649829	142.0	0.7423719598224349	142.0																		
GSE228421_donor_celltype_axis_scores.tsv	P4	GSM7120464	day14	lesional	False	endothelial	0.3309592653662987	821.0	0.2318941028163111	821.0	0.1657402947490947	821.0	0.1910344924596428	821.0	0.3485331660875013	821.0	0.3355407239122942	821.0	1.1751303491508889	821.0	0.6766635236182041	821.0																		
GSE228421_donor_celltype_axis_scores.tsv	P4	GSM7120464	day14	lesional	False	fibroblast	0.3476154503725839	2500.0	0.2504756603003679	2500.0	0.168281678041551	2500.0	0.2090331262448748	2500.0	0.3304955489789081	2500.0	0.3204225736096592	2500.0	1.1312116694999508	2500.0	0.6609679362838826	2500.0																		
GSE228421_donor_celltype_axis_scores.tsv	P4	GSM7120464	day14	lesional	False	keratinocyte	0.4091392985839288	4173.0	0.2694287212266913	4173.0	0.148057025742302	4173.0	0.1727011153859139	4173.0	0.4014103135325527	4173.0	0.3730680855885811	4173.0	1.1341285265810228	4173.0	0.6607172303403376	4173.0																		
GSE228421_donor_celltype_axis_scores.tsv	P4	GSM7120464	day14	lesional	False	mast_cell	0.2510244225913409	120.0	0.1336857070257199	120.0	0.0647063240893835	120.0	0.095194427512539	120.0	0.1882150304636403	120.0	0.1695313733642463	120.0	0.8108113524622796	120.0	0.4450939219783346	120.0																		
GSE228421_donor_celltype_axis_scores.tsv	P4	GSM7120464	day14	lesional	False	melanocyte	0.3865437779642104	80.0	0.256828541518996	80.0	0.1479272282671132	80.0	0.1735570545258533	80.0	0.3436145891527201	80.0	0.2982743112231839	80.0	0.9011803754005976	80.0	0.5372199938802562	80.0																		
GSE228421_donor_celltype_axis_scores.tsv	P4	GSM7120464	day14	lesional	False	myeloid_monocyte	0.3116626093177527	612.0	0.2166652689145989	612.0	0.1476834665254479	612.0	0.1698227807715961	612.0	0.3643388784614955	612.0	0.3146992452439003	612.0	1.0609845761523675	612.0	0.6419227502826421	612.0																		
GSE228421_donor_celltype_axis_scores.tsv	P4	GSM7120464	day14	lesional	False	pericyte_smooth_muscle	0.3574782711618838	489.0	0.2495146241818848	489.0	0.1693605676592087	489.0	0.2040600699143382	489.0	0.362111845938328	489.0	0.3585203945913014	489.0	1.2428951039732723	489.0	0.7101630334737027	489.0																		
GSE228421_donor_celltype_axis_scores.tsv	P4	GSM7120464	day14	lesional	False	unassigned	0.1940296694319476	2.0	0.0859454507320888	2.0	0.0289539288184807	2.0	0.0736662362069436	2.0	0.054404541948586	2.0	0.0900816474815571	2.0	0.1853854346850061	2.0	0.1229165441294364	2.0																		
GSE228421_donor_celltype_axis_scores.tsv	P5	GSM7120465	baseline	lesional	True	B_cell	0.2610238828941602	212.0	0.1840026453545518	212.0	0.1228855212800657	212.0	0.1388049116894807	212.0	0.3269140128218591	212.0	0.3287657948708764	212.0	1.2704766489490191	212.0	0.7246928796867819	212.0																		
GSE228421_donor_celltype_axis_scores.tsv	P5	GSM7120465	baseline	lesional	True	NK_cell	0.3079784136159432	43.0	0.2263600468904543	43.0	0.1603296515070878	43.0	0.1655433723624298	43.0	0.3805644322439913	43.0	0.3723058360963185	43.0	1.3459407117680258	43.0	0.7844672410667246	43.0																		
GSE228421_donor_celltype_axis_scores.tsv	P5	GSM7120465	baseline	lesional	True	T_cell	0.2894568117117319	100.0	0.1978169268662395	100.0	0.1356172052921881	100.0	0.1445584534047848	100.0	0.3253841558760054	100.0	0.334049815529063	100.0	1.3282545960106134	100.0	0.7475520486603865	100.0																		
GSE228421_donor_celltype_axis_scores.tsv	P5	GSM7120465	baseline	lesional	True	dendritic	0.2998280612007787	120.0	0.2189104068390641	120.0	0.1622398647228897	120.0	0.1734767965807558	120.0	0.3832842940345652	120.0	0.3680476129457793	120.0	1.2868559616739206	120.0	0.7618950790260192	120.0																		
GSE228421_donor_celltype_axis_scores.tsv	P5	GSM7120465	baseline	lesional	True	endothelial	0.3269524344068366	498.0	0.2445015927713988	498.0	0.184747965730186	498.0	0.2031137502164789	498.0	0.3916946551280146	498.0	0.3767455175118204	498.0	1.2341425272484448	498.0	0.7207235360549056	498.0																		
GSE228421_donor_celltype_axis_scores.tsv	P5	GSM7120465	baseline	lesional	True	fibroblast	0.3355788912929937	2977.0	0.2603512933659784	2977.0	0.1831341431853669	2977.0	0.2168552078183002	2977.0	0.3643384861387337	2977.0	0.3606832818879482	2977.0	1.198772278796995	2977.0	0.7085161283659497	2977.0																		
GSE228421_donor_celltype_axis_scores.tsv	P5	GSM7120465	baseline	lesional	True	keratinocyte	0.3610813251253081	7854.0	0.2438167757771185	7854.0	0.1393891059114365	7854.0	0.1585218512702867	7854.0	0.3767467349046386	7854.0	0.3553739081054448	7854.0	1.132093162803017	7854.0	0.6551004330341759	7854.0																		
GSE228421_donor_celltype_axis_scores.tsv	P5	GSM7120465	baseline	lesional	True	mast_cell	0.2157295766416696	189.0	0.1224520991048402	189.0	0.0710350404765919	189.0	0.09399776627045	189.0	0.1855090275076878	189.0	0.1772409230534135	189.0	0.7436499712122879	189.0	0.4146580043806689	189.0																		
GSE228421_donor_celltype_axis_scores.tsv	P5	GSM7120465	baseline	lesional	True	melanocyte	0.3914647180420144	63.0	0.2782947072661065	63.0	0.1659277825527649	63.0	0.1897672931454587	63.0	0.3741117753970809	63.0	0.3369085260999897	63.0	0.9801941663169784	63.0	0.5929453625874208	63.0																		
GSE228421_donor_celltype_axis_scores.tsv	P5	GSM7120465	baseline	lesional	True	myeloid_monocyte	0.2921794928002313	1835.0	0.2164281860545328	1835.0	0.1558508482190545	1835.0	0.1712380995122937	1835.0	0.3810699043624153	1835.0	0.3433934795210828	1835.0	1.1304062323854938	1835.0	0.6842928483697346	1835.0																		
GSE228421_donor_celltype_axis_scores.tsv	P5	GSM7120465	baseline	lesional	True	pericyte_smooth_muscle	0.3100721439128692	363.0	0.222615292886732	363.0	0.1592605412959419	363.0	0.1838617447356474	363.0	0.3524116216465678	363.0	0.3562393268485229	363.0	1.307414915532896	363.0	0.7342318617256886	363.0																		
GSE228421_donor_celltype_axis_scores.tsv	P5	GSM7120465	baseline	lesional	True	unassigned	0.2221990806790932	1.0	0.0994766075682455	1.0	0.0319426294091809	1.0	0.0740853860578926	1.0	0.1510004007140721	1.0	0.1390591093152414	1.0	0.7773466540601709	1.0	0.3906020748780056	1.0																		
GSE228421_donor_celltype_axis_scores.tsv	P5	GSM7120466	baseline	nonlesional	True	B_cell	0.3118912457487568	535.0	0.2192278595443028	535.0	0.1515775681602363	535.0	0.1755682051831144	535.0	0.3493968190012662	535.0	0.3438073407208107	535.0	1.2038062381637302	535.0	0.6923475269463646	535.0																		
GSE228421_donor_celltype_axis_scores.tsv	P5	GSM7120466	baseline	nonlesional	True	NK_cell	0.2615262593000136	117.0	0.1712445554008543	117.0	0.1149959677108399	117.0	0.1317840457148984	117.0	0.2757259909046217	117.0	0.291919698558154	117.0	1.2638082945127085	117.0	0.6987211972891857	117.0																		
GSE228421_donor_celltype_axis_scores.tsv	P5	GSM7120466	baseline	nonlesional	True	T_cell	0.2568967432110823	253.0	0.1701482429892121	253.0	0.1119511770293152	253.0	0.1279437737629994	253.0	0.2778119027224383	253.0	0.293950821369166	253.0	1.2948587744762352	253.0	0.714910974532225	253.0																		
GSE228421_donor_celltype_axis_scores.tsv	P5	GSM7120466	baseline	nonlesional	True	dendritic	0.3234558555164225	94.0	0.2369726109337773	94.0	0.1654830647511593	94.0	0.1845921382442808	94.0	0.3978634803604767	94.0	0.372475691797196	94.0	1.2076954766279822	94.0	0.7274744088882878	94.0																		
GSE228421_donor_celltype_axis_scores.tsv	P5	GSM7120466	baseline	nonlesional	True	endothelial	0.3297856743460838	719.0	0.2397772095869315	719.0	0.1719867164208485	719.0	0.194354547521425	719.0	0.3766998874671041	719.0	0.3775223317851035	719.0	1.3373463732020092	719.0	0.7614031787727511	719.0																		
GSE228421_donor_celltype_axis_scores.tsv	P5	GSM7120466	baseline	nonlesional	True	fibroblast	0.3392431614018465	3214.0	0.2527193371033376	3214.0	0.1667476114198394	3214.0	0.2043986313084592	3214.0	0.3434275713098256	3214.0	0.3561642407765492	3214.0	1.230581044535562	3214.0	0.7124481455977544	3214.0																		
GSE228421_donor_celltype_axis_scores.tsv	P5	GSM7120466	baseline	nonlesional	True	keratinocyte	0.3059759184192718	6092.0	0.2046198629960757	6092.0	0.1160882130703995	6092.0	0.1391767599471975	6092.0	0.305221039359166	6092.0	0.2935589100192795	6092.0	1.125508767712075	6092.0	0.6295602354794102	6092.0																		
GSE228421_donor_celltype_axis_scores.tsv	P5	GSM7120466	baseline	nonlesional	True	mast_cell	0.255732530344316	71.0	0.1565569258711681	71.0	0.0999509902727149	71.0	0.1221318113368905	71.0	0.2535579689577211	71.0	0.2471201259936353	71.0	1.0289659934560174	71.0	0.5698136344146131	71.0																		
GSE228421_donor_celltype_axis_scores.tsv	P5	GSM7120466	baseline	nonlesional	True	melanocyte	0.3891260062086755	489.0	0.2718233413014161	489.0	0.1608841552627049	489.0	0.1863013674282975	489.0	0.3622570945914062	489.0	0.3392855772055065	489.0	1.1768917675236248	489.0	0.6801561141787763	489.0																		
GSE228421_donor_celltype_axis_scores.tsv	P5	GSM7120466	baseline	nonlesional	True	myeloid_monocyte	0.3249581170473448	231.0	0.2390075694295026	231.0	0.1711459818985867	231.0	0.1915176336590629	231.0	0.3937370884192619	231.0	0.3591917426157001	231.0	1.0338593663154467	231.0	0.642476755905434	231.0																		
GSE228421_donor_celltype_axis_scores.tsv	P5	GSM7120466	baseline	nonlesional	True	pericyte_smooth_muscle	0.3073717456156954	824.0	0.2207312564640076	824.0	0.1449780905000386	824.0	0.1785079678936378	824.0	0.3331272815014819	824.0	0.3579451705813011	824.0	1.3158141619821215	824.0	0.7346667860961204	824.0																		
GSE228421_donor_celltype_axis_scores.tsv	P5	GSM7120466	baseline	nonlesional	True	unassigned	0.2213292276114865	36.0	0.123563733663608	36.0	0.0635562269860228	36.0	0.0924559085603805	36.0	0.1626679706228188	36.0	0.1502547304316908	36.0	0.6523323972790288	36.0	0.3579390554678665	36.0																		
GSE228421_donor_celltype_axis_scores.tsv	P5	GSM7120467	day3	lesional	False	B_cell	0.2624042963383453	113.0	0.1889088742602476	113.0	0.1299071162027351	113.0	0.1383221484081564	113.0	0.3369553782792678	113.0	0.3321923416801249	113.0	1.3041468102737643	113.0	0.7380266213082013	113.0																		
GSE228421_donor_celltype_axis_scores.tsv	P5	GSM7120467	day3	lesional	False	NK_cell	0.2494290723367808	131.0	0.178913216966819	131.0	0.1253151227739022	131.0	0.1315507799737083	131.0	0.3111214543475893	131.0	0.3042860355884274	131.0	1.2931484355304252	131.0	0.7276053186102689	131.0																		
GSE228421_donor_celltype_axis_scores.tsv	P5	GSM7120467	day3	lesional	False	T_cell	0.2425122256927186	502.0	0.1706862349253819	502.0	0.1204868800227972	502.0	0.1256573169438494	502.0	0.3028711577911316	502.0	0.3026373812631246	502.0	1.310462361298706	502.0	0.7273708382654785	502.0																		
GSE228421_donor_celltype_axis_scores.tsv	P5	GSM7120467	day3	lesional	False	dendritic	0.2685046725109757	93.0	0.2074842914577286	93.0	0.1549672558498475	93.0	0.1593794789806007	93.0	0.3935821415644497	93.0	0.3625935502622449	93.0	1.291507833110403	93.0	0.7644284947414093	93.0																		
GSE228421_donor_celltype_axis_scores.tsv	P5	GSM7120467	day3	lesional	False	endothelial	0.3326143361116517	427.0	0.2432246073039403	427.0	0.1762653594856557	427.0	0.1936357496521472	427.0	0.4038337073669603	427.0	0.3779116818645404	427.0	1.2785600403426944	427.0	0.7371646260481746	427.0																		
GSE228421_donor_celltype_axis_scores.tsv	P5	GSM7120467	day3	lesional	False	fibroblast	0.3317946290084648	2180.0	0.2485534148144109	2180.0	0.166731670705126	2180.0	0.1989607822724061	2180.0	0.358291655807271	2180.0	0.3444457941798831	2180.0	1.1865941285090085	2180.0	0.6929255019198334	2180.0																		
GSE228421_donor_celltype_axis_scores.tsv	P5	GSM7120467	day3	lesional	False	keratinocyte	0.2771475355528321	10630.0	0.180765858913296	10630.0	0.1019947076100065	10630.0	0.1217114650830546	10630.0	0.276078231702425	10630.0	0.2614265753740677	10630.0	0.9568252210755334	10630.0	0.5374604121881715	10630.0																		
GSE228421_donor_celltype_axis_scores.tsv	P5	GSM7120467	day3	lesional	False	mast_cell	0.2200644785423297	236.0	0.1284702925350906	236.0	0.0735077108152447	236.0	0.0925822271311532	236.0	0.2063734914932329	236.0	0.1951318315842655	236.0	0.8940391967927735	236.0	0.4890657243571898	236.0																		
GSE228421_donor_celltype_axis_scores.tsv	P5	GSM7120467	day3	lesional	False	melanocyte	0.3947425570998473	84.0	0.2757307504882427	84.0	0.160521508459424	84.0	0.1849904593694029	84.0	0.3795142469868041	84.0	0.3402973179895601	84.0	0.9868988328097738	84.0	0.5930755844461302	84.0																		
GSE228421_donor_celltype_axis_scores.tsv	P5	GSM7120467	day3	lesional	False	myeloid_monocyte	0.2764000555342729	439.0	0.2100633692792814	439.0	0.152908834085636	439.0	0.1617506190867213	439.0	0.3834963583289122	439.0	0.3376476579866206	439.0	1.1651075575263448	439.0	0.6965239853801529	439.0																		
GSE228421_donor_celltype_axis_scores.tsv	P5	GSM7120467	day3	lesional	False	pericyte_smooth_muscle	0.3102447890488151	492.0	0.2265479240637395	492.0	0.1600491726491837	492.0	0.1819503675904848	492.0	0.371792426809229	492.0	0.3663238765070823	492.0	1.3080867652830104	492.0	0.7381798830126053	492.0																		
GSE228421_donor_celltype_axis_scores.tsv	P5	GSM7120468	day14	lesional	False	B_cell	0.321256208088089	38.0	0.2292837627437215	38.0	0.1542743191096261	38.0	0.1726503102190946	38.0	0.3913172240419856	38.0	0.3701390384398157	38.0	1.2446149932153403	38.0	0.7271801297892247	38.0																		
GSE228421_donor_celltype_axis_scores.tsv	P5	GSM7120468	day14	lesional	False	NK_cell	0.2909701407691076	7.0	0.20208277993192	7.0	0.1490065900164438	7.0	0.1588908600663584	7.0	0.3204922956790495	7.0	0.3363166488070744	7.0	1.29871606072352	7.0	0.7415852187735829	7.0																		
GSE228421_donor_celltype_axis_scores.tsv	P5	GSM7120468	day14	lesional	False	T_cell	0.2664367619851384	54.0	0.1867414233988256	54.0	0.1291971430028428	54.0	0.1433225232817657	54.0	0.3059436026854853	54.0	0.312774000629668	54.0	1.303234138366102	54.0	0.7287724640017053	54.0																		
GSE228421_donor_celltype_axis_scores.tsv	P5	GSM7120468	day14	lesional	False	dendritic	0.3050378476576681	55.0	0.2243400194859141	55.0	0.1597734211718779	55.0	0.1758540800316116	55.0	0.3698267745243294	55.0	0.3538063805334933	55.0	1.211164058535155	55.0	0.7254888571526397	55.0																		
GSE228421_donor_celltype_axis_scores.tsv	P5	GSM7120468	day14	lesional	False	endothelial	0.3054711858942956	81.0	0.2212483594829785	81.0	0.164045080831183	81.0	0.1897653223626425	81.0	0.3323620066590119	81.0	0.3283707079087263	81.0	1.0661989352915695	81.0	0.6180120649066263	81.0																		
GSE228421_donor_celltype_axis_scores.tsv	P5	GSM7120468	day14	lesional	False	fibroblast	0.2818963686289827	1388.0	0.1851591248776883	1388.0	0.1166814843098059	1388.0	0.1656678232745461	1388.0	0.1896511252440321	1388.0	0.1994555897940398	1388.0	0.5650830959986294	1388.0	0.3355306394971366	1388.0																		
GSE228421_donor_celltype_axis_scores.tsv	P5	GSM7120468	day14	lesional	False	keratinocyte	0.2763823677304192	13136.0	0.1748937241844868	13136.0	0.0990187907275816	13136.0	0.131311099977562	13136.0	0.2229303956342575	13136.0	0.2154183074004724	13136.0	0.7031410416111417	13136.0	0.405200458614785	13136.0																		
GSE228421_donor_celltype_axis_scores.tsv	P5	GSM7120468	day14	lesional	False	mast_cell	0.2514364764796458	437.0	0.1408879031250695	437.0	0.0770064928365587	437.0	0.1043545025371608	437.0	0.214865071826301	437.0	0.2051297968899105	437.0	0.9639098573168904	437.0	0.5222866749427939	437.0																		
GSE228421_donor_celltype_axis_scores.tsv	P5	GSM7120468	day14	lesional	False	melanocyte	0.4062562382603235	90.0	0.283651996911693	90.0	0.1656252005251062	90.0	0.1912058402683644	90.0	0.3866571482532795	90.0	0.3433039327558717	90.0	0.9579424206274624	90.0	0.5791673364718481	90.0																		
GSE228421_donor_celltype_axis_scores.tsv	P5	GSM7120468	day14	lesional	False	myeloid_monocyte	0.3299975080263861	113.0	0.2466738709803259	113.0	0.181800531187544	113.0	0.1975820150294242	113.0	0.4219870334314198	113.0	0.3753874453488198	113.0	1.2049417796054822	113.0	0.7330570357091367	113.0																		
GSE228421_donor_celltype_axis_scores.tsv	P5	GSM7120468	day14	lesional	False	pericyte_smooth_muscle	0.29408579608838	309.0	0.2018961380765855	309.0	0.1452138611407771	309.0	0.1810241227117524	309.0	0.2648367850299183	309.0	0.2668740468738305	309.0	0.7831986597610744	309.0	0.4595491808007172	309.0																		
GSE228421_baseline_LS_vs_NL_donor_statistics.tsv						B_cell																	F1	CORE	5.0	-0.0328631540491555	-0.0441875700113731	-0.0218684505950886	0.0909090909090909	0.3636363636363636										
GSE228421_baseline_LS_vs_NL_donor_statistics.tsv						NK_cell																	F1	CORE	5.0	-0.0103785412906443	-0.0519386096666761	0.0311815270853875	0.7575757575757576	0.8658008658008657										
GSE228421_baseline_LS_vs_NL_donor_statistics.tsv						T_cell																	F1	CORE	5.0	0.0088149994449272	-0.0176912841392714	0.0404364347738421	0.696969696969697	0.8578088578088577										
GSE228421_baseline_LS_vs_NL_donor_statistics.tsv						dendritic																	F1	CORE	5.0	-0.0219871114992296	-0.0322121293789043	-0.0067343305025331	0.1515151515151515	0.4242424242424242										
GSE228421_baseline_LS_vs_NL_donor_statistics.tsv						endothelial																	F1	CORE	5.0	-0.0093456833275955	-0.0206468572219474	0.0054528210267728	0.2727272727272727	0.4675324675324675										
GSE228421_baseline_LS_vs_NL_donor_statistics.tsv						fibroblast																	F1	CORE	5.0	-0.0162625387830986	-0.0297951434291016	-0.0031444913633948	0.1515151515151515	0.4242424242424242										
GSE228421_baseline_LS_vs_NL_donor_statistics.tsv						keratinocyte																	F1	CORE	5.0	0.0353959104685868	0.0245614500059623	0.0462303709312114	0.0909090909090909	0.3636363636363636										
GSE228421_baseline_LS_vs_NL_donor_statistics.tsv						mast_cell																	F1	CORE	5.0	-0.0455330957776567	-0.0553104333350619	-0.0356040510700592	0.0909090909090909	0.3636363636363636										
GSE228421_baseline_LS_vs_NL_donor_statistics.tsv						melanocyte																	F1	CORE	5.0	-0.0171622540232056	-0.0292182355911165	-0.0049115372837428	0.1515151515151515	0.4242424242424242										
GSE228421_baseline_LS_vs_NL_donor_statistics.tsv						myeloid_monocyte																	F1	CORE	5.0	-0.0300241755203284	-0.0465553221544129	-0.0075769637348671	0.1515151515151515	0.4242424242424242										
GSE228421_baseline_LS_vs_NL_donor_statistics.tsv						pericyte_smooth_muscle																	F1	CORE	5.0	-0.000313483415227	-0.0128723011420939	0.0129452757521838	1.0	1.0										
GSE228421_baseline_LS_vs_NL_donor_statistics.tsv						unassigned																	F1	CORE	3.0	-0.0779574284842412	-0.1401624787897488	0.0008698530676067	0.5555555555555556	0.7896103896103898										
GSE228421_baseline_LS_vs_NL_donor_statistics.tsv						B_cell																	F1	EXTENDED	5.0	-0.0221246216801504	-0.0329435991053978	-0.0119873018930911	0.0909090909090909	0.3636363636363636										
GSE228421_baseline_LS_vs_NL_donor_statistics.tsv						NK_cell																	F1	EXTENDED	5.0	0.006872098652069	-0.0165714449438123	0.0350924367533078	0.7575757575757576	0.808080808080808										
GSE228421_baseline_LS_vs_NL_donor_statistics.tsv						T_cell																	F1	EXTENDED	5.0	0.0060075073082741	-0.0147350841362493	0.02871356281698	0.696969696969697	0.808080808080808										
GSE228421_baseline_LS_vs_NL_donor_statistics.tsv						dendritic																	F1	EXTENDED	5.0	-0.0160854390368087	-0.0236826326587392	-0.0038695247921876	0.1515151515151515	0.3827751196172249										
GSE228421_baseline_LS_vs_NL_donor_statistics.tsv						endothelial																	F1	EXTENDED	5.0	-0.00582594863961	-0.0140892401739155	0.0031901666373054	0.3333333333333333	0.4848484848484848										
GSE228421_baseline_LS_vs_NL_donor_statistics.tsv						fibroblast																	F1	EXTENDED	5.0	-0.0112701829057918	-0.0236162298264567	0.001075864014873	0.2121212121212121	0.4242424242424242										
GSE228421_baseline_LS_vs_NL_donor_statistics.tsv						keratinocyte																	F1	EXTENDED	5.0	0.0251948035317472	0.0164709456296011	0.0339186614338932	0.0909090909090909	0.3636363636363636										
GSE228421_baseline_LS_vs_NL_donor_statistics.tsv						mast_cell																	F1	EXTENDED	5.0	-0.0338617170310819	-0.0368032641264582	-0.0308546286462774	0.0909090909090909	0.3636363636363636										
GSE228421_baseline_LS_vs_NL_donor_statistics.tsv						melanocyte																	F1	EXTENDED	5.0	-0.0116679893835353	-0.0200442668471287	-0.0019903374540652	0.1515151515151515	0.3827751196172249										
GSE228421_baseline_LS_vs_NL_donor_statistics.tsv						myeloid_monocyte																	F1	EXTENDED	5.0	-0.0227101676264962	-0.0366069502911752	-0.0028099505409799	0.1515151515151515	0.3827751196172249										
GSE228421_baseline_LS_vs_NL_donor_statistics.tsv						pericyte_smooth_muscle																	F1	EXTENDED	5.0	-0.002131593594947	-0.0113076149567106	0.0071893324635467	0.8787878787878788	0.897485493230174										
GSE228421_baseline_LS_vs_NL_donor_statistics.tsv						unassigned																	F1	EXTENDED	3.0	-0.0495209783987734	-0.068047857451073	-0.0240871260953624	0.3333333333333333	0.4848484848484848										
GSE228421_baseline_LS_vs_NL_donor_statistics.tsv						B_cell																	F2	CORE	5.0	-0.0174230886385593	-0.0297291748023638	-0.0056176069443759	0.0909090909090909	0.3636363636363636										
GSE228421_baseline_LS_vs_NL_donor_statistics.tsv						NK_cell																	F2	CORE	5.0	0.0148332965518864	0.0003129721699097	0.031591552946195	0.2121212121212121	0.4242424242424242										
GSE228421_baseline_LS_vs_NL_donor_statistics.tsv						T_cell																	F2	CORE	5.0	0.0061533421145198	-0.0112276404657904	0.0245933791400572	0.6363636363636364	0.8038277511961723										
GSE228421_baseline_LS_vs_NL_donor_statistics.tsv						dendritic																	F2	CORE	5.0	-0.0095329275255318	-0.0174468187331574	-0.0003171785082276	0.2121212121212121	0.4242424242424242										
GSE228421_baseline_LS_vs_NL_donor_statistics.tsv						endothelial																	F2	CORE	5.0	0.0024749811981736	-0.004041910333789	0.0091462398849188	0.6363636363636364	0.8038277511961723										
GSE228421_baseline_LS_vs_NL_donor_statistics.tsv						fibroblast																	F2	CORE	5.0	-0.0032580129987681	-0.0129532182994527	0.007062723165586	0.5757575757575758	0.7896103896103898										
GSE228421_baseline_LS_vs_NL_donor_statistics.tsv						keratinocyte																	F2	CORE	5.0	0.0152068552025566	0.0101339144881021	0.0202797959170111	0.0909090909090909	0.3636363636363636										
GSE228421_baseline_LS_vs_NL_donor_statistics.tsv						mast_cell																	F2	CORE	5.0	-0.0250919617260878	-0.0326769803214995	-0.0186932243841433	0.0909090909090909	0.3636363636363636										
GSE228421_baseline_LS_vs_NL_donor_statistics.tsv						melanocyte																	F2	CORE	5.0	-0.0072218572968355	-0.0132515995767119	-0.0002437108113259	0.2121212121212121	0.4242424242424242										
GSE228421_baseline_LS_vs_NL_donor_statistics.tsv						myeloid_monocyte																	F2	CORE	5.0	-0.0162775695569178	-0.0270850370004789	-0.0001825716764343	0.1515151515151515	0.4242424242424242										
GSE228421_baseline_LS_vs_NL_donor_statistics.tsv						pericyte_smooth_muscle																	F2	CORE	5.0	0.008890418581604	0.0002965020140988	0.0174843351491093	0.2727272727272727	0.4675324675324675										
GSE228421_baseline_LS_vs_NL_donor_statistics.tsv						unassigned																	F2	CORE	3.0	-0.0247199158892766	-0.0316135975768419	-0.0204299253002135	0.3333333333333333	0.5161290322580645										
GSE228421_baseline_LS_vs_NL_donor_statistics.tsv						B_cell																	F2	EXTENDED	5.0	-0.0257938672569882	-0.0382420696451988	-0.0133456648687776	0.0909090909090909	0.3636363636363636										
GSE228421_baseline_LS_vs_NL_donor_statistics.tsv						NK_cell																	F2	EXTENDED	5.0	0.0040423570696347	-0.0096166091288738	0.0212237461914832	0.7575757575757576	0.808080808080808										
GSE228421_baseline_LS_vs_NL_donor_statistics.tsv						T_cell																	F2	EXTENDED	5.0	0.0036223360029437	-0.0101214513564007	0.0191965047841061	0.696969696969697	0.808080808080808										
GSE228421_baseline_LS_vs_NL_donor_statistics.tsv						dendritic																	F2	EXTENDED	5.0	-0.0116715590767865	-0.016395501890217	-0.0050058359568662	0.1515151515151515	0.3827751196172249										
GSE228421_baseline_LS_vs_NL_donor_statistics.tsv						endothelial																	F2	EXTENDED	5.0	-0.0010137672915843	-0.0065736365504269	0.0050342454931622	0.7575757575757576	0.808080808080808										
GSE228421_baseline_LS_vs_NL_donor_statistics.tsv						fibroblast																	F2	EXTENDED	5.0	-0.0068259082672429	-0.0180283800303232	0.0043765634958373	0.3939393939393939	0.5252525252525252										
GSE228421_baseline_LS_vs_NL_donor_statistics.tsv						keratinocyte																	F2	EXTENDED	5.0	0.0135539892206893	0.0076632126602785	0.0187845287761312	0.0909090909090909	0.3636363636363636										
GSE228421_baseline_LS_vs_NL_donor_statistics.tsv						mast_cell																	F2	EXTENDED	5.0	-0.0257063755211346	-0.0285511331873995	-0.0228430960706721	0.0909090909090909	0.3636363636363636										
GSE228421_baseline_LS_vs_NL_donor_statistics.tsv						melanocyte																	F2	EXTENDED	5.0	-0.0116576023870405	-0.0180629290285768	-0.0033808440345865	0.1515151515151515	0.3827751196172249										
GSE228421_baseline_LS_vs_NL_donor_statistics.tsv						myeloid_monocyte																	F2	EXTENDED	5.0	-0.0200188657909108	-0.0285110726631466	-0.0069063591772344	0.1515151515151515	0.3827751196172249										
GSE228421_baseline_LS_vs_NL_donor_statistics.tsv						pericyte_smooth_muscle																	F2	EXTENDED	5.0	0.0033155798505085	-0.0039724346784769	0.010603594379494	0.4545454545454545	0.5896805896805897										
GSE228421_baseline_LS_vs_NL_donor_statistics.tsv						unassigned																	F2	EXTENDED	3.0	-0.0317210775619425	-0.0448151948536189	-0.0183705225024879	0.3333333333333333	0.4848484848484848										
GSE228421_baseline_LS_vs_NL_donor_statistics.tsv						B_cell																	F6	CORE	5.0	-0.0023861859848738	-0.0210561241741533	0.0162837522044056	0.9393939393939394	0.9802371541501976										
GSE228421_baseline_LS_vs_NL_donor_statistics.tsv						NK_cell																	F6	CORE	5.0	0.0484263744970518	0.0075660244358378	0.0877382206745821	0.2121212121212121	0.4242424242424242										
GSE228421_baseline_LS_vs_NL_donor_statistics.tsv						T_cell																	F6	CORE	5.0	0.0177100846426685	-0.0175429497104363	0.0591018722663735	0.5757575757575758	0.7896103896103898										
GSE228421_baseline_LS_vs_NL_donor_statistics.tsv						dendritic																	F6	CORE	5.0	-0.0282295720716439	-0.0550457195647048	0.006026454607992	0.2121212121212121	0.4242424242424242										
GSE228421_baseline_LS_vs_NL_donor_statistics.tsv						endothelial																	F6	CORE	5.0	-0.001943672308004	-0.018709163928521	0.0163437680417941	0.8787878787878788	0.9586776859504132										
GSE228421_baseline_LS_vs_NL_donor_statistics.tsv						fibroblast																	F6	CORE	5.0	-0.0064722079636514	-0.0304371451585267	0.0196620219097886	0.6363636363636364	0.8038277511961723										
GSE228421_baseline_LS_vs_NL_donor_statistics.tsv						keratinocyte																	F6	CORE	5.0	0.0493424829787933	0.0386122224375777	0.0620076557120946	0.0909090909090909	0.3636363636363636										
GSE228421_baseline_LS_vs_NL_donor_statistics.tsv						mast_cell																	F6	CORE	5.0	-0.0650293454514083	-0.0829706906692276	-0.0491664020005284	0.0909090909090909	0.3636363636363636										
GSE228421_baseline_LS_vs_NL_donor_statistics.tsv						melanocyte																	F6	CORE	5.0	0.0016047944707838	-0.0085478907683313	0.012344429622302	0.7575757575757576	0.8658008658008657										
GSE228421_baseline_LS_vs_NL_donor_statistics.tsv						myeloid_monocyte																	F6	CORE	5.0	-0.0250490750805996	-0.0594410614085996	0.0196648543835471	0.3333333333333333	0.5161290322580645										
GSE228421_baseline_LS_vs_NL_donor_statistics.tsv						pericyte_smooth_muscle																	F6	CORE	5.0	0.0069145921679626	-0.0135512771609566	0.0326664118322057	0.7575757575757576	0.8658008658008657										
GSE228421_baseline_LS_vs_NL_donor_statistics.tsv						unassigned																	F6	CORE	3.0	-0.0487300500443804	-0.0748493576082589	-0.0116675699087467	0.3333333333333333	0.5161290322580645										
GSE228421_baseline_LS_vs_NL_donor_statistics.tsv						B_cell																	F6	EXTENDED	5.0	0.0031143079844698	-0.0081716934299809	0.0138473915266422	0.6363636363636364	0.7832167832167832										
GSE228421_baseline_LS_vs_NL_donor_statistics.tsv						NK_cell																	F6	EXTENDED	5.0	0.0336874062622313	-0.0013960704282596	0.0687708829527224	0.2727272727272727	0.4848484848484848										
GSE228421_baseline_LS_vs_NL_donor_statistics.tsv						T_cell																	F6	EXTENDED	5.0	0.0068985371152219	-0.0236304994564361	0.0408701377644427	0.7575757575757576	0.808080808080808										
GSE228421_baseline_LS_vs_NL_donor_statistics.tsv						dendritic																	F6	EXTENDED	5.0	-0.0178331993776554	-0.0370697687145117	0.0065864318389785	0.2121212121212121	0.4242424242424242										
GSE228421_baseline_LS_vs_NL_donor_statistics.tsv						endothelial																	F6	EXTENDED	5.0	-0.0146241059586812	-0.026444273422065	-0.0022144851207133	0.2121212121212121	0.4242424242424242										
GSE228421_baseline_LS_vs_NL_donor_statistics.tsv						fibroblast																	F6	EXTENDED	5.0	-0.021796079136084	-0.0431774665729859	0.0012378857312845	0.2727272727272727	0.4848484848484848										
GSE228421_baseline_LS_vs_NL_donor_statistics.tsv						keratinocyte																	F6	EXTENDED	5.0	0.0445161233347499	0.0373436204672128	0.0538554092299052	0.0909090909090909	0.3636363636363636										
GSE228421_baseline_LS_vs_NL_donor_statistics.tsv						mast_cell																	F6	EXTENDED	5.0	-0.0671947331114901	-0.0791153837132476	-0.0577367916413537	0.0909090909090909	0.3636363636363636										
GSE228421_baseline_LS_vs_NL_donor_statistics.tsv						melanocyte																	F6	EXTENDED	5.0	-0.0135247752740486	-0.0213737848069403	-0.0056757657411568	0.0909090909090909	0.3636363636363636										
GSE228421_baseline_LS_vs_NL_donor_statistics.tsv						myeloid_monocyte																	F6	EXTENDED	5.0	-0.02584832315068	-0.0526025541683563	0.0053236976824921	0.2727272727272727	0.4848484848484848										
GSE228421_baseline_LS_vs_NL_donor_statistics.tsv						pericyte_smooth_muscle																	F6	EXTENDED	5.0	-0.0094361736334642	-0.0252018558414867	0.009089475937713	0.3333333333333333	0.4848484848484848										
GSE228421_baseline_LS_vs_NL_donor_statistics.tsv						unassigned																	F6	EXTENDED	3.0	-0.0422826834715293	-0.0676694558068607	-0.0111956211164494	0.3333333333333333	0.4848484848484848										
GSE228421_baseline_LS_vs_NL_donor_statistics.tsv						B_cell																	F7	CORE	5.0	0.1085110606183501	0.0306509374257622	0.1910179156408531	0.0909090909090909	0.3636363636363636										
GSE228421_baseline_LS_vs_NL_donor_statistics.tsv						NK_cell																	F7	CORE	5.0	0.1205051573391503	0.0088509530179001	0.2592505884157169	0.2121212121212121	0.4242424242424242										
GSE228421_baseline_LS_vs_NL_donor_statistics.tsv						T_cell																	F7	CORE	5.0	-0.0790563919754315	-0.1658207196715816	0.0077079357207185	0.2727272727272727	0.4675324675324675										
GSE228421_baseline_LS_vs_NL_donor_statistics.tsv						dendritic																	F7	CORE	5.0	-0.0101134493954805	-0.0969442117047168	0.0744406549010825	0.9393939393939394	0.9802371541501976										
GSE228421_baseline_LS_vs_NL_donor_statistics.tsv						endothelial																	F7	CORE	5.0	-0.1047018011008313	-0.1433365215704282	-0.0495916612065527	0.0909090909090909	0.3636363636363636										
GSE228421_baseline_LS_vs_NL_donor_statistics.tsv						fibroblast																	F7	CORE	5.0	-0.096919043137239	-0.1852251724003067	-0.0086129138741714	0.2121212121212121	0.4242424242424242										
GSE228421_baseline_LS_vs_NL_donor_statistics.tsv						keratinocyte																	F7	CORE	5.0	-0.0088743459572631	-0.0522724559553573	0.024156488978645	0.8787878787878788	0.9586776859504132										
GSE228421_baseline_LS_vs_NL_donor_statistics.tsv						mast_cell																	F7	CORE	5.0	-0.2786225968154637	-0.3086536553099283	-0.2394910960255704	0.0909090909090909	0.3636363636363636										
GSE228421_baseline_LS_vs_NL_donor_statistics.tsv						melanocyte																	F7	CORE	5.0	-0.1271804908341625	-0.1636786535458472	-0.0957116838844862	0.0909090909090909	0.3636363636363636										
GSE228421_baseline_LS_vs_NL_donor_statistics.tsv						myeloid_monocyte																	F7	CORE	5.0	0.003105733326991	-0.1091976000860368	0.1154090667400189	1.0	1.0										
GSE228421_baseline_LS_vs_NL_donor_statistics.tsv						pericyte_smooth_muscle																	F7	CORE	5.0	-0.0456388846300829	-0.0982382040061995	0.0069604347460335	0.2727272727272727	0.4675324675324675										
GSE228421_baseline_LS_vs_NL_donor_statistics.tsv						unassigned																	F7	CORE	3.0	-0.0913363976183525	-0.2321441486099944	0.125014256781142	0.5555555555555556	0.7896103896103898										
GSE228421_baseline_LS_vs_NL_donor_statistics.tsv						B_cell																	F7	EXTENDED	5.0	0.0542458708156034	0.0175350212105261	0.091017390910632	0.0909090909090909	0.3636363636363636										
GSE228421_baseline_LS_vs_NL_donor_statistics.tsv						NK_cell																	F7	EXTENDED	5.0	0.0658447570462294	0.0012065294022601	0.1254822315086992	0.2121212121212121	0.4242424242424242										
GSE228421_baseline_LS_vs_NL_donor_statistics.tsv						T_cell																	F7	EXTENDED	5.0	-0.0341504867170694	-0.0892043032177595	0.0215402113990884	0.3939393939393939	0.5252525252525252										
GSE228421_baseline_LS_vs_NL_donor_statistics.tsv						dendritic																	F7	EXTENDED	5.0	-0.0086865038595689	-0.0566480157136846	0.0392750079945466	0.8787878787878788	0.897485493230174										
GSE228421_baseline_LS_vs_NL_donor_statistics.tsv						endothelial																	F7	EXTENDED	5.0	-0.0494076657262329	-0.0734534405117683	-0.0160902644854773	0.1515151515151515	0.3827751196172249										
GSE228421_baseline_LS_vs_NL_donor_statistics.tsv						fibroblast																	F7	EXTENDED	5.0	-0.0475452182155898	-0.0987433790705924	0.0036529426394127	0.2121212121212121	0.4242424242424242										
GSE228421_baseline_LS_vs_NL_donor_statistics.tsv						keratinocyte																	F7	EXTENDED	5.0	0.0114327156889978	-0.010469760892724	0.0276284100377049	0.3939393939393939	0.5252525252525252										
GSE228421_baseline_LS_vs_NL_donor_statistics.tsv						mast_cell																	F7	EXTENDED	5.0	-0.1519857875680262	-0.1640226131097486	-0.1387938331927642	0.0909090909090909	0.3636363636363636										
GSE228421_baseline_LS_vs_NL_donor_statistics.tsv						melanocyte																	F7	EXTENDED	5.0	-0.0632473363249224	-0.0774136018485953	-0.0492500718562473	0.0909090909090909	0.3636363636363636										
GSE228421_baseline_LS_vs_NL_donor_statistics.tsv						myeloid_monocyte																	F7	EXTENDED	5.0	-0.0064219550573463	-0.0707741838532924	0.0579302737385997	0.9393939393939394	0.9393939393939394										
GSE228421_baseline_LS_vs_NL_donor_statistics.tsv						pericyte_smooth_muscle																	F7	EXTENDED	5.0	-0.0209928208075898	-0.0508576920902581	0.0088720504750784	0.3333333333333333	0.4848484848484848										
GSE228421_baseline_LS_vs_NL_donor_statistics.tsv						unassigned																	F7	EXTENDED	3.0	-0.0688993999876432	-0.1438148924208443	0.0326630194101391	0.5555555555555556	0.7017543859649124										
GSE228421_cell_type_localization.tsv																							F1	CORE							melanocyte	0.3742626725162416	keratinocyte	0.3082690343685519	0.0659936381476896	12.0				
GSE228421_cell_type_localization.tsv																							F1	EXTENDED							melanocyte	0.2620504664632174	fibroblast	0.2276928781820355	0.0343575882811819	12.0				
GSE228421_cell_type_localization.tsv																							F2	CORE							fibroblast	0.158426959924406	melanocyte	0.1573585396993123	0.0010684202250937	12.0				
GSE228421_cell_type_localization.tsv																							F2	EXTENDED							fibroblast	0.1893635311518826	melanocyte	0.1776889598818281	0.0116745712700545	12.0				
GSE228421_cell_type_localization.tsv																							F6	CORE							melanocyte	0.374288455942934	dendritic	0.3532872473531768	0.0210012085897571	12.0				
GSE228421_cell_type_localization.tsv																							F6	EXTENDED							dendritic	0.3371602938108785	pericyte_smooth_muscle	0.333408008526879	0.0037522852839994	12.0				
GSE228421_cell_type_localization.tsv																							F7	CORE							pericyte_smooth_muscle	1.2247354401601265	NK_cell	1.2243190180997618	0.0004164220603646	12.0				
GSE228421_cell_type_localization.tsv																							F7	EXTENDED							dendritic	0.7072715261488159	NK_cell	0.691057097942407	0.0162144282064089	12.0				
GSE228421_program_dropout_robustness.tsv																							F1														0.9553004332008016	236.0		
GSE228421_program_dropout_robustness.tsv																							F2														0.972925178141847	236.0		
GSE228421_program_dropout_robustness.tsv																							F6														0.9464985598013392	236.0		
GSE228421_program_dropout_robustness.tsv																							F7														0.976219147566726	236.0		
GSE228421_treatment_timepoint_sensitivity.tsv						B_cell																	F1	CORE	5.0		0.0016985198027519	0.0257731455149714	0.2121212121212121	0.9696969696969696									day3_minus_baseline_lesional	0.0131801610143758
GSE228421_treatment_timepoint_sensitivity.tsv						B_cell																	F1	CORE	5.0		0.0317870371320846	0.0651263347357051	0.0909090909090909	0.9696969696969696									day14_minus_baseline_lesional	0.048470199793963
GSE228421_treatment_timepoint_sensitivity.tsv						NK_cell																	F1	CORE	5.0		-0.0398212292304783	0.0172983643553355	0.5757575757575758	0.9696969696969696									day3_minus_baseline_lesional	-0.0112614324375713
GSE228421_treatment_timepoint_sensitivity.tsv						NK_cell																	F1	CORE	5.0		0.0023091921573515	0.0674597854582624	0.1515151515151515	0.9696969696969696									day14_minus_baseline_lesional	0.0330493304796005
GSE228421_treatment_timepoint_sensitivity.tsv						T_cell																	F1	CORE	5.0		-0.0305962485139742	0.0130573621671243	0.5757575757575758	0.9696969696969696									day3_minus_baseline_lesional	-0.0087694431734249
GSE228421_treatment_timepoint_sensitivity.tsv						T_cell																	F1	CORE	5.0		-0.0109787558423424	0.0519418686468518	0.4545454545454545	0.9696969696969696									day14_minus_baseline_lesional	0.017809711301433
GSE228421_treatment_timepoint_sensitivity.tsv						dendritic																	F1	CORE	5.0		-0.0187590886281626	0.0225553537646252	0.8787878787878788	0.9925133689839571									day3_minus_baseline_lesional	0.0012111625166631
GSE228421_treatment_timepoint_sensitivity.tsv						dendritic																	F1	CORE	5.0		0.0157359634695303	0.0789332107137654	0.0909090909090909	0.9696969696969696									day14_minus_baseline_lesional	0.0416752722172029
GSE228421_treatment_timepoint_sensitivity.tsv						endothelial																	F1	CORE	5.0		-0.0003456997517718	0.0444069783874576	0.2727272727272727	0.9696969696969696									day3_minus_baseline_lesional	0.0208836874655199
GSE228421_treatment_timepoint_sensitivity.tsv						endothelial																	F1	CORE	5.0		-0.0075509515164635	0.0688417882541751	0.3939393939393939	0.9696969696969696									day14_minus_baseline_lesional	0.0296875000176769
GSE228421_treatment_timepoint_sensitivity.tsv						fibroblast																	F1	CORE	5.0		-0.0033380451657286	0.0575589677827362	0.4545454545454545	0.9696969696969696									day3_minus_baseline_lesional	0.0247837835371517
GSE228421_treatment_timepoint_sensitivity.tsv						fibroblast																	F1	CORE	5.0		-0.0166695180208222	0.0888743278998082	0.3939393939393939	0.9696969696969696									day14_minus_baseline_lesional	0.033441224848646
GSE228421_treatment_timepoint_sensitivity.tsv						keratinocyte																	F1	CORE	5.0		-0.0320145855984942	0.0676542792482157	0.4545454545454545	0.9696969696969696									day3_minus_baseline_lesional	0.0255812618138735
GSE228421_treatment_timepoint_sensitivity.tsv						keratinocyte																	F1	CORE	5.0		-0.0273738381493859	0.0888702302704117	0.3333333333333333	0.9696969696969696									day14_minus_baseline_lesional	0.039258044942552
GSE228421_treatment_timepoint_sensitivity.tsv						mast_cell																	F1	CORE	5.0		-0.0157128037224453	0.017347591711216	1.0	1.0									day3_minus_baseline_lesional	0.0006898056710122
GSE228421_treatment_timepoint_sensitivity.tsv						mast_cell																	F1	CORE	5.0		0.0158276190725945	0.0700092703959916	0.1515151515151515	0.9696969696969696									day14_minus_baseline_lesional	0.0431892655257157
GSE228421_treatment_timepoint_sensitivity.tsv						melanocyte																	F1	CORE	5.0		-0.0126922992986401	0.0349721735645244	0.5151515151515151	0.9696969696969696									day3_minus_baseline_lesional	0.0116325918297417
GSE228421_treatment_timepoint_sensitivity.tsv						melanocyte																	F1	CORE	5.0		0.0159923801973519	0.065177591604828	0.0909090909090909	0.9696969696969696									day14_minus_baseline_lesional	0.0399714235482504
GSE228421_treatment_timepoint_sensitivity.tsv						myeloid_monocyte																	F1	CORE	5.0		-0.0092972868629973	0.0486742388447121	0.5151515151515151	0.9696969696969696									day3_minus_baseline_lesional	0.0167512007602272
GSE228421_treatment_timepoint_sensitivity.tsv						myeloid_monocyte																	F1	CORE	5.0		0.0234328809928169	0.0842948648958412	0.0909090909090909	0.9696969696969696									day14_minus_baseline_lesional	0.0498308432473646
GSE228421_treatment_timepoint_sensitivity.tsv						pericyte_smooth_muscle																	F1	CORE	5.0		-0.0043528759749126	0.0262586914178954	0.3333333333333333	0.9696969696969696									day3_minus_baseline_lesional	0.0109529077214914
GSE228421_treatment_timepoint_sensitivity.tsv						pericyte_smooth_muscle																	F1	CORE	5.0		0.0015828385475871	0.0703867309919507	0.2121212121212121	0.9696969696969696									day14_minus_baseline_lesional	0.032093730080024
GSE228421_treatment_timepoint_sensitivity.tsv						unassigned																	F1	CORE	2.0		0.0367891015126441	0.1482461675237327	0.6	0.9696969696969696									day3_minus_baseline_lesional	0.0925176345181884
GSE228421_treatment_timepoint_sensitivity.tsv						unassigned																	F1	CORE	2.0		0.0361523245480139	0.0825933481892944	0.6	0.9696969696969696									day14_minus_baseline_lesional	0.0593728363686541
GSE228421_treatment_timepoint_sensitivity.tsv						B_cell																	F1	EXTENDED	5.0		-0.0034932375969796	0.0239316873629193	0.2727272727272727	0.9324009324009322									day3_minus_baseline_lesional	0.0097686731030492
GSE228421_treatment_timepoint_sensitivity.tsv						B_cell																	F1	EXTENDED	5.0		0.0137156691246941	0.0429511568773239	0.0909090909090909	0.9324009324009322									day14_minus_baseline_lesional	0.028333413001009
GSE228421_treatment_timepoint_sensitivity.tsv						NK_cell																	F1	EXTENDED	5.0		-0.0327432234686454	0.0250504103909221	0.7575757575757576	0.9324009324009322									day3_minus_baseline_lesional	-0.0055236826879165
GSE228421_treatment_timepoint_sensitivity.tsv						NK_cell																	F1	EXTENDED	5.0		-0.0075234235680844	0.057571393935181	0.2727272727272727	0.9324009324009322									day14_minus_baseline_lesional	0.0230090501997296
GSE228421_treatment_timepoint_sensitivity.tsv						T_cell																	F1	EXTENDED	5.0		-0.0198113551602519	0.0165521874502979	0.8787878787878788	0.9373737373737372									day3_minus_baseline_lesional	-0.0024317339347243
GSE228421_treatment_timepoint_sensitivity.tsv						T_cell																	F1	EXTENDED	5.0		-0.01009656683919	0.0343811639606823	0.5151515151515151	0.9324009324009322									day14_minus_baseline_lesional	0.0107409352295913
GSE228421_treatment_timepoint_sensitivity.tsv						dendritic																	F1	EXTENDED	5.0		-0.007638652677235	0.028416625747719	0.7575757575757576	0.9324009324009322									day3_minus_baseline_lesional	0.0074514760895308
GSE228421_treatment_timepoint_sensitivity.tsv						dendritic																	F1	EXTENDED	5.0		0.0087009595753664	0.0554974435044977	0.0909090909090909	0.9324009324009322									day14_minus_baseline_lesional	0.0270768708770116
GSE228421_treatment_timepoint_sensitivity.tsv						endothelial																	F1	EXTENDED	5.0		-0.0098965675656564	0.0359867620508261	0.6363636363636364	0.9324009324009322									day3_minus_baseline_lesional	0.011023883389418
GSE228421_treatment_timepoint_sensitivity.tsv						endothelial																	F1	EXTENDED	5.0		-0.0160557834103245	0.049038926301186	0.5757575757575758	0.9324009324009322									day14_minus_baseline_lesional	0.0139701311008254
GSE228421_treatment_timepoint_sensitivity.tsv						fibroblast																	F1	EXTENDED	5.0		-0.012136917975987	0.0458749924946059	0.4545454545454545	0.9324009324009322									day3_minus_baseline_lesional	0.0147989157699651
GSE228421_treatment_timepoint_sensitivity.tsv						fibroblast																	F1	EXTENDED	5.0		-0.0355896502629782	0.066243778100955	0.6363636363636364	0.9324009324009322									day14_minus_baseline_lesional	0.0150624679881818
GSE228421_treatment_timepoint_sensitivity.tsv						keratinocyte																	F1	EXTENDED	5.0		-0.0258204692464401	0.0475834687617144	0.4545454545454545	0.9324009324009322									day3_minus_baseline_lesional	0.0162416349334699
GSE228421_treatment_timepoint_sensitivity.tsv						keratinocyte																	F1	EXTENDED	5.0		-0.0246939035370771	0.0616841112423797	0.3333333333333333	0.9324009324009322									day14_minus_baseline_lesional	0.0248386693586078
GSE228421_treatment_timepoint_sensitivity.tsv						mast_cell																	F1	EXTENDED	5.0		-0.0129625190213875	0.0143539151209282	0.8181818181818182	0.935064935064935									day3_minus_baseline_lesional	0.0021557784270724
GSE228421_treatment_timepoint_sensitivity.tsv						mast_cell																	F1	EXTENDED	5.0		0.0067931327407853	0.0414203454600328	0.1515151515151515	0.9324009324009322									day14_minus_baseline_lesional	0.0242213506747594
GSE228421_treatment_timepoint_sensitivity.tsv						melanocyte																	F1	EXTENDED	5.0		-0.0137428395013513	0.0197155072076844	0.8181818181818182	0.935064935064935									day3_minus_baseline_lesional	0.0031695747485919
GSE228421_treatment_timepoint_sensitivity.tsv						melanocyte																	F1	EXTENDED	5.0		0.0083472879597175	0.0422027356242167	0.0909090909090909	0.9324009324009322									day14_minus_baseline_lesional	0.0252750117919671
GSE228421_treatment_timepoint_sensitivity.tsv						myeloid_monocyte																	F1	EXTENDED	5.0		-0.0086203972859899	0.0436043176280333	0.5151515151515151	0.9324009324009322									day3_minus_baseline_lesional	0.0147949557510082
GSE228421_treatment_timepoint_sensitivity.tsv						myeloid_monocyte																	F1	EXTENDED	5.0		0.0079204910499523	0.0631601211552108	0.0909090909090909	0.9324009324009322									day14_minus_baseline_lesional	0.0337403756609991
GSE228421_treatment_timepoint_sensitivity.tsv						pericyte_smooth_muscle																	F1	EXTENDED	5.0		-0.0066101082476841	0.0249978682523843	0.3333333333333333	0.9324009324009322									day3_minus_baseline_lesional	0.0090294877475012
GSE228421_treatment_timepoint_sensitivity.tsv						pericyte_smooth_muscle																	F1	EXTENDED	5.0		-0.0077631776976613	0.0528058873420367	0.4545454545454545	0.9324009324009322									day14_minus_baseline_lesional	0.0188766012302998
GSE228421_treatment_timepoint_sensitivity.tsv						unassigned																	F1	EXTENDED	2.0		0.0139749697348636	0.0593427554751645	0.6	0.9324009324009322									day3_minus_baseline_lesional	0.036658862605014
GSE228421_treatment_timepoint_sensitivity.tsv						unassigned																	F1	EXTENDED	2.0		0.0186782401755715	0.0419483596360777	0.6	0.9324009324009322									day14_minus_baseline_lesional	0.0303132999058246
GSE228421_treatment_timepoint_sensitivity.tsv						B_cell																	F2	CORE	5.0		-0.0055789085580442	0.0183761780255322	0.4545454545454545	0.9696969696969696									day3_minus_baseline_lesional	0.0061241529943605
GSE228421_treatment_timepoint_sensitivity.tsv						B_cell																	F2	CORE	5.0		0.0023227328163754	0.0270335061031692	0.2121212121212121	0.9696969696969696									day14_minus_baseline_lesional	0.0146781194597723
GSE228421_treatment_timepoint_sensitivity.tsv						NK_cell																	F2	CORE	5.0		-0.0271223588742391	0.0206105958806944	0.7575757575757576	0.9925133689839571									day3_minus_baseline_lesional	-0.0055068297636906
GSE228421_treatment_timepoint_sensitivity.tsv						NK_cell																	F2	CORE	5.0		-0.0054730425879838	0.0341827086503981	0.4545454545454545	0.9696969696969696									day14_minus_baseline_lesional	0.0116009072313165
GSE228421_treatment_timepoint_sensitivity.tsv						T_cell																	F2	CORE	5.0		-0.0149136622807667	0.0207277009372557	1.0	1.0									day3_minus_baseline_lesional	0.0007265588368188
GSE228421_treatment_timepoint_sensitivity.tsv						T_cell																	F2	CORE	5.0		-0.0150033483581759	0.0211430967942415	0.9393939393939394	1.0									day14_minus_baseline_lesional	0.001850083003223
GSE228421_treatment_timepoint_sensitivity.tsv						dendritic																	F2	CORE	5.0		-0.0073804780905534	0.0280192599351762	0.696969696969697	0.9925133689839571									day3_minus_baseline_lesional	0.007939347734034
GSE228421_treatment_timepoint_sensitivity.tsv						dendritic																	F2	CORE	5.0		-0.0027543746647047	0.0340438168493294	0.3333333333333333	0.9696969696969696									day14_minus_baseline_lesional	0.0143645791373788
GSE228421_treatment_timepoint_sensitivity.tsv						endothelial																	F2	CORE	5.0		-0.016977913030514	0.0249373750356304	0.8787878787878788	0.9925133689839571									day3_minus_baseline_lesional	0.0023117520871737
GSE228421_treatment_timepoint_sensitivity.tsv						endothelial																	F2	CORE	5.0		-0.023468894819204	0.0293683716927128	0.8787878787878788	0.9925133689839571									day14_minus_baseline_lesional	0.0016647281439109
GSE228421_treatment_timepoint_sensitivity.tsv						fibroblast																	F2	CORE	5.0		-0.0170867484309902	0.0317854628601872	0.7575757575757576	0.9925133689839571									day3_minus_baseline_lesional	0.0062486519850072
GSE228421_treatment_timepoint_sensitivity.tsv						fibroblast																	F2	CORE	5.0		-0.0367246830346944	0.0409261683578563	0.8787878787878788	0.9925133689839571									day14_minus_baseline_lesional	0.0023600050355638
GSE228421_treatment_timepoint_sensitivity.tsv						keratinocyte																	F2	CORE	5.0		-0.0154603647162749	0.0270490214666397	0.5151515151515151	0.9696969696969696									day3_minus_baseline_lesional	0.0079313199546641
GSE228421_treatment_timepoint_sensitivity.tsv						keratinocyte																	F2	CORE	5.0		-0.0158514411565244	0.0337253427387899	0.4545454545454545	0.9696969696969696									day14_minus_baseline_lesional	0.0124476821922198
GSE228421_treatment_timepoint_sensitivity.tsv						mast_cell																	F2	CORE	5.0		-0.0109892266403612	0.0127956523556247	0.8181818181818182	0.9925133689839571									day3_minus_baseline_lesional	0.0014450648503936
GSE228421_treatment_timepoint_sensitivity.tsv						mast_cell																	F2	CORE	5.0		0.001315794362141	0.0243546733167516	0.1515151515151515	0.9696969696969696									day14_minus_baseline_lesional	0.0113754778639186
GSE228421_treatment_timepoint_sensitivity.tsv						melanocyte																	F2	CORE	5.0		-0.0132417341106047	0.0085715476736821	0.7575757575757576	0.9925133689839571									day3_minus_baseline_lesional	-0.0020223466518178
GSE228421_treatment_timepoint_sensitivity.tsv						melanocyte																	F2	CORE	5.0		0.0038648073313999	0.0223927248528545	0.1515151515151515	0.9696969696969696									day14_minus_baseline_lesional	0.0127100313039751
GSE228421_treatment_timepoint_sensitivity.tsv						myeloid_monocyte																	F2	CORE	5.0		-0.009833774428806	0.0345594637166369	0.7575757575757576	0.9925133689839571									day3_minus_baseline_lesional	0.0104906085003224
GSE228421_treatment_timepoint_sensitivity.tsv						myeloid_monocyte																	F2	CORE	5.0		-0.0011486562006945	0.0439809075261751	0.2727272727272727	0.9696969696969696									day14_minus_baseline_lesional	0.0216353499066984
GSE228421_treatment_timepoint_sensitivity.tsv						pericyte_smooth_muscle																	F2	CORE	5.0		-0.0120736293497969	0.0177584799371631	0.696969696969697	0.9925133689839571									day3_minus_baseline_lesional	0.0030818867659563
GSE228421_treatment_timepoint_sensitivity.tsv						pericyte_smooth_muscle																	F2	CORE	5.0		-0.0143232513488892	0.0300675473641711	0.8181818181818182	0.9925133689839571									day14_minus_baseline_lesional	0.0055357447533603
GSE228421_treatment_timepoint_sensitivity.tsv						unassigned																	F2	CORE	2.0		0.0025847636539154	0.0081017707019551	0.6	0.9696969696969696									day3_minus_baseline_lesional	0.0053432671779353
GSE228421_treatment_timepoint_sensitivity.tsv						unassigned																	F2	CORE	2.0		-0.0095119785690472	0.0217073336230636	1.0	1.0									day14_minus_baseline_lesional	0.0060976775270082
GSE228421_treatment_timepoint_sensitivity.tsv						B_cell																	F2	EXTENDED	5.0		-0.0026124246907912	0.0160330323798402	0.5151515151515151	0.9324009324009322									day3_minus_baseline_lesional	0.0059610106444201
GSE228421_treatment_timepoint_sensitivity.tsv						B_cell																	F2	EXTENDED	5.0		0.0137081690610962	0.0313889410799815	0.0909090909090909	0.9324009324009322									day14_minus_baseline_lesional	0.0225485550705389
GSE228421_treatment_timepoint_sensitivity.tsv						NK_cell																	F2	EXTENDED	5.0		-0.025168061957019	0.0163988430845931	0.696969696969697	0.9324009324009322									day3_minus_baseline_lesional	-0.0053083780465368
GSE228421_treatment_timepoint_sensitivity.tsv						NK_cell																	F2	EXTENDED	5.0		0.0008746083591161	0.0396436266466069	0.2121212121212121	0.9324009324009322									day14_minus_baseline_lesional	0.0170629978082499
GSE228421_treatment_timepoint_sensitivity.tsv						T_cell																	F2	EXTENDED	5.0		-0.0152135864024573	0.0124551795417181	0.8181818181818182	0.935064935064935									day3_minus_baseline_lesional	-0.0018773170741877
GSE228421_treatment_timepoint_sensitivity.tsv						T_cell																	F2	EXTENDED	5.0		-0.0062164135634242	0.0234788563400392	0.5151515151515151	0.9324009324009322									day14_minus_baseline_lesional	0.007088465245561
GSE228421_treatment_timepoint_sensitivity.tsv						dendritic																	F2	EXTENDED	5.0		-0.0093443964832055	0.0179048042537096	0.8181818181818182	0.935064935064935									day3_minus_baseline_lesional	0.0033507106224028
GSE228421_treatment_timepoint_sensitivity.tsv						dendritic																	F2	EXTENDED	5.0		0.0053042821726314	0.0370479313631494	0.0909090909090909	0.9324009324009322									day14_minus_baseline_lesional	0.0182804682714073
GSE228421_treatment_timepoint_sensitivity.tsv						endothelial																	F2	EXTENDED	5.0		-0.0155339522106843	0.0242932893527834	0.7575757575757576	0.9324009324009322									day3_minus_baseline_lesional	0.0033817231576125
GSE228421_treatment_timepoint_sensitivity.tsv						endothelial																	F2	EXTENDED	5.0		-0.0144676996189097	0.0360584814501432	0.696969696969697	0.9324009324009322									day14_minus_baseline_lesional	0.0086082095395794
GSE228421_treatment_timepoint_sensitivity.tsv						fibroblast																	F2	EXTENDED	5.0		-0.017243483790308	0.0321495140136968	0.696969696969697	0.9324009324009322									day3_minus_baseline_lesional	0.0068036962573958
GSE228421_treatment_timepoint_sensitivity.tsv						fibroblast																	F2	EXTENDED	5.0		-0.024157817723669	0.050763548924908	0.6363636363636364	0.9324009324009322									day14_minus_baseline_lesional	0.0119131723435414
GSE228421_treatment_timepoint_sensitivity.tsv						keratinocyte																	F2	EXTENDED	5.0		-0.0156990600447421	0.0275409153327602	0.5151515151515151	0.9324009324009322									day3_minus_baseline_lesional	0.0086487989082144
GSE228421_treatment_timepoint_sensitivity.tsv						keratinocyte																	F2	EXTENDED	5.0		-0.0068397670916546	0.0362948642647341	0.3333333333333333	0.9324009324009322									day14_minus_baseline_lesional	0.0177200982411413
GSE228421_treatment_timepoint_sensitivity.tsv						mast_cell																	F2	EXTENDED	5.0		-0.0102977655071159	0.0084017958910595	0.9393939393939394	0.9593810444874276									day3_minus_baseline_lesional	-0.00070266408185
GSE228421_treatment_timepoint_sensitivity.tsv						mast_cell																	F2	EXTENDED	5.0		0.0044310360939919	0.0280540909785236	0.1515151515151515	0.9324009324009322									day14_minus_baseline_lesional	0.015960381817393
GSE228421_treatment_timepoint_sensitivity.tsv						melanocyte																	F2	EXTENDED	5.0		-0.0094298940677504	0.0150934561796902	0.7575757575757576	0.9324009324009322									day3_minus_baseline_lesional	0.0025965025455278
GSE228421_treatment_timepoint_sensitivity.tsv						melanocyte																	F2	EXTENDED	5.0		0.0070107889337559	0.0297663418851019	0.0909090909090909	0.9324009324009322									day14_minus_baseline_lesional	0.0176288427334457
GSE228421_treatment_timepoint_sensitivity.tsv						myeloid_monocyte																	F2	EXTENDED	5.0		-0.0114694661936483	0.0297490748379593	0.6363636363636364	0.9324009324009322									day3_minus_baseline_lesional	0.0081449742252351
GSE228421_treatment_timepoint_sensitivity.tsv						myeloid_monocyte																	F2	EXTENDED	5.0		0.007169115299453	0.0475965508477984	0.0909090909090909	0.9324009324009322									day14_minus_baseline_lesional	0.0266463348018093
GSE228421_treatment_timepoint_sensitivity.tsv						pericyte_smooth_muscle																	F2	EXTENDED	5.0		-0.0101339666563463	0.0148088604425255	0.7575757575757576	0.9324009324009322									day3_minus_baseline_lesional	0.0026279709558625
GSE228421_treatment_timepoint_sensitivity.tsv						pericyte_smooth_muscle																	F2	EXTENDED	5.0		-0.000794895012732	0.0374414540072279	0.2727272727272727	0.9324009324009322									day14_minus_baseline_lesional	0.0145770799213447
GSE228421_treatment_timepoint_sensitivity.tsv						unassigned																	F2	EXTENDED	2.0		0.0120407826347653	0.0358733065457089	0.6	0.9324009324009322									day3_minus_baseline_lesional	0.0239570445902371
GSE228421_treatment_timepoint_sensitivity.tsv						unassigned																	F2	EXTENDED	2.0		0.006588344677622	0.0236073604280287	0.6	0.9324009324009322									day14_minus_baseline_lesional	0.0150978525528253
GSE228421_treatment_timepoint_sensitivity.tsv						B_cell																	F6	CORE	5.0		-0.0253128508619364	0.0357561462978822	0.696969696969697	0.9925133689839571									day3_minus_baseline_lesional	0.0067788560523868
GSE228421_treatment_timepoint_sensitivity.tsv						B_cell																	F6	CORE	5.0		-0.0220755201749144	0.059917630852287	0.4545454545454545	0.9696969696969696									day14_minus_baseline_lesional	0.0189210553386863
GSE228421_treatment_timepoint_sensitivity.tsv						NK_cell																	F6	CORE	5.0		-0.0514102336776237	0.0662540310137028	1.0	1.0									day3_minus_baseline_lesional	0.0008984153461781
GSE228421_treatment_timepoint_sensitivity.tsv						NK_cell																	F6	CORE	5.0		-0.0320957935786642	0.0990563209367315	0.6363636363636364	0.9696969696969696									day14_minus_baseline_lesional	0.0291573927549464
GSE228421_treatment_timepoint_sensitivity.tsv						T_cell																	F6	CORE	5.0		-0.0285710013709087	0.0389405247005898	0.8787878787878788	0.9925133689839571									day3_minus_baseline_lesional	0.0029935111147751
GSE228421_treatment_timepoint_sensitivity.tsv						T_cell																	F6	CORE	5.0		-0.0280859665750712	0.0505658798928056	0.7575757575757576	0.9925133689839571									day14_minus_baseline_lesional	0.0071162554097723
GSE228421_treatment_timepoint_sensitivity.tsv						dendritic																	F6	CORE	5.0		3.0050427557115623e-05	0.0764772155271172	0.2121212121212121	0.9696969696969696									day3_minus_baseline_lesional	0.0298476284956767
GSE228421_treatment_timepoint_sensitivity.tsv						dendritic																	F6	CORE	5.0		-0.0010442891885798	0.0934405110919121	0.2727272727272727	0.9696969696969696									day14_minus_baseline_lesional	0.0406115856365635
GSE228421_treatment_timepoint_sensitivity.tsv						endothelial																	F6	CORE	5.0		-0.0220880396118589	0.059962297816802	0.6363636363636364	0.9696969696969696									day3_minus_baseline_lesional	0.0156123308830832
GSE228421_treatment_timepoint_sensitivity.tsv						endothelial																	F6	CORE	5.0		-0.0499874553097105	0.0654230649252877	0.8787878787878788	0.9925133689839571									day14_minus_baseline_lesional	0.0042391880976111
GSE228421_treatment_timepoint_sensitivity.tsv						fibroblast																	F6	CORE	5.0		-0.0183439054494909	0.0695730453495788	0.5151515151515151	0.9696969696969696									day3_minus_baseline_lesional	0.0218839899353428
GSE228421_treatment_timepoint_sensitivity.tsv						fibroblast																	F6	CORE	5.0		-0.097732241486795	0.0856909555753511	0.9393939393939394	1.0									day14_minus_baseline_lesional	-0.0022028784227576
GSE228421_treatment_timepoint_sensitivity.tsv						keratinocyte																	F6	CORE	5.0		-0.0404106542262078	0.076480774284966	0.5151515151515151	0.9696969696969696									day3_minus_baseline_lesional	0.0234540960540215
GSE228421_treatment_timepoint_sensitivity.tsv						keratinocyte																	F6	CORE	5.0		-0.0693433364933128	0.0893061677355882	0.696969696969697	0.9925133689839571									day14_minus_baseline_lesional	0.0218017964888164
GSE228421_treatment_timepoint_sensitivity.tsv						mast_cell																	F6	CORE	5.0		-0.0274640816008137	0.0421047347407025	0.6363636363636364	0.9696969696969696									day3_minus_baseline_lesional	0.0098183854944064
GSE228421_treatment_timepoint_sensitivity.tsv						mast_cell																	F6	CORE	5.0		0.0096680908734589	0.0715104281217322	0.1515151515151515	0.9696969696969696									day14_minus_baseline_lesional	0.0380140601861557
GSE228421_treatment_timepoint_sensitivity.tsv						melanocyte																	F6	CORE	5.0		-0.0340779345896993	0.0074436127878611	0.5151515151515151	0.9696969696969696									day3_minus_baseline_lesional	-0.0125075101059652
GSE228421_treatment_timepoint_sensitivity.tsv						melanocyte																	F6	CORE	5.0		-0.0043035186048264	0.0367009022130771	0.2121212121212121	0.9696969696969696									day14_minus_baseline_lesional	0.0188567668528932
GSE228421_treatment_timepoint_sensitivity.tsv						myeloid_monocyte																	F6	CORE	5.0		-0.016182839955337	0.0823845276300365	0.4545454545454545	0.9696969696969696									day3_minus_baseline_lesional	0.0282671968227362
GSE228421_treatment_timepoint_sensitivity.tsv						myeloid_monocyte																	F6	CORE	5.0		-0.0142707171332546	0.0960848791286562	0.3939393939393939	0.9696969696969696									day14_minus_baseline_lesional	0.0411223362948699
GSE228421_treatment_timepoint_sensitivity.tsv						pericyte_smooth_muscle																	F6	CORE	5.0		-0.0101592794705436	0.0431581543438195	0.4545454545454545	0.9696969696969696									day3_minus_baseline_lesional	0.0167529280730681
GSE228421_treatment_timepoint_sensitivity.tsv						pericyte_smooth_muscle																	F6	CORE	5.0		-0.0510640019791657	0.0686795936058483	0.8181818181818182	0.9925133689839571									day14_minus_baseline_lesional	0.0054407809625752
GSE228421_treatment_timepoint_sensitivity.tsv						unassigned																	F6	CORE	2.0		0.0230705466280026	0.0835293978535089	0.6	0.9696969696969696									day3_minus_baseline_lesional	0.0532999722407558
GSE228421_treatment_timepoint_sensitivity.tsv						unassigned																	F6	CORE	2.0		-0.0133161852738025	0.0603647321643963	1.0	1.0									day14_minus_baseline_lesional	0.0235242734452969
GSE228421_treatment_timepoint_sensitivity.tsv						B_cell																	F6	EXTENDED	5.0		-0.0281849307323768	0.0289332220171436	0.8787878787878788	0.9373737373737372									day3_minus_baseline_lesional	0.00292437454526
GSE228421_treatment_timepoint_sensitivity.tsv						B_cell																	F6	EXTENDED	5.0		-0.0215313876152895	0.0465367989050326	0.5151515151515151	0.9324009324009322									day14_minus_baseline_lesional	0.0133106007316286
GSE228421_treatment_timepoint_sensitivity.tsv						NK_cell																	F6	EXTENDED	5.0		-0.0494211379994951	0.0446484340834578	0.8787878787878788	0.9373737373737372									day3_minus_baseline_lesional	-0.0062390126910652
GSE228421_treatment_timepoint_sensitivity.tsv						NK_cell																	F6	EXTENDED	5.0		-0.023530741170597	0.0855404865688469	0.696969696969697	0.9324009324009322									day14_minus_baseline_lesional	0.0237515500773984
GSE228421_treatment_timepoint_sensitivity.tsv						T_cell																	F6	EXTENDED	5.0		-0.0226084072582187	0.0297690979101895	0.8787878787878788	0.9373737373737372									day3_minus_baseline_lesional	0.0029147799394001
GSE228421_treatment_timepoint_sensitivity.tsv						T_cell																	F6	EXTENDED	5.0		-0.0203773997891698	0.0364161725993842	0.8181818181818182	0.935064935064935									day14_minus_baseline_lesional	0.0057856569126123
GSE228421_treatment_timepoint_sensitivity.tsv						dendritic																	F6	EXTENDED	5.0		-0.005421019389624	0.06156827525174	0.3939393939393939	0.9324009324009322									day3_minus_baseline_lesional	0.0218143416047097
GSE228421_treatment_timepoint_sensitivity.tsv						dendritic																	F6	EXTENDED	5.0		-0.0067957412749471	0.0714318463805149	0.3939393939393939	0.9324009324009322									day14_minus_baseline_lesional	0.0277235469046386
GSE228421_treatment_timepoint_sensitivity.tsv						endothelial																	F6	EXTENDED	5.0		-0.0183465102668605	0.0465206558714604	0.5757575757575758	0.9324009324009322									day3_minus_baseline_lesional	0.01140596814798
GSE228421_treatment_timepoint_sensitivity.tsv						endothelial																	F6	EXTENDED	5.0		-0.0352125721493307	0.0550642171938345	0.7575757575757576	0.9324009324009322									day14_minus_baseline_lesional	0.0091438054736334
GSE228421_treatment_timepoint_sensitivity.tsv						fibroblast																	F6	EXTENDED	5.0		-0.0189026751205706	0.0624880914885756	0.6363636363636364	0.9324009324009322									day3_minus_baseline_lesional	0.0183700917576706
GSE228421_treatment_timepoint_sensitivity.tsv						fibroblast																	F6	EXTENDED	5.0		-0.0858538882856539	0.0845881468418931	0.9393939393939394	0.9593810444874276									day14_minus_baseline_lesional	0.0032943758928714
GSE228421_treatment_timepoint_sensitivity.tsv						keratinocyte																	F6	EXTENDED	5.0		-0.040055253474284	0.0648061353619529	0.7575757575757576	0.9324009324009322									day3_minus_baseline_lesional	0.0176033374191008
GSE228421_treatment_timepoint_sensitivity.tsv						keratinocyte																	F6	EXTENDED	5.0		-0.0632502403760612	0.0762409891090346	0.696969696969697	0.9324009324009322									day14_minus_baseline_lesional	0.0184401442013524
GSE228421_treatment_timepoint_sensitivity.tsv						mast_cell																	F6	EXTENDED	5.0		-0.0252621752740502	0.0352656311102692	0.696969696969697	0.9324009324009322									day3_minus_baseline_lesional	0.0076492357542454
GSE228421_treatment_timepoint_sensitivity.tsv						mast_cell																	F6	EXTENDED	5.0		0.0078423289524663	0.0644007701920299	0.1515151515151515	0.9324009324009322									day14_minus_baseline_lesional	0.0350064191749466
GSE228421_treatment_timepoint_sensitivity.tsv						melanocyte																	F6	EXTENDED	5.0		-0.0251473961386422	0.0119092515571911	0.6363636363636364	0.9324009324009322									day3_minus_baseline_lesional	-0.0059796112942008
GSE228421_treatment_timepoint_sensitivity.tsv						melanocyte																	F6	EXTENDED	5.0		0.0015714957280607	0.0410402924753391	0.2121212121212121	0.9324009324009322									day14_minus_baseline_lesional	0.0228228348274149
GSE228421_treatment_timepoint_sensitivity.tsv						myeloid_monocyte																	F6	EXTENDED	5.0		-0.0106507620400183	0.0683714494700295	0.4545454545454545	0.9324009324009322									day3_minus_baseline_lesional	0.0248012340874085
GSE228421_treatment_timepoint_sensitivity.tsv						myeloid_monocyte																	F6	EXTENDED	5.0		-0.0092560562498048	0.0784611742675787	0.3333333333333333	0.9324009324009322									day14_minus_baseline_lesional	0.0346025590088869
GSE228421_treatment_timepoint_sensitivity.tsv						pericyte_smooth_muscle																	F6	EXTENDED	5.0		-0.0114382040076316	0.0409425529772897	0.5151515151515151	0.9324009324009322									day3_minus_baseline_lesional	0.0136305674621708
GSE228421_treatment_timepoint_sensitivity.tsv						pericyte_smooth_muscle																	F6	EXTENDED	5.0		-0.0496692471866265	0.0704090612198784	0.6363636363636364	0.9324009324009322									day14_minus_baseline_lesional	0.0111151802687873
GSE228421_treatment_timepoint_sensitivity.tsv						unassigned																	F6	EXTENDED	2.0		0.0044260748195804	0.0952518400371884	0.6	0.9324009324009322									day3_minus_baseline_lesional	0.0498389574283844
GSE228421_treatment_timepoint_sensitivity.tsv						unassigned																	F6	EXTENDED	2.0		0.0055979391284107	0.0329481046479758	0.6	0.9324009324009322									day14_minus_baseline_lesional	0.0192730218881933
GSE228421_treatment_timepoint_sensitivity.tsv						B_cell																	F7	CORE	5.0		-0.0589696111952315	0.1329810094937925	0.3333333333333333	0.9696969696969696									day3_minus_baseline_lesional	0.0412162797127233
GSE228421_treatment_timepoint_sensitivity.tsv						B_cell																	F7	CORE	5.0		-0.1303123737725645	0.0985321601541899	0.8787878787878788	0.9925133689839571									day14_minus_baseline_lesional	-0.0158901068091872
GSE228421_treatment_timepoint_sensitivity.tsv						NK_cell																	F7	CORE	5.0		-0.0969777824593339	0.1094715210229308	0.9393939393939394	1.0									day3_minus_baseline_lesional	0.0053503940830302
GSE228421_treatment_timepoint_sensitivity.tsv						NK_cell																	F7	CORE	5.0		-0.1209528549992895	0.1398240268945465	1.0	1.0									day14_minus_baseline_lesional	0.0018229232993361
GSE228421_treatment_timepoint_sensitivity.tsv						T_cell																	F7	CORE	5.0		0.0065098105106561	0.1156200972752959	0.2121212121212121	0.9696969696969696									day3_minus_baseline_lesional	0.0614853347969013
GSE228421_treatment_timepoint_sensitivity.tsv						T_cell																	F7	CORE	5.0		-0.0473715699305059	0.1472509712869301	0.5757575757575758	0.9696969696969696									day14_minus_baseline_lesional	0.0450831017807682
GSE228421_treatment_timepoint_sensitivity.tsv						dendritic																	F7	CORE	5.0		-0.0016501548130743	0.1678765918307863	0.2121212121212121	0.9696969696969696									day3_minus_baseline_lesional	0.077886393532932
GSE228421_treatment_timepoint_sensitivity.tsv						dendritic																	F7	CORE	5.0		-0.0628319252883464	0.1330205595910014	0.6363636363636364	0.9696969696969696									day14_minus_baseline_lesional	0.0312542004058886
GSE228421_treatment_timepoint_sensitivity.tsv						endothelial																	F7	CORE	5.0		0.0232829462535199	0.1310339079603331	0.1515151515151515	0.9696969696969696									day3_minus_baseline_lesional	0.0719687671040636
GSE228421_treatment_timepoint_sensitivity.tsv						endothelial																	F7	CORE	5.0		-0.0810367251256722	0.1437812352054429	0.7575757575757576	0.9925133689839571									day14_minus_baseline_lesional	0.0317317765364011
GSE228421_treatment_timepoint_sensitivity.tsv						fibroblast																	F7	CORE	5.0		0.0062471473317791	0.2179956269209648	0.2727272727272727	0.9696969696969696									day3_minus_baseline_lesional	0.1081217092272305
GSE228421_treatment_timepoint_sensitivity.tsv						fibroblast																	F7	CORE	5.0		-0.3374822583755362	0.2330315552509458	0.8787878787878788	0.9925133689839571									day14_minus_baseline_lesional	-0.0197791126414809
GSE228421_treatment_timepoint_sensitivity.tsv						keratinocyte																	F7	CORE	5.0		-0.0652273266266696	0.1412586154594061	0.3939393939393939	0.9696969696969696									day3_minus_baseline_lesional	0.0578620388967669
GSE228421_treatment_timepoint_sensitivity.tsv						keratinocyte																	F7	CORE	5.0		-0.218287841154686	0.1695950711727909	0.9393939393939394	1.0									day14_minus_baseline_lesional	0.0134158963410573
GSE228421_treatment_timepoint_sensitivity.tsv						mast_cell																	F7	CORE	5.0		-0.0843925945470991	0.1975031017271157	0.5151515151515151	0.9696969696969696									day3_minus_baseline_lesional	0.0719922890401958
GSE228421_treatment_timepoint_sensitivity.tsv						mast_cell																	F7	CORE	5.0		-0.0058630794949839	0.2300749038605814	0.2121212121212121	0.9696969696969696									day14_minus_baseline_lesional	0.1212143675583489
GSE228421_treatment_timepoint_sensitivity.tsv						melanocyte																	F7	CORE	5.0		-0.0419638955071739	0.0567951309761447	1.0	1.0									day3_minus_baseline_lesional	0.0008651078382166
GSE228421_treatment_timepoint_sensitivity.tsv						melanocyte																	F7	CORE	5.0		-0.0146321646034372	0.0929722797465773	0.3333333333333333	0.9696969696969696									day14_minus_baseline_lesional	0.03917005757157
GSE228421_treatment_timepoint_sensitivity.tsv						myeloid_monocyte																	F7	CORE	5.0		0.0244837259651517	0.1656913687719199	0.0909090909090909	0.9696969696969696									day3_minus_baseline_lesional	0.0950875473685358
GSE228421_treatment_timepoint_sensitivity.tsv						myeloid_monocyte																	F7	CORE	5.0		-0.0647837261786831	0.1328541504998905	0.5757575757575758	0.9696969696969696									day14_minus_baseline_lesional	0.0340766567663982
GSE228421_treatment_timepoint_sensitivity.tsv						pericyte_smooth_muscle																	F7	CORE	5.0		-0.0014857412706971	0.1339247632268559	0.2121212121212121	0.9696969696969696									day3_minus_baseline_lesional	0.0622034609157739
GSE228421_treatment_timepoint_sensitivity.tsv						pericyte_smooth_muscle																	F7	CORE	5.0		-0.2927084535097262	0.1598905505778049	0.8181818181818182	0.9925133689839571									day14_minus_baseline_lesional	-0.0369885544604452
GSE228421_treatment_timepoint_sensitivity.tsv						unassigned																	F7	CORE	2.0		0.0652190738362785	0.3771818625203315	0.6	0.9696969696969696									day3_minus_baseline_lesional	0.221200468178305
GSE228421_treatment_timepoint_sensitivity.tsv						unassigned																	F7	CORE	2.0		0.0638311156253534	0.1996102265593251	0.6	0.9696969696969696									day14_minus_baseline_lesional	0.1317206710923393
GSE228421_treatment_timepoint_sensitivity.tsv						B_cell																	F7	EXTENDED	5.0		-0.0420166084244715	0.0722752590926802	0.6363636363636364	0.9324009324009322									day3_minus_baseline_lesional	0.0185389076222224
GSE228421_treatment_timepoint_sensitivity.tsv						B_cell																	F7	EXTENDED	5.0		-0.0706264035641481	0.0624091216065908	1.0	1.0									day14_minus_baseline_lesional	-0.00332856684872
GSE228421_treatment_timepoint_sensitivity.tsv						NK_cell																	F7	EXTENDED	5.0		-0.0659422996587199	0.0750169707523054	0.8787878787878788	0.9373737373737372									day3_minus_baseline_lesional	-0.000924491535711
GSE228421_treatment_timepoint_sensitivity.tsv						NK_cell																	F7	EXTENDED	5.0		-0.0610551306917182	0.1004387010516787	0.9393939393939394	0.9593810444874276									day14_minus_baseline_lesional	0.0114987941786534
GSE228421_treatment_timepoint_sensitivity.tsv						T_cell																	F7	EXTENDED	5.0		-0.0076177220543841	0.0667964774454295	0.3939393939393939	0.9324009324009322									day3_minus_baseline_lesional	0.0295893776955227
GSE228421_treatment_timepoint_sensitivity.tsv						T_cell																	F7	EXTENDED	5.0		-0.0260839912137065	0.0841104410325898	0.696969696969697	0.9324009324009322									day14_minus_baseline_lesional	0.0230792148967212
GSE228421_treatment_timepoint_sensitivity.tsv						dendritic																	F7	EXTENDED	5.0		-0.0031321734312833	0.1043701658873339	0.2121212121212121	0.9324009324009322									day3_minus_baseline_lesional	0.0450162332435584
GSE228421_treatment_timepoint_sensitivity.tsv						dendritic																	F7	EXTENDED	5.0		-0.0256294888518572	0.0972787319534619	0.5757575757575758	0.9324009324009322									day14_minus_baseline_lesional	0.0302611493393857
GSE228421_treatment_timepoint_sensitivity.tsv						endothelial																	F7	EXTENDED	5.0		0.0016694726914601	0.0799947543365605	0.2727272727272727	0.9324009324009322									day3_minus_baseline_lesional	0.0367244070151465
GSE228421_treatment_timepoint_sensitivity.tsv						endothelial																	F7	EXTENDED	5.0		-0.0533760823946373	0.0849377539976816	0.7575757575757576	0.9324009324009322									day14_minus_baseline_lesional	0.0157808358015221
GSE228421_treatment_timepoint_sensitivity.tsv						fibroblast																	F7	EXTENDED	5.0		-0.0064738276701617	0.1281252270198131	0.3333333333333333	0.9324009324009322									day3_minus_baseline_lesional	0.0570506474892415
GSE228421_treatment_timepoint_sensitivity.tsv						fibroblast																	F7	EXTENDED	5.0		-0.2005853663150215	0.143277105866004	0.8787878787878788	0.9373737373737372									day14_minus_baseline_lesional	-0.0102543266704256
GSE228421_treatment_timepoint_sensitivity.tsv						keratinocyte																	F7	EXTENDED	5.0		-0.046695693546563	0.0897926390323625	0.5151515151515151	0.9324009324009322									day3_minus_baseline_lesional	0.0333886180276029
GSE228421_treatment_timepoint_sensitivity.tsv						keratinocyte																	F7	EXTENDED	5.0		-0.1206554195852371	0.1034105569767914	0.9393939393939394	0.9593810444874276									day14_minus_baseline_lesional	0.0130357126555349
GSE228421_treatment_timepoint_sensitivity.tsv						mast_cell																	F7	EXTENDED	5.0		-0.0511277935919669	0.1045795885445641	0.5151515151515151	0.9324009324009322									day3_minus_baseline_lesional	0.0351651048646456
GSE228421_treatment_timepoint_sensitivity.tsv						mast_cell																	F7	EXTENDED	5.0		-0.0012706139920617	0.1281192588428394	0.2121212121212121	0.9324009324009322									day14_minus_baseline_lesional	0.0689627334609329
GSE228421_treatment_timepoint_sensitivity.tsv						melanocyte																	F7	EXTENDED	5.0		-0.0262278481717855	0.0291699018597347	1.0	1.0									day3_minus_baseline_lesional	-0.0011566726461996
GSE228421_treatment_timepoint_sensitivity.tsv						melanocyte																	F7	EXTENDED	5.0		-0.0056679340307849	0.0598379458592389	0.2727272727272727	0.9324009324009322									day14_minus_baseline_lesional	0.027085005914227
GSE228421_treatment_timepoint_sensitivity.tsv						myeloid_monocyte																	F7	EXTENDED	5.0		0.0037725281099698	0.1043920701401303	0.1515151515151515	0.9324009324009322									day3_minus_baseline_lesional	0.0525149869851668
GSE228421_treatment_timepoint_sensitivity.tsv						myeloid_monocyte																	F7	EXTENDED	5.0		-0.0300286999400594	0.0931721261312018	0.5151515151515151	0.9324009324009322									day14_minus_baseline_lesional	0.0331461437800656
GSE228421_treatment_timepoint_sensitivity.tsv						pericyte_smooth_muscle																	F7	EXTENDED	5.0		-0.0037706207319382	0.0761568277557107	0.3333333333333333	0.9324009324009322									day3_minus_baseline_lesional	0.0331308213123897
GSE228421_treatment_timepoint_sensitivity.tsv						pericyte_smooth_muscle																	F7	EXTENDED	5.0		-0.1539617208354737	0.1004610219148837	0.8181818181818182	0.935064935064935									day14_minus_baseline_lesional	-0.0127394690992966
GSE228421_treatment_timepoint_sensitivity.tsv						unassigned																	F7	EXTENDED	2.0		0.0333814531329781	0.1842627717519915	0.6	0.9324009324009322									day3_minus_baseline_lesional	0.1088221124424848
GSE228421_treatment_timepoint_sensitivity.tsv						unassigned																	F7	EXTENDED	2.0		0.041400150606207	0.1010151286352316	0.6	0.9324009324009322									day14_minus_baseline_lesional	0.0712076396207193
