source_table	outcome	tissue	gene	gene_id	locus	region	phase4br_tier	local_direction_group	phase4c_eqtl_gene_tier	n_eqtl_variants	n_gwas_variants	n_matched_variants	nsnps	gwas_n	gwas_case_fraction	eqtl_n	status	PP.H0.abf	PP.H1.abf	PP.H2.abf	PP.H3.abf	PP.H4.abf	note	interpretation_tier	trait	maf_source	phase4c_role	chr	start	stop	probeID	besd_status	smr_usable	gwas_locus_sumstats_ready	significant_eqtl_only_ready	full_eqtl_allpairs_ready	eqtl_catalogue_imported_gtex_path	eqtl_catalogue_remote_tabix_available	formal_coloc_input_status	coloc_ready	blocking_reason
results/phase4d_coloc/phase4d_restricted_coloc_tierA_all_results.tsv	cad	Skin_Not_Sun_Exposed_Suprapubic	MEX3A	ENSG00000254726	113	1:154685546-156813845	Tier 1	positive_local_rg	A_local_Tier1_recurrent_SMR2	3776.0	3715.0	2486.0	2486.0	547261.0	0.2242677625484	517.0	PASS	1.69909460113786e-06	2.33472344953785e-07	0.356530089063184	0.048395675996408	0.595072302373462	Restricted coloc completed.	suggestive_PP4_0p5_to_0p8	cad																
results/phase4d_coloc/phase4d_restricted_coloc_tierA_all_results.tsv	cad	Skin_Sun_Exposed_Lower_leg	MEX3A	ENSG00000254726	113	1:154685546-156813845	Tier 1	positive_local_rg	A_local_Tier1_recurrent_SMR2	3776.0	3715.0	2495.0	2495.0	547261.0	0.2242677625484	605.0	PASS	2.59435873266371e-16	3.5657745284719304e-17	0.354912146562556	0.0481834232910978	0.596904430146344	Restricted coloc completed.	suggestive_PP4_0p5_to_0p8	cad																
results/phase4d_coloc/phase4d_restricted_coloc_tierA_all_results.tsv	cad	Skin_Not_Sun_Exposed_Suprapubic	UBQLN4	ENSG00000160803	113	1:154685546-156813845	Tier 1	positive_local_rg	A_local_Tier1_recurrent_SMR2	3827.0	3715.0	2527.0	2527.0	547261.0	0.2242677625484	517.0	PASS	5.71363046722509e-06	7.9332829248696e-07	0.223812274090956	0.0303301189440337	0.745851100006251	Restricted coloc completed.	suggestive_PP4_0p5_to_0p8	cad																
results/phase4d_coloc/phase4d_restricted_coloc_tierA_all_results.tsv	cad	Skin_Sun_Exposed_Lower_leg	UBQLN4	ENSG00000160803	113	1:154685546-156813845	Tier 1	positive_local_rg	A_local_Tier1_recurrent_SMR2	3827.0	3715.0	2536.0	2536.0	547261.0	0.2242677625484	605.0	PASS	1.7945712013522e-06	2.49233465293713e-07	0.216362280819823	0.02929446430132	0.75434121107419	Restricted coloc completed.	suggestive_PP4_0p5_to_0p8	cad																
results/phase4d_coloc/phase4d_restricted_coloc_tierA_all_results.tsv	cad	Skin_Not_Sun_Exposed_Suprapubic	AC007381.3	ENSG00000228590	267	2:59251997-60775066	Tier 1	positive_local_rg	A_local_Tier1_recurrent_SMR2	4492.0	4435.0	3242.0	3242.0	547261.0	0.2242677625484	517.0	PASS	0.002074132192707	0.0037907581206794	0.324556004749554	0.593093667818113	0.0764854371189464	Restricted coloc completed.	distinct_signal_PP3_gt_PP4	cad																
results/phase4d_coloc/phase4d_restricted_coloc_tierA_all_results.tsv	cad	Skin_Sun_Exposed_Lower_leg	AC007381.3	ENSG00000228590	267	2:59251997-60775066	Tier 1	positive_local_rg	A_local_Tier1_recurrent_SMR2	4492.0	4435.0	3244.0	3244.0	547261.0	0.2242677625484	605.0	PASS	1.81898522704946e-05	3.36572035894667e-05	0.312147862570995	0.577465777945094	0.11033451242805	Restricted coloc completed.	distinct_signal_PP3_gt_PP4	cad																
results/phase4d_coloc/phase4d_restricted_coloc_tierA_all_results.tsv	cad	Artery_Aorta	TMEM116	ENSG00000198270	1841	12:111592382-113947983	Tier 1	positive_local_rg	A_local_Tier1_recurrent_SMR2	3042.0	3996.0	1981.0	1981.0	547261.0	0.2242677625484	387.0	PASS	9.63054083196264e-25	2.5028728587857e-08	3.84779453126393e-17	0.999999965363259	9.608011149095733e-09	Restricted coloc completed.	distinct_signal_PP3_gt_PP4	cad																
results/phase4d_coloc/phase4d_restricted_coloc_tierA_all_results.tsv	cad	Artery_Coronary	TMEM116	ENSG00000198270	1841	12:111592382-113947983	Tier 1	positive_local_rg	A_local_Tier1_recurrent_SMR2	3042.0	3996.0	1981.0	1981.0	547261.0	0.2242677625484	213.0	PASS	1.00156304262755e-21	2.60295345764548e-05	3.84768454045998e-17	0.99997137736564	2.59309978052019e-06	Restricted coloc completed.	distinct_signal_PP3_gt_PP4	cad																
results/phase4d_coloc/phase4d_restricted_coloc_tierA_all_results.tsv	cad	Artery_Tibial	TMEM116	ENSG00000198270	1841	12:111592382-113947983	Tier 1	positive_local_rg	A_local_Tier1_recurrent_SMR2	3042.0	3996.0	1981.0	1981.0	547261.0	0.2242677625484	584.0	PASS	2.01592086023202e-43	5.23915914440538e-27	3.84779466448434e-17	0.999999999995396	4.60620006423103e-12	Restricted coloc completed.	distinct_signal_PP3_gt_PP4	cad																
results/phase4d_coloc/phase4d_restricted_coloc_tierA_all_results.tsv	cad	Whole_Blood	TMEM116	ENSG00000198270	1841	12:111592382-113947983	Tier 1	positive_local_rg	A_local_Tier1_recurrent_SMR2	3042.0	3996.0	1981.0	1981.0	547261.0	0.2242677625484	670.0	PASS	4.8988047834432e-29	1.2731461033087998e-12	3.84779466447453e-17	0.999999999992838	5.89357624442761e-12	Restricted coloc completed.	distinct_signal_PP3_gt_PP4	cad																
results/phase4d_coloc/phase4d_restricted_coloc_tierA_all_results.tsv	cad	Artery_Aorta	MAPKAPK5	ENSG00000089022	1841	12:111592382-113947983	Tier 1	positive_local_rg	A_local_Tier1_recurrent_SMR2	2507.0	3996.0	1557.0	1557.0	547261.0	0.2242677625484	387.0	PASS	1.0142164007484e-19	0.0026358381597258	3.83721032554212e-17	0.997249130345971	0.000115031494305	Restricted coloc completed.	distinct_signal_PP3_gt_PP4	cad																
results/phase4d_coloc/phase4d_restricted_coloc_tierA_all_results.tsv	cad	Artery_Tibial	MAPKAPK5	ENSG00000089022	1841	12:111592382-113947983	Tier 1	positive_local_rg	A_local_Tier1_recurrent_SMR2	2507.0	3996.0	1557.0	1557.0	547261.0	0.2242677625484	584.0	PASS	1.6799399171339e-22	4.36598120121179e-06	3.84777578006756e-17	0.999995091598367	5.42420434121518e-07	Restricted coloc completed.	distinct_signal_PP3_gt_PP4	cad																
results/phase4d_coloc/phase4d_restricted_coloc_tierA_all_results.tsv	cad	Skin_Sun_Exposed_Lower_leg	MAPKAPK5	ENSG00000089022	1841	12:111592382-113947983	Tier 1	positive_local_rg	A_local_Tier1_recurrent_SMR2	2507.0	3996.0	1557.0	1557.0	547261.0	0.2242677625484	605.0	PASS	2.41170469338957e-28	6.26775829708073e-12	3.84779466447322e-17	0.999999999992504	1.22761512293428e-12	Restricted coloc completed.	distinct_signal_PP3_gt_PP4	cad																
results/phase4d_coloc/phase4d_restricted_coloc_tierA_all_results.tsv	cad	Artery_Tibial	ADAM1B	ENSG00000226469	1841	12:111592382-113947983	Tier 1	positive_local_rg	A_local_Tier1_recurrent_SMR2	2701.0	3996.0	1717.0	1717.0	547261.0	0.2242677625484	584.0	PASS	2.0890173048360106e-21	5.4291288568704e-05	3.84757606892184e-17	0.999943186863434	2.52184799564629e-06	Restricted coloc completed.	distinct_signal_PP3_gt_PP4	cad																
results/phase4d_coloc/phase4d_restricted_coloc_tierA_all_results.tsv	cad	Skin_Sun_Exposed_Lower_leg	ADAM1B	ENSG00000226469	1841	12:111592382-113947983	Tier 1	positive_local_rg	A_local_Tier1_recurrent_SMR2	2701.0	3996.0	1717.0	1717.0	547261.0	0.2242677625484	605.0	PASS	3.0302372813967706e-21	7.87525724631906e-05	3.84741162481566e-17	0.999900431333823	2.08160937149246e-05	Restricted coloc completed.	distinct_signal_PP3_gt_PP4	cad																
results/phase4d_coloc/phase4d_restricted_coloc_tierA_all_results.tsv	cad	Skin_Not_Sun_Exposed_Suprapubic	SMARCA4	ENSG00000127616	2318	19:10028841-11681978	Tier 1	positive_local_rg	A_local_Tier1_recurrent_SMR2	5089.0	4445.0	3660.0	3660.0	547261.0	0.2242677625484	517.0	PASS	3.80713037345811e-39	2.5022972292314204e-09	1.5214540935131298e-30	0.999999997147796	3.4990128593474903e-10	Restricted coloc completed.	distinct_signal_PP3_gt_PP4	cad																
results/phase4d_coloc/phase4d_restricted_coloc_tierA_all_results.tsv	cad	Skin_Sun_Exposed_Lower_leg	SMARCA4	ENSG00000127616	2318	19:10028841-11681978	Tier 1	positive_local_rg	A_local_Tier1_recurrent_SMR2	5089.0	4445.0	3660.0	3660.0	547261.0	0.2242677625484	605.0	PASS	3.4646675900390597e-56	2.27720809647183e-26	1.5214540978521e-30	1.0	6.168781734650401e-20	Restricted coloc completed.	distinct_signal_PP3_gt_PP4	cad																
results/phase4d_coloc/phase4d_restricted_coloc_tierA_all_results.tsv	cad	Artery_Aorta	RGL3	ENSG00000205517	2318	19:10028841-11681978	Tier 1	positive_local_rg	A_local_Tier1_recurrent_SMR2	3926.0	4445.0	2761.0	2761.0	547261.0	0.2242677625484	387.0	PASS	7.26198461872742e-32	0.0477305534815638	1.4442225962737898e-30	0.9492353282567	0.0030341182617417	Restricted coloc completed.	distinct_signal_PP3_gt_PP4	cad																
results/phase4d_coloc/phase4d_restricted_coloc_tierA_all_results.tsv	cad	Whole_Blood	RGL3	ENSG00000205517	2318	19:10028841-11681978	Tier 1	positive_local_rg	A_local_Tier1_recurrent_SMR2	3926.0	4445.0	2760.0	2760.0	547261.0	0.2242677625484	670.0	PASS	1.22917413799598e-37	8.07894329333529e-08	1.5214539680540198e-30	0.999999914683617	4.52694965936107e-09	Restricted coloc completed.	distinct_signal_PP3_gt_PP4	cad																
results/phase4d_coloc/phase4d_restricted_coloc_tierA_all_results.tsv	psa	Skin_Not_Sun_Exposed_Suprapubic	IFNLR1	ENSG00000185436	26	1:23907046-25885138	Tier 1	positive_local_rg	A_local_Tier1_recurrent_SMR2	4634.0	4993.0	3353.0	3353.0	26351.0	0.192212819247846	517.0	PASS	9.21223399670285e-23	3.54401472926439e-19	0.0001867990951073	0.718348505744795	0.281464695160099	Restricted coloc completed.	distinct_signal_PP3_gt_PP4	psa																
results/phase4d_coloc/phase4d_restricted_coloc_tierA_all_results.tsv	psa	Skin_Sun_Exposed_Lower_leg	IFNLR1	ENSG00000185436	26	1:23907046-25885138	Tier 1	positive_local_rg	A_local_Tier1_recurrent_SMR2	4634.0	4993.0	3353.0	3353.0	26351.0	0.192212819247846	605.0	PASS	6.119747728493019e-36	2.35431071041692e-32	0.0001878284121704	0.722311831953617	0.277500339634209	Restricted coloc completed.	distinct_signal_PP3_gt_PP4	psa																
results/phase4d_coloc/phase4d_restricted_coloc_tierA_all_results.tsv	psa	Cells_EBV-transformed_lymphocytes	SLC22A5	ENSG00000197375	887	5:130573818-132554690	Tier 1	positive_local_rg	A_local_Tier1_recurrent_SMR2	2664.0	3995.0	2079.0	2079.0	26351.0	0.192212819247846	147.0	PASS	1.9356766069521202e-17	0.0006626102855238	1.92515789594788e-15	0.0649665869569736	0.934370802757502	Restricted coloc completed.	coloc_supported_PP4_ge_0p8	psa																
results/phase4d_coloc/phase4d_restricted_coloc_tierA_all_results.tsv	psa	Skin_Sun_Exposed_Lower_leg	SLC22A5	ENSG00000197375	887	5:130573818-132554690	Tier 1	positive_local_rg	A_local_Tier1_recurrent_SMR2	2675.0	3995.0	2092.0	2092.0	26351.0	0.192212819247846	605.0	PASS	1.3351662314828e-79	4.57046840720441e-66	6.96308147784566e-15	0.237594011068886	0.762405988931102	Restricted coloc completed.	suggestive_PP4_0p5_to_0p8	psa																
results/phase4d_coloc/phase4d_restricted_coloc_tierA_all_results.tsv	psa	Spleen	SLC22A5	ENSG00000197375	887	5:130573818-132554690	Tier 1	positive_local_rg	A_local_Tier1_recurrent_SMR2	2675.0	3995.0	2092.0	2092.0	26351.0	0.192212819247846	227.0	PASS	2.3779602960881897e-33	8.140104318542961e-20	8.78571298181906e-16	0.0291038785930535	0.970896121406947	Restricted coloc completed.	coloc_supported_PP4_ge_0p8	psa																
results/phase4d_coloc/phase4d_restricted_coloc_tierA_all_results.tsv	psa	Cells_EBV-transformed_lymphocytes	PDLIM4	ENSG00000131435	887	5:130573818-132554690	Tier 1	positive_local_rg	A_local_Tier1_recurrent_SMR2	2899.0	3995.0	2235.0	2235.0	26351.0	0.192212819247846	147.0	PASS	2.74716370533988e-16	0.0094039413440425	2.87239366158983e-14	0.983254830519589	0.0073412281363397	Restricted coloc completed.	distinct_signal_PP3_gt_PP4	psa																
results/phase4d_coloc/phase4d_restricted_coloc_tierA_all_results.tsv	psa	Skin_Not_Sun_Exposed_Suprapubic	PDLIM4	ENSG00000131435	887	5:130573818-132554690	Tier 1	positive_local_rg	A_local_Tier1_recurrent_SMR2	2913.0	3995.0	2252.0	2252.0	26351.0	0.192212819247846	517.0	PASS	1.50859322216598e-25	5.1641342471484695e-12	2.9211754247360504e-14	0.999960840364208	3.9159630601592e-05	Restricted coloc completed.	distinct_signal_PP3_gt_PP4	psa																
results/phase4d_coloc/phase4d_restricted_coloc_tierA_all_results.tsv	psa	Skin_Sun_Exposed_Lower_leg	PDLIM4	ENSG00000131435	887	5:130573818-132554690	Tier 1	positive_local_rg	A_local_Tier1_recurrent_SMR2	2913.0	3995.0	2251.0	2251.0	26351.0	0.192212819247846	605.0	PASS	3.35515447571083e-37	1.14851822730596e-23	2.9212896352946604e-14	0.9999999754356	2.45643773977668e-08	Restricted coloc completed.	distinct_signal_PP3_gt_PP4	psa																
results/phase4d_coloc/phase4d_restricted_coloc_tierA_all_results.tsv	psa	Skin_Not_Sun_Exposed_Suprapubic	CDC42SE2	ENSG00000158985	887	5:130573818-132554690	Tier 1	positive_local_rg	A_local_Tier1_recurrent_SMR2	3743.0	3995.0	1482.0	1482.0	26351.0	0.192212819247846	517.0	PASS	1.12591846519423e-07	0.0050481894388363	2.18357522893396e-05	0.979016027675317	0.015913834541711	Restricted coloc completed.	distinct_signal_PP3_gt_PP4	psa																
results/phase4d_coloc/phase4d_restricted_coloc_tierA_all_results.tsv	psa	Skin_Sun_Exposed_Lower_leg	CDC42SE2	ENSG00000158985	887	5:130573818-132554690	Tier 1	positive_local_rg	A_local_Tier1_recurrent_SMR2	3743.0	3995.0	1482.0	1482.0	26351.0	0.192212819247846	605.0	PASS	1.9122669910157e-10	8.57387664089472e-06	2.22976590439646e-05	0.999741853312532	0.000227274960556	Restricted coloc completed.	distinct_signal_PP3_gt_PP4	psa																
results/phase4d_coloc/phase4d_restricted_coloc_tierA_all_results.tsv	psa	Skin_Not_Sun_Exposed_Suprapubic	C5orf56	ENSG00000197536	887	5:130573818-132554690	Tier 1	positive_local_rg	A_local_Tier1_recurrent_SMR2	2610.0	3995.0	2051.0	2051.0	26351.0	0.192212819247846	517.0	PASS	3.71448918605662e-18	0.0001271523730414	2.76932809625536e-14	0.947929384605116	0.0519434630218174	Restricted coloc completed.	distinct_signal_PP3_gt_PP4	psa																
results/phase4d_coloc/phase4d_restricted_coloc_tierA_all_results.tsv	psa	Spleen	C5orf56	ENSG00000197536	887	5:130573818-132554690	Tier 1	positive_local_rg	A_local_Tier1_recurrent_SMR2	2610.0	3995.0	2050.0	2050.0	26351.0	0.192212819247846	227.0	PASS	1.41788078142969e-17	0.0004853612354706	2.91879016885987e-14	0.999144001013054	0.0003706377514478	Restricted coloc completed.	distinct_signal_PP3_gt_PP4	psa																
results/phase4d_coloc/phase4d_restricted_coloc_tierA_all_results.tsv	psa	Whole_Blood	C5orf56	ENSG00000197536	887	5:130573818-132554690	Tier 1	positive_local_rg	A_local_Tier1_recurrent_SMR2	2610.0	3995.0	2051.0	2051.0	26351.0	0.192212819247846	670.0	PASS	2.43261341248651e-24	8.3271898933303e-11	2.92128968775006e-14	0.999999993352716	6.56398538340397e-09	Restricted coloc completed.	distinct_signal_PP3_gt_PP4	psa																
results/phase4d_coloc/phase4d_restricted_coloc_tierA_all_results.tsv	psa	Cells_EBV-transformed_lymphocytes	C6orf3	ENSG00000255389	1041	6:111363444-112342873	Tier 1	positive_local_rg	A_local_Tier1_recurrent_SMR2	3071.0	2511.0	1705.0	1705.0	26351.0	0.192212819247846	147.0	PASS	1.06862652149466e-36	0.427880081805486	1.24720970901936e-36	0.499312320498694	0.0728075976958145	Restricted coloc completed.	distinct_signal_PP3_gt_PP4	psa																
results/phase4d_coloc/phase4d_restricted_coloc_tierA_all_results.tsv	psa	Skin_Sun_Exposed_Lower_leg	C6orf3	ENSG00000255389	1041	6:111363444-112342873	Tier 1	positive_local_rg	A_local_Tier1_recurrent_SMR2	3075.0	2511.0	1707.0	1707.0	26351.0	0.192212819247846	605.0	PASS	3.58868201896321e-79	1.43691507272359e-43	2.49749069175053e-36	1.0	2.78352087247578e-28	Restricted coloc completed.	distinct_signal_PP3_gt_PP4	psa																
results/phase4d_coloc/phase4d_restricted_coloc_tierA_all_results.tsv	psa	Spleen	C6orf3	ENSG00000255389	1041	6:111363444-112342873	Tier 1	positive_local_rg	A_local_Tier1_recurrent_SMR2	3075.0	2511.0	1705.0	1705.0	26351.0	0.192212819247846	227.0	PASS	1.72665501085437e-50	6.913559344015521e-15	2.49749069175021e-36	0.999999999999886	1.06560001955717e-13	Restricted coloc completed.	distinct_signal_PP3_gt_PP4	psa																
results/phase4d_coloc/phase4d_restricted_coloc_tierA_all_results.tsv	psa	Cells_EBV-transformed_lymphocytes	RP11-977G19.11	ENSG00000257303	1793	12:55416803-56987105	Tier 1	positive_local_rg	A_local_Tier1_recurrent_SMR2	4175.0	3524.0	2036.0	2036.0	26351.0	0.192212819247846	147.0	PASS	4.38040645047657e-27	2.6144132409116e-05	9.29373307116385e-24	0.0545235091515641	0.945450346716023	Restricted coloc completed.	coloc_supported_PP4_ge_0p8	psa																
results/phase4d_coloc/phase4d_restricted_coloc_tierA_all_results.tsv	psa	Skin_Not_Sun_Exposed_Suprapubic	RP11-977G19.11	ENSG00000257303	1793	12:55416803-56987105	Tier 1	positive_local_rg	A_local_Tier1_recurrent_SMR2	4188.0	3524.0	2037.0	2037.0	26351.0	0.192212819247846	517.0	PASS	4.46268386724342e-40	2.6635199094948e-18	3.64250543666541e-23	0.216616863881474	0.783383136118531	Restricted coloc completed.	suggestive_PP4_0p5_to_0p8	psa																
results/phase4d_coloc/phase4d_restricted_coloc_tierA_all_results.tsv	psa	Skin_Sun_Exposed_Lower_leg	RP11-977G19.11	ENSG00000257303	1793	12:55416803-56987105	Tier 1	positive_local_rg	A_local_Tier1_recurrent_SMR2	4188.0	3524.0	2031.0	2031.0	26351.0	0.192212819247846	605.0	PASS	4.8495821982991094e-40	2.8944373211629698e-18	4.2135927043790104e-23	0.250735904751089	0.749264095248911	Restricted coloc completed.	suggestive_PP4_0p5_to_0p8	psa																
results/phase4d_coloc/phase4d_restricted_coloc_tierA_all_results.tsv	psa	Whole_Blood	RP11-977G19.11	ENSG00000257303	1793	12:55416803-56987105	Tier 1	positive_local_rg	A_local_Tier1_recurrent_SMR2	4188.0	3524.0	2035.0	2035.0	26351.0	0.192212819247846	670.0	PASS	2.48426106654689e-25	0.0014827128714402	3.79433928149628e-23	0.225689510140892	0.772827776987664	Restricted coloc completed.	suggestive_PP4_0p5_to_0p8	psa																
results/phase4d_coloc/phase4d_restricted_coloc_tierA_all_results.tsv	psa	Cells_EBV-transformed_lymphocytes	RPS26	ENSG00000197728	1793	12:55416803-56987105	Tier 1	positive_local_rg	A_local_Tier1_recurrent_SMR2	4175.0	3524.0	2036.0	2036.0	26351.0	0.192212819247846	147.0	PASS	3.71689958680396e-118	2.21840406928947e-96	1.67548357770298e-22	1.0	1.2762652401827e-20	Restricted coloc completed.	distinct_signal_PP3_gt_PP4	psa																
results/phase4d_coloc/phase4d_restricted_coloc_tierA_all_results.tsv	psa	Skin_Not_Sun_Exposed_Suprapubic	RPS26	ENSG00000197728	1793	12:55416803-56987105	Tier 1	positive_local_rg	A_local_Tier1_recurrent_SMR2	4188.0	3524.0	2037.0	2037.0	26351.0	0.192212819247846	517.0	PASS	0.0	0.0	1.67548357770326e-22	1.0	1.27432953631572e-20	Restricted coloc completed.	distinct_signal_PP3_gt_PP4	psa																
results/phase4d_coloc/phase4d_restricted_coloc_tierA_all_results.tsv	psa	Skin_Sun_Exposed_Lower_leg	RPS26	ENSG00000197728	1793	12:55416803-56987105	Tier 1	positive_local_rg	A_local_Tier1_recurrent_SMR2	4188.0	3524.0	2031.0	2031.0	26351.0	0.192212819247846	605.0	PASS	0.0	0.0	1.67548357770326e-22	1.0	1.27432953631572e-20	Restricted coloc completed.	distinct_signal_PP3_gt_PP4	psa																
results/phase4d_coloc/phase4d_restricted_coloc_tierA_all_results.tsv	psa	Spleen	RPS26	ENSG00000197728	1793	12:55416803-56987105	Tier 1	positive_local_rg	A_local_Tier1_recurrent_SMR2	4188.0	3524.0	2036.0	2036.0	26351.0	0.192212819247846	227.0	PASS	0.0	0.0	1.6754835777030698e-22	1.0	1.27432953631543e-20	Restricted coloc completed.	distinct_signal_PP3_gt_PP4	psa																
results/phase4d_coloc/phase4d_restricted_coloc_tierA_all_results.tsv	psa	Whole_Blood	RPS26	ENSG00000197728	1793	12:55416803-56987105	Tier 1	positive_local_rg	A_local_Tier1_recurrent_SMR2	4188.0	3524.0	2035.0	2035.0	26351.0	0.192212819247846	670.0	PASS	0.0	0.0	1.67548357770288e-22	1.0	1.27432953631528e-20	Restricted coloc completed.	distinct_signal_PP3_gt_PP4	psa																
results/phase4d_coloc/phase4d_restricted_coloc_tierA_all_results.tsv	psa	Skin_Not_Sun_Exposed_Suprapubic	SUOX	ENSG00000139531	1793	12:55416803-56987105	Tier 1	positive_local_rg	A_local_Tier1_recurrent_SMR2	4188.0	3524.0	2037.0	2037.0	26351.0	0.192212819247846	517.0	PASS	6.53898152034758e-60	3.90274283040856e-38	1.67548357770298e-22	1.0	2.45154464128479e-20	Restricted coloc completed.	distinct_signal_PP3_gt_PP4	psa																
results/phase4d_coloc/phase4d_restricted_coloc_tierA_all_results.tsv	psa	Skin_Sun_Exposed_Lower_leg	SUOX	ENSG00000139531	1793	12:55416803-56987105	Tier 1	positive_local_rg	A_local_Tier1_recurrent_SMR2	4188.0	3524.0	2031.0	2031.0	26351.0	0.192212819247846	605.0	PASS	3.827943848661619e-94	2.28468001692358e-72	1.67548357770298e-22	1.0	3.91373242949776e-21	Restricted coloc completed.	distinct_signal_PP3_gt_PP4	psa																
results/phase4d_coloc/phase4d_restricted_coloc_tierA_all_results.tsv	psa	Spleen	SUOX	ENSG00000139531	1793	12:55416803-56987105	Tier 1	positive_local_rg	A_local_Tier1_recurrent_SMR2	4188.0	3524.0	2036.0	2036.0	26351.0	0.192212819247846	227.0	PASS	1.47411507833774e-38	8.798146982489091e-17	1.67548357770298e-22	1.0	1.4392938957036202e-17	Restricted coloc completed.	distinct_signal_PP3_gt_PP4	psa																
results/phase4d_coloc/phase4d_restricted_coloc_tierA_all_results.tsv	psa	Whole_Blood	SUOX	ENSG00000139531	1793	12:55416803-56987105	Tier 1	positive_local_rg	A_local_Tier1_recurrent_SMR2	4188.0	3524.0	2035.0	2035.0	26351.0	0.192212819247846	670.0	PASS	4.48610709163463e-44	2.6774998879935e-22	1.67548357770298e-22	1.0	6.3217024580276105e-21	Restricted coloc completed.	distinct_signal_PP3_gt_PP4	psa																
results/phase4d_coloc/phase4d_restricted_coloc_tierA_all_results.tsv	psa	Skin_Not_Sun_Exposed_Suprapubic	TYK2	ENSG00000105397	2318	19:10028841-11681978	Tier 1	positive_local_rg	A_local_Tier1_recurrent_SMR2	4109.0	4906.0	3435.0	3435.0	26351.0	0.192212819247846	517.0	PASS	1.29312969602562e-44	1.61934016925004e-07	7.985532637945011e-38	0.999999753476518	8.45894689611468e-08	Restricted coloc completed.	distinct_signal_PP3_gt_PP4	psa																
results/phase4d_coloc/phase4d_restricted_coloc_tierA_all_results.tsv	psa	Skin_Sun_Exposed_Lower_leg	TYK2	ENSG00000105397	2318	19:10028841-11681978	Tier 1	positive_local_rg	A_local_Tier1_recurrent_SMR2	4109.0	4906.0	3435.0	3435.0	26351.0	0.192212819247846	605.0	PASS	1.6740192220141197e-42	2.09631452949825e-05	7.98533008248308e-38	0.999974383610242	4.65324445847406e-06	Restricted coloc completed.	distinct_signal_PP3_gt_PP4	psa																
results/phase4d_coloc/phase4d_restricted_coloc_tierA_all_results.tsv	psa	Spleen	TYK2	ENSG00000105397	2318	19:10028841-11681978	Tier 1	positive_local_rg	A_local_Tier1_recurrent_SMR2	4109.0	4906.0	3434.0	3434.0	26351.0	0.192212819247846	227.0	PASS	8.43406131398666e-41	0.0010561673989571	7.97598331128727e-38	0.998803785416116	0.0001400471849297	Restricted coloc completed.	distinct_signal_PP3_gt_PP4	psa																
results/phase4d_coloc/phase4d_restricted_coloc_tierA_all_results.tsv	psa	Whole_Blood	TYK2	ENSG00000105397	2318	19:10028841-11681978	Tier 1	positive_local_rg	A_local_Tier1_recurrent_SMR2	4109.0	4906.0	3433.0	3433.0	26351.0	0.192212819247846	670.0	PASS	4.710294352370381e-47	5.8985335169612e-10	7.98553424866016e-38	0.999999955221029	4.41891226217152e-08	Restricted coloc completed.	distinct_signal_PP3_gt_PP4	psa																
results/phase4d_coloc/phase4d_restricted_coloc_tierA_all_results.tsv	psa	Skin_Not_Sun_Exposed_Suprapubic	ICAM5	ENSG00000105376	2318	19:10028841-11681978	Tier 1	positive_local_rg	A_local_Tier1_recurrent_SMR2	3844.0	4906.0	3245.0	3245.0	26351.0	0.192212819247846	517.0	PASS	5.19509135312923e-43	6.50562749962479e-06	7.98547838937887e-38	0.99999295967207	5.34700429990057e-07	Restricted coloc completed.	distinct_signal_PP3_gt_PP4	psa																
results/phase4d_coloc/phase4d_restricted_coloc_tierA_all_results.tsv	psa	Skin_Sun_Exposed_Lower_leg	ICAM5	ENSG00000105376	2318	19:10028841-11681978	Tier 1	positive_local_rg	A_local_Tier1_recurrent_SMR2	3844.0	4906.0	3245.0	3245.0	26351.0	0.192212819247846	605.0	PASS	6.936111665245528e-48	8.685845103129819e-11	7.98553460503289e-38	0.999999999892481	2.0655127986369897e-11	Restricted coloc completed.	distinct_signal_PP3_gt_PP4	psa																
results/phase4d_coloc/phase4d_restricted_coloc_tierA_all_results.tsv	psa	Spleen	ICAM5	ENSG00000105376	2318	19:10028841-11681978	Tier 1	positive_local_rg	A_local_Tier1_recurrent_SMR2	3844.0	4906.0	3244.0	3244.0	26351.0	0.192212819247846	227.0	PASS	1.24968178529999e-42	1.56493190121301e-05	7.98539161674342e-38	0.999982091720341	2.25896065354428e-06	Restricted coloc completed.	distinct_signal_PP3_gt_PP4	psa																
results/phase4d_coloc/phase4d_restricted_coloc_tierA_all_results.tsv	psa	Whole_Blood	ICAM5	ENSG00000105376	2318	19:10028841-11681978	Tier 1	positive_local_rg	A_local_Tier1_recurrent_SMR2	3844.0	4906.0	3244.0	3244.0	26351.0	0.192212819247846	670.0	PASS	4.57461042705752e-39	0.0572862137956622	7.49887832241178e-38	0.93905411071843	0.0036596754859136	Restricted coloc completed.	distinct_signal_PP3_gt_PP4	psa																
results/phase4d_coloc/phase4d_restricted_coloc_tierA_all_results.tsv	psa	Skin_Not_Sun_Exposed_Suprapubic	MRPL4	ENSG00000105364	2318	19:10028841-11681978	Tier 1	positive_local_rg	A_local_Tier1_recurrent_SMR2	3646.0	4906.0	3097.0	3097.0	26351.0	0.192212819247846	517.0	PASS	1.7424267618429e-50	2.18197885030442e-13	7.98553460588944e-38	0.999999999999758	1.81436525105236e-14	Restricted coloc completed.	distinct_signal_PP3_gt_PP4	psa																
results/phase4d_coloc/phase4d_restricted_coloc_tierA_all_results.tsv	psa	Skin_Sun_Exposed_Lower_leg	MRPL4	ENSG00000105364	2318	19:10028841-11681978	Tier 1	positive_local_rg	A_local_Tier1_recurrent_SMR2	3646.0	4906.0	3097.0	3097.0	26351.0	0.192212819247846	605.0	PASS	5.53953563560796e-56	6.93696278207991e-19	7.98553460589148e-38	1.0	5.0311997533223205e-20	Restricted coloc completed.	distinct_signal_PP3_gt_PP4	psa																
results/phase4d_coloc/phase4d_restricted_coloc_tierA_all_results.tsv	crohn	Colon_Sigmoid	PARK7	ENSG00000116288	10	1:7652019-8519390	Tier 1	positive_local_rg	A_local_Tier1_recurrent_SMR2	2965.0	2767.0	2221.0	2221.0	40266.0	0.302836139671187	318.0	PASS	1.2831986120819e-05	0.0051940874743478	0.0022813650122623	0.923373992829164	0.0691377226981053	Restricted coloc completed.	distinct_signal_PP3_gt_PP4	crohn	eqtl_maf_proxy															
results/phase4d_coloc/phase4d_restricted_coloc_tierA_all_results.tsv	crohn	Colon_Transverse	PARK7	ENSG00000116288	10	1:7652019-8519390	Tier 1	positive_local_rg	A_local_Tier1_recurrent_SMR2	2965.0	2767.0	2221.0	2221.0	40266.0	0.302836139671187	368.0	PASS	5.28096772206569e-16	2.13761297006551e-13	0.002404752971934	0.973363869657835	0.0242313773700165	Restricted coloc completed.	distinct_signal_PP3_gt_PP4	crohn	eqtl_maf_proxy															
results/phase4d_coloc/phase4d_restricted_coloc_tierA_all_results.tsv	crohn	Skin_Not_Sun_Exposed_Suprapubic	PARK7	ENSG00000116288	10	1:7652019-8519390	Tier 1	positive_local_rg	A_local_Tier1_recurrent_SMR2	2965.0	2767.0	2221.0	2221.0	40266.0	0.302836139671187	517.0	PASS	1.77137276124195e-10	7.17010419807863e-08	0.0023924117170815	0.968363274346298	0.0292442420584403	Restricted coloc completed.	distinct_signal_PP3_gt_PP4	crohn	eqtl_maf_proxy															
results/phase4d_coloc/phase4d_restricted_coloc_tierA_all_results.tsv	crohn	Skin_Sun_Exposed_Lower_leg	PARK7	ENSG00000116288	10	1:7652019-8519390	Tier 1	positive_local_rg	A_local_Tier1_recurrent_SMR2	2965.0	2767.0	2222.0	2222.0	40266.0	0.302836139671187	605.0	PASS	2.62430785284725e-15	1.06225888634813e-12	0.0023463321751052	0.949692825333143	0.047960842490686	Restricted coloc completed.	distinct_signal_PP3_gt_PP4	crohn	eqtl_maf_proxy															
results/phase4d_coloc/phase4d_restricted_coloc_tierA_all_results.tsv	crohn	Whole_Blood	PARK7	ENSG00000116288	10	1:7652019-8519390	Tier 1	positive_local_rg	A_local_Tier1_recurrent_SMR2	2965.0	2767.0	2222.0	2222.0	40266.0	0.302836139671187	670.0	PASS	1.45042250353794e-16	5.870973528013752e-14	0.0010745991047513	0.434408249876068	0.564517151019125	Restricted coloc completed.	suggestive_PP4_0p5_to_0p8	crohn	eqtl_maf_proxy															
results/phase4d_coloc/phase4d_restricted_coloc_tierA_all_results.tsv	crohn	Colon_Sigmoid	VAMP3	ENSG00000049245	10	1:7652019-8519390	Tier 1	positive_local_rg	A_local_Tier1_recurrent_SMR2	2965.0	2767.0	2221.0	2221.0	40266.0	0.302836139671187	318.0	PASS	1.71685815832592e-07	6.94943976047833e-05	0.0024528228199603	0.99284059889119	0.004636912205428	Restricted coloc completed.	distinct_signal_PP3_gt_PP4	crohn	eqtl_maf_proxy															
results/phase4d_coloc/phase4d_restricted_coloc_tierA_all_results.tsv	crohn	Colon_Transverse	VAMP3	ENSG00000049245	10	1:7652019-8519390	Tier 1	positive_local_rg	A_local_Tier1_recurrent_SMR2	2965.0	2767.0	2221.0	2221.0	40266.0	0.302836139671187	368.0	PASS	1.11644517651464e-14	4.51911054050387e-12	0.0024436187185094	0.989111606983473	0.0084447742934898	Restricted coloc completed.	distinct_signal_PP3_gt_PP4	crohn	eqtl_maf_proxy															
results/phase4d_coloc/phase4d_restricted_coloc_tierA_all_results.tsv	crohn	Skin_Not_Sun_Exposed_Suprapubic	VAMP3	ENSG00000049245	10	1:7652019-8519390	Tier 1	positive_local_rg	A_local_Tier1_recurrent_SMR2	2965.0	2767.0	2221.0	2221.0	40266.0	0.302836139671187	517.0	PASS	1.90891942403884e-06	0.0007726861039964	0.0024416825247848	0.98832773752528	0.0084559849265144	Restricted coloc completed.	distinct_signal_PP3_gt_PP4	crohn	eqtl_maf_proxy															
results/phase4d_coloc/phase4d_restricted_coloc_tierA_all_results.tsv	crohn	Skin_Sun_Exposed_Lower_leg	VAMP3	ENSG00000049245	10	1:7652019-8519390	Tier 1	positive_local_rg	A_local_Tier1_recurrent_SMR2	2965.0	2767.0	2222.0	2222.0	40266.0	0.302836139671187	605.0	PASS	1.67371961757737e-13	6.77482839941122e-11	0.0024436207469837	0.989112497295725	0.0084438818893759	Restricted coloc completed.	distinct_signal_PP3_gt_PP4	crohn	eqtl_maf_proxy															
results/phase4d_coloc/phase4d_restricted_coloc_tierA_all_results.tsv	crohn	Colon_Sigmoid	TCTEX1D1	ENSG00000152760	57	1:66312592-67296179	Tier 1	negative_local_rg	A_local_Tier1_recurrent_SMR2	3347.0	3365.0	2775.0	2775.0	40266.0	0.302836139671187	318.0	PASS	1.13570283344464e-95	2.40897707656025e-06	4.71444901253638e-90	0.999997469759638	1.21263293686732e-07	Restricted coloc completed.	distinct_signal_PP3_gt_PP4	crohn	eqtl_maf_proxy															
results/phase4d_coloc/phase4d_restricted_coloc_tierA_all_results.tsv	crohn	Colon_Transverse	TCTEX1D1	ENSG00000152760	57	1:66312592-67296179	Tier 1	negative_local_rg	A_local_Tier1_recurrent_SMR2	3347.0	3365.0	2777.0	2777.0	40266.0	0.302836139671187	368.0	PASS	3.65087963052458e-97	7.74400228670662e-08	4.71446055883707e-90	0.999999919001599	3.55836869168834e-09	Restricted coloc completed.	distinct_signal_PP3_gt_PP4	crohn	eqtl_maf_proxy															
results/phase4d_coloc/phase4d_restricted_coloc_tierA_all_results.tsv	crohn	Skin_Not_Sun_Exposed_Suprapubic	TCTEX1D1	ENSG00000152760	57	1:66312592-67296179	Tier 1	negative_local_rg	A_local_Tier1_recurrent_SMR2	3347.0	3365.0	2775.0	2775.0	40266.0	0.302836139671187	517.0	PASS	1.18831690106027e-102	2.52057852639217e-13	4.71446094068171e-90	0.999999999999488	2.5670401228926e-13	Restricted coloc completed.	distinct_signal_PP3_gt_PP4	crohn	eqtl_maf_proxy															
results/phase4d_coloc/phase4d_restricted_coloc_tierA_all_results.tsv	crohn	Skin_Sun_Exposed_Lower_leg	TCTEX1D1	ENSG00000152760	57	1:66312592-67296179	Tier 1	negative_local_rg	A_local_Tier1_recurrent_SMR2	3347.0	3365.0	2769.0	2769.0	40266.0	0.302836139671187	605.0	PASS	9.94986399771434e-105	2.1104987660096707e-15	4.71446094068399e-90	1.0	1.05766769252248e-16	Restricted coloc completed.	distinct_signal_PP3_gt_PP4	crohn	eqtl_maf_proxy															
results/phase4d_coloc/phase4d_restricted_coloc_tierA_all_results.tsv	crohn	Colon_Sigmoid	SLC22A5	ENSG00000197375	887	5:131239706-133218976	Tier 1	negative_local_rg	A_local_Tier1_recurrent_SMR2	4582.0	5187.0	3638.0	3638.0	40266.0	0.302836139671187	318.0	PASS	2.97865303601552e-32	0.0031847580511695	3.3531686935473e-30	0.357879860348626	0.638935381600202	Restricted coloc completed.	suggestive_PP4_0p5_to_0p8	crohn	eqtl_maf_proxy															
results/phase4d_coloc/phase4d_restricted_coloc_tierA_all_results.tsv	crohn	Colon_Transverse	SLC22A5	ENSG00000197375	887	5:131239706-133218976	Tier 1	negative_local_rg	A_local_Tier1_recurrent_SMR2	4582.0	5187.0	3644.0	3644.0	40266.0	0.302836139671187	368.0	PASS	2.95344992874922e-38	3.15781103927852e-09	9.34714369910046e-30	0.999390416874381	0.0006095799678011	Restricted coloc completed.	distinct_signal_PP3_gt_PP4	crohn	eqtl_maf_proxy															
results/phase4d_coloc/phase4d_restricted_coloc_tierA_all_results.tsv	crohn	Skin_Not_Sun_Exposed_Suprapubic	CDC42SE2	ENSG00000158985	887	5:131239706-133218976	Tier 1	negative_local_rg	A_local_Tier1_recurrent_SMR2	2002.0	5187.0	1504.0	1504.0	40266.0	0.302836139671187	517.0	PASS	1.73920014583502e-23	0.0052154497947098	3.3060926986822907e-21	0.991415619155325	0.0033689310499613	Restricted coloc completed.	distinct_signal_PP3_gt_PP4	crohn	eqtl_maf_proxy															
results/phase4d_coloc/phase4d_restricted_coloc_tierA_all_results.tsv	crohn	Skin_Sun_Exposed_Lower_leg	CDC42SE2	ENSG00000158985	887	5:131239706-133218976	Tier 1	negative_local_rg	A_local_Tier1_recurrent_SMR2	2002.0	5187.0	1504.0	1504.0	40266.0	0.302836139671187	605.0	PASS	2.89120815003238e-26	8.67004926871721e-06	3.33423476010281e-21	0.999857993212781	0.000133336737948	Restricted coloc completed.	distinct_signal_PP3_gt_PP4	crohn	eqtl_maf_proxy															
results/phase4d_coloc/phase4d_restricted_coloc_tierA_all_results.tsv	crohn	Colon_Transverse	KIF3A	ENSG00000131437	887	5:131239706-133218976	Tier 1	negative_local_rg	A_local_Tier1_recurrent_SMR2	3946.0	5187.0	3160.0	3160.0	40266.0	0.302836139671187	368.0	PASS	1.6673299579152998e-31	0.0178269924130879	9.17798481257392e-30	0.981303790033977	0.0008692175529294	Restricted coloc completed.	distinct_signal_PP3_gt_PP4	crohn	eqtl_maf_proxy															
results/phase4d_coloc/phase4d_restricted_coloc_tierA_all_results.tsv	crohn	Skin_Not_Sun_Exposed_Suprapubic	KIF3A	ENSG00000131437	887	5:131239706-133218976	Tier 1	negative_local_rg	A_local_Tier1_recurrent_SMR2	3946.0	5187.0	3157.0	3157.0	40266.0	0.302836139671187	517.0	PASS	3.5017238176098795e-33	0.0003744022209455	9.34780492193512e-30	0.99946155996746	0.0001640378115907	Restricted coloc completed.	distinct_signal_PP3_gt_PP4	crohn	eqtl_maf_proxy															
results/phase4d_coloc/phase4d_restricted_coloc_tierA_all_results.tsv	crohn	Skin_Sun_Exposed_Lower_leg	KIF3A	ENSG00000131437	887	5:131239706-133218976	Tier 1	negative_local_rg	A_local_Tier1_recurrent_SMR2	3946.0	5187.0	3160.0	3160.0	40266.0	0.302836139671187	605.0	PASS	3.69026218408471e-34	3.94560630579907e-05	9.35174843821691e-30	0.99988328515406	7.72587828812213e-05	Restricted coloc completed.	distinct_signal_PP3_gt_PP4	crohn	eqtl_maf_proxy															
results/phase4d_coloc/phase4d_restricted_coloc_tierA_all_results.tsv	crohn	Spleen	KIF3A	ENSG00000131437	887	5:131239706-133218976	Tier 1	negative_local_rg	A_local_Tier1_recurrent_SMR2	3946.0	5187.0	3160.0	3160.0	40266.0	0.302836139671187	227.0	PASS	4.2653574800520503e-32	0.0045604947643997	9.297778001246109e-30	0.99411154754078	0.0013279576948222	Restricted coloc completed.	distinct_signal_PP3_gt_PP4	crohn	eqtl_maf_proxy															
results/phase4d_coloc/phase4d_restricted_coloc_tierA_all_results.tsv	crohn	Skin_Not_Sun_Exposed_Suprapubic	HSPA4	ENSG00000170606	887	5:131239706-133218976	Tier 1	negative_local_rg	A_local_Tier1_recurrent_SMR2	3345.0	5187.0	2698.0	2698.0	40266.0	0.302836139671187	517.0	PASS	1.14911407060505e-39	1.22862590701971e-10	9.3528393295335e-30	0.999999999861373	1.5767072073374698e-11	Restricted coloc completed.	distinct_signal_PP3_gt_PP4	crohn	eqtl_maf_proxy															
results/phase4d_coloc/phase4d_restricted_coloc_tierA_all_results.tsv	crohn	Skin_Sun_Exposed_Lower_leg	HSPA4	ENSG00000170606	887	5:131239706-133218976	Tier 1	negative_local_rg	A_local_Tier1_recurrent_SMR2	3345.0	5187.0	2701.0	2701.0	40266.0	0.302836139671187	605.0	PASS	1.53311712297334e-53	1.63919967909606e-24	9.35283933082992e-30	1.0	1.61713544476919e-25	Restricted coloc completed.	distinct_signal_PP3_gt_PP4	crohn	eqtl_maf_proxy															
results/phase4d_coloc/phase4d_restricted_coloc_tierA_all_results.tsv	crohn	Whole_Blood	HSPA4	ENSG00000170606	887	5:131239706-133218976	Tier 1	negative_local_rg	A_local_Tier1_recurrent_SMR2	3345.0	5187.0	2701.0	2701.0	40266.0	0.302836139671187	670.0	PASS	1.29660200454699e-37	1.38631912586479e-08	9.35283919283274e-30	0.999999985244543	8.922719368088511e-10	Restricted coloc completed.	distinct_signal_PP3_gt_PP4	crohn	eqtl_maf_proxy															
results/phase4d_coloc/phase4d_restricted_coloc_tierA_all_results.tsv	uc	Colon_Sigmoid	TCTEX1D1	ENSG00000152760	57	1:66312592-67296179	Tier 1	negative_local_rg	A_local_Tier1_recurrent_SMR2	3347.0	3354.0	2775.0	2775.0	45975.0	0.268972267536705	318.0	PASS	3.53645169088198e-40	2.40900140782754e-06	1.46801175766265e-34	0.999997370034299	2.20964292302324e-07	Restricted coloc completed.	distinct_signal_PP3_gt_PP4	uc	eqtl_maf_proxy															
results/phase4d_coloc/phase4d_restricted_coloc_tierA_all_results.tsv	uc	Colon_Transverse	TCTEX1D1	ENSG00000152760	57	1:66312592-67296179	Tier 1	negative_local_rg	A_local_Tier1_recurrent_SMR2	3347.0	3354.0	2777.0	2777.0	45975.0	0.268972267536705	368.0	PASS	1.1368304234675e-41	7.74399406516817e-08	1.46801548280453e-34	0.999999907776076	1.47839764793716e-08	Restricted coloc completed.	distinct_signal_PP3_gt_PP4	uc	eqtl_maf_proxy															
results/phase4d_coloc/phase4d_restricted_coloc_tierA_all_results.tsv	uc	Skin_Sun_Exposed_Lower_leg	TCTEX1D1	ENSG00000152760	57	1:66312592-67296179	Tier 1	negative_local_rg	A_local_Tier1_recurrent_SMR2	3347.0	3354.0	2769.0	2769.0	45975.0	0.268972267536705	605.0	PASS	3.09824966506062e-49	2.1105018412031e-15	1.46801561816902e-34	1.0	1.64316391150072e-16	Restricted coloc completed.	distinct_signal_PP3_gt_PP4	uc	eqtl_maf_proxy															
results/phase4d_coloc/phase4d_restricted_coloc_tierA_all_results.tsv	uc	Spleen	TCTEX1D1	ENSG00000152760	57	1:66312592-67296179	Tier 1	negative_local_rg	A_local_Tier1_recurrent_SMR2	3347.0	3354.0	2775.0	2775.0	45975.0	0.268972267536705	227.0	PASS	1.30406993999728e-39	8.8832157087251e-06	1.4680015288628e-34	0.99999040176707	7.15017214215934e-07	Restricted coloc completed.	distinct_signal_PP3_gt_PP4	uc	eqtl_maf_proxy															
results/phase4d_coloc/phase4d_restricted_coloc_tierA_all_results.tsv	uc	Whole_Blood	TCTEX1D1	ENSG00000152760	57	1:66312592-67296179	Tier 1	negative_local_rg	A_local_Tier1_recurrent_SMR2	3347.0	3354.0	2776.0	2776.0	45975.0	0.268972267536705	670.0	PASS	7.43061620613877e-96	5.06167380930634e-62	1.46801561816902e-34	1.0	1.88769830939721e-34	Restricted coloc completed.	distinct_signal_PP3_gt_PP4	uc	eqtl_maf_proxy															
results/phase4d_coloc/phase4d_restricted_coloc_tierA_all_results.tsv	uc	Cells_EBV-transformed_lymphocytes	ORMDL3	ENSG00000172057	2203	17:39205766-40724180	Tier 1	negative_local_rg	A_local_Tier1_recurrent_SMR2	3663.0	3826.0	2895.0	2895.0	45975.0	0.268972267536705	147.0	PASS	7.72825440522752e-52	1.11486829970812e-39	6.89551633134502e-13	0.994733281579931	0.0052667184193792	Restricted coloc completed.	distinct_signal_PP3_gt_PP4	uc	eqtl_maf_proxy															
results/phase4d_coloc/phase4d_restricted_coloc_tierA_all_results.tsv	uc	Spleen	ORMDL3	ENSG00000172057	2203	17:39205766-40724180	Tier 1	negative_local_rg	A_local_Tier1_recurrent_SMR2	3668.0	3826.0	2903.0	2903.0	45975.0	0.268972267536705	227.0	PASS	1.77102996370423e-51	2.55486564105956e-39	6.8957247839343e-13	0.994763382871857	0.0052366171274487	Restricted coloc completed.	distinct_signal_PP3_gt_PP4	uc	eqtl_maf_proxy															
results/phase4d_coloc/phase4d_restricted_coloc_tierA_all_results.tsv	uc	Whole_Blood	ORMDL3	ENSG00000172057	2203	17:39205766-40724180	Tier 1	negative_local_rg	A_local_Tier1_recurrent_SMR2	3668.0	3826.0	2904.0	2904.0	45975.0	0.268972267536705	670.0	PASS	4.071311599166479e-70	5.873223114212781e-58	6.89641567430451e-13	0.994863149621132	0.0051368503781656	Restricted coloc completed.	distinct_signal_PP3_gt_PP4	uc	eqtl_maf_proxy															
results/phase4d_coloc/phase4d_restricted_coloc_tierA_all_results.tsv	uc	Cells_EBV-transformed_lymphocytes	GSDMB	ENSG00000073605	2203	17:39205766-40724180	Tier 1	negative_local_rg	A_local_Tier1_recurrent_SMR2	3663.0	3826.0	2895.0	2895.0	45975.0	0.268972267536705	147.0	PASS	1.45582340674185e-20	2.10015261020875e-08	6.89542394814416e-13	0.99471994117568	0.0052800378221033	Restricted coloc completed.	distinct_signal_PP3_gt_PP4	uc	eqtl_maf_proxy															
results/phase4d_coloc/phase4d_restricted_coloc_tierA_all_results.tsv	uc	Colon_Transverse	GSDMB	ENSG00000073605	2203	17:39205766-40724180	Tier 1	negative_local_rg	A_local_Tier1_recurrent_SMR2	3668.0	3826.0	2903.0	2903.0	45975.0	0.268972267536705	368.0	PASS	3.74376339920744e-26	5.40070618348273e-14	3.55842923539591e-13	0.5128473914269	0.487152608572689	Restricted coloc completed.	distinct_signal_PP3_gt_PP4	uc	eqtl_maf_proxy															
results/phase4d_coloc/phase4d_restricted_coloc_tierA_all_results.tsv	uc	Skin_Sun_Exposed_Lower_leg	GSDMB	ENSG00000073605	2203	17:39205766-40724180	Tier 1	negative_local_rg	A_local_Tier1_recurrent_SMR2	3668.0	3826.0	2903.0	2903.0	45975.0	0.268972267536705	605.0	PASS	3.6091898341918804e-17	5.20657204425822e-05	6.90859622860086e-13	0.99662211205683	0.0033258222220342	Restricted coloc completed.	distinct_signal_PP3_gt_PP4	uc	eqtl_maf_proxy															
results/phase4d_coloc/phase4d_restricted_coloc_tierA_all_results.tsv	uc	Spleen	GSDMB	ENSG00000073605	2203	17:39205766-40724180	Tier 1	negative_local_rg	A_local_Tier1_recurrent_SMR2	3668.0	3826.0	2903.0	2903.0	45975.0	0.268972267536705	227.0	PASS	8.58724431982631e-69	1.23878510887646e-56	6.89551874192888e-13	0.994733629757089	0.005266370242209	Restricted coloc completed.	distinct_signal_PP3_gt_PP4	uc	eqtl_maf_proxy															
results/phase4d_coloc/phase4d_restricted_coloc_tierA_all_results.tsv	uc	Colon_Sigmoid	GSDMA	ENSG00000167914	2203	17:39205766-40724180	Tier 1	negative_local_rg	A_local_Tier1_recurrent_SMR2	3668.0	3826.0	2903.0	2903.0	45975.0	0.268972267536705	318.0	PASS	1.45440947461238e-38	2.0981128892396003e-26	6.93198594126925e-13	0.999999608059517	3.91939786680574e-07	Restricted coloc completed.	distinct_signal_PP3_gt_PP4	uc	eqtl_maf_proxy															
results/phase4d_coloc/phase4d_restricted_coloc_tierA_all_results.tsv	uc	Colon_Transverse	GSDMA	ENSG00000167914	2203	17:39205766-40724180	Tier 1	negative_local_rg	A_local_Tier1_recurrent_SMR2	3668.0	3826.0	2903.0	2903.0	45975.0	0.268972267536705	368.0	PASS	4.725772544141638e-69	6.81734027483734e-57	6.93198603859505e-13	0.999999622204698	3.7779460060661e-07	Restricted coloc completed.	distinct_signal_PP3_gt_PP4	uc	eqtl_maf_proxy															
results/phase4d_coloc/phase4d_restricted_coloc_tierA_all_results.tsv	uc	Skin_Not_Sun_Exposed_Suprapubic	GSDMA	ENSG00000167914	2203	17:39205766-40724180	Tier 1	negative_local_rg	A_local_Tier1_recurrent_SMR2	3668.0	3826.0	2903.0	2903.0	45975.0	0.268972267536705	517.0	PASS	2.9102320826554707e-15	0.0041982405594246	6.883764209216019e-13	0.993034808192123	0.0027669512477631	Restricted coloc completed.	distinct_signal_PP3_gt_PP4	uc	eqtl_maf_proxy															
results/phase4d_coloc/phase4d_restricted_coloc_tierA_all_results.tsv	uc	Skin_Sun_Exposed_Lower_leg	GSDMA	ENSG00000167914	2203	17:39205766-40724180	Tier 1	negative_local_rg	A_local_Tier1_recurrent_SMR2	3668.0	3826.0	2903.0	2903.0	45975.0	0.268972267536705	605.0	PASS	2.93675768813631e-21	4.23652985358542e-09	6.93198235024967e-13	0.999999089587301	9.06175474624581e-07	Restricted coloc completed.	distinct_signal_PP3_gt_PP4	uc	eqtl_maf_proxy															
results/phase4d_coloc/phase4d_restricted_coloc_tierA_all_results.tsv	uc	Colon_Sigmoid	SMARCE1	ENSG00000073584	2203	17:39205766-40724180	Tier 1	negative_local_rg	A_local_Tier1_recurrent_SMR2	2615.0	3826.0	2097.0	2097.0	45975.0	0.268972267536705	318.0	PASS	4.04998171137214e-37	5.842452884238971e-25	6.93198864139386e-13	0.999999997965901	2.03341125605355e-09	Restricted coloc completed.	distinct_signal_PP3_gt_PP4	uc	eqtl_maf_proxy															
results/phase4d_coloc/phase4d_restricted_coloc_tierA_all_results.tsv	uc	Colon_Transverse	SMARCE1	ENSG00000073584	2203	17:39205766-40724180	Tier 1	negative_local_rg	A_local_Tier1_recurrent_SMR2	2615.0	3826.0	2097.0	2097.0	45975.0	0.268972267536705	368.0	PASS	1.42426938510295e-26	2.05463317385339e-14	6.93198865469698e-13	0.999999999977952	2.13377332526962e-11	Restricted coloc completed.	distinct_signal_PP3_gt_PP4	uc	eqtl_maf_proxy															
results/phase4d_coloc/phase4d_restricted_coloc_tierA_all_results.tsv	uc	Skin_Not_Sun_Exposed_Suprapubic	SMARCE1	ENSG00000073584	2203	17:39205766-40724180	Tier 1	negative_local_rg	A_local_Tier1_recurrent_SMR2	2615.0	3826.0	2097.0	2097.0	45975.0	0.268972267536705	517.0	PASS	5.75065402673568e-33	8.29577445803855e-21	6.93202793271679e-13	0.999999999987551	1.1760069716488199e-11	Restricted coloc completed.	distinct_signal_PP3_gt_PP4	uc	eqtl_maf_proxy															
results/phase4d_coloc/phase4d_restricted_coloc_tierA_all_results.tsv	uc	Skin_Sun_Exposed_Lower_leg	SMARCE1	ENSG00000073584	2203	17:39205766-40724180	Tier 1	negative_local_rg	A_local_Tier1_recurrent_SMR2	2615.0	3826.0	2097.0	2097.0	45975.0	0.268972267536705	605.0	PASS	7.362502182810339e-49	1.06210534224751e-36	6.93198862056467e-13	0.999999995036177	4.963134114e-09	Restricted coloc completed.	distinct_signal_PP3_gt_PP4	uc	eqtl_maf_proxy															
results/phase4d_coloc/phase4d_restricted_coloc_tierA_all_results.tsv	uc	Spleen	SMARCE1	ENSG00000073584	2203	17:39205766-40724180	Tier 1	negative_local_rg	A_local_Tier1_recurrent_SMR2	2615.0	3826.0	2097.0	2097.0	45975.0	0.268972267536705	227.0	PASS	1.5846675594544001e-15	0.0022860215711332	6.91491720576972e-13	0.997537117360631	0.0001768610675427	Restricted coloc completed.	distinct_signal_PP3_gt_PP4	uc	eqtl_maf_proxy															
results/phase4d_coloc/phase4d_restricted_coloc_tierA_all_results.tsv	uc	Whole_Blood	SMARCE1	ENSG00000073584	2203	17:39205766-40724180	Tier 1	negative_local_rg	A_local_Tier1_recurrent_SMR2	2615.0	3826.0	2098.0	2098.0	45975.0	0.268972267536705	670.0	PASS	1.5633561550796402e-15	0.0022552780061441	6.91443310172039e-13	0.997467180439599	0.0002775415535651	Restricted coloc completed.	distinct_signal_PP3_gt_PP4	uc	eqtl_maf_proxy															
results/phase4d_coloc/phase4d_restricted_coloc_tierA_all_results.tsv	uc	Colon_Sigmoid	RP11-973H7.1	ENSG00000260302	2251	18:12736043-13641405	Tier 1	negative_local_rg	A_local_Tier1_recurrent_SMR2	3278.0	3316.0	2649.0	2649.0	45975.0	0.268972267536705	318.0	PASS	4.22958539719785e-16	7.30931626784051e-15	0.00225083618176	0.0379377919972519	0.959811371820983	Restricted coloc completed.	coloc_supported_PP4_ge_0p8	uc	eqtl_maf_proxy															
results/phase4d_coloc/phase4d_restricted_coloc_tierA_all_results.tsv	uc	Colon_Transverse	RP11-973H7.1	ENSG00000260302	2251	18:12736043-13641405	Tier 1	negative_local_rg	A_local_Tier1_recurrent_SMR2	3278.0	3316.0	2649.0	2649.0	45975.0	0.268972267536705	368.0	PASS	7.28591210223671e-17	1.2591077104204302e-15	0.0022410966067456	0.0377693002614035	0.959989603131851	Restricted coloc completed.	coloc_supported_PP4_ge_0p8	uc	eqtl_maf_proxy															
results/phase4d_coloc/phase4d_restricted_coloc_tierA_all_results.tsv	uc	Spleen	RP11-973H7.1	ENSG00000260302	2251	18:12736043-13641405	Tier 1	negative_local_rg	A_local_Tier1_recurrent_SMR2	3274.0	3316.0	2645.0	2645.0	45975.0	0.268972267536705	227.0	PASS	1.40831408327321e-08	2.43374985877406e-07	0.0445880020213746	0.77035359449831	0.185058146022188	Restricted coloc completed.	distinct_signal_PP3_gt_PP4	uc	eqtl_maf_proxy															
results/phase4d_coloc/phase4d_restricted_coloc_tierA_all_results.tsv	uc	Whole_Blood	RP11-973H7.1	ENSG00000260302	2251	18:12736043-13641405	Tier 1	negative_local_rg	A_local_Tier1_recurrent_SMR2	3278.0	3316.0	2649.0	2649.0	45975.0	0.268972267536705	670.0	PASS	9.60865220427312e-21	1.6605097491410202e-19	0.0434470682089876	0.750620289380018	0.205932642410991	Restricted coloc completed.	distinct_signal_PP3_gt_PP4	uc	eqtl_maf_proxy															
results/phase4d_coloc/phase4d_coloc_input_feasibility_by_candidate_tissue.tsv	cad	Skin_Not_Sun_Exposed_Suprapubic	MEX3A		113		Tier 1	positive_local_rg	A_local_Tier1_recurrent_SMR2																		primary_systemic_cardiovascular	1.0	154685546.0	156813845.0	ENSG00000254726	PASS	True	True	False	False	ftp://ftp.ebi.ac.uk/pub/databases/spot/eQTL/imported/GTEx_V8/ge/Skin_Not_Sun_Exposed_Suprapubic.tsv.gz	True	FEASIBLE_VIA_EQTL_CATALOGUE_REMOTE_TABIX	False	Local GTEx Portal all-associations files are unavailable, but eQTL Catalogue imported GTEx v8 tabix files provide complete regional per-variant eQTL statistics suitable for coloc extraction. Proceed with remote-tabix smoke test and then restricted coloc.
results/phase4d_coloc/phase4d_coloc_input_feasibility_by_candidate_tissue.tsv	cad	Skin_Sun_Exposed_Lower_leg	MEX3A		113		Tier 1	positive_local_rg	A_local_Tier1_recurrent_SMR2																		primary_systemic_cardiovascular	1.0	154685546.0	156813845.0	ENSG00000254726	PASS	True	True	False	False	ftp://ftp.ebi.ac.uk/pub/databases/spot/eQTL/imported/GTEx_V8/ge/Skin_Sun_Exposed_Lower_leg.tsv.gz	True	FEASIBLE_VIA_EQTL_CATALOGUE_REMOTE_TABIX	False	Local GTEx Portal all-associations files are unavailable, but eQTL Catalogue imported GTEx v8 tabix files provide complete regional per-variant eQTL statistics suitable for coloc extraction. Proceed with remote-tabix smoke test and then restricted coloc.
results/phase4d_coloc/phase4d_coloc_input_feasibility_by_candidate_tissue.tsv	cad	Skin_Not_Sun_Exposed_Suprapubic	UBQLN4		113		Tier 1	positive_local_rg	A_local_Tier1_recurrent_SMR2																		primary_systemic_cardiovascular	1.0	154685546.0	156813845.0	ENSG00000160803	PASS	True	True	False	False	ftp://ftp.ebi.ac.uk/pub/databases/spot/eQTL/imported/GTEx_V8/ge/Skin_Not_Sun_Exposed_Suprapubic.tsv.gz	True	FEASIBLE_VIA_EQTL_CATALOGUE_REMOTE_TABIX	False	Local GTEx Portal all-associations files are unavailable, but eQTL Catalogue imported GTEx v8 tabix files provide complete regional per-variant eQTL statistics suitable for coloc extraction. Proceed with remote-tabix smoke test and then restricted coloc.
results/phase4d_coloc/phase4d_coloc_input_feasibility_by_candidate_tissue.tsv	cad	Skin_Sun_Exposed_Lower_leg	UBQLN4		113		Tier 1	positive_local_rg	A_local_Tier1_recurrent_SMR2																		primary_systemic_cardiovascular	1.0	154685546.0	156813845.0	ENSG00000160803	PASS	True	True	False	False	ftp://ftp.ebi.ac.uk/pub/databases/spot/eQTL/imported/GTEx_V8/ge/Skin_Sun_Exposed_Lower_leg.tsv.gz	True	FEASIBLE_VIA_EQTL_CATALOGUE_REMOTE_TABIX	False	Local GTEx Portal all-associations files are unavailable, but eQTL Catalogue imported GTEx v8 tabix files provide complete regional per-variant eQTL statistics suitable for coloc extraction. Proceed with remote-tabix smoke test and then restricted coloc.
results/phase4d_coloc/phase4d_coloc_input_feasibility_by_candidate_tissue.tsv	cad	Skin_Not_Sun_Exposed_Suprapubic	AC007381.3		267		Tier 1	positive_local_rg	A_local_Tier1_recurrent_SMR2																		primary_systemic_cardiovascular	2.0	59251997.0	60775066.0	ENSG00000228590	PASS	True	True	False	False	ftp://ftp.ebi.ac.uk/pub/databases/spot/eQTL/imported/GTEx_V8/ge/Skin_Not_Sun_Exposed_Suprapubic.tsv.gz	True	FEASIBLE_VIA_EQTL_CATALOGUE_REMOTE_TABIX	False	Local GTEx Portal all-associations files are unavailable, but eQTL Catalogue imported GTEx v8 tabix files provide complete regional per-variant eQTL statistics suitable for coloc extraction. Proceed with remote-tabix smoke test and then restricted coloc.
results/phase4d_coloc/phase4d_coloc_input_feasibility_by_candidate_tissue.tsv	cad	Skin_Sun_Exposed_Lower_leg	AC007381.3		267		Tier 1	positive_local_rg	A_local_Tier1_recurrent_SMR2																		primary_systemic_cardiovascular	2.0	59251997.0	60775066.0	ENSG00000228590	PASS	True	True	False	False	ftp://ftp.ebi.ac.uk/pub/databases/spot/eQTL/imported/GTEx_V8/ge/Skin_Sun_Exposed_Lower_leg.tsv.gz	True	FEASIBLE_VIA_EQTL_CATALOGUE_REMOTE_TABIX	False	Local GTEx Portal all-associations files are unavailable, but eQTL Catalogue imported GTEx v8 tabix files provide complete regional per-variant eQTL statistics suitable for coloc extraction. Proceed with remote-tabix smoke test and then restricted coloc.
results/phase4d_coloc/phase4d_coloc_input_feasibility_by_candidate_tissue.tsv	cad	Artery_Aorta	TMEM116		1841		Tier 1	positive_local_rg	A_local_Tier1_recurrent_SMR2																		primary_systemic_cardiovascular	12.0	111592382.0	113947983.0	ENSG00000198270	PASS	True	True	False	False	ftp://ftp.ebi.ac.uk/pub/databases/spot/eQTL/imported/GTEx_V8/ge/Artery_Aorta.tsv.gz	True	FEASIBLE_VIA_EQTL_CATALOGUE_REMOTE_TABIX	False	Local GTEx Portal all-associations files are unavailable, but eQTL Catalogue imported GTEx v8 tabix files provide complete regional per-variant eQTL statistics suitable for coloc extraction. Proceed with remote-tabix smoke test and then restricted coloc.
results/phase4d_coloc/phase4d_coloc_input_feasibility_by_candidate_tissue.tsv	cad	Artery_Coronary	TMEM116		1841		Tier 1	positive_local_rg	A_local_Tier1_recurrent_SMR2																		primary_systemic_cardiovascular	12.0	111592382.0	113947983.0	ENSG00000198270	PASS	True	True	False	False	ftp://ftp.ebi.ac.uk/pub/databases/spot/eQTL/imported/GTEx_V8/ge/Artery_Coronary.tsv.gz	True	FEASIBLE_VIA_EQTL_CATALOGUE_REMOTE_TABIX	False	Local GTEx Portal all-associations files are unavailable, but eQTL Catalogue imported GTEx v8 tabix files provide complete regional per-variant eQTL statistics suitable for coloc extraction. Proceed with remote-tabix smoke test and then restricted coloc.
results/phase4d_coloc/phase4d_coloc_input_feasibility_by_candidate_tissue.tsv	cad	Artery_Tibial	TMEM116		1841		Tier 1	positive_local_rg	A_local_Tier1_recurrent_SMR2																		primary_systemic_cardiovascular	12.0	111592382.0	113947983.0	ENSG00000198270	PASS	True	True	False	False	ftp://ftp.ebi.ac.uk/pub/databases/spot/eQTL/imported/GTEx_V8/ge/Artery_Tibial.tsv.gz	True	FEASIBLE_VIA_EQTL_CATALOGUE_REMOTE_TABIX	False	Local GTEx Portal all-associations files are unavailable, but eQTL Catalogue imported GTEx v8 tabix files provide complete regional per-variant eQTL statistics suitable for coloc extraction. Proceed with remote-tabix smoke test and then restricted coloc.
results/phase4d_coloc/phase4d_coloc_input_feasibility_by_candidate_tissue.tsv	cad	Whole_Blood	TMEM116		1841		Tier 1	positive_local_rg	A_local_Tier1_recurrent_SMR2																		primary_systemic_cardiovascular	12.0	111592382.0	113947983.0	ENSG00000198270	PASS	True	True	False	False	ftp://ftp.ebi.ac.uk/pub/databases/spot/eQTL/imported/GTEx_V8/ge/Whole_Blood.tsv.gz	True	FEASIBLE_VIA_EQTL_CATALOGUE_REMOTE_TABIX	False	Local GTEx Portal all-associations files are unavailable, but eQTL Catalogue imported GTEx v8 tabix files provide complete regional per-variant eQTL statistics suitable for coloc extraction. Proceed with remote-tabix smoke test and then restricted coloc.
results/phase4d_coloc/phase4d_coloc_input_feasibility_by_candidate_tissue.tsv	cad	Artery_Aorta	MAPKAPK5		1841		Tier 1	positive_local_rg	A_local_Tier1_recurrent_SMR2																		primary_systemic_cardiovascular	12.0	111592382.0	113947983.0	ENSG00000089022	PASS	True	True	False	False	ftp://ftp.ebi.ac.uk/pub/databases/spot/eQTL/imported/GTEx_V8/ge/Artery_Aorta.tsv.gz	True	FEASIBLE_VIA_EQTL_CATALOGUE_REMOTE_TABIX	False	Local GTEx Portal all-associations files are unavailable, but eQTL Catalogue imported GTEx v8 tabix files provide complete regional per-variant eQTL statistics suitable for coloc extraction. Proceed with remote-tabix smoke test and then restricted coloc.
results/phase4d_coloc/phase4d_coloc_input_feasibility_by_candidate_tissue.tsv	cad	Artery_Tibial	MAPKAPK5		1841		Tier 1	positive_local_rg	A_local_Tier1_recurrent_SMR2																		primary_systemic_cardiovascular	12.0	111592382.0	113947983.0	ENSG00000089022	PASS	True	True	False	False	ftp://ftp.ebi.ac.uk/pub/databases/spot/eQTL/imported/GTEx_V8/ge/Artery_Tibial.tsv.gz	True	FEASIBLE_VIA_EQTL_CATALOGUE_REMOTE_TABIX	False	Local GTEx Portal all-associations files are unavailable, but eQTL Catalogue imported GTEx v8 tabix files provide complete regional per-variant eQTL statistics suitable for coloc extraction. Proceed with remote-tabix smoke test and then restricted coloc.
results/phase4d_coloc/phase4d_coloc_input_feasibility_by_candidate_tissue.tsv	cad	Skin_Sun_Exposed_Lower_leg	MAPKAPK5		1841		Tier 1	positive_local_rg	A_local_Tier1_recurrent_SMR2																		primary_systemic_cardiovascular	12.0	111592382.0	113947983.0	ENSG00000089022	PASS	True	True	False	False	ftp://ftp.ebi.ac.uk/pub/databases/spot/eQTL/imported/GTEx_V8/ge/Skin_Sun_Exposed_Lower_leg.tsv.gz	True	FEASIBLE_VIA_EQTL_CATALOGUE_REMOTE_TABIX	False	Local GTEx Portal all-associations files are unavailable, but eQTL Catalogue imported GTEx v8 tabix files provide complete regional per-variant eQTL statistics suitable for coloc extraction. Proceed with remote-tabix smoke test and then restricted coloc.
results/phase4d_coloc/phase4d_coloc_input_feasibility_by_candidate_tissue.tsv	cad	Artery_Tibial	ADAM1B		1841		Tier 1	positive_local_rg	A_local_Tier1_recurrent_SMR2																		primary_systemic_cardiovascular	12.0	111592382.0	113947983.0	ENSG00000226469	PASS	True	True	False	False	ftp://ftp.ebi.ac.uk/pub/databases/spot/eQTL/imported/GTEx_V8/ge/Artery_Tibial.tsv.gz	True	FEASIBLE_VIA_EQTL_CATALOGUE_REMOTE_TABIX	False	Local GTEx Portal all-associations files are unavailable, but eQTL Catalogue imported GTEx v8 tabix files provide complete regional per-variant eQTL statistics suitable for coloc extraction. Proceed with remote-tabix smoke test and then restricted coloc.
results/phase4d_coloc/phase4d_coloc_input_feasibility_by_candidate_tissue.tsv	cad	Skin_Sun_Exposed_Lower_leg	ADAM1B		1841		Tier 1	positive_local_rg	A_local_Tier1_recurrent_SMR2																		primary_systemic_cardiovascular	12.0	111592382.0	113947983.0	ENSG00000226469	PASS	True	True	False	False	ftp://ftp.ebi.ac.uk/pub/databases/spot/eQTL/imported/GTEx_V8/ge/Skin_Sun_Exposed_Lower_leg.tsv.gz	True	FEASIBLE_VIA_EQTL_CATALOGUE_REMOTE_TABIX	False	Local GTEx Portal all-associations files are unavailable, but eQTL Catalogue imported GTEx v8 tabix files provide complete regional per-variant eQTL statistics suitable for coloc extraction. Proceed with remote-tabix smoke test and then restricted coloc.
results/phase4d_coloc/phase4d_coloc_input_feasibility_by_candidate_tissue.tsv	cad	Skin_Not_Sun_Exposed_Suprapubic	SMARCA4		2318		Tier 1	positive_local_rg	A_local_Tier1_recurrent_SMR2																		primary_systemic_cardiovascular	19.0	10028841.0	11681978.0	ENSG00000127616	PASS	True	True	False	False	ftp://ftp.ebi.ac.uk/pub/databases/spot/eQTL/imported/GTEx_V8/ge/Skin_Not_Sun_Exposed_Suprapubic.tsv.gz	True	FEASIBLE_VIA_EQTL_CATALOGUE_REMOTE_TABIX	False	Local GTEx Portal all-associations files are unavailable, but eQTL Catalogue imported GTEx v8 tabix files provide complete regional per-variant eQTL statistics suitable for coloc extraction. Proceed with remote-tabix smoke test and then restricted coloc.
results/phase4d_coloc/phase4d_coloc_input_feasibility_by_candidate_tissue.tsv	cad	Skin_Sun_Exposed_Lower_leg	SMARCA4		2318		Tier 1	positive_local_rg	A_local_Tier1_recurrent_SMR2																		primary_systemic_cardiovascular	19.0	10028841.0	11681978.0	ENSG00000127616	PASS	True	True	False	False	ftp://ftp.ebi.ac.uk/pub/databases/spot/eQTL/imported/GTEx_V8/ge/Skin_Sun_Exposed_Lower_leg.tsv.gz	True	FEASIBLE_VIA_EQTL_CATALOGUE_REMOTE_TABIX	False	Local GTEx Portal all-associations files are unavailable, but eQTL Catalogue imported GTEx v8 tabix files provide complete regional per-variant eQTL statistics suitable for coloc extraction. Proceed with remote-tabix smoke test and then restricted coloc.
results/phase4d_coloc/phase4d_coloc_input_feasibility_by_candidate_tissue.tsv	cad	Artery_Aorta	RGL3		2318		Tier 1	positive_local_rg	A_local_Tier1_recurrent_SMR2																		primary_systemic_cardiovascular	19.0	10028841.0	11681978.0	ENSG00000205517	PASS	True	True	False	False	ftp://ftp.ebi.ac.uk/pub/databases/spot/eQTL/imported/GTEx_V8/ge/Artery_Aorta.tsv.gz	True	FEASIBLE_VIA_EQTL_CATALOGUE_REMOTE_TABIX	False	Local GTEx Portal all-associations files are unavailable, but eQTL Catalogue imported GTEx v8 tabix files provide complete regional per-variant eQTL statistics suitable for coloc extraction. Proceed with remote-tabix smoke test and then restricted coloc.
results/phase4d_coloc/phase4d_coloc_input_feasibility_by_candidate_tissue.tsv	cad	Whole_Blood	RGL3		2318		Tier 1	positive_local_rg	A_local_Tier1_recurrent_SMR2																		primary_systemic_cardiovascular	19.0	10028841.0	11681978.0	ENSG00000205517	PASS	True	True	False	False	ftp://ftp.ebi.ac.uk/pub/databases/spot/eQTL/imported/GTEx_V8/ge/Whole_Blood.tsv.gz	True	FEASIBLE_VIA_EQTL_CATALOGUE_REMOTE_TABIX	False	Local GTEx Portal all-associations files are unavailable, but eQTL Catalogue imported GTEx v8 tabix files provide complete regional per-variant eQTL statistics suitable for coloc extraction. Proceed with remote-tabix smoke test and then restricted coloc.
results/phase4d_coloc/phase4d_coloc_input_feasibility_by_candidate_tissue.tsv	cad	Skin_Sun_Exposed_Lower_leg	ALDH2		1841		Tier 1	positive_local_rg	B_local_Tier1_single_tissue_SMR2																		primary_systemic_cardiovascular	12.0	111592382.0	113947983.0	ENSG00000111275	PASS	True	True	False	False	ftp://ftp.ebi.ac.uk/pub/databases/spot/eQTL/imported/GTEx_V8/ge/Skin_Sun_Exposed_Lower_leg.tsv.gz	True	FEASIBLE_VIA_EQTL_CATALOGUE_REMOTE_TABIX	False	Local GTEx Portal all-associations files are unavailable, but eQTL Catalogue imported GTEx v8 tabix files provide complete regional per-variant eQTL statistics suitable for coloc extraction. Proceed with remote-tabix smoke test and then restricted coloc.
results/phase4d_coloc/phase4d_coloc_input_feasibility_by_candidate_tissue.tsv	cad	Whole_Blood	MAPKAPK5-AS1		1841		Tier 1	positive_local_rg	B_local_Tier1_single_tissue_SMR2																		primary_systemic_cardiovascular	12.0	111592382.0	113947983.0	ENSG00000234608	PASS	True	True	False	False	ftp://ftp.ebi.ac.uk/pub/databases/spot/eQTL/imported/GTEx_V8/ge/Whole_Blood.tsv.gz	True	FEASIBLE_VIA_EQTL_CATALOGUE_REMOTE_TABIX	False	Local GTEx Portal all-associations files are unavailable, but eQTL Catalogue imported GTEx v8 tabix files provide complete regional per-variant eQTL statistics suitable for coloc extraction. Proceed with remote-tabix smoke test and then restricted coloc.
results/phase4d_coloc/phase4d_coloc_input_feasibility_by_candidate_tissue.tsv	cad	Skin_Sun_Exposed_Lower_leg	YIPF2		2318		Tier 1	positive_local_rg	B_local_Tier1_single_tissue_SMR2																		primary_systemic_cardiovascular	19.0	10028841.0	11681978.0	ENSG00000130733	PASS	True	True	False	False	ftp://ftp.ebi.ac.uk/pub/databases/spot/eQTL/imported/GTEx_V8/ge/Skin_Sun_Exposed_Lower_leg.tsv.gz	True	FEASIBLE_VIA_EQTL_CATALOGUE_REMOTE_TABIX	False	Local GTEx Portal all-associations files are unavailable, but eQTL Catalogue imported GTEx v8 tabix files provide complete regional per-variant eQTL statistics suitable for coloc extraction. Proceed with remote-tabix smoke test and then restricted coloc.
results/phase4d_coloc/phase4d_coloc_input_feasibility_by_candidate_tissue.tsv	cad	Skin_Sun_Exposed_Lower_leg	C19orf52		2318		Tier 1	positive_local_rg	B_local_Tier1_single_tissue_SMR2																		primary_systemic_cardiovascular	19.0	10028841.0	11681978.0	ENSG00000142444	PASS	True	True	False	False	ftp://ftp.ebi.ac.uk/pub/databases/spot/eQTL/imported/GTEx_V8/ge/Skin_Sun_Exposed_Lower_leg.tsv.gz	True	FEASIBLE_VIA_EQTL_CATALOGUE_REMOTE_TABIX	False	Local GTEx Portal all-associations files are unavailable, but eQTL Catalogue imported GTEx v8 tabix files provide complete regional per-variant eQTL statistics suitable for coloc extraction. Proceed with remote-tabix smoke test and then restricted coloc.
results/phase4d_coloc/phase4d_coloc_input_feasibility_by_candidate_tissue.tsv	cad	Whole_Blood	KANK2		2318		Tier 1	positive_local_rg	B_local_Tier1_single_tissue_SMR2																		primary_systemic_cardiovascular	19.0	10028841.0	11681978.0	ENSG00000197256	PASS	True	True	False	False	ftp://ftp.ebi.ac.uk/pub/databases/spot/eQTL/imported/GTEx_V8/ge/Whole_Blood.tsv.gz	True	FEASIBLE_VIA_EQTL_CATALOGUE_REMOTE_TABIX	False	Local GTEx Portal all-associations files are unavailable, but eQTL Catalogue imported GTEx v8 tabix files provide complete regional per-variant eQTL statistics suitable for coloc extraction. Proceed with remote-tabix smoke test and then restricted coloc.
results/phase4d_coloc/phase4d_coloc_input_feasibility_by_candidate_tissue.tsv	cad	Whole_Blood	CTC-510F12.2		2318		Tier 1	positive_local_rg	B_local_Tier1_single_tissue_SMR2																		primary_systemic_cardiovascular	19.0	10028841.0	11681978.0	ENSG00000267082	PASS	True	True	False	False	ftp://ftp.ebi.ac.uk/pub/databases/spot/eQTL/imported/GTEx_V8/ge/Whole_Blood.tsv.gz	True	FEASIBLE_VIA_EQTL_CATALOGUE_REMOTE_TABIX	False	Local GTEx Portal all-associations files are unavailable, but eQTL Catalogue imported GTEx v8 tabix files provide complete regional per-variant eQTL statistics suitable for coloc extraction. Proceed with remote-tabix smoke test and then restricted coloc.
results/phase4d_coloc/phase4d_coloc_input_feasibility_by_candidate_tissue.tsv	cad	Whole_Blood	CDKN2D		2318		Tier 1	positive_local_rg	B_local_Tier1_single_tissue_SMR2																		primary_systemic_cardiovascular	19.0	10028841.0	11681978.0	ENSG00000129355	PASS	True	True	False	False	ftp://ftp.ebi.ac.uk/pub/databases/spot/eQTL/imported/GTEx_V8/ge/Whole_Blood.tsv.gz	True	FEASIBLE_VIA_EQTL_CATALOGUE_REMOTE_TABIX	False	Local GTEx Portal all-associations files are unavailable, but eQTL Catalogue imported GTEx v8 tabix files provide complete regional per-variant eQTL statistics suitable for coloc extraction. Proceed with remote-tabix smoke test and then restricted coloc.
results/phase4d_coloc/phase4d_coloc_input_feasibility_by_candidate_tissue.tsv	cad	Artery_Aorta	GFPT1		275		Tier 2	positive_local_rg	B_local_Tier2_recurrent_SMR2																		primary_systemic_cardiovascular	2.0	68877775.0	70756283.0	ENSG00000198380	PASS	True	True	False	False	ftp://ftp.ebi.ac.uk/pub/databases/spot/eQTL/imported/GTEx_V8/ge/Artery_Aorta.tsv.gz	True	FEASIBLE_VIA_EQTL_CATALOGUE_REMOTE_TABIX	False	Local GTEx Portal all-associations files are unavailable, but eQTL Catalogue imported GTEx v8 tabix files provide complete regional per-variant eQTL statistics suitable for coloc extraction. Proceed with remote-tabix smoke test and then restricted coloc.
results/phase4d_coloc/phase4d_coloc_input_feasibility_by_candidate_tissue.tsv	cad	Artery_Tibial	GFPT1		275		Tier 2	positive_local_rg	B_local_Tier2_recurrent_SMR2																		primary_systemic_cardiovascular	2.0	68877775.0	70756283.0	ENSG00000198380	PASS	True	True	False	False	ftp://ftp.ebi.ac.uk/pub/databases/spot/eQTL/imported/GTEx_V8/ge/Artery_Tibial.tsv.gz	True	FEASIBLE_VIA_EQTL_CATALOGUE_REMOTE_TABIX	False	Local GTEx Portal all-associations files are unavailable, but eQTL Catalogue imported GTEx v8 tabix files provide complete regional per-variant eQTL statistics suitable for coloc extraction. Proceed with remote-tabix smoke test and then restricted coloc.
results/phase4d_coloc/phase4d_coloc_input_feasibility_by_candidate_tissue.tsv	cad	Whole_Blood	GFPT1		275		Tier 2	positive_local_rg	B_local_Tier2_recurrent_SMR2																		primary_systemic_cardiovascular	2.0	68877775.0	70756283.0	ENSG00000198380	PASS	True	True	False	False	ftp://ftp.ebi.ac.uk/pub/databases/spot/eQTL/imported/GTEx_V8/ge/Whole_Blood.tsv.gz	True	FEASIBLE_VIA_EQTL_CATALOGUE_REMOTE_TABIX	False	Local GTEx Portal all-associations files are unavailable, but eQTL Catalogue imported GTEx v8 tabix files provide complete regional per-variant eQTL statistics suitable for coloc extraction. Proceed with remote-tabix smoke test and then restricted coloc.
results/phase4d_coloc/phase4d_coloc_input_feasibility_by_candidate_tissue.tsv	cad	Artery_Tibial	ASPRV1		275		Tier 2	positive_local_rg	B_local_Tier2_recurrent_SMR2																		primary_systemic_cardiovascular	2.0	68877775.0	70756283.0	ENSG00000244617	PASS	True	True	False	False	ftp://ftp.ebi.ac.uk/pub/databases/spot/eQTL/imported/GTEx_V8/ge/Artery_Tibial.tsv.gz	True	FEASIBLE_VIA_EQTL_CATALOGUE_REMOTE_TABIX	False	Local GTEx Portal all-associations files are unavailable, but eQTL Catalogue imported GTEx v8 tabix files provide complete regional per-variant eQTL statistics suitable for coloc extraction. Proceed with remote-tabix smoke test and then restricted coloc.
results/phase4d_coloc/phase4d_coloc_input_feasibility_by_candidate_tissue.tsv	cad	Whole_Blood	ASPRV1		275		Tier 2	positive_local_rg	B_local_Tier2_recurrent_SMR2																		primary_systemic_cardiovascular	2.0	68877775.0	70756283.0	ENSG00000244617	PASS	True	True	False	False	ftp://ftp.ebi.ac.uk/pub/databases/spot/eQTL/imported/GTEx_V8/ge/Whole_Blood.tsv.gz	True	FEASIBLE_VIA_EQTL_CATALOGUE_REMOTE_TABIX	False	Local GTEx Portal all-associations files are unavailable, but eQTL Catalogue imported GTEx v8 tabix files provide complete regional per-variant eQTL statistics suitable for coloc extraction. Proceed with remote-tabix smoke test and then restricted coloc.
results/phase4d_coloc/phase4d_coloc_input_feasibility_by_candidate_tissue.tsv	cad	Artery_Tibial	PCBP1-AS1		275		Tier 2	positive_local_rg	B_local_Tier2_recurrent_SMR2																		primary_systemic_cardiovascular	2.0	68877775.0	70756283.0	ENSG00000179818	PASS	True	True	False	False	ftp://ftp.ebi.ac.uk/pub/databases/spot/eQTL/imported/GTEx_V8/ge/Artery_Tibial.tsv.gz	True	FEASIBLE_VIA_EQTL_CATALOGUE_REMOTE_TABIX	False	Local GTEx Portal all-associations files are unavailable, but eQTL Catalogue imported GTEx v8 tabix files provide complete regional per-variant eQTL statistics suitable for coloc extraction. Proceed with remote-tabix smoke test and then restricted coloc.
results/phase4d_coloc/phase4d_coloc_input_feasibility_by_candidate_tissue.tsv	cad	Skin_Not_Sun_Exposed_Suprapubic	PCBP1-AS1		275		Tier 2	positive_local_rg	B_local_Tier2_recurrent_SMR2																		primary_systemic_cardiovascular	2.0	68877775.0	70756283.0	ENSG00000179818	PASS	True	True	False	False	ftp://ftp.ebi.ac.uk/pub/databases/spot/eQTL/imported/GTEx_V8/ge/Skin_Not_Sun_Exposed_Suprapubic.tsv.gz	True	FEASIBLE_VIA_EQTL_CATALOGUE_REMOTE_TABIX	False	Local GTEx Portal all-associations files are unavailable, but eQTL Catalogue imported GTEx v8 tabix files provide complete regional per-variant eQTL statistics suitable for coloc extraction. Proceed with remote-tabix smoke test and then restricted coloc.
results/phase4d_coloc/phase4d_coloc_input_feasibility_by_candidate_tissue.tsv	cad	Whole_Blood	PCBP1-AS1		275		Tier 2	positive_local_rg	B_local_Tier2_recurrent_SMR2																		primary_systemic_cardiovascular	2.0	68877775.0	70756283.0	ENSG00000179818	PASS	True	True	False	False	ftp://ftp.ebi.ac.uk/pub/databases/spot/eQTL/imported/GTEx_V8/ge/Whole_Blood.tsv.gz	True	FEASIBLE_VIA_EQTL_CATALOGUE_REMOTE_TABIX	False	Local GTEx Portal all-associations files are unavailable, but eQTL Catalogue imported GTEx v8 tabix files provide complete regional per-variant eQTL statistics suitable for coloc extraction. Proceed with remote-tabix smoke test and then restricted coloc.
results/phase4d_coloc/phase4d_coloc_input_feasibility_by_candidate_tissue.tsv	cad	Artery_Aorta	RNF114		2412		Tier 2	positive_local_rg	B_local_Tier2_recurrent_SMR2																		primary_systemic_cardiovascular	20.0	48212976.0	49236418.0	ENSG00000124226	PASS	True	True	False	False	ftp://ftp.ebi.ac.uk/pub/databases/spot/eQTL/imported/GTEx_V8/ge/Artery_Aorta.tsv.gz	True	FEASIBLE_VIA_EQTL_CATALOGUE_REMOTE_TABIX	False	Local GTEx Portal all-associations files are unavailable, but eQTL Catalogue imported GTEx v8 tabix files provide complete regional per-variant eQTL statistics suitable for coloc extraction. Proceed with remote-tabix smoke test and then restricted coloc.
results/phase4d_coloc/phase4d_coloc_input_feasibility_by_candidate_tissue.tsv	cad	Artery_Coronary	RNF114		2412		Tier 2	positive_local_rg	B_local_Tier2_recurrent_SMR2																		primary_systemic_cardiovascular	20.0	48212976.0	49236418.0	ENSG00000124226	PASS	True	True	False	False	ftp://ftp.ebi.ac.uk/pub/databases/spot/eQTL/imported/GTEx_V8/ge/Artery_Coronary.tsv.gz	True	FEASIBLE_VIA_EQTL_CATALOGUE_REMOTE_TABIX	False	Local GTEx Portal all-associations files are unavailable, but eQTL Catalogue imported GTEx v8 tabix files provide complete regional per-variant eQTL statistics suitable for coloc extraction. Proceed with remote-tabix smoke test and then restricted coloc.
results/phase4d_coloc/phase4d_coloc_input_feasibility_by_candidate_tissue.tsv	cad	Artery_Tibial	RNF114		2412		Tier 2	positive_local_rg	B_local_Tier2_recurrent_SMR2																		primary_systemic_cardiovascular	20.0	48212976.0	49236418.0	ENSG00000124226	PASS	True	True	False	False	ftp://ftp.ebi.ac.uk/pub/databases/spot/eQTL/imported/GTEx_V8/ge/Artery_Tibial.tsv.gz	True	FEASIBLE_VIA_EQTL_CATALOGUE_REMOTE_TABIX	False	Local GTEx Portal all-associations files are unavailable, but eQTL Catalogue imported GTEx v8 tabix files provide complete regional per-variant eQTL statistics suitable for coloc extraction. Proceed with remote-tabix smoke test and then restricted coloc.
results/phase4d_coloc/phase4d_coloc_input_feasibility_by_candidate_tissue.tsv	cad	Skin_Not_Sun_Exposed_Suprapubic	NFU1		275		Tier 2	positive_local_rg	C_local_Tier2_single_tissue_SMR2																		primary_systemic_cardiovascular	2.0	68877775.0	70756283.0	ENSG00000169599	PASS	True	True	False	False	ftp://ftp.ebi.ac.uk/pub/databases/spot/eQTL/imported/GTEx_V8/ge/Skin_Not_Sun_Exposed_Suprapubic.tsv.gz	True	FEASIBLE_VIA_EQTL_CATALOGUE_REMOTE_TABIX	False	Local GTEx Portal all-associations files are unavailable, but eQTL Catalogue imported GTEx v8 tabix files provide complete regional per-variant eQTL statistics suitable for coloc extraction. Proceed with remote-tabix smoke test and then restricted coloc.
results/phase4d_coloc/phase4d_coloc_input_feasibility_by_candidate_tissue.tsv	cad	Skin_Sun_Exposed_Lower_leg	AAK1		275		Tier 2	positive_local_rg	C_local_Tier2_single_tissue_SMR2																		primary_systemic_cardiovascular	2.0	68877775.0	70756283.0	ENSG00000115977	PASS	True	True	False	False	ftp://ftp.ebi.ac.uk/pub/databases/spot/eQTL/imported/GTEx_V8/ge/Skin_Sun_Exposed_Lower_leg.tsv.gz	True	FEASIBLE_VIA_EQTL_CATALOGUE_REMOTE_TABIX	False	Local GTEx Portal all-associations files are unavailable, but eQTL Catalogue imported GTEx v8 tabix files provide complete regional per-variant eQTL statistics suitable for coloc extraction. Proceed with remote-tabix smoke test and then restricted coloc.
results/phase4d_coloc/phase4d_coloc_input_feasibility_by_candidate_tissue.tsv	cad	Artery_Tibial	KDM2B		1850		Tier 2	positive_local_rg	C_local_Tier2_single_tissue_SMR2																		primary_systemic_cardiovascular	12.0	121817510.0	123396634.0	ENSG00000089094	PASS	True	True	False	False	ftp://ftp.ebi.ac.uk/pub/databases/spot/eQTL/imported/GTEx_V8/ge/Artery_Tibial.tsv.gz	True	FEASIBLE_VIA_EQTL_CATALOGUE_REMOTE_TABIX	False	Local GTEx Portal all-associations files are unavailable, but eQTL Catalogue imported GTEx v8 tabix files provide complete regional per-variant eQTL statistics suitable for coloc extraction. Proceed with remote-tabix smoke test and then restricted coloc.
results/phase4d_coloc/phase4d_coloc_input_feasibility_by_candidate_tissue.tsv	cad	Skin_Sun_Exposed_Lower_leg	RP11-347I19.8		1850		Tier 2	positive_local_rg	C_local_Tier2_single_tissue_SMR2																		primary_systemic_cardiovascular	12.0	121817510.0	123396634.0	ENSG00000272849	PASS	True	True	False	False	ftp://ftp.ebi.ac.uk/pub/databases/spot/eQTL/imported/GTEx_V8/ge/Skin_Sun_Exposed_Lower_leg.tsv.gz	True	FEASIBLE_VIA_EQTL_CATALOGUE_REMOTE_TABIX	False	Local GTEx Portal all-associations files are unavailable, but eQTL Catalogue imported GTEx v8 tabix files provide complete regional per-variant eQTL statistics suitable for coloc extraction. Proceed with remote-tabix smoke test and then restricted coloc.
results/phase4d_coloc/phase4d_coloc_input_feasibility_by_candidate_tissue.tsv	cad	Artery_Tibial	AC084018.1		1850		Tier 2	positive_local_rg	C_local_Tier2_single_tissue_SMR2																		primary_systemic_cardiovascular	12.0	121817510.0	123396634.0	ENSG00000212694	PASS	True	True	False	False	ftp://ftp.ebi.ac.uk/pub/databases/spot/eQTL/imported/GTEx_V8/ge/Artery_Tibial.tsv.gz	True	FEASIBLE_VIA_EQTL_CATALOGUE_REMOTE_TABIX	False	Local GTEx Portal all-associations files are unavailable, but eQTL Catalogue imported GTEx v8 tabix files provide complete regional per-variant eQTL statistics suitable for coloc extraction. Proceed with remote-tabix smoke test and then restricted coloc.
results/phase4d_coloc/phase4d_coloc_input_feasibility_by_candidate_tissue.tsv	cad	Skin_Not_Sun_Exposed_Suprapubic	RHOF		1850		Tier 2	positive_local_rg	C_local_Tier2_single_tissue_SMR2																		primary_systemic_cardiovascular	12.0	121817510.0	123396634.0	ENSG00000139725	PASS	True	True	False	False	ftp://ftp.ebi.ac.uk/pub/databases/spot/eQTL/imported/GTEx_V8/ge/Skin_Not_Sun_Exposed_Suprapubic.tsv.gz	True	FEASIBLE_VIA_EQTL_CATALOGUE_REMOTE_TABIX	False	Local GTEx Portal all-associations files are unavailable, but eQTL Catalogue imported GTEx v8 tabix files provide complete regional per-variant eQTL statistics suitable for coloc extraction. Proceed with remote-tabix smoke test and then restricted coloc.
results/phase4d_coloc/phase4d_coloc_input_feasibility_by_candidate_tissue.tsv	cad	Whole_Blood	B4GALT5		2412		Tier 2	positive_local_rg	C_local_Tier2_single_tissue_SMR2																		primary_systemic_cardiovascular	20.0	48212976.0	49236418.0	ENSG00000158470	PASS	True	True	False	False	ftp://ftp.ebi.ac.uk/pub/databases/spot/eQTL/imported/GTEx_V8/ge/Whole_Blood.tsv.gz	True	FEASIBLE_VIA_EQTL_CATALOGUE_REMOTE_TABIX	False	Local GTEx Portal all-associations files are unavailable, but eQTL Catalogue imported GTEx v8 tabix files provide complete regional per-variant eQTL statistics suitable for coloc extraction. Proceed with remote-tabix smoke test and then restricted coloc.
results/phase4d_coloc/phase4d_coloc_input_feasibility_by_candidate_tissue.tsv	crohn	Colon_Sigmoid	PARK7		10		Tier 1	positive_local_rg	A_local_Tier1_recurrent_SMR2																		ibd_direction_heterogeneity	1.0	7711795.0	8580987.0	ENSG00000116288	PASS	True	True	False	False	ftp://ftp.ebi.ac.uk/pub/databases/spot/eQTL/imported/GTEx_V8/ge/Colon_Sigmoid.tsv.gz	True	FEASIBLE_VIA_EQTL_CATALOGUE_REMOTE_TABIX	False	Local GTEx Portal all-associations files are unavailable, but eQTL Catalogue imported GTEx v8 tabix files provide complete regional per-variant eQTL statistics suitable for coloc extraction. Proceed with remote-tabix smoke test and then restricted coloc.
results/phase4d_coloc/phase4d_coloc_input_feasibility_by_candidate_tissue.tsv	crohn	Colon_Transverse	PARK7		10		Tier 1	positive_local_rg	A_local_Tier1_recurrent_SMR2																		ibd_direction_heterogeneity	1.0	7711795.0	8580987.0	ENSG00000116288	PASS	True	True	False	False	ftp://ftp.ebi.ac.uk/pub/databases/spot/eQTL/imported/GTEx_V8/ge/Colon_Transverse.tsv.gz	True	FEASIBLE_VIA_EQTL_CATALOGUE_REMOTE_TABIX	False	Local GTEx Portal all-associations files are unavailable, but eQTL Catalogue imported GTEx v8 tabix files provide complete regional per-variant eQTL statistics suitable for coloc extraction. Proceed with remote-tabix smoke test and then restricted coloc.
results/phase4d_coloc/phase4d_coloc_input_feasibility_by_candidate_tissue.tsv	crohn	Skin_Not_Sun_Exposed_Suprapubic	PARK7		10		Tier 1	positive_local_rg	A_local_Tier1_recurrent_SMR2																		ibd_direction_heterogeneity	1.0	7711795.0	8580987.0	ENSG00000116288	PASS	True	True	False	False	ftp://ftp.ebi.ac.uk/pub/databases/spot/eQTL/imported/GTEx_V8/ge/Skin_Not_Sun_Exposed_Suprapubic.tsv.gz	True	FEASIBLE_VIA_EQTL_CATALOGUE_REMOTE_TABIX	False	Local GTEx Portal all-associations files are unavailable, but eQTL Catalogue imported GTEx v8 tabix files provide complete regional per-variant eQTL statistics suitable for coloc extraction. Proceed with remote-tabix smoke test and then restricted coloc.
results/phase4d_coloc/phase4d_coloc_input_feasibility_by_candidate_tissue.tsv	crohn	Skin_Sun_Exposed_Lower_leg	PARK7		10		Tier 1	positive_local_rg	A_local_Tier1_recurrent_SMR2																		ibd_direction_heterogeneity	1.0	7711795.0	8580987.0	ENSG00000116288	PASS	True	True	False	False	ftp://ftp.ebi.ac.uk/pub/databases/spot/eQTL/imported/GTEx_V8/ge/Skin_Sun_Exposed_Lower_leg.tsv.gz	True	FEASIBLE_VIA_EQTL_CATALOGUE_REMOTE_TABIX	False	Local GTEx Portal all-associations files are unavailable, but eQTL Catalogue imported GTEx v8 tabix files provide complete regional per-variant eQTL statistics suitable for coloc extraction. Proceed with remote-tabix smoke test and then restricted coloc.
results/phase4d_coloc/phase4d_coloc_input_feasibility_by_candidate_tissue.tsv	crohn	Whole_Blood	PARK7		10		Tier 1	positive_local_rg	A_local_Tier1_recurrent_SMR2																		ibd_direction_heterogeneity	1.0	7711795.0	8580987.0	ENSG00000116288	PASS	True	True	False	False	ftp://ftp.ebi.ac.uk/pub/databases/spot/eQTL/imported/GTEx_V8/ge/Whole_Blood.tsv.gz	True	FEASIBLE_VIA_EQTL_CATALOGUE_REMOTE_TABIX	False	Local GTEx Portal all-associations files are unavailable, but eQTL Catalogue imported GTEx v8 tabix files provide complete regional per-variant eQTL statistics suitable for coloc extraction. Proceed with remote-tabix smoke test and then restricted coloc.
results/phase4d_coloc/phase4d_coloc_input_feasibility_by_candidate_tissue.tsv	crohn	Colon_Sigmoid	VAMP3		10		Tier 1	positive_local_rg	A_local_Tier1_recurrent_SMR2																		ibd_direction_heterogeneity	1.0	7711795.0	8580987.0	ENSG00000049245	PASS	True	True	False	False	ftp://ftp.ebi.ac.uk/pub/databases/spot/eQTL/imported/GTEx_V8/ge/Colon_Sigmoid.tsv.gz	True	FEASIBLE_VIA_EQTL_CATALOGUE_REMOTE_TABIX	False	Local GTEx Portal all-associations files are unavailable, but eQTL Catalogue imported GTEx v8 tabix files provide complete regional per-variant eQTL statistics suitable for coloc extraction. Proceed with remote-tabix smoke test and then restricted coloc.
results/phase4d_coloc/phase4d_coloc_input_feasibility_by_candidate_tissue.tsv	crohn	Colon_Transverse	VAMP3		10		Tier 1	positive_local_rg	A_local_Tier1_recurrent_SMR2																		ibd_direction_heterogeneity	1.0	7711795.0	8580987.0	ENSG00000049245	PASS	True	True	False	False	ftp://ftp.ebi.ac.uk/pub/databases/spot/eQTL/imported/GTEx_V8/ge/Colon_Transverse.tsv.gz	True	FEASIBLE_VIA_EQTL_CATALOGUE_REMOTE_TABIX	False	Local GTEx Portal all-associations files are unavailable, but eQTL Catalogue imported GTEx v8 tabix files provide complete regional per-variant eQTL statistics suitable for coloc extraction. Proceed with remote-tabix smoke test and then restricted coloc.
results/phase4d_coloc/phase4d_coloc_input_feasibility_by_candidate_tissue.tsv	crohn	Skin_Not_Sun_Exposed_Suprapubic	VAMP3		10		Tier 1	positive_local_rg	A_local_Tier1_recurrent_SMR2																		ibd_direction_heterogeneity	1.0	7711795.0	8580987.0	ENSG00000049245	PASS	True	True	False	False	ftp://ftp.ebi.ac.uk/pub/databases/spot/eQTL/imported/GTEx_V8/ge/Skin_Not_Sun_Exposed_Suprapubic.tsv.gz	True	FEASIBLE_VIA_EQTL_CATALOGUE_REMOTE_TABIX	False	Local GTEx Portal all-associations files are unavailable, but eQTL Catalogue imported GTEx v8 tabix files provide complete regional per-variant eQTL statistics suitable for coloc extraction. Proceed with remote-tabix smoke test and then restricted coloc.
results/phase4d_coloc/phase4d_coloc_input_feasibility_by_candidate_tissue.tsv	crohn	Skin_Sun_Exposed_Lower_leg	VAMP3		10		Tier 1	positive_local_rg	A_local_Tier1_recurrent_SMR2																		ibd_direction_heterogeneity	1.0	7711795.0	8580987.0	ENSG00000049245	PASS	True	True	False	False	ftp://ftp.ebi.ac.uk/pub/databases/spot/eQTL/imported/GTEx_V8/ge/Skin_Sun_Exposed_Lower_leg.tsv.gz	True	FEASIBLE_VIA_EQTL_CATALOGUE_REMOTE_TABIX	False	Local GTEx Portal all-associations files are unavailable, but eQTL Catalogue imported GTEx v8 tabix files provide complete regional per-variant eQTL statistics suitable for coloc extraction. Proceed with remote-tabix smoke test and then restricted coloc.
results/phase4d_coloc/phase4d_coloc_input_feasibility_by_candidate_tissue.tsv	crohn	Colon_Sigmoid	TCTEX1D1		57		Tier 1	negative_local_rg	A_local_Tier1_recurrent_SMR2																		ibd_direction_heterogeneity	1.0	66778016.0	67761890.0	ENSG00000152760	PASS	True	True	False	False	ftp://ftp.ebi.ac.uk/pub/databases/spot/eQTL/imported/GTEx_V8/ge/Colon_Sigmoid.tsv.gz	True	FEASIBLE_VIA_EQTL_CATALOGUE_REMOTE_TABIX	False	Local GTEx Portal all-associations files are unavailable, but eQTL Catalogue imported GTEx v8 tabix files provide complete regional per-variant eQTL statistics suitable for coloc extraction. Proceed with remote-tabix smoke test and then restricted coloc.
results/phase4d_coloc/phase4d_coloc_input_feasibility_by_candidate_tissue.tsv	crohn	Colon_Transverse	TCTEX1D1		57		Tier 1	negative_local_rg	A_local_Tier1_recurrent_SMR2																		ibd_direction_heterogeneity	1.0	66778016.0	67761890.0	ENSG00000152760	PASS	True	True	False	False	ftp://ftp.ebi.ac.uk/pub/databases/spot/eQTL/imported/GTEx_V8/ge/Colon_Transverse.tsv.gz	True	FEASIBLE_VIA_EQTL_CATALOGUE_REMOTE_TABIX	False	Local GTEx Portal all-associations files are unavailable, but eQTL Catalogue imported GTEx v8 tabix files provide complete regional per-variant eQTL statistics suitable for coloc extraction. Proceed with remote-tabix smoke test and then restricted coloc.
results/phase4d_coloc/phase4d_coloc_input_feasibility_by_candidate_tissue.tsv	crohn	Skin_Not_Sun_Exposed_Suprapubic	TCTEX1D1		57		Tier 1	negative_local_rg	A_local_Tier1_recurrent_SMR2																		ibd_direction_heterogeneity	1.0	66778016.0	67761890.0	ENSG00000152760	PASS	True	True	False	False	ftp://ftp.ebi.ac.uk/pub/databases/spot/eQTL/imported/GTEx_V8/ge/Skin_Not_Sun_Exposed_Suprapubic.tsv.gz	True	FEASIBLE_VIA_EQTL_CATALOGUE_REMOTE_TABIX	False	Local GTEx Portal all-associations files are unavailable, but eQTL Catalogue imported GTEx v8 tabix files provide complete regional per-variant eQTL statistics suitable for coloc extraction. Proceed with remote-tabix smoke test and then restricted coloc.
results/phase4d_coloc/phase4d_coloc_input_feasibility_by_candidate_tissue.tsv	crohn	Skin_Sun_Exposed_Lower_leg	TCTEX1D1		57		Tier 1	negative_local_rg	A_local_Tier1_recurrent_SMR2																		ibd_direction_heterogeneity	1.0	66778016.0	67761890.0	ENSG00000152760	PASS	True	True	False	False	ftp://ftp.ebi.ac.uk/pub/databases/spot/eQTL/imported/GTEx_V8/ge/Skin_Sun_Exposed_Lower_leg.tsv.gz	True	FEASIBLE_VIA_EQTL_CATALOGUE_REMOTE_TABIX	False	Local GTEx Portal all-associations files are unavailable, but eQTL Catalogue imported GTEx v8 tabix files provide complete regional per-variant eQTL statistics suitable for coloc extraction. Proceed with remote-tabix smoke test and then restricted coloc.
results/phase4d_coloc/phase4d_coloc_input_feasibility_by_candidate_tissue.tsv	crohn	Colon_Sigmoid	SLC22A5		887		Tier 1	negative_local_rg	A_local_Tier1_recurrent_SMR2																		ibd_direction_heterogeneity	5.0	130573818.0	132554690.0	ENSG00000197375	PASS	True	True	False	False	ftp://ftp.ebi.ac.uk/pub/databases/spot/eQTL/imported/GTEx_V8/ge/Colon_Sigmoid.tsv.gz	True	FEASIBLE_VIA_EQTL_CATALOGUE_REMOTE_TABIX	False	Local GTEx Portal all-associations files are unavailable, but eQTL Catalogue imported GTEx v8 tabix files provide complete regional per-variant eQTL statistics suitable for coloc extraction. Proceed with remote-tabix smoke test and then restricted coloc.
results/phase4d_coloc/phase4d_coloc_input_feasibility_by_candidate_tissue.tsv	crohn	Colon_Transverse	SLC22A5		887		Tier 1	negative_local_rg	A_local_Tier1_recurrent_SMR2																		ibd_direction_heterogeneity	5.0	130573818.0	132554690.0	ENSG00000197375	PASS	True	True	False	False	ftp://ftp.ebi.ac.uk/pub/databases/spot/eQTL/imported/GTEx_V8/ge/Colon_Transverse.tsv.gz	True	FEASIBLE_VIA_EQTL_CATALOGUE_REMOTE_TABIX	False	Local GTEx Portal all-associations files are unavailable, but eQTL Catalogue imported GTEx v8 tabix files provide complete regional per-variant eQTL statistics suitable for coloc extraction. Proceed with remote-tabix smoke test and then restricted coloc.
results/phase4d_coloc/phase4d_coloc_input_feasibility_by_candidate_tissue.tsv	crohn	Skin_Not_Sun_Exposed_Suprapubic	CDC42SE2		887		Tier 1	negative_local_rg	A_local_Tier1_recurrent_SMR2																		ibd_direction_heterogeneity	5.0	130573818.0	132554690.0	ENSG00000158985	PASS	True	True	False	False	ftp://ftp.ebi.ac.uk/pub/databases/spot/eQTL/imported/GTEx_V8/ge/Skin_Not_Sun_Exposed_Suprapubic.tsv.gz	True	FEASIBLE_VIA_EQTL_CATALOGUE_REMOTE_TABIX	False	Local GTEx Portal all-associations files are unavailable, but eQTL Catalogue imported GTEx v8 tabix files provide complete regional per-variant eQTL statistics suitable for coloc extraction. Proceed with remote-tabix smoke test and then restricted coloc.
results/phase4d_coloc/phase4d_coloc_input_feasibility_by_candidate_tissue.tsv	crohn	Skin_Sun_Exposed_Lower_leg	CDC42SE2		887		Tier 1	negative_local_rg	A_local_Tier1_recurrent_SMR2																		ibd_direction_heterogeneity	5.0	130573818.0	132554690.0	ENSG00000158985	PASS	True	True	False	False	ftp://ftp.ebi.ac.uk/pub/databases/spot/eQTL/imported/GTEx_V8/ge/Skin_Sun_Exposed_Lower_leg.tsv.gz	True	FEASIBLE_VIA_EQTL_CATALOGUE_REMOTE_TABIX	False	Local GTEx Portal all-associations files are unavailable, but eQTL Catalogue imported GTEx v8 tabix files provide complete regional per-variant eQTL statistics suitable for coloc extraction. Proceed with remote-tabix smoke test and then restricted coloc.
results/phase4d_coloc/phase4d_coloc_input_feasibility_by_candidate_tissue.tsv	crohn	Colon_Transverse	KIF3A		887		Tier 1	negative_local_rg	A_local_Tier1_recurrent_SMR2																		ibd_direction_heterogeneity	5.0	130573818.0	132554690.0	ENSG00000131437	PASS	True	True	False	False	ftp://ftp.ebi.ac.uk/pub/databases/spot/eQTL/imported/GTEx_V8/ge/Colon_Transverse.tsv.gz	True	FEASIBLE_VIA_EQTL_CATALOGUE_REMOTE_TABIX	False	Local GTEx Portal all-associations files are unavailable, but eQTL Catalogue imported GTEx v8 tabix files provide complete regional per-variant eQTL statistics suitable for coloc extraction. Proceed with remote-tabix smoke test and then restricted coloc.
results/phase4d_coloc/phase4d_coloc_input_feasibility_by_candidate_tissue.tsv	crohn	Skin_Not_Sun_Exposed_Suprapubic	KIF3A		887		Tier 1	negative_local_rg	A_local_Tier1_recurrent_SMR2																		ibd_direction_heterogeneity	5.0	130573818.0	132554690.0	ENSG00000131437	PASS	True	True	False	False	ftp://ftp.ebi.ac.uk/pub/databases/spot/eQTL/imported/GTEx_V8/ge/Skin_Not_Sun_Exposed_Suprapubic.tsv.gz	True	FEASIBLE_VIA_EQTL_CATALOGUE_REMOTE_TABIX	False	Local GTEx Portal all-associations files are unavailable, but eQTL Catalogue imported GTEx v8 tabix files provide complete regional per-variant eQTL statistics suitable for coloc extraction. Proceed with remote-tabix smoke test and then restricted coloc.
results/phase4d_coloc/phase4d_coloc_input_feasibility_by_candidate_tissue.tsv	crohn	Skin_Sun_Exposed_Lower_leg	KIF3A		887		Tier 1	negative_local_rg	A_local_Tier1_recurrent_SMR2																		ibd_direction_heterogeneity	5.0	130573818.0	132554690.0	ENSG00000131437	PASS	True	True	False	False	ftp://ftp.ebi.ac.uk/pub/databases/spot/eQTL/imported/GTEx_V8/ge/Skin_Sun_Exposed_Lower_leg.tsv.gz	True	FEASIBLE_VIA_EQTL_CATALOGUE_REMOTE_TABIX	False	Local GTEx Portal all-associations files are unavailable, but eQTL Catalogue imported GTEx v8 tabix files provide complete regional per-variant eQTL statistics suitable for coloc extraction. Proceed with remote-tabix smoke test and then restricted coloc.
results/phase4d_coloc/phase4d_coloc_input_feasibility_by_candidate_tissue.tsv	crohn	Spleen	KIF3A		887		Tier 1	negative_local_rg	A_local_Tier1_recurrent_SMR2																		ibd_direction_heterogeneity	5.0	130573818.0	132554690.0	ENSG00000131437	PASS	True	True	False	False	ftp://ftp.ebi.ac.uk/pub/databases/spot/eQTL/imported/GTEx_V8/ge/Spleen.tsv.gz	True	FEASIBLE_VIA_EQTL_CATALOGUE_REMOTE_TABIX	False	Local GTEx Portal all-associations files are unavailable, but eQTL Catalogue imported GTEx v8 tabix files provide complete regional per-variant eQTL statistics suitable for coloc extraction. Proceed with remote-tabix smoke test and then restricted coloc.
results/phase4d_coloc/phase4d_coloc_input_feasibility_by_candidate_tissue.tsv	crohn	Skin_Not_Sun_Exposed_Suprapubic	HSPA4		887		Tier 1	negative_local_rg	A_local_Tier1_recurrent_SMR2																		ibd_direction_heterogeneity	5.0	130573818.0	132554690.0	ENSG00000170606	PASS	True	True	False	False	ftp://ftp.ebi.ac.uk/pub/databases/spot/eQTL/imported/GTEx_V8/ge/Skin_Not_Sun_Exposed_Suprapubic.tsv.gz	True	FEASIBLE_VIA_EQTL_CATALOGUE_REMOTE_TABIX	False	Local GTEx Portal all-associations files are unavailable, but eQTL Catalogue imported GTEx v8 tabix files provide complete regional per-variant eQTL statistics suitable for coloc extraction. Proceed with remote-tabix smoke test and then restricted coloc.
results/phase4d_coloc/phase4d_coloc_input_feasibility_by_candidate_tissue.tsv	crohn	Skin_Sun_Exposed_Lower_leg	HSPA4		887		Tier 1	negative_local_rg	A_local_Tier1_recurrent_SMR2																		ibd_direction_heterogeneity	5.0	130573818.0	132554690.0	ENSG00000170606	PASS	True	True	False	False	ftp://ftp.ebi.ac.uk/pub/databases/spot/eQTL/imported/GTEx_V8/ge/Skin_Sun_Exposed_Lower_leg.tsv.gz	True	FEASIBLE_VIA_EQTL_CATALOGUE_REMOTE_TABIX	False	Local GTEx Portal all-associations files are unavailable, but eQTL Catalogue imported GTEx v8 tabix files provide complete regional per-variant eQTL statistics suitable for coloc extraction. Proceed with remote-tabix smoke test and then restricted coloc.
results/phase4d_coloc/phase4d_coloc_input_feasibility_by_candidate_tissue.tsv	crohn	Whole_Blood	HSPA4		887		Tier 1	negative_local_rg	A_local_Tier1_recurrent_SMR2																		ibd_direction_heterogeneity	5.0	130573818.0	132554690.0	ENSG00000170606	PASS	True	True	False	False	ftp://ftp.ebi.ac.uk/pub/databases/spot/eQTL/imported/GTEx_V8/ge/Whole_Blood.tsv.gz	True	FEASIBLE_VIA_EQTL_CATALOGUE_REMOTE_TABIX	False	Local GTEx Portal all-associations files are unavailable, but eQTL Catalogue imported GTEx v8 tabix files provide complete regional per-variant eQTL statistics suitable for coloc extraction. Proceed with remote-tabix smoke test and then restricted coloc.
results/phase4d_coloc/phase4d_coloc_input_feasibility_by_candidate_tissue.tsv	crohn	Skin_Sun_Exposed_Lower_leg	SGIP1		57		Tier 1	negative_local_rg	B_local_Tier1_single_tissue_SMR2																		ibd_direction_heterogeneity	1.0	66778016.0	67761890.0	ENSG00000118473	PASS	True	True	False	False	ftp://ftp.ebi.ac.uk/pub/databases/spot/eQTL/imported/GTEx_V8/ge/Skin_Sun_Exposed_Lower_leg.tsv.gz	True	FEASIBLE_VIA_EQTL_CATALOGUE_REMOTE_TABIX	False	Local GTEx Portal all-associations files are unavailable, but eQTL Catalogue imported GTEx v8 tabix files provide complete regional per-variant eQTL statistics suitable for coloc extraction. Proceed with remote-tabix smoke test and then restricted coloc.
results/phase4d_coloc/phase4d_coloc_input_feasibility_by_candidate_tissue.tsv	crohn	Whole_Blood	IL12RB2		58		Tier 1	negative_local_rg	B_local_Tier1_single_tissue_SMR2																		ibd_direction_heterogeneity	1.0	67761891.0	68633860.0	ENSG00000081985	PASS	True	True	False	False	ftp://ftp.ebi.ac.uk/pub/databases/spot/eQTL/imported/GTEx_V8/ge/Whole_Blood.tsv.gz	True	FEASIBLE_VIA_EQTL_CATALOGUE_REMOTE_TABIX	False	Local GTEx Portal all-associations files are unavailable, but eQTL Catalogue imported GTEx v8 tabix files provide complete regional per-variant eQTL statistics suitable for coloc extraction. Proceed with remote-tabix smoke test and then restricted coloc.
results/phase4d_coloc/phase4d_coloc_input_feasibility_by_candidate_tissue.tsv	crohn	Skin_Not_Sun_Exposed_Suprapubic	PDLIM4		887		Tier 1	negative_local_rg	B_local_Tier1_single_tissue_SMR2																		ibd_direction_heterogeneity	5.0	130573818.0	132554690.0	ENSG00000131435	PASS	True	True	False	False	ftp://ftp.ebi.ac.uk/pub/databases/spot/eQTL/imported/GTEx_V8/ge/Skin_Not_Sun_Exposed_Suprapubic.tsv.gz	True	FEASIBLE_VIA_EQTL_CATALOGUE_REMOTE_TABIX	False	Local GTEx Portal all-associations files are unavailable, but eQTL Catalogue imported GTEx v8 tabix files provide complete regional per-variant eQTL statistics suitable for coloc extraction. Proceed with remote-tabix smoke test and then restricted coloc.
results/phase4d_coloc/phase4d_coloc_input_feasibility_by_candidate_tissue.tsv	crohn	Spleen	C5orf56		887		Tier 1	negative_local_rg	B_local_Tier1_single_tissue_SMR2																		ibd_direction_heterogeneity	5.0	130573818.0	132554690.0	ENSG00000197536	PASS	True	True	False	False	ftp://ftp.ebi.ac.uk/pub/databases/spot/eQTL/imported/GTEx_V8/ge/Spleen.tsv.gz	True	FEASIBLE_VIA_EQTL_CATALOGUE_REMOTE_TABIX	False	Local GTEx Portal all-associations files are unavailable, but eQTL Catalogue imported GTEx v8 tabix files provide complete regional per-variant eQTL statistics suitable for coloc extraction. Proceed with remote-tabix smoke test and then restricted coloc.
results/phase4d_coloc/phase4d_coloc_input_feasibility_by_candidate_tissue.tsv	crohn	Whole_Blood	ACSL6		887		Tier 1	negative_local_rg	B_local_Tier1_single_tissue_SMR2																		ibd_direction_heterogeneity	5.0	130573818.0	132554690.0	ENSG00000164398	PASS	True	True	False	False	ftp://ftp.ebi.ac.uk/pub/databases/spot/eQTL/imported/GTEx_V8/ge/Whole_Blood.tsv.gz	True	FEASIBLE_VIA_EQTL_CATALOGUE_REMOTE_TABIX	False	Local GTEx Portal all-associations files are unavailable, but eQTL Catalogue imported GTEx v8 tabix files provide complete regional per-variant eQTL statistics suitable for coloc extraction. Proceed with remote-tabix smoke test and then restricted coloc.
results/phase4d_coloc/phase4d_coloc_input_feasibility_by_candidate_tissue.tsv	crohn	Spleen	AC034228.7		887		Tier 1	negative_local_rg	B_local_Tier1_single_tissue_SMR2																		ibd_direction_heterogeneity	5.0	130573818.0	132554690.0	ENSG00000239642	PASS	True	True	False	False	ftp://ftp.ebi.ac.uk/pub/databases/spot/eQTL/imported/GTEx_V8/ge/Spleen.tsv.gz	True	FEASIBLE_VIA_EQTL_CATALOGUE_REMOTE_TABIX	False	Local GTEx Portal all-associations files are unavailable, but eQTL Catalogue imported GTEx v8 tabix files provide complete regional per-variant eQTL statistics suitable for coloc extraction. Proceed with remote-tabix smoke test and then restricted coloc.
results/phase4d_coloc/phase4d_coloc_input_feasibility_by_candidate_tissue.tsv	crohn	Skin_Sun_Exposed_Lower_leg	GDF9		887		Tier 1	negative_local_rg	B_local_Tier1_single_tissue_SMR2																		ibd_direction_heterogeneity	5.0	130573818.0	132554690.0	ENSG00000164404	PASS	True	True	False	False	ftp://ftp.ebi.ac.uk/pub/databases/spot/eQTL/imported/GTEx_V8/ge/Skin_Sun_Exposed_Lower_leg.tsv.gz	True	FEASIBLE_VIA_EQTL_CATALOGUE_REMOTE_TABIX	False	Local GTEx Portal all-associations files are unavailable, but eQTL Catalogue imported GTEx v8 tabix files provide complete regional per-variant eQTL statistics suitable for coloc extraction. Proceed with remote-tabix smoke test and then restricted coloc.
results/phase4d_coloc/phase4d_coloc_input_feasibility_by_candidate_tissue.tsv	crohn	Skin_Sun_Exposed_Lower_leg	RAPGEF6		887		Tier 1	negative_local_rg	B_local_Tier1_single_tissue_SMR2																		ibd_direction_heterogeneity	5.0	130573818.0	132554690.0	ENSG00000158987	PASS	True	True	False	False	ftp://ftp.ebi.ac.uk/pub/databases/spot/eQTL/imported/GTEx_V8/ge/Skin_Sun_Exposed_Lower_leg.tsv.gz	True	FEASIBLE_VIA_EQTL_CATALOGUE_REMOTE_TABIX	False	Local GTEx Portal all-associations files are unavailable, but eQTL Catalogue imported GTEx v8 tabix files provide complete regional per-variant eQTL statistics suitable for coloc extraction. Proceed with remote-tabix smoke test and then restricted coloc.
results/phase4d_coloc/phase4d_coloc_input_feasibility_by_candidate_tissue.tsv	crohn	Spleen	TIMD4		906		Tier 1	positive_local_rg	B_local_Tier1_single_tissue_SMR2																		ibd_direction_heterogeneity	5.0	156345452.0	157191081.0	ENSG00000145850	PASS	True	True	False	False	ftp://ftp.ebi.ac.uk/pub/databases/spot/eQTL/imported/GTEx_V8/ge/Spleen.tsv.gz	True	FEASIBLE_VIA_EQTL_CATALOGUE_REMOTE_TABIX	False	Local GTEx Portal all-associations files are unavailable, but eQTL Catalogue imported GTEx v8 tabix files provide complete regional per-variant eQTL statistics suitable for coloc extraction. Proceed with remote-tabix smoke test and then restricted coloc.
results/phase4d_coloc/phase4d_coloc_input_feasibility_by_candidate_tissue.tsv	crohn	Skin_Sun_Exposed_Lower_leg	UBLCP1		908		Tier 1	positive_local_rg	B_local_Tier1_single_tissue_SMR2																		ibd_direction_heterogeneity	5.0	158484776.0	159663733.0	ENSG00000164332	PASS	True	True	False	False	ftp://ftp.ebi.ac.uk/pub/databases/spot/eQTL/imported/GTEx_V8/ge/Skin_Sun_Exposed_Lower_leg.tsv.gz	True	FEASIBLE_VIA_EQTL_CATALOGUE_REMOTE_TABIX	False	Local GTEx Portal all-associations files are unavailable, but eQTL Catalogue imported GTEx v8 tabix files provide complete regional per-variant eQTL statistics suitable for coloc extraction. Proceed with remote-tabix smoke test and then restricted coloc.
results/phase4d_coloc/phase4d_coloc_input_feasibility_by_candidate_tissue.tsv	crohn	Whole_Blood	KSR1		2194		Tier 1	positive_local_rg	B_local_Tier1_single_tissue_SMR2																		ibd_direction_heterogeneity	17.0	21432874.0	25872110.0	ENSG00000141068	PASS	True	True	False	False	ftp://ftp.ebi.ac.uk/pub/databases/spot/eQTL/imported/GTEx_V8/ge/Whole_Blood.tsv.gz	True	FEASIBLE_VIA_EQTL_CATALOGUE_REMOTE_TABIX	False	Local GTEx Portal all-associations files are unavailable, but eQTL Catalogue imported GTEx v8 tabix files provide complete regional per-variant eQTL statistics suitable for coloc extraction. Proceed with remote-tabix smoke test and then restricted coloc.
results/phase4d_coloc/phase4d_coloc_input_feasibility_by_candidate_tissue.tsv	crohn	Whole_Blood	RP11-720N19.1		2194		Tier 1	positive_local_rg	B_local_Tier1_single_tissue_SMR2																		ibd_direction_heterogeneity	17.0	21432874.0	25872110.0	ENSG00000263368	PASS	True	True	False	False	ftp://ftp.ebi.ac.uk/pub/databases/spot/eQTL/imported/GTEx_V8/ge/Whole_Blood.tsv.gz	True	FEASIBLE_VIA_EQTL_CATALOGUE_REMOTE_TABIX	False	Local GTEx Portal all-associations files are unavailable, but eQTL Catalogue imported GTEx v8 tabix files provide complete regional per-variant eQTL statistics suitable for coloc extraction. Proceed with remote-tabix smoke test and then restricted coloc.
results/phase4d_coloc/phase4d_coloc_input_feasibility_by_candidate_tissue.tsv	crohn	Colon_Sigmoid	RP11-973H7.1		2251		Tier 1	negative_local_rg	B_local_Tier1_single_tissue_SMR2																		ibd_direction_heterogeneity	18.0	12735559.0	13641479.0	ENSG00000260302	PASS	True	True	False	False	ftp://ftp.ebi.ac.uk/pub/databases/spot/eQTL/imported/GTEx_V8/ge/Colon_Sigmoid.tsv.gz	True	FEASIBLE_VIA_EQTL_CATALOGUE_REMOTE_TABIX	False	Local GTEx Portal all-associations files are unavailable, but eQTL Catalogue imported GTEx v8 tabix files provide complete regional per-variant eQTL statistics suitable for coloc extraction. Proceed with remote-tabix smoke test and then restricted coloc.
results/phase4d_coloc/phase4d_coloc_input_feasibility_by_candidate_tissue.tsv	crohn	Colon_Transverse	RP11-773H22.2		2251		Tier 1	negative_local_rg	B_local_Tier1_single_tissue_SMR2																		ibd_direction_heterogeneity	18.0	12735559.0	13641479.0	ENSG00000267336	PASS	True	True	False	False	ftp://ftp.ebi.ac.uk/pub/databases/spot/eQTL/imported/GTEx_V8/ge/Colon_Transverse.tsv.gz	True	FEASIBLE_VIA_EQTL_CATALOGUE_REMOTE_TABIX	False	Local GTEx Portal all-associations files are unavailable, but eQTL Catalogue imported GTEx v8 tabix files provide complete regional per-variant eQTL statistics suitable for coloc extraction. Proceed with remote-tabix smoke test and then restricted coloc.
results/phase4d_coloc/phase4d_coloc_input_feasibility_by_candidate_tissue.tsv	psa	Skin_Not_Sun_Exposed_Suprapubic	IFNLR1		26		Tier 1	positive_local_rg	A_local_Tier1_recurrent_SMR2																		positive_control_near_neighbor	1.0	23907046.0	25885138.0	ENSG00000185436	PASS	True	True	False	False	ftp://ftp.ebi.ac.uk/pub/databases/spot/eQTL/imported/GTEx_V8/ge/Skin_Not_Sun_Exposed_Suprapubic.tsv.gz	True	FEASIBLE_VIA_EQTL_CATALOGUE_REMOTE_TABIX	False	Local GTEx Portal all-associations files are unavailable, but eQTL Catalogue imported GTEx v8 tabix files provide complete regional per-variant eQTL statistics suitable for coloc extraction. Proceed with remote-tabix smoke test and then restricted coloc.
results/phase4d_coloc/phase4d_coloc_input_feasibility_by_candidate_tissue.tsv	psa	Skin_Sun_Exposed_Lower_leg	IFNLR1		26		Tier 1	positive_local_rg	A_local_Tier1_recurrent_SMR2																		positive_control_near_neighbor	1.0	23907046.0	25885138.0	ENSG00000185436	PASS	True	True	False	False	ftp://ftp.ebi.ac.uk/pub/databases/spot/eQTL/imported/GTEx_V8/ge/Skin_Sun_Exposed_Lower_leg.tsv.gz	True	FEASIBLE_VIA_EQTL_CATALOGUE_REMOTE_TABIX	False	Local GTEx Portal all-associations files are unavailable, but eQTL Catalogue imported GTEx v8 tabix files provide complete regional per-variant eQTL statistics suitable for coloc extraction. Proceed with remote-tabix smoke test and then restricted coloc.
results/phase4d_coloc/phase4d_coloc_input_feasibility_by_candidate_tissue.tsv	psa	Cells_EBV-transformed_lymphocytes	SLC22A5		887		Tier 1	positive_local_rg	A_local_Tier1_recurrent_SMR2																		positive_control_near_neighbor	5.0	130573818.0	132554690.0	ENSG00000197375	PASS	True	True	False	False	ftp://ftp.ebi.ac.uk/pub/databases/spot/eQTL/imported/GTEx_V8/ge/Cells_EBV-transformed_lymphocytes.tsv.gz	True	FEASIBLE_VIA_EQTL_CATALOGUE_REMOTE_TABIX	False	Local GTEx Portal all-associations files are unavailable, but eQTL Catalogue imported GTEx v8 tabix files provide complete regional per-variant eQTL statistics suitable for coloc extraction. Proceed with remote-tabix smoke test and then restricted coloc.
results/phase4d_coloc/phase4d_coloc_input_feasibility_by_candidate_tissue.tsv	psa	Skin_Sun_Exposed_Lower_leg	SLC22A5		887		Tier 1	positive_local_rg	A_local_Tier1_recurrent_SMR2																		positive_control_near_neighbor	5.0	130573818.0	132554690.0	ENSG00000197375	PASS	True	True	False	False	ftp://ftp.ebi.ac.uk/pub/databases/spot/eQTL/imported/GTEx_V8/ge/Skin_Sun_Exposed_Lower_leg.tsv.gz	True	FEASIBLE_VIA_EQTL_CATALOGUE_REMOTE_TABIX	False	Local GTEx Portal all-associations files are unavailable, but eQTL Catalogue imported GTEx v8 tabix files provide complete regional per-variant eQTL statistics suitable for coloc extraction. Proceed with remote-tabix smoke test and then restricted coloc.
results/phase4d_coloc/phase4d_coloc_input_feasibility_by_candidate_tissue.tsv	psa	Spleen	SLC22A5		887		Tier 1	positive_local_rg	A_local_Tier1_recurrent_SMR2																		positive_control_near_neighbor	5.0	130573818.0	132554690.0	ENSG00000197375	PASS	True	True	False	False	ftp://ftp.ebi.ac.uk/pub/databases/spot/eQTL/imported/GTEx_V8/ge/Spleen.tsv.gz	True	FEASIBLE_VIA_EQTL_CATALOGUE_REMOTE_TABIX	False	Local GTEx Portal all-associations files are unavailable, but eQTL Catalogue imported GTEx v8 tabix files provide complete regional per-variant eQTL statistics suitable for coloc extraction. Proceed with remote-tabix smoke test and then restricted coloc.
results/phase4d_coloc/phase4d_coloc_input_feasibility_by_candidate_tissue.tsv	psa	Cells_EBV-transformed_lymphocytes	PDLIM4		887		Tier 1	positive_local_rg	A_local_Tier1_recurrent_SMR2																		positive_control_near_neighbor	5.0	130573818.0	132554690.0	ENSG00000131435	PASS	True	True	False	False	ftp://ftp.ebi.ac.uk/pub/databases/spot/eQTL/imported/GTEx_V8/ge/Cells_EBV-transformed_lymphocytes.tsv.gz	True	FEASIBLE_VIA_EQTL_CATALOGUE_REMOTE_TABIX	False	Local GTEx Portal all-associations files are unavailable, but eQTL Catalogue imported GTEx v8 tabix files provide complete regional per-variant eQTL statistics suitable for coloc extraction. Proceed with remote-tabix smoke test and then restricted coloc.
results/phase4d_coloc/phase4d_coloc_input_feasibility_by_candidate_tissue.tsv	psa	Skin_Not_Sun_Exposed_Suprapubic	PDLIM4		887		Tier 1	positive_local_rg	A_local_Tier1_recurrent_SMR2																		positive_control_near_neighbor	5.0	130573818.0	132554690.0	ENSG00000131435	PASS	True	True	False	False	ftp://ftp.ebi.ac.uk/pub/databases/spot/eQTL/imported/GTEx_V8/ge/Skin_Not_Sun_Exposed_Suprapubic.tsv.gz	True	FEASIBLE_VIA_EQTL_CATALOGUE_REMOTE_TABIX	False	Local GTEx Portal all-associations files are unavailable, but eQTL Catalogue imported GTEx v8 tabix files provide complete regional per-variant eQTL statistics suitable for coloc extraction. Proceed with remote-tabix smoke test and then restricted coloc.
results/phase4d_coloc/phase4d_coloc_input_feasibility_by_candidate_tissue.tsv	psa	Skin_Sun_Exposed_Lower_leg	PDLIM4		887		Tier 1	positive_local_rg	A_local_Tier1_recurrent_SMR2																		positive_control_near_neighbor	5.0	130573818.0	132554690.0	ENSG00000131435	PASS	True	True	False	False	ftp://ftp.ebi.ac.uk/pub/databases/spot/eQTL/imported/GTEx_V8/ge/Skin_Sun_Exposed_Lower_leg.tsv.gz	True	FEASIBLE_VIA_EQTL_CATALOGUE_REMOTE_TABIX	False	Local GTEx Portal all-associations files are unavailable, but eQTL Catalogue imported GTEx v8 tabix files provide complete regional per-variant eQTL statistics suitable for coloc extraction. Proceed with remote-tabix smoke test and then restricted coloc.
results/phase4d_coloc/phase4d_coloc_input_feasibility_by_candidate_tissue.tsv	psa	Skin_Not_Sun_Exposed_Suprapubic	CDC42SE2		887		Tier 1	positive_local_rg	A_local_Tier1_recurrent_SMR2																		positive_control_near_neighbor	5.0	130573818.0	132554690.0	ENSG00000158985	PASS	True	True	False	False	ftp://ftp.ebi.ac.uk/pub/databases/spot/eQTL/imported/GTEx_V8/ge/Skin_Not_Sun_Exposed_Suprapubic.tsv.gz	True	FEASIBLE_VIA_EQTL_CATALOGUE_REMOTE_TABIX	False	Local GTEx Portal all-associations files are unavailable, but eQTL Catalogue imported GTEx v8 tabix files provide complete regional per-variant eQTL statistics suitable for coloc extraction. Proceed with remote-tabix smoke test and then restricted coloc.
results/phase4d_coloc/phase4d_coloc_input_feasibility_by_candidate_tissue.tsv	psa	Skin_Sun_Exposed_Lower_leg	CDC42SE2		887		Tier 1	positive_local_rg	A_local_Tier1_recurrent_SMR2																		positive_control_near_neighbor	5.0	130573818.0	132554690.0	ENSG00000158985	PASS	True	True	False	False	ftp://ftp.ebi.ac.uk/pub/databases/spot/eQTL/imported/GTEx_V8/ge/Skin_Sun_Exposed_Lower_leg.tsv.gz	True	FEASIBLE_VIA_EQTL_CATALOGUE_REMOTE_TABIX	False	Local GTEx Portal all-associations files are unavailable, but eQTL Catalogue imported GTEx v8 tabix files provide complete regional per-variant eQTL statistics suitable for coloc extraction. Proceed with remote-tabix smoke test and then restricted coloc.
results/phase4d_coloc/phase4d_coloc_input_feasibility_by_candidate_tissue.tsv	psa	Skin_Not_Sun_Exposed_Suprapubic	C5orf56		887		Tier 1	positive_local_rg	A_local_Tier1_recurrent_SMR2																		positive_control_near_neighbor	5.0	130573818.0	132554690.0	ENSG00000197536	PASS	True	True	False	False	ftp://ftp.ebi.ac.uk/pub/databases/spot/eQTL/imported/GTEx_V8/ge/Skin_Not_Sun_Exposed_Suprapubic.tsv.gz	True	FEASIBLE_VIA_EQTL_CATALOGUE_REMOTE_TABIX	False	Local GTEx Portal all-associations files are unavailable, but eQTL Catalogue imported GTEx v8 tabix files provide complete regional per-variant eQTL statistics suitable for coloc extraction. Proceed with remote-tabix smoke test and then restricted coloc.
results/phase4d_coloc/phase4d_coloc_input_feasibility_by_candidate_tissue.tsv	psa	Spleen	C5orf56		887		Tier 1	positive_local_rg	A_local_Tier1_recurrent_SMR2																		positive_control_near_neighbor	5.0	130573818.0	132554690.0	ENSG00000197536	PASS	True	True	False	False	ftp://ftp.ebi.ac.uk/pub/databases/spot/eQTL/imported/GTEx_V8/ge/Spleen.tsv.gz	True	FEASIBLE_VIA_EQTL_CATALOGUE_REMOTE_TABIX	False	Local GTEx Portal all-associations files are unavailable, but eQTL Catalogue imported GTEx v8 tabix files provide complete regional per-variant eQTL statistics suitable for coloc extraction. Proceed with remote-tabix smoke test and then restricted coloc.
results/phase4d_coloc/phase4d_coloc_input_feasibility_by_candidate_tissue.tsv	psa	Whole_Blood	C5orf56		887		Tier 1	positive_local_rg	A_local_Tier1_recurrent_SMR2																		positive_control_near_neighbor	5.0	130573818.0	132554690.0	ENSG00000197536	PASS	True	True	False	False	ftp://ftp.ebi.ac.uk/pub/databases/spot/eQTL/imported/GTEx_V8/ge/Whole_Blood.tsv.gz	True	FEASIBLE_VIA_EQTL_CATALOGUE_REMOTE_TABIX	False	Local GTEx Portal all-associations files are unavailable, but eQTL Catalogue imported GTEx v8 tabix files provide complete regional per-variant eQTL statistics suitable for coloc extraction. Proceed with remote-tabix smoke test and then restricted coloc.
results/phase4d_coloc/phase4d_coloc_input_feasibility_by_candidate_tissue.tsv	psa	Cells_EBV-transformed_lymphocytes	C6orf3		1041		Tier 1	positive_local_rg	A_local_Tier1_recurrent_SMR2																		positive_control_near_neighbor	6.0	111363444.0	112342873.0	ENSG00000255389	PASS	True	True	False	False	ftp://ftp.ebi.ac.uk/pub/databases/spot/eQTL/imported/GTEx_V8/ge/Cells_EBV-transformed_lymphocytes.tsv.gz	True	FEASIBLE_VIA_EQTL_CATALOGUE_REMOTE_TABIX	False	Local GTEx Portal all-associations files are unavailable, but eQTL Catalogue imported GTEx v8 tabix files provide complete regional per-variant eQTL statistics suitable for coloc extraction. Proceed with remote-tabix smoke test and then restricted coloc.
results/phase4d_coloc/phase4d_coloc_input_feasibility_by_candidate_tissue.tsv	psa	Skin_Sun_Exposed_Lower_leg	C6orf3		1041		Tier 1	positive_local_rg	A_local_Tier1_recurrent_SMR2																		positive_control_near_neighbor	6.0	111363444.0	112342873.0	ENSG00000255389	PASS	True	True	False	False	ftp://ftp.ebi.ac.uk/pub/databases/spot/eQTL/imported/GTEx_V8/ge/Skin_Sun_Exposed_Lower_leg.tsv.gz	True	FEASIBLE_VIA_EQTL_CATALOGUE_REMOTE_TABIX	False	Local GTEx Portal all-associations files are unavailable, but eQTL Catalogue imported GTEx v8 tabix files provide complete regional per-variant eQTL statistics suitable for coloc extraction. Proceed with remote-tabix smoke test and then restricted coloc.
results/phase4d_coloc/phase4d_coloc_input_feasibility_by_candidate_tissue.tsv	psa	Spleen	C6orf3		1041		Tier 1	positive_local_rg	A_local_Tier1_recurrent_SMR2																		positive_control_near_neighbor	6.0	111363444.0	112342873.0	ENSG00000255389	PASS	True	True	False	False	ftp://ftp.ebi.ac.uk/pub/databases/spot/eQTL/imported/GTEx_V8/ge/Spleen.tsv.gz	True	FEASIBLE_VIA_EQTL_CATALOGUE_REMOTE_TABIX	False	Local GTEx Portal all-associations files are unavailable, but eQTL Catalogue imported GTEx v8 tabix files provide complete regional per-variant eQTL statistics suitable for coloc extraction. Proceed with remote-tabix smoke test and then restricted coloc.
results/phase4d_coloc/phase4d_coloc_input_feasibility_by_candidate_tissue.tsv	psa	Cells_EBV-transformed_lymphocytes	RP11-977G19.11		1793		Tier 1	positive_local_rg	A_local_Tier1_recurrent_SMR2																		positive_control_near_neighbor	12.0	55416803.0	56987105.0	ENSG00000257303	PASS	True	True	False	False	ftp://ftp.ebi.ac.uk/pub/databases/spot/eQTL/imported/GTEx_V8/ge/Cells_EBV-transformed_lymphocytes.tsv.gz	True	FEASIBLE_VIA_EQTL_CATALOGUE_REMOTE_TABIX	False	Local GTEx Portal all-associations files are unavailable, but eQTL Catalogue imported GTEx v8 tabix files provide complete regional per-variant eQTL statistics suitable for coloc extraction. Proceed with remote-tabix smoke test and then restricted coloc.
results/phase4d_coloc/phase4d_coloc_input_feasibility_by_candidate_tissue.tsv	psa	Skin_Not_Sun_Exposed_Suprapubic	RP11-977G19.11		1793		Tier 1	positive_local_rg	A_local_Tier1_recurrent_SMR2																		positive_control_near_neighbor	12.0	55416803.0	56987105.0	ENSG00000257303	PASS	True	True	False	False	ftp://ftp.ebi.ac.uk/pub/databases/spot/eQTL/imported/GTEx_V8/ge/Skin_Not_Sun_Exposed_Suprapubic.tsv.gz	True	FEASIBLE_VIA_EQTL_CATALOGUE_REMOTE_TABIX	False	Local GTEx Portal all-associations files are unavailable, but eQTL Catalogue imported GTEx v8 tabix files provide complete regional per-variant eQTL statistics suitable for coloc extraction. Proceed with remote-tabix smoke test and then restricted coloc.
results/phase4d_coloc/phase4d_coloc_input_feasibility_by_candidate_tissue.tsv	psa	Skin_Sun_Exposed_Lower_leg	RP11-977G19.11		1793		Tier 1	positive_local_rg	A_local_Tier1_recurrent_SMR2																		positive_control_near_neighbor	12.0	55416803.0	56987105.0	ENSG00000257303	PASS	True	True	False	False	ftp://ftp.ebi.ac.uk/pub/databases/spot/eQTL/imported/GTEx_V8/ge/Skin_Sun_Exposed_Lower_leg.tsv.gz	True	FEASIBLE_VIA_EQTL_CATALOGUE_REMOTE_TABIX	False	Local GTEx Portal all-associations files are unavailable, but eQTL Catalogue imported GTEx v8 tabix files provide complete regional per-variant eQTL statistics suitable for coloc extraction. Proceed with remote-tabix smoke test and then restricted coloc.
results/phase4d_coloc/phase4d_coloc_input_feasibility_by_candidate_tissue.tsv	psa	Whole_Blood	RP11-977G19.11		1793		Tier 1	positive_local_rg	A_local_Tier1_recurrent_SMR2																		positive_control_near_neighbor	12.0	55416803.0	56987105.0	ENSG00000257303	PASS	True	True	False	False	ftp://ftp.ebi.ac.uk/pub/databases/spot/eQTL/imported/GTEx_V8/ge/Whole_Blood.tsv.gz	True	FEASIBLE_VIA_EQTL_CATALOGUE_REMOTE_TABIX	False	Local GTEx Portal all-associations files are unavailable, but eQTL Catalogue imported GTEx v8 tabix files provide complete regional per-variant eQTL statistics suitable for coloc extraction. Proceed with remote-tabix smoke test and then restricted coloc.
results/phase4d_coloc/phase4d_coloc_input_feasibility_by_candidate_tissue.tsv	psa	Cells_EBV-transformed_lymphocytes	RPS26		1793		Tier 1	positive_local_rg	A_local_Tier1_recurrent_SMR2																		positive_control_near_neighbor	12.0	55416803.0	56987105.0	ENSG00000197728	PASS	True	True	False	False	ftp://ftp.ebi.ac.uk/pub/databases/spot/eQTL/imported/GTEx_V8/ge/Cells_EBV-transformed_lymphocytes.tsv.gz	True	FEASIBLE_VIA_EQTL_CATALOGUE_REMOTE_TABIX	False	Local GTEx Portal all-associations files are unavailable, but eQTL Catalogue imported GTEx v8 tabix files provide complete regional per-variant eQTL statistics suitable for coloc extraction. Proceed with remote-tabix smoke test and then restricted coloc.
results/phase4d_coloc/phase4d_coloc_input_feasibility_by_candidate_tissue.tsv	psa	Skin_Not_Sun_Exposed_Suprapubic	RPS26		1793		Tier 1	positive_local_rg	A_local_Tier1_recurrent_SMR2																		positive_control_near_neighbor	12.0	55416803.0	56987105.0	ENSG00000197728	PASS	True	True	False	False	ftp://ftp.ebi.ac.uk/pub/databases/spot/eQTL/imported/GTEx_V8/ge/Skin_Not_Sun_Exposed_Suprapubic.tsv.gz	True	FEASIBLE_VIA_EQTL_CATALOGUE_REMOTE_TABIX	False	Local GTEx Portal all-associations files are unavailable, but eQTL Catalogue imported GTEx v8 tabix files provide complete regional per-variant eQTL statistics suitable for coloc extraction. Proceed with remote-tabix smoke test and then restricted coloc.
results/phase4d_coloc/phase4d_coloc_input_feasibility_by_candidate_tissue.tsv	psa	Skin_Sun_Exposed_Lower_leg	RPS26		1793		Tier 1	positive_local_rg	A_local_Tier1_recurrent_SMR2																		positive_control_near_neighbor	12.0	55416803.0	56987105.0	ENSG00000197728	PASS	True	True	False	False	ftp://ftp.ebi.ac.uk/pub/databases/spot/eQTL/imported/GTEx_V8/ge/Skin_Sun_Exposed_Lower_leg.tsv.gz	True	FEASIBLE_VIA_EQTL_CATALOGUE_REMOTE_TABIX	False	Local GTEx Portal all-associations files are unavailable, but eQTL Catalogue imported GTEx v8 tabix files provide complete regional per-variant eQTL statistics suitable for coloc extraction. Proceed with remote-tabix smoke test and then restricted coloc.
results/phase4d_coloc/phase4d_coloc_input_feasibility_by_candidate_tissue.tsv	psa	Spleen	RPS26		1793		Tier 1	positive_local_rg	A_local_Tier1_recurrent_SMR2																		positive_control_near_neighbor	12.0	55416803.0	56987105.0	ENSG00000197728	PASS	True	True	False	False	ftp://ftp.ebi.ac.uk/pub/databases/spot/eQTL/imported/GTEx_V8/ge/Spleen.tsv.gz	True	FEASIBLE_VIA_EQTL_CATALOGUE_REMOTE_TABIX	False	Local GTEx Portal all-associations files are unavailable, but eQTL Catalogue imported GTEx v8 tabix files provide complete regional per-variant eQTL statistics suitable for coloc extraction. Proceed with remote-tabix smoke test and then restricted coloc.
results/phase4d_coloc/phase4d_coloc_input_feasibility_by_candidate_tissue.tsv	psa	Whole_Blood	RPS26		1793		Tier 1	positive_local_rg	A_local_Tier1_recurrent_SMR2																		positive_control_near_neighbor	12.0	55416803.0	56987105.0	ENSG00000197728	PASS	True	True	False	False	ftp://ftp.ebi.ac.uk/pub/databases/spot/eQTL/imported/GTEx_V8/ge/Whole_Blood.tsv.gz	True	FEASIBLE_VIA_EQTL_CATALOGUE_REMOTE_TABIX	False	Local GTEx Portal all-associations files are unavailable, but eQTL Catalogue imported GTEx v8 tabix files provide complete regional per-variant eQTL statistics suitable for coloc extraction. Proceed with remote-tabix smoke test and then restricted coloc.
results/phase4d_coloc/phase4d_coloc_input_feasibility_by_candidate_tissue.tsv	psa	Skin_Not_Sun_Exposed_Suprapubic	SUOX		1793		Tier 1	positive_local_rg	A_local_Tier1_recurrent_SMR2																		positive_control_near_neighbor	12.0	55416803.0	56987105.0	ENSG00000139531	PASS	True	True	False	False	ftp://ftp.ebi.ac.uk/pub/databases/spot/eQTL/imported/GTEx_V8/ge/Skin_Not_Sun_Exposed_Suprapubic.tsv.gz	True	FEASIBLE_VIA_EQTL_CATALOGUE_REMOTE_TABIX	False	Local GTEx Portal all-associations files are unavailable, but eQTL Catalogue imported GTEx v8 tabix files provide complete regional per-variant eQTL statistics suitable for coloc extraction. Proceed with remote-tabix smoke test and then restricted coloc.
results/phase4d_coloc/phase4d_coloc_input_feasibility_by_candidate_tissue.tsv	psa	Skin_Sun_Exposed_Lower_leg	SUOX		1793		Tier 1	positive_local_rg	A_local_Tier1_recurrent_SMR2																		positive_control_near_neighbor	12.0	55416803.0	56987105.0	ENSG00000139531	PASS	True	True	False	False	ftp://ftp.ebi.ac.uk/pub/databases/spot/eQTL/imported/GTEx_V8/ge/Skin_Sun_Exposed_Lower_leg.tsv.gz	True	FEASIBLE_VIA_EQTL_CATALOGUE_REMOTE_TABIX	False	Local GTEx Portal all-associations files are unavailable, but eQTL Catalogue imported GTEx v8 tabix files provide complete regional per-variant eQTL statistics suitable for coloc extraction. Proceed with remote-tabix smoke test and then restricted coloc.
results/phase4d_coloc/phase4d_coloc_input_feasibility_by_candidate_tissue.tsv	psa	Spleen	SUOX		1793		Tier 1	positive_local_rg	A_local_Tier1_recurrent_SMR2																		positive_control_near_neighbor	12.0	55416803.0	56987105.0	ENSG00000139531	PASS	True	True	False	False	ftp://ftp.ebi.ac.uk/pub/databases/spot/eQTL/imported/GTEx_V8/ge/Spleen.tsv.gz	True	FEASIBLE_VIA_EQTL_CATALOGUE_REMOTE_TABIX	False	Local GTEx Portal all-associations files are unavailable, but eQTL Catalogue imported GTEx v8 tabix files provide complete regional per-variant eQTL statistics suitable for coloc extraction. Proceed with remote-tabix smoke test and then restricted coloc.
results/phase4d_coloc/phase4d_coloc_input_feasibility_by_candidate_tissue.tsv	psa	Whole_Blood	SUOX		1793		Tier 1	positive_local_rg	A_local_Tier1_recurrent_SMR2																		positive_control_near_neighbor	12.0	55416803.0	56987105.0	ENSG00000139531	PASS	True	True	False	False	ftp://ftp.ebi.ac.uk/pub/databases/spot/eQTL/imported/GTEx_V8/ge/Whole_Blood.tsv.gz	True	FEASIBLE_VIA_EQTL_CATALOGUE_REMOTE_TABIX	False	Local GTEx Portal all-associations files are unavailable, but eQTL Catalogue imported GTEx v8 tabix files provide complete regional per-variant eQTL statistics suitable for coloc extraction. Proceed with remote-tabix smoke test and then restricted coloc.
results/phase4d_coloc/phase4d_coloc_input_feasibility_by_candidate_tissue.tsv	psa	Skin_Not_Sun_Exposed_Suprapubic	TYK2		2318		Tier 1	positive_local_rg	A_local_Tier1_recurrent_SMR2																		positive_control_near_neighbor	19.0	10028841.0	11681978.0	ENSG00000105397	PASS	True	True	False	False	ftp://ftp.ebi.ac.uk/pub/databases/spot/eQTL/imported/GTEx_V8/ge/Skin_Not_Sun_Exposed_Suprapubic.tsv.gz	True	FEASIBLE_VIA_EQTL_CATALOGUE_REMOTE_TABIX	False	Local GTEx Portal all-associations files are unavailable, but eQTL Catalogue imported GTEx v8 tabix files provide complete regional per-variant eQTL statistics suitable for coloc extraction. Proceed with remote-tabix smoke test and then restricted coloc.
results/phase4d_coloc/phase4d_coloc_input_feasibility_by_candidate_tissue.tsv	psa	Skin_Sun_Exposed_Lower_leg	TYK2		2318		Tier 1	positive_local_rg	A_local_Tier1_recurrent_SMR2																		positive_control_near_neighbor	19.0	10028841.0	11681978.0	ENSG00000105397	PASS	True	True	False	False	ftp://ftp.ebi.ac.uk/pub/databases/spot/eQTL/imported/GTEx_V8/ge/Skin_Sun_Exposed_Lower_leg.tsv.gz	True	FEASIBLE_VIA_EQTL_CATALOGUE_REMOTE_TABIX	False	Local GTEx Portal all-associations files are unavailable, but eQTL Catalogue imported GTEx v8 tabix files provide complete regional per-variant eQTL statistics suitable for coloc extraction. Proceed with remote-tabix smoke test and then restricted coloc.
results/phase4d_coloc/phase4d_coloc_input_feasibility_by_candidate_tissue.tsv	psa	Spleen	TYK2		2318		Tier 1	positive_local_rg	A_local_Tier1_recurrent_SMR2																		positive_control_near_neighbor	19.0	10028841.0	11681978.0	ENSG00000105397	PASS	True	True	False	False	ftp://ftp.ebi.ac.uk/pub/databases/spot/eQTL/imported/GTEx_V8/ge/Spleen.tsv.gz	True	FEASIBLE_VIA_EQTL_CATALOGUE_REMOTE_TABIX	False	Local GTEx Portal all-associations files are unavailable, but eQTL Catalogue imported GTEx v8 tabix files provide complete regional per-variant eQTL statistics suitable for coloc extraction. Proceed with remote-tabix smoke test and then restricted coloc.
results/phase4d_coloc/phase4d_coloc_input_feasibility_by_candidate_tissue.tsv	psa	Whole_Blood	TYK2		2318		Tier 1	positive_local_rg	A_local_Tier1_recurrent_SMR2																		positive_control_near_neighbor	19.0	10028841.0	11681978.0	ENSG00000105397	PASS	True	True	False	False	ftp://ftp.ebi.ac.uk/pub/databases/spot/eQTL/imported/GTEx_V8/ge/Whole_Blood.tsv.gz	True	FEASIBLE_VIA_EQTL_CATALOGUE_REMOTE_TABIX	False	Local GTEx Portal all-associations files are unavailable, but eQTL Catalogue imported GTEx v8 tabix files provide complete regional per-variant eQTL statistics suitable for coloc extraction. Proceed with remote-tabix smoke test and then restricted coloc.
results/phase4d_coloc/phase4d_coloc_input_feasibility_by_candidate_tissue.tsv	psa	Skin_Not_Sun_Exposed_Suprapubic	ICAM5		2318		Tier 1	positive_local_rg	A_local_Tier1_recurrent_SMR2																		positive_control_near_neighbor	19.0	10028841.0	11681978.0	ENSG00000105376	PASS	True	True	False	False	ftp://ftp.ebi.ac.uk/pub/databases/spot/eQTL/imported/GTEx_V8/ge/Skin_Not_Sun_Exposed_Suprapubic.tsv.gz	True	FEASIBLE_VIA_EQTL_CATALOGUE_REMOTE_TABIX	False	Local GTEx Portal all-associations files are unavailable, but eQTL Catalogue imported GTEx v8 tabix files provide complete regional per-variant eQTL statistics suitable for coloc extraction. Proceed with remote-tabix smoke test and then restricted coloc.
results/phase4d_coloc/phase4d_coloc_input_feasibility_by_candidate_tissue.tsv	psa	Skin_Sun_Exposed_Lower_leg	ICAM5		2318		Tier 1	positive_local_rg	A_local_Tier1_recurrent_SMR2																		positive_control_near_neighbor	19.0	10028841.0	11681978.0	ENSG00000105376	PASS	True	True	False	False	ftp://ftp.ebi.ac.uk/pub/databases/spot/eQTL/imported/GTEx_V8/ge/Skin_Sun_Exposed_Lower_leg.tsv.gz	True	FEASIBLE_VIA_EQTL_CATALOGUE_REMOTE_TABIX	False	Local GTEx Portal all-associations files are unavailable, but eQTL Catalogue imported GTEx v8 tabix files provide complete regional per-variant eQTL statistics suitable for coloc extraction. Proceed with remote-tabix smoke test and then restricted coloc.
results/phase4d_coloc/phase4d_coloc_input_feasibility_by_candidate_tissue.tsv	psa	Spleen	ICAM5		2318		Tier 1	positive_local_rg	A_local_Tier1_recurrent_SMR2																		positive_control_near_neighbor	19.0	10028841.0	11681978.0	ENSG00000105376	PASS	True	True	False	False	ftp://ftp.ebi.ac.uk/pub/databases/spot/eQTL/imported/GTEx_V8/ge/Spleen.tsv.gz	True	FEASIBLE_VIA_EQTL_CATALOGUE_REMOTE_TABIX	False	Local GTEx Portal all-associations files are unavailable, but eQTL Catalogue imported GTEx v8 tabix files provide complete regional per-variant eQTL statistics suitable for coloc extraction. Proceed with remote-tabix smoke test and then restricted coloc.
results/phase4d_coloc/phase4d_coloc_input_feasibility_by_candidate_tissue.tsv	psa	Whole_Blood	ICAM5		2318		Tier 1	positive_local_rg	A_local_Tier1_recurrent_SMR2																		positive_control_near_neighbor	19.0	10028841.0	11681978.0	ENSG00000105376	PASS	True	True	False	False	ftp://ftp.ebi.ac.uk/pub/databases/spot/eQTL/imported/GTEx_V8/ge/Whole_Blood.tsv.gz	True	FEASIBLE_VIA_EQTL_CATALOGUE_REMOTE_TABIX	False	Local GTEx Portal all-associations files are unavailable, but eQTL Catalogue imported GTEx v8 tabix files provide complete regional per-variant eQTL statistics suitable for coloc extraction. Proceed with remote-tabix smoke test and then restricted coloc.
results/phase4d_coloc/phase4d_coloc_input_feasibility_by_candidate_tissue.tsv	psa	Skin_Not_Sun_Exposed_Suprapubic	MRPL4		2318		Tier 1	positive_local_rg	A_local_Tier1_recurrent_SMR2																		positive_control_near_neighbor	19.0	10028841.0	11681978.0	ENSG00000105364	PASS	True	True	False	False	ftp://ftp.ebi.ac.uk/pub/databases/spot/eQTL/imported/GTEx_V8/ge/Skin_Not_Sun_Exposed_Suprapubic.tsv.gz	True	FEASIBLE_VIA_EQTL_CATALOGUE_REMOTE_TABIX	False	Local GTEx Portal all-associations files are unavailable, but eQTL Catalogue imported GTEx v8 tabix files provide complete regional per-variant eQTL statistics suitable for coloc extraction. Proceed with remote-tabix smoke test and then restricted coloc.
results/phase4d_coloc/phase4d_coloc_input_feasibility_by_candidate_tissue.tsv	psa	Skin_Sun_Exposed_Lower_leg	MRPL4		2318		Tier 1	positive_local_rg	A_local_Tier1_recurrent_SMR2																		positive_control_near_neighbor	19.0	10028841.0	11681978.0	ENSG00000105364	PASS	True	True	False	False	ftp://ftp.ebi.ac.uk/pub/databases/spot/eQTL/imported/GTEx_V8/ge/Skin_Sun_Exposed_Lower_leg.tsv.gz	True	FEASIBLE_VIA_EQTL_CATALOGUE_REMOTE_TABIX	False	Local GTEx Portal all-associations files are unavailable, but eQTL Catalogue imported GTEx v8 tabix files provide complete regional per-variant eQTL statistics suitable for coloc extraction. Proceed with remote-tabix smoke test and then restricted coloc.
results/phase4d_coloc/phase4d_coloc_input_feasibility_by_candidate_tissue.tsv	psa	Whole_Blood	RP5-886K2.3		26		Tier 1	positive_local_rg	B_local_Tier1_single_tissue_SMR2																		positive_control_near_neighbor	1.0	23907046.0	25885138.0	ENSG00000236810	PASS	True	True	False	False	ftp://ftp.ebi.ac.uk/pub/databases/spot/eQTL/imported/GTEx_V8/ge/Whole_Blood.tsv.gz	True	FEASIBLE_VIA_EQTL_CATALOGUE_REMOTE_TABIX	False	Local GTEx Portal all-associations files are unavailable, but eQTL Catalogue imported GTEx v8 tabix files provide complete regional per-variant eQTL statistics suitable for coloc extraction. Proceed with remote-tabix smoke test and then restricted coloc.
results/phase4d_coloc/phase4d_coloc_input_feasibility_by_candidate_tissue.tsv	psa	Whole_Blood	FUCA1		26		Tier 1	positive_local_rg	B_local_Tier1_single_tissue_SMR2																		positive_control_near_neighbor	1.0	23907046.0	25885138.0	ENSG00000179163	PASS	True	True	False	False	ftp://ftp.ebi.ac.uk/pub/databases/spot/eQTL/imported/GTEx_V8/ge/Whole_Blood.tsv.gz	True	FEASIBLE_VIA_EQTL_CATALOGUE_REMOTE_TABIX	False	Local GTEx Portal all-associations files are unavailable, but eQTL Catalogue imported GTEx v8 tabix files provide complete regional per-variant eQTL statistics suitable for coloc extraction. Proceed with remote-tabix smoke test and then restricted coloc.
results/phase4d_coloc/phase4d_coloc_input_feasibility_by_candidate_tissue.tsv	psa	Whole_Blood	HMGCL		26		Tier 1	positive_local_rg	B_local_Tier1_single_tissue_SMR2																		positive_control_near_neighbor	1.0	23907046.0	25885138.0	ENSG00000117305	PASS	True	True	False	False	ftp://ftp.ebi.ac.uk/pub/databases/spot/eQTL/imported/GTEx_V8/ge/Whole_Blood.tsv.gz	True	FEASIBLE_VIA_EQTL_CATALOGUE_REMOTE_TABIX	False	Local GTEx Portal all-associations files are unavailable, but eQTL Catalogue imported GTEx v8 tabix files provide complete regional per-variant eQTL statistics suitable for coloc extraction. Proceed with remote-tabix smoke test and then restricted coloc.
results/phase4d_coloc/phase4d_coloc_input_feasibility_by_candidate_tissue.tsv	psa	Whole_Blood	SLC35D1		57		Tier 1	positive_local_rg	B_local_Tier1_single_tissue_SMR2																		positive_control_near_neighbor	1.0	66778016.0	67761890.0	ENSG00000116704	PASS	True	True	False	False	ftp://ftp.ebi.ac.uk/pub/databases/spot/eQTL/imported/GTEx_V8/ge/Whole_Blood.tsv.gz	True	FEASIBLE_VIA_EQTL_CATALOGUE_REMOTE_TABIX	False	Local GTEx Portal all-associations files are unavailable, but eQTL Catalogue imported GTEx v8 tabix files provide complete regional per-variant eQTL statistics suitable for coloc extraction. Proceed with remote-tabix smoke test and then restricted coloc.
results/phase4d_coloc/phase4d_coloc_input_feasibility_by_candidate_tissue.tsv	psa	Skin_Sun_Exposed_Lower_leg	P4HA2		887		Tier 1	positive_local_rg	B_local_Tier1_single_tissue_SMR2																		positive_control_near_neighbor	5.0	130573818.0	132554690.0	ENSG00000072682	PASS	True	True	False	False	ftp://ftp.ebi.ac.uk/pub/databases/spot/eQTL/imported/GTEx_V8/ge/Skin_Sun_Exposed_Lower_leg.tsv.gz	True	FEASIBLE_VIA_EQTL_CATALOGUE_REMOTE_TABIX	False	Local GTEx Portal all-associations files are unavailable, but eQTL Catalogue imported GTEx v8 tabix files provide complete regional per-variant eQTL statistics suitable for coloc extraction. Proceed with remote-tabix smoke test and then restricted coloc.
results/phase4d_coloc/phase4d_coloc_input_feasibility_by_candidate_tissue.tsv	psa	Whole_Blood	AC034220.3		887		Tier 1	positive_local_rg	B_local_Tier1_single_tissue_SMR2																		positive_control_near_neighbor	5.0	130573818.0	132554690.0	ENSG00000233006	PASS	True	True	False	False	ftp://ftp.ebi.ac.uk/pub/databases/spot/eQTL/imported/GTEx_V8/ge/Whole_Blood.tsv.gz	True	FEASIBLE_VIA_EQTL_CATALOGUE_REMOTE_TABIX	False	Local GTEx Portal all-associations files are unavailable, but eQTL Catalogue imported GTEx v8 tabix files provide complete regional per-variant eQTL statistics suitable for coloc extraction. Proceed with remote-tabix smoke test and then restricted coloc.
results/phase4d_coloc/phase4d_coloc_input_feasibility_by_candidate_tissue.tsv	psa	Skin_Not_Sun_Exposed_Suprapubic	KIF3A		887		Tier 1	positive_local_rg	B_local_Tier1_single_tissue_SMR2																		positive_control_near_neighbor	5.0	130573818.0	132554690.0	ENSG00000131437	PASS	True	True	False	False	ftp://ftp.ebi.ac.uk/pub/databases/spot/eQTL/imported/GTEx_V8/ge/Skin_Not_Sun_Exposed_Suprapubic.tsv.gz	True	FEASIBLE_VIA_EQTL_CATALOGUE_REMOTE_TABIX	False	Local GTEx Portal all-associations files are unavailable, but eQTL Catalogue imported GTEx v8 tabix files provide complete regional per-variant eQTL statistics suitable for coloc extraction. Proceed with remote-tabix smoke test and then restricted coloc.
results/phase4d_coloc/phase4d_coloc_input_feasibility_by_candidate_tissue.tsv	psa	Skin_Not_Sun_Exposed_Suprapubic	AFF4		887		Tier 1	positive_local_rg	B_local_Tier1_single_tissue_SMR2																		positive_control_near_neighbor	5.0	130573818.0	132554690.0	ENSG00000072364	PASS	True	True	False	False	ftp://ftp.ebi.ac.uk/pub/databases/spot/eQTL/imported/GTEx_V8/ge/Skin_Not_Sun_Exposed_Suprapubic.tsv.gz	True	FEASIBLE_VIA_EQTL_CATALOGUE_REMOTE_TABIX	False	Local GTEx Portal all-associations files are unavailable, but eQTL Catalogue imported GTEx v8 tabix files provide complete regional per-variant eQTL statistics suitable for coloc extraction. Proceed with remote-tabix smoke test and then restricted coloc.
results/phase4d_coloc/phase4d_coloc_input_feasibility_by_candidate_tissue.tsv	psa	Skin_Not_Sun_Exposed_Suprapubic	KIAA1919		1041		Tier 1	positive_local_rg	B_local_Tier1_single_tissue_SMR2																		positive_control_near_neighbor	6.0	111363444.0	112342873.0	ENSG00000173214	PASS	True	True	False	False	ftp://ftp.ebi.ac.uk/pub/databases/spot/eQTL/imported/GTEx_V8/ge/Skin_Not_Sun_Exposed_Suprapubic.tsv.gz	True	FEASIBLE_VIA_EQTL_CATALOGUE_REMOTE_TABIX	False	Local GTEx Portal all-associations files are unavailable, but eQTL Catalogue imported GTEx v8 tabix files provide complete regional per-variant eQTL statistics suitable for coloc extraction. Proceed with remote-tabix smoke test and then restricted coloc.
results/phase4d_coloc/phase4d_coloc_input_feasibility_by_candidate_tissue.tsv	psa	Skin_Not_Sun_Exposed_Suprapubic	IKZF4		1793		Tier 1	positive_local_rg	B_local_Tier1_single_tissue_SMR2																		positive_control_near_neighbor	12.0	55416803.0	56987105.0	ENSG00000123411	PASS	True	True	False	False	ftp://ftp.ebi.ac.uk/pub/databases/spot/eQTL/imported/GTEx_V8/ge/Skin_Not_Sun_Exposed_Suprapubic.tsv.gz	True	FEASIBLE_VIA_EQTL_CATALOGUE_REMOTE_TABIX	False	Local GTEx Portal all-associations files are unavailable, but eQTL Catalogue imported GTEx v8 tabix files provide complete regional per-variant eQTL statistics suitable for coloc extraction. Proceed with remote-tabix smoke test and then restricted coloc.
results/phase4d_coloc/phase4d_coloc_input_feasibility_by_candidate_tissue.tsv	psa	Whole_Blood	TMED1		2318		Tier 1	positive_local_rg	B_local_Tier1_single_tissue_SMR2																		positive_control_near_neighbor	19.0	10028841.0	11681978.0	ENSG00000099203	PASS	True	True	False	False	ftp://ftp.ebi.ac.uk/pub/databases/spot/eQTL/imported/GTEx_V8/ge/Whole_Blood.tsv.gz	True	FEASIBLE_VIA_EQTL_CATALOGUE_REMOTE_TABIX	False	Local GTEx Portal all-associations files are unavailable, but eQTL Catalogue imported GTEx v8 tabix files provide complete regional per-variant eQTL statistics suitable for coloc extraction. Proceed with remote-tabix smoke test and then restricted coloc.
results/phase4d_coloc/phase4d_coloc_input_feasibility_by_candidate_tissue.tsv	uc	Colon_Sigmoid	TCTEX1D1		57		Tier 1	negative_local_rg	A_local_Tier1_recurrent_SMR2																		ibd_direction_heterogeneity	1.0	66778016.0	67761890.0	ENSG00000152760	PASS	True	True	False	False	ftp://ftp.ebi.ac.uk/pub/databases/spot/eQTL/imported/GTEx_V8/ge/Colon_Sigmoid.tsv.gz	True	FEASIBLE_VIA_EQTL_CATALOGUE_REMOTE_TABIX	False	Local GTEx Portal all-associations files are unavailable, but eQTL Catalogue imported GTEx v8 tabix files provide complete regional per-variant eQTL statistics suitable for coloc extraction. Proceed with remote-tabix smoke test and then restricted coloc.
results/phase4d_coloc/phase4d_coloc_input_feasibility_by_candidate_tissue.tsv	uc	Colon_Transverse	TCTEX1D1		57		Tier 1	negative_local_rg	A_local_Tier1_recurrent_SMR2																		ibd_direction_heterogeneity	1.0	66778016.0	67761890.0	ENSG00000152760	PASS	True	True	False	False	ftp://ftp.ebi.ac.uk/pub/databases/spot/eQTL/imported/GTEx_V8/ge/Colon_Transverse.tsv.gz	True	FEASIBLE_VIA_EQTL_CATALOGUE_REMOTE_TABIX	False	Local GTEx Portal all-associations files are unavailable, but eQTL Catalogue imported GTEx v8 tabix files provide complete regional per-variant eQTL statistics suitable for coloc extraction. Proceed with remote-tabix smoke test and then restricted coloc.
results/phase4d_coloc/phase4d_coloc_input_feasibility_by_candidate_tissue.tsv	uc	Skin_Sun_Exposed_Lower_leg	TCTEX1D1		57		Tier 1	negative_local_rg	A_local_Tier1_recurrent_SMR2																		ibd_direction_heterogeneity	1.0	66778016.0	67761890.0	ENSG00000152760	PASS	True	True	False	False	ftp://ftp.ebi.ac.uk/pub/databases/spot/eQTL/imported/GTEx_V8/ge/Skin_Sun_Exposed_Lower_leg.tsv.gz	True	FEASIBLE_VIA_EQTL_CATALOGUE_REMOTE_TABIX	False	Local GTEx Portal all-associations files are unavailable, but eQTL Catalogue imported GTEx v8 tabix files provide complete regional per-variant eQTL statistics suitable for coloc extraction. Proceed with remote-tabix smoke test and then restricted coloc.
results/phase4d_coloc/phase4d_coloc_input_feasibility_by_candidate_tissue.tsv	uc	Spleen	TCTEX1D1		57		Tier 1	negative_local_rg	A_local_Tier1_recurrent_SMR2																		ibd_direction_heterogeneity	1.0	66778016.0	67761890.0	ENSG00000152760	PASS	True	True	False	False	ftp://ftp.ebi.ac.uk/pub/databases/spot/eQTL/imported/GTEx_V8/ge/Spleen.tsv.gz	True	FEASIBLE_VIA_EQTL_CATALOGUE_REMOTE_TABIX	False	Local GTEx Portal all-associations files are unavailable, but eQTL Catalogue imported GTEx v8 tabix files provide complete regional per-variant eQTL statistics suitable for coloc extraction. Proceed with remote-tabix smoke test and then restricted coloc.
results/phase4d_coloc/phase4d_coloc_input_feasibility_by_candidate_tissue.tsv	uc	Whole_Blood	TCTEX1D1		57		Tier 1	negative_local_rg	A_local_Tier1_recurrent_SMR2																		ibd_direction_heterogeneity	1.0	66778016.0	67761890.0	ENSG00000152760	PASS	True	True	False	False	ftp://ftp.ebi.ac.uk/pub/databases/spot/eQTL/imported/GTEx_V8/ge/Whole_Blood.tsv.gz	True	FEASIBLE_VIA_EQTL_CATALOGUE_REMOTE_TABIX	False	Local GTEx Portal all-associations files are unavailable, but eQTL Catalogue imported GTEx v8 tabix files provide complete regional per-variant eQTL statistics suitable for coloc extraction. Proceed with remote-tabix smoke test and then restricted coloc.
results/phase4d_coloc/phase4d_coloc_input_feasibility_by_candidate_tissue.tsv	uc	Cells_EBV-transformed_lymphocytes	ORMDL3		2203		Tier 1	negative_local_rg	A_local_Tier1_recurrent_SMR2																		ibd_direction_heterogeneity	17.0	37361179.0	38880481.0	ENSG00000172057	PASS	True	True	False	False	ftp://ftp.ebi.ac.uk/pub/databases/spot/eQTL/imported/GTEx_V8/ge/Cells_EBV-transformed_lymphocytes.tsv.gz	True	FEASIBLE_VIA_EQTL_CATALOGUE_REMOTE_TABIX	False	Local GTEx Portal all-associations files are unavailable, but eQTL Catalogue imported GTEx v8 tabix files provide complete regional per-variant eQTL statistics suitable for coloc extraction. Proceed with remote-tabix smoke test and then restricted coloc.
results/phase4d_coloc/phase4d_coloc_input_feasibility_by_candidate_tissue.tsv	uc	Spleen	ORMDL3		2203		Tier 1	negative_local_rg	A_local_Tier1_recurrent_SMR2																		ibd_direction_heterogeneity	17.0	37361179.0	38880481.0	ENSG00000172057	PASS	True	True	False	False	ftp://ftp.ebi.ac.uk/pub/databases/spot/eQTL/imported/GTEx_V8/ge/Spleen.tsv.gz	True	FEASIBLE_VIA_EQTL_CATALOGUE_REMOTE_TABIX	False	Local GTEx Portal all-associations files are unavailable, but eQTL Catalogue imported GTEx v8 tabix files provide complete regional per-variant eQTL statistics suitable for coloc extraction. Proceed with remote-tabix smoke test and then restricted coloc.
results/phase4d_coloc/phase4d_coloc_input_feasibility_by_candidate_tissue.tsv	uc	Whole_Blood	ORMDL3		2203		Tier 1	negative_local_rg	A_local_Tier1_recurrent_SMR2																		ibd_direction_heterogeneity	17.0	37361179.0	38880481.0	ENSG00000172057	PASS	True	True	False	False	ftp://ftp.ebi.ac.uk/pub/databases/spot/eQTL/imported/GTEx_V8/ge/Whole_Blood.tsv.gz	True	FEASIBLE_VIA_EQTL_CATALOGUE_REMOTE_TABIX	False	Local GTEx Portal all-associations files are unavailable, but eQTL Catalogue imported GTEx v8 tabix files provide complete regional per-variant eQTL statistics suitable for coloc extraction. Proceed with remote-tabix smoke test and then restricted coloc.
results/phase4d_coloc/phase4d_coloc_input_feasibility_by_candidate_tissue.tsv	uc	Cells_EBV-transformed_lymphocytes	GSDMB		2203		Tier 1	negative_local_rg	A_local_Tier1_recurrent_SMR2																		ibd_direction_heterogeneity	17.0	37361179.0	38880481.0	ENSG00000073605	PASS	True	True	False	False	ftp://ftp.ebi.ac.uk/pub/databases/spot/eQTL/imported/GTEx_V8/ge/Cells_EBV-transformed_lymphocytes.tsv.gz	True	FEASIBLE_VIA_EQTL_CATALOGUE_REMOTE_TABIX	False	Local GTEx Portal all-associations files are unavailable, but eQTL Catalogue imported GTEx v8 tabix files provide complete regional per-variant eQTL statistics suitable for coloc extraction. Proceed with remote-tabix smoke test and then restricted coloc.
results/phase4d_coloc/phase4d_coloc_input_feasibility_by_candidate_tissue.tsv	uc	Colon_Transverse	GSDMB		2203		Tier 1	negative_local_rg	A_local_Tier1_recurrent_SMR2																		ibd_direction_heterogeneity	17.0	37361179.0	38880481.0	ENSG00000073605	PASS	True	True	False	False	ftp://ftp.ebi.ac.uk/pub/databases/spot/eQTL/imported/GTEx_V8/ge/Colon_Transverse.tsv.gz	True	FEASIBLE_VIA_EQTL_CATALOGUE_REMOTE_TABIX	False	Local GTEx Portal all-associations files are unavailable, but eQTL Catalogue imported GTEx v8 tabix files provide complete regional per-variant eQTL statistics suitable for coloc extraction. Proceed with remote-tabix smoke test and then restricted coloc.
results/phase4d_coloc/phase4d_coloc_input_feasibility_by_candidate_tissue.tsv	uc	Skin_Sun_Exposed_Lower_leg	GSDMB		2203		Tier 1	negative_local_rg	A_local_Tier1_recurrent_SMR2																		ibd_direction_heterogeneity	17.0	37361179.0	38880481.0	ENSG00000073605	PASS	True	True	False	False	ftp://ftp.ebi.ac.uk/pub/databases/spot/eQTL/imported/GTEx_V8/ge/Skin_Sun_Exposed_Lower_leg.tsv.gz	True	FEASIBLE_VIA_EQTL_CATALOGUE_REMOTE_TABIX	False	Local GTEx Portal all-associations files are unavailable, but eQTL Catalogue imported GTEx v8 tabix files provide complete regional per-variant eQTL statistics suitable for coloc extraction. Proceed with remote-tabix smoke test and then restricted coloc.
results/phase4d_coloc/phase4d_coloc_input_feasibility_by_candidate_tissue.tsv	uc	Spleen	GSDMB		2203		Tier 1	negative_local_rg	A_local_Tier1_recurrent_SMR2																		ibd_direction_heterogeneity	17.0	37361179.0	38880481.0	ENSG00000073605	PASS	True	True	False	False	ftp://ftp.ebi.ac.uk/pub/databases/spot/eQTL/imported/GTEx_V8/ge/Spleen.tsv.gz	True	FEASIBLE_VIA_EQTL_CATALOGUE_REMOTE_TABIX	False	Local GTEx Portal all-associations files are unavailable, but eQTL Catalogue imported GTEx v8 tabix files provide complete regional per-variant eQTL statistics suitable for coloc extraction. Proceed with remote-tabix smoke test and then restricted coloc.
results/phase4d_coloc/phase4d_coloc_input_feasibility_by_candidate_tissue.tsv	uc	Colon_Sigmoid	GSDMA		2203		Tier 1	negative_local_rg	A_local_Tier1_recurrent_SMR2																		ibd_direction_heterogeneity	17.0	37361179.0	38880481.0	ENSG00000167914	PASS	True	True	False	False	ftp://ftp.ebi.ac.uk/pub/databases/spot/eQTL/imported/GTEx_V8/ge/Colon_Sigmoid.tsv.gz	True	FEASIBLE_VIA_EQTL_CATALOGUE_REMOTE_TABIX	False	Local GTEx Portal all-associations files are unavailable, but eQTL Catalogue imported GTEx v8 tabix files provide complete regional per-variant eQTL statistics suitable for coloc extraction. Proceed with remote-tabix smoke test and then restricted coloc.
results/phase4d_coloc/phase4d_coloc_input_feasibility_by_candidate_tissue.tsv	uc	Colon_Transverse	GSDMA		2203		Tier 1	negative_local_rg	A_local_Tier1_recurrent_SMR2																		ibd_direction_heterogeneity	17.0	37361179.0	38880481.0	ENSG00000167914	PASS	True	True	False	False	ftp://ftp.ebi.ac.uk/pub/databases/spot/eQTL/imported/GTEx_V8/ge/Colon_Transverse.tsv.gz	True	FEASIBLE_VIA_EQTL_CATALOGUE_REMOTE_TABIX	False	Local GTEx Portal all-associations files are unavailable, but eQTL Catalogue imported GTEx v8 tabix files provide complete regional per-variant eQTL statistics suitable for coloc extraction. Proceed with remote-tabix smoke test and then restricted coloc.
results/phase4d_coloc/phase4d_coloc_input_feasibility_by_candidate_tissue.tsv	uc	Skin_Not_Sun_Exposed_Suprapubic	GSDMA		2203		Tier 1	negative_local_rg	A_local_Tier1_recurrent_SMR2																		ibd_direction_heterogeneity	17.0	37361179.0	38880481.0	ENSG00000167914	PASS	True	True	False	False	ftp://ftp.ebi.ac.uk/pub/databases/spot/eQTL/imported/GTEx_V8/ge/Skin_Not_Sun_Exposed_Suprapubic.tsv.gz	True	FEASIBLE_VIA_EQTL_CATALOGUE_REMOTE_TABIX	False	Local GTEx Portal all-associations files are unavailable, but eQTL Catalogue imported GTEx v8 tabix files provide complete regional per-variant eQTL statistics suitable for coloc extraction. Proceed with remote-tabix smoke test and then restricted coloc.
results/phase4d_coloc/phase4d_coloc_input_feasibility_by_candidate_tissue.tsv	uc	Skin_Sun_Exposed_Lower_leg	GSDMA		2203		Tier 1	negative_local_rg	A_local_Tier1_recurrent_SMR2																		ibd_direction_heterogeneity	17.0	37361179.0	38880481.0	ENSG00000167914	PASS	True	True	False	False	ftp://ftp.ebi.ac.uk/pub/databases/spot/eQTL/imported/GTEx_V8/ge/Skin_Sun_Exposed_Lower_leg.tsv.gz	True	FEASIBLE_VIA_EQTL_CATALOGUE_REMOTE_TABIX	False	Local GTEx Portal all-associations files are unavailable, but eQTL Catalogue imported GTEx v8 tabix files provide complete regional per-variant eQTL statistics suitable for coloc extraction. Proceed with remote-tabix smoke test and then restricted coloc.
results/phase4d_coloc/phase4d_coloc_input_feasibility_by_candidate_tissue.tsv	uc	Colon_Sigmoid	SMARCE1		2203		Tier 1	negative_local_rg	A_local_Tier1_recurrent_SMR2																		ibd_direction_heterogeneity	17.0	37361179.0	38880481.0	ENSG00000073584	PASS	True	True	False	False	ftp://ftp.ebi.ac.uk/pub/databases/spot/eQTL/imported/GTEx_V8/ge/Colon_Sigmoid.tsv.gz	True	FEASIBLE_VIA_EQTL_CATALOGUE_REMOTE_TABIX	False	Local GTEx Portal all-associations files are unavailable, but eQTL Catalogue imported GTEx v8 tabix files provide complete regional per-variant eQTL statistics suitable for coloc extraction. Proceed with remote-tabix smoke test and then restricted coloc.
results/phase4d_coloc/phase4d_coloc_input_feasibility_by_candidate_tissue.tsv	uc	Colon_Transverse	SMARCE1		2203		Tier 1	negative_local_rg	A_local_Tier1_recurrent_SMR2																		ibd_direction_heterogeneity	17.0	37361179.0	38880481.0	ENSG00000073584	PASS	True	True	False	False	ftp://ftp.ebi.ac.uk/pub/databases/spot/eQTL/imported/GTEx_V8/ge/Colon_Transverse.tsv.gz	True	FEASIBLE_VIA_EQTL_CATALOGUE_REMOTE_TABIX	False	Local GTEx Portal all-associations files are unavailable, but eQTL Catalogue imported GTEx v8 tabix files provide complete regional per-variant eQTL statistics suitable for coloc extraction. Proceed with remote-tabix smoke test and then restricted coloc.
results/phase4d_coloc/phase4d_coloc_input_feasibility_by_candidate_tissue.tsv	uc	Skin_Not_Sun_Exposed_Suprapubic	SMARCE1		2203		Tier 1	negative_local_rg	A_local_Tier1_recurrent_SMR2																		ibd_direction_heterogeneity	17.0	37361179.0	38880481.0	ENSG00000073584	PASS	True	True	False	False	ftp://ftp.ebi.ac.uk/pub/databases/spot/eQTL/imported/GTEx_V8/ge/Skin_Not_Sun_Exposed_Suprapubic.tsv.gz	True	FEASIBLE_VIA_EQTL_CATALOGUE_REMOTE_TABIX	False	Local GTEx Portal all-associations files are unavailable, but eQTL Catalogue imported GTEx v8 tabix files provide complete regional per-variant eQTL statistics suitable for coloc extraction. Proceed with remote-tabix smoke test and then restricted coloc.
results/phase4d_coloc/phase4d_coloc_input_feasibility_by_candidate_tissue.tsv	uc	Skin_Sun_Exposed_Lower_leg	SMARCE1		2203		Tier 1	negative_local_rg	A_local_Tier1_recurrent_SMR2																		ibd_direction_heterogeneity	17.0	37361179.0	38880481.0	ENSG00000073584	PASS	True	True	False	False	ftp://ftp.ebi.ac.uk/pub/databases/spot/eQTL/imported/GTEx_V8/ge/Skin_Sun_Exposed_Lower_leg.tsv.gz	True	FEASIBLE_VIA_EQTL_CATALOGUE_REMOTE_TABIX	False	Local GTEx Portal all-associations files are unavailable, but eQTL Catalogue imported GTEx v8 tabix files provide complete regional per-variant eQTL statistics suitable for coloc extraction. Proceed with remote-tabix smoke test and then restricted coloc.
results/phase4d_coloc/phase4d_coloc_input_feasibility_by_candidate_tissue.tsv	uc	Spleen	SMARCE1		2203		Tier 1	negative_local_rg	A_local_Tier1_recurrent_SMR2																		ibd_direction_heterogeneity	17.0	37361179.0	38880481.0	ENSG00000073584	PASS	True	True	False	False	ftp://ftp.ebi.ac.uk/pub/databases/spot/eQTL/imported/GTEx_V8/ge/Spleen.tsv.gz	True	FEASIBLE_VIA_EQTL_CATALOGUE_REMOTE_TABIX	False	Local GTEx Portal all-associations files are unavailable, but eQTL Catalogue imported GTEx v8 tabix files provide complete regional per-variant eQTL statistics suitable for coloc extraction. Proceed with remote-tabix smoke test and then restricted coloc.
results/phase4d_coloc/phase4d_coloc_input_feasibility_by_candidate_tissue.tsv	uc	Whole_Blood	SMARCE1		2203		Tier 1	negative_local_rg	A_local_Tier1_recurrent_SMR2																		ibd_direction_heterogeneity	17.0	37361179.0	38880481.0	ENSG00000073584	PASS	True	True	False	False	ftp://ftp.ebi.ac.uk/pub/databases/spot/eQTL/imported/GTEx_V8/ge/Whole_Blood.tsv.gz	True	FEASIBLE_VIA_EQTL_CATALOGUE_REMOTE_TABIX	False	Local GTEx Portal all-associations files are unavailable, but eQTL Catalogue imported GTEx v8 tabix files provide complete regional per-variant eQTL statistics suitable for coloc extraction. Proceed with remote-tabix smoke test and then restricted coloc.
results/phase4d_coloc/phase4d_coloc_input_feasibility_by_candidate_tissue.tsv	uc	Colon_Sigmoid	RP11-973H7.1		2251		Tier 1	negative_local_rg	A_local_Tier1_recurrent_SMR2																		ibd_direction_heterogeneity	18.0	12735559.0	13641479.0	ENSG00000260302	PASS	True	True	False	False	ftp://ftp.ebi.ac.uk/pub/databases/spot/eQTL/imported/GTEx_V8/ge/Colon_Sigmoid.tsv.gz	True	FEASIBLE_VIA_EQTL_CATALOGUE_REMOTE_TABIX	False	Local GTEx Portal all-associations files are unavailable, but eQTL Catalogue imported GTEx v8 tabix files provide complete regional per-variant eQTL statistics suitable for coloc extraction. Proceed with remote-tabix smoke test and then restricted coloc.
results/phase4d_coloc/phase4d_coloc_input_feasibility_by_candidate_tissue.tsv	uc	Colon_Transverse	RP11-973H7.1		2251		Tier 1	negative_local_rg	A_local_Tier1_recurrent_SMR2																		ibd_direction_heterogeneity	18.0	12735559.0	13641479.0	ENSG00000260302	PASS	True	True	False	False	ftp://ftp.ebi.ac.uk/pub/databases/spot/eQTL/imported/GTEx_V8/ge/Colon_Transverse.tsv.gz	True	FEASIBLE_VIA_EQTL_CATALOGUE_REMOTE_TABIX	False	Local GTEx Portal all-associations files are unavailable, but eQTL Catalogue imported GTEx v8 tabix files provide complete regional per-variant eQTL statistics suitable for coloc extraction. Proceed with remote-tabix smoke test and then restricted coloc.
results/phase4d_coloc/phase4d_coloc_input_feasibility_by_candidate_tissue.tsv	uc	Spleen	RP11-973H7.1		2251		Tier 1	negative_local_rg	A_local_Tier1_recurrent_SMR2																		ibd_direction_heterogeneity	18.0	12735559.0	13641479.0	ENSG00000260302	PASS	True	True	False	False	ftp://ftp.ebi.ac.uk/pub/databases/spot/eQTL/imported/GTEx_V8/ge/Spleen.tsv.gz	True	FEASIBLE_VIA_EQTL_CATALOGUE_REMOTE_TABIX	False	Local GTEx Portal all-associations files are unavailable, but eQTL Catalogue imported GTEx v8 tabix files provide complete regional per-variant eQTL statistics suitable for coloc extraction. Proceed with remote-tabix smoke test and then restricted coloc.
results/phase4d_coloc/phase4d_coloc_input_feasibility_by_candidate_tissue.tsv	uc	Whole_Blood	RP11-973H7.1		2251		Tier 1	negative_local_rg	A_local_Tier1_recurrent_SMR2																		ibd_direction_heterogeneity	18.0	12735559.0	13641479.0	ENSG00000260302	PASS	True	True	False	False	ftp://ftp.ebi.ac.uk/pub/databases/spot/eQTL/imported/GTEx_V8/ge/Whole_Blood.tsv.gz	True	FEASIBLE_VIA_EQTL_CATALOGUE_REMOTE_TABIX	False	Local GTEx Portal all-associations files are unavailable, but eQTL Catalogue imported GTEx v8 tabix files provide complete regional per-variant eQTL statistics suitable for coloc extraction. Proceed with remote-tabix smoke test and then restricted coloc.
results/phase4d_coloc/phase4d_coloc_input_feasibility_by_candidate_tissue.tsv	uc	Skin_Sun_Exposed_Lower_leg	SGIP1		57		Tier 1	negative_local_rg	B_local_Tier1_single_tissue_SMR2																		ibd_direction_heterogeneity	1.0	66778016.0	67761890.0	ENSG00000118473	PASS	True	True	False	False	ftp://ftp.ebi.ac.uk/pub/databases/spot/eQTL/imported/GTEx_V8/ge/Skin_Sun_Exposed_Lower_leg.tsv.gz	True	FEASIBLE_VIA_EQTL_CATALOGUE_REMOTE_TABIX	False	Local GTEx Portal all-associations files are unavailable, but eQTL Catalogue imported GTEx v8 tabix files provide complete regional per-variant eQTL statistics suitable for coloc extraction. Proceed with remote-tabix smoke test and then restricted coloc.
results/phase4d_coloc/phase4d_coloc_input_feasibility_by_candidate_tissue.tsv	uc	Whole_Blood	IL12RB2		58		Tier 1	negative_local_rg	B_local_Tier1_single_tissue_SMR2																		ibd_direction_heterogeneity	1.0	67761891.0	68633860.0	ENSG00000081985	PASS	True	True	False	False	ftp://ftp.ebi.ac.uk/pub/databases/spot/eQTL/imported/GTEx_V8/ge/Whole_Blood.tsv.gz	True	FEASIBLE_VIA_EQTL_CATALOGUE_REMOTE_TABIX	False	Local GTEx Portal all-associations files are unavailable, but eQTL Catalogue imported GTEx v8 tabix files provide complete regional per-variant eQTL statistics suitable for coloc extraction. Proceed with remote-tabix smoke test and then restricted coloc.
results/phase4d_coloc/phase4d_coloc_input_feasibility_by_candidate_tissue.tsv	uc	Spleen	AC009299.3		347		Tier 1	positive_local_rg	B_local_Tier1_single_tissue_SMR2																		ibd_direction_heterogeneity	2.0	161432090.0	163607635.0	ENSG00000227403	PASS	True	True	False	False	ftp://ftp.ebi.ac.uk/pub/databases/spot/eQTL/imported/GTEx_V8/ge/Spleen.tsv.gz	True	FEASIBLE_VIA_EQTL_CATALOGUE_REMOTE_TABIX	False	Local GTEx Portal all-associations files are unavailable, but eQTL Catalogue imported GTEx v8 tabix files provide complete regional per-variant eQTL statistics suitable for coloc extraction. Proceed with remote-tabix smoke test and then restricted coloc.
results/phase4d_coloc/phase4d_coloc_input_feasibility_by_candidate_tissue.tsv	uc	Whole_Blood	IKZF3		2203		Tier 1	negative_local_rg	B_local_Tier1_single_tissue_SMR2																		ibd_direction_heterogeneity	17.0	37361179.0	38880481.0	ENSG00000161405	PASS	True	True	False	False	ftp://ftp.ebi.ac.uk/pub/databases/spot/eQTL/imported/GTEx_V8/ge/Whole_Blood.tsv.gz	True	FEASIBLE_VIA_EQTL_CATALOGUE_REMOTE_TABIX	False	Local GTEx Portal all-associations files are unavailable, but eQTL Catalogue imported GTEx v8 tabix files provide complete regional per-variant eQTL statistics suitable for coloc extraction. Proceed with remote-tabix smoke test and then restricted coloc.
results/phase4d_coloc/phase4d_coloc_input_feasibility_by_candidate_tissue.tsv	uc	Skin_Sun_Exposed_Lower_leg	PGAP3		2203		Tier 1	negative_local_rg	B_local_Tier1_single_tissue_SMR2																		ibd_direction_heterogeneity	17.0	37361179.0	38880481.0	ENSG00000161395	PASS	True	True	False	False	ftp://ftp.ebi.ac.uk/pub/databases/spot/eQTL/imported/GTEx_V8/ge/Skin_Sun_Exposed_Lower_leg.tsv.gz	True	FEASIBLE_VIA_EQTL_CATALOGUE_REMOTE_TABIX	False	Local GTEx Portal all-associations files are unavailable, but eQTL Catalogue imported GTEx v8 tabix files provide complete regional per-variant eQTL statistics suitable for coloc extraction. Proceed with remote-tabix smoke test and then restricted coloc.
results/phase4d_coloc/phase4d_coloc_input_feasibility_by_candidate_tissue.tsv	uc	Skin_Not_Sun_Exposed_Suprapubic	PPP1R1B		2203		Tier 1	negative_local_rg	B_local_Tier1_single_tissue_SMR2																		ibd_direction_heterogeneity	17.0	37361179.0	38880481.0	ENSG00000131771	PASS	True	True	False	False	ftp://ftp.ebi.ac.uk/pub/databases/spot/eQTL/imported/GTEx_V8/ge/Skin_Not_Sun_Exposed_Suprapubic.tsv.gz	True	FEASIBLE_VIA_EQTL_CATALOGUE_REMOTE_TABIX	False	Local GTEx Portal all-associations files are unavailable, but eQTL Catalogue imported GTEx v8 tabix files provide complete regional per-variant eQTL statistics suitable for coloc extraction. Proceed with remote-tabix smoke test and then restricted coloc.
results/phase4d_coloc/phase4d_coloc_input_feasibility_by_candidate_tissue.tsv	uc	Whole_Blood	STARD3		2203		Tier 1	negative_local_rg	B_local_Tier1_single_tissue_SMR2																		ibd_direction_heterogeneity	17.0	37361179.0	38880481.0	ENSG00000131748	PASS	True	True	False	False	ftp://ftp.ebi.ac.uk/pub/databases/spot/eQTL/imported/GTEx_V8/ge/Whole_Blood.tsv.gz	True	FEASIBLE_VIA_EQTL_CATALOGUE_REMOTE_TABIX	False	Local GTEx Portal all-associations files are unavailable, but eQTL Catalogue imported GTEx v8 tabix files provide complete regional per-variant eQTL statistics suitable for coloc extraction. Proceed with remote-tabix smoke test and then restricted coloc.
results/phase4d_coloc/phase4d_coloc_input_feasibility_by_candidate_tissue.tsv	uc	Skin_Sun_Exposed_Lower_leg	CTD-2267D19.3		2203		Tier 1	negative_local_rg	B_local_Tier1_single_tissue_SMR2																		ibd_direction_heterogeneity	17.0	37361179.0	38880481.0	ENSG00000266208	PASS	True	True	False	False	ftp://ftp.ebi.ac.uk/pub/databases/spot/eQTL/imported/GTEx_V8/ge/Skin_Sun_Exposed_Lower_leg.tsv.gz	True	FEASIBLE_VIA_EQTL_CATALOGUE_REMOTE_TABIX	False	Local GTEx Portal all-associations files are unavailable, but eQTL Catalogue imported GTEx v8 tabix files provide complete regional per-variant eQTL statistics suitable for coloc extraction. Proceed with remote-tabix smoke test and then restricted coloc.
results/phase4d_coloc/phase4d_coloc_input_feasibility_by_candidate_tissue.tsv	uc	Skin_Not_Sun_Exposed_Suprapubic	CASC3		2203		Tier 1	negative_local_rg	B_local_Tier1_single_tissue_SMR2																		ibd_direction_heterogeneity	17.0	37361179.0	38880481.0	ENSG00000108349	PASS	True	True	False	False	ftp://ftp.ebi.ac.uk/pub/databases/spot/eQTL/imported/GTEx_V8/ge/Skin_Not_Sun_Exposed_Suprapubic.tsv.gz	True	FEASIBLE_VIA_EQTL_CATALOGUE_REMOTE_TABIX	False	Local GTEx Portal all-associations files are unavailable, but eQTL Catalogue imported GTEx v8 tabix files provide complete regional per-variant eQTL statistics suitable for coloc extraction. Proceed with remote-tabix smoke test and then restricted coloc.
results/phase4d_coloc/phase4d_coloc_input_feasibility_by_candidate_tissue.tsv	uc	Whole_Blood	ETS2		2453		Tier 1	negative_local_rg	B_local_Tier1_single_tissue_SMR2																		ibd_direction_heterogeneity	21.0	39252060.0	40480831.0	ENSG00000157557	PASS	True	True	False	False	ftp://ftp.ebi.ac.uk/pub/databases/spot/eQTL/imported/GTEx_V8/ge/Whole_Blood.tsv.gz	True	FEASIBLE_VIA_EQTL_CATALOGUE_REMOTE_TABIX	False	Local GTEx Portal all-associations files are unavailable, but eQTL Catalogue imported GTEx v8 tabix files provide complete regional per-variant eQTL statistics suitable for coloc extraction. Proceed with remote-tabix smoke test and then restricted coloc.
results/phase4d_coloc/phase4d_coloc_input_feasibility_by_candidate_tissue.tsv	uc	Whole_Blood	AF064858.8		2453		Tier 1	negative_local_rg	B_local_Tier1_single_tissue_SMR2																		ibd_direction_heterogeneity	21.0	39252060.0	40480831.0	ENSG00000235888	PASS	True	True	False	False	ftp://ftp.ebi.ac.uk/pub/databases/spot/eQTL/imported/GTEx_V8/ge/Whole_Blood.tsv.gz	True	FEASIBLE_VIA_EQTL_CATALOGUE_REMOTE_TABIX	False	Local GTEx Portal all-associations files are unavailable, but eQTL Catalogue imported GTEx v8 tabix files provide complete regional per-variant eQTL statistics suitable for coloc extraction. Proceed with remote-tabix smoke test and then restricted coloc.
results/phase4d_coloc/phase4d_coloc_input_feasibility_by_candidate_tissue.tsv	uc	Whole_Blood	AF064858.7		2453		Tier 1	negative_local_rg	B_local_Tier1_single_tissue_SMR2																		ibd_direction_heterogeneity	21.0	39252060.0	40480831.0	ENSG00000232837	PASS	True	True	False	False	ftp://ftp.ebi.ac.uk/pub/databases/spot/eQTL/imported/GTEx_V8/ge/Whole_Blood.tsv.gz	True	FEASIBLE_VIA_EQTL_CATALOGUE_REMOTE_TABIX	False	Local GTEx Portal all-associations files are unavailable, but eQTL Catalogue imported GTEx v8 tabix files provide complete regional per-variant eQTL statistics suitable for coloc extraction. Proceed with remote-tabix smoke test and then restricted coloc.
results/phase4d_coloc/phase4d_coloc_input_feasibility_by_candidate_tissue.tsv	uc	Skin_Not_Sun_Exposed_Suprapubic	RP11-290F20.3		2412		Tier 2	positive_local_rg	B_local_Tier2_recurrent_SMR2																		ibd_direction_heterogeneity	20.0	48212976.0	49236418.0	ENSG00000224397	PASS	True	True	False	False	ftp://ftp.ebi.ac.uk/pub/databases/spot/eQTL/imported/GTEx_V8/ge/Skin_Not_Sun_Exposed_Suprapubic.tsv.gz	True	FEASIBLE_VIA_EQTL_CATALOGUE_REMOTE_TABIX	False	Local GTEx Portal all-associations files are unavailable, but eQTL Catalogue imported GTEx v8 tabix files provide complete regional per-variant eQTL statistics suitable for coloc extraction. Proceed with remote-tabix smoke test and then restricted coloc.
results/phase4d_coloc/phase4d_coloc_input_feasibility_by_candidate_tissue.tsv	uc	Skin_Sun_Exposed_Lower_leg	RP11-290F20.3		2412		Tier 2	positive_local_rg	B_local_Tier2_recurrent_SMR2																		ibd_direction_heterogeneity	20.0	48212976.0	49236418.0	ENSG00000224397	PASS	True	True	False	False	ftp://ftp.ebi.ac.uk/pub/databases/spot/eQTL/imported/GTEx_V8/ge/Skin_Sun_Exposed_Lower_leg.tsv.gz	True	FEASIBLE_VIA_EQTL_CATALOGUE_REMOTE_TABIX	False	Local GTEx Portal all-associations files are unavailable, but eQTL Catalogue imported GTEx v8 tabix files provide complete regional per-variant eQTL statistics suitable for coloc extraction. Proceed with remote-tabix smoke test and then restricted coloc.
results/phase4d_coloc/phase4d_coloc_input_feasibility_by_candidate_tissue.tsv	uc	Skin_Sun_Exposed_Lower_leg	SPATA2		2412		Tier 2	positive_local_rg	C_local_Tier2_single_tissue_SMR2																		ibd_direction_heterogeneity	20.0	48212976.0	49236418.0	ENSG00000158480	PASS	True	True	False	False	ftp://ftp.ebi.ac.uk/pub/databases/spot/eQTL/imported/GTEx_V8/ge/Skin_Sun_Exposed_Lower_leg.tsv.gz	True	FEASIBLE_VIA_EQTL_CATALOGUE_REMOTE_TABIX	False	Local GTEx Portal all-associations files are unavailable, but eQTL Catalogue imported GTEx v8 tabix files provide complete regional per-variant eQTL statistics suitable for coloc extraction. Proceed with remote-tabix smoke test and then restricted coloc.
results/phase4d_coloc/phase4d_coloc_input_feasibility_by_candidate_tissue.tsv	uc	Colon_Sigmoid	SLC9A8		2412		Tier 2	positive_local_rg	C_local_Tier2_single_tissue_SMR2																		ibd_direction_heterogeneity	20.0	48212976.0	49236418.0	ENSG00000197818	PASS	True	True	False	False	ftp://ftp.ebi.ac.uk/pub/databases/spot/eQTL/imported/GTEx_V8/ge/Colon_Sigmoid.tsv.gz	True	FEASIBLE_VIA_EQTL_CATALOGUE_REMOTE_TABIX	False	Local GTEx Portal all-associations files are unavailable, but eQTL Catalogue imported GTEx v8 tabix files provide complete regional per-variant eQTL statistics suitable for coloc extraction. Proceed with remote-tabix smoke test and then restricted coloc.
