dataset	sample_name	axis	program_type	spatial_program	spot_spearman	n_spots	sample_accession
GSE225475	NS1	F1	CORE	keratinocyte_basal	0.3754525835585267	1340	
GSE225475	NS1	F1	CORE	keratinocyte_spinous_suprabasal	0.1166145042201765	1340	
GSE225475	NS1	F1	CORE	keratinocyte_inflammatory_T17	0.4390411591113689	1340	
GSE225475	NS1	F1	CORE	keratinocyte_stress_hypoxia	0.5151024035454017	1340	
GSE225475	NS1	F1	CORE	fibroblast_matrix	-0.2718198283360029	1340	
GSE225475	NS1	F1	CORE	fibroblast_inflammatory	0.159980530663728	1340	
GSE225475	NS1	F1	CORE	endothelial_vascular	0.4146457738037475	1340	
GSE225475	NS1	F1	CORE	myeloid_dendritic	0.4591422203721385	1340	
GSE225475	NS1	F1	CORE	T_NK_cytotoxic	0.1708951548904313	1340	
GSE225475	NS1	F1	CORE	B_plasma	0.1832513233048518	1340	
GSE225475	NS1	F1	EXTENDED	keratinocyte_basal	0.3997576856188494	1340	
GSE225475	NS1	F1	EXTENDED	keratinocyte_spinous_suprabasal	0.1029001565833453	1340	
GSE225475	NS1	F1	EXTENDED	keratinocyte_inflammatory_T17	0.4542378837272349	1340	
GSE225475	NS1	F1	EXTENDED	keratinocyte_stress_hypoxia	0.5546730081300406	1340	
GSE225475	NS1	F1	EXTENDED	fibroblast_matrix	-0.165384778719292	1340	
GSE225475	NS1	F1	EXTENDED	fibroblast_inflammatory	0.2180218327552672	1340	
GSE225475	NS1	F1	EXTENDED	endothelial_vascular	0.4078664360582439	1340	
GSE225475	NS1	F1	EXTENDED	myeloid_dendritic	0.4841475197423498	1340	
GSE225475	NS1	F1	EXTENDED	T_NK_cytotoxic	0.190435725725514	1340	
GSE225475	NS1	F1	EXTENDED	B_plasma	0.1863365770954636	1340	
GSE225475	NS1	F2	CORE	keratinocyte_basal	0.3757922029193966	1340	
GSE225475	NS1	F2	CORE	keratinocyte_spinous_suprabasal	0.0920543449336049	1340	
GSE225475	NS1	F2	CORE	keratinocyte_inflammatory_T17	0.4204210365200342	1340	
GSE225475	NS1	F2	CORE	keratinocyte_stress_hypoxia	0.5383718080087196	1340	
GSE225475	NS1	F2	CORE	fibroblast_matrix	-0.1122104490753524	1340	
GSE225475	NS1	F2	CORE	fibroblast_inflammatory	0.242389279489241	1340	
GSE225475	NS1	F2	CORE	endothelial_vascular	0.4133066990698646	1340	
GSE225475	NS1	F2	CORE	myeloid_dendritic	0.4893473616743236	1340	
GSE225475	NS1	F2	CORE	T_NK_cytotoxic	0.1966618882133396	1340	
GSE225475	NS1	F2	CORE	B_plasma	0.1847547975120811	1340	
GSE225475	NS1	F2	EXTENDED	keratinocyte_basal	0.3848500273194687	1340	
GSE225475	NS1	F2	EXTENDED	keratinocyte_spinous_suprabasal	0.0881376566514845	1340	
GSE225475	NS1	F2	EXTENDED	keratinocyte_inflammatory_T17	0.4300510710346698	1340	
GSE225475	NS1	F2	EXTENDED	keratinocyte_stress_hypoxia	0.5436877336847222	1340	
GSE225475	NS1	F2	EXTENDED	fibroblast_matrix	-0.1092496826382295	1340	
GSE225475	NS1	F2	EXTENDED	fibroblast_inflammatory	0.2465535776024648	1340	
GSE225475	NS1	F2	EXTENDED	endothelial_vascular	0.4100900433134135	1340	
GSE225475	NS1	F2	EXTENDED	myeloid_dendritic	0.4920387630879704	1340	
GSE225475	NS1	F2	EXTENDED	T_NK_cytotoxic	0.1965634311064726	1340	
GSE225475	NS1	F2	EXTENDED	B_plasma	0.1908499016114982	1340	
GSE225475	NS1	F6	CORE	keratinocyte_basal	0.4169443427560533	1340	
GSE225475	NS1	F6	CORE	keratinocyte_spinous_suprabasal	0.1424061430298109	1340	
GSE225475	NS1	F6	CORE	keratinocyte_inflammatory_T17	0.4450845545385569	1340	
GSE225475	NS1	F6	CORE	keratinocyte_stress_hypoxia	0.5513488977917765	1340	
GSE225475	NS1	F6	CORE	fibroblast_matrix	-0.1942699456529914	1340	
GSE225475	NS1	F6	CORE	fibroblast_inflammatory	0.1856488351789351	1340	
GSE225475	NS1	F6	CORE	endothelial_vascular	0.3929350530148118	1340	
GSE225475	NS1	F6	CORE	myeloid_dendritic	0.4599205013047757	1340	
GSE225475	NS1	F6	CORE	T_NK_cytotoxic	0.1770996587727267	1340	
GSE225475	NS1	F6	CORE	B_plasma	0.1760011397294498	1340	
GSE225475	NS1	F6	EXTENDED	keratinocyte_basal	0.4296492720326211	1340	
GSE225475	NS1	F6	EXTENDED	keratinocyte_spinous_suprabasal	0.1648203056953884	1340	
GSE225475	NS1	F6	EXTENDED	keratinocyte_inflammatory_T17	0.4676546595609282	1340	
GSE225475	NS1	F6	EXTENDED	keratinocyte_stress_hypoxia	0.5734072115226039	1340	
GSE225475	NS1	F6	EXTENDED	fibroblast_matrix	-0.2075817862235354	1340	
GSE225475	NS1	F6	EXTENDED	fibroblast_inflammatory	0.1978123250035468	1340	
GSE225475	NS1	F6	EXTENDED	endothelial_vascular	0.4081990673135136	1340	
GSE225475	NS1	F6	EXTENDED	myeloid_dendritic	0.472071121303901	1340	
GSE225475	NS1	F6	EXTENDED	T_NK_cytotoxic	0.1848598721691288	1340	
GSE225475	NS1	F6	EXTENDED	B_plasma	0.1849964603160403	1340	
GSE225475	NS1	F7	CORE	keratinocyte_basal	0.4382873278612732	1340	
GSE225475	NS1	F7	CORE	keratinocyte_spinous_suprabasal	0.1732532402246202	1340	
GSE225475	NS1	F7	CORE	keratinocyte_inflammatory_T17	0.4532780006752079	1340	
GSE225475	NS1	F7	CORE	keratinocyte_stress_hypoxia	0.5272944041267057	1340	
GSE225475	NS1	F7	CORE	fibroblast_matrix	-0.3105825684096123	1340	
GSE225475	NS1	F7	CORE	fibroblast_inflammatory	0.1879301831058653	1340	
GSE225475	NS1	F7	CORE	endothelial_vascular	0.4855894550911588	1340	
GSE225475	NS1	F7	CORE	myeloid_dendritic	0.453574475822703	1340	
GSE225475	NS1	F7	CORE	T_NK_cytotoxic	0.1748710069589623	1340	
GSE225475	NS1	F7	CORE	B_plasma	0.1916457530017253	1340	
GSE225475	NS1	F7	EXTENDED	keratinocyte_basal	0.446179925633511	1340	
GSE225475	NS1	F7	EXTENDED	keratinocyte_spinous_suprabasal	0.1709005899613669	1340	
GSE225475	NS1	F7	EXTENDED	keratinocyte_inflammatory_T17	0.4666460354504094	1340	
GSE225475	NS1	F7	EXTENDED	keratinocyte_stress_hypoxia	0.5498474471564084	1340	
GSE225475	NS1	F7	EXTENDED	fibroblast_matrix	-0.2818940069664359	1340	
GSE225475	NS1	F7	EXTENDED	fibroblast_inflammatory	0.1926960225898123	1340	
GSE225475	NS1	F7	EXTENDED	endothelial_vascular	0.4701009286842215	1340	
GSE225475	NS1	F7	EXTENDED	myeloid_dendritic	0.4690710013903958	1340	
GSE225475	NS1	F7	EXTENDED	T_NK_cytotoxic	0.1802903201143626	1340	
GSE225475	NS1	F7	EXTENDED	B_plasma	0.1873677107837837	1340	
GSE225475	NS2	F1	CORE	keratinocyte_basal	0.6313745280743314	904	
GSE225475	NS2	F1	CORE	keratinocyte_spinous_suprabasal	0.2621845874292254	904	
GSE225475	NS2	F1	CORE	keratinocyte_inflammatory_T17	0.4229483719121095	904	
GSE225475	NS2	F1	CORE	keratinocyte_stress_hypoxia	0.5541407986394165	904	
GSE225475	NS2	F1	CORE	fibroblast_matrix	-0.2664487696470867	904	
GSE225475	NS2	F1	CORE	fibroblast_inflammatory	0.1117468547259162	904	
GSE225475	NS2	F1	CORE	endothelial_vascular	0.2518693536934397	904	
GSE225475	NS2	F1	CORE	myeloid_dendritic	0.4853716665730878	904	
GSE225475	NS2	F1	CORE	T_NK_cytotoxic	0.2914623801251253	904	
GSE225475	NS2	F1	CORE	B_plasma	0.1690362877815959	904	
GSE225475	NS2	F1	EXTENDED	keratinocyte_basal	0.6439402222760356	904	
GSE225475	NS2	F1	EXTENDED	keratinocyte_spinous_suprabasal	0.2779597467218216	904	
GSE225475	NS2	F1	EXTENDED	keratinocyte_inflammatory_T17	0.4042913899557898	904	
GSE225475	NS2	F1	EXTENDED	keratinocyte_stress_hypoxia	0.5763332603193938	904	
GSE225475	NS2	F1	EXTENDED	fibroblast_matrix	-0.2271595527937739	904	
GSE225475	NS2	F1	EXTENDED	fibroblast_inflammatory	0.1547399365798654	904	
GSE225475	NS2	F1	EXTENDED	endothelial_vascular	0.2550868934683478	904	
GSE225475	NS2	F1	EXTENDED	myeloid_dendritic	0.5158560923190276	904	
GSE225475	NS2	F1	EXTENDED	T_NK_cytotoxic	0.3198696211515427	904	
GSE225475	NS2	F1	EXTENDED	B_plasma	0.1751254123846197	904	
GSE225475	NS2	F2	CORE	keratinocyte_basal	0.6128914889859094	904	
GSE225475	NS2	F2	CORE	keratinocyte_spinous_suprabasal	0.3160024332520105	904	
GSE225475	NS2	F2	CORE	keratinocyte_inflammatory_T17	0.330896560472029	904	
GSE225475	NS2	F2	CORE	keratinocyte_stress_hypoxia	0.5488203554363649	904	
GSE225475	NS2	F2	CORE	fibroblast_matrix	-0.1638685644980988	904	
GSE225475	NS2	F2	CORE	fibroblast_inflammatory	0.2376236533759924	904	
GSE225475	NS2	F2	CORE	endothelial_vascular	0.3004243215137576	904	
GSE225475	NS2	F2	CORE	myeloid_dendritic	0.5505159161816979	904	
GSE225475	NS2	F2	CORE	T_NK_cytotoxic	0.3670944786312435	904	
GSE225475	NS2	F2	CORE	B_plasma	0.1830587163662075	904	
GSE225475	NS2	F2	EXTENDED	keratinocyte_basal	0.597357128347977	904	
GSE225475	NS2	F2	EXTENDED	keratinocyte_spinous_suprabasal	0.307297188935874	904	
GSE225475	NS2	F2	EXTENDED	keratinocyte_inflammatory_T17	0.3244912504163981	904	
GSE225475	NS2	F2	EXTENDED	keratinocyte_stress_hypoxia	0.5349411440431111	904	
GSE225475	NS2	F2	EXTENDED	fibroblast_matrix	-0.128257101214955	904	
GSE225475	NS2	F2	EXTENDED	fibroblast_inflammatory	0.2568807505566878	904	
GSE225475	NS2	F2	EXTENDED	endothelial_vascular	0.313457066722926	904	
GSE225475	NS2	F2	EXTENDED	myeloid_dendritic	0.5516171500000123	904	
GSE225475	NS2	F2	EXTENDED	T_NK_cytotoxic	0.3752449678534025	904	
GSE225475	NS2	F2	EXTENDED	B_plasma	0.1869229817734838	904	
GSE225475	NS2	F6	CORE	keratinocyte_basal	0.6602376931199492	904	
GSE225475	NS2	F6	CORE	keratinocyte_spinous_suprabasal	0.3321348764827236	904	
GSE225475	NS2	F6	CORE	keratinocyte_inflammatory_T17	0.3629024196856272	904	
GSE225475	NS2	F6	CORE	keratinocyte_stress_hypoxia	0.5715660165620935	904	
GSE225475	NS2	F6	CORE	fibroblast_matrix	-0.2487579419387039	904	
GSE225475	NS2	F6	CORE	fibroblast_inflammatory	0.1486527537811916	904	
GSE225475	NS2	F6	CORE	endothelial_vascular	0.231751964313441	904	
GSE225475	NS2	F6	CORE	myeloid_dendritic	0.5160757885445159	904	
GSE225475	NS2	F6	CORE	T_NK_cytotoxic	0.3265566449465382	904	
GSE225475	NS2	F6	CORE	B_plasma	0.1616220890221515	904	
GSE225475	NS2	F6	EXTENDED	keratinocyte_basal	0.6801878401772538	904	
GSE225475	NS2	F6	EXTENDED	keratinocyte_spinous_suprabasal	0.3355653134227461	904	
GSE225475	NS2	F6	EXTENDED	keratinocyte_inflammatory_T17	0.3840492249733193	904	
GSE225475	NS2	F6	EXTENDED	keratinocyte_stress_hypoxia	0.580744067919233	904	
GSE225475	NS2	F6	EXTENDED	fibroblast_matrix	-0.2593094354906806	904	
GSE225475	NS2	F6	EXTENDED	fibroblast_inflammatory	0.1468983829393531	904	
GSE225475	NS2	F6	EXTENDED	endothelial_vascular	0.2358409502890721	904	
GSE225475	NS2	F6	EXTENDED	myeloid_dendritic	0.5270189947003738	904	
GSE225475	NS2	F6	EXTENDED	T_NK_cytotoxic	0.3233824239473916	904	
GSE225475	NS2	F6	EXTENDED	B_plasma	0.1622873396209604	904	
GSE225475	NS2	F7	CORE	keratinocyte_basal	0.6727091121862998	904	
GSE225475	NS2	F7	CORE	keratinocyte_spinous_suprabasal	0.30775975508556	904	
GSE225475	NS2	F7	CORE	keratinocyte_inflammatory_T17	0.3925163986273178	904	
GSE225475	NS2	F7	CORE	keratinocyte_stress_hypoxia	0.5521028800533558	904	
GSE225475	NS2	F7	CORE	fibroblast_matrix	-0.2805737905367261	904	
GSE225475	NS2	F7	CORE	fibroblast_inflammatory	0.1324105647263518	904	
GSE225475	NS2	F7	CORE	endothelial_vascular	0.2862457986304142	904	
GSE225475	NS2	F7	CORE	myeloid_dendritic	0.5110717076263087	904	
GSE225475	NS2	F7	CORE	T_NK_cytotoxic	0.3064946835085166	904	
GSE225475	NS2	F7	CORE	B_plasma	0.1715745824062813	904	
GSE225475	NS2	F7	EXTENDED	keratinocyte_basal	0.682263883487979	904	
GSE225475	NS2	F7	EXTENDED	keratinocyte_spinous_suprabasal	0.3122651984388725	904	
GSE225475	NS2	F7	EXTENDED	keratinocyte_inflammatory_T17	0.399449144911629	904	
GSE225475	NS2	F7	EXTENDED	keratinocyte_stress_hypoxia	0.5763667899639142	904	
GSE225475	NS2	F7	EXTENDED	fibroblast_matrix	-0.2802339111961546	904	
GSE225475	NS2	F7	EXTENDED	fibroblast_inflammatory	0.1297019677144828	904	
GSE225475	NS2	F7	EXTENDED	endothelial_vascular	0.2697473867809457	904	
GSE225475	NS2	F7	EXTENDED	myeloid_dendritic	0.5186696918820167	904	
GSE225475	NS2	F7	EXTENDED	T_NK_cytotoxic	0.3212359354049552	904	
GSE225475	NS2	F7	EXTENDED	B_plasma	0.1751228015591167	904	
GSE225475	PP1	F1	CORE	keratinocyte_basal	0.3826110746895524	1352	
GSE225475	PP1	F1	CORE	keratinocyte_spinous_suprabasal	-0.1903865705302484	1352	
GSE225475	PP1	F1	CORE	keratinocyte_inflammatory_T17	-0.1382691276585452	1352	
GSE225475	PP1	F1	CORE	keratinocyte_stress_hypoxia	0.4895159572811054	1352	
GSE225475	PP1	F1	CORE	fibroblast_matrix	-0.2511743286197279	1352	
GSE225475	PP1	F1	CORE	fibroblast_inflammatory	0.1168745880283506	1352	
GSE225475	PP1	F1	CORE	endothelial_vascular	0.2757577070128129	1352	
GSE225475	PP1	F1	CORE	myeloid_dendritic	0.4120056367844656	1352	
GSE225475	PP1	F1	CORE	T_NK_cytotoxic	0.4049540546291551	1352	
GSE225475	PP1	F1	CORE	B_plasma	0.2734805138667782	1352	
GSE225475	PP1	F1	EXTENDED	keratinocyte_basal	0.3631728716243949	1352	
GSE225475	PP1	F1	EXTENDED	keratinocyte_spinous_suprabasal	-0.1932666920904387	1352	
GSE225475	PP1	F1	EXTENDED	keratinocyte_inflammatory_T17	-0.1284875483808106	1352	
GSE225475	PP1	F1	EXTENDED	keratinocyte_stress_hypoxia	0.5069970387668074	1352	
GSE225475	PP1	F1	EXTENDED	fibroblast_matrix	-0.2257099781924662	1352	
GSE225475	PP1	F1	EXTENDED	fibroblast_inflammatory	0.1387861319313165	1352	
GSE225475	PP1	F1	EXTENDED	endothelial_vascular	0.3083175332804895	1352	
GSE225475	PP1	F1	EXTENDED	myeloid_dendritic	0.4355197557085001	1352	
GSE225475	PP1	F1	EXTENDED	T_NK_cytotoxic	0.4358979169491177	1352	
GSE225475	PP1	F1	EXTENDED	B_plasma	0.297365640236613	1352	
GSE225475	PP1	F2	CORE	keratinocyte_basal	0.2704706722975207	1352	
GSE225475	PP1	F2	CORE	keratinocyte_spinous_suprabasal	-0.2259256797601682	1352	
GSE225475	PP1	F2	CORE	keratinocyte_inflammatory_T17	-0.1761009407336289	1352	
GSE225475	PP1	F2	CORE	keratinocyte_stress_hypoxia	0.4736935945403369	1352	
GSE225475	PP1	F2	CORE	fibroblast_matrix	-0.1031518669024834	1352	
GSE225475	PP1	F2	CORE	fibroblast_inflammatory	0.2124279880901451	1352	
GSE225475	PP1	F2	CORE	endothelial_vascular	0.3826290089946951	1352	
GSE225475	PP1	F2	CORE	myeloid_dendritic	0.4646107390417935	1352	
GSE225475	PP1	F2	CORE	T_NK_cytotoxic	0.4484625209789504	1352	
GSE225475	PP1	F2	CORE	B_plasma	0.318098297184553	1352	
GSE225475	PP1	F2	EXTENDED	keratinocyte_basal	0.2559453063993597	1352	
GSE225475	PP1	F2	EXTENDED	keratinocyte_spinous_suprabasal	-0.2830434688914891	1352	
GSE225475	PP1	F2	EXTENDED	keratinocyte_inflammatory_T17	-0.2374555860494286	1352	
GSE225475	PP1	F2	EXTENDED	keratinocyte_stress_hypoxia	0.4517143618851814	1352	
GSE225475	PP1	F2	EXTENDED	fibroblast_matrix	-0.0685261308322133	1352	
GSE225475	PP1	F2	EXTENDED	fibroblast_inflammatory	0.2533855343641432	1352	
GSE225475	PP1	F2	EXTENDED	endothelial_vascular	0.4146812043029306	1352	
GSE225475	PP1	F2	EXTENDED	myeloid_dendritic	0.4760784498437495	1352	
GSE225475	PP1	F2	EXTENDED	T_NK_cytotoxic	0.4361299303904692	1352	
GSE225475	PP1	F2	EXTENDED	B_plasma	0.3110551952810015	1352	
GSE225475	PP1	F6	CORE	keratinocyte_basal	0.3817410568664715	1352	
GSE225475	PP1	F6	CORE	keratinocyte_spinous_suprabasal	-0.0845200768541457	1352	
GSE225475	PP1	F6	CORE	keratinocyte_inflammatory_T17	-0.0203581743052009	1352	
GSE225475	PP1	F6	CORE	keratinocyte_stress_hypoxia	0.5402310301375678	1352	
GSE225475	PP1	F6	CORE	fibroblast_matrix	-0.2658968724379038	1352	
GSE225475	PP1	F6	CORE	fibroblast_inflammatory	0.0807870863778315	1352	
GSE225475	PP1	F6	CORE	endothelial_vascular	0.2428177136365426	1352	
GSE225475	PP1	F6	CORE	myeloid_dendritic	0.4076671280814386	1352	
GSE225475	PP1	F6	CORE	T_NK_cytotoxic	0.4454197573435857	1352	
GSE225475	PP1	F6	CORE	B_plasma	0.2899634933535643	1352	
GSE225475	PP1	F6	EXTENDED	keratinocyte_basal	0.4099725707718238	1352	
GSE225475	PP1	F6	EXTENDED	keratinocyte_spinous_suprabasal	-0.1174316064905066	1352	
GSE225475	PP1	F6	EXTENDED	keratinocyte_inflammatory_T17	-0.0475958875719736	1352	
GSE225475	PP1	F6	EXTENDED	keratinocyte_stress_hypoxia	0.53696660997407	1352	
GSE225475	PP1	F6	EXTENDED	fibroblast_matrix	-0.278335045269342	1352	
GSE225475	PP1	F6	EXTENDED	fibroblast_inflammatory	0.101489397072232	1352	
GSE225475	PP1	F6	EXTENDED	endothelial_vascular	0.2534701335939019	1352	
GSE225475	PP1	F6	EXTENDED	myeloid_dendritic	0.4268466869078891	1352	
GSE225475	PP1	F6	EXTENDED	T_NK_cytotoxic	0.4481508384397821	1352	
GSE225475	PP1	F6	EXTENDED	B_plasma	0.2935427938372387	1352	
GSE225475	PP1	F7	CORE	keratinocyte_basal	0.4489879930319951	1352	
GSE225475	PP1	F7	CORE	keratinocyte_spinous_suprabasal	-0.2018567906153087	1352	
GSE225475	PP1	F7	CORE	keratinocyte_inflammatory_T17	-0.1354866686939517	1352	
GSE225475	PP1	F7	CORE	keratinocyte_stress_hypoxia	0.4591509322454536	1352	
GSE225475	PP1	F7	CORE	fibroblast_matrix	-0.2484909209730156	1352	
GSE225475	PP1	F7	CORE	fibroblast_inflammatory	0.1926612454503813	1352	
GSE225475	PP1	F7	CORE	endothelial_vascular	0.3035257828613924	1352	
GSE225475	PP1	F7	CORE	myeloid_dendritic	0.4584394312663236	1352	
GSE225475	PP1	F7	CORE	T_NK_cytotoxic	0.4123557910905402	1352	
GSE225475	PP1	F7	CORE	B_plasma	0.2959236683892556	1352	
GSE225475	PP1	F7	EXTENDED	keratinocyte_basal	0.4373105701443248	1352	
GSE225475	PP1	F7	EXTENDED	keratinocyte_spinous_suprabasal	-0.1729793114661247	1352	
GSE225475	PP1	F7	EXTENDED	keratinocyte_inflammatory_T17	-0.1023172649221312	1352	
GSE225475	PP1	F7	EXTENDED	keratinocyte_stress_hypoxia	0.5078226512488011	1352	
GSE225475	PP1	F7	EXTENDED	fibroblast_matrix	-0.2780214110662141	1352	
GSE225475	PP1	F7	EXTENDED	fibroblast_inflammatory	0.1495306633932594	1352	
GSE225475	PP1	F7	EXTENDED	endothelial_vascular	0.2862110321015704	1352	
GSE225475	PP1	F7	EXTENDED	myeloid_dendritic	0.4508180211009961	1352	
GSE225475	PP1	F7	EXTENDED	T_NK_cytotoxic	0.4400204324918113	1352	
GSE225475	PP1	F7	EXTENDED	B_plasma	0.3081714400462756	1352	
GSE225475	PP2	F1	CORE	keratinocyte_basal	0.5012327523843108	1393	
GSE225475	PP2	F1	CORE	keratinocyte_spinous_suprabasal	0.1938620432209026	1393	
GSE225475	PP2	F1	CORE	keratinocyte_inflammatory_T17	0.0005960391180659	1393	
GSE225475	PP2	F1	CORE	keratinocyte_stress_hypoxia	0.4587054347396824	1393	
GSE225475	PP2	F1	CORE	fibroblast_matrix	-0.5187549884733846	1393	
GSE225475	PP2	F1	CORE	fibroblast_inflammatory	-0.03721974631494	1393	
GSE225475	PP2	F1	CORE	endothelial_vascular	0.113789252659977	1393	
GSE225475	PP2	F1	CORE	myeloid_dendritic	0.3196819883254608	1393	
GSE225475	PP2	F1	CORE	T_NK_cytotoxic	0.4047815852801934	1393	
GSE225475	PP2	F1	CORE	B_plasma	0.2220020108639864	1393	
GSE225475	PP2	F1	EXTENDED	keratinocyte_basal	0.5258654075386856	1393	
GSE225475	PP2	F1	EXTENDED	keratinocyte_spinous_suprabasal	0.1934535637524559	1393	
GSE225475	PP2	F1	EXTENDED	keratinocyte_inflammatory_T17	0.0231191170104432	1393	
GSE225475	PP2	F1	EXTENDED	keratinocyte_stress_hypoxia	0.4675708353996871	1393	
GSE225475	PP2	F1	EXTENDED	fibroblast_matrix	-0.499610906428901	1393	
GSE225475	PP2	F1	EXTENDED	fibroblast_inflammatory	-0.01060286320026	1393	
GSE225475	PP2	F1	EXTENDED	endothelial_vascular	0.1328736441861988	1393	
GSE225475	PP2	F1	EXTENDED	myeloid_dendritic	0.3336436894342782	1393	
GSE225475	PP2	F1	EXTENDED	T_NK_cytotoxic	0.4163832307677215	1393	
GSE225475	PP2	F1	EXTENDED	B_plasma	0.2241777627501895	1393	
GSE225475	PP2	F2	CORE	keratinocyte_basal	0.4992870127297503	1393	
GSE225475	PP2	F2	CORE	keratinocyte_spinous_suprabasal	0.1740241024217889	1393	
GSE225475	PP2	F2	CORE	keratinocyte_inflammatory_T17	0.0193493760226026	1393	
GSE225475	PP2	F2	CORE	keratinocyte_stress_hypoxia	0.4626751778635125	1393	
GSE225475	PP2	F2	CORE	fibroblast_matrix	-0.465868157989844	1393	
GSE225475	PP2	F2	CORE	fibroblast_inflammatory	-0.0115581577727842	1393	
GSE225475	PP2	F2	CORE	endothelial_vascular	0.1356992353398376	1393	
GSE225475	PP2	F2	CORE	myeloid_dendritic	0.3410392979608507	1393	
GSE225475	PP2	F2	CORE	T_NK_cytotoxic	0.4131586555570947	1393	
GSE225475	PP2	F2	CORE	B_plasma	0.2295629199224005	1393	
GSE225475	PP2	F2	EXTENDED	keratinocyte_basal	0.4934593074844938	1393	
GSE225475	PP2	F2	EXTENDED	keratinocyte_spinous_suprabasal	0.1455888788920362	1393	
GSE225475	PP2	F2	EXTENDED	keratinocyte_inflammatory_T17	-0.0118900037287738	1393	
GSE225475	PP2	F2	EXTENDED	keratinocyte_stress_hypoxia	0.4655934242521376	1393	
GSE225475	PP2	F2	EXTENDED	fibroblast_matrix	-0.4474871467958304	1393	
GSE225475	PP2	F2	EXTENDED	fibroblast_inflammatory	0.0040087647066869	1393	
GSE225475	PP2	F2	EXTENDED	endothelial_vascular	0.1385888162769495	1393	
GSE225475	PP2	F2	EXTENDED	myeloid_dendritic	0.3446831139793634	1393	
GSE225475	PP2	F2	EXTENDED	T_NK_cytotoxic	0.4089946306733813	1393	
GSE225475	PP2	F2	EXTENDED	B_plasma	0.2326290755786266	1393	
GSE225475	PP2	F6	CORE	keratinocyte_basal	0.5261171576268309	1393	
GSE225475	PP2	F6	CORE	keratinocyte_spinous_suprabasal	0.252984640311384	1393	
GSE225475	PP2	F6	CORE	keratinocyte_inflammatory_T17	0.0950631229832549	1393	
GSE225475	PP2	F6	CORE	keratinocyte_stress_hypoxia	0.4836145638653513	1393	
GSE225475	PP2	F6	CORE	fibroblast_matrix	-0.5364152616882772	1393	
GSE225475	PP2	F6	CORE	fibroblast_inflammatory	-0.0466374252807382	1393	
GSE225475	PP2	F6	CORE	endothelial_vascular	0.0802833409340333	1393	
GSE225475	PP2	F6	CORE	myeloid_dendritic	0.3390746887552825	1393	
GSE225475	PP2	F6	CORE	T_NK_cytotoxic	0.4100546504221146	1393	
GSE225475	PP2	F6	CORE	B_plasma	0.2287417655411034	1393	
GSE225475	PP2	F6	EXTENDED	keratinocyte_basal	0.5620264341885021	1393	
GSE225475	PP2	F6	EXTENDED	keratinocyte_spinous_suprabasal	0.2507914060792567	1393	
GSE225475	PP2	F6	EXTENDED	keratinocyte_inflammatory_T17	0.0967052204147864	1393	
GSE225475	PP2	F6	EXTENDED	keratinocyte_stress_hypoxia	0.4906199545974203	1393	
GSE225475	PP2	F6	EXTENDED	fibroblast_matrix	-0.5459972031752703	1393	
GSE225475	PP2	F6	EXTENDED	fibroblast_inflammatory	-0.0223535833334221	1393	
GSE225475	PP2	F6	EXTENDED	endothelial_vascular	0.1083613420547707	1393	
GSE225475	PP2	F6	EXTENDED	myeloid_dendritic	0.3453686410179331	1393	
GSE225475	PP2	F6	EXTENDED	T_NK_cytotoxic	0.4143418580939229	1393	
GSE225475	PP2	F6	EXTENDED	B_plasma	0.2308498961269971	1393	
GSE225475	PP2	F7	CORE	keratinocyte_basal	0.5608231796586348	1393	
GSE225475	PP2	F7	CORE	keratinocyte_spinous_suprabasal	0.1720574752096771	1393	
GSE225475	PP2	F7	CORE	keratinocyte_inflammatory_T17	0.0394374125896602	1393	
GSE225475	PP2	F7	CORE	keratinocyte_stress_hypoxia	0.4344457861519775	1393	
GSE225475	PP2	F7	CORE	fibroblast_matrix	-0.496942812127258	1393	
GSE225475	PP2	F7	CORE	fibroblast_inflammatory	0.0180420479970712	1393	
GSE225475	PP2	F7	CORE	endothelial_vascular	0.1198331926253795	1393	
GSE225475	PP2	F7	CORE	myeloid_dendritic	0.3385012162835387	1393	
GSE225475	PP2	F7	CORE	T_NK_cytotoxic	0.3902265430171601	1393	
GSE225475	PP2	F7	CORE	B_plasma	0.2239612823679636	1393	
GSE225475	PP2	F7	EXTENDED	keratinocyte_basal	0.5650380188476485	1393	
GSE225475	PP2	F7	EXTENDED	keratinocyte_spinous_suprabasal	0.2063263439415237	1393	
GSE225475	PP2	F7	EXTENDED	keratinocyte_inflammatory_T17	0.0709472474215647	1393	
GSE225475	PP2	F7	EXTENDED	keratinocyte_stress_hypoxia	0.4729140002219368	1393	
GSE225475	PP2	F7	EXTENDED	fibroblast_matrix	-0.5139157795917264	1393	
GSE225475	PP2	F7	EXTENDED	fibroblast_inflammatory	0.0056656051539952	1393	
GSE225475	PP2	F7	EXTENDED	endothelial_vascular	0.1206034168406311	1393	
GSE225475	PP2	F7	EXTENDED	myeloid_dendritic	0.3396740565028763	1393	
GSE225475	PP2	F7	EXTENDED	T_NK_cytotoxic	0.4043440813615775	1393	
GSE225475	PP2	F7	EXTENDED	B_plasma	0.2317157069015871	1393	
GSE225475	PP3	F1	CORE	keratinocyte_basal	0.6828475443403461	1463	
GSE225475	PP3	F1	CORE	keratinocyte_spinous_suprabasal	0.1398998692479909	1463	
GSE225475	PP3	F1	CORE	keratinocyte_inflammatory_T17	0.3458632635628652	1463	
GSE225475	PP3	F1	CORE	keratinocyte_stress_hypoxia	0.6307010897072544	1463	
GSE225475	PP3	F1	CORE	fibroblast_matrix	0.0821477846446458	1463	
GSE225475	PP3	F1	CORE	fibroblast_inflammatory	0.3402970924053213	1463	
GSE225475	PP3	F1	CORE	endothelial_vascular	0.3587156151057088	1463	
GSE225475	PP3	F1	CORE	myeloid_dendritic	0.5014403654237043	1463	
GSE225475	PP3	F1	CORE	T_NK_cytotoxic	0.4806753321588002	1463	
GSE225475	PP3	F1	CORE	B_plasma	0.175468394076705	1463	
GSE225475	PP3	F1	EXTENDED	keratinocyte_basal	0.6844564944134299	1463	
GSE225475	PP3	F1	EXTENDED	keratinocyte_spinous_suprabasal	0.1755418655419623	1463	
GSE225475	PP3	F1	EXTENDED	keratinocyte_inflammatory_T17	0.3874208874329857	1463	
GSE225475	PP3	F1	EXTENDED	keratinocyte_stress_hypoxia	0.6551200230285681	1463	
GSE225475	PP3	F1	EXTENDED	fibroblast_matrix	0.0878269995530867	1463	
GSE225475	PP3	F1	EXTENDED	fibroblast_inflammatory	0.3361079183695598	1463	
GSE225475	PP3	F1	EXTENDED	endothelial_vascular	0.364138121766672	1463	
GSE225475	PP3	F1	EXTENDED	myeloid_dendritic	0.5165309458546441	1463	
GSE225475	PP3	F1	EXTENDED	T_NK_cytotoxic	0.4956005076601896	1463	
GSE225475	PP3	F1	EXTENDED	B_plasma	0.1828005739603577	1463	
GSE225475	PP3	F2	CORE	keratinocyte_basal	0.6585998167762098	1463	
GSE225475	PP3	F2	CORE	keratinocyte_spinous_suprabasal	0.1915105363201025	1463	
GSE225475	PP3	F2	CORE	keratinocyte_inflammatory_T17	0.3997596764354739	1463	
GSE225475	PP3	F2	CORE	keratinocyte_stress_hypoxia	0.6591831712634982	1463	
GSE225475	PP3	F2	CORE	fibroblast_matrix	0.0939273899677522	1463	
GSE225475	PP3	F2	CORE	fibroblast_inflammatory	0.3305267852616912	1463	
GSE225475	PP3	F2	CORE	endothelial_vascular	0.3629848244289882	1463	
GSE225475	PP3	F2	CORE	myeloid_dendritic	0.5267926701441432	1463	
GSE225475	PP3	F2	CORE	T_NK_cytotoxic	0.5062210013492685	1463	
GSE225475	PP3	F2	CORE	B_plasma	0.185327127942544	1463	
GSE225475	PP3	F2	EXTENDED	keratinocyte_basal	0.6712346150674295	1463	
GSE225475	PP3	F2	EXTENDED	keratinocyte_spinous_suprabasal	0.1682259490261342	1463	
GSE225475	PP3	F2	EXTENDED	keratinocyte_inflammatory_T17	0.3719513084006037	1463	
GSE225475	PP3	F2	EXTENDED	keratinocyte_stress_hypoxia	0.6560514606514163	1463	
GSE225475	PP3	F2	EXTENDED	fibroblast_matrix	0.1137623060897515	1463	
GSE225475	PP3	F2	EXTENDED	fibroblast_inflammatory	0.3441614102767115	1463	
GSE225475	PP3	F2	EXTENDED	endothelial_vascular	0.3769554432690191	1463	
GSE225475	PP3	F2	EXTENDED	myeloid_dendritic	0.5266318002891254	1463	
GSE225475	PP3	F2	EXTENDED	T_NK_cytotoxic	0.5013020096022388	1463	
GSE225475	PP3	F2	EXTENDED	B_plasma	0.1827319089508536	1463	
GSE225475	PP3	F6	CORE	keratinocyte_basal	0.6609029549953869	1463	
GSE225475	PP3	F6	CORE	keratinocyte_spinous_suprabasal	0.2404484240694329	1463	
GSE225475	PP3	F6	CORE	keratinocyte_inflammatory_T17	0.4549747133978463	1463	
GSE225475	PP3	F6	CORE	keratinocyte_stress_hypoxia	0.6569547761015048	1463	
GSE225475	PP3	F6	CORE	fibroblast_matrix	0.0367318401614811	1463	
GSE225475	PP3	F6	CORE	fibroblast_inflammatory	0.3040299229418376	1463	
GSE225475	PP3	F6	CORE	endothelial_vascular	0.3204637085118454	1463	
GSE225475	PP3	F6	CORE	myeloid_dendritic	0.5332216543664939	1463	
GSE225475	PP3	F6	CORE	T_NK_cytotoxic	0.5003539669298994	1463	
GSE225475	PP3	F6	CORE	B_plasma	0.1876769875946901	1463	
GSE225475	PP3	F6	EXTENDED	keratinocyte_basal	0.6974610354423301	1463	
GSE225475	PP3	F6	EXTENDED	keratinocyte_spinous_suprabasal	0.2128436779643071	1463	
GSE225475	PP3	F6	EXTENDED	keratinocyte_inflammatory_T17	0.4266913772973119	1463	
GSE225475	PP3	F6	EXTENDED	keratinocyte_stress_hypoxia	0.6604847536987017	1463	
GSE225475	PP3	F6	EXTENDED	fibroblast_matrix	0.0745046546052769	1463	
GSE225475	PP3	F6	EXTENDED	fibroblast_inflammatory	0.340991698020213	1463	
GSE225475	PP3	F6	EXTENDED	endothelial_vascular	0.3511861029765337	1463	
GSE225475	PP3	F6	EXTENDED	myeloid_dendritic	0.5365911874769127	1463	
GSE225475	PP3	F6	EXTENDED	T_NK_cytotoxic	0.4964685747134791	1463	
GSE225475	PP3	F6	EXTENDED	B_plasma	0.1872820390772825	1463	
GSE225475	PP3	F7	CORE	keratinocyte_basal	0.7205573534942883	1463	
GSE225475	PP3	F7	CORE	keratinocyte_spinous_suprabasal	0.1071557745779708	1463	
GSE225475	PP3	F7	CORE	keratinocyte_inflammatory_T17	0.3090858653547575	1463	
GSE225475	PP3	F7	CORE	keratinocyte_stress_hypoxia	0.5965164337188402	1463	
GSE225475	PP3	F7	CORE	fibroblast_matrix	0.1713161396453832	1463	
GSE225475	PP3	F7	CORE	fibroblast_inflammatory	0.4050857506906583	1463	
GSE225475	PP3	F7	CORE	endothelial_vascular	0.3768137216032592	1463	
GSE225475	PP3	F7	CORE	myeloid_dendritic	0.5208960120662113	1463	
GSE225475	PP3	F7	CORE	T_NK_cytotoxic	0.4427303879182168	1463	
GSE225475	PP3	F7	CORE	B_plasma	0.1743813518069693	1463	
GSE225475	PP3	F7	EXTENDED	keratinocyte_basal	0.7087199123533849	1463	
GSE225475	PP3	F7	EXTENDED	keratinocyte_spinous_suprabasal	0.152981273799267	1463	
GSE225475	PP3	F7	EXTENDED	keratinocyte_inflammatory_T17	0.3640334641427616	1463	
GSE225475	PP3	F7	EXTENDED	keratinocyte_stress_hypoxia	0.6395151821300035	1463	
GSE225475	PP3	F7	EXTENDED	fibroblast_matrix	0.1201260477249883	1463	
GSE225475	PP3	F7	EXTENDED	fibroblast_inflammatory	0.3699759377260508	1463	
GSE225475	PP3	F7	EXTENDED	endothelial_vascular	0.3647392501160045	1463	
GSE225475	PP3	F7	EXTENDED	myeloid_dendritic	0.5288398166372753	1463	
GSE225475	PP3	F7	EXTENDED	T_NK_cytotoxic	0.4803207796837299	1463	
GSE225475	PP3	F7	EXTENDED	B_plasma	0.1824148232521631	1463	
GSE225475	PP4	F1	CORE	keratinocyte_basal	0.3777507417412254	1118	
GSE225475	PP4	F1	CORE	keratinocyte_spinous_suprabasal	0.1407262091826091	1118	
GSE225475	PP4	F1	CORE	keratinocyte_inflammatory_T17	0.1116586737628376	1118	
GSE225475	PP4	F1	CORE	keratinocyte_stress_hypoxia	0.4399873149433822	1118	
GSE225475	PP4	F1	CORE	fibroblast_matrix	-0.3450129107559466	1118	
GSE225475	PP4	F1	CORE	fibroblast_inflammatory	-0.054757499440495	1118	
GSE225475	PP4	F1	CORE	endothelial_vascular	0.2634414052901607	1118	
GSE225475	PP4	F1	CORE	myeloid_dendritic	0.4383413133598212	1118	
GSE225475	PP4	F1	CORE	T_NK_cytotoxic	0.5100104526461672	1118	
GSE225475	PP4	F1	CORE	B_plasma	0.3527857045423881	1118	
GSE225475	PP4	F1	EXTENDED	keratinocyte_basal	0.2817176138269161	1118	
GSE225475	PP4	F1	EXTENDED	keratinocyte_spinous_suprabasal	-0.0091306396987236	1118	
GSE225475	PP4	F1	EXTENDED	keratinocyte_inflammatory_T17	-0.047489355499911	1118	
GSE225475	PP4	F1	EXTENDED	keratinocyte_stress_hypoxia	0.4123000680292412	1118	
GSE225475	PP4	F1	EXTENDED	fibroblast_matrix	-0.253655254501781	1118	
GSE225475	PP4	F1	EXTENDED	fibroblast_inflammatory	0.0114865714426496	1118	
GSE225475	PP4	F1	EXTENDED	endothelial_vascular	0.3616465267374624	1118	
GSE225475	PP4	F1	EXTENDED	myeloid_dendritic	0.4432052050349918	1118	
GSE225475	PP4	F1	EXTENDED	T_NK_cytotoxic	0.482565701726394	1118	
GSE225475	PP4	F1	EXTENDED	B_plasma	0.3491516547965906	1118	
GSE225475	PP4	F2	CORE	keratinocyte_basal	0.1179100120330705	1118	
GSE225475	PP4	F2	CORE	keratinocyte_spinous_suprabasal	-0.1477581448459842	1118	
GSE225475	PP4	F2	CORE	keratinocyte_inflammatory_T17	-0.1925254213388176	1118	
GSE225475	PP4	F2	CORE	keratinocyte_stress_hypoxia	0.3147444570855846	1118	
GSE225475	PP4	F2	CORE	fibroblast_matrix	-0.0993798563250888	1118	
GSE225475	PP4	F2	CORE	fibroblast_inflammatory	0.1376025092890021	1118	
GSE225475	PP4	F2	CORE	endothelial_vascular	0.5010766554361972	1118	
GSE225475	PP4	F2	CORE	myeloid_dendritic	0.4824646969437907	1118	
GSE225475	PP4	F2	CORE	T_NK_cytotoxic	0.4682586762869325	1118	
GSE225475	PP4	F2	CORE	B_plasma	0.323618876175999	1118	
GSE225475	PP4	F2	EXTENDED	keratinocyte_basal	0.0917161292130898	1118	
GSE225475	PP4	F2	EXTENDED	keratinocyte_spinous_suprabasal	-0.1845781244888218	1118	
GSE225475	PP4	F2	EXTENDED	keratinocyte_inflammatory_T17	-0.2308012661539906	1118	
GSE225475	PP4	F2	EXTENDED	keratinocyte_stress_hypoxia	0.2989919268022675	1118	
GSE225475	PP4	F2	EXTENDED	fibroblast_matrix	-0.0672474841265964	1118	
GSE225475	PP4	F2	EXTENDED	fibroblast_inflammatory	0.1593350977011359	1118	
GSE225475	PP4	F2	EXTENDED	endothelial_vascular	0.5223098127187182	1118	
GSE225475	PP4	F2	EXTENDED	myeloid_dendritic	0.4788120838032854	1118	
GSE225475	PP4	F2	EXTENDED	T_NK_cytotoxic	0.4568004339704254	1118	
GSE225475	PP4	F2	EXTENDED	B_plasma	0.3165328357389665	1118	
GSE225475	PP4	F6	CORE	keratinocyte_basal	0.5346416154374284	1118	
GSE225475	PP4	F6	CORE	keratinocyte_spinous_suprabasal	0.3155231808647464	1118	
GSE225475	PP4	F6	CORE	keratinocyte_inflammatory_T17	0.3002329837261796	1118	
GSE225475	PP4	F6	CORE	keratinocyte_stress_hypoxia	0.5290087819113116	1118	
GSE225475	PP4	F6	CORE	fibroblast_matrix	-0.476015084246542	1118	
GSE225475	PP4	F6	CORE	fibroblast_inflammatory	-0.1865887821085914	1118	
GSE225475	PP4	F6	CORE	endothelial_vascular	0.1378060132785308	1118	
GSE225475	PP4	F6	CORE	myeloid_dendritic	0.4047984949251775	1118	
GSE225475	PP4	F6	CORE	T_NK_cytotoxic	0.4926503007987503	1118	
GSE225475	PP4	F6	CORE	B_plasma	0.3390627935592748	1118	
GSE225475	PP4	F6	EXTENDED	keratinocyte_basal	0.4920387084256417	1118	
GSE225475	PP4	F6	EXTENDED	keratinocyte_spinous_suprabasal	0.2187067658039159	1118	
GSE225475	PP4	F6	EXTENDED	keratinocyte_inflammatory_T17	0.1890225755503215	1118	
GSE225475	PP4	F6	EXTENDED	keratinocyte_stress_hypoxia	0.5097946319549035	1118	
GSE225475	PP4	F6	EXTENDED	fibroblast_matrix	-0.4441721777020438	1118	
GSE225475	PP4	F6	EXTENDED	fibroblast_inflammatory	-0.1451430703407695	1118	
GSE225475	PP4	F6	EXTENDED	endothelial_vascular	0.2046085367526801	1118	
GSE225475	PP4	F6	EXTENDED	myeloid_dendritic	0.4038981373226864	1118	
GSE225475	PP4	F6	EXTENDED	T_NK_cytotoxic	0.4917300729730388	1118	
GSE225475	PP4	F6	EXTENDED	B_plasma	0.3490690607823359	1118	
GSE225475	PP4	F7	CORE	keratinocyte_basal	0.4239373067293272	1118	
GSE225475	PP4	F7	CORE	keratinocyte_spinous_suprabasal	0.1532586529635479	1118	
GSE225475	PP4	F7	CORE	keratinocyte_inflammatory_T17	0.1244389801984732	1118	
GSE225475	PP4	F7	CORE	keratinocyte_stress_hypoxia	0.4753269681411062	1118	
GSE225475	PP4	F7	CORE	fibroblast_matrix	-0.4013153729053251	1118	
GSE225475	PP4	F7	CORE	fibroblast_inflammatory	-0.1083521980383295	1118	
GSE225475	PP4	F7	CORE	endothelial_vascular	0.2180402013479097	1118	
GSE225475	PP4	F7	CORE	myeloid_dendritic	0.407070857620356	1118	
GSE225475	PP4	F7	CORE	T_NK_cytotoxic	0.4749149718618565	1118	
GSE225475	PP4	F7	CORE	B_plasma	0.3559013683972277	1118	
GSE225475	PP4	F7	EXTENDED	keratinocyte_basal	0.4568874726995524	1118	
GSE225475	PP4	F7	EXTENDED	keratinocyte_spinous_suprabasal	0.1932565831686301	1118	
GSE225475	PP4	F7	EXTENDED	keratinocyte_inflammatory_T17	0.1682672815470491	1118	
GSE225475	PP4	F7	EXTENDED	keratinocyte_stress_hypoxia	0.5012619457392501	1118	
GSE225475	PP4	F7	EXTENDED	fibroblast_matrix	-0.4266753780154503	1118	
GSE225475	PP4	F7	EXTENDED	fibroblast_inflammatory	-0.1222809135923205	1118	
GSE225475	PP4	F7	EXTENDED	endothelial_vascular	0.210833257416498	1118	
GSE225475	PP4	F7	EXTENDED	myeloid_dendritic	0.4199620705594279	1118	
GSE225475	PP4	F7	EXTENDED	T_NK_cytotoxic	0.4968631088722048	1118	
GSE225475	PP4	F7	EXTENDED	B_plasma	0.3603618302158305	1118	
GSE202011		F1	CORE	keratinocyte_basal	0.5780655251938228	469	GSM6086615
GSE202011		F1	CORE	keratinocyte_spinous_suprabasal	0.5211431551292549	469	GSM6086615
GSE202011		F1	CORE	keratinocyte_inflammatory_T17	0.3184062153576286	469	GSM6086615
GSE202011		F1	CORE	keratinocyte_stress_hypoxia	0.6178712187761534	469	GSM6086615
GSE202011		F1	CORE	fibroblast_matrix	-0.2295904125215404	469	GSM6086615
GSE202011		F1	CORE	fibroblast_inflammatory	0.2484523469235093	469	GSM6086615
GSE202011		F1	CORE	endothelial_vascular	0.2354044648341679	469	GSM6086615
GSE202011		F1	CORE	myeloid_dendritic	0.5705981598501739	469	GSM6086615
GSE202011		F1	CORE	T_NK_cytotoxic	0.51413239078745	469	GSM6086615
GSE202011		F1	CORE	B_plasma	0.1227944788175981	469	GSM6086615
GSE202011		F1	EXTENDED	keratinocyte_basal	0.5756046066820368	469	GSM6086615
GSE202011		F1	EXTENDED	keratinocyte_spinous_suprabasal	0.5016709347964582	469	GSM6086615
GSE202011		F1	EXTENDED	keratinocyte_inflammatory_T17	0.2978641978324418	469	GSM6086615
GSE202011		F1	EXTENDED	keratinocyte_stress_hypoxia	0.6252160205713712	469	GSM6086615
GSE202011		F1	EXTENDED	fibroblast_matrix	-0.1618883544135668	469	GSM6086615
GSE202011		F1	EXTENDED	fibroblast_inflammatory	0.295820060949538	469	GSM6086615
GSE202011		F1	EXTENDED	endothelial_vascular	0.2909923785969568	469	GSM6086615
GSE202011		F1	EXTENDED	myeloid_dendritic	0.5882927995998664	469	GSM6086615
GSE202011		F1	EXTENDED	T_NK_cytotoxic	0.5411421380999171	469	GSM6086615
GSE202011		F1	EXTENDED	B_plasma	0.1450747112542203	469	GSM6086615
GSE202011		F2	CORE	keratinocyte_basal	0.5003713965271465	469	GSM6086615
GSE202011		F2	CORE	keratinocyte_spinous_suprabasal	0.4021735982132465	469	GSM6086615
GSE202011		F2	CORE	keratinocyte_inflammatory_T17	0.1975156539184772	469	GSM6086615
GSE202011		F2	CORE	keratinocyte_stress_hypoxia	0.6046478684767447	469	GSM6086615
GSE202011		F2	CORE	fibroblast_matrix	-0.0705172759853982	469	GSM6086615
GSE202011		F2	CORE	fibroblast_inflammatory	0.3595854881476755	469	GSM6086615
GSE202011		F2	CORE	endothelial_vascular	0.3576029973303348	469	GSM6086615
GSE202011		F2	CORE	myeloid_dendritic	0.5811273625294383	469	GSM6086615
GSE202011		F2	CORE	T_NK_cytotoxic	0.529368063362732	469	GSM6086615
GSE202011		F2	CORE	B_plasma	0.1491828643213541	469	GSM6086615
GSE202011		F2	EXTENDED	keratinocyte_basal	0.4811596748294121	469	GSM6086615
GSE202011		F2	EXTENDED	keratinocyte_spinous_suprabasal	0.3656262465636817	469	GSM6086615
GSE202011		F2	EXTENDED	keratinocyte_inflammatory_T17	0.1519724268533414	469	GSM6086615
GSE202011		F2	EXTENDED	keratinocyte_stress_hypoxia	0.5829864853862762	469	GSM6086615
GSE202011		F2	EXTENDED	fibroblast_matrix	-0.0406569314700361	469	GSM6086615
GSE202011		F2	EXTENDED	fibroblast_inflammatory	0.392243202725139	469	GSM6086615
GSE202011		F2	EXTENDED	endothelial_vascular	0.3859427316657819	469	GSM6086615
GSE202011		F2	EXTENDED	myeloid_dendritic	0.5644915764599349	469	GSM6086615
GSE202011		F2	EXTENDED	T_NK_cytotoxic	0.493014657527656	469	GSM6086615
GSE202011		F2	EXTENDED	B_plasma	0.1679558080008696	469	GSM6086615
GSE202011		F6	CORE	keratinocyte_basal	0.5880887597723736	469	GSM6086615
GSE202011		F6	CORE	keratinocyte_spinous_suprabasal	0.545392180294398	469	GSM6086615
GSE202011		F6	CORE	keratinocyte_inflammatory_T17	0.3785045811728894	469	GSM6086615
GSE202011		F6	CORE	keratinocyte_stress_hypoxia	0.6445961626002694	469	GSM6086615
GSE202011		F6	CORE	fibroblast_matrix	-0.1972716141677743	469	GSM6086615
GSE202011		F6	CORE	fibroblast_inflammatory	0.2293162660840294	469	GSM6086615
GSE202011		F6	CORE	endothelial_vascular	0.2348288900873246	469	GSM6086615
GSE202011		F6	CORE	myeloid_dendritic	0.6044003042341284	469	GSM6086615
GSE202011		F6	CORE	T_NK_cytotoxic	0.5626153269210492	469	GSM6086615
GSE202011		F6	CORE	B_plasma	0.1207649742662435	469	GSM6086615
GSE202011		F6	EXTENDED	keratinocyte_basal	0.5987583660562891	469	GSM6086615
GSE202011		F6	EXTENDED	keratinocyte_spinous_suprabasal	0.5370339097824947	469	GSM6086615
GSE202011		F6	EXTENDED	keratinocyte_inflammatory_T17	0.3470360379537897	469	GSM6086615
GSE202011		F6	EXTENDED	keratinocyte_stress_hypoxia	0.6309576299182208	469	GSM6086615
GSE202011		F6	EXTENDED	fibroblast_matrix	-0.1952781858890983	469	GSM6086615
GSE202011		F6	EXTENDED	fibroblast_inflammatory	0.2764989895098663	469	GSM6086615
GSE202011		F6	EXTENDED	endothelial_vascular	0.2604408243515954	469	GSM6086615
GSE202011		F6	EXTENDED	myeloid_dendritic	0.6155279300224521	469	GSM6086615
GSE202011		F6	EXTENDED	T_NK_cytotoxic	0.556867926529933	469	GSM6086615
GSE202011		F6	EXTENDED	B_plasma	0.1303357280164837	469	GSM6086615
GSE202011		F7	CORE	keratinocyte_basal	0.5936414047411857	469	GSM6086615
GSE202011		F7	CORE	keratinocyte_spinous_suprabasal	0.5110251568915978	469	GSM6086615
GSE202011		F7	CORE	keratinocyte_inflammatory_T17	0.3085954375887689	469	GSM6086615
GSE202011		F7	CORE	keratinocyte_stress_hypoxia	0.6101421028541358	469	GSM6086615
GSE202011		F7	CORE	fibroblast_matrix	-0.1634396897582502	469	GSM6086615
GSE202011		F7	CORE	fibroblast_inflammatory	0.3253937946878758	469	GSM6086615
GSE202011		F7	CORE	endothelial_vascular	0.2791080999375079	469	GSM6086615
GSE202011		F7	CORE	myeloid_dendritic	0.6118213182359479	469	GSM6086615
GSE202011		F7	CORE	T_NK_cytotoxic	0.5260752586784379	469	GSM6086615
GSE202011		F7	CORE	B_plasma	0.1465858715903367	469	GSM6086615
GSE202011		F7	EXTENDED	keratinocyte_basal	0.6041707390118014	469	GSM6086615
GSE202011		F7	EXTENDED	keratinocyte_spinous_suprabasal	0.5360427670453171	469	GSM6086615
GSE202011		F7	EXTENDED	keratinocyte_inflammatory_T17	0.3398424158097291	469	GSM6086615
GSE202011		F7	EXTENDED	keratinocyte_stress_hypoxia	0.6336017045604415	469	GSM6086615
GSE202011		F7	EXTENDED	fibroblast_matrix	-0.1813944121968212	469	GSM6086615
GSE202011		F7	EXTENDED	fibroblast_inflammatory	0.3061659285448908	469	GSM6086615
GSE202011		F7	EXTENDED	endothelial_vascular	0.2735466798180808	469	GSM6086615
GSE202011		F7	EXTENDED	myeloid_dendritic	0.6213455559840749	469	GSM6086615
GSE202011		F7	EXTENDED	T_NK_cytotoxic	0.5496074376280986	469	GSM6086615
GSE202011		F7	EXTENDED	B_plasma	0.1444608305036965	469	GSM6086615
GSE202011		F1	CORE	keratinocyte_basal	0.3886151695395255	660	GSM6086616
GSE202011		F1	CORE	keratinocyte_spinous_suprabasal	0.4210247380169941	660	GSM6086616
GSE202011		F1	CORE	keratinocyte_inflammatory_T17	0.3154413854443738	660	GSM6086616
GSE202011		F1	CORE	keratinocyte_stress_hypoxia	0.4089529397248013	660	GSM6086616
GSE202011		F1	CORE	fibroblast_matrix	0.2002601982824925	660	GSM6086616
GSE202011		F1	CORE	fibroblast_inflammatory	0.3892159538475843	660	GSM6086616
GSE202011		F1	CORE	endothelial_vascular	0.4450760138386322	660	GSM6086616
GSE202011		F1	CORE	myeloid_dendritic	0.3637234829095952	660	GSM6086616
GSE202011		F1	CORE	T_NK_cytotoxic	0.3730019210421425	660	GSM6086616
GSE202011		F1	CORE	B_plasma	0.1919621101683739	660	GSM6086616
GSE202011		F1	EXTENDED	keratinocyte_basal	0.3770704000117762	660	GSM6086616
GSE202011		F1	EXTENDED	keratinocyte_spinous_suprabasal	0.4582578784427555	660	GSM6086616
GSE202011		F1	EXTENDED	keratinocyte_inflammatory_T17	0.3366293436729217	660	GSM6086616
GSE202011		F1	EXTENDED	keratinocyte_stress_hypoxia	0.4020980692063094	660	GSM6086616
GSE202011		F1	EXTENDED	fibroblast_matrix	0.3335375355987648	660	GSM6086616
GSE202011		F1	EXTENDED	fibroblast_inflammatory	0.4160553570566348	660	GSM6086616
GSE202011		F1	EXTENDED	endothelial_vascular	0.4450670976241974	660	GSM6086616
GSE202011		F1	EXTENDED	myeloid_dendritic	0.3763749637497664	660	GSM6086616
GSE202011		F1	EXTENDED	T_NK_cytotoxic	0.386629266486182	660	GSM6086616
GSE202011		F1	EXTENDED	B_plasma	0.1882581748886342	660	GSM6086616
GSE202011		F2	CORE	keratinocyte_basal	0.3550409577387551	660	GSM6086616
GSE202011		F2	CORE	keratinocyte_spinous_suprabasal	0.4287364460686441	660	GSM6086616
GSE202011		F2	CORE	keratinocyte_inflammatory_T17	0.2990147716371669	660	GSM6086616
GSE202011		F2	CORE	keratinocyte_stress_hypoxia	0.3921695869788319	660	GSM6086616
GSE202011		F2	CORE	fibroblast_matrix	0.4098075268145159	660	GSM6086616
GSE202011		F2	CORE	fibroblast_inflammatory	0.4182268732301928	660	GSM6086616
GSE202011		F2	CORE	endothelial_vascular	0.435905877207332	660	GSM6086616
GSE202011		F2	CORE	myeloid_dendritic	0.3943877160543594	660	GSM6086616
GSE202011		F2	CORE	T_NK_cytotoxic	0.3660185638428355	660	GSM6086616
GSE202011		F2	CORE	B_plasma	0.1778359409630637	660	GSM6086616
GSE202011		F2	EXTENDED	keratinocyte_basal	0.3856394384739185	660	GSM6086616
GSE202011		F2	EXTENDED	keratinocyte_spinous_suprabasal	0.4544193757912402	660	GSM6086616
GSE202011		F2	EXTENDED	keratinocyte_inflammatory_T17	0.3150492463644967	660	GSM6086616
GSE202011		F2	EXTENDED	keratinocyte_stress_hypoxia	0.4027364210470497	660	GSM6086616
GSE202011		F2	EXTENDED	fibroblast_matrix	0.4089036502834235	660	GSM6086616
GSE202011		F2	EXTENDED	fibroblast_inflammatory	0.4297766857462561	660	GSM6086616
GSE202011		F2	EXTENDED	endothelial_vascular	0.4477913843068456	660	GSM6086616
GSE202011		F2	EXTENDED	myeloid_dendritic	0.3943452465118289	660	GSM6086616
GSE202011		F2	EXTENDED	T_NK_cytotoxic	0.3745631650267196	660	GSM6086616
GSE202011		F2	EXTENDED	B_plasma	0.1901916898031023	660	GSM6086616
GSE202011		F6	CORE	keratinocyte_basal	0.3511367917689532	660	GSM6086616
GSE202011		F6	CORE	keratinocyte_spinous_suprabasal	0.4117731642722236	660	GSM6086616
GSE202011		F6	CORE	keratinocyte_inflammatory_T17	0.2755810347403541	660	GSM6086616
GSE202011		F6	CORE	keratinocyte_stress_hypoxia	0.4095062562366914	660	GSM6086616
GSE202011		F6	CORE	fibroblast_matrix	0.2465516904623939	660	GSM6086616
GSE202011		F6	CORE	fibroblast_inflammatory	0.3969221018719225	660	GSM6086616
GSE202011		F6	CORE	endothelial_vascular	0.3693935117491218	660	GSM6086616
GSE202011		F6	CORE	myeloid_dendritic	0.3675449595584499	660	GSM6086616
GSE202011		F6	CORE	T_NK_cytotoxic	0.3617666626527899	660	GSM6086616
GSE202011		F6	CORE	B_plasma	0.178962044247199	660	GSM6086616
GSE202011		F6	EXTENDED	keratinocyte_basal	0.3814583198434282	660	GSM6086616
GSE202011		F6	EXTENDED	keratinocyte_spinous_suprabasal	0.448142073279115	660	GSM6086616
GSE202011		F6	EXTENDED	keratinocyte_inflammatory_T17	0.3315573647719342	660	GSM6086616
GSE202011		F6	EXTENDED	keratinocyte_stress_hypoxia	0.4019440214611309	660	GSM6086616
GSE202011		F6	EXTENDED	fibroblast_matrix	0.2861609598372326	660	GSM6086616
GSE202011		F6	EXTENDED	fibroblast_inflammatory	0.4343121238041327	660	GSM6086616
GSE202011		F6	EXTENDED	endothelial_vascular	0.4017926760011689	660	GSM6086616
GSE202011		F6	EXTENDED	myeloid_dendritic	0.4004948198248373	660	GSM6086616
GSE202011		F6	EXTENDED	T_NK_cytotoxic	0.360880860889845	660	GSM6086616
GSE202011		F6	EXTENDED	B_plasma	0.185243292388954	660	GSM6086616
GSE202011		F7	CORE	keratinocyte_basal	0.3895510280778073	660	GSM6086616
GSE202011		F7	CORE	keratinocyte_spinous_suprabasal	0.4717282120522394	660	GSM6086616
GSE202011		F7	CORE	keratinocyte_inflammatory_T17	0.3447523115055115	660	GSM6086616
GSE202011		F7	CORE	keratinocyte_stress_hypoxia	0.4229210471848488	660	GSM6086616
GSE202011		F7	CORE	fibroblast_matrix	0.2716515032394637	660	GSM6086616
GSE202011		F7	CORE	fibroblast_inflammatory	0.425001947376843	660	GSM6086616
GSE202011		F7	CORE	endothelial_vascular	0.4414629873903536	660	GSM6086616
GSE202011		F7	CORE	myeloid_dendritic	0.4076387943033708	660	GSM6086616
GSE202011		F7	CORE	T_NK_cytotoxic	0.3811722261588457	660	GSM6086616
GSE202011		F7	CORE	B_plasma	0.1930786550479262	660	GSM6086616
GSE202011		F7	EXTENDED	keratinocyte_basal	0.3927392227952239	660	GSM6086616
GSE202011		F7	EXTENDED	keratinocyte_spinous_suprabasal	0.4796242292878305	660	GSM6086616
GSE202011		F7	EXTENDED	keratinocyte_inflammatory_T17	0.3468644848087483	660	GSM6086616
GSE202011		F7	EXTENDED	keratinocyte_stress_hypoxia	0.4299718142229167	660	GSM6086616
GSE202011		F7	EXTENDED	fibroblast_matrix	0.2778017316756576	660	GSM6086616
GSE202011		F7	EXTENDED	fibroblast_inflammatory	0.4247459954307343	660	GSM6086616
GSE202011		F7	EXTENDED	endothelial_vascular	0.4441983348116777	660	GSM6086616
GSE202011		F7	EXTENDED	myeloid_dendritic	0.4011097188241572	660	GSM6086616
GSE202011		F7	EXTENDED	T_NK_cytotoxic	0.384612414253342	660	GSM6086616
GSE202011		F7	EXTENDED	B_plasma	0.198811434370336	660	GSM6086616
GSE202011		F1	CORE	keratinocyte_basal	0.3310043173215483	459	GSM6086617
GSE202011		F1	CORE	keratinocyte_spinous_suprabasal	0.1889335528653005	459	GSM6086617
GSE202011		F1	CORE	keratinocyte_inflammatory_T17	0.2635536471456312	459	GSM6086617
GSE202011		F1	CORE	keratinocyte_stress_hypoxia	0.3827246767161684	459	GSM6086617
GSE202011		F1	CORE	fibroblast_matrix	0.1085345703430574	459	GSM6086617
GSE202011		F1	CORE	fibroblast_inflammatory	0.2924396090334613	459	GSM6086617
GSE202011		F1	CORE	endothelial_vascular	0.351930441615999	459	GSM6086617
GSE202011		F1	CORE	myeloid_dendritic	0.5393256360235675	459	GSM6086617
GSE202011		F1	CORE	T_NK_cytotoxic	0.4247124020406029	459	GSM6086617
GSE202011		F1	CORE	B_plasma	0.0886833333487451	459	GSM6086617
GSE202011		F1	EXTENDED	keratinocyte_basal	0.4010746847779961	459	GSM6086617
GSE202011		F1	EXTENDED	keratinocyte_spinous_suprabasal	0.2595559953392216	459	GSM6086617
GSE202011		F1	EXTENDED	keratinocyte_inflammatory_T17	0.337172483482472	459	GSM6086617
GSE202011		F1	EXTENDED	keratinocyte_stress_hypoxia	0.4371978583985862	459	GSM6086617
GSE202011		F1	EXTENDED	fibroblast_matrix	0.1208591192443453	459	GSM6086617
GSE202011		F1	EXTENDED	fibroblast_inflammatory	0.3147175218186481	459	GSM6086617
GSE202011		F1	EXTENDED	endothelial_vascular	0.3543558146646586	459	GSM6086617
GSE202011		F1	EXTENDED	myeloid_dendritic	0.552489060264777	459	GSM6086617
GSE202011		F1	EXTENDED	T_NK_cytotoxic	0.4637001214256252	459	GSM6086617
GSE202011		F1	EXTENDED	B_plasma	0.0886147299878755	459	GSM6086617
GSE202011		F2	CORE	keratinocyte_basal	0.383410088017654	459	GSM6086617
GSE202011		F2	CORE	keratinocyte_spinous_suprabasal	0.2800394043214256	459	GSM6086617
GSE202011		F2	CORE	keratinocyte_inflammatory_T17	0.3339775212246325	459	GSM6086617
GSE202011		F2	CORE	keratinocyte_stress_hypoxia	0.4353332698571803	459	GSM6086617
GSE202011		F2	CORE	fibroblast_matrix	0.1171151988234056	459	GSM6086617
GSE202011		F2	CORE	fibroblast_inflammatory	0.3102784493352237	459	GSM6086617
GSE202011		F2	CORE	endothelial_vascular	0.3792209306706062	459	GSM6086617
GSE202011		F2	CORE	myeloid_dendritic	0.5482800948476307	459	GSM6086617
GSE202011		F2	CORE	T_NK_cytotoxic	0.4569610967936827	459	GSM6086617
GSE202011		F2	CORE	B_plasma	0.0943172967851661	459	GSM6086617
GSE202011		F2	EXTENDED	keratinocyte_basal	0.3763757204814836	459	GSM6086617
GSE202011		F2	EXTENDED	keratinocyte_spinous_suprabasal	0.247211588274526	459	GSM6086617
GSE202011		F2	EXTENDED	keratinocyte_inflammatory_T17	0.3277126203011586	459	GSM6086617
GSE202011		F2	EXTENDED	keratinocyte_stress_hypoxia	0.4219260114681378	459	GSM6086617
GSE202011		F2	EXTENDED	fibroblast_matrix	0.1949310092333198	459	GSM6086617
GSE202011		F2	EXTENDED	fibroblast_inflammatory	0.3558899132902799	459	GSM6086617
GSE202011		F2	EXTENDED	endothelial_vascular	0.3803202576305243	459	GSM6086617
GSE202011		F2	EXTENDED	myeloid_dendritic	0.5512787932497417	459	GSM6086617
GSE202011		F2	EXTENDED	T_NK_cytotoxic	0.4545219008778171	459	GSM6086617
GSE202011		F2	EXTENDED	B_plasma	0.0991095025523533	459	GSM6086617
GSE202011		F6	CORE	keratinocyte_basal	0.4182569870200983	459	GSM6086617
GSE202011		F6	CORE	keratinocyte_spinous_suprabasal	0.3072116640008013	459	GSM6086617
GSE202011		F6	CORE	keratinocyte_inflammatory_T17	0.3558313656341433	459	GSM6086617
GSE202011		F6	CORE	keratinocyte_stress_hypoxia	0.463631073451554	459	GSM6086617
GSE202011		F6	CORE	fibroblast_matrix	-0.0305619746470707	459	GSM6086617
GSE202011		F6	CORE	fibroblast_inflammatory	0.2211518146157521	459	GSM6086617
GSE202011		F6	CORE	endothelial_vascular	0.3200489918126273	459	GSM6086617
GSE202011		F6	CORE	myeloid_dendritic	0.5370990011149341	459	GSM6086617
GSE202011		F6	CORE	T_NK_cytotoxic	0.4060616826892548	459	GSM6086617
GSE202011		F6	CORE	B_plasma	0.0716203982056467	459	GSM6086617
GSE202011		F6	EXTENDED	keratinocyte_basal	0.440432401666394	459	GSM6086617
GSE202011		F6	EXTENDED	keratinocyte_spinous_suprabasal	0.2981821293154547	459	GSM6086617
GSE202011		F6	EXTENDED	keratinocyte_inflammatory_T17	0.3704382377966425	459	GSM6086617
GSE202011		F6	EXTENDED	keratinocyte_stress_hypoxia	0.4872197757772333	459	GSM6086617
GSE202011		F6	EXTENDED	fibroblast_matrix	0.005122020517448	459	GSM6086617
GSE202011		F6	EXTENDED	fibroblast_inflammatory	0.2663598263454021	459	GSM6086617
GSE202011		F6	EXTENDED	endothelial_vascular	0.3325065948794147	459	GSM6086617
GSE202011		F6	EXTENDED	myeloid_dendritic	0.5514971009075171	459	GSM6086617
GSE202011		F6	EXTENDED	T_NK_cytotoxic	0.4685368014303427	459	GSM6086617
GSE202011		F6	EXTENDED	B_plasma	0.0731250160926732	459	GSM6086617
GSE202011		F7	CORE	keratinocyte_basal	0.4374761153826059	459	GSM6086617
GSE202011		F7	CORE	keratinocyte_spinous_suprabasal	0.1978842795057263	459	GSM6086617
GSE202011		F7	CORE	keratinocyte_inflammatory_T17	0.2380084674941822	459	GSM6086617
GSE202011		F7	CORE	keratinocyte_stress_hypoxia	0.3861639435805522	459	GSM6086617
GSE202011		F7	CORE	fibroblast_matrix	0.0338359029438765	459	GSM6086617
GSE202011		F7	CORE	fibroblast_inflammatory	0.3131755037854103	459	GSM6086617
GSE202011		F7	CORE	endothelial_vascular	0.3421616892136394	459	GSM6086617
GSE202011		F7	CORE	myeloid_dendritic	0.5603667076322247	459	GSM6086617
GSE202011		F7	CORE	T_NK_cytotoxic	0.4687751694543473	459	GSM6086617
GSE202011		F7	CORE	B_plasma	0.0876828034340413	459	GSM6086617
GSE202011		F7	EXTENDED	keratinocyte_basal	0.4403043781690616	459	GSM6086617
GSE202011		F7	EXTENDED	keratinocyte_spinous_suprabasal	0.2318756844280596	459	GSM6086617
GSE202011		F7	EXTENDED	keratinocyte_inflammatory_T17	0.2779304501794104	459	GSM6086617
GSE202011		F7	EXTENDED	keratinocyte_stress_hypoxia	0.4154792129653772	459	GSM6086617
GSE202011		F7	EXTENDED	fibroblast_matrix	0.0195093488649304	459	GSM6086617
GSE202011		F7	EXTENDED	fibroblast_inflammatory	0.3007333823182245	459	GSM6086617
GSE202011		F7	EXTENDED	endothelial_vascular	0.3558912834265404	459	GSM6086617
GSE202011		F7	EXTENDED	myeloid_dendritic	0.5621932367146242	459	GSM6086617
GSE202011		F7	EXTENDED	T_NK_cytotoxic	0.4754360659251226	459	GSM6086617
GSE202011		F7	EXTENDED	B_plasma	0.0800362265820678	459	GSM6086617
GSE202011		F1	CORE	keratinocyte_basal	0.5581343555787658	1044	GSM6086618
GSE202011		F1	CORE	keratinocyte_spinous_suprabasal	0.287161580627772	1044	GSM6086618
GSE202011		F1	CORE	keratinocyte_inflammatory_T17	0.447860378555895	1044	GSM6086618
GSE202011		F1	CORE	keratinocyte_stress_hypoxia	0.546463090203894	1044	GSM6086618
GSE202011		F1	CORE	fibroblast_matrix	-0.2185229851024813	1044	GSM6086618
GSE202011		F1	CORE	fibroblast_inflammatory	0.2685870937775426	1044	GSM6086618
GSE202011		F1	CORE	endothelial_vascular	0.4571705703353894	1044	GSM6086618
GSE202011		F1	CORE	myeloid_dendritic	0.5708724742016289	1044	GSM6086618
GSE202011		F1	CORE	T_NK_cytotoxic	0.5763327415373987	1044	GSM6086618
GSE202011		F1	CORE	B_plasma	0.2287102131428069	1044	GSM6086618
GSE202011		F1	EXTENDED	keratinocyte_basal	0.5650647080552378	1044	GSM6086618
GSE202011		F1	EXTENDED	keratinocyte_spinous_suprabasal	0.2827948706495957	1044	GSM6086618
GSE202011		F1	EXTENDED	keratinocyte_inflammatory_T17	0.4560525395138732	1044	GSM6086618
GSE202011		F1	EXTENDED	keratinocyte_stress_hypoxia	0.5575921482529685	1044	GSM6086618
GSE202011		F1	EXTENDED	fibroblast_matrix	-0.1503141567893096	1044	GSM6086618
GSE202011		F1	EXTENDED	fibroblast_inflammatory	0.3138906311758426	1044	GSM6086618
GSE202011		F1	EXTENDED	endothelial_vascular	0.4649818764784076	1044	GSM6086618
GSE202011		F1	EXTENDED	myeloid_dendritic	0.5930631769343445	1044	GSM6086618
GSE202011		F1	EXTENDED	T_NK_cytotoxic	0.5899436323913879	1044	GSM6086618
GSE202011		F1	EXTENDED	B_plasma	0.2278293031521359	1044	GSM6086618
GSE202011		F2	CORE	keratinocyte_basal	0.5375079399533188	1044	GSM6086618
GSE202011		F2	CORE	keratinocyte_spinous_suprabasal	0.2746907790460364	1044	GSM6086618
GSE202011		F2	CORE	keratinocyte_inflammatory_T17	0.4481441340390238	1044	GSM6086618
GSE202011		F2	CORE	keratinocyte_stress_hypoxia	0.5476358284664766	1044	GSM6086618
GSE202011		F2	CORE	fibroblast_matrix	-0.0587654240327668	1044	GSM6086618
GSE202011		F2	CORE	fibroblast_inflammatory	0.3461026480547267	1044	GSM6086618
GSE202011		F2	CORE	endothelial_vascular	0.4638495459024023	1044	GSM6086618
GSE202011		F2	CORE	myeloid_dendritic	0.6070477646225506	1044	GSM6086618
GSE202011		F2	CORE	T_NK_cytotoxic	0.6030863827658185	1044	GSM6086618
GSE202011		F2	CORE	B_plasma	0.2263068529015358	1044	GSM6086618
GSE202011		F2	EXTENDED	keratinocyte_basal	0.5378731007958636	1044	GSM6086618
GSE202011		F2	EXTENDED	keratinocyte_spinous_suprabasal	0.2587277474025535	1044	GSM6086618
GSE202011		F2	EXTENDED	keratinocyte_inflammatory_T17	0.4425327923893344	1044	GSM6086618
GSE202011		F2	EXTENDED	keratinocyte_stress_hypoxia	0.5558027384854081	1044	GSM6086618
GSE202011		F2	EXTENDED	fibroblast_matrix	-0.0624478051266072	1044	GSM6086618
GSE202011		F2	EXTENDED	fibroblast_inflammatory	0.3441628803268616	1044	GSM6086618
GSE202011		F2	EXTENDED	endothelial_vascular	0.4662860677128421	1044	GSM6086618
GSE202011		F2	EXTENDED	myeloid_dendritic	0.6000420437532783	1044	GSM6086618
GSE202011		F2	EXTENDED	T_NK_cytotoxic	0.5962154006223491	1044	GSM6086618
GSE202011		F2	EXTENDED	B_plasma	0.224776501976256	1044	GSM6086618
GSE202011		F6	CORE	keratinocyte_basal	0.5668201495990608	1044	GSM6086618
GSE202011		F6	CORE	keratinocyte_spinous_suprabasal	0.3059104073767627	1044	GSM6086618
GSE202011		F6	CORE	keratinocyte_inflammatory_T17	0.4849597195568277	1044	GSM6086618
GSE202011		F6	CORE	keratinocyte_stress_hypoxia	0.5613212311729306	1044	GSM6086618
GSE202011		F6	CORE	fibroblast_matrix	-0.168107352046388	1044	GSM6086618
GSE202011		F6	CORE	fibroblast_inflammatory	0.3065298547136252	1044	GSM6086618
GSE202011		F6	CORE	endothelial_vascular	0.4359708025105394	1044	GSM6086618
GSE202011		F6	CORE	myeloid_dendritic	0.6007521464578043	1044	GSM6086618
GSE202011		F6	CORE	T_NK_cytotoxic	0.5808260457570864	1044	GSM6086618
GSE202011		F6	CORE	B_plasma	0.2305131273145447	1044	GSM6086618
GSE202011		F6	EXTENDED	keratinocyte_basal	0.5755696248661533	1044	GSM6086618
GSE202011		F6	EXTENDED	keratinocyte_spinous_suprabasal	0.3018317652898433	1044	GSM6086618
GSE202011		F6	EXTENDED	keratinocyte_inflammatory_T17	0.4769335772155147	1044	GSM6086618
GSE202011		F6	EXTENDED	keratinocyte_stress_hypoxia	0.5699267447732602	1044	GSM6086618
GSE202011		F6	EXTENDED	fibroblast_matrix	-0.1673259210958916	1044	GSM6086618
GSE202011		F6	EXTENDED	fibroblast_inflammatory	0.3204277504583809	1044	GSM6086618
GSE202011		F6	EXTENDED	endothelial_vascular	0.4623210161309626	1044	GSM6086618
GSE202011		F6	EXTENDED	myeloid_dendritic	0.5979103622530365	1044	GSM6086618
GSE202011		F6	EXTENDED	T_NK_cytotoxic	0.600937431697632	1044	GSM6086618
GSE202011		F6	EXTENDED	B_plasma	0.2287983265515296	1044	GSM6086618
GSE202011		F7	CORE	keratinocyte_basal	0.589585954678052	1044	GSM6086618
GSE202011		F7	CORE	keratinocyte_spinous_suprabasal	0.2757611937980926	1044	GSM6086618
GSE202011		F7	CORE	keratinocyte_inflammatory_T17	0.4765740966971966	1044	GSM6086618
GSE202011		F7	CORE	keratinocyte_stress_hypoxia	0.5292023239141522	1044	GSM6086618
GSE202011		F7	CORE	fibroblast_matrix	-0.2616048500563051	1044	GSM6086618
GSE202011		F7	CORE	fibroblast_inflammatory	0.2897931837088599	1044	GSM6086618
GSE202011		F7	CORE	endothelial_vascular	0.4795330751331822	1044	GSM6086618
GSE202011		F7	CORE	myeloid_dendritic	0.5848657659070484	1044	GSM6086618
GSE202011		F7	CORE	T_NK_cytotoxic	0.6042699318499005	1044	GSM6086618
GSE202011		F7	CORE	B_plasma	0.2227483212930746	1044	GSM6086618
GSE202011		F7	EXTENDED	keratinocyte_basal	0.591058547405983	1044	GSM6086618
GSE202011		F7	EXTENDED	keratinocyte_spinous_suprabasal	0.2866032172967832	1044	GSM6086618
GSE202011		F7	EXTENDED	keratinocyte_inflammatory_T17	0.4801677627277046	1044	GSM6086618
GSE202011		F7	EXTENDED	keratinocyte_stress_hypoxia	0.5477600664054436	1044	GSM6086618
GSE202011		F7	EXTENDED	fibroblast_matrix	-0.2478317766662744	1044	GSM6086618
GSE202011		F7	EXTENDED	fibroblast_inflammatory	0.2966593581816257	1044	GSM6086618
GSE202011		F7	EXTENDED	endothelial_vascular	0.4841721365743124	1044	GSM6086618
GSE202011		F7	EXTENDED	myeloid_dendritic	0.5931168499558716	1044	GSM6086618
GSE202011		F7	EXTENDED	T_NK_cytotoxic	0.6083877764006461	1044	GSM6086618
GSE202011		F7	EXTENDED	B_plasma	0.2253298349203552	1044	GSM6086618
GSE202011		F1	CORE	keratinocyte_basal	0.3281368821159107	447	GSM6086619
GSE202011		F1	CORE	keratinocyte_spinous_suprabasal	0.2479642571210931	447	GSM6086619
GSE202011		F1	CORE	keratinocyte_inflammatory_T17	0.2568171946391461	447	GSM6086619
GSE202011		F1	CORE	keratinocyte_stress_hypoxia	0.3444870972767412	447	GSM6086619
GSE202011		F1	CORE	fibroblast_matrix	0.1947911763083666	447	GSM6086619
GSE202011		F1	CORE	fibroblast_inflammatory	0.2627046245561271	447	GSM6086619
GSE202011		F1	CORE	endothelial_vascular	0.2805619824840337	447	GSM6086619
GSE202011		F1	CORE	myeloid_dendritic	0.2232285614114598	447	GSM6086619
GSE202011		F1	CORE	T_NK_cytotoxic	0.1323380107493434	447	GSM6086619
GSE202011		F1	CORE	B_plasma	0.0755934222115795	447	GSM6086619
GSE202011		F1	EXTENDED	keratinocyte_basal	0.3454688012580053	447	GSM6086619
GSE202011		F1	EXTENDED	keratinocyte_spinous_suprabasal	0.3264544973081265	447	GSM6086619
GSE202011		F1	EXTENDED	keratinocyte_inflammatory_T17	0.2598674493400584	447	GSM6086619
GSE202011		F1	EXTENDED	keratinocyte_stress_hypoxia	0.3575876973721492	447	GSM6086619
GSE202011		F1	EXTENDED	fibroblast_matrix	0.2935671388429051	447	GSM6086619
GSE202011		F1	EXTENDED	fibroblast_inflammatory	0.3225509845210946	447	GSM6086619
GSE202011		F1	EXTENDED	endothelial_vascular	0.2923809748927419	447	GSM6086619
GSE202011		F1	EXTENDED	myeloid_dendritic	0.2701168012731972	447	GSM6086619
GSE202011		F1	EXTENDED	T_NK_cytotoxic	0.1362815292954302	447	GSM6086619
GSE202011		F1	EXTENDED	B_plasma	0.0741255912604045	447	GSM6086619
GSE202011		F2	CORE	keratinocyte_basal	0.3688976756158813	447	GSM6086619
GSE202011		F2	CORE	keratinocyte_spinous_suprabasal	0.3260724107652852	447	GSM6086619
GSE202011		F2	CORE	keratinocyte_inflammatory_T17	0.2402311576690143	447	GSM6086619
GSE202011		F2	CORE	keratinocyte_stress_hypoxia	0.3176852589288728	447	GSM6086619
GSE202011		F2	CORE	fibroblast_matrix	0.3441457442059193	447	GSM6086619
GSE202011		F2	CORE	fibroblast_inflammatory	0.3723129113148324	447	GSM6086619
GSE202011		F2	CORE	endothelial_vascular	0.2868444622702807	447	GSM6086619
GSE202011		F2	CORE	myeloid_dendritic	0.271618352954287	447	GSM6086619
GSE202011		F2	CORE	T_NK_cytotoxic	0.1115234034916879	447	GSM6086619
GSE202011		F2	CORE	B_plasma	0.0770620218403	447	GSM6086619
GSE202011		F2	EXTENDED	keratinocyte_basal	0.3507827464146191	447	GSM6086619
GSE202011		F2	EXTENDED	keratinocyte_spinous_suprabasal	0.3305344437125493	447	GSM6086619
GSE202011		F2	EXTENDED	keratinocyte_inflammatory_T17	0.2481488816502126	447	GSM6086619
GSE202011		F2	EXTENDED	keratinocyte_stress_hypoxia	0.329352388010335	447	GSM6086619
GSE202011		F2	EXTENDED	fibroblast_matrix	0.3439747885525264	447	GSM6086619
GSE202011		F2	EXTENDED	fibroblast_inflammatory	0.3565555450334787	447	GSM6086619
GSE202011		F2	EXTENDED	endothelial_vascular	0.3036964313629516	447	GSM6086619
GSE202011		F2	EXTENDED	myeloid_dendritic	0.2644387995530275	447	GSM6086619
GSE202011		F2	EXTENDED	T_NK_cytotoxic	0.1141619007912567	447	GSM6086619
GSE202011		F2	EXTENDED	B_plasma	0.0752264638513291	447	GSM6086619
GSE202011		F6	CORE	keratinocyte_basal	0.3248113794901573	447	GSM6086619
GSE202011		F6	CORE	keratinocyte_spinous_suprabasal	0.2882349419941369	447	GSM6086619
GSE202011		F6	CORE	keratinocyte_inflammatory_T17	0.239558334004124	447	GSM6086619
GSE202011		F6	CORE	keratinocyte_stress_hypoxia	0.3606301220999499	447	GSM6086619
GSE202011		F6	CORE	fibroblast_matrix	0.1846404772908453	447	GSM6086619
GSE202011		F6	CORE	fibroblast_inflammatory	0.290675481990159	447	GSM6086619
GSE202011		F6	CORE	endothelial_vascular	0.2427951233253648	447	GSM6086619
GSE202011		F6	CORE	myeloid_dendritic	0.2326603294382989	447	GSM6086619
GSE202011		F6	CORE	T_NK_cytotoxic	0.1547902496827537	447	GSM6086619
GSE202011		F6	CORE	B_plasma	0.076352745869662	447	GSM6086619
GSE202011		F6	EXTENDED	keratinocyte_basal	0.3531104552789956	447	GSM6086619
GSE202011		F6	EXTENDED	keratinocyte_spinous_suprabasal	0.3655483996793911	447	GSM6086619
GSE202011		F6	EXTENDED	keratinocyte_inflammatory_T17	0.2636230816598299	447	GSM6086619
GSE202011		F6	EXTENDED	keratinocyte_stress_hypoxia	0.3670358408010744	447	GSM6086619
GSE202011		F6	EXTENDED	fibroblast_matrix	0.2396139431891372	447	GSM6086619
GSE202011		F6	EXTENDED	fibroblast_inflammatory	0.3704165530033802	447	GSM6086619
GSE202011		F6	EXTENDED	endothelial_vascular	0.3036844611916885	447	GSM6086619
GSE202011		F6	EXTENDED	myeloid_dendritic	0.2666256789618871	447	GSM6086619
GSE202011		F6	EXTENDED	T_NK_cytotoxic	0.1307398340135952	447	GSM6086619
GSE202011		F6	EXTENDED	B_plasma	0.0697221446536242	447	GSM6086619
GSE202011		F7	CORE	keratinocyte_basal	0.3619304377845085	447	GSM6086619
GSE202011		F7	CORE	keratinocyte_spinous_suprabasal	0.3408959137849608	447	GSM6086619
GSE202011		F7	CORE	keratinocyte_inflammatory_T17	0.2412042760463915	447	GSM6086619
GSE202011		F7	CORE	keratinocyte_stress_hypoxia	0.3579297536916888	447	GSM6086619
GSE202011		F7	CORE	fibroblast_matrix	0.203468105677066	447	GSM6086619
GSE202011		F7	CORE	fibroblast_inflammatory	0.3534426135174203	447	GSM6086619
GSE202011		F7	CORE	endothelial_vascular	0.3164736991867815	447	GSM6086619
GSE202011		F7	CORE	myeloid_dendritic	0.2431321982796763	447	GSM6086619
GSE202011		F7	CORE	T_NK_cytotoxic	0.1419362143552608	447	GSM6086619
GSE202011		F7	CORE	B_plasma	0.0678872966463214	447	GSM6086619
GSE202011		F7	EXTENDED	keratinocyte_basal	0.3568148848196731	447	GSM6086619
GSE202011		F7	EXTENDED	keratinocyte_spinous_suprabasal	0.3516620663052567	447	GSM6086619
GSE202011		F7	EXTENDED	keratinocyte_inflammatory_T17	0.253305690791517	447	GSM6086619
GSE202011		F7	EXTENDED	keratinocyte_stress_hypoxia	0.3607385604150766	447	GSM6086619
GSE202011		F7	EXTENDED	fibroblast_matrix	0.2111664777300892	447	GSM6086619
GSE202011		F7	EXTENDED	fibroblast_inflammatory	0.3598771352762293	447	GSM6086619
GSE202011		F7	EXTENDED	endothelial_vascular	0.3211931648484424	447	GSM6086619
GSE202011		F7	EXTENDED	myeloid_dendritic	0.249643174877504	447	GSM6086619
GSE202011		F7	EXTENDED	T_NK_cytotoxic	0.1376147105597848	447	GSM6086619
GSE202011		F7	EXTENDED	B_plasma	0.0693551254281433	447	GSM6086619
GSE202011		F1	CORE	keratinocyte_basal	0.5732031808881131	230	GSM6086620
GSE202011		F1	CORE	keratinocyte_spinous_suprabasal	0.4926005833923054	230	GSM6086620
GSE202011		F1	CORE	keratinocyte_inflammatory_T17	0.413542295942144	230	GSM6086620
GSE202011		F1	CORE	keratinocyte_stress_hypoxia	0.6118499471960116	230	GSM6086620
GSE202011		F1	CORE	fibroblast_matrix	-0.3596828356736811	230	GSM6086620
GSE202011		F1	CORE	fibroblast_inflammatory	0.4331885362339605	230	GSM6086620
GSE202011		F1	CORE	endothelial_vascular	0.2832221305107109	230	GSM6086620
GSE202011		F1	CORE	myeloid_dendritic	0.3738862577356567	230	GSM6086620
GSE202011		F1	CORE	T_NK_cytotoxic	0.1896831738363509	230	GSM6086620
GSE202011		F1	CORE	B_plasma	0.1395792582393869	230	GSM6086620
GSE202011		F1	EXTENDED	keratinocyte_basal	0.57806101886163	230	GSM6086620
GSE202011		F1	EXTENDED	keratinocyte_spinous_suprabasal	0.4793793258194244	230	GSM6086620
GSE202011		F1	EXTENDED	keratinocyte_inflammatory_T17	0.4072458014740148	230	GSM6086620
GSE202011		F1	EXTENDED	keratinocyte_stress_hypoxia	0.6406570194675599	230	GSM6086620
GSE202011		F1	EXTENDED	fibroblast_matrix	-0.342689304233352	230	GSM6086620
GSE202011		F1	EXTENDED	fibroblast_inflammatory	0.448096914611541	230	GSM6086620
GSE202011		F1	EXTENDED	endothelial_vascular	0.3160059208620505	230	GSM6086620
GSE202011		F1	EXTENDED	myeloid_dendritic	0.4113641139311995	230	GSM6086620
GSE202011		F1	EXTENDED	T_NK_cytotoxic	0.2158562715507624	230	GSM6086620
GSE202011		F1	EXTENDED	B_plasma	0.1575025927157308	230	GSM6086620
GSE202011		F2	CORE	keratinocyte_basal	0.5452427477845019	230	GSM6086620
GSE202011		F2	CORE	keratinocyte_spinous_suprabasal	0.4346381167721588	230	GSM6086620
GSE202011		F2	CORE	keratinocyte_inflammatory_T17	0.327660833565523	230	GSM6086620
GSE202011		F2	CORE	keratinocyte_stress_hypoxia	0.6154387515667176	230	GSM6086620
GSE202011		F2	CORE	fibroblast_matrix	-0.2702284081623609	230	GSM6086620
GSE202011		F2	CORE	fibroblast_inflammatory	0.4597523553993388	230	GSM6086620
GSE202011		F2	CORE	endothelial_vascular	0.3706947300890891	230	GSM6086620
GSE202011		F2	CORE	myeloid_dendritic	0.4188650799963041	230	GSM6086620
GSE202011		F2	CORE	T_NK_cytotoxic	0.2404370564720433	230	GSM6086620
GSE202011		F2	CORE	B_plasma	0.188587198342357	230	GSM6086620
GSE202011		F2	EXTENDED	keratinocyte_basal	0.5774539124103204	230	GSM6086620
GSE202011		F2	EXTENDED	keratinocyte_spinous_suprabasal	0.4097233694727524	230	GSM6086620
GSE202011		F2	EXTENDED	keratinocyte_inflammatory_T17	0.3029334819348109	230	GSM6086620
GSE202011		F2	EXTENDED	keratinocyte_stress_hypoxia	0.6301215186548043	230	GSM6086620
GSE202011		F2	EXTENDED	fibroblast_matrix	-0.2543824943975417	230	GSM6086620
GSE202011		F2	EXTENDED	fibroblast_inflammatory	0.4889024854989667	230	GSM6086620
GSE202011		F2	EXTENDED	endothelial_vascular	0.3663135110206291	230	GSM6086620
GSE202011		F2	EXTENDED	myeloid_dendritic	0.4294389389488395	230	GSM6086620
GSE202011		F2	EXTENDED	T_NK_cytotoxic	0.2440741425241124	230	GSM6086620
GSE202011		F2	EXTENDED	B_plasma	0.1853966717411327	230	GSM6086620
GSE202011		F6	CORE	keratinocyte_basal	0.5181853300442927	230	GSM6086620
GSE202011		F6	CORE	keratinocyte_spinous_suprabasal	0.5025848273617401	230	GSM6086620
GSE202011		F6	CORE	keratinocyte_inflammatory_T17	0.4117127224398916	230	GSM6086620
GSE202011		F6	CORE	keratinocyte_stress_hypoxia	0.6390009612148645	230	GSM6086620
GSE202011		F6	CORE	fibroblast_matrix	-0.3327656704953793	230	GSM6086620
GSE202011		F6	CORE	fibroblast_inflammatory	0.4199412110416711	230	GSM6086620
GSE202011		F6	CORE	endothelial_vascular	0.3552000698258422	230	GSM6086620
GSE202011		F6	CORE	myeloid_dendritic	0.3653635116268733	230	GSM6086620
GSE202011		F6	CORE	T_NK_cytotoxic	0.2451429353552029	230	GSM6086620
GSE202011		F6	CORE	B_plasma	0.1694147294355249	230	GSM6086620
GSE202011		F6	EXTENDED	keratinocyte_basal	0.5837755131356545	230	GSM6086620
GSE202011		F6	EXTENDED	keratinocyte_spinous_suprabasal	0.469851735505808	230	GSM6086620
GSE202011		F6	EXTENDED	keratinocyte_inflammatory_T17	0.3745906267645398	230	GSM6086620
GSE202011		F6	EXTENDED	keratinocyte_stress_hypoxia	0.6375259707563827	230	GSM6086620
GSE202011		F6	EXTENDED	fibroblast_matrix	-0.3213285048402645	230	GSM6086620
GSE202011		F6	EXTENDED	fibroblast_inflammatory	0.4605994223526105	230	GSM6086620
GSE202011		F6	EXTENDED	endothelial_vascular	0.3255240385532849	230	GSM6086620
GSE202011		F6	EXTENDED	myeloid_dendritic	0.4043449058275546	230	GSM6086620
GSE202011		F6	EXTENDED	T_NK_cytotoxic	0.2326669180880773	230	GSM6086620
GSE202011		F6	EXTENDED	B_plasma	0.1776743691669534	230	GSM6086620
GSE202011		F7	CORE	keratinocyte_basal	0.6114577918618986	230	GSM6086620
GSE202011		F7	CORE	keratinocyte_spinous_suprabasal	0.368436158487421	230	GSM6086620
GSE202011		F7	CORE	keratinocyte_inflammatory_T17	0.2730774067398331	230	GSM6086620
GSE202011		F7	CORE	keratinocyte_stress_hypoxia	0.6280895921438957	230	GSM6086620
GSE202011		F7	CORE	fibroblast_matrix	-0.2802483351218157	230	GSM6086620
GSE202011		F7	CORE	fibroblast_inflammatory	0.4117432068477594	230	GSM6086620
GSE202011		F7	CORE	endothelial_vascular	0.286314819057071	230	GSM6086620
GSE202011		F7	CORE	myeloid_dendritic	0.3892259059732278	230	GSM6086620
GSE202011		F7	CORE	T_NK_cytotoxic	0.2392623994935042	230	GSM6086620
GSE202011		F7	CORE	B_plasma	0.1627056912150152	230	GSM6086620
GSE202011		F7	EXTENDED	keratinocyte_basal	0.5856668642654451	230	GSM6086620
GSE202011		F7	EXTENDED	keratinocyte_spinous_suprabasal	0.4305509186086364	230	GSM6086620
GSE202011		F7	EXTENDED	keratinocyte_inflammatory_T17	0.3450057821426721	230	GSM6086620
GSE202011		F7	EXTENDED	keratinocyte_stress_hypoxia	0.6403070906967201	230	GSM6086620
GSE202011		F7	EXTENDED	fibroblast_matrix	-0.311188087901109	230	GSM6086620
GSE202011		F7	EXTENDED	fibroblast_inflammatory	0.4294634465317624	230	GSM6086620
GSE202011		F7	EXTENDED	endothelial_vascular	0.3049312324649209	230	GSM6086620
GSE202011		F7	EXTENDED	myeloid_dendritic	0.3953587441656984	230	GSM6086620
GSE202011		F7	EXTENDED	T_NK_cytotoxic	0.2409083694572596	230	GSM6086620
GSE202011		F7	EXTENDED	B_plasma	0.1710420933974792	230	GSM6086620
GSE202011		F1	CORE	keratinocyte_basal	0.5142067503870376	1183	GSM6086621
GSE202011		F1	CORE	keratinocyte_spinous_suprabasal	0.3960332795087249	1183	GSM6086621
GSE202011		F1	CORE	keratinocyte_inflammatory_T17	0.3361030301303597	1183	GSM6086621
GSE202011		F1	CORE	keratinocyte_stress_hypoxia	0.5696313378266591	1183	GSM6086621
GSE202011		F1	CORE	fibroblast_matrix	-0.3125766452120556	1183	GSM6086621
GSE202011		F1	CORE	fibroblast_inflammatory	0.2522270028622665	1183	GSM6086621
GSE202011		F1	CORE	endothelial_vascular	0.3890087452476505	1183	GSM6086621
GSE202011		F1	CORE	myeloid_dendritic	0.5116114461694904	1183	GSM6086621
GSE202011		F1	CORE	T_NK_cytotoxic	0.4381390405854172	1183	GSM6086621
GSE202011		F1	CORE	B_plasma	0.1775333397799036	1183	GSM6086621
GSE202011		F1	EXTENDED	keratinocyte_basal	0.5224274642381764	1183	GSM6086621
GSE202011		F1	EXTENDED	keratinocyte_spinous_suprabasal	0.4037665927957841	1183	GSM6086621
GSE202011		F1	EXTENDED	keratinocyte_inflammatory_T17	0.3412380091093333	1183	GSM6086621
GSE202011		F1	EXTENDED	keratinocyte_stress_hypoxia	0.5880126726475225	1183	GSM6086621
GSE202011		F1	EXTENDED	fibroblast_matrix	-0.2476957203003453	1183	GSM6086621
GSE202011		F1	EXTENDED	fibroblast_inflammatory	0.2802845645904747	1183	GSM6086621
GSE202011		F1	EXTENDED	endothelial_vascular	0.3970608187395456	1183	GSM6086621
GSE202011		F1	EXTENDED	myeloid_dendritic	0.514329793555529	1183	GSM6086621
GSE202011		F1	EXTENDED	T_NK_cytotoxic	0.4475989617135071	1183	GSM6086621
GSE202011		F1	EXTENDED	B_plasma	0.1849572701468278	1183	GSM6086621
GSE202011		F2	CORE	keratinocyte_basal	0.4984213392129603	1183	GSM6086621
GSE202011		F2	CORE	keratinocyte_spinous_suprabasal	0.3931404218622519	1183	GSM6086621
GSE202011		F2	CORE	keratinocyte_inflammatory_T17	0.3194057282353847	1183	GSM6086621
GSE202011		F2	CORE	keratinocyte_stress_hypoxia	0.5833212115012383	1183	GSM6086621
GSE202011		F2	CORE	fibroblast_matrix	-0.1971076524010447	1183	GSM6086621
GSE202011		F2	CORE	fibroblast_inflammatory	0.2877828972998731	1183	GSM6086621
GSE202011		F2	CORE	endothelial_vascular	0.4136256803737699	1183	GSM6086621
GSE202011		F2	CORE	myeloid_dendritic	0.51299563634247	1183	GSM6086621
GSE202011		F2	CORE	T_NK_cytotoxic	0.4498597587230923	1183	GSM6086621
GSE202011		F2	CORE	B_plasma	0.1939484624041125	1183	GSM6086621
GSE202011		F2	EXTENDED	keratinocyte_basal	0.4987283311274391	1183	GSM6086621
GSE202011		F2	EXTENDED	keratinocyte_spinous_suprabasal	0.381501961256849	1183	GSM6086621
GSE202011		F2	EXTENDED	keratinocyte_inflammatory_T17	0.3082570447150856	1183	GSM6086621
GSE202011		F2	EXTENDED	keratinocyte_stress_hypoxia	0.5821447087749755	1183	GSM6086621
GSE202011		F2	EXTENDED	fibroblast_matrix	-0.1721515819172699	1183	GSM6086621
GSE202011		F2	EXTENDED	fibroblast_inflammatory	0.3030271253025652	1183	GSM6086621
GSE202011		F2	EXTENDED	endothelial_vascular	0.4232213492717607	1183	GSM6086621
GSE202011		F2	EXTENDED	myeloid_dendritic	0.5143699974084907	1183	GSM6086621
GSE202011		F2	EXTENDED	T_NK_cytotoxic	0.4482945078549773	1183	GSM6086621
GSE202011		F2	EXTENDED	B_plasma	0.1918877772586917	1183	GSM6086621
GSE202011		F6	CORE	keratinocyte_basal	0.5220568304526682	1183	GSM6086621
GSE202011		F6	CORE	keratinocyte_spinous_suprabasal	0.4039092065408498	1183	GSM6086621
GSE202011		F6	CORE	keratinocyte_inflammatory_T17	0.3591009415601412	1183	GSM6086621
GSE202011		F6	CORE	keratinocyte_stress_hypoxia	0.5806340418203038	1183	GSM6086621
GSE202011		F6	CORE	fibroblast_matrix	-0.3147968133234052	1183	GSM6086621
GSE202011		F6	CORE	fibroblast_inflammatory	0.2522343719181057	1183	GSM6086621
GSE202011		F6	CORE	endothelial_vascular	0.36019733988115	1183	GSM6086621
GSE202011		F6	CORE	myeloid_dendritic	0.5215464224929522	1183	GSM6086621
GSE202011		F6	CORE	T_NK_cytotoxic	0.4431422598101826	1183	GSM6086621
GSE202011		F6	CORE	B_plasma	0.172987559551781	1183	GSM6086621
GSE202011		F6	EXTENDED	keratinocyte_basal	0.5383836909751999	1183	GSM6086621
GSE202011		F6	EXTENDED	keratinocyte_spinous_suprabasal	0.4184161157706165	1183	GSM6086621
GSE202011		F6	EXTENDED	keratinocyte_inflammatory_T17	0.3784767940888821	1183	GSM6086621
GSE202011		F6	EXTENDED	keratinocyte_stress_hypoxia	0.5897861967002536	1183	GSM6086621
GSE202011		F6	EXTENDED	fibroblast_matrix	-0.2961339193680469	1183	GSM6086621
GSE202011		F6	EXTENDED	fibroblast_inflammatory	0.2873089573580711	1183	GSM6086621
GSE202011		F6	EXTENDED	endothelial_vascular	0.3952194763955037	1183	GSM6086621
GSE202011		F6	EXTENDED	myeloid_dendritic	0.5225536358446934	1183	GSM6086621
GSE202011		F6	EXTENDED	T_NK_cytotoxic	0.4547319140874183	1183	GSM6086621
GSE202011		F6	EXTENDED	B_plasma	0.1848017680918525	1183	GSM6086621
GSE202011		F7	CORE	keratinocyte_basal	0.5497375740293194	1183	GSM6086621
GSE202011		F7	CORE	keratinocyte_spinous_suprabasal	0.3720701451077592	1183	GSM6086621
GSE202011		F7	CORE	keratinocyte_inflammatory_T17	0.3739716984755981	1183	GSM6086621
GSE202011		F7	CORE	keratinocyte_stress_hypoxia	0.5622438546454085	1183	GSM6086621
GSE202011		F7	CORE	fibroblast_matrix	-0.3250420483470672	1183	GSM6086621
GSE202011		F7	CORE	fibroblast_inflammatory	0.2843422320742054	1183	GSM6086621
GSE202011		F7	CORE	endothelial_vascular	0.4182923538803745	1183	GSM6086621
GSE202011		F7	CORE	myeloid_dendritic	0.5209095771243742	1183	GSM6086621
GSE202011		F7	CORE	T_NK_cytotoxic	0.4566901488639964	1183	GSM6086621
GSE202011		F7	CORE	B_plasma	0.1950758818300348	1183	GSM6086621
GSE202011		F7	EXTENDED	keratinocyte_basal	0.552459521935209	1183	GSM6086621
GSE202011		F7	EXTENDED	keratinocyte_spinous_suprabasal	0.3962200053605926	1183	GSM6086621
GSE202011		F7	EXTENDED	keratinocyte_inflammatory_T17	0.3890673715258294	1183	GSM6086621
GSE202011		F7	EXTENDED	keratinocyte_stress_hypoxia	0.577994004191168	1183	GSM6086621
GSE202011		F7	EXTENDED	fibroblast_matrix	-0.322878224096283	1183	GSM6086621
GSE202011		F7	EXTENDED	fibroblast_inflammatory	0.2763546567853839	1183	GSM6086621
GSE202011		F7	EXTENDED	endothelial_vascular	0.4133164770015337	1183	GSM6086621
GSE202011		F7	EXTENDED	myeloid_dendritic	0.5189182798689242	1183	GSM6086621
GSE202011		F7	EXTENDED	T_NK_cytotoxic	0.4605313765403911	1183	GSM6086621
GSE202011		F7	EXTENDED	B_plasma	0.1933011777568104	1183	GSM6086621
GSE202011		F1	CORE	keratinocyte_basal	0.3816530947371231	662	GSM6086622
GSE202011		F1	CORE	keratinocyte_spinous_suprabasal	0.3479698921426731	662	GSM6086622
GSE202011		F1	CORE	keratinocyte_inflammatory_T17	0.319680882608313	662	GSM6086622
GSE202011		F1	CORE	keratinocyte_stress_hypoxia	0.4302266419252054	662	GSM6086622
GSE202011		F1	CORE	fibroblast_matrix	-0.0871339794090598	662	GSM6086622
GSE202011		F1	CORE	fibroblast_inflammatory	0.3068657305090959	662	GSM6086622
GSE202011		F1	CORE	endothelial_vascular	0.3700310211888158	662	GSM6086622
GSE202011		F1	CORE	myeloid_dendritic	0.2594024351900852	662	GSM6086622
GSE202011		F1	CORE	T_NK_cytotoxic	0.1534102057140274	662	GSM6086622
GSE202011		F1	CORE	B_plasma	0.1367699117599855	662	GSM6086622
GSE202011		F1	EXTENDED	keratinocyte_basal	0.4187638709969818	662	GSM6086622
GSE202011		F1	EXTENDED	keratinocyte_spinous_suprabasal	0.3659306599902422	662	GSM6086622
GSE202011		F1	EXTENDED	keratinocyte_inflammatory_T17	0.3239778175777251	662	GSM6086622
GSE202011		F1	EXTENDED	keratinocyte_stress_hypoxia	0.4423786266771645	662	GSM6086622
GSE202011		F1	EXTENDED	fibroblast_matrix	0.0344283081106798	662	GSM6086622
GSE202011		F1	EXTENDED	fibroblast_inflammatory	0.3304614785884186	662	GSM6086622
GSE202011		F1	EXTENDED	endothelial_vascular	0.3827176354500045	662	GSM6086622
GSE202011		F1	EXTENDED	myeloid_dendritic	0.2802919684087649	662	GSM6086622
GSE202011		F1	EXTENDED	T_NK_cytotoxic	0.1561490126949275	662	GSM6086622
GSE202011		F1	EXTENDED	B_plasma	0.1476453165934074	662	GSM6086622
GSE202011		F2	CORE	keratinocyte_basal	0.4268124611971499	662	GSM6086622
GSE202011		F2	CORE	keratinocyte_spinous_suprabasal	0.3866656199037536	662	GSM6086622
GSE202011		F2	CORE	keratinocyte_inflammatory_T17	0.3353881436241801	662	GSM6086622
GSE202011		F2	CORE	keratinocyte_stress_hypoxia	0.4712434981356255	662	GSM6086622
GSE202011		F2	CORE	fibroblast_matrix	0.1299509267623464	662	GSM6086622
GSE202011		F2	CORE	fibroblast_inflammatory	0.3231092022040979	662	GSM6086622
GSE202011		F2	CORE	endothelial_vascular	0.3665951463824922	662	GSM6086622
GSE202011		F2	CORE	myeloid_dendritic	0.31646087004615	662	GSM6086622
GSE202011		F2	CORE	T_NK_cytotoxic	0.1662691981816811	662	GSM6086622
GSE202011		F2	CORE	B_plasma	0.1493727149385983	662	GSM6086622
GSE202011		F2	EXTENDED	keratinocyte_basal	0.4253790320810742	662	GSM6086622
GSE202011		F2	EXTENDED	keratinocyte_spinous_suprabasal	0.3692918940485933	662	GSM6086622
GSE202011		F2	EXTENDED	keratinocyte_inflammatory_T17	0.3321673785104974	662	GSM6086622
GSE202011		F2	EXTENDED	keratinocyte_stress_hypoxia	0.4712870821263137	662	GSM6086622
GSE202011		F2	EXTENDED	fibroblast_matrix	0.1066192896105935	662	GSM6086622
GSE202011		F2	EXTENDED	fibroblast_inflammatory	0.3356608419257535	662	GSM6086622
GSE202011		F2	EXTENDED	endothelial_vascular	0.3778631813060115	662	GSM6086622
GSE202011		F2	EXTENDED	myeloid_dendritic	0.2941820641483613	662	GSM6086622
GSE202011		F2	EXTENDED	T_NK_cytotoxic	0.1702819266113588	662	GSM6086622
GSE202011		F2	EXTENDED	B_plasma	0.1469360391138828	662	GSM6086622
GSE202011		F6	CORE	keratinocyte_basal	0.416374473462285	662	GSM6086622
GSE202011		F6	CORE	keratinocyte_spinous_suprabasal	0.3620641673872657	662	GSM6086622
GSE202011		F6	CORE	keratinocyte_inflammatory_T17	0.3261512884447328	662	GSM6086622
GSE202011		F6	CORE	keratinocyte_stress_hypoxia	0.4693393991002807	662	GSM6086622
GSE202011		F6	CORE	fibroblast_matrix	-0.0201083356671212	662	GSM6086622
GSE202011		F6	CORE	fibroblast_inflammatory	0.3139708801124998	662	GSM6086622
GSE202011		F6	CORE	endothelial_vascular	0.3568356926689708	662	GSM6086622
GSE202011		F6	CORE	myeloid_dendritic	0.2922384938905241	662	GSM6086622
GSE202011		F6	CORE	T_NK_cytotoxic	0.149608456570873	662	GSM6086622
GSE202011		F6	CORE	B_plasma	0.1459978147315781	662	GSM6086622
GSE202011		F6	EXTENDED	keratinocyte_basal	0.4410820984884472	662	GSM6086622
GSE202011		F6	EXTENDED	keratinocyte_spinous_suprabasal	0.3899650079812454	662	GSM6086622
GSE202011		F6	EXTENDED	keratinocyte_inflammatory_T17	0.313166802806939	662	GSM6086622
GSE202011		F6	EXTENDED	keratinocyte_stress_hypoxia	0.4725373282656944	662	GSM6086622
GSE202011		F6	EXTENDED	fibroblast_matrix	-0.0019792296846495	662	GSM6086622
GSE202011		F6	EXTENDED	fibroblast_inflammatory	0.3522286663373662	662	GSM6086622
GSE202011		F6	EXTENDED	endothelial_vascular	0.3783665450184338	662	GSM6086622
GSE202011		F6	EXTENDED	myeloid_dendritic	0.3072444886424791	662	GSM6086622
GSE202011		F6	EXTENDED	T_NK_cytotoxic	0.1594461226479266	662	GSM6086622
GSE202011		F6	EXTENDED	B_plasma	0.1379398188083703	662	GSM6086622
GSE202011		F7	CORE	keratinocyte_basal	0.4455375037011702	662	GSM6086622
GSE202011		F7	CORE	keratinocyte_spinous_suprabasal	0.3854676801033059	662	GSM6086622
GSE202011		F7	CORE	keratinocyte_inflammatory_T17	0.3180038367466473	662	GSM6086622
GSE202011		F7	CORE	keratinocyte_stress_hypoxia	0.445211008289396	662	GSM6086622
GSE202011		F7	CORE	fibroblast_matrix	0.0006020433887161	662	GSM6086622
GSE202011		F7	CORE	fibroblast_inflammatory	0.3551168187765019	662	GSM6086622
GSE202011		F7	CORE	endothelial_vascular	0.3871581064142239	662	GSM6086622
GSE202011		F7	CORE	myeloid_dendritic	0.2912976125047151	662	GSM6086622
GSE202011		F7	CORE	T_NK_cytotoxic	0.1628545684714116	662	GSM6086622
GSE202011		F7	CORE	B_plasma	0.1488306277676859	662	GSM6086622
GSE202011		F7	EXTENDED	keratinocyte_basal	0.4494621619691856	662	GSM6086622
GSE202011		F7	EXTENDED	keratinocyte_spinous_suprabasal	0.3903161847731253	662	GSM6086622
GSE202011		F7	EXTENDED	keratinocyte_inflammatory_T17	0.3190633829202805	662	GSM6086622
GSE202011		F7	EXTENDED	keratinocyte_stress_hypoxia	0.452498926626909	662	GSM6086622
GSE202011		F7	EXTENDED	fibroblast_matrix	0.0006963990492697	662	GSM6086622
GSE202011		F7	EXTENDED	fibroblast_inflammatory	0.3669716082862584	662	GSM6086622
GSE202011		F7	EXTENDED	endothelial_vascular	0.3872281607926272	662	GSM6086622
GSE202011		F7	EXTENDED	myeloid_dendritic	0.2965991041576103	662	GSM6086622
GSE202011		F7	EXTENDED	T_NK_cytotoxic	0.162906372487229	662	GSM6086622
GSE202011		F7	EXTENDED	B_plasma	0.1515124768053827	662	GSM6086622
GSE202011		F1	CORE	keratinocyte_basal	0.5089315817472622	660	GSM6086623
GSE202011		F1	CORE	keratinocyte_spinous_suprabasal	0.5933639042306567	660	GSM6086623
GSE202011		F1	CORE	keratinocyte_inflammatory_T17	0.3629200307083966	660	GSM6086623
GSE202011		F1	CORE	keratinocyte_stress_hypoxia	0.5950163539667086	660	GSM6086623
GSE202011		F1	CORE	fibroblast_matrix	-0.2027027508479097	660	GSM6086623
GSE202011		F1	CORE	fibroblast_inflammatory	0.3055220245013164	660	GSM6086623
GSE202011		F1	CORE	endothelial_vascular	0.4256127341948906	660	GSM6086623
GSE202011		F1	CORE	myeloid_dendritic	0.6269640438523368	660	GSM6086623
GSE202011		F1	CORE	T_NK_cytotoxic	0.5950532735429503	660	GSM6086623
GSE202011		F1	CORE	B_plasma	0.2562264100907803	660	GSM6086623
GSE202011		F1	EXTENDED	keratinocyte_basal	0.5164017326052953	660	GSM6086623
GSE202011		F1	EXTENDED	keratinocyte_spinous_suprabasal	0.581849891166596	660	GSM6086623
GSE202011		F1	EXTENDED	keratinocyte_inflammatory_T17	0.3248476862268445	660	GSM6086623
GSE202011		F1	EXTENDED	keratinocyte_stress_hypoxia	0.6009755535213618	660	GSM6086623
GSE202011		F1	EXTENDED	fibroblast_matrix	-0.1127050023086376	660	GSM6086623
GSE202011		F1	EXTENDED	fibroblast_inflammatory	0.3495502381222616	660	GSM6086623
GSE202011		F1	EXTENDED	endothelial_vascular	0.4483179682547381	660	GSM6086623
GSE202011		F1	EXTENDED	myeloid_dendritic	0.6342544794247515	660	GSM6086623
GSE202011		F1	EXTENDED	T_NK_cytotoxic	0.5890343183541176	660	GSM6086623
GSE202011		F1	EXTENDED	B_plasma	0.253850984304547	660	GSM6086623
GSE202011		F2	CORE	keratinocyte_basal	0.4877755173960328	660	GSM6086623
GSE202011		F2	CORE	keratinocyte_spinous_suprabasal	0.5537186231159383	660	GSM6086623
GSE202011		F2	CORE	keratinocyte_inflammatory_T17	0.2850128243480679	660	GSM6086623
GSE202011		F2	CORE	keratinocyte_stress_hypoxia	0.597291136638478	660	GSM6086623
GSE202011		F2	CORE	fibroblast_matrix	-0.0486130219207372	660	GSM6086623
GSE202011		F2	CORE	fibroblast_inflammatory	0.3647339395226526	660	GSM6086623
GSE202011		F2	CORE	endothelial_vascular	0.4592541855971567	660	GSM6086623
GSE202011		F2	CORE	myeloid_dendritic	0.6396358551490994	660	GSM6086623
GSE202011		F2	CORE	T_NK_cytotoxic	0.5794662670346575	660	GSM6086623
GSE202011		F2	CORE	B_plasma	0.2631454862769493	660	GSM6086623
GSE202011		F2	EXTENDED	keratinocyte_basal	0.4948860833713489	660	GSM6086623
GSE202011		F2	EXTENDED	keratinocyte_spinous_suprabasal	0.5550704733263279	660	GSM6086623
GSE202011		F2	EXTENDED	keratinocyte_inflammatory_T17	0.2910968365608987	660	GSM6086623
GSE202011		F2	EXTENDED	keratinocyte_stress_hypoxia	0.5962035231876927	660	GSM6086623
GSE202011		F2	EXTENDED	fibroblast_matrix	-0.0412517356319848	660	GSM6086623
GSE202011		F2	EXTENDED	fibroblast_inflammatory	0.3842633491131531	660	GSM6086623
GSE202011		F2	EXTENDED	endothelial_vascular	0.4604920968013415	660	GSM6086623
GSE202011		F2	EXTENDED	myeloid_dendritic	0.651647284191154	660	GSM6086623
GSE202011		F2	EXTENDED	T_NK_cytotoxic	0.5861807331630814	660	GSM6086623
GSE202011		F2	EXTENDED	B_plasma	0.26445824776833	660	GSM6086623
GSE202011		F6	CORE	keratinocyte_basal	0.4702937081467087	660	GSM6086623
GSE202011		F6	CORE	keratinocyte_spinous_suprabasal	0.5920077863877287	660	GSM6086623
GSE202011		F6	CORE	keratinocyte_inflammatory_T17	0.3515319328561108	660	GSM6086623
GSE202011		F6	CORE	keratinocyte_stress_hypoxia	0.6177701686473256	660	GSM6086623
GSE202011		F6	CORE	fibroblast_matrix	-0.1672664415879302	660	GSM6086623
GSE202011		F6	CORE	fibroblast_inflammatory	0.2846329659140163	660	GSM6086623
GSE202011		F6	CORE	endothelial_vascular	0.4089211090223961	660	GSM6086623
GSE202011		F6	CORE	myeloid_dendritic	0.6166821365788903	660	GSM6086623
GSE202011		F6	CORE	T_NK_cytotoxic	0.5723328502310862	660	GSM6086623
GSE202011		F6	CORE	B_plasma	0.2566224345722505	660	GSM6086623
GSE202011		F6	EXTENDED	keratinocyte_basal	0.5173911244672812	660	GSM6086623
GSE202011		F6	EXTENDED	keratinocyte_spinous_suprabasal	0.5947443032220305	660	GSM6086623
GSE202011		F6	EXTENDED	keratinocyte_inflammatory_T17	0.3493592527246992	660	GSM6086623
GSE202011		F6	EXTENDED	keratinocyte_stress_hypoxia	0.6035766015401699	660	GSM6086623
GSE202011		F6	EXTENDED	fibroblast_matrix	-0.1535896216335461	660	GSM6086623
GSE202011		F6	EXTENDED	fibroblast_inflammatory	0.3155881732686195	660	GSM6086623
GSE202011		F6	EXTENDED	endothelial_vascular	0.437762361144644	660	GSM6086623
GSE202011		F6	EXTENDED	myeloid_dendritic	0.6471294891873001	660	GSM6086623
GSE202011		F6	EXTENDED	T_NK_cytotoxic	0.5831374057890536	660	GSM6086623
GSE202011		F6	EXTENDED	B_plasma	0.2545726251123527	660	GSM6086623
GSE202011		F7	CORE	keratinocyte_basal	0.5208643062730179	660	GSM6086623
GSE202011		F7	CORE	keratinocyte_spinous_suprabasal	0.5956176936213736	660	GSM6086623
GSE202011		F7	CORE	keratinocyte_inflammatory_T17	0.3483395174335695	660	GSM6086623
GSE202011		F7	CORE	keratinocyte_stress_hypoxia	0.5653067639361815	660	GSM6086623
GSE202011		F7	CORE	fibroblast_matrix	-0.1996591030589668	660	GSM6086623
GSE202011		F7	CORE	fibroblast_inflammatory	0.306645675030467	660	GSM6086623
GSE202011		F7	CORE	endothelial_vascular	0.4549369921620999	660	GSM6086623
GSE202011		F7	CORE	myeloid_dendritic	0.6556876347475934	660	GSM6086623
GSE202011		F7	CORE	T_NK_cytotoxic	0.577709793820756	660	GSM6086623
GSE202011		F7	CORE	B_plasma	0.2530992123483404	660	GSM6086623
GSE202011		F7	EXTENDED	keratinocyte_basal	0.5219297924021369	660	GSM6086623
GSE202011		F7	EXTENDED	keratinocyte_spinous_suprabasal	0.6023352111486517	660	GSM6086623
GSE202011		F7	EXTENDED	keratinocyte_inflammatory_T17	0.358790438399354	660	GSM6086623
GSE202011		F7	EXTENDED	keratinocyte_stress_hypoxia	0.5773645422040986	660	GSM6086623
GSE202011		F7	EXTENDED	fibroblast_matrix	-0.1887392803905873	660	GSM6086623
GSE202011		F7	EXTENDED	fibroblast_inflammatory	0.3132635529831609	660	GSM6086623
GSE202011		F7	EXTENDED	endothelial_vascular	0.4542916882285387	660	GSM6086623
GSE202011		F7	EXTENDED	myeloid_dendritic	0.6573636546892866	660	GSM6086623
GSE202011		F7	EXTENDED	T_NK_cytotoxic	0.5856264273317902	660	GSM6086623
GSE202011		F7	EXTENDED	B_plasma	0.2570320855668607	660	GSM6086623
GSE202011		F1	CORE	keratinocyte_basal	0.6922000243878481	331	GSM6086624
GSE202011		F1	CORE	keratinocyte_spinous_suprabasal	0.5448687537927954	331	GSM6086624
GSE202011		F1	CORE	keratinocyte_inflammatory_T17	0.5323019002802184	331	GSM6086624
GSE202011		F1	CORE	keratinocyte_stress_hypoxia	0.6214997423163244	331	GSM6086624
GSE202011		F1	CORE	fibroblast_matrix	0.3855156942363866	331	GSM6086624
GSE202011		F1	CORE	fibroblast_inflammatory	0.3490020499722574	331	GSM6086624
GSE202011		F1	CORE	endothelial_vascular	0.4468213409281995	331	GSM6086624
GSE202011		F1	CORE	myeloid_dendritic	0.5561474507990533	331	GSM6086624
GSE202011		F1	CORE	T_NK_cytotoxic	0.3017011467389063	331	GSM6086624
GSE202011		F1	CORE	B_plasma	0.085496775277557	331	GSM6086624
GSE202011		F1	EXTENDED	keratinocyte_basal	0.6951595193512226	331	GSM6086624
GSE202011		F1	EXTENDED	keratinocyte_spinous_suprabasal	0.5510944384722192	331	GSM6086624
GSE202011		F1	EXTENDED	keratinocyte_inflammatory_T17	0.5453186733659939	331	GSM6086624
GSE202011		F1	EXTENDED	keratinocyte_stress_hypoxia	0.6083845029325354	331	GSM6086624
GSE202011		F1	EXTENDED	fibroblast_matrix	0.4261366545729974	331	GSM6086624
GSE202011		F1	EXTENDED	fibroblast_inflammatory	0.3799397905770993	331	GSM6086624
GSE202011		F1	EXTENDED	endothelial_vascular	0.4427490309944328	331	GSM6086624
GSE202011		F1	EXTENDED	myeloid_dendritic	0.5597748731531514	331	GSM6086624
GSE202011		F1	EXTENDED	T_NK_cytotoxic	0.3051610629960234	331	GSM6086624
GSE202011		F1	EXTENDED	B_plasma	0.09314060636431	331	GSM6086624
GSE202011		F2	CORE	keratinocyte_basal	0.6977837044645058	331	GSM6086624
GSE202011		F2	CORE	keratinocyte_spinous_suprabasal	0.5651682077334288	331	GSM6086624
GSE202011		F2	CORE	keratinocyte_inflammatory_T17	0.5235280124646622	331	GSM6086624
GSE202011		F2	CORE	keratinocyte_stress_hypoxia	0.6139911371033809	331	GSM6086624
GSE202011		F2	CORE	fibroblast_matrix	0.439025210168986	331	GSM6086624
GSE202011		F2	CORE	fibroblast_inflammatory	0.4002622938412271	331	GSM6086624
GSE202011		F2	CORE	endothelial_vascular	0.4678670444484019	331	GSM6086624
GSE202011		F2	CORE	myeloid_dendritic	0.5688186129203915	331	GSM6086624
GSE202011		F2	CORE	T_NK_cytotoxic	0.3139095804605885	331	GSM6086624
GSE202011		F2	CORE	B_plasma	0.1099346221003271	331	GSM6086624
GSE202011		F2	EXTENDED	keratinocyte_basal	0.7023971083679487	331	GSM6086624
GSE202011		F2	EXTENDED	keratinocyte_spinous_suprabasal	0.5730420348718431	331	GSM6086624
GSE202011		F2	EXTENDED	keratinocyte_inflammatory_T17	0.5278244705232571	331	GSM6086624
GSE202011		F2	EXTENDED	keratinocyte_stress_hypoxia	0.6196940394265456	331	GSM6086624
GSE202011		F2	EXTENDED	fibroblast_matrix	0.4517947439213449	331	GSM6086624
GSE202011		F2	EXTENDED	fibroblast_inflammatory	0.4167464280529674	331	GSM6086624
GSE202011		F2	EXTENDED	endothelial_vascular	0.4595605833085919	331	GSM6086624
GSE202011		F2	EXTENDED	myeloid_dendritic	0.574722353312142	331	GSM6086624
GSE202011		F2	EXTENDED	T_NK_cytotoxic	0.3140876682514203	331	GSM6086624
GSE202011		F2	EXTENDED	B_plasma	0.1059200687543473	331	GSM6086624
GSE202011		F6	CORE	keratinocyte_basal	0.6806699702209736	331	GSM6086624
GSE202011		F6	CORE	keratinocyte_spinous_suprabasal	0.5595783104972992	331	GSM6086624
GSE202011		F6	CORE	keratinocyte_inflammatory_T17	0.5213839988511915	331	GSM6086624
GSE202011		F6	CORE	keratinocyte_stress_hypoxia	0.6002563270459845	331	GSM6086624
GSE202011		F6	CORE	fibroblast_matrix	0.3855429208495768	331	GSM6086624
GSE202011		F6	CORE	fibroblast_inflammatory	0.3304381838871251	331	GSM6086624
GSE202011		F6	CORE	endothelial_vascular	0.4306446392867769	331	GSM6086624
GSE202011		F6	CORE	myeloid_dendritic	0.5590779538693494	331	GSM6086624
GSE202011		F6	CORE	T_NK_cytotoxic	0.3083765204822928	331	GSM6086624
GSE202011		F6	CORE	B_plasma	0.1015680715233214	331	GSM6086624
GSE202011		F6	EXTENDED	keratinocyte_basal	0.6993394664237979	331	GSM6086624
GSE202011		F6	EXTENDED	keratinocyte_spinous_suprabasal	0.5780237239419541	331	GSM6086624
GSE202011		F6	EXTENDED	keratinocyte_inflammatory_T17	0.5339041828779766	331	GSM6086624
GSE202011		F6	EXTENDED	keratinocyte_stress_hypoxia	0.6035582909557052	331	GSM6086624
GSE202011		F6	EXTENDED	fibroblast_matrix	0.4195935785183309	331	GSM6086624
GSE202011		F6	EXTENDED	fibroblast_inflammatory	0.3920779206376654	331	GSM6086624
GSE202011		F6	EXTENDED	endothelial_vascular	0.4567314545790423	331	GSM6086624
GSE202011		F6	EXTENDED	myeloid_dendritic	0.5745315953576975	331	GSM6086624
GSE202011		F6	EXTENDED	T_NK_cytotoxic	0.3079708373503104	331	GSM6086624
GSE202011		F6	EXTENDED	B_plasma	0.1134904766726757	331	GSM6086624
GSE202011		F7	CORE	keratinocyte_basal	0.7032453248768736	331	GSM6086624
GSE202011		F7	CORE	keratinocyte_spinous_suprabasal	0.5722437295555286	331	GSM6086624
GSE202011		F7	CORE	keratinocyte_inflammatory_T17	0.5054981586294972	331	GSM6086624
GSE202011		F7	CORE	keratinocyte_stress_hypoxia	0.6033594008345711	331	GSM6086624
GSE202011		F7	CORE	fibroblast_matrix	0.3935028006124683	331	GSM6086624
GSE202011		F7	CORE	fibroblast_inflammatory	0.420691698932882	331	GSM6086624
GSE202011		F7	CORE	endothelial_vascular	0.4839453989755167	331	GSM6086624
GSE202011		F7	CORE	myeloid_dendritic	0.5604801320077377	331	GSM6086624
GSE202011		F7	CORE	T_NK_cytotoxic	0.2948039695602956	331	GSM6086624
GSE202011		F7	CORE	B_plasma	0.0918415715141111	331	GSM6086624
GSE202011		F7	EXTENDED	keratinocyte_basal	0.6998681467949004	331	GSM6086624
GSE202011		F7	EXTENDED	keratinocyte_spinous_suprabasal	0.5744093922457415	331	GSM6086624
GSE202011		F7	EXTENDED	keratinocyte_inflammatory_T17	0.5227050574266913	331	GSM6086624
GSE202011		F7	EXTENDED	keratinocyte_stress_hypoxia	0.6090799264659481	331	GSM6086624
GSE202011		F7	EXTENDED	fibroblast_matrix	0.3974680585327123	331	GSM6086624
GSE202011		F7	EXTENDED	fibroblast_inflammatory	0.4218777437434943	331	GSM6086624
GSE202011		F7	EXTENDED	endothelial_vascular	0.4730674344487492	331	GSM6086624
GSE202011		F7	EXTENDED	myeloid_dendritic	0.5676417915764945	331	GSM6086624
GSE202011		F7	EXTENDED	T_NK_cytotoxic	0.3005736035147749	331	GSM6086624
GSE202011		F7	EXTENDED	B_plasma	0.0934283578368776	331	GSM6086624
GSE202011		F1	CORE	keratinocyte_basal	0.5051230486752579	684	GSM6086625
GSE202011		F1	CORE	keratinocyte_spinous_suprabasal	0.2681314532221154	684	GSM6086625
GSE202011		F1	CORE	keratinocyte_inflammatory_T17	0.1075504223109174	684	GSM6086625
GSE202011		F1	CORE	keratinocyte_stress_hypoxia	0.5379935733945764	684	GSM6086625
GSE202011		F1	CORE	fibroblast_matrix	0.2993292280886033	684	GSM6086625
GSE202011		F1	CORE	fibroblast_inflammatory	0.2996836854993305	684	GSM6086625
GSE202011		F1	CORE	endothelial_vascular	0.3920118302968904	684	GSM6086625
GSE202011		F1	CORE	myeloid_dendritic	0.4071479912703392	684	GSM6086625
GSE202011		F1	CORE	T_NK_cytotoxic	0.217323484542298	684	GSM6086625
GSE202011		F1	CORE	B_plasma	0.1640205810340095	684	GSM6086625
GSE202011		F1	EXTENDED	keratinocyte_basal	0.5380351496120737	684	GSM6086625
GSE202011		F1	EXTENDED	keratinocyte_spinous_suprabasal	0.3141447391953813	684	GSM6086625
GSE202011		F1	EXTENDED	keratinocyte_inflammatory_T17	0.1433448028119825	684	GSM6086625
GSE202011		F1	EXTENDED	keratinocyte_stress_hypoxia	0.5662604868499196	684	GSM6086625
GSE202011		F1	EXTENDED	fibroblast_matrix	0.3360804080534065	684	GSM6086625
GSE202011		F1	EXTENDED	fibroblast_inflammatory	0.3244046751122246	684	GSM6086625
GSE202011		F1	EXTENDED	endothelial_vascular	0.3996304395385025	684	GSM6086625
GSE202011		F1	EXTENDED	myeloid_dendritic	0.4410381138722917	684	GSM6086625
GSE202011		F1	EXTENDED	T_NK_cytotoxic	0.2400769847665632	684	GSM6086625
GSE202011		F1	EXTENDED	B_plasma	0.1733243727899396	684	GSM6086625
GSE202011		F2	CORE	keratinocyte_basal	0.5534464564530349	684	GSM6086625
GSE202011		F2	CORE	keratinocyte_spinous_suprabasal	0.3420490768862024	684	GSM6086625
GSE202011		F2	CORE	keratinocyte_inflammatory_T17	0.1637667209023304	684	GSM6086625
GSE202011		F2	CORE	keratinocyte_stress_hypoxia	0.5610911237245004	684	GSM6086625
GSE202011		F2	CORE	fibroblast_matrix	0.3576574349104832	684	GSM6086625
GSE202011		F2	CORE	fibroblast_inflammatory	0.3478641011607298	684	GSM6086625
GSE202011		F2	CORE	endothelial_vascular	0.4232118513865632	684	GSM6086625
GSE202011		F2	CORE	myeloid_dendritic	0.470903004501514	684	GSM6086625
GSE202011		F2	CORE	T_NK_cytotoxic	0.2427817850220692	684	GSM6086625
GSE202011		F2	CORE	B_plasma	0.1871601565581508	684	GSM6086625
GSE202011		F2	EXTENDED	keratinocyte_basal	0.5402196489925788	684	GSM6086625
GSE202011		F2	EXTENDED	keratinocyte_spinous_suprabasal	0.3169155781841193	684	GSM6086625
GSE202011		F2	EXTENDED	keratinocyte_inflammatory_T17	0.1380333452594187	684	GSM6086625
GSE202011		F2	EXTENDED	keratinocyte_stress_hypoxia	0.5658867196561976	684	GSM6086625
GSE202011		F2	EXTENDED	fibroblast_matrix	0.3780426399668768	684	GSM6086625
GSE202011		F2	EXTENDED	fibroblast_inflammatory	0.3677573387749318	684	GSM6086625
GSE202011		F2	EXTENDED	endothelial_vascular	0.4363180445979662	684	GSM6086625
GSE202011		F2	EXTENDED	myeloid_dendritic	0.468064619020324	684	GSM6086625
GSE202011		F2	EXTENDED	T_NK_cytotoxic	0.2434255290103696	684	GSM6086625
GSE202011		F2	EXTENDED	B_plasma	0.1883155142402718	684	GSM6086625
GSE202011		F6	CORE	keratinocyte_basal	0.545234971535872	684	GSM6086625
GSE202011		F6	CORE	keratinocyte_spinous_suprabasal	0.3488068402518375	684	GSM6086625
GSE202011		F6	CORE	keratinocyte_inflammatory_T17	0.1556521318220225	684	GSM6086625
GSE202011		F6	CORE	keratinocyte_stress_hypoxia	0.5685101395242445	684	GSM6086625
GSE202011		F6	CORE	fibroblast_matrix	0.3113405104375812	684	GSM6086625
GSE202011		F6	CORE	fibroblast_inflammatory	0.3170869641608514	684	GSM6086625
GSE202011		F6	CORE	endothelial_vascular	0.3888891343350815	684	GSM6086625
GSE202011		F6	CORE	myeloid_dendritic	0.4551923846827072	684	GSM6086625
GSE202011		F6	CORE	T_NK_cytotoxic	0.2471802802603831	684	GSM6086625
GSE202011		F6	CORE	B_plasma	0.1679006412894914	684	GSM6086625
GSE202011		F6	EXTENDED	keratinocyte_basal	0.5727892931729643	684	GSM6086625
GSE202011		F6	EXTENDED	keratinocyte_spinous_suprabasal	0.3461534109620749	684	GSM6086625
GSE202011		F6	EXTENDED	keratinocyte_inflammatory_T17	0.164495139458469	684	GSM6086625
GSE202011		F6	EXTENDED	keratinocyte_stress_hypoxia	0.5661991391855941	684	GSM6086625
GSE202011		F6	EXTENDED	fibroblast_matrix	0.3237226037856581	684	GSM6086625
GSE202011		F6	EXTENDED	fibroblast_inflammatory	0.3389263233403427	684	GSM6086625
GSE202011		F6	EXTENDED	endothelial_vascular	0.3824061071395457	684	GSM6086625
GSE202011		F6	EXTENDED	myeloid_dendritic	0.4546166836262545	684	GSM6086625
GSE202011		F6	EXTENDED	T_NK_cytotoxic	0.2537973561410808	684	GSM6086625
GSE202011		F6	EXTENDED	B_plasma	0.1696833401322578	684	GSM6086625
GSE202011		F7	CORE	keratinocyte_basal	0.5681036958018639	684	GSM6086625
GSE202011		F7	CORE	keratinocyte_spinous_suprabasal	0.30796510419678	684	GSM6086625
GSE202011		F7	CORE	keratinocyte_inflammatory_T17	0.105896062502874	684	GSM6086625
GSE202011		F7	CORE	keratinocyte_stress_hypoxia	0.5195488164886292	684	GSM6086625
GSE202011		F7	CORE	fibroblast_matrix	0.3281653705470085	684	GSM6086625
GSE202011		F7	CORE	fibroblast_inflammatory	0.3593738475547426	684	GSM6086625
GSE202011		F7	CORE	endothelial_vascular	0.3640225425202238	684	GSM6086625
GSE202011		F7	CORE	myeloid_dendritic	0.4321003020842908	684	GSM6086625
GSE202011		F7	CORE	T_NK_cytotoxic	0.2507352658237115	684	GSM6086625
GSE202011		F7	CORE	B_plasma	0.1691577039658979	684	GSM6086625
GSE202011		F7	EXTENDED	keratinocyte_basal	0.5758202827933139	684	GSM6086625
GSE202011		F7	EXTENDED	keratinocyte_spinous_suprabasal	0.334633419561119	684	GSM6086625
GSE202011		F7	EXTENDED	keratinocyte_inflammatory_T17	0.1388100141805264	684	GSM6086625
GSE202011		F7	EXTENDED	keratinocyte_stress_hypoxia	0.5490463845843501	684	GSM6086625
GSE202011		F7	EXTENDED	fibroblast_matrix	0.3182563357868158	684	GSM6086625
GSE202011		F7	EXTENDED	fibroblast_inflammatory	0.3527167150931125	684	GSM6086625
GSE202011		F7	EXTENDED	endothelial_vascular	0.3759726408541906	684	GSM6086625
GSE202011		F7	EXTENDED	myeloid_dendritic	0.4479908254123765	684	GSM6086625
GSE202011		F7	EXTENDED	T_NK_cytotoxic	0.2525395210156479	684	GSM6086625
GSE202011		F7	EXTENDED	B_plasma	0.1739141240963722	684	GSM6086625
GSE202011		F1	CORE	keratinocyte_basal	0.3402865555655801	873	GSM6086626
GSE202011		F1	CORE	keratinocyte_spinous_suprabasal	0.2337809829941485	873	GSM6086626
GSE202011		F1	CORE	keratinocyte_inflammatory_T17	0.3170897530872246	873	GSM6086626
GSE202011		F1	CORE	keratinocyte_stress_hypoxia	0.3750222164768696	873	GSM6086626
GSE202011		F1	CORE	fibroblast_matrix	0.1234403346630734	873	GSM6086626
GSE202011		F1	CORE	fibroblast_inflammatory	0.2302753159601466	873	GSM6086626
GSE202011		F1	CORE	endothelial_vascular	0.3466032861442699	873	GSM6086626
GSE202011		F1	CORE	myeloid_dendritic	0.2003429504391608	873	GSM6086626
GSE202011		F1	CORE	T_NK_cytotoxic	0.131800658281086	873	GSM6086626
GSE202011		F1	CORE	B_plasma	0.0044150098581289	873	GSM6086626
GSE202011		F1	EXTENDED	keratinocyte_basal	0.3544572063787217	873	GSM6086626
GSE202011		F1	EXTENDED	keratinocyte_spinous_suprabasal	0.2634801020867294	873	GSM6086626
GSE202011		F1	EXTENDED	keratinocyte_inflammatory_T17	0.3244837327612378	873	GSM6086626
GSE202011		F1	EXTENDED	keratinocyte_stress_hypoxia	0.3932722031334397	873	GSM6086626
GSE202011		F1	EXTENDED	fibroblast_matrix	0.2240738516360845	873	GSM6086626
GSE202011		F1	EXTENDED	fibroblast_inflammatory	0.2675222506120863	873	GSM6086626
GSE202011		F1	EXTENDED	endothelial_vascular	0.3565988065505289	873	GSM6086626
GSE202011		F1	EXTENDED	myeloid_dendritic	0.2080308553173627	873	GSM6086626
GSE202011		F1	EXTENDED	T_NK_cytotoxic	0.131360054540236	873	GSM6086626
GSE202011		F1	EXTENDED	B_plasma	0.0341500597026475	873	GSM6086626
GSE202011		F2	CORE	keratinocyte_basal	0.3140209230467254	873	GSM6086626
GSE202011		F2	CORE	keratinocyte_spinous_suprabasal	0.2184637534136874	873	GSM6086626
GSE202011		F2	CORE	keratinocyte_inflammatory_T17	0.2727667375293877	873	GSM6086626
GSE202011		F2	CORE	keratinocyte_stress_hypoxia	0.3892756739540193	873	GSM6086626
GSE202011		F2	CORE	fibroblast_matrix	0.3148064691011826	873	GSM6086626
GSE202011		F2	CORE	fibroblast_inflammatory	0.2726954923030952	873	GSM6086626
GSE202011		F2	CORE	endothelial_vascular	0.3507182884019738	873	GSM6086626
GSE202011		F2	CORE	myeloid_dendritic	0.2097709922304661	873	GSM6086626
GSE202011		F2	CORE	T_NK_cytotoxic	0.1240741250549398	873	GSM6086626
GSE202011		F2	CORE	B_plasma	0.0626404101405302	873	GSM6086626
GSE202011		F2	EXTENDED	keratinocyte_basal	0.347519129421017	873	GSM6086626
GSE202011		F2	EXTENDED	keratinocyte_spinous_suprabasal	0.2604944572473902	873	GSM6086626
GSE202011		F2	EXTENDED	keratinocyte_inflammatory_T17	0.3108443296872446	873	GSM6086626
GSE202011		F2	EXTENDED	keratinocyte_stress_hypoxia	0.4019589726990856	873	GSM6086626
GSE202011		F2	EXTENDED	fibroblast_matrix	0.282381877070853	873	GSM6086626
GSE202011		F2	EXTENDED	fibroblast_inflammatory	0.2664958441072596	873	GSM6086626
GSE202011		F2	EXTENDED	endothelial_vascular	0.3579942081580203	873	GSM6086626
GSE202011		F2	EXTENDED	myeloid_dendritic	0.201434695750107	873	GSM6086626
GSE202011		F2	EXTENDED	T_NK_cytotoxic	0.1325185535333137	873	GSM6086626
GSE202011		F2	EXTENDED	B_plasma	0.0434001659279408	873	GSM6086626
GSE202011		F6	CORE	keratinocyte_basal	0.3044581160862422	873	GSM6086626
GSE202011		F6	CORE	keratinocyte_spinous_suprabasal	0.2487517053914852	873	GSM6086626
GSE202011		F6	CORE	keratinocyte_inflammatory_T17	0.2878363090509937	873	GSM6086626
GSE202011		F6	CORE	keratinocyte_stress_hypoxia	0.3507100435365096	873	GSM6086626
GSE202011		F6	CORE	fibroblast_matrix	0.1872177947029625	873	GSM6086626
GSE202011		F6	CORE	fibroblast_inflammatory	0.2699459807897667	873	GSM6086626
GSE202011		F6	CORE	endothelial_vascular	0.3306128677086626	873	GSM6086626
GSE202011		F6	CORE	myeloid_dendritic	0.2538760636985421	873	GSM6086626
GSE202011		F6	CORE	T_NK_cytotoxic	0.1188307703714906	873	GSM6086626
GSE202011		F6	CORE	B_plasma	0.0523582206262023	873	GSM6086626
GSE202011		F6	EXTENDED	keratinocyte_basal	0.3596474158713337	873	GSM6086626
GSE202011		F6	EXTENDED	keratinocyte_spinous_suprabasal	0.2907475203117127	873	GSM6086626
GSE202011		F6	EXTENDED	keratinocyte_inflammatory_T17	0.321715401482914	873	GSM6086626
GSE202011		F6	EXTENDED	keratinocyte_stress_hypoxia	0.3838476920660429	873	GSM6086626
GSE202011		F6	EXTENDED	fibroblast_matrix	0.2486919752633974	873	GSM6086626
GSE202011		F6	EXTENDED	fibroblast_inflammatory	0.2871231352496542	873	GSM6086626
GSE202011		F6	EXTENDED	endothelial_vascular	0.3678496715204238	873	GSM6086626
GSE202011		F6	EXTENDED	myeloid_dendritic	0.2292200956513011	873	GSM6086626
GSE202011		F6	EXTENDED	T_NK_cytotoxic	0.1185750624466811	873	GSM6086626
GSE202011		F6	EXTENDED	B_plasma	0.0634624099066127	873	GSM6086626
GSE202011		F7	CORE	keratinocyte_basal	0.3494012328161077	873	GSM6086626
GSE202011		F7	CORE	keratinocyte_spinous_suprabasal	0.2993341984777967	873	GSM6086626
GSE202011		F7	CORE	keratinocyte_inflammatory_T17	0.3051166975301376	873	GSM6086626
GSE202011		F7	CORE	keratinocyte_stress_hypoxia	0.3746300512133634	873	GSM6086626
GSE202011		F7	CORE	fibroblast_matrix	0.2110982918611076	873	GSM6086626
GSE202011		F7	CORE	fibroblast_inflammatory	0.2853716966877588	873	GSM6086626
GSE202011		F7	CORE	endothelial_vascular	0.331033780873172	873	GSM6086626
GSE202011		F7	CORE	myeloid_dendritic	0.2362728002774863	873	GSM6086626
GSE202011		F7	CORE	T_NK_cytotoxic	0.1289070341456958	873	GSM6086626
GSE202011		F7	CORE	B_plasma	0.0702818268347224	873	GSM6086626
GSE202011		F7	EXTENDED	keratinocyte_basal	0.3531114682781087	873	GSM6086626
GSE202011		F7	EXTENDED	keratinocyte_spinous_suprabasal	0.3000383752259869	873	GSM6086626
GSE202011		F7	EXTENDED	keratinocyte_inflammatory_T17	0.3114102598366537	873	GSM6086626
GSE202011		F7	EXTENDED	keratinocyte_stress_hypoxia	0.3868172432103894	873	GSM6086626
GSE202011		F7	EXTENDED	fibroblast_matrix	0.2179912468371005	873	GSM6086626
GSE202011		F7	EXTENDED	fibroblast_inflammatory	0.2860358973871886	873	GSM6086626
GSE202011		F7	EXTENDED	endothelial_vascular	0.3345005530506504	873	GSM6086626
GSE202011		F7	EXTENDED	myeloid_dendritic	0.2352267819336333	873	GSM6086626
GSE202011		F7	EXTENDED	T_NK_cytotoxic	0.128492159057709	873	GSM6086626
GSE202011		F7	EXTENDED	B_plasma	0.0681300947351019	873	GSM6086626
GSE202011		F1	CORE	keratinocyte_basal	0.4055833176664707	705	GSM6086627
GSE202011		F1	CORE	keratinocyte_spinous_suprabasal	0.2605487086106441	705	GSM6086627
GSE202011		F1	CORE	keratinocyte_inflammatory_T17	0.1627874494439783	705	GSM6086627
GSE202011		F1	CORE	keratinocyte_stress_hypoxia	0.4859621625785362	705	GSM6086627
GSE202011		F1	CORE	fibroblast_matrix	0.100538480178007	705	GSM6086627
GSE202011		F1	CORE	fibroblast_inflammatory	0.3556750756163411	705	GSM6086627
GSE202011		F1	CORE	endothelial_vascular	0.3039358374398563	705	GSM6086627
GSE202011		F1	CORE	myeloid_dendritic	0.3325691583310233	705	GSM6086627
GSE202011		F1	CORE	T_NK_cytotoxic	0.2094901199613356	705	GSM6086627
GSE202011		F1	CORE	B_plasma	0.1161327962216458	705	GSM6086627
GSE202011		F1	EXTENDED	keratinocyte_basal	0.4406015501908134	705	GSM6086627
GSE202011		F1	EXTENDED	keratinocyte_spinous_suprabasal	0.2693956483633009	705	GSM6086627
GSE202011		F1	EXTENDED	keratinocyte_inflammatory_T17	0.188149589299722	705	GSM6086627
GSE202011		F1	EXTENDED	keratinocyte_stress_hypoxia	0.4991593605954784	705	GSM6086627
GSE202011		F1	EXTENDED	fibroblast_matrix	0.1834786304964444	705	GSM6086627
GSE202011		F1	EXTENDED	fibroblast_inflammatory	0.3951340378694692	705	GSM6086627
GSE202011		F1	EXTENDED	endothelial_vascular	0.3265850400708959	705	GSM6086627
GSE202011		F1	EXTENDED	myeloid_dendritic	0.3519032651217754	705	GSM6086627
GSE202011		F1	EXTENDED	T_NK_cytotoxic	0.2061280463522909	705	GSM6086627
GSE202011		F1	EXTENDED	B_plasma	0.1222899201100835	705	GSM6086627
GSE202011		F2	CORE	keratinocyte_basal	0.4207786229187025	705	GSM6086627
GSE202011		F2	CORE	keratinocyte_spinous_suprabasal	0.2431742434567124	705	GSM6086627
GSE202011		F2	CORE	keratinocyte_inflammatory_T17	0.1973387050873131	705	GSM6086627
GSE202011		F2	CORE	keratinocyte_stress_hypoxia	0.4830354868781302	705	GSM6086627
GSE202011		F2	CORE	fibroblast_matrix	0.2998367735509452	705	GSM6086627
GSE202011		F2	CORE	fibroblast_inflammatory	0.4061494890732852	705	GSM6086627
GSE202011		F2	CORE	endothelial_vascular	0.3308560885859006	705	GSM6086627
GSE202011		F2	CORE	myeloid_dendritic	0.3550641012890457	705	GSM6086627
GSE202011		F2	CORE	T_NK_cytotoxic	0.2191562956083454	705	GSM6086627
GSE202011		F2	CORE	B_plasma	0.1228017239006415	705	GSM6086627
GSE202011		F2	EXTENDED	keratinocyte_basal	0.4262260762737928	705	GSM6086627
GSE202011		F2	EXTENDED	keratinocyte_spinous_suprabasal	0.2393395904559103	705	GSM6086627
GSE202011		F2	EXTENDED	keratinocyte_inflammatory_T17	0.1724926040853323	705	GSM6086627
GSE202011		F2	EXTENDED	keratinocyte_stress_hypoxia	0.496818754014577	705	GSM6086627
GSE202011		F2	EXTENDED	fibroblast_matrix	0.3111521721262694	705	GSM6086627
GSE202011		F2	EXTENDED	fibroblast_inflammatory	0.4089045194684069	705	GSM6086627
GSE202011		F2	EXTENDED	endothelial_vascular	0.3359000758296196	705	GSM6086627
GSE202011		F2	EXTENDED	myeloid_dendritic	0.3612875189496081	705	GSM6086627
GSE202011		F2	EXTENDED	T_NK_cytotoxic	0.2138208980070553	705	GSM6086627
GSE202011		F2	EXTENDED	B_plasma	0.1233068357936606	705	GSM6086627
GSE202011		F6	CORE	keratinocyte_basal	0.4243506914155247	705	GSM6086627
GSE202011		F6	CORE	keratinocyte_spinous_suprabasal	0.2791365916614691	705	GSM6086627
GSE202011		F6	CORE	keratinocyte_inflammatory_T17	0.2161722032806767	705	GSM6086627
GSE202011		F6	CORE	keratinocyte_stress_hypoxia	0.4853432720872715	705	GSM6086627
GSE202011		F6	CORE	fibroblast_matrix	0.1096639242006194	705	GSM6086627
GSE202011		F6	CORE	fibroblast_inflammatory	0.3244709389542311	705	GSM6086627
GSE202011		F6	CORE	endothelial_vascular	0.311879229240821	705	GSM6086627
GSE202011		F6	CORE	myeloid_dendritic	0.3681868581566868	705	GSM6086627
GSE202011		F6	CORE	T_NK_cytotoxic	0.2295418795044513	705	GSM6086627
GSE202011		F6	CORE	B_plasma	0.1139788004479929	705	GSM6086627
GSE202011		F6	EXTENDED	keratinocyte_basal	0.4653510046571323	705	GSM6086627
GSE202011		F6	EXTENDED	keratinocyte_spinous_suprabasal	0.3094298937806538	705	GSM6086627
GSE202011		F6	EXTENDED	keratinocyte_inflammatory_T17	0.2429765459711004	705	GSM6086627
GSE202011		F6	EXTENDED	keratinocyte_stress_hypoxia	0.4991979308356123	705	GSM6086627
GSE202011		F6	EXTENDED	fibroblast_matrix	0.1348736181524185	705	GSM6086627
GSE202011		F6	EXTENDED	fibroblast_inflammatory	0.387225771808594	705	GSM6086627
GSE202011		F6	EXTENDED	endothelial_vascular	0.3011732804441412	705	GSM6086627
GSE202011		F6	EXTENDED	myeloid_dendritic	0.3716467546106957	705	GSM6086627
GSE202011		F6	EXTENDED	T_NK_cytotoxic	0.2292615866694826	705	GSM6086627
GSE202011		F6	EXTENDED	B_plasma	0.1204573089843993	705	GSM6086627
GSE202011		F7	CORE	keratinocyte_basal	0.4536032426090793	705	GSM6086627
GSE202011		F7	CORE	keratinocyte_spinous_suprabasal	0.2968677105803844	705	GSM6086627
GSE202011		F7	CORE	keratinocyte_inflammatory_T17	0.2484416458865999	705	GSM6086627
GSE202011		F7	CORE	keratinocyte_stress_hypoxia	0.4780693312586062	705	GSM6086627
GSE202011		F7	CORE	fibroblast_matrix	0.1315691908971243	705	GSM6086627
GSE202011		F7	CORE	fibroblast_inflammatory	0.4074560773988365	705	GSM6086627
GSE202011		F7	CORE	endothelial_vascular	0.3050114929990394	705	GSM6086627
GSE202011		F7	CORE	myeloid_dendritic	0.368213259246813	705	GSM6086627
GSE202011		F7	CORE	T_NK_cytotoxic	0.2309666594621317	705	GSM6086627
GSE202011		F7	CORE	B_plasma	0.1210386715132993	705	GSM6086627
GSE202011		F7	EXTENDED	keratinocyte_basal	0.4545647807253014	705	GSM6086627
GSE202011		F7	EXTENDED	keratinocyte_spinous_suprabasal	0.3068452856878031	705	GSM6086627
GSE202011		F7	EXTENDED	keratinocyte_inflammatory_T17	0.2534293092963862	705	GSM6086627
GSE202011		F7	EXTENDED	keratinocyte_stress_hypoxia	0.4925303798641499	705	GSM6086627
GSE202011		F7	EXTENDED	fibroblast_matrix	0.1375975396463322	705	GSM6086627
GSE202011		F7	EXTENDED	fibroblast_inflammatory	0.4095350314417539	705	GSM6086627
GSE202011		F7	EXTENDED	endothelial_vascular	0.3103871036756248	705	GSM6086627
GSE202011		F7	EXTENDED	myeloid_dendritic	0.3681525538847747	705	GSM6086627
GSE202011		F7	EXTENDED	T_NK_cytotoxic	0.2320002570302602	705	GSM6086627
GSE202011		F7	EXTENDED	B_plasma	0.1215410064491414	705	GSM6086627
GSE202011		F1	CORE	keratinocyte_basal	0.5778757959119959	1122	GSM6086628
GSE202011		F1	CORE	keratinocyte_spinous_suprabasal	0.3824071304208163	1122	GSM6086628
GSE202011		F1	CORE	keratinocyte_inflammatory_T17	0.2538312598525118	1122	GSM6086628
GSE202011		F1	CORE	keratinocyte_stress_hypoxia	0.62544071643725	1122	GSM6086628
GSE202011		F1	CORE	fibroblast_matrix	-0.2260952212408871	1122	GSM6086628
GSE202011		F1	CORE	fibroblast_inflammatory	0.2882079457264025	1122	GSM6086628
GSE202011		F1	CORE	endothelial_vascular	0.3739841745076674	1122	GSM6086628
GSE202011		F1	CORE	myeloid_dendritic	0.5313064567085239	1122	GSM6086628
GSE202011		F1	CORE	T_NK_cytotoxic	0.4921291047678395	1122	GSM6086628
GSE202011		F1	CORE	B_plasma	0.1884567644869955	1122	GSM6086628
GSE202011		F1	EXTENDED	keratinocyte_basal	0.5800371857119168	1122	GSM6086628
GSE202011		F1	EXTENDED	keratinocyte_spinous_suprabasal	0.3841274146174605	1122	GSM6086628
GSE202011		F1	EXTENDED	keratinocyte_inflammatory_T17	0.2746074780202659	1122	GSM6086628
GSE202011		F1	EXTENDED	keratinocyte_stress_hypoxia	0.6437603798278658	1122	GSM6086628
GSE202011		F1	EXTENDED	fibroblast_matrix	-0.1522818200909853	1122	GSM6086628
GSE202011		F1	EXTENDED	fibroblast_inflammatory	0.3375412600820688	1122	GSM6086628
GSE202011		F1	EXTENDED	endothelial_vascular	0.4027467695606714	1122	GSM6086628
GSE202011		F1	EXTENDED	myeloid_dendritic	0.5591869550949421	1122	GSM6086628
GSE202011		F1	EXTENDED	T_NK_cytotoxic	0.5042879909627902	1122	GSM6086628
GSE202011		F1	EXTENDED	B_plasma	0.1987606951646412	1122	GSM6086628
GSE202011		F2	CORE	keratinocyte_basal	0.5494757293185139	1122	GSM6086628
GSE202011		F2	CORE	keratinocyte_spinous_suprabasal	0.3604527110536937	1122	GSM6086628
GSE202011		F2	CORE	keratinocyte_inflammatory_T17	0.2678000260977492	1122	GSM6086628
GSE202011		F2	CORE	keratinocyte_stress_hypoxia	0.635734497961291	1122	GSM6086628
GSE202011		F2	CORE	fibroblast_matrix	-0.0745586116363551	1122	GSM6086628
GSE202011		F2	CORE	fibroblast_inflammatory	0.3620622053489484	1122	GSM6086628
GSE202011		F2	CORE	endothelial_vascular	0.4292060068587398	1122	GSM6086628
GSE202011		F2	CORE	myeloid_dendritic	0.5866358885828948	1122	GSM6086628
GSE202011		F2	CORE	T_NK_cytotoxic	0.5154266974244345	1122	GSM6086628
GSE202011		F2	CORE	B_plasma	0.2141509382975903	1122	GSM6086628
GSE202011		F2	EXTENDED	keratinocyte_basal	0.5690195740575085	1122	GSM6086628
GSE202011		F2	EXTENDED	keratinocyte_spinous_suprabasal	0.3534492898492347	1122	GSM6086628
GSE202011		F2	EXTENDED	keratinocyte_inflammatory_T17	0.2472946397469495	1122	GSM6086628
GSE202011		F2	EXTENDED	keratinocyte_stress_hypoxia	0.6455686989925802	1122	GSM6086628
GSE202011		F2	EXTENDED	fibroblast_matrix	-0.0706647065585944	1122	GSM6086628
GSE202011		F2	EXTENDED	fibroblast_inflammatory	0.3586693015783215	1122	GSM6086628
GSE202011		F2	EXTENDED	endothelial_vascular	0.4228108876619699	1122	GSM6086628
GSE202011		F2	EXTENDED	myeloid_dendritic	0.5765497169796059	1122	GSM6086628
GSE202011		F2	EXTENDED	T_NK_cytotoxic	0.4999716011080274	1122	GSM6086628
GSE202011		F2	EXTENDED	B_plasma	0.2099594845664843	1122	GSM6086628
GSE202011		F6	CORE	keratinocyte_basal	0.5618108048050499	1122	GSM6086628
GSE202011		F6	CORE	keratinocyte_spinous_suprabasal	0.3983042846631149	1122	GSM6086628
GSE202011		F6	CORE	keratinocyte_inflammatory_T17	0.297388948175569	1122	GSM6086628
GSE202011		F6	CORE	keratinocyte_stress_hypoxia	0.6328076400688393	1122	GSM6086628
GSE202011		F6	CORE	fibroblast_matrix	-0.2111733495642293	1122	GSM6086628
GSE202011		F6	CORE	fibroblast_inflammatory	0.3301314100414151	1122	GSM6086628
GSE202011		F6	CORE	endothelial_vascular	0.3894923947060247	1122	GSM6086628
GSE202011		F6	CORE	myeloid_dendritic	0.5820913729467506	1122	GSM6086628
GSE202011		F6	CORE	T_NK_cytotoxic	0.5147243839913201	1122	GSM6086628
GSE202011		F6	CORE	B_plasma	0.2043874906203803	1122	GSM6086628
GSE202011		F6	EXTENDED	keratinocyte_basal	0.5813947371198073	1122	GSM6086628
GSE202011		F6	EXTENDED	keratinocyte_spinous_suprabasal	0.3912258518093342	1122	GSM6086628
GSE202011		F6	EXTENDED	keratinocyte_inflammatory_T17	0.3059142234949862	1122	GSM6086628
GSE202011		F6	EXTENDED	keratinocyte_stress_hypoxia	0.6427967782443638	1122	GSM6086628
GSE202011		F6	EXTENDED	fibroblast_matrix	-0.1714678524298209	1122	GSM6086628
GSE202011		F6	EXTENDED	fibroblast_inflammatory	0.3484160198047602	1122	GSM6086628
GSE202011		F6	EXTENDED	endothelial_vascular	0.408271220441075	1122	GSM6086628
GSE202011		F6	EXTENDED	myeloid_dendritic	0.5827720225725438	1122	GSM6086628
GSE202011		F6	EXTENDED	T_NK_cytotoxic	0.5191222837118751	1122	GSM6086628
GSE202011		F6	EXTENDED	B_plasma	0.2052370306012264	1122	GSM6086628
GSE202011		F7	CORE	keratinocyte_basal	0.5990171519805354	1122	GSM6086628
GSE202011		F7	CORE	keratinocyte_spinous_suprabasal	0.3734896756105541	1122	GSM6086628
GSE202011		F7	CORE	keratinocyte_inflammatory_T17	0.24950855390669	1122	GSM6086628
GSE202011		F7	CORE	keratinocyte_stress_hypoxia	0.6213652255985322	1122	GSM6086628
GSE202011		F7	CORE	fibroblast_matrix	-0.1823361474108612	1122	GSM6086628
GSE202011		F7	CORE	fibroblast_inflammatory	0.329370415254388	1122	GSM6086628
GSE202011		F7	CORE	endothelial_vascular	0.42293150239538	1122	GSM6086628
GSE202011		F7	CORE	myeloid_dendritic	0.5632587625847935	1122	GSM6086628
GSE202011		F7	CORE	T_NK_cytotoxic	0.48885589768428	1122	GSM6086628
GSE202011		F7	CORE	B_plasma	0.1963471235238618	1122	GSM6086628
GSE202011		F7	EXTENDED	keratinocyte_basal	0.5982845127367272	1122	GSM6086628
GSE202011		F7	EXTENDED	keratinocyte_spinous_suprabasal	0.3826710391642992	1122	GSM6086628
GSE202011		F7	EXTENDED	keratinocyte_inflammatory_T17	0.2706847552742077	1122	GSM6086628
GSE202011		F7	EXTENDED	keratinocyte_stress_hypoxia	0.6362607486624712	1122	GSM6086628
GSE202011		F7	EXTENDED	fibroblast_matrix	-0.180593834305512	1122	GSM6086628
GSE202011		F7	EXTENDED	fibroblast_inflammatory	0.335311991715774	1122	GSM6086628
GSE202011		F7	EXTENDED	endothelial_vascular	0.4257371052788441	1122	GSM6086628
GSE202011		F7	EXTENDED	myeloid_dendritic	0.5747448009911997	1122	GSM6086628
GSE202011		F7	EXTENDED	T_NK_cytotoxic	0.5004489600977868	1122	GSM6086628
GSE202011		F7	EXTENDED	B_plasma	0.2014657714602516	1122	GSM6086628
GSE202011		F1	CORE	keratinocyte_basal	0.5164965379472352	763	GSM6086629
GSE202011		F1	CORE	keratinocyte_spinous_suprabasal	0.3094233702088217	763	GSM6086629
GSE202011		F1	CORE	keratinocyte_inflammatory_T17	0.4227621224593088	763	GSM6086629
GSE202011		F1	CORE	keratinocyte_stress_hypoxia	0.6392763725735547	763	GSM6086629
GSE202011		F1	CORE	fibroblast_matrix	0.0871778534975502	763	GSM6086629
GSE202011		F1	CORE	fibroblast_inflammatory	0.3575821533027646	763	GSM6086629
GSE202011		F1	CORE	endothelial_vascular	0.393868987584376	763	GSM6086629
GSE202011		F1	CORE	myeloid_dendritic	0.5613217307306857	763	GSM6086629
GSE202011		F1	CORE	T_NK_cytotoxic	0.282792473216957	763	GSM6086629
GSE202011		F1	CORE	B_plasma	0.1879441387921707	763	GSM6086629
GSE202011		F1	EXTENDED	keratinocyte_basal	0.552106789385034	763	GSM6086629
GSE202011		F1	EXTENDED	keratinocyte_spinous_suprabasal	0.3607283854333973	763	GSM6086629
GSE202011		F1	EXTENDED	keratinocyte_inflammatory_T17	0.4282701109068275	763	GSM6086629
GSE202011		F1	EXTENDED	keratinocyte_stress_hypoxia	0.6555270938087276	763	GSM6086629
GSE202011		F1	EXTENDED	fibroblast_matrix	0.1543840684455669	763	GSM6086629
GSE202011		F1	EXTENDED	fibroblast_inflammatory	0.4036751866439664	763	GSM6086629
GSE202011		F1	EXTENDED	endothelial_vascular	0.4270038365295044	763	GSM6086629
GSE202011		F1	EXTENDED	myeloid_dendritic	0.5817804371647768	763	GSM6086629
GSE202011		F1	EXTENDED	T_NK_cytotoxic	0.2871362005509448	763	GSM6086629
GSE202011		F1	EXTENDED	B_plasma	0.1994827671211181	763	GSM6086629
GSE202011		F2	CORE	keratinocyte_basal	0.5663582150644124	763	GSM6086629
GSE202011		F2	CORE	keratinocyte_spinous_suprabasal	0.4037454055845058	763	GSM6086629
GSE202011		F2	CORE	keratinocyte_inflammatory_T17	0.406935033320642	763	GSM6086629
GSE202011		F2	CORE	keratinocyte_stress_hypoxia	0.6332649368493211	763	GSM6086629
GSE202011		F2	CORE	fibroblast_matrix	0.2360935137605535	763	GSM6086629
GSE202011		F2	CORE	fibroblast_inflammatory	0.4486225300471999	763	GSM6086629
GSE202011		F2	CORE	endothelial_vascular	0.4460702236302316	763	GSM6086629
GSE202011		F2	CORE	myeloid_dendritic	0.6023599425348006	763	GSM6086629
GSE202011		F2	CORE	T_NK_cytotoxic	0.305524981214309	763	GSM6086629
GSE202011		F2	CORE	B_plasma	0.2059000571923803	763	GSM6086629
GSE202011		F2	EXTENDED	keratinocyte_basal	0.5673294330078864	763	GSM6086629
GSE202011		F2	EXTENDED	keratinocyte_spinous_suprabasal	0.4012550546369288	763	GSM6086629
GSE202011		F2	EXTENDED	keratinocyte_inflammatory_T17	0.3958232814043895	763	GSM6086629
GSE202011		F2	EXTENDED	keratinocyte_stress_hypoxia	0.6506680859629635	763	GSM6086629
GSE202011		F2	EXTENDED	fibroblast_matrix	0.2290000849402727	763	GSM6086629
GSE202011		F2	EXTENDED	fibroblast_inflammatory	0.4470011219091599	763	GSM6086629
GSE202011		F2	EXTENDED	endothelial_vascular	0.4367065219955575	763	GSM6086629
GSE202011		F2	EXTENDED	myeloid_dendritic	0.5919384136185771	763	GSM6086629
GSE202011		F2	EXTENDED	T_NK_cytotoxic	0.3021228511160201	763	GSM6086629
GSE202011		F2	EXTENDED	B_plasma	0.1994905957838671	763	GSM6086629
GSE202011		F6	CORE	keratinocyte_basal	0.5291539246410056	763	GSM6086629
GSE202011		F6	CORE	keratinocyte_spinous_suprabasal	0.3824100052885458	763	GSM6086629
GSE202011		F6	CORE	keratinocyte_inflammatory_T17	0.4256006913070235	763	GSM6086629
GSE202011		F6	CORE	keratinocyte_stress_hypoxia	0.615728957672029	763	GSM6086629
GSE202011		F6	CORE	fibroblast_matrix	0.1432751024736824	763	GSM6086629
GSE202011		F6	CORE	fibroblast_inflammatory	0.4016266324380636	763	GSM6086629
GSE202011		F6	CORE	endothelial_vascular	0.4086284463755923	763	GSM6086629
GSE202011		F6	CORE	myeloid_dendritic	0.5924282767180394	763	GSM6086629
GSE202011		F6	CORE	T_NK_cytotoxic	0.2920018575058053	763	GSM6086629
GSE202011		F6	CORE	B_plasma	0.1978182832433489	763	GSM6086629
GSE202011		F6	EXTENDED	keratinocyte_basal	0.5709351875740151	763	GSM6086629
GSE202011		F6	EXTENDED	keratinocyte_spinous_suprabasal	0.4109010030030472	763	GSM6086629
GSE202011		F6	EXTENDED	keratinocyte_inflammatory_T17	0.42111155858408	763	GSM6086629
GSE202011		F6	EXTENDED	keratinocyte_stress_hypoxia	0.6440746382842265	763	GSM6086629
GSE202011		F6	EXTENDED	fibroblast_matrix	0.1644253271743998	763	GSM6086629
GSE202011		F6	EXTENDED	fibroblast_inflammatory	0.4390266765737252	763	GSM6086629
GSE202011		F6	EXTENDED	endothelial_vascular	0.4278220912202552	763	GSM6086629
GSE202011		F6	EXTENDED	myeloid_dendritic	0.6064419269087344	763	GSM6086629
GSE202011		F6	EXTENDED	T_NK_cytotoxic	0.307635552451952	763	GSM6086629
GSE202011		F6	EXTENDED	B_plasma	0.2093527565097533	763	GSM6086629
GSE202011		F7	CORE	keratinocyte_basal	0.5545925111016886	763	GSM6086629
GSE202011		F7	CORE	keratinocyte_spinous_suprabasal	0.3707842494917741	763	GSM6086629
GSE202011		F7	CORE	keratinocyte_inflammatory_T17	0.4017504109451986	763	GSM6086629
GSE202011		F7	CORE	keratinocyte_stress_hypoxia	0.6383950176479734	763	GSM6086629
GSE202011		F7	CORE	fibroblast_matrix	0.1721712231517435	763	GSM6086629
GSE202011		F7	CORE	fibroblast_inflammatory	0.42582612745318	763	GSM6086629
GSE202011		F7	CORE	endothelial_vascular	0.4311705356826893	763	GSM6086629
GSE202011		F7	CORE	myeloid_dendritic	0.5933889437461287	763	GSM6086629
GSE202011		F7	CORE	T_NK_cytotoxic	0.2982723750396097	763	GSM6086629
GSE202011		F7	CORE	B_plasma	0.2099442648186614	763	GSM6086629
GSE202011		F7	EXTENDED	keratinocyte_basal	0.5614982882409991	763	GSM6086629
GSE202011		F7	EXTENDED	keratinocyte_spinous_suprabasal	0.3714443230999233	763	GSM6086629
GSE202011		F7	EXTENDED	keratinocyte_inflammatory_T17	0.4128812086743896	763	GSM6086629
GSE202011		F7	EXTENDED	keratinocyte_stress_hypoxia	0.6482080128833985	763	GSM6086629
GSE202011		F7	EXTENDED	fibroblast_matrix	0.1679004296998965	763	GSM6086629
GSE202011		F7	EXTENDED	fibroblast_inflammatory	0.4235042763571213	763	GSM6086629
GSE202011		F7	EXTENDED	endothelial_vascular	0.4315671917387716	763	GSM6086629
GSE202011		F7	EXTENDED	myeloid_dendritic	0.5970445355175379	763	GSM6086629
GSE202011		F7	EXTENDED	T_NK_cytotoxic	0.3012978619369608	763	GSM6086629
GSE202011		F7	EXTENDED	B_plasma	0.2057627395818168	763	GSM6086629
GSE202011		F1	CORE	keratinocyte_basal	0.4288759801270813	983	GSM6086630
GSE202011		F1	CORE	keratinocyte_spinous_suprabasal	0.275314284757436	983	GSM6086630
GSE202011		F1	CORE	keratinocyte_inflammatory_T17	0.2212917724945084	983	GSM6086630
GSE202011		F1	CORE	keratinocyte_stress_hypoxia	0.5286205302415528	983	GSM6086630
GSE202011		F1	CORE	fibroblast_matrix	-0.0760680375336248	983	GSM6086630
GSE202011		F1	CORE	fibroblast_inflammatory	0.3788763534766385	983	GSM6086630
GSE202011		F1	CORE	endothelial_vascular	0.5162275908473414	983	GSM6086630
GSE202011		F1	CORE	myeloid_dendritic	0.4824793078842811	983	GSM6086630
GSE202011		F1	CORE	T_NK_cytotoxic	0.4188787921581174	983	GSM6086630
GSE202011		F1	CORE	B_plasma	0.2389286854344439	983	GSM6086630
GSE202011		F1	EXTENDED	keratinocyte_basal	0.4314745735351665	983	GSM6086630
GSE202011		F1	EXTENDED	keratinocyte_spinous_suprabasal	0.2964588793867051	983	GSM6086630
GSE202011		F1	EXTENDED	keratinocyte_inflammatory_T17	0.2377128056398443	983	GSM6086630
GSE202011		F1	EXTENDED	keratinocyte_stress_hypoxia	0.5515825656688909	983	GSM6086630
GSE202011		F1	EXTENDED	fibroblast_matrix	0.0175362047672545	983	GSM6086630
GSE202011		F1	EXTENDED	fibroblast_inflammatory	0.4392285778684583	983	GSM6086630
GSE202011		F1	EXTENDED	endothelial_vascular	0.5352290576565598	983	GSM6086630
GSE202011		F1	EXTENDED	myeloid_dendritic	0.5093357981055473	983	GSM6086630
GSE202011		F1	EXTENDED	T_NK_cytotoxic	0.422111468993327	983	GSM6086630
GSE202011		F1	EXTENDED	B_plasma	0.2523251502712836	983	GSM6086630
GSE202011		F2	CORE	keratinocyte_basal	0.4090076743333862	983	GSM6086630
GSE202011		F2	CORE	keratinocyte_spinous_suprabasal	0.2940198504878886	983	GSM6086630
GSE202011		F2	CORE	keratinocyte_inflammatory_T17	0.2519885029499845	983	GSM6086630
GSE202011		F2	CORE	keratinocyte_stress_hypoxia	0.5429255453509855	983	GSM6086630
GSE202011		F2	CORE	fibroblast_matrix	0.0607188845017669	983	GSM6086630
GSE202011		F2	CORE	fibroblast_inflammatory	0.4664452556379857	983	GSM6086630
GSE202011		F2	CORE	endothelial_vascular	0.5560153570580115	983	GSM6086630
GSE202011		F2	CORE	myeloid_dendritic	0.5173619593219247	983	GSM6086630
GSE202011		F2	CORE	T_NK_cytotoxic	0.4127176643566198	983	GSM6086630
GSE202011		F2	CORE	B_plasma	0.2683532874928143	983	GSM6086630
GSE202011		F2	EXTENDED	keratinocyte_basal	0.410840273032672	983	GSM6086630
GSE202011		F2	EXTENDED	keratinocyte_spinous_suprabasal	0.2844030011674127	983	GSM6086630
GSE202011		F2	EXTENDED	keratinocyte_inflammatory_T17	0.2343211350193365	983	GSM6086630
GSE202011		F2	EXTENDED	keratinocyte_stress_hypoxia	0.5431722197630887	983	GSM6086630
GSE202011		F2	EXTENDED	fibroblast_matrix	0.0794107815128638	983	GSM6086630
GSE202011		F2	EXTENDED	fibroblast_inflammatory	0.4753357018188887	983	GSM6086630
GSE202011		F2	EXTENDED	endothelial_vascular	0.5577940157081567	983	GSM6086630
GSE202011		F2	EXTENDED	myeloid_dendritic	0.5226899424891396	983	GSM6086630
GSE202011		F2	EXTENDED	T_NK_cytotoxic	0.4139275585138579	983	GSM6086630
GSE202011		F2	EXTENDED	B_plasma	0.2671998015655897	983	GSM6086630
GSE202011		F6	CORE	keratinocyte_basal	0.4458412992537552	983	GSM6086630
GSE202011		F6	CORE	keratinocyte_spinous_suprabasal	0.3103922884044198	983	GSM6086630
GSE202011		F6	CORE	keratinocyte_inflammatory_T17	0.2619688761952792	983	GSM6086630
GSE202011		F6	CORE	keratinocyte_stress_hypoxia	0.550385934419097	983	GSM6086630
GSE202011		F6	CORE	fibroblast_matrix	-0.0268362300958701	983	GSM6086630
GSE202011		F6	CORE	fibroblast_inflammatory	0.4121163109054085	983	GSM6086630
GSE202011		F6	CORE	endothelial_vascular	0.5043360520921542	983	GSM6086630
GSE202011		F6	CORE	myeloid_dendritic	0.5027065585608373	983	GSM6086630
GSE202011		F6	CORE	T_NK_cytotoxic	0.4207626892226551	983	GSM6086630
GSE202011		F6	CORE	B_plasma	0.2446675323688207	983	GSM6086630
GSE202011		F6	EXTENDED	keratinocyte_basal	0.4393248388095401	983	GSM6086630
GSE202011		F6	EXTENDED	keratinocyte_spinous_suprabasal	0.3138905107172314	983	GSM6086630
GSE202011		F6	EXTENDED	keratinocyte_inflammatory_T17	0.2570922672198154	983	GSM6086630
GSE202011		F6	EXTENDED	keratinocyte_stress_hypoxia	0.5550016100152043	983	GSM6086630
GSE202011		F6	EXTENDED	fibroblast_matrix	-0.0127855956938474	983	GSM6086630
GSE202011		F6	EXTENDED	fibroblast_inflammatory	0.4341259978903815	983	GSM6086630
GSE202011		F6	EXTENDED	endothelial_vascular	0.5376587060220407	983	GSM6086630
GSE202011		F6	EXTENDED	myeloid_dendritic	0.5146854724478404	983	GSM6086630
GSE202011		F6	EXTENDED	T_NK_cytotoxic	0.4295811303978568	983	GSM6086630
GSE202011		F6	EXTENDED	B_plasma	0.250996648932738	983	GSM6086630
GSE202011		F7	CORE	keratinocyte_basal	0.420935260009813	983	GSM6086630
GSE202011		F7	CORE	keratinocyte_spinous_suprabasal	0.2861307940265154	983	GSM6086630
GSE202011		F7	CORE	keratinocyte_inflammatory_T17	0.2202423945132929	983	GSM6086630
GSE202011		F7	CORE	keratinocyte_stress_hypoxia	0.5136968835781526	983	GSM6086630
GSE202011		F7	CORE	fibroblast_matrix	-0.0449545421425226	983	GSM6086630
GSE202011		F7	CORE	fibroblast_inflammatory	0.404035805913766	983	GSM6086630
GSE202011		F7	CORE	endothelial_vascular	0.5612486327000628	983	GSM6086630
GSE202011		F7	CORE	myeloid_dendritic	0.5014062498510244	983	GSM6086630
GSE202011		F7	CORE	T_NK_cytotoxic	0.4096292007091546	983	GSM6086630
GSE202011		F7	CORE	B_plasma	0.25192613930545	983	GSM6086630
GSE202011		F7	EXTENDED	keratinocyte_basal	0.4368404435719009	983	GSM6086630
GSE202011		F7	EXTENDED	keratinocyte_spinous_suprabasal	0.3028933565339875	983	GSM6086630
GSE202011		F7	EXTENDED	keratinocyte_inflammatory_T17	0.2397577917026418	983	GSM6086630
GSE202011		F7	EXTENDED	keratinocyte_stress_hypoxia	0.5348205129057059	983	GSM6086630
GSE202011		F7	EXTENDED	fibroblast_matrix	-0.0309516717753312	983	GSM6086630
GSE202011		F7	EXTENDED	fibroblast_inflammatory	0.4139093586766605	983	GSM6086630
GSE202011		F7	EXTENDED	endothelial_vascular	0.5582549946000855	983	GSM6086630
GSE202011		F7	EXTENDED	myeloid_dendritic	0.5124844498041272	983	GSM6086630
GSE202011		F7	EXTENDED	T_NK_cytotoxic	0.4246740174096717	983	GSM6086630
GSE202011		F7	EXTENDED	B_plasma	0.259367976970978	983	GSM6086630
GSE202011		F1	CORE	keratinocyte_basal	0.293206891358294	929	GSM6086631
GSE202011		F1	CORE	keratinocyte_spinous_suprabasal	0.2478047636571298	929	GSM6086631
GSE202011		F1	CORE	keratinocyte_inflammatory_T17	0.2827129152218384	929	GSM6086631
GSE202011		F1	CORE	keratinocyte_stress_hypoxia	0.3996909834967225	929	GSM6086631
GSE202011		F1	CORE	fibroblast_matrix	0.3581457979244006	929	GSM6086631
GSE202011		F1	CORE	fibroblast_inflammatory	0.369052971688265	929	GSM6086631
GSE202011		F1	CORE	endothelial_vascular	0.3159118658047181	929	GSM6086631
GSE202011		F1	CORE	myeloid_dendritic	0.3958403504406033	929	GSM6086631
GSE202011		F1	CORE	T_NK_cytotoxic	0.2331490385051776	929	GSM6086631
GSE202011		F1	CORE	B_plasma	0.1597198953574357	929	GSM6086631
GSE202011		F1	EXTENDED	keratinocyte_basal	0.2903355647746586	929	GSM6086631
GSE202011		F1	EXTENDED	keratinocyte_spinous_suprabasal	0.2243279745216541	929	GSM6086631
GSE202011		F1	EXTENDED	keratinocyte_inflammatory_T17	0.2843076862035614	929	GSM6086631
GSE202011		F1	EXTENDED	keratinocyte_stress_hypoxia	0.4124526621415207	929	GSM6086631
GSE202011		F1	EXTENDED	fibroblast_matrix	0.4447900057098561	929	GSM6086631
GSE202011		F1	EXTENDED	fibroblast_inflammatory	0.4202319944737827	929	GSM6086631
GSE202011		F1	EXTENDED	endothelial_vascular	0.3012571587353735	929	GSM6086631
GSE202011		F1	EXTENDED	myeloid_dendritic	0.412816458532582	929	GSM6086631
GSE202011		F1	EXTENDED	T_NK_cytotoxic	0.2386772493527889	929	GSM6086631
GSE202011		F1	EXTENDED	B_plasma	0.1627491853286697	929	GSM6086631
GSE202011		F2	CORE	keratinocyte_basal	0.2666356872439471	929	GSM6086631
GSE202011		F2	CORE	keratinocyte_spinous_suprabasal	0.1896906076148639	929	GSM6086631
GSE202011		F2	CORE	keratinocyte_inflammatory_T17	0.2690416373981888	929	GSM6086631
GSE202011		F2	CORE	keratinocyte_stress_hypoxia	0.4167742184800656	929	GSM6086631
GSE202011		F2	CORE	fibroblast_matrix	0.4596629966109514	929	GSM6086631
GSE202011		F2	CORE	fibroblast_inflammatory	0.4296916917940466	929	GSM6086631
GSE202011		F2	CORE	endothelial_vascular	0.3386506789602682	929	GSM6086631
GSE202011		F2	CORE	myeloid_dendritic	0.4161406765917386	929	GSM6086631
GSE202011		F2	CORE	T_NK_cytotoxic	0.2309939335422973	929	GSM6086631
GSE202011		F2	CORE	B_plasma	0.1670403593636827	929	GSM6086631
GSE202011		F2	EXTENDED	keratinocyte_basal	0.2735941213591241	929	GSM6086631
GSE202011		F2	EXTENDED	keratinocyte_spinous_suprabasal	0.2004975246254874	929	GSM6086631
GSE202011		F2	EXTENDED	keratinocyte_inflammatory_T17	0.270056384421252	929	GSM6086631
GSE202011		F2	EXTENDED	keratinocyte_stress_hypoxia	0.4209127700330162	929	GSM6086631
GSE202011		F2	EXTENDED	fibroblast_matrix	0.4791914582143793	929	GSM6086631
GSE202011		F2	EXTENDED	fibroblast_inflammatory	0.441484536196334	929	GSM6086631
GSE202011		F2	EXTENDED	endothelial_vascular	0.3325254401936302	929	GSM6086631
GSE202011		F2	EXTENDED	myeloid_dendritic	0.4220540030199063	929	GSM6086631
GSE202011		F2	EXTENDED	T_NK_cytotoxic	0.2324517384232907	929	GSM6086631
GSE202011		F2	EXTENDED	B_plasma	0.1656926411323767	929	GSM6086631
GSE202011		F6	CORE	keratinocyte_basal	0.2763612888873731	929	GSM6086631
GSE202011		F6	CORE	keratinocyte_spinous_suprabasal	0.2256129223530255	929	GSM6086631
GSE202011		F6	CORE	keratinocyte_inflammatory_T17	0.2772158420184445	929	GSM6086631
GSE202011		F6	CORE	keratinocyte_stress_hypoxia	0.4105827883195502	929	GSM6086631
GSE202011		F6	CORE	fibroblast_matrix	0.3277504083517091	929	GSM6086631
GSE202011		F6	CORE	fibroblast_inflammatory	0.3509701553546346	929	GSM6086631
GSE202011		F6	CORE	endothelial_vascular	0.2790032140725171	929	GSM6086631
GSE202011		F6	CORE	myeloid_dendritic	0.4100845140493491	929	GSM6086631
GSE202011		F6	CORE	T_NK_cytotoxic	0.224819127551499	929	GSM6086631
GSE202011		F6	CORE	B_plasma	0.1801297994506324	929	GSM6086631
GSE202011		F6	EXTENDED	keratinocyte_basal	0.3094624680825286	929	GSM6086631
GSE202011		F6	EXTENDED	keratinocyte_spinous_suprabasal	0.2451914813594548	929	GSM6086631
GSE202011		F6	EXTENDED	keratinocyte_inflammatory_T17	0.2785422355057534	929	GSM6086631
GSE202011		F6	EXTENDED	keratinocyte_stress_hypoxia	0.4317174941428633	929	GSM6086631
GSE202011		F6	EXTENDED	fibroblast_matrix	0.370371544718065	929	GSM6086631
GSE202011		F6	EXTENDED	fibroblast_inflammatory	0.3962576167060516	929	GSM6086631
GSE202011		F6	EXTENDED	endothelial_vascular	0.2842368224933788	929	GSM6086631
GSE202011		F6	EXTENDED	myeloid_dendritic	0.4280728034278815	929	GSM6086631
GSE202011		F6	EXTENDED	T_NK_cytotoxic	0.2248332360641611	929	GSM6086631
GSE202011		F6	EXTENDED	B_plasma	0.170039092463317	929	GSM6086631
GSE202011		F7	CORE	keratinocyte_basal	0.3210129232396471	929	GSM6086631
GSE202011		F7	CORE	keratinocyte_spinous_suprabasal	0.2593759254631064	929	GSM6086631
GSE202011		F7	CORE	keratinocyte_inflammatory_T17	0.2721970466870801	929	GSM6086631
GSE202011		F7	CORE	keratinocyte_stress_hypoxia	0.3871495755860917	929	GSM6086631
GSE202011		F7	CORE	fibroblast_matrix	0.3181793572094087	929	GSM6086631
GSE202011		F7	CORE	fibroblast_inflammatory	0.3790321937536329	929	GSM6086631
GSE202011		F7	CORE	endothelial_vascular	0.3444075242223126	929	GSM6086631
GSE202011		F7	CORE	myeloid_dendritic	0.398133551219284	929	GSM6086631
GSE202011		F7	CORE	T_NK_cytotoxic	0.1928047483350281	929	GSM6086631
GSE202011		F7	CORE	B_plasma	0.1650771972240448	929	GSM6086631
GSE202011		F7	EXTENDED	keratinocyte_basal	0.3182612470327985	929	GSM6086631
GSE202011		F7	EXTENDED	keratinocyte_spinous_suprabasal	0.2523982224582751	929	GSM6086631
GSE202011		F7	EXTENDED	keratinocyte_inflammatory_T17	0.2810235349109856	929	GSM6086631
GSE202011		F7	EXTENDED	keratinocyte_stress_hypoxia	0.4019521828618972	929	GSM6086631
GSE202011		F7	EXTENDED	fibroblast_matrix	0.340679760698129	929	GSM6086631
GSE202011		F7	EXTENDED	fibroblast_inflammatory	0.3955488796822035	929	GSM6086631
GSE202011		F7	EXTENDED	endothelial_vascular	0.3383154288978672	929	GSM6086631
GSE202011		F7	EXTENDED	myeloid_dendritic	0.4136238475797538	929	GSM6086631
GSE202011		F7	EXTENDED	T_NK_cytotoxic	0.2054027183030822	929	GSM6086631
GSE202011		F7	EXTENDED	B_plasma	0.1705569899628943	929	GSM6086631
GSE202011		F1	CORE	keratinocyte_basal	0.3048528520678343	830	GSM6086632
GSE202011		F1	CORE	keratinocyte_spinous_suprabasal	0.1577148487379677	830	GSM6086632
GSE202011		F1	CORE	keratinocyte_inflammatory_T17	-0.1549217848343551	830	GSM6086632
GSE202011		F1	CORE	keratinocyte_stress_hypoxia	0.4095021872533902	830	GSM6086632
GSE202011		F1	CORE	fibroblast_matrix	-0.0297410945307287	830	GSM6086632
GSE202011		F1	CORE	fibroblast_inflammatory	0.1168190197364405	830	GSM6086632
GSE202011		F1	CORE	endothelial_vascular	0.2794089342758656	830	GSM6086632
GSE202011		F1	CORE	myeloid_dendritic	0.4050793253322401	830	GSM6086632
GSE202011		F1	CORE	T_NK_cytotoxic	0.3642801882577302	830	GSM6086632
GSE202011		F1	CORE	B_plasma	0.1157976870105413	830	GSM6086632
GSE202011		F1	EXTENDED	keratinocyte_basal	0.337897445646574	830	GSM6086632
GSE202011		F1	EXTENDED	keratinocyte_spinous_suprabasal	0.2071261925584001	830	GSM6086632
GSE202011		F1	EXTENDED	keratinocyte_inflammatory_T17	-0.1223675451961351	830	GSM6086632
GSE202011		F1	EXTENDED	keratinocyte_stress_hypoxia	0.4436677094890439	830	GSM6086632
GSE202011		F1	EXTENDED	fibroblast_matrix	0.0216431616213224	830	GSM6086632
GSE202011		F1	EXTENDED	fibroblast_inflammatory	0.1735135195376089	830	GSM6086632
GSE202011		F1	EXTENDED	endothelial_vascular	0.2849505776392006	830	GSM6086632
GSE202011		F1	EXTENDED	myeloid_dendritic	0.4595139725249217	830	GSM6086632
GSE202011		F1	EXTENDED	T_NK_cytotoxic	0.4015000188444431	830	GSM6086632
GSE202011		F1	EXTENDED	B_plasma	0.1423719687900809	830	GSM6086632
GSE202011		F2	CORE	keratinocyte_basal	0.3149437622245136	830	GSM6086632
GSE202011		F2	CORE	keratinocyte_spinous_suprabasal	0.2273577541348825	830	GSM6086632
GSE202011		F2	CORE	keratinocyte_inflammatory_T17	-0.1095678028181468	830	GSM6086632
GSE202011		F2	CORE	keratinocyte_stress_hypoxia	0.4674152337281604	830	GSM6086632
GSE202011		F2	CORE	fibroblast_matrix	0.049247559884442	830	GSM6086632
GSE202011		F2	CORE	fibroblast_inflammatory	0.1833509326598585	830	GSM6086632
GSE202011		F2	CORE	endothelial_vascular	0.2951228702548414	830	GSM6086632
GSE202011		F2	CORE	myeloid_dendritic	0.4729076040503256	830	GSM6086632
GSE202011		F2	CORE	T_NK_cytotoxic	0.4269442189502997	830	GSM6086632
GSE202011		F2	CORE	B_plasma	0.1500022631143533	830	GSM6086632
GSE202011		F2	EXTENDED	keratinocyte_basal	0.3092661803762129	830	GSM6086632
GSE202011		F2	EXTENDED	keratinocyte_spinous_suprabasal	0.1876793941015875	830	GSM6086632
GSE202011		F2	EXTENDED	keratinocyte_inflammatory_T17	-0.144925593425948	830	GSM6086632
GSE202011		F2	EXTENDED	keratinocyte_stress_hypoxia	0.4494929227191817	830	GSM6086632
GSE202011		F2	EXTENDED	fibroblast_matrix	0.0824525057877608	830	GSM6086632
GSE202011		F2	EXTENDED	fibroblast_inflammatory	0.1977764282363881	830	GSM6086632
GSE202011		F2	EXTENDED	endothelial_vascular	0.3096080433742579	830	GSM6086632
GSE202011		F2	EXTENDED	myeloid_dendritic	0.4597623123071603	830	GSM6086632
GSE202011		F2	EXTENDED	T_NK_cytotoxic	0.4084062086229878	830	GSM6086632
GSE202011		F2	EXTENDED	B_plasma	0.1394130034975607	830	GSM6086632
GSE202011		F6	CORE	keratinocyte_basal	0.3174238596881842	830	GSM6086632
GSE202011		F6	CORE	keratinocyte_spinous_suprabasal	0.258077491090524	830	GSM6086632
GSE202011		F6	CORE	keratinocyte_inflammatory_T17	-0.0512281123443128	830	GSM6086632
GSE202011		F6	CORE	keratinocyte_stress_hypoxia	0.4804894055564367	830	GSM6086632
GSE202011		F6	CORE	fibroblast_matrix	-0.0277383404771887	830	GSM6086632
GSE202011		F6	CORE	fibroblast_inflammatory	0.1155443118454216	830	GSM6086632
GSE202011		F6	CORE	endothelial_vascular	0.2580392433932107	830	GSM6086632
GSE202011		F6	CORE	myeloid_dendritic	0.4305826230278045	830	GSM6086632
GSE202011		F6	CORE	T_NK_cytotoxic	0.4167920959902111	830	GSM6086632
GSE202011		F6	CORE	B_plasma	0.1227113299838171	830	GSM6086632
GSE202011		F6	EXTENDED	keratinocyte_basal	0.3355449381585663	830	GSM6086632
GSE202011		F6	EXTENDED	keratinocyte_spinous_suprabasal	0.2411064700344815	830	GSM6086632
GSE202011		F6	EXTENDED	keratinocyte_inflammatory_T17	-0.1119094748304248	830	GSM6086632
GSE202011		F6	EXTENDED	keratinocyte_stress_hypoxia	0.4559444401463384	830	GSM6086632
GSE202011		F6	EXTENDED	fibroblast_matrix	-0.0144386218286234	830	GSM6086632
GSE202011		F6	EXTENDED	fibroblast_inflammatory	0.1448872369466951	830	GSM6086632
GSE202011		F6	EXTENDED	endothelial_vascular	0.2666252131768057	830	GSM6086632
GSE202011		F6	EXTENDED	myeloid_dendritic	0.46153417694534	830	GSM6086632
GSE202011		F6	EXTENDED	T_NK_cytotoxic	0.4171550581815724	830	GSM6086632
GSE202011		F6	EXTENDED	B_plasma	0.1414922353963469	830	GSM6086632
GSE202011		F7	CORE	keratinocyte_basal	0.316115365713954	830	GSM6086632
GSE202011		F7	CORE	keratinocyte_spinous_suprabasal	0.1468107021249304	830	GSM6086632
GSE202011		F7	CORE	keratinocyte_inflammatory_T17	-0.2338116887297222	830	GSM6086632
GSE202011		F7	CORE	keratinocyte_stress_hypoxia	0.3636572821842551	830	GSM6086632
GSE202011		F7	CORE	fibroblast_matrix	-0.0145854095216937	830	GSM6086632
GSE202011		F7	CORE	fibroblast_inflammatory	0.1694525313646647	830	GSM6086632
GSE202011		F7	CORE	endothelial_vascular	0.2619935462765332	830	GSM6086632
GSE202011		F7	CORE	myeloid_dendritic	0.4276804428960816	830	GSM6086632
GSE202011		F7	CORE	T_NK_cytotoxic	0.3640921356807566	830	GSM6086632
GSE202011		F7	CORE	B_plasma	0.1041673278668187	830	GSM6086632
GSE202011		F7	EXTENDED	keratinocyte_basal	0.3371069209458359	830	GSM6086632
GSE202011		F7	EXTENDED	keratinocyte_spinous_suprabasal	0.1966394537479432	830	GSM6086632
GSE202011		F7	EXTENDED	keratinocyte_inflammatory_T17	-0.167171000305936	830	GSM6086632
GSE202011		F7	EXTENDED	keratinocyte_stress_hypoxia	0.4219751753240589	830	GSM6086632
GSE202011		F7	EXTENDED	fibroblast_matrix	-0.0295261655285066	830	GSM6086632
GSE202011		F7	EXTENDED	fibroblast_inflammatory	0.1497646613053138	830	GSM6086632
GSE202011		F7	EXTENDED	endothelial_vascular	0.2719514861210009	830	GSM6086632
GSE202011		F7	EXTENDED	myeloid_dendritic	0.4480619557344297	830	GSM6086632
GSE202011		F7	EXTENDED	T_NK_cytotoxic	0.3950171088708304	830	GSM6086632
GSE202011		F7	EXTENDED	B_plasma	0.1282285474665676	830	GSM6086632
GSE202011		F1	CORE	keratinocyte_basal	0.3819286796731382	955	GSM6086633
GSE202011		F1	CORE	keratinocyte_spinous_suprabasal	0.1770721351763386	955	GSM6086633
GSE202011		F1	CORE	keratinocyte_inflammatory_T17	0.2601056126091652	955	GSM6086633
GSE202011		F1	CORE	keratinocyte_stress_hypoxia	0.4428669597607491	955	GSM6086633
GSE202011		F1	CORE	fibroblast_matrix	0.0298648317927144	955	GSM6086633
GSE202011		F1	CORE	fibroblast_inflammatory	0.1655746510096424	955	GSM6086633
GSE202011		F1	CORE	endothelial_vascular	0.2303489814204074	955	GSM6086633
GSE202011		F1	CORE	myeloid_dendritic	0.3744257293624388	955	GSM6086633
GSE202011		F1	CORE	T_NK_cytotoxic	0.1446271808992174	955	GSM6086633
GSE202011		F1	CORE	B_plasma	0.0645758800041505	955	GSM6086633
GSE202011		F1	EXTENDED	keratinocyte_basal	0.3966540987199771	955	GSM6086633
GSE202011		F1	EXTENDED	keratinocyte_spinous_suprabasal	0.2249142693765863	955	GSM6086633
GSE202011		F1	EXTENDED	keratinocyte_inflammatory_T17	0.2901782437304376	955	GSM6086633
GSE202011		F1	EXTENDED	keratinocyte_stress_hypoxia	0.4601090115037807	955	GSM6086633
GSE202011		F1	EXTENDED	fibroblast_matrix	0.142477169691545	955	GSM6086633
GSE202011		F1	EXTENDED	fibroblast_inflammatory	0.2089146175769073	955	GSM6086633
GSE202011		F1	EXTENDED	endothelial_vascular	0.2652978113961984	955	GSM6086633
GSE202011		F1	EXTENDED	myeloid_dendritic	0.4166611663059035	955	GSM6086633
GSE202011		F1	EXTENDED	T_NK_cytotoxic	0.1601457751876327	955	GSM6086633
GSE202011		F1	EXTENDED	B_plasma	0.0733435982539701	955	GSM6086633
GSE202011		F2	CORE	keratinocyte_basal	0.3786111118401047	955	GSM6086633
GSE202011		F2	CORE	keratinocyte_spinous_suprabasal	0.2373883330086287	955	GSM6086633
GSE202011		F2	CORE	keratinocyte_inflammatory_T17	0.2338960128072558	955	GSM6086633
GSE202011		F2	CORE	keratinocyte_stress_hypoxia	0.4560786761904993	955	GSM6086633
GSE202011		F2	CORE	fibroblast_matrix	0.2370401055193945	955	GSM6086633
GSE202011		F2	CORE	fibroblast_inflammatory	0.2484073497024891	955	GSM6086633
GSE202011		F2	CORE	endothelial_vascular	0.2842468083259897	955	GSM6086633
GSE202011		F2	CORE	myeloid_dendritic	0.4410716852153785	955	GSM6086633
GSE202011		F2	CORE	T_NK_cytotoxic	0.1792239892625828	955	GSM6086633
GSE202011		F2	CORE	B_plasma	0.0870872948173482	955	GSM6086633
GSE202011		F2	EXTENDED	keratinocyte_basal	0.3694670086239762	955	GSM6086633
GSE202011		F2	EXTENDED	keratinocyte_spinous_suprabasal	0.2457143047323157	955	GSM6086633
GSE202011		F2	EXTENDED	keratinocyte_inflammatory_T17	0.2282967368571036	955	GSM6086633
GSE202011		F2	EXTENDED	keratinocyte_stress_hypoxia	0.4599411952399436	955	GSM6086633
GSE202011		F2	EXTENDED	fibroblast_matrix	0.2851346758366369	955	GSM6086633
GSE202011		F2	EXTENDED	fibroblast_inflammatory	0.2754254444453832	955	GSM6086633
GSE202011		F2	EXTENDED	endothelial_vascular	0.2807419655743486	955	GSM6086633
GSE202011		F2	EXTENDED	myeloid_dendritic	0.4366023478931776	955	GSM6086633
GSE202011		F2	EXTENDED	T_NK_cytotoxic	0.1769025908742604	955	GSM6086633
GSE202011		F2	EXTENDED	B_plasma	0.0871655773541051	955	GSM6086633
GSE202011		F6	CORE	keratinocyte_basal	0.403467534708547	955	GSM6086633
GSE202011		F6	CORE	keratinocyte_spinous_suprabasal	0.1992997128871103	955	GSM6086633
GSE202011		F6	CORE	keratinocyte_inflammatory_T17	0.2615511016451139	955	GSM6086633
GSE202011		F6	CORE	keratinocyte_stress_hypoxia	0.4680022042722971	955	GSM6086633
GSE202011		F6	CORE	fibroblast_matrix	0.0548930131165959	955	GSM6086633
GSE202011		F6	CORE	fibroblast_inflammatory	0.1740031433245855	955	GSM6086633
GSE202011		F6	CORE	endothelial_vascular	0.2500606702081629	955	GSM6086633
GSE202011		F6	CORE	myeloid_dendritic	0.4072170026575183	955	GSM6086633
GSE202011		F6	CORE	T_NK_cytotoxic	0.1529875792864709	955	GSM6086633
GSE202011		F6	CORE	B_plasma	0.0639277031586026	955	GSM6086633
GSE202011		F6	EXTENDED	keratinocyte_basal	0.4122659643599642	955	GSM6086633
GSE202011		F6	EXTENDED	keratinocyte_spinous_suprabasal	0.2249454629366649	955	GSM6086633
GSE202011		F6	EXTENDED	keratinocyte_inflammatory_T17	0.2993157465527131	955	GSM6086633
GSE202011		F6	EXTENDED	keratinocyte_stress_hypoxia	0.4703503475164756	955	GSM6086633
GSE202011		F6	EXTENDED	fibroblast_matrix	0.0936071213499431	955	GSM6086633
GSE202011		F6	EXTENDED	fibroblast_inflammatory	0.187855486605992	955	GSM6086633
GSE202011		F6	EXTENDED	endothelial_vascular	0.2629848712751905	955	GSM6086633
GSE202011		F6	EXTENDED	myeloid_dendritic	0.4197589782768033	955	GSM6086633
GSE202011		F6	EXTENDED	T_NK_cytotoxic	0.1629048504290893	955	GSM6086633
GSE202011		F6	EXTENDED	B_plasma	0.0787721811877879	955	GSM6086633
GSE202011		F7	CORE	keratinocyte_basal	0.4134554854583016	955	GSM6086633
GSE202011		F7	CORE	keratinocyte_spinous_suprabasal	0.2079604945785774	955	GSM6086633
GSE202011		F7	CORE	keratinocyte_inflammatory_T17	0.3020813878914454	955	GSM6086633
GSE202011		F7	CORE	keratinocyte_stress_hypoxia	0.4547547409544039	955	GSM6086633
GSE202011		F7	CORE	fibroblast_matrix	0.0186109880276389	955	GSM6086633
GSE202011		F7	CORE	fibroblast_inflammatory	0.1570449329803863	955	GSM6086633
GSE202011		F7	CORE	endothelial_vascular	0.2777296242732531	955	GSM6086633
GSE202011		F7	CORE	myeloid_dendritic	0.4106616731764795	955	GSM6086633
GSE202011		F7	CORE	T_NK_cytotoxic	0.1433182221390452	955	GSM6086633
GSE202011		F7	CORE	B_plasma	0.0677658628805817	955	GSM6086633
GSE202011		F7	EXTENDED	keratinocyte_basal	0.4192472331509849	955	GSM6086633
GSE202011		F7	EXTENDED	keratinocyte_spinous_suprabasal	0.2134492881249586	955	GSM6086633
GSE202011		F7	EXTENDED	keratinocyte_inflammatory_T17	0.3092162030024946	955	GSM6086633
GSE202011		F7	EXTENDED	keratinocyte_stress_hypoxia	0.4669776571094588	955	GSM6086633
GSE202011		F7	EXTENDED	fibroblast_matrix	0.0327532543117427	955	GSM6086633
GSE202011		F7	EXTENDED	fibroblast_inflammatory	0.165521895098427	955	GSM6086633
GSE202011		F7	EXTENDED	endothelial_vascular	0.2809308826986447	955	GSM6086633
GSE202011		F7	EXTENDED	myeloid_dendritic	0.4180437905682839	955	GSM6086633
GSE202011		F7	EXTENDED	T_NK_cytotoxic	0.1448926246362689	955	GSM6086633
GSE202011		F7	EXTENDED	B_plasma	0.0727058809581893	955	GSM6086633
GSE202011		F1	CORE	keratinocyte_basal	0.4650199000793668	654	GSM6086634
GSE202011		F1	CORE	keratinocyte_spinous_suprabasal	0.37490941301176	654	GSM6086634
GSE202011		F1	CORE	keratinocyte_inflammatory_T17	0.3266583778296166	654	GSM6086634
GSE202011		F1	CORE	keratinocyte_stress_hypoxia	0.5572483381162981	654	GSM6086634
GSE202011		F1	CORE	fibroblast_matrix	-0.4405955694787367	654	GSM6086634
GSE202011		F1	CORE	fibroblast_inflammatory	0.0333792975492232	654	GSM6086634
GSE202011		F1	CORE	endothelial_vascular	0.3134999182249847	654	GSM6086634
GSE202011		F1	CORE	myeloid_dendritic	0.4233703932118132	654	GSM6086634
GSE202011		F1	CORE	T_NK_cytotoxic	0.45404776956665	654	GSM6086634
GSE202011		F1	CORE	B_plasma	0.2884530765915725	654	GSM6086634
GSE202011		F1	EXTENDED	keratinocyte_basal	0.4933504500241515	654	GSM6086634
GSE202011		F1	EXTENDED	keratinocyte_spinous_suprabasal	0.4055099797013934	654	GSM6086634
GSE202011		F1	EXTENDED	keratinocyte_inflammatory_T17	0.3464005816271167	654	GSM6086634
GSE202011		F1	EXTENDED	keratinocyte_stress_hypoxia	0.5835571194869564	654	GSM6086634
GSE202011		F1	EXTENDED	fibroblast_matrix	-0.3733044121282536	654	GSM6086634
GSE202011		F1	EXTENDED	fibroblast_inflammatory	0.0721344131866259	654	GSM6086634
GSE202011		F1	EXTENDED	endothelial_vascular	0.3107661840282911	654	GSM6086634
GSE202011		F1	EXTENDED	myeloid_dendritic	0.4551125640938078	654	GSM6086634
GSE202011		F1	EXTENDED	T_NK_cytotoxic	0.4661226762344885	654	GSM6086634
GSE202011		F1	EXTENDED	B_plasma	0.3084549442783481	654	GSM6086634
GSE202011		F2	CORE	keratinocyte_basal	0.4654226249146243	654	GSM6086634
GSE202011		F2	CORE	keratinocyte_spinous_suprabasal	0.3820378201775195	654	GSM6086634
GSE202011		F2	CORE	keratinocyte_inflammatory_T17	0.3159987889560773	654	GSM6086634
GSE202011		F2	CORE	keratinocyte_stress_hypoxia	0.554546266963068	654	GSM6086634
GSE202011		F2	CORE	fibroblast_matrix	-0.3011122366190787	654	GSM6086634
GSE202011		F2	CORE	fibroblast_inflammatory	0.1291954023523936	654	GSM6086634
GSE202011		F2	CORE	endothelial_vascular	0.3415572293940714	654	GSM6086634
GSE202011		F2	CORE	myeloid_dendritic	0.4792884814884002	654	GSM6086634
GSE202011		F2	CORE	T_NK_cytotoxic	0.4840365556082944	654	GSM6086634
GSE202011		F2	CORE	B_plasma	0.3356026962473861	654	GSM6086634
GSE202011		F2	EXTENDED	keratinocyte_basal	0.465094160179482	654	GSM6086634
GSE202011		F2	EXTENDED	keratinocyte_spinous_suprabasal	0.3738016273976838	654	GSM6086634
GSE202011		F2	EXTENDED	keratinocyte_inflammatory_T17	0.3016372580258203	654	GSM6086634
GSE202011		F2	EXTENDED	keratinocyte_stress_hypoxia	0.5551466297444007	654	GSM6086634
GSE202011		F2	EXTENDED	fibroblast_matrix	-0.2872721851829475	654	GSM6086634
GSE202011		F2	EXTENDED	fibroblast_inflammatory	0.1433356072969692	654	GSM6086634
GSE202011		F2	EXTENDED	endothelial_vascular	0.3454574675555171	654	GSM6086634
GSE202011		F2	EXTENDED	myeloid_dendritic	0.4779612797796621	654	GSM6086634
GSE202011		F2	EXTENDED	T_NK_cytotoxic	0.4807596198447857	654	GSM6086634
GSE202011		F2	EXTENDED	B_plasma	0.334245966198995	654	GSM6086634
GSE202011		F6	CORE	keratinocyte_basal	0.5273526741028872	654	GSM6086634
GSE202011		F6	CORE	keratinocyte_spinous_suprabasal	0.4730633024211828	654	GSM6086634
GSE202011		F6	CORE	keratinocyte_inflammatory_T17	0.4034728818716313	654	GSM6086634
GSE202011		F6	CORE	keratinocyte_stress_hypoxia	0.5904827627648558	654	GSM6086634
GSE202011		F6	CORE	fibroblast_matrix	-0.4029443216753085	654	GSM6086634
GSE202011		F6	CORE	fibroblast_inflammatory	0.0320868840485676	654	GSM6086634
GSE202011		F6	CORE	endothelial_vascular	0.2685968270711913	654	GSM6086634
GSE202011		F6	CORE	myeloid_dendritic	0.4494765292062562	654	GSM6086634
GSE202011		F6	CORE	T_NK_cytotoxic	0.4533734123921615	654	GSM6086634
GSE202011		F6	CORE	B_plasma	0.3125970325276771	654	GSM6086634
GSE202011		F6	EXTENDED	keratinocyte_basal	0.5144950590043591	654	GSM6086634
GSE202011		F6	EXTENDED	keratinocyte_spinous_suprabasal	0.4356705509160328	654	GSM6086634
GSE202011		F6	EXTENDED	keratinocyte_inflammatory_T17	0.3556698079950563	654	GSM6086634
GSE202011		F6	EXTENDED	keratinocyte_stress_hypoxia	0.58636040618179	654	GSM6086634
GSE202011		F6	EXTENDED	fibroblast_matrix	-0.3883326424776089	654	GSM6086634
GSE202011		F6	EXTENDED	fibroblast_inflammatory	0.0711347179370897	654	GSM6086634
GSE202011		F6	EXTENDED	endothelial_vascular	0.3080762533881045	654	GSM6086634
GSE202011		F6	EXTENDED	myeloid_dendritic	0.4629462548375724	654	GSM6086634
GSE202011		F6	EXTENDED	T_NK_cytotoxic	0.4668994715266255	654	GSM6086634
GSE202011		F6	EXTENDED	B_plasma	0.3223966755361203	654	GSM6086634
GSE202011		F7	CORE	keratinocyte_basal	0.4083844544589304	654	GSM6086634
GSE202011		F7	CORE	keratinocyte_spinous_suprabasal	0.2472624636820876	654	GSM6086634
GSE202011		F7	CORE	keratinocyte_inflammatory_T17	0.1809415233735659	654	GSM6086634
GSE202011		F7	CORE	keratinocyte_stress_hypoxia	0.495106886376994	654	GSM6086634
GSE202011		F7	CORE	fibroblast_matrix	-0.3639198707447437	654	GSM6086634
GSE202011		F7	CORE	fibroblast_inflammatory	0.1539673761431758	654	GSM6086634
GSE202011		F7	CORE	endothelial_vascular	0.3556332080746124	654	GSM6086634
GSE202011		F7	CORE	myeloid_dendritic	0.4369518387507288	654	GSM6086634
GSE202011		F7	CORE	T_NK_cytotoxic	0.4547038071200988	654	GSM6086634
GSE202011		F7	CORE	B_plasma	0.3506646482777055	654	GSM6086634
GSE202011		F7	EXTENDED	keratinocyte_basal	0.4636654361793758	654	GSM6086634
GSE202011		F7	EXTENDED	keratinocyte_spinous_suprabasal	0.3308629767048426	654	GSM6086634
GSE202011		F7	EXTENDED	keratinocyte_inflammatory_T17	0.2664753720619288	654	GSM6086634
GSE202011		F7	EXTENDED	keratinocyte_stress_hypoxia	0.5471332099914323	654	GSM6086634
GSE202011		F7	EXTENDED	fibroblast_matrix	-0.3805865070244833	654	GSM6086634
GSE202011		F7	EXTENDED	fibroblast_inflammatory	0.128954273387068	654	GSM6086634
GSE202011		F7	EXTENDED	endothelial_vascular	0.3442462447360623	654	GSM6086634
GSE202011		F7	EXTENDED	myeloid_dendritic	0.4641842252565699	654	GSM6086634
GSE202011		F7	EXTENDED	T_NK_cytotoxic	0.472022895010796	654	GSM6086634
GSE202011		F7	EXTENDED	B_plasma	0.3521544092023466	654	GSM6086634
GSE202011		F1	CORE	keratinocyte_basal	0.3441217588650519	685	GSM6086635
GSE202011		F1	CORE	keratinocyte_spinous_suprabasal	0.1525505411018356	685	GSM6086635
GSE202011		F1	CORE	keratinocyte_inflammatory_T17	0.2633237312529142	685	GSM6086635
GSE202011		F1	CORE	keratinocyte_stress_hypoxia	0.5051706223470888	685	GSM6086635
GSE202011		F1	CORE	fibroblast_matrix	0.0726317580451904	685	GSM6086635
GSE202011		F1	CORE	fibroblast_inflammatory	0.2132413832267629	685	GSM6086635
GSE202011		F1	CORE	endothelial_vascular	0.3477922058112642	685	GSM6086635
GSE202011		F1	CORE	myeloid_dendritic	0.4493214905612965	685	GSM6086635
GSE202011		F1	CORE	T_NK_cytotoxic	0.3699303662411231	685	GSM6086635
GSE202011		F1	CORE	B_plasma	0.1823565379993031	685	GSM6086635
GSE202011		F1	EXTENDED	keratinocyte_basal	0.3947260157288041	685	GSM6086635
GSE202011		F1	EXTENDED	keratinocyte_spinous_suprabasal	0.222949774915563	685	GSM6086635
GSE202011		F1	EXTENDED	keratinocyte_inflammatory_T17	0.2977749333874715	685	GSM6086635
GSE202011		F1	EXTENDED	keratinocyte_stress_hypoxia	0.5335459944605907	685	GSM6086635
GSE202011		F1	EXTENDED	fibroblast_matrix	0.194778165559446	685	GSM6086635
GSE202011		F1	EXTENDED	fibroblast_inflammatory	0.2979298096431435	685	GSM6086635
GSE202011		F1	EXTENDED	endothelial_vascular	0.3727347249915044	685	GSM6086635
GSE202011		F1	EXTENDED	myeloid_dendritic	0.5024819574083229	685	GSM6086635
GSE202011		F1	EXTENDED	T_NK_cytotoxic	0.3906358579165011	685	GSM6086635
GSE202011		F1	EXTENDED	B_plasma	0.2058011794491872	685	GSM6086635
GSE202011		F2	CORE	keratinocyte_basal	0.3927997566710033	685	GSM6086635
GSE202011		F2	CORE	keratinocyte_spinous_suprabasal	0.2618055650854028	685	GSM6086635
GSE202011		F2	CORE	keratinocyte_inflammatory_T17	0.2883225932132927	685	GSM6086635
GSE202011		F2	CORE	keratinocyte_stress_hypoxia	0.5316684947975655	685	GSM6086635
GSE202011		F2	CORE	fibroblast_matrix	0.2821255232439222	685	GSM6086635
GSE202011		F2	CORE	fibroblast_inflammatory	0.3202522210303594	685	GSM6086635
GSE202011		F2	CORE	endothelial_vascular	0.3793437787560339	685	GSM6086635
GSE202011		F2	CORE	myeloid_dendritic	0.5085087316679051	685	GSM6086635
GSE202011		F2	CORE	T_NK_cytotoxic	0.4182994824648032	685	GSM6086635
GSE202011		F2	CORE	B_plasma	0.1993389420456489	685	GSM6086635
GSE202011		F2	EXTENDED	keratinocyte_basal	0.4002540976833061	685	GSM6086635
GSE202011		F2	EXTENDED	keratinocyte_spinous_suprabasal	0.2471180033373011	685	GSM6086635
GSE202011		F2	EXTENDED	keratinocyte_inflammatory_T17	0.2902843486034029	685	GSM6086635
GSE202011		F2	EXTENDED	keratinocyte_stress_hypoxia	0.5337925918511037	685	GSM6086635
GSE202011		F2	EXTENDED	fibroblast_matrix	0.287028931291164	685	GSM6086635
GSE202011		F2	EXTENDED	fibroblast_inflammatory	0.327382984586976	685	GSM6086635
GSE202011		F2	EXTENDED	endothelial_vascular	0.3801859382998377	685	GSM6086635
GSE202011		F2	EXTENDED	myeloid_dendritic	0.5152264624299434	685	GSM6086635
GSE202011		F2	EXTENDED	T_NK_cytotoxic	0.4139492396979739	685	GSM6086635
GSE202011		F2	EXTENDED	B_plasma	0.1963230832128671	685	GSM6086635
GSE202011		F6	CORE	keratinocyte_basal	0.3896956455518278	685	GSM6086635
GSE202011		F6	CORE	keratinocyte_spinous_suprabasal	0.260422518485896	685	GSM6086635
GSE202011		F6	CORE	keratinocyte_inflammatory_T17	0.2703193756628286	685	GSM6086635
GSE202011		F6	CORE	keratinocyte_stress_hypoxia	0.5290065457959273	685	GSM6086635
GSE202011		F6	CORE	fibroblast_matrix	0.1802491682188302	685	GSM6086635
GSE202011		F6	CORE	fibroblast_inflammatory	0.2859220926232556	685	GSM6086635
GSE202011		F6	CORE	endothelial_vascular	0.347689548946137	685	GSM6086635
GSE202011		F6	CORE	myeloid_dendritic	0.5059091078134271	685	GSM6086635
GSE202011		F6	CORE	T_NK_cytotoxic	0.3637372208868276	685	GSM6086635
GSE202011		F6	CORE	B_plasma	0.1987635256234556	685	GSM6086635
GSE202011		F6	EXTENDED	keratinocyte_basal	0.41437066333182	685	GSM6086635
GSE202011		F6	EXTENDED	keratinocyte_spinous_suprabasal	0.260724020158358	685	GSM6086635
GSE202011		F6	EXTENDED	keratinocyte_inflammatory_T17	0.2905210801502868	685	GSM6086635
GSE202011		F6	EXTENDED	keratinocyte_stress_hypoxia	0.5456641123858205	685	GSM6086635
GSE202011		F6	EXTENDED	fibroblast_matrix	0.1953927127752641	685	GSM6086635
GSE202011		F6	EXTENDED	fibroblast_inflammatory	0.2996222838428804	685	GSM6086635
GSE202011		F6	EXTENDED	endothelial_vascular	0.3772640240322653	685	GSM6086635
GSE202011		F6	EXTENDED	myeloid_dendritic	0.5187211853120428	685	GSM6086635
GSE202011		F6	EXTENDED	T_NK_cytotoxic	0.3892154498754959	685	GSM6086635
GSE202011		F6	EXTENDED	B_plasma	0.2124548789479235	685	GSM6086635
GSE202011		F7	CORE	keratinocyte_basal	0.3389911032033894	685	GSM6086635
GSE202011		F7	CORE	keratinocyte_spinous_suprabasal	0.1418892021586212	685	GSM6086635
GSE202011		F7	CORE	keratinocyte_inflammatory_T17	0.2503717786884663	685	GSM6086635
GSE202011		F7	CORE	keratinocyte_stress_hypoxia	0.5010122176859584	685	GSM6086635
GSE202011		F7	CORE	fibroblast_matrix	0.1251627039774029	685	GSM6086635
GSE202011		F7	CORE	fibroblast_inflammatory	0.3122760953310994	685	GSM6086635
GSE202011		F7	CORE	endothelial_vascular	0.4005698365586302	685	GSM6086635
GSE202011		F7	CORE	myeloid_dendritic	0.4894003308244229	685	GSM6086635
GSE202011		F7	CORE	T_NK_cytotoxic	0.3775711726950506	685	GSM6086635
GSE202011		F7	CORE	B_plasma	0.215106642967073	685	GSM6086635
GSE202011		F7	EXTENDED	keratinocyte_basal	0.3792356684513362	685	GSM6086635
GSE202011		F7	EXTENDED	keratinocyte_spinous_suprabasal	0.1936864873515117	685	GSM6086635
GSE202011		F7	EXTENDED	keratinocyte_inflammatory_T17	0.2687710638941054	685	GSM6086635
GSE202011		F7	EXTENDED	keratinocyte_stress_hypoxia	0.5269121569598552	685	GSM6086635
GSE202011		F7	EXTENDED	fibroblast_matrix	0.1505075258990731	685	GSM6086635
GSE202011		F7	EXTENDED	fibroblast_inflammatory	0.3085716074660354	685	GSM6086635
GSE202011		F7	EXTENDED	endothelial_vascular	0.3932444456873525	685	GSM6086635
GSE202011		F7	EXTENDED	myeloid_dendritic	0.5053985650458304	685	GSM6086635
GSE202011		F7	EXTENDED	T_NK_cytotoxic	0.3889151853904904	685	GSM6086635
GSE202011		F7	EXTENDED	B_plasma	0.22126976618621	685	GSM6086635
GSE202011		F1	CORE	keratinocyte_basal	0.3561356197775451	1448	GSM6086636
GSE202011		F1	CORE	keratinocyte_spinous_suprabasal	0.2721197599791794	1448	GSM6086636
GSE202011		F1	CORE	keratinocyte_inflammatory_T17	0.1468766736429426	1448	GSM6086636
GSE202011		F1	CORE	keratinocyte_stress_hypoxia	0.4960494124002993	1448	GSM6086636
GSE202011		F1	CORE	fibroblast_matrix	0.0197661186314162	1448	GSM6086636
GSE202011		F1	CORE	fibroblast_inflammatory	0.3135918679101827	1448	GSM6086636
GSE202011		F1	CORE	endothelial_vascular	0.4740732880180501	1448	GSM6086636
GSE202011		F1	CORE	myeloid_dendritic	0.4734021617009775	1448	GSM6086636
GSE202011		F1	CORE	T_NK_cytotoxic	0.4312731308628471	1448	GSM6086636
GSE202011		F1	CORE	B_plasma	0.2062202764441727	1448	GSM6086636
GSE202011		F1	EXTENDED	keratinocyte_basal	0.3833164945943676	1448	GSM6086636
GSE202011		F1	EXTENDED	keratinocyte_spinous_suprabasal	0.3231466852237818	1448	GSM6086636
GSE202011		F1	EXTENDED	keratinocyte_inflammatory_T17	0.1939078127292058	1448	GSM6086636
GSE202011		F1	EXTENDED	keratinocyte_stress_hypoxia	0.5166188966979666	1448	GSM6086636
GSE202011		F1	EXTENDED	fibroblast_matrix	0.1467890116608046	1448	GSM6086636
GSE202011		F1	EXTENDED	fibroblast_inflammatory	0.3837584120629994	1448	GSM6086636
GSE202011		F1	EXTENDED	endothelial_vascular	0.4927696636917352	1448	GSM6086636
GSE202011		F1	EXTENDED	myeloid_dendritic	0.4987925714437879	1448	GSM6086636
GSE202011		F1	EXTENDED	T_NK_cytotoxic	0.4404051261984184	1448	GSM6086636
GSE202011		F1	EXTENDED	B_plasma	0.2157212602006286	1448	GSM6086636
GSE202011		F2	CORE	keratinocyte_basal	0.3850875007829238	1448	GSM6086636
GSE202011		F2	CORE	keratinocyte_spinous_suprabasal	0.3345068017021931	1448	GSM6086636
GSE202011		F2	CORE	keratinocyte_inflammatory_T17	0.2070355827443864	1448	GSM6086636
GSE202011		F2	CORE	keratinocyte_stress_hypoxia	0.5082481798710798	1448	GSM6086636
GSE202011		F2	CORE	fibroblast_matrix	0.2202963720240257	1448	GSM6086636
GSE202011		F2	CORE	fibroblast_inflammatory	0.4025524172494525	1448	GSM6086636
GSE202011		F2	CORE	endothelial_vascular	0.506233938546131	1448	GSM6086636
GSE202011		F2	CORE	myeloid_dendritic	0.5145433408696654	1448	GSM6086636
GSE202011		F2	CORE	T_NK_cytotoxic	0.4422346767087081	1448	GSM6086636
GSE202011		F2	CORE	B_plasma	0.2162125641721941	1448	GSM6086636
GSE202011		F2	EXTENDED	keratinocyte_basal	0.3771462656362993	1448	GSM6086636
GSE202011		F2	EXTENDED	keratinocyte_spinous_suprabasal	0.3204005847645613	1448	GSM6086636
GSE202011		F2	EXTENDED	keratinocyte_inflammatory_T17	0.189045852667985	1448	GSM6086636
GSE202011		F2	EXTENDED	keratinocyte_stress_hypoxia	0.5074757602007041	1448	GSM6086636
GSE202011		F2	EXTENDED	fibroblast_matrix	0.2283678863041569	1448	GSM6086636
GSE202011		F2	EXTENDED	fibroblast_inflammatory	0.4184141340237347	1448	GSM6086636
GSE202011		F2	EXTENDED	endothelial_vascular	0.5062570248971513	1448	GSM6086636
GSE202011		F2	EXTENDED	myeloid_dendritic	0.5087937135171742	1448	GSM6086636
GSE202011		F2	EXTENDED	T_NK_cytotoxic	0.4377225068385745	1448	GSM6086636
GSE202011		F2	EXTENDED	B_plasma	0.2161421911352455	1448	GSM6086636
GSE202011		F6	CORE	keratinocyte_basal	0.3868739458099288	1448	GSM6086636
GSE202011		F6	CORE	keratinocyte_spinous_suprabasal	0.3351370286416519	1448	GSM6086636
GSE202011		F6	CORE	keratinocyte_inflammatory_T17	0.2208153244335417	1448	GSM6086636
GSE202011		F6	CORE	keratinocyte_stress_hypoxia	0.5032618181864711	1448	GSM6086636
GSE202011		F6	CORE	fibroblast_matrix	0.0860064632105972	1448	GSM6086636
GSE202011		F6	CORE	fibroblast_inflammatory	0.3226484221768564	1448	GSM6086636
GSE202011		F6	CORE	endothelial_vascular	0.4662643090420569	1448	GSM6086636
GSE202011		F6	CORE	myeloid_dendritic	0.4779148159620718	1448	GSM6086636
GSE202011		F6	CORE	T_NK_cytotoxic	0.4260179315865665	1448	GSM6086636
GSE202011		F6	CORE	B_plasma	0.2146184214360776	1448	GSM6086636
GSE202011		F6	EXTENDED	keratinocyte_basal	0.4019869651708831	1448	GSM6086636
GSE202011		F6	EXTENDED	keratinocyte_spinous_suprabasal	0.3407574064676799	1448	GSM6086636
GSE202011		F6	EXTENDED	keratinocyte_inflammatory_T17	0.2112323605727831	1448	GSM6086636
GSE202011		F6	EXTENDED	keratinocyte_stress_hypoxia	0.5196874446192931	1448	GSM6086636
GSE202011		F6	EXTENDED	fibroblast_matrix	0.1090522333755328	1448	GSM6086636
GSE202011		F6	EXTENDED	fibroblast_inflammatory	0.3661625565846688	1448	GSM6086636
GSE202011		F6	EXTENDED	endothelial_vascular	0.5019674462066515	1448	GSM6086636
GSE202011		F6	EXTENDED	myeloid_dendritic	0.5049528477350891	1448	GSM6086636
GSE202011		F6	EXTENDED	T_NK_cytotoxic	0.4429675203790633	1448	GSM6086636
GSE202011		F6	EXTENDED	B_plasma	0.2179159214992139	1448	GSM6086636
GSE202011		F7	CORE	keratinocyte_basal	0.353508433637043	1448	GSM6086636
GSE202011		F7	CORE	keratinocyte_spinous_suprabasal	0.2636521985891323	1448	GSM6086636
GSE202011		F7	CORE	keratinocyte_inflammatory_T17	0.1364958596705394	1448	GSM6086636
GSE202011		F7	CORE	keratinocyte_stress_hypoxia	0.4721285062432739	1448	GSM6086636
GSE202011		F7	CORE	fibroblast_matrix	0.0722943258843091	1448	GSM6086636
GSE202011		F7	CORE	fibroblast_inflammatory	0.3760779581915759	1448	GSM6086636
GSE202011		F7	CORE	endothelial_vascular	0.5235057631384088	1448	GSM6086636
GSE202011		F7	CORE	myeloid_dendritic	0.5059333886916074	1448	GSM6086636
GSE202011		F7	CORE	T_NK_cytotoxic	0.4582702423808665	1448	GSM6086636
GSE202011		F7	CORE	B_plasma	0.2089998356112945	1448	GSM6086636
GSE202011		F7	EXTENDED	keratinocyte_basal	0.3711676098147087	1448	GSM6086636
GSE202011		F7	EXTENDED	keratinocyte_spinous_suprabasal	0.2925370266083545	1448	GSM6086636
GSE202011		F7	EXTENDED	keratinocyte_inflammatory_T17	0.1642848556253882	1448	GSM6086636
GSE202011		F7	EXTENDED	keratinocyte_stress_hypoxia	0.4970958924454852	1448	GSM6086636
GSE202011		F7	EXTENDED	fibroblast_matrix	0.0876976277362737	1448	GSM6086636
GSE202011		F7	EXTENDED	fibroblast_inflammatory	0.3781640377784322	1448	GSM6086636
GSE202011		F7	EXTENDED	endothelial_vascular	0.5170756434776846	1448	GSM6086636
GSE202011		F7	EXTENDED	myeloid_dendritic	0.5112581585221465	1448	GSM6086636
GSE202011		F7	EXTENDED	T_NK_cytotoxic	0.4587771799735364	1448	GSM6086636
GSE202011		F7	EXTENDED	B_plasma	0.215547959909171	1448	GSM6086636
GSE202011		F1	CORE	keratinocyte_basal	0.4155257407017726	651	GSM6086637
GSE202011		F1	CORE	keratinocyte_spinous_suprabasal	0.2396685246279547	651	GSM6086637
GSE202011		F1	CORE	keratinocyte_inflammatory_T17	0.090641659943065	651	GSM6086637
GSE202011		F1	CORE	keratinocyte_stress_hypoxia	0.4988451515389466	651	GSM6086637
GSE202011		F1	CORE	fibroblast_matrix	-0.3419239057566633	651	GSM6086637
GSE202011		F1	CORE	fibroblast_inflammatory	-0.1093226588431866	651	GSM6086637
GSE202011		F1	CORE	endothelial_vascular	0.1747311003941271	651	GSM6086637
GSE202011		F1	CORE	myeloid_dendritic	0.4301396089403804	651	GSM6086637
GSE202011		F1	CORE	T_NK_cytotoxic	0.3875250728950897	651	GSM6086637
GSE202011		F1	CORE	B_plasma	0.2709331908751938	651	GSM6086637
GSE202011		F1	EXTENDED	keratinocyte_basal	0.4015650433985134	651	GSM6086637
GSE202011		F1	EXTENDED	keratinocyte_spinous_suprabasal	0.2472177337801719	651	GSM6086637
GSE202011		F1	EXTENDED	keratinocyte_inflammatory_T17	0.0850909154174541	651	GSM6086637
GSE202011		F1	EXTENDED	keratinocyte_stress_hypoxia	0.5102039293466402	651	GSM6086637
GSE202011		F1	EXTENDED	fibroblast_matrix	-0.3186602899957989	651	GSM6086637
GSE202011		F1	EXTENDED	fibroblast_inflammatory	-0.0801553360820057	651	GSM6086637
GSE202011		F1	EXTENDED	endothelial_vascular	0.2009662496144085	651	GSM6086637
GSE202011		F1	EXTENDED	myeloid_dendritic	0.4499859604914553	651	GSM6086637
GSE202011		F1	EXTENDED	T_NK_cytotoxic	0.4131150872491714	651	GSM6086637
GSE202011		F1	EXTENDED	B_plasma	0.2768347636868821	651	GSM6086637
GSE202011		F2	CORE	keratinocyte_basal	0.3247310687501829	651	GSM6086637
GSE202011		F2	CORE	keratinocyte_spinous_suprabasal	0.1819856336024948	651	GSM6086637
GSE202011		F2	CORE	keratinocyte_inflammatory_T17	0.0539624594680996	651	GSM6086637
GSE202011		F2	CORE	keratinocyte_stress_hypoxia	0.483930882967187	651	GSM6086637
GSE202011		F2	CORE	fibroblast_matrix	-0.2270863566965792	651	GSM6086637
GSE202011		F2	CORE	fibroblast_inflammatory	0.0162109601502568	651	GSM6086637
GSE202011		F2	CORE	endothelial_vascular	0.2387929656213171	651	GSM6086637
GSE202011		F2	CORE	myeloid_dendritic	0.5008454589485832	651	GSM6086637
GSE202011		F2	CORE	T_NK_cytotoxic	0.4635131075390657	651	GSM6086637
GSE202011		F2	CORE	B_plasma	0.2836438106584261	651	GSM6086637
GSE202011		F2	EXTENDED	keratinocyte_basal	0.3242206486221837	651	GSM6086637
GSE202011		F2	EXTENDED	keratinocyte_spinous_suprabasal	0.1314435337075352	651	GSM6086637
GSE202011		F2	EXTENDED	keratinocyte_inflammatory_T17	-0.0019040804831424	651	GSM6086637
GSE202011		F2	EXTENDED	keratinocyte_stress_hypoxia	0.4592411639168824	651	GSM6086637
GSE202011		F2	EXTENDED	fibroblast_matrix	-0.156832678043839	651	GSM6086637
GSE202011		F2	EXTENDED	fibroblast_inflammatory	0.0748949347225484	651	GSM6086637
GSE202011		F2	EXTENDED	endothelial_vascular	0.271017386593843	651	GSM6086637
GSE202011		F2	EXTENDED	myeloid_dendritic	0.5097788059482022	651	GSM6086637
GSE202011		F2	EXTENDED	T_NK_cytotoxic	0.4541580524708727	651	GSM6086637
GSE202011		F2	EXTENDED	B_plasma	0.2973409757134114	651	GSM6086637
GSE202011		F6	CORE	keratinocyte_basal	0.4185499464527807	651	GSM6086637
GSE202011		F6	CORE	keratinocyte_spinous_suprabasal	0.3584693062164062	651	GSM6086637
GSE202011		F6	CORE	keratinocyte_inflammatory_T17	0.223762624137577	651	GSM6086637
GSE202011		F6	CORE	keratinocyte_stress_hypoxia	0.5396768257960878	651	GSM6086637
GSE202011		F6	CORE	fibroblast_matrix	-0.4207425355431335	651	GSM6086637
GSE202011		F6	CORE	fibroblast_inflammatory	-0.1941928300226084	651	GSM6086637
GSE202011		F6	CORE	endothelial_vascular	0.0888015270725623	651	GSM6086637
GSE202011		F6	CORE	myeloid_dendritic	0.3949888503515614	651	GSM6086637
GSE202011		F6	CORE	T_NK_cytotoxic	0.385781443068575	651	GSM6086637
GSE202011		F6	CORE	B_plasma	0.2535783546252491	651	GSM6086637
GSE202011		F6	EXTENDED	keratinocyte_basal	0.436705435794906	651	GSM6086637
GSE202011		F6	EXTENDED	keratinocyte_spinous_suprabasal	0.3257573892563008	651	GSM6086637
GSE202011		F6	EXTENDED	keratinocyte_inflammatory_T17	0.1736640837887622	651	GSM6086637
GSE202011		F6	EXTENDED	keratinocyte_stress_hypoxia	0.5402125939853102	651	GSM6086637
GSE202011		F6	EXTENDED	fibroblast_matrix	-0.3984060785285002	651	GSM6086637
GSE202011		F6	EXTENDED	fibroblast_inflammatory	-0.1507864424575418	651	GSM6086637
GSE202011		F6	EXTENDED	endothelial_vascular	0.1359646671688816	651	GSM6086637
GSE202011		F6	EXTENDED	myeloid_dendritic	0.4307233054673906	651	GSM6086637
GSE202011		F6	EXTENDED	T_NK_cytotoxic	0.4272732743231691	651	GSM6086637
GSE202011		F6	EXTENDED	B_plasma	0.2594341207919728	651	GSM6086637
GSE202011		F7	CORE	keratinocyte_basal	0.402952159572525	651	GSM6086637
GSE202011		F7	CORE	keratinocyte_spinous_suprabasal	0.1847793172590323	651	GSM6086637
GSE202011		F7	CORE	keratinocyte_inflammatory_T17	0.0168226469750316	651	GSM6086637
GSE202011		F7	CORE	keratinocyte_stress_hypoxia	0.4390165240913976	651	GSM6086637
GSE202011		F7	CORE	fibroblast_matrix	-0.3878873537787354	651	GSM6086637
GSE202011		F7	CORE	fibroblast_inflammatory	-0.1076668582854531	651	GSM6086637
GSE202011		F7	CORE	endothelial_vascular	0.1666451098536494	651	GSM6086637
GSE202011		F7	CORE	myeloid_dendritic	0.4227438726084336	651	GSM6086637
GSE202011		F7	CORE	T_NK_cytotoxic	0.443291651266009	651	GSM6086637
GSE202011		F7	CORE	B_plasma	0.2553935460045412	651	GSM6086637
GSE202011		F7	EXTENDED	keratinocyte_basal	0.4250257531965981	651	GSM6086637
GSE202011		F7	EXTENDED	keratinocyte_spinous_suprabasal	0.2546251927372054	651	GSM6086637
GSE202011		F7	EXTENDED	keratinocyte_inflammatory_T17	0.0970541273490016	651	GSM6086637
GSE202011		F7	EXTENDED	keratinocyte_stress_hypoxia	0.5018958200426168	651	GSM6086637
GSE202011		F7	EXTENDED	fibroblast_matrix	-0.4139329596971015	651	GSM6086637
GSE202011		F7	EXTENDED	fibroblast_inflammatory	-0.1438161947995294	651	GSM6086637
GSE202011		F7	EXTENDED	endothelial_vascular	0.1610684740830162	651	GSM6086637
GSE202011		F7	EXTENDED	myeloid_dendritic	0.4373786065720341	651	GSM6086637
GSE202011		F7	EXTENDED	T_NK_cytotoxic	0.4460305276591342	651	GSM6086637
GSE202011		F7	EXTENDED	B_plasma	0.2727632979054762	651	GSM6086637
GSE202011		F1	CORE	keratinocyte_basal	0.4137360460926609	786	GSM6086638
GSE202011		F1	CORE	keratinocyte_spinous_suprabasal	0.2931485130555679	786	GSM6086638
GSE202011		F1	CORE	keratinocyte_inflammatory_T17	0.3946366003233613	786	GSM6086638
GSE202011		F1	CORE	keratinocyte_stress_hypoxia	0.4673764205405296	786	GSM6086638
GSE202011		F1	CORE	fibroblast_matrix	0.1067512188075923	786	GSM6086638
GSE202011		F1	CORE	fibroblast_inflammatory	0.3831908577809517	786	GSM6086638
GSE202011		F1	CORE	endothelial_vascular	0.4161416083873743	786	GSM6086638
GSE202011		F1	CORE	myeloid_dendritic	0.4104252695413629	786	GSM6086638
GSE202011		F1	CORE	T_NK_cytotoxic	0.1964951176027655	786	GSM6086638
GSE202011		F1	CORE	B_plasma	0.0651210584190351	786	GSM6086638
GSE202011		F1	EXTENDED	keratinocyte_basal	0.4375356307429693	786	GSM6086638
GSE202011		F1	EXTENDED	keratinocyte_spinous_suprabasal	0.3133964400147795	786	GSM6086638
GSE202011		F1	EXTENDED	keratinocyte_inflammatory_T17	0.3930786783825185	786	GSM6086638
GSE202011		F1	EXTENDED	keratinocyte_stress_hypoxia	0.4905683775743866	786	GSM6086638
GSE202011		F1	EXTENDED	fibroblast_matrix	0.219407470835325	786	GSM6086638
GSE202011		F1	EXTENDED	fibroblast_inflammatory	0.4446660194548381	786	GSM6086638
GSE202011		F1	EXTENDED	endothelial_vascular	0.4422650387204466	786	GSM6086638
GSE202011		F1	EXTENDED	myeloid_dendritic	0.4284876627570902	786	GSM6086638
GSE202011		F1	EXTENDED	T_NK_cytotoxic	0.2122495161950845	786	GSM6086638
GSE202011		F1	EXTENDED	B_plasma	0.0506094046556381	786	GSM6086638
GSE202011		F2	CORE	keratinocyte_basal	0.4180702962167505	786	GSM6086638
GSE202011		F2	CORE	keratinocyte_spinous_suprabasal	0.3110121832632787	786	GSM6086638
GSE202011		F2	CORE	keratinocyte_inflammatory_T17	0.3972676633754641	786	GSM6086638
GSE202011		F2	CORE	keratinocyte_stress_hypoxia	0.4773210794084623	786	GSM6086638
GSE202011		F2	CORE	fibroblast_matrix	0.3170508496693203	786	GSM6086638
GSE202011		F2	CORE	fibroblast_inflammatory	0.4327130240872704	786	GSM6086638
GSE202011		F2	CORE	endothelial_vascular	0.4478772772673701	786	GSM6086638
GSE202011		F2	CORE	myeloid_dendritic	0.441720451771891	786	GSM6086638
GSE202011		F2	CORE	T_NK_cytotoxic	0.1961371873456096	786	GSM6086638
GSE202011		F2	CORE	B_plasma	0.0555386132921691	786	GSM6086638
GSE202011		F2	EXTENDED	keratinocyte_basal	0.4470123790342865	786	GSM6086638
GSE202011		F2	EXTENDED	keratinocyte_spinous_suprabasal	0.3032669611486475	786	GSM6086638
GSE202011		F2	EXTENDED	keratinocyte_inflammatory_T17	0.4005559022272192	786	GSM6086638
GSE202011		F2	EXTENDED	keratinocyte_stress_hypoxia	0.4902693434901631	786	GSM6086638
GSE202011		F2	EXTENDED	fibroblast_matrix	0.3043357167249748	786	GSM6086638
GSE202011		F2	EXTENDED	fibroblast_inflammatory	0.4425040341196566	786	GSM6086638
GSE202011		F2	EXTENDED	endothelial_vascular	0.4615224732960538	786	GSM6086638
GSE202011		F2	EXTENDED	myeloid_dendritic	0.4391906247283657	786	GSM6086638
GSE202011		F2	EXTENDED	T_NK_cytotoxic	0.2065549257658517	786	GSM6086638
GSE202011		F2	EXTENDED	B_plasma	0.0500612204712623	786	GSM6086638
GSE202011		F6	CORE	keratinocyte_basal	0.4151826636252239	786	GSM6086638
GSE202011		F6	CORE	keratinocyte_spinous_suprabasal	0.3212945798270832	786	GSM6086638
GSE202011		F6	CORE	keratinocyte_inflammatory_T17	0.3914648594580933	786	GSM6086638
GSE202011		F6	CORE	keratinocyte_stress_hypoxia	0.4828596782439828	786	GSM6086638
GSE202011		F6	CORE	fibroblast_matrix	0.1792323652257735	786	GSM6086638
GSE202011		F6	CORE	fibroblast_inflammatory	0.3917988240701187	786	GSM6086638
GSE202011		F6	CORE	endothelial_vascular	0.437042427900426	786	GSM6086638
GSE202011		F6	CORE	myeloid_dendritic	0.4336252288143255	786	GSM6086638
GSE202011		F6	CORE	T_NK_cytotoxic	0.1854637068441212	786	GSM6086638
GSE202011		F6	CORE	B_plasma	0.0808513621832104	786	GSM6086638
GSE202011		F6	EXTENDED	keratinocyte_basal	0.431918409743777	786	GSM6086638
GSE202011		F6	EXTENDED	keratinocyte_spinous_suprabasal	0.3455122466148418	786	GSM6086638
GSE202011		F6	EXTENDED	keratinocyte_inflammatory_T17	0.3992627113189919	786	GSM6086638
GSE202011		F6	EXTENDED	keratinocyte_stress_hypoxia	0.4899928285271767	786	GSM6086638
GSE202011		F6	EXTENDED	fibroblast_matrix	0.2013274791431998	786	GSM6086638
GSE202011		F6	EXTENDED	fibroblast_inflammatory	0.4619433253910853	786	GSM6086638
GSE202011		F6	EXTENDED	endothelial_vascular	0.446482506193214	786	GSM6086638
GSE202011		F6	EXTENDED	myeloid_dendritic	0.4330770663197674	786	GSM6086638
GSE202011		F6	EXTENDED	T_NK_cytotoxic	0.1942744092348438	786	GSM6086638
GSE202011		F6	EXTENDED	B_plasma	0.0777490304792007	786	GSM6086638
GSE202011		F7	CORE	keratinocyte_basal	0.4349784969660653	786	GSM6086638
GSE202011		F7	CORE	keratinocyte_spinous_suprabasal	0.3509797039478277	786	GSM6086638
GSE202011		F7	CORE	keratinocyte_inflammatory_T17	0.375841964873308	786	GSM6086638
GSE202011		F7	CORE	keratinocyte_stress_hypoxia	0.4831167270391123	786	GSM6086638
GSE202011		F7	CORE	fibroblast_matrix	0.2187782365189221	786	GSM6086638
GSE202011		F7	CORE	fibroblast_inflammatory	0.4675940843786696	786	GSM6086638
GSE202011		F7	CORE	endothelial_vascular	0.4584010624594475	786	GSM6086638
GSE202011		F7	CORE	myeloid_dendritic	0.4464087536981563	786	GSM6086638
GSE202011		F7	CORE	T_NK_cytotoxic	0.2051519852240972	786	GSM6086638
GSE202011		F7	CORE	B_plasma	0.0872206567983825	786	GSM6086638
GSE202011		F7	EXTENDED	keratinocyte_basal	0.4379251854763752	786	GSM6086638
GSE202011		F7	EXTENDED	keratinocyte_spinous_suprabasal	0.3476358254055476	786	GSM6086638
GSE202011		F7	EXTENDED	keratinocyte_inflammatory_T17	0.3856028596663264	786	GSM6086638
GSE202011		F7	EXTENDED	keratinocyte_stress_hypoxia	0.497882625186106	786	GSM6086638
GSE202011		F7	EXTENDED	fibroblast_matrix	0.2247013740531937	786	GSM6086638
GSE202011		F7	EXTENDED	fibroblast_inflammatory	0.4713368566908842	786	GSM6086638
GSE202011		F7	EXTENDED	endothelial_vascular	0.4609573568456601	786	GSM6086638
GSE202011		F7	EXTENDED	myeloid_dendritic	0.445545391996974	786	GSM6086638
GSE202011		F7	EXTENDED	T_NK_cytotoxic	0.2008390132342507	786	GSM6086638
GSE202011		F7	EXTENDED	B_plasma	0.0847493147236545	786	GSM6086638
GSE202011		F1	CORE	keratinocyte_basal	0.4175133216985335	1070	GSM6086639
GSE202011		F1	CORE	keratinocyte_spinous_suprabasal	0.330106964379238	1070	GSM6086639
GSE202011		F1	CORE	keratinocyte_inflammatory_T17	0.2626555014382271	1070	GSM6086639
GSE202011		F1	CORE	keratinocyte_stress_hypoxia	0.4420634075826682	1070	GSM6086639
GSE202011		F1	CORE	fibroblast_matrix	0.2739377856037842	1070	GSM6086639
GSE202011		F1	CORE	fibroblast_inflammatory	0.4366522427432832	1070	GSM6086639
GSE202011		F1	CORE	endothelial_vascular	0.4039452621588226	1070	GSM6086639
GSE202011		F1	CORE	myeloid_dendritic	0.3975830245921494	1070	GSM6086639
GSE202011		F1	CORE	T_NK_cytotoxic	0.1936865078892779	1070	GSM6086639
GSE202011		F1	CORE	B_plasma	0.1476749526045712	1070	GSM6086639
GSE202011		F1	EXTENDED	keratinocyte_basal	0.4407029076544396	1070	GSM6086639
GSE202011		F1	EXTENDED	keratinocyte_spinous_suprabasal	0.3459741611210468	1070	GSM6086639
GSE202011		F1	EXTENDED	keratinocyte_inflammatory_T17	0.2599583965479976	1070	GSM6086639
GSE202011		F1	EXTENDED	keratinocyte_stress_hypoxia	0.4529516318607977	1070	GSM6086639
GSE202011		F1	EXTENDED	fibroblast_matrix	0.3725763693676109	1070	GSM6086639
GSE202011		F1	EXTENDED	fibroblast_inflammatory	0.4822436778037853	1070	GSM6086639
GSE202011		F1	EXTENDED	endothelial_vascular	0.4129430078511868	1070	GSM6086639
GSE202011		F1	EXTENDED	myeloid_dendritic	0.4078493895993858	1070	GSM6086639
GSE202011		F1	EXTENDED	T_NK_cytotoxic	0.186028291040611	1070	GSM6086639
GSE202011		F1	EXTENDED	B_plasma	0.1381112082591451	1070	GSM6086639
GSE202011		F2	CORE	keratinocyte_basal	0.4384092455312784	1070	GSM6086639
GSE202011		F2	CORE	keratinocyte_spinous_suprabasal	0.3514505415029854	1070	GSM6086639
GSE202011		F2	CORE	keratinocyte_inflammatory_T17	0.2503191617696318	1070	GSM6086639
GSE202011		F2	CORE	keratinocyte_stress_hypoxia	0.4488851458780709	1070	GSM6086639
GSE202011		F2	CORE	fibroblast_matrix	0.4304915045347179	1070	GSM6086639
GSE202011		F2	CORE	fibroblast_inflammatory	0.4721140966438273	1070	GSM6086639
GSE202011		F2	CORE	endothelial_vascular	0.4479202194075997	1070	GSM6086639
GSE202011		F2	CORE	myeloid_dendritic	0.4043258248469261	1070	GSM6086639
GSE202011		F2	CORE	T_NK_cytotoxic	0.2035364909324654	1070	GSM6086639
GSE202011		F2	CORE	B_plasma	0.1388869583172034	1070	GSM6086639
GSE202011		F2	EXTENDED	keratinocyte_basal	0.4534409212086622	1070	GSM6086639
GSE202011		F2	EXTENDED	keratinocyte_spinous_suprabasal	0.3586162913354008	1070	GSM6086639
GSE202011		F2	EXTENDED	keratinocyte_inflammatory_T17	0.2569405178582427	1070	GSM6086639
GSE202011		F2	EXTENDED	keratinocyte_stress_hypoxia	0.4612666403693347	1070	GSM6086639
GSE202011		F2	EXTENDED	fibroblast_matrix	0.4253030220315949	1070	GSM6086639
GSE202011		F2	EXTENDED	fibroblast_inflammatory	0.4763126896057509	1070	GSM6086639
GSE202011		F2	EXTENDED	endothelial_vascular	0.4436057999421812	1070	GSM6086639
GSE202011		F2	EXTENDED	myeloid_dendritic	0.4048456715232726	1070	GSM6086639
GSE202011		F2	EXTENDED	T_NK_cytotoxic	0.1993241941413705	1070	GSM6086639
GSE202011		F2	EXTENDED	B_plasma	0.1408316236848645	1070	GSM6086639
GSE202011		F6	CORE	keratinocyte_basal	0.4175771078418481	1070	GSM6086639
GSE202011		F6	CORE	keratinocyte_spinous_suprabasal	0.3195768217329675	1070	GSM6086639
GSE202011		F6	CORE	keratinocyte_inflammatory_T17	0.2625436172984466	1070	GSM6086639
GSE202011		F6	CORE	keratinocyte_stress_hypoxia	0.449004456252718	1070	GSM6086639
GSE202011		F6	CORE	fibroblast_matrix	0.3049232700241085	1070	GSM6086639
GSE202011		F6	CORE	fibroblast_inflammatory	0.4309386393821801	1070	GSM6086639
GSE202011		F6	CORE	endothelial_vascular	0.4087007176060457	1070	GSM6086639
GSE202011		F6	CORE	myeloid_dendritic	0.4016680622821779	1070	GSM6086639
GSE202011		F6	CORE	T_NK_cytotoxic	0.1989156034181085	1070	GSM6086639
GSE202011		F6	CORE	B_plasma	0.1286590866256398	1070	GSM6086639
GSE202011		F6	EXTENDED	keratinocyte_basal	0.4209313467549886	1070	GSM6086639
GSE202011		F6	EXTENDED	keratinocyte_spinous_suprabasal	0.3436837391839437	1070	GSM6086639
GSE202011		F6	EXTENDED	keratinocyte_inflammatory_T17	0.2724306109166968	1070	GSM6086639
GSE202011		F6	EXTENDED	keratinocyte_stress_hypoxia	0.4593808533115011	1070	GSM6086639
GSE202011		F6	EXTENDED	fibroblast_matrix	0.3198033890038379	1070	GSM6086639
GSE202011		F6	EXTENDED	fibroblast_inflammatory	0.4575835111483102	1070	GSM6086639
GSE202011		F6	EXTENDED	endothelial_vascular	0.4344912693233335	1070	GSM6086639
GSE202011		F6	EXTENDED	myeloid_dendritic	0.4106223123610946	1070	GSM6086639
GSE202011		F6	EXTENDED	T_NK_cytotoxic	0.2046748412767251	1070	GSM6086639
GSE202011		F6	EXTENDED	B_plasma	0.1338537123994963	1070	GSM6086639
GSE202011		F7	CORE	keratinocyte_basal	0.4405971339338268	1070	GSM6086639
GSE202011		F7	CORE	keratinocyte_spinous_suprabasal	0.334274173522527	1070	GSM6086639
GSE202011		F7	CORE	keratinocyte_inflammatory_T17	0.2623144049741119	1070	GSM6086639
GSE202011		F7	CORE	keratinocyte_stress_hypoxia	0.4432521407431171	1070	GSM6086639
GSE202011		F7	CORE	fibroblast_matrix	0.2910671420738267	1070	GSM6086639
GSE202011		F7	CORE	fibroblast_inflammatory	0.472198773061581	1070	GSM6086639
GSE202011		F7	CORE	endothelial_vascular	0.4625661149370383	1070	GSM6086639
GSE202011		F7	CORE	myeloid_dendritic	0.4212859826545665	1070	GSM6086639
GSE202011		F7	CORE	T_NK_cytotoxic	0.2083655403219966	1070	GSM6086639
GSE202011		F7	CORE	B_plasma	0.144486138129648	1070	GSM6086639
GSE202011		F7	EXTENDED	keratinocyte_basal	0.4440529274906394	1070	GSM6086639
GSE202011		F7	EXTENDED	keratinocyte_spinous_suprabasal	0.3420055399509487	1070	GSM6086639
GSE202011		F7	EXTENDED	keratinocyte_inflammatory_T17	0.2659621890968826	1070	GSM6086639
GSE202011		F7	EXTENDED	keratinocyte_stress_hypoxia	0.4503757800260531	1070	GSM6086639
GSE202011		F7	EXTENDED	fibroblast_matrix	0.2969458727456702	1070	GSM6086639
GSE202011		F7	EXTENDED	fibroblast_inflammatory	0.475152728094056	1070	GSM6086639
GSE202011		F7	EXTENDED	endothelial_vascular	0.4589969193770231	1070	GSM6086639
GSE202011		F7	EXTENDED	myeloid_dendritic	0.4258340338196394	1070	GSM6086639
GSE202011		F7	EXTENDED	T_NK_cytotoxic	0.2056882087740127	1070	GSM6086639
GSE202011		F7	EXTENDED	B_plasma	0.1410459488537674	1070	GSM6086639
GSE202011		F1	CORE	keratinocyte_basal	0.3643943896852574	634	GSM6086640
GSE202011		F1	CORE	keratinocyte_spinous_suprabasal	0.3425077886279951	634	GSM6086640
GSE202011		F1	CORE	keratinocyte_inflammatory_T17	0.2654345559603701	634	GSM6086640
GSE202011		F1	CORE	keratinocyte_stress_hypoxia	0.4929871477262902	634	GSM6086640
GSE202011		F1	CORE	fibroblast_matrix	-0.0432800931923227	634	GSM6086640
GSE202011		F1	CORE	fibroblast_inflammatory	0.3358808239069711	634	GSM6086640
GSE202011		F1	CORE	endothelial_vascular	0.4041366326247775	634	GSM6086640
GSE202011		F1	CORE	myeloid_dendritic	0.4539453396172907	634	GSM6086640
GSE202011		F1	CORE	T_NK_cytotoxic	0.222878105416858	634	GSM6086640
GSE202011		F1	CORE	B_plasma	0.1194016565344504	634	GSM6086640
GSE202011		F1	EXTENDED	keratinocyte_basal	0.4304484781816729	634	GSM6086640
GSE202011		F1	EXTENDED	keratinocyte_spinous_suprabasal	0.4431032027865645	634	GSM6086640
GSE202011		F1	EXTENDED	keratinocyte_inflammatory_T17	0.3036794495358884	634	GSM6086640
GSE202011		F1	EXTENDED	keratinocyte_stress_hypoxia	0.5035188932298483	634	GSM6086640
GSE202011		F1	EXTENDED	fibroblast_matrix	0.1533398228251454	634	GSM6086640
GSE202011		F1	EXTENDED	fibroblast_inflammatory	0.4134523409423353	634	GSM6086640
GSE202011		F1	EXTENDED	endothelial_vascular	0.4239914426303998	634	GSM6086640
GSE202011		F1	EXTENDED	myeloid_dendritic	0.4683526627744871	634	GSM6086640
GSE202011		F1	EXTENDED	T_NK_cytotoxic	0.218769694391737	634	GSM6086640
GSE202011		F1	EXTENDED	B_plasma	0.1305158643454031	634	GSM6086640
GSE202011		F2	CORE	keratinocyte_basal	0.4497382571229865	634	GSM6086640
GSE202011		F2	CORE	keratinocyte_spinous_suprabasal	0.4866789756136931	634	GSM6086640
GSE202011		F2	CORE	keratinocyte_inflammatory_T17	0.2948334462196217	634	GSM6086640
GSE202011		F2	CORE	keratinocyte_stress_hypoxia	0.4860926961916661	634	GSM6086640
GSE202011		F2	CORE	fibroblast_matrix	0.2536741614587497	634	GSM6086640
GSE202011		F2	CORE	fibroblast_inflammatory	0.4252657457881286	634	GSM6086640
GSE202011		F2	CORE	endothelial_vascular	0.3950560946213231	634	GSM6086640
GSE202011		F2	CORE	myeloid_dendritic	0.4473581605143744	634	GSM6086640
GSE202011		F2	CORE	T_NK_cytotoxic	0.2224890037273751	634	GSM6086640
GSE202011		F2	CORE	B_plasma	0.1276347405823385	634	GSM6086640
GSE202011		F2	EXTENDED	keratinocyte_basal	0.4523099625598758	634	GSM6086640
GSE202011		F2	EXTENDED	keratinocyte_spinous_suprabasal	0.4767743406305078	634	GSM6086640
GSE202011		F2	EXTENDED	keratinocyte_inflammatory_T17	0.3135154506670745	634	GSM6086640
GSE202011		F2	EXTENDED	keratinocyte_stress_hypoxia	0.4966448766522078	634	GSM6086640
GSE202011		F2	EXTENDED	fibroblast_matrix	0.2467048498141992	634	GSM6086640
GSE202011		F2	EXTENDED	fibroblast_inflammatory	0.4385971560526205	634	GSM6086640
GSE202011		F2	EXTENDED	endothelial_vascular	0.4116483676785046	634	GSM6086640
GSE202011		F2	EXTENDED	myeloid_dendritic	0.4656245201221999	634	GSM6086640
GSE202011		F2	EXTENDED	T_NK_cytotoxic	0.2166575966174963	634	GSM6086640
GSE202011		F2	EXTENDED	B_plasma	0.126648972014902	634	GSM6086640
GSE202011		F6	CORE	keratinocyte_basal	0.429502496425268	634	GSM6086640
GSE202011		F6	CORE	keratinocyte_spinous_suprabasal	0.4517880458604378	634	GSM6086640
GSE202011		F6	CORE	keratinocyte_inflammatory_T17	0.2776134223156978	634	GSM6086640
GSE202011		F6	CORE	keratinocyte_stress_hypoxia	0.4909881598919677	634	GSM6086640
GSE202011		F6	CORE	fibroblast_matrix	0.1110510535239134	634	GSM6086640
GSE202011		F6	CORE	fibroblast_inflammatory	0.3927305069702642	634	GSM6086640
GSE202011		F6	CORE	endothelial_vascular	0.3934067500810258	634	GSM6086640
GSE202011		F6	CORE	myeloid_dendritic	0.4205632339106065	634	GSM6086640
GSE202011		F6	CORE	T_NK_cytotoxic	0.2082273864258941	634	GSM6086640
GSE202011		F6	CORE	B_plasma	0.1312039113798628	634	GSM6086640
GSE202011		F6	EXTENDED	keratinocyte_basal	0.4625612298516208	634	GSM6086640
GSE202011		F6	EXTENDED	keratinocyte_spinous_suprabasal	0.4795818497695463	634	GSM6086640
GSE202011		F6	EXTENDED	keratinocyte_inflammatory_T17	0.3195190605129603	634	GSM6086640
GSE202011		F6	EXTENDED	keratinocyte_stress_hypoxia	0.5022323114250399	634	GSM6086640
GSE202011		F6	EXTENDED	fibroblast_matrix	0.1205962519632058	634	GSM6086640
GSE202011		F6	EXTENDED	fibroblast_inflammatory	0.4299007316155807	634	GSM6086640
GSE202011		F6	EXTENDED	endothelial_vascular	0.4199628823741272	634	GSM6086640
GSE202011		F6	EXTENDED	myeloid_dendritic	0.4592629742077534	634	GSM6086640
GSE202011		F6	EXTENDED	T_NK_cytotoxic	0.2202407869197107	634	GSM6086640
GSE202011		F6	EXTENDED	B_plasma	0.1325691421033091	634	GSM6086640
GSE202011		F7	CORE	keratinocyte_basal	0.4815287009242481	634	GSM6086640
GSE202011		F7	CORE	keratinocyte_spinous_suprabasal	0.4473538739457752	634	GSM6086640
GSE202011		F7	CORE	keratinocyte_inflammatory_T17	0.3459203472762748	634	GSM6086640
GSE202011		F7	CORE	keratinocyte_stress_hypoxia	0.4984655287772044	634	GSM6086640
GSE202011		F7	CORE	fibroblast_matrix	0.0285512578033842	634	GSM6086640
GSE202011		F7	CORE	fibroblast_inflammatory	0.4092818588149575	634	GSM6086640
GSE202011		F7	CORE	endothelial_vascular	0.4393663566002319	634	GSM6086640
GSE202011		F7	CORE	myeloid_dendritic	0.4533051017353678	634	GSM6086640
GSE202011		F7	CORE	T_NK_cytotoxic	0.2391293490272344	634	GSM6086640
GSE202011		F7	CORE	B_plasma	0.1300303793336443	634	GSM6086640
GSE202011		F7	EXTENDED	keratinocyte_basal	0.4859285315012874	634	GSM6086640
GSE202011		F7	EXTENDED	keratinocyte_spinous_suprabasal	0.4593955543827018	634	GSM6086640
GSE202011		F7	EXTENDED	keratinocyte_inflammatory_T17	0.3479096496876148	634	GSM6086640
GSE202011		F7	EXTENDED	keratinocyte_stress_hypoxia	0.5050786417419114	634	GSM6086640
GSE202011		F7	EXTENDED	fibroblast_matrix	0.0471913259049988	634	GSM6086640
GSE202011		F7	EXTENDED	fibroblast_inflammatory	0.4126031808083312	634	GSM6086640
GSE202011		F7	EXTENDED	endothelial_vascular	0.4332019645904055	634	GSM6086640
GSE202011		F7	EXTENDED	myeloid_dendritic	0.4566753736644883	634	GSM6086640
GSE202011		F7	EXTENDED	T_NK_cytotoxic	0.2419786852771992	634	GSM6086640
GSE202011		F7	EXTENDED	B_plasma	0.1351820239321052	634	GSM6086640
GSE202011		F1	CORE	keratinocyte_basal	0.4886535796676375	977	GSM6086641
GSE202011		F1	CORE	keratinocyte_spinous_suprabasal	0.386874423950611	977	GSM6086641
GSE202011		F1	CORE	keratinocyte_inflammatory_T17	0.5081742385265394	977	GSM6086641
GSE202011		F1	CORE	keratinocyte_stress_hypoxia	0.466103828117605	977	GSM6086641
GSE202011		F1	CORE	fibroblast_matrix	0.2145247705443249	977	GSM6086641
GSE202011		F1	CORE	fibroblast_inflammatory	0.4603629950378328	977	GSM6086641
GSE202011		F1	CORE	endothelial_vascular	0.4254833170216138	977	GSM6086641
GSE202011		F1	CORE	myeloid_dendritic	0.4477325179159103	977	GSM6086641
GSE202011		F1	CORE	T_NK_cytotoxic	0.392242190544727	977	GSM6086641
GSE202011		F1	CORE	B_plasma	0.1133859260766202	977	GSM6086641
GSE202011		F1	EXTENDED	keratinocyte_basal	0.5336735515342776	977	GSM6086641
GSE202011		F1	EXTENDED	keratinocyte_spinous_suprabasal	0.4304138536540624	977	GSM6086641
GSE202011		F1	EXTENDED	keratinocyte_inflammatory_T17	0.5344186336923172	977	GSM6086641
GSE202011		F1	EXTENDED	keratinocyte_stress_hypoxia	0.4996374201978162	977	GSM6086641
GSE202011		F1	EXTENDED	fibroblast_matrix	0.2876720918435355	977	GSM6086641
GSE202011		F1	EXTENDED	fibroblast_inflammatory	0.499800394076458	977	GSM6086641
GSE202011		F1	EXTENDED	endothelial_vascular	0.4347586153758879	977	GSM6086641
GSE202011		F1	EXTENDED	myeloid_dendritic	0.4623413455204691	977	GSM6086641
GSE202011		F1	EXTENDED	T_NK_cytotoxic	0.4105171894655235	977	GSM6086641
GSE202011		F1	EXTENDED	B_plasma	0.1286460780824335	977	GSM6086641
GSE202011		F2	CORE	keratinocyte_basal	0.541322796428153	977	GSM6086641
GSE202011		F2	CORE	keratinocyte_spinous_suprabasal	0.4242833090527888	977	GSM6086641
GSE202011		F2	CORE	keratinocyte_inflammatory_T17	0.5163105361328011	977	GSM6086641
GSE202011		F2	CORE	keratinocyte_stress_hypoxia	0.4954538694243756	977	GSM6086641
GSE202011		F2	CORE	fibroblast_matrix	0.3321008757472166	977	GSM6086641
GSE202011		F2	CORE	fibroblast_inflammatory	0.4996459352874786	977	GSM6086641
GSE202011		F2	CORE	endothelial_vascular	0.447531599479041	977	GSM6086641
GSE202011		F2	CORE	myeloid_dendritic	0.4647079741480974	977	GSM6086641
GSE202011		F2	CORE	T_NK_cytotoxic	0.4153678210493318	977	GSM6086641
GSE202011		F2	CORE	B_plasma	0.1444684928877236	977	GSM6086641
GSE202011		F2	EXTENDED	keratinocyte_basal	0.5476111090496083	977	GSM6086641
GSE202011		F2	EXTENDED	keratinocyte_spinous_suprabasal	0.4281680273812688	977	GSM6086641
GSE202011		F2	EXTENDED	keratinocyte_inflammatory_T17	0.5242635530414607	977	GSM6086641
GSE202011		F2	EXTENDED	keratinocyte_stress_hypoxia	0.5041901745906344	977	GSM6086641
GSE202011		F2	EXTENDED	fibroblast_matrix	0.3333903168075481	977	GSM6086641
GSE202011		F2	EXTENDED	fibroblast_inflammatory	0.5026055218997152	977	GSM6086641
GSE202011		F2	EXTENDED	endothelial_vascular	0.4466217588888676	977	GSM6086641
GSE202011		F2	EXTENDED	myeloid_dendritic	0.4624342454367182	977	GSM6086641
GSE202011		F2	EXTENDED	T_NK_cytotoxic	0.4173658941967985	977	GSM6086641
GSE202011		F2	EXTENDED	B_plasma	0.13805654263124	977	GSM6086641
GSE202011		F6	CORE	keratinocyte_basal	0.5338829042607022	977	GSM6086641
GSE202011		F6	CORE	keratinocyte_spinous_suprabasal	0.4286179456861937	977	GSM6086641
GSE202011		F6	CORE	keratinocyte_inflammatory_T17	0.5198557049413968	977	GSM6086641
GSE202011		F6	CORE	keratinocyte_stress_hypoxia	0.4866056985958037	977	GSM6086641
GSE202011		F6	CORE	fibroblast_matrix	0.2599951881652136	977	GSM6086641
GSE202011		F6	CORE	fibroblast_inflammatory	0.4621554469148738	977	GSM6086641
GSE202011		F6	CORE	endothelial_vascular	0.4219196895901448	977	GSM6086641
GSE202011		F6	CORE	myeloid_dendritic	0.4536634932887324	977	GSM6086641
GSE202011		F6	CORE	T_NK_cytotoxic	0.3956126432134159	977	GSM6086641
GSE202011		F6	CORE	B_plasma	0.1478958015955394	977	GSM6086641
GSE202011		F6	EXTENDED	keratinocyte_basal	0.5567158020710216	977	GSM6086641
GSE202011		F6	EXTENDED	keratinocyte_spinous_suprabasal	0.4416398019628638	977	GSM6086641
GSE202011		F6	EXTENDED	keratinocyte_inflammatory_T17	0.5409161687039241	977	GSM6086641
GSE202011		F6	EXTENDED	keratinocyte_stress_hypoxia	0.5007172854983958	977	GSM6086641
GSE202011		F6	EXTENDED	fibroblast_matrix	0.2747418094051909	977	GSM6086641
GSE202011		F6	EXTENDED	fibroblast_inflammatory	0.5025422193165645	977	GSM6086641
GSE202011		F6	EXTENDED	endothelial_vascular	0.4407273971224666	977	GSM6086641
GSE202011		F6	EXTENDED	myeloid_dendritic	0.4646128225025056	977	GSM6086641
GSE202011		F6	EXTENDED	T_NK_cytotoxic	0.4141789943351489	977	GSM6086641
GSE202011		F6	EXTENDED	B_plasma	0.1324819789644271	977	GSM6086641
GSE202011		F7	CORE	keratinocyte_basal	0.5231328467474115	977	GSM6086641
GSE202011		F7	CORE	keratinocyte_spinous_suprabasal	0.4123860131826914	977	GSM6086641
GSE202011		F7	CORE	keratinocyte_inflammatory_T17	0.5457147523302693	977	GSM6086641
GSE202011		F7	CORE	keratinocyte_stress_hypoxia	0.4863121006850004	977	GSM6086641
GSE202011		F7	CORE	fibroblast_matrix	0.2131411155926858	977	GSM6086641
GSE202011		F7	CORE	fibroblast_inflammatory	0.5050198339003648	977	GSM6086641
GSE202011		F7	CORE	endothelial_vascular	0.4473456040608325	977	GSM6086641
GSE202011		F7	CORE	myeloid_dendritic	0.4638698054237917	977	GSM6086641
GSE202011		F7	CORE	T_NK_cytotoxic	0.4200989712723004	977	GSM6086641
GSE202011		F7	CORE	B_plasma	0.1231886797142469	977	GSM6086641
GSE202011		F7	EXTENDED	keratinocyte_basal	0.531315637175374	977	GSM6086641
GSE202011		F7	EXTENDED	keratinocyte_spinous_suprabasal	0.425343284045855	977	GSM6086641
GSE202011		F7	EXTENDED	keratinocyte_inflammatory_T17	0.5483752138261573	977	GSM6086641
GSE202011		F7	EXTENDED	keratinocyte_stress_hypoxia	0.4993474131486745	977	GSM6086641
GSE202011		F7	EXTENDED	fibroblast_matrix	0.2315428347782193	977	GSM6086641
GSE202011		F7	EXTENDED	fibroblast_inflammatory	0.5098014569245454	977	GSM6086641
GSE202011		F7	EXTENDED	endothelial_vascular	0.4469802748609218	977	GSM6086641
GSE202011		F7	EXTENDED	myeloid_dendritic	0.4665796784638797	977	GSM6086641
GSE202011		F7	EXTENDED	T_NK_cytotoxic	0.4181490033678754	977	GSM6086641
GSE202011		F7	EXTENDED	B_plasma	0.1233159417306185	977	GSM6086641
GSE202011		F1	CORE	keratinocyte_basal	0.5610589754637971	1099	GSM6086642
GSE202011		F1	CORE	keratinocyte_spinous_suprabasal	0.4232411981391072	1099	GSM6086642
GSE202011		F1	CORE	keratinocyte_inflammatory_T17	0.339243194038809	1099	GSM6086642
GSE202011		F1	CORE	keratinocyte_stress_hypoxia	0.4836985153891637	1099	GSM6086642
GSE202011		F1	CORE	fibroblast_matrix	0.3522269231665243	1099	GSM6086642
GSE202011		F1	CORE	fibroblast_inflammatory	0.4999140861162741	1099	GSM6086642
GSE202011		F1	CORE	endothelial_vascular	0.4334222573580824	1099	GSM6086642
GSE202011		F1	CORE	myeloid_dendritic	0.376200555607536	1099	GSM6086642
GSE202011		F1	CORE	T_NK_cytotoxic	0.2715418351835928	1099	GSM6086642
GSE202011		F1	CORE	B_plasma	0.0848471561355706	1099	GSM6086642
GSE202011		F1	EXTENDED	keratinocyte_basal	0.6200057949798041	1099	GSM6086642
GSE202011		F1	EXTENDED	keratinocyte_spinous_suprabasal	0.5047036253022952	1099	GSM6086642
GSE202011		F1	EXTENDED	keratinocyte_inflammatory_T17	0.3618272635818376	1099	GSM6086642
GSE202011		F1	EXTENDED	keratinocyte_stress_hypoxia	0.5238290110669499	1099	GSM6086642
GSE202011		F1	EXTENDED	fibroblast_matrix	0.5220369187414963	1099	GSM6086642
GSE202011		F1	EXTENDED	fibroblast_inflammatory	0.6159548853678083	1099	GSM6086642
GSE202011		F1	EXTENDED	endothelial_vascular	0.4426818875649088	1099	GSM6086642
GSE202011		F1	EXTENDED	myeloid_dendritic	0.4421166186531522	1099	GSM6086642
GSE202011		F1	EXTENDED	T_NK_cytotoxic	0.2874036257779089	1099	GSM6086642
GSE202011		F1	EXTENDED	B_plasma	0.109472006185587	1099	GSM6086642
GSE202011		F2	CORE	keratinocyte_basal	0.6271969306822818	1099	GSM6086642
GSE202011		F2	CORE	keratinocyte_spinous_suprabasal	0.530049742989599	1099	GSM6086642
GSE202011		F2	CORE	keratinocyte_inflammatory_T17	0.3412262546825806	1099	GSM6086642
GSE202011		F2	CORE	keratinocyte_stress_hypoxia	0.5159423851094895	1099	GSM6086642
GSE202011		F2	CORE	fibroblast_matrix	0.5777715541801646	1099	GSM6086642
GSE202011		F2	CORE	fibroblast_inflammatory	0.6460399256994678	1099	GSM6086642
GSE202011		F2	CORE	endothelial_vascular	0.4419338422636626	1099	GSM6086642
GSE202011		F2	CORE	myeloid_dendritic	0.4512480667456936	1099	GSM6086642
GSE202011		F2	CORE	T_NK_cytotoxic	0.2993026350305215	1099	GSM6086642
GSE202011		F2	CORE	B_plasma	0.1160768049646885	1099	GSM6086642
GSE202011		F2	EXTENDED	keratinocyte_basal	0.6254823856006668	1099	GSM6086642
GSE202011		F2	EXTENDED	keratinocyte_spinous_suprabasal	0.5198066134184817	1099	GSM6086642
GSE202011		F2	EXTENDED	keratinocyte_inflammatory_T17	0.3509148229468229	1099	GSM6086642
GSE202011		F2	EXTENDED	keratinocyte_stress_hypoxia	0.5185355710910194	1099	GSM6086642
GSE202011		F2	EXTENDED	fibroblast_matrix	0.5746812942759422	1099	GSM6086642
GSE202011		F2	EXTENDED	fibroblast_inflammatory	0.6460241429349586	1099	GSM6086642
GSE202011		F2	EXTENDED	endothelial_vascular	0.4383090644896316	1099	GSM6086642
GSE202011		F2	EXTENDED	myeloid_dendritic	0.4485070722674374	1099	GSM6086642
GSE202011		F2	EXTENDED	T_NK_cytotoxic	0.2899239008799345	1099	GSM6086642
GSE202011		F2	EXTENDED	B_plasma	0.1169504181040393	1099	GSM6086642
GSE202011		F6	CORE	keratinocyte_basal	0.6211739321691574	1099	GSM6086642
GSE202011		F6	CORE	keratinocyte_spinous_suprabasal	0.5133759206186079	1099	GSM6086642
GSE202011		F6	CORE	keratinocyte_inflammatory_T17	0.335043654524172	1099	GSM6086642
GSE202011		F6	CORE	keratinocyte_stress_hypoxia	0.5012415647480242	1099	GSM6086642
GSE202011		F6	CORE	fibroblast_matrix	0.4890873480063157	1099	GSM6086642
GSE202011		F6	CORE	fibroblast_inflammatory	0.5956476877170256	1099	GSM6086642
GSE202011		F6	CORE	endothelial_vascular	0.4206329716863719	1099	GSM6086642
GSE202011		F6	CORE	myeloid_dendritic	0.4268361279765109	1099	GSM6086642
GSE202011		F6	CORE	T_NK_cytotoxic	0.2761044166830876	1099	GSM6086642
GSE202011		F6	CORE	B_plasma	0.102820447131753	1099	GSM6086642
GSE202011		F6	EXTENDED	keratinocyte_basal	0.6379226085761251	1099	GSM6086642
GSE202011		F6	EXTENDED	keratinocyte_spinous_suprabasal	0.5345017081324662	1099	GSM6086642
GSE202011		F6	EXTENDED	keratinocyte_inflammatory_T17	0.3526660072683171	1099	GSM6086642
GSE202011		F6	EXTENDED	keratinocyte_stress_hypoxia	0.5236028382150272	1099	GSM6086642
GSE202011		F6	EXTENDED	fibroblast_matrix	0.5219939358858484	1099	GSM6086642
GSE202011		F6	EXTENDED	fibroblast_inflammatory	0.6272817185793224	1099	GSM6086642
GSE202011		F6	EXTENDED	endothelial_vascular	0.4292563642294658	1099	GSM6086642
GSE202011		F6	EXTENDED	myeloid_dendritic	0.445116722513103	1099	GSM6086642
GSE202011		F6	EXTENDED	T_NK_cytotoxic	0.2888331693430546	1099	GSM6086642
GSE202011		F6	EXTENDED	B_plasma	0.1074166636870702	1099	GSM6086642
GSE202011		F7	CORE	keratinocyte_basal	0.6113598031500982	1099	GSM6086642
GSE202011		F7	CORE	keratinocyte_spinous_suprabasal	0.4948217451824628	1099	GSM6086642
GSE202011		F7	CORE	keratinocyte_inflammatory_T17	0.343999528360225	1099	GSM6086642
GSE202011		F7	CORE	keratinocyte_stress_hypoxia	0.5072937354546562	1099	GSM6086642
GSE202011		F7	CORE	fibroblast_matrix	0.4985102094815044	1099	GSM6086642
GSE202011		F7	CORE	fibroblast_inflammatory	0.6292171997231033	1099	GSM6086642
GSE202011		F7	CORE	endothelial_vascular	0.4709655324496755	1099	GSM6086642
GSE202011		F7	CORE	myeloid_dendritic	0.4490128218036217	1099	GSM6086642
GSE202011		F7	CORE	T_NK_cytotoxic	0.296365417199286	1099	GSM6086642
GSE202011		F7	CORE	B_plasma	0.1110179555447408	1099	GSM6086642
GSE202011		F7	EXTENDED	keratinocyte_basal	0.6278566327964942	1099	GSM6086642
GSE202011		F7	EXTENDED	keratinocyte_spinous_suprabasal	0.5084136166254086	1099	GSM6086642
GSE202011		F7	EXTENDED	keratinocyte_inflammatory_T17	0.3567087487215409	1099	GSM6086642
GSE202011		F7	EXTENDED	keratinocyte_stress_hypoxia	0.5201993344623551	1099	GSM6086642
GSE202011		F7	EXTENDED	fibroblast_matrix	0.5090730842465505	1099	GSM6086642
GSE202011		F7	EXTENDED	fibroblast_inflammatory	0.6314882534584627	1099	GSM6086642
GSE202011		F7	EXTENDED	endothelial_vascular	0.4645981060500576	1099	GSM6086642
GSE202011		F7	EXTENDED	myeloid_dendritic	0.4531820562323396	1099	GSM6086642
GSE202011		F7	EXTENDED	T_NK_cytotoxic	0.2985623745951727	1099	GSM6086642
GSE202011		F7	EXTENDED	B_plasma	0.1105137793888619	1099	GSM6086642
GSE202011		F1	CORE	keratinocyte_basal	0.4320005212110108	1203	GSM6086643
GSE202011		F1	CORE	keratinocyte_spinous_suprabasal	0.2916408870097141	1203	GSM6086643
GSE202011		F1	CORE	keratinocyte_inflammatory_T17	0.2973516505465833	1203	GSM6086643
GSE202011		F1	CORE	keratinocyte_stress_hypoxia	0.424244572227462	1203	GSM6086643
GSE202011		F1	CORE	fibroblast_matrix	0.0645396172006554	1203	GSM6086643
GSE202011		F1	CORE	fibroblast_inflammatory	0.3929693538912809	1203	GSM6086643
GSE202011		F1	CORE	endothelial_vascular	0.4217235137585713	1203	GSM6086643
GSE202011		F1	CORE	myeloid_dendritic	0.3696055945417354	1203	GSM6086643
GSE202011		F1	CORE	T_NK_cytotoxic	0.2332256926104307	1203	GSM6086643
GSE202011		F1	CORE	B_plasma	0.2115210788869788	1203	GSM6086643
GSE202011		F1	EXTENDED	keratinocyte_basal	0.4513006641358111	1203	GSM6086643
GSE202011		F1	EXTENDED	keratinocyte_spinous_suprabasal	0.308448054171003	1203	GSM6086643
GSE202011		F1	EXTENDED	keratinocyte_inflammatory_T17	0.2865179986602411	1203	GSM6086643
GSE202011		F1	EXTENDED	keratinocyte_stress_hypoxia	0.4420325944198462	1203	GSM6086643
GSE202011		F1	EXTENDED	fibroblast_matrix	0.1563072938003114	1203	GSM6086643
GSE202011		F1	EXTENDED	fibroblast_inflammatory	0.4581432960261363	1203	GSM6086643
GSE202011		F1	EXTENDED	endothelial_vascular	0.4302576139215161	1203	GSM6086643
GSE202011		F1	EXTENDED	myeloid_dendritic	0.3971426579327021	1203	GSM6086643
GSE202011		F1	EXTENDED	T_NK_cytotoxic	0.2452102390778236	1203	GSM6086643
GSE202011		F1	EXTENDED	B_plasma	0.2314446644564786	1203	GSM6086643
GSE202011		F2	CORE	keratinocyte_basal	0.429572679244069	1203	GSM6086643
GSE202011		F2	CORE	keratinocyte_spinous_suprabasal	0.329532039031938	1203	GSM6086643
GSE202011		F2	CORE	keratinocyte_inflammatory_T17	0.281043621780175	1203	GSM6086643
GSE202011		F2	CORE	keratinocyte_stress_hypoxia	0.4442136239190017	1203	GSM6086643
GSE202011		F2	CORE	fibroblast_matrix	0.2346375531147256	1203	GSM6086643
GSE202011		F2	CORE	fibroblast_inflammatory	0.4752053018646004	1203	GSM6086643
GSE202011		F2	CORE	endothelial_vascular	0.4487451105458422	1203	GSM6086643
GSE202011		F2	CORE	myeloid_dendritic	0.4088187327558037	1203	GSM6086643
GSE202011		F2	CORE	T_NK_cytotoxic	0.2527103148261145	1203	GSM6086643
GSE202011		F2	CORE	B_plasma	0.2396573555470138	1203	GSM6086643
GSE202011		F2	EXTENDED	keratinocyte_basal	0.4397939510005793	1203	GSM6086643
GSE202011		F2	EXTENDED	keratinocyte_spinous_suprabasal	0.331757679962425	1203	GSM6086643
GSE202011		F2	EXTENDED	keratinocyte_inflammatory_T17	0.287282937655037	1203	GSM6086643
GSE202011		F2	EXTENDED	keratinocyte_stress_hypoxia	0.4574519943402684	1203	GSM6086643
GSE202011		F2	EXTENDED	fibroblast_matrix	0.2254318556669073	1203	GSM6086643
GSE202011		F2	EXTENDED	fibroblast_inflammatory	0.4728238800944444	1203	GSM6086643
GSE202011		F2	EXTENDED	endothelial_vascular	0.4576331294232984	1203	GSM6086643
GSE202011		F2	EXTENDED	myeloid_dendritic	0.4078924796118524	1203	GSM6086643
GSE202011		F2	EXTENDED	T_NK_cytotoxic	0.2512230683266163	1203	GSM6086643
GSE202011		F2	EXTENDED	B_plasma	0.2366451836960505	1203	GSM6086643
GSE202011		F6	CORE	keratinocyte_basal	0.4261222200008812	1203	GSM6086643
GSE202011		F6	CORE	keratinocyte_spinous_suprabasal	0.3245748972972919	1203	GSM6086643
GSE202011		F6	CORE	keratinocyte_inflammatory_T17	0.2560827982574722	1203	GSM6086643
GSE202011		F6	CORE	keratinocyte_stress_hypoxia	0.4230639881134718	1203	GSM6086643
GSE202011		F6	CORE	fibroblast_matrix	0.1097392305428622	1203	GSM6086643
GSE202011		F6	CORE	fibroblast_inflammatory	0.4076684500957429	1203	GSM6086643
GSE202011		F6	CORE	endothelial_vascular	0.398926040510252	1203	GSM6086643
GSE202011		F6	CORE	myeloid_dendritic	0.3956843919160814	1203	GSM6086643
GSE202011		F6	CORE	T_NK_cytotoxic	0.2574056321895321	1203	GSM6086643
GSE202011		F6	CORE	B_plasma	0.2222146524835063	1203	GSM6086643
GSE202011		F6	EXTENDED	keratinocyte_basal	0.4572209334770605	1203	GSM6086643
GSE202011		F6	EXTENDED	keratinocyte_spinous_suprabasal	0.3419894459884368	1203	GSM6086643
GSE202011		F6	EXTENDED	keratinocyte_inflammatory_T17	0.2757084993481176	1203	GSM6086643
GSE202011		F6	EXTENDED	keratinocyte_stress_hypoxia	0.4475963641157831	1203	GSM6086643
GSE202011		F6	EXTENDED	fibroblast_matrix	0.1323410260558658	1203	GSM6086643
GSE202011		F6	EXTENDED	fibroblast_inflammatory	0.4619620231699693	1203	GSM6086643
GSE202011		F6	EXTENDED	endothelial_vascular	0.4378423213889267	1203	GSM6086643
GSE202011		F6	EXTENDED	myeloid_dendritic	0.4104271914909527	1203	GSM6086643
GSE202011		F6	EXTENDED	T_NK_cytotoxic	0.2601721575907378	1203	GSM6086643
GSE202011		F6	EXTENDED	B_plasma	0.232790066683291	1203	GSM6086643
GSE202011		F7	CORE	keratinocyte_basal	0.4541608523161263	1203	GSM6086643
GSE202011		F7	CORE	keratinocyte_spinous_suprabasal	0.3623351657374744	1203	GSM6086643
GSE202011		F7	CORE	keratinocyte_inflammatory_T17	0.2713946331986436	1203	GSM6086643
GSE202011		F7	CORE	keratinocyte_stress_hypoxia	0.4273705242252325	1203	GSM6086643
GSE202011		F7	CORE	fibroblast_matrix	0.1180265909089669	1203	GSM6086643
GSE202011		F7	CORE	fibroblast_inflammatory	0.4870981073017743	1203	GSM6086643
GSE202011		F7	CORE	endothelial_vascular	0.4439531857807439	1203	GSM6086643
GSE202011		F7	CORE	myeloid_dendritic	0.4135986845501333	1203	GSM6086643
GSE202011		F7	CORE	T_NK_cytotoxic	0.2758411822820465	1203	GSM6086643
GSE202011		F7	CORE	B_plasma	0.2362638736686153	1203	GSM6086643
GSE202011		F7	EXTENDED	keratinocyte_basal	0.4635819179376494	1203	GSM6086643
GSE202011		F7	EXTENDED	keratinocyte_spinous_suprabasal	0.3683198816304244	1203	GSM6086643
GSE202011		F7	EXTENDED	keratinocyte_inflammatory_T17	0.2811426750465388	1203	GSM6086643
GSE202011		F7	EXTENDED	keratinocyte_stress_hypoxia	0.4420745727457611	1203	GSM6086643
GSE202011		F7	EXTENDED	fibroblast_matrix	0.1244917021761379	1203	GSM6086643
GSE202011		F7	EXTENDED	fibroblast_inflammatory	0.4882634004467369	1203	GSM6086643
GSE202011		F7	EXTENDED	endothelial_vascular	0.4482540477536859	1203	GSM6086643
GSE202011		F7	EXTENDED	myeloid_dendritic	0.4171042173406825	1203	GSM6086643
GSE202011		F7	EXTENDED	T_NK_cytotoxic	0.2719069441580323	1203	GSM6086643
GSE202011		F7	EXTENDED	B_plasma	0.2403482780336844	1203	GSM6086643
GSE202011		F1	CORE	keratinocyte_basal	0.4110044462061629	1031	GSM6086644
GSE202011		F1	CORE	keratinocyte_spinous_suprabasal	0.4068363378889417	1031	GSM6086644
GSE202011		F1	CORE	keratinocyte_inflammatory_T17	0.2762039213087849	1031	GSM6086644
GSE202011		F1	CORE	keratinocyte_stress_hypoxia	0.3900688181165775	1031	GSM6086644
GSE202011		F1	CORE	fibroblast_matrix	0.4226863263533612	1031	GSM6086644
GSE202011		F1	CORE	fibroblast_inflammatory	0.4393026374201816	1031	GSM6086644
GSE202011		F1	CORE	endothelial_vascular	0.3989616821113003	1031	GSM6086644
GSE202011		F1	CORE	myeloid_dendritic	0.4074869712279102	1031	GSM6086644
GSE202011		F1	CORE	T_NK_cytotoxic	0.3304375851975045	1031	GSM6086644
GSE202011		F1	CORE	B_plasma	0.2325232079523312	1031	GSM6086644
GSE202011		F1	EXTENDED	keratinocyte_basal	0.4265689411415375	1031	GSM6086644
GSE202011		F1	EXTENDED	keratinocyte_spinous_suprabasal	0.4270914014059266	1031	GSM6086644
GSE202011		F1	EXTENDED	keratinocyte_inflammatory_T17	0.2729725610780473	1031	GSM6086644
GSE202011		F1	EXTENDED	keratinocyte_stress_hypoxia	0.3998990805067669	1031	GSM6086644
GSE202011		F1	EXTENDED	fibroblast_matrix	0.4939536111771354	1031	GSM6086644
GSE202011		F1	EXTENDED	fibroblast_inflammatory	0.4715454064482545	1031	GSM6086644
GSE202011		F1	EXTENDED	endothelial_vascular	0.4381062905254421	1031	GSM6086644
GSE202011		F1	EXTENDED	myeloid_dendritic	0.4285773134674859	1031	GSM6086644
GSE202011		F1	EXTENDED	T_NK_cytotoxic	0.3415324219659003	1031	GSM6086644
GSE202011		F1	EXTENDED	B_plasma	0.2375575645348307	1031	GSM6086644
GSE202011		F2	CORE	keratinocyte_basal	0.4214088389280828	1031	GSM6086644
GSE202011		F2	CORE	keratinocyte_spinous_suprabasal	0.4109693895889347	1031	GSM6086644
GSE202011		F2	CORE	keratinocyte_inflammatory_T17	0.2667010963757842	1031	GSM6086644
GSE202011		F2	CORE	keratinocyte_stress_hypoxia	0.3983728180521685	1031	GSM6086644
GSE202011		F2	CORE	fibroblast_matrix	0.5061004329558255	1031	GSM6086644
GSE202011		F2	CORE	fibroblast_inflammatory	0.4513502188380029	1031	GSM6086644
GSE202011		F2	CORE	endothelial_vascular	0.4428446134818287	1031	GSM6086644
GSE202011		F2	CORE	myeloid_dendritic	0.4199709751461598	1031	GSM6086644
GSE202011		F2	CORE	T_NK_cytotoxic	0.3437256763116027	1031	GSM6086644
GSE202011		F2	CORE	B_plasma	0.235146897022824	1031	GSM6086644
GSE202011		F2	EXTENDED	keratinocyte_basal	0.4189469100995852	1031	GSM6086644
GSE202011		F2	EXTENDED	keratinocyte_spinous_suprabasal	0.4143130048901071	1031	GSM6086644
GSE202011		F2	EXTENDED	keratinocyte_inflammatory_T17	0.2644057963523872	1031	GSM6086644
GSE202011		F2	EXTENDED	keratinocyte_stress_hypoxia	0.4036451422128935	1031	GSM6086644
GSE202011		F2	EXTENDED	fibroblast_matrix	0.5464813429942672	1031	GSM6086644
GSE202011		F2	EXTENDED	fibroblast_inflammatory	0.4674055029296535	1031	GSM6086644
GSE202011		F2	EXTENDED	endothelial_vascular	0.4394475138361876	1031	GSM6086644
GSE202011		F2	EXTENDED	myeloid_dendritic	0.4303634396105107	1031	GSM6086644
GSE202011		F2	EXTENDED	T_NK_cytotoxic	0.3426877918560504	1031	GSM6086644
GSE202011		F2	EXTENDED	B_plasma	0.2435530696822083	1031	GSM6086644
GSE202011		F6	CORE	keratinocyte_basal	0.3977699710151161	1031	GSM6086644
GSE202011		F6	CORE	keratinocyte_spinous_suprabasal	0.3791529878868253	1031	GSM6086644
GSE202011		F6	CORE	keratinocyte_inflammatory_T17	0.2572472281158275	1031	GSM6086644
GSE202011		F6	CORE	keratinocyte_stress_hypoxia	0.4024517930551595	1031	GSM6086644
GSE202011		F6	CORE	fibroblast_matrix	0.3601552627505638	1031	GSM6086644
GSE202011		F6	CORE	fibroblast_inflammatory	0.437293749349334	1031	GSM6086644
GSE202011		F6	CORE	endothelial_vascular	0.4244712265433455	1031	GSM6086644
GSE202011		F6	CORE	myeloid_dendritic	0.4404127041996443	1031	GSM6086644
GSE202011		F6	CORE	T_NK_cytotoxic	0.3398496718432151	1031	GSM6086644
GSE202011		F6	CORE	B_plasma	0.2274191194821692	1031	GSM6086644
GSE202011		F6	EXTENDED	keratinocyte_basal	0.4225084681519594	1031	GSM6086644
GSE202011		F6	EXTENDED	keratinocyte_spinous_suprabasal	0.4435328350647095	1031	GSM6086644
GSE202011		F6	EXTENDED	keratinocyte_inflammatory_T17	0.2679986575486335	1031	GSM6086644
GSE202011		F6	EXTENDED	keratinocyte_stress_hypoxia	0.4181176360151514	1031	GSM6086644
GSE202011		F6	EXTENDED	fibroblast_matrix	0.4111905092279749	1031	GSM6086644
GSE202011		F6	EXTENDED	fibroblast_inflammatory	0.4683814867474288	1031	GSM6086644
GSE202011		F6	EXTENDED	endothelial_vascular	0.4638938032921759	1031	GSM6086644
GSE202011		F6	EXTENDED	myeloid_dendritic	0.4380514994795229	1031	GSM6086644
GSE202011		F6	EXTENDED	T_NK_cytotoxic	0.3355238079847419	1031	GSM6086644
GSE202011		F6	EXTENDED	B_plasma	0.2348363211189298	1031	GSM6086644
GSE202011		F7	CORE	keratinocyte_basal	0.4282543851248668	1031	GSM6086644
GSE202011		F7	CORE	keratinocyte_spinous_suprabasal	0.4638048764478532	1031	GSM6086644
GSE202011		F7	CORE	keratinocyte_inflammatory_T17	0.2741352535857294	1031	GSM6086644
GSE202011		F7	CORE	keratinocyte_stress_hypoxia	0.3906801339152088	1031	GSM6086644
GSE202011		F7	CORE	fibroblast_matrix	0.4002281841796388	1031	GSM6086644
GSE202011		F7	CORE	fibroblast_inflammatory	0.4818006708672727	1031	GSM6086644
GSE202011		F7	CORE	endothelial_vascular	0.4881043764640869	1031	GSM6086644
GSE202011		F7	CORE	myeloid_dendritic	0.4418904717877209	1031	GSM6086644
GSE202011		F7	CORE	T_NK_cytotoxic	0.3292975953562838	1031	GSM6086644
GSE202011		F7	CORE	B_plasma	0.2420616062978046	1031	GSM6086644
GSE202011		F7	EXTENDED	keratinocyte_basal	0.436777238662987	1031	GSM6086644
GSE202011		F7	EXTENDED	keratinocyte_spinous_suprabasal	0.4611895217771908	1031	GSM6086644
GSE202011		F7	EXTENDED	keratinocyte_inflammatory_T17	0.2722446863977106	1031	GSM6086644
GSE202011		F7	EXTENDED	keratinocyte_stress_hypoxia	0.3973676343463757	1031	GSM6086644
GSE202011		F7	EXTENDED	fibroblast_matrix	0.4110939667988965	1031	GSM6086644
GSE202011		F7	EXTENDED	fibroblast_inflammatory	0.4743672409012756	1031	GSM6086644
GSE202011		F7	EXTENDED	endothelial_vascular	0.4907223013985127	1031	GSM6086644
GSE202011		F7	EXTENDED	myeloid_dendritic	0.4464434895103503	1031	GSM6086644
GSE202011		F7	EXTENDED	T_NK_cytotoxic	0.3298227458310486	1031	GSM6086644
GSE202011		F7	EXTENDED	B_plasma	0.2423317369800428	1031	GSM6086644
