patient_id	cohort	LS__Hallmark::HALLMARK_ADIPOGENESIS	LS__Hallmark::HALLMARK_ALLOGRAFT_REJECTION	LS__Hallmark::HALLMARK_ANDROGEN_RESPONSE	LS__Hallmark::HALLMARK_ANGIOGENESIS	LS__Hallmark::HALLMARK_APICAL_JUNCTION	LS__Hallmark::HALLMARK_APICAL_SURFACE	LS__Hallmark::HALLMARK_APOPTOSIS	LS__Hallmark::HALLMARK_BILE_ACID_METABOLISM	LS__Hallmark::HALLMARK_CHOLESTEROL_HOMEOSTASIS	LS__Hallmark::HALLMARK_COAGULATION	LS__Hallmark::HALLMARK_COMPLEMENT	LS__Hallmark::HALLMARK_DNA_REPAIR	LS__Hallmark::HALLMARK_E2F_TARGETS	LS__Hallmark::HALLMARK_EPITHELIAL_MESENCHYMAL_TRANSITION	LS__Hallmark::HALLMARK_ESTROGEN_RESPONSE_EARLY	LS__Hallmark::HALLMARK_ESTROGEN_RESPONSE_LATE	LS__Hallmark::HALLMARK_FATTY_ACID_METABOLISM	LS__Hallmark::HALLMARK_G2M_CHECKPOINT	LS__Hallmark::HALLMARK_GLYCOLYSIS	LS__Hallmark::HALLMARK_HEDGEHOG_SIGNALING	LS__Hallmark::HALLMARK_HEME_METABOLISM	LS__Hallmark::HALLMARK_HYPOXIA	LS__Hallmark::HALLMARK_IL2_STAT5_SIGNALING	LS__Hallmark::HALLMARK_IL6_JAK_STAT3_SIGNALING	LS__Hallmark::HALLMARK_INFLAMMATORY_RESPONSE	LS__Hallmark::HALLMARK_INTERFERON_ALPHA_RESPONSE	LS__Hallmark::HALLMARK_INTERFERON_GAMMA_RESPONSE	LS__Hallmark::HALLMARK_KRAS_SIGNALING_DN	LS__Hallmark::HALLMARK_KRAS_SIGNALING_UP	LS__Hallmark::HALLMARK_MITOTIC_SPINDLE	LS__Hallmark::HALLMARK_MTORC1_SIGNALING	LS__Hallmark::HALLMARK_MYC_TARGETS_V1	LS__Hallmark::HALLMARK_MYC_TARGETS_V2	LS__Hallmark::HALLMARK_MYOGENESIS	LS__Hallmark::HALLMARK_NOTCH_SIGNALING	LS__Hallmark::HALLMARK_OXIDATIVE_PHOSPHORYLATION	LS__Hallmark::HALLMARK_P53_PATHWAY	LS__Hallmark::HALLMARK_PANCREAS_BETA_CELLS	LS__Hallmark::HALLMARK_PEROXISOME	LS__Hallmark::HALLMARK_PI3K_AKT_MTOR_SIGNALING	LS__Hallmark::HALLMARK_PROTEIN_SECRETION	LS__Hallmark::HALLMARK_REACTIVE_OXYGEN_SPECIES_PATHWAY	LS__Hallmark::HALLMARK_SPERMATOGENESIS	LS__Hallmark::HALLMARK_TGF_BETA_SIGNALING	LS__Hallmark::HALLMARK_TNFA_SIGNALING_VIA_NFKB	LS__Hallmark::HALLMARK_UNFOLDED_PROTEIN_RESPONSE	LS__Hallmark::HALLMARK_UV_RESPONSE_DN	LS__Hallmark::HALLMARK_UV_RESPONSE_UP	LS__Hallmark::HALLMARK_WNT_BETA_CATENIN_SIGNALING	LS__Hallmark::HALLMARK_XENOBIOTIC_METABOLISM	LS__pathway::IL17_signaling	LS__pathway::IL23_signaling	LS__pathway::TNF_NFkB	LS__pathway::Type_I_interferon	LS__pathway::Type_II_interferon	LS__pathway::IL36	LS__pathway::JAK_STAT	LS__pathway::Antigen_presentation	LS__pathway::Complement	LS__pathway::Neutrophil_activation	LS__pathway::Keratinocyte_differentiation	LS__pathway::Epidermal_proliferation	LS__pathway::Angiogenesis	LS__pathway::Endothelial_activation	LS__pathway::Hypoxia	LS__pathway::Oxidative_stress	LS__pathway::Lipid_metabolism	LS__pathway::Insulin_signaling	LS__pathway::mTOR	LS__pathway::ECM_organization	LS__pathway::Fibroblast_activation	LS__pathway::WNT_signaling	LS__pathway::TGF_beta	LS__pathway::Apoptosis	LS__pathway::Cell_cycle	LS__regulon::AP1_activity	LS__cell_state::Keratinocyte	LS__cell_state::Fibroblast	LS__cell_state::Endothelial	LS__cell_state::T_cells	LS__cell_state::CD8_TRM	LS__cell_state::Dendritic_cells	LS__cell_state::Monocytes_macrophages	LS__cell_state::Neutrophils	LS__cell_state::NK_cells	NL__Hallmark::HALLMARK_ADIPOGENESIS	NL__Hallmark::HALLMARK_ALLOGRAFT_REJECTION	NL__Hallmark::HALLMARK_ANDROGEN_RESPONSE	NL__Hallmark::HALLMARK_ANGIOGENESIS	NL__Hallmark::HALLMARK_APICAL_JUNCTION	NL__Hallmark::HALLMARK_APICAL_SURFACE	NL__Hallmark::HALLMARK_APOPTOSIS	NL__Hallmark::HALLMARK_BILE_ACID_METABOLISM	NL__Hallmark::HALLMARK_CHOLESTEROL_HOMEOSTASIS	NL__Hallmark::HALLMARK_COAGULATION	NL__Hallmark::HALLMARK_COMPLEMENT	NL__Hallmark::HALLMARK_DNA_REPAIR	NL__Hallmark::HALLMARK_E2F_TARGETS	NL__Hallmark::HALLMARK_EPITHELIAL_MESENCHYMAL_TRANSITION	NL__Hallmark::HALLMARK_ESTROGEN_RESPONSE_EARLY	NL__Hallmark::HALLMARK_ESTROGEN_RESPONSE_LATE	NL__Hallmark::HALLMARK_FATTY_ACID_METABOLISM	NL__Hallmark::HALLMARK_G2M_CHECKPOINT	NL__Hallmark::HALLMARK_GLYCOLYSIS	NL__Hallmark::HALLMARK_HEDGEHOG_SIGNALING	NL__Hallmark::HALLMARK_HEME_METABOLISM	NL__Hallmark::HALLMARK_HYPOXIA	NL__Hallmark::HALLMARK_IL2_STAT5_SIGNALING	NL__Hallmark::HALLMARK_IL6_JAK_STAT3_SIGNALING	NL__Hallmark::HALLMARK_INFLAMMATORY_RESPONSE	NL__Hallmark::HALLMARK_INTERFERON_ALPHA_RESPONSE	NL__Hallmark::HALLMARK_INTERFERON_GAMMA_RESPONSE	NL__Hallmark::HALLMARK_KRAS_SIGNALING_DN	NL__Hallmark::HALLMARK_KRAS_SIGNALING_UP	NL__Hallmark::HALLMARK_MITOTIC_SPINDLE	NL__Hallmark::HALLMARK_MTORC1_SIGNALING	NL__Hallmark::HALLMARK_MYC_TARGETS_V1	NL__Hallmark::HALLMARK_MYC_TARGETS_V2	NL__Hallmark::HALLMARK_MYOGENESIS	NL__Hallmark::HALLMARK_NOTCH_SIGNALING	NL__Hallmark::HALLMARK_OXIDATIVE_PHOSPHORYLATION	NL__Hallmark::HALLMARK_P53_PATHWAY	NL__Hallmark::HALLMARK_PANCREAS_BETA_CELLS	NL__Hallmark::HALLMARK_PEROXISOME	NL__Hallmark::HALLMARK_PI3K_AKT_MTOR_SIGNALING	NL__Hallmark::HALLMARK_PROTEIN_SECRETION	NL__Hallmark::HALLMARK_REACTIVE_OXYGEN_SPECIES_PATHWAY	NL__Hallmark::HALLMARK_SPERMATOGENESIS	NL__Hallmark::HALLMARK_TGF_BETA_SIGNALING	NL__Hallmark::HALLMARK_TNFA_SIGNALING_VIA_NFKB	NL__Hallmark::HALLMARK_UNFOLDED_PROTEIN_RESPONSE	NL__Hallmark::HALLMARK_UV_RESPONSE_DN	NL__Hallmark::HALLMARK_UV_RESPONSE_UP	NL__Hallmark::HALLMARK_WNT_BETA_CATENIN_SIGNALING	NL__Hallmark::HALLMARK_XENOBIOTIC_METABOLISM	NL__pathway::IL17_signaling	NL__pathway::IL23_signaling	NL__pathway::TNF_NFkB	NL__pathway::Type_I_interferon	NL__pathway::Type_II_interferon	NL__pathway::IL36	NL__pathway::JAK_STAT	NL__pathway::Antigen_presentation	NL__pathway::Complement	NL__pathway::Neutrophil_activation	NL__pathway::Keratinocyte_differentiation	NL__pathway::Epidermal_proliferation	NL__pathway::Angiogenesis	NL__pathway::Endothelial_activation	NL__pathway::Hypoxia	NL__pathway::Oxidative_stress	NL__pathway::Lipid_metabolism	NL__pathway::Insulin_signaling	NL__pathway::mTOR	NL__pathway::ECM_organization	NL__pathway::Fibroblast_activation	NL__pathway::WNT_signaling	NL__pathway::TGF_beta	NL__pathway::Apoptosis	NL__pathway::Cell_cycle	NL__regulon::AP1_activity	NL__cell_state::Keratinocyte	NL__cell_state::Fibroblast	NL__cell_state::Endothelial	NL__cell_state::T_cells	NL__cell_state::CD8_TRM	NL__cell_state::Dendritic_cells	NL__cell_state::Monocytes_macrophages	NL__cell_state::Neutrophils	NL__cell_state::NK_cells
1015	replication	0.4338410015170086	0.39109135040646426	-0.14455807060404952	0.06914568293822415	0.08720991419877108	0.12104272138533272	0.2701446637334665	-0.15616332294222707	0.38630271800467453	0.3370297406771046	0.28861843191504016	0.3970308673791627	-0.06847785333326918	0.16484865608104216	0.004424094000726905	0.22098708536998818	0.28249713001455456	-0.2171799228382943	0.40878616334675344	-0.18705582252899483	0.07283743766987998	0.4013228656864226	0.2882250048445094	0.4342049790431333	0.5571610663090616	0.22823977738623774	0.3051213732880903	-0.06046439092188752	0.2646024601599509	-0.24944466124726108	0.2840445072425539	0.2315983234255334	-0.10480748647174783	0.14277277098958327	0.13752280481346624	0.9002666592198669	0.3747766425096949	0.11202988342292211	0.05068514031127341	0.04456677026753973	-0.3095436776478495	0.6160334463402807	-0.14755404020685917	-0.068608335583125	0.7083570721803176	0.06511283271832276	-0.43386676974275423	0.35602573745487437	-0.20837458834687902	0.36099242391911784	1.0192479516616808	1.0291447698600669	0.4363541424108135	0.3761989924454802	0.17304940795632762	1.1708973323120386	-0.25264906372144036	-0.1922398140751609	0.1357833242405294	1.6641401689035396	-1.6657182498458936	0.3763062768161945	0.9912144566843757	-0.31734703225401034	1.0179098834264317	0.5998748399497562	-1.330036836651704	-1.1155072828132024	-0.6158223243477633	0.07938694603618776	-0.20129768752933147	0.2779087226244864	0.07133510016315758	0.5058714448778638	-0.423028704947102	0.5128659908830705	0.6758585221936526	-0.0625504313243815	-0.31734703225401034	1.0741933789088158	1.1277440091166553	1.3685721852982788	0.9736870752477322	0.3044664650400407	1.2045347419363939	0.5141012175899701	-0.037636660699474675	-0.020081625238989848	0.3276725935737323	0.03323442901410946	0.06997763927723531	0.08548378218419805	0.11267946190566935	-0.12945969615102376	0.2668830114337287	0.023023644564671875	-0.04200647828886423	-0.265708240730011	0.41508337942453166	0.06233711610196564	0.06196179880938545	0.21838714301114087	-0.22312433079143637	0.09754189245060674	0.14799949604078702	0.07446264556348231	0.1833744173222116	0.12589042019550303	-0.08194583937132972	-0.029880971196114135	0.09519933772586993	0.035344834567812976	0.13464965884644417	0.16011256813815988	0.024544846414622727	-0.20886868886620966	-0.28126969572481175	-0.5142773001383681	0.29457596814491416	-0.020404711768248682	0.09175421668480324	-0.03196838912012508	0.10967084777511159	0.05025464675862446	-0.07589007613820199	-0.09493976202884602	0.2852289715730481	-0.10422392720786228	0.13090847571692116	0.07827637614197563	-0.23820993485828795	0.172726581868648	0.027583767770518366	-0.062019247708426345	0.15070685955072774	-0.8928089492629622	-0.4479880805678343	-0.30538443346298333	1.1339184600041983	0.15405128381574948	-0.28996540724819847	-0.054613956258319524	-0.551476091046821	0.4758044035778197	-0.6894709924615097	0.06764481692526642	-0.8591073084412137	0.4889621851784301	0.5923264479449635	-0.10916450224138378	0.9155456602154418	-0.7568794814405352	0.7134814009033461	-0.1501513311836172	0.24420033040528247	0.24365535429926824	0.05652049744557747	0.3356542160173709	-1.1362301729183188	-0.18202923206441762	0.11474178666424054	-0.018434977047365464	0.2214365811097061	0.5923264479449635	-0.26554532384829815	0.4212981460400954	-0.5500139958528172	0.7083109243214742	-0.5199478957912647	-0.4170213159974847
1016	replication	0.2946665910655202	-0.25991972124538604	-0.30752304917881895	-0.20556214538105716	-0.27691572913170137	-0.07075689212345777	-0.16411496424251004	0.255146325355701	-0.10346563638052186	-0.1494032390051862	-0.21159844482515364	0.009917621298770326	-0.3970108020480478	-0.06789298195057898	-0.11309864236873295	-0.051873660589298896	0.22816883676508715	-0.47167424733628666	-0.2621783367040021	-0.22864241600690896	-0.006265761341717323	-0.10487025939131314	-0.23663921893070455	-0.3206841490595424	-0.33232372009687844	0.04853093365513022	-0.11449036500405305	0.16252471507628405	-0.13907264838945826	-0.346482177131849	-0.35695624465841597	-0.31705121773242984	-0.38076435629944144	0.14527305281005612	-0.1020770026778235	0.018676441573404468	-0.0431018898829739	0.19460153743416295	0.0664927227613088	-0.24269006467540527	-0.2686295780661445	-0.1285079007722928	-0.03657836433895692	-0.369086312332312	-0.2719672476242733	-0.21003975150737192	-0.0001267832173459476	-0.13745541653824056	-0.13218770710584216	0.035061786376728195	0.013309256828889747	-0.021658618893479937	-0.8576372310580714	0.28409335654318923	-0.59394115838926	0.39475937517697374	-0.19780130101679955	0.08812197521013959	-0.3812088808708058	0.14625085877889174	0.7424098404847458	-0.7941361721744101	-0.04564252638825811	-0.15595628345815088	-0.4895093460604475	0.2670969673065853	0.27951083746052396	-0.24461417066689906	-0.29916720780113754	-0.24377646986300983	-0.17792042705134717	0.2259791340853522	-1.068458617690887	-0.26050644152542574	-1.716555901547157	-0.1280513285463359	0.15444317645344321	0.05902772605131107	-0.15595628345815088	-1.0298404391964677	-0.716246227138937	0.46553480898761457	-0.6761522435547921	-0.5303150964077529	-1.1508236253721456	0.4108320444865057	0.35531203394056093	-0.2625744752240286	0.09237331718470833	0.019631611313828665	0.11312142648933994	-0.06422480825799	0.23141458717201915	0.13398105213677686	0.1972738185597682	0.19328965738608703	0.11198826628452185	-0.12007218082407221	0.20420629160844556	-0.05902153695635998	0.06041586840491917	0.2162781926138435	-0.17655321544782082	-0.05382334422318865	0.011964669613952771	-0.0386924038923271	0.163454791587471	-0.011983614939362197	0.16256711307134153	0.14948394651625785	0.1503778951339938	0.16703353433610452	0.05915438638650959	0.07516399085638342	-0.18924987687604905	-0.18852828993934645	-0.3308063087398019	-0.12032459176414455	0.300809347827646	-0.19232853530893326	0.10179290978228017	0.05392658901792234	0.052983923013117565	0.04966870694231591	-0.019764247078771197	-0.6038684668546819	0.26406751625540104	-0.14451024750150698	-0.22498984507141342	0.011512899246928283	-0.26403086228817796	-0.10961736877015651	0.04157412377068078	-0.10976836034997184	0.1797731709946261	-0.1587584763976539	-0.10797753280675626	-0.32044910986939146	0.5150227312503736	0.7385891121193957	0.23173871664645543	-0.5153803333700517	-0.015438340352476343	0.4222488529338069	0.4395083272152779	0.06066023858404102	-0.23634530411900312	0.6051751527757525	0.6401484250528542	0.404073439493498	0.5990880391773269	0.6998663139488908	0.44880937185045355	-0.4009982886572653	0.32224228509325165	-0.10080341610990806	-0.690267555017305	-0.4186017391385168	0.3169421906990826	-0.419282651438074	0.730746567764096	0.4408142938337437	0.32726822502339753	0.6401484250528542	0.566005926156528	1.377587320483982	0.7857615523697302	0.998635832599879	1.4079358745630104	2.4172567087829426
1021	replication	-0.038768149220486506	0.030350085068278146	0.0896916314345142	-0.16157197603645176	-0.11722429583888933	-0.039095883081164524	0.009934263555848697	-0.14369596485504374	-0.10657503239011568	-0.15382023687853016	0.012823393823000078	0.18967541609498492	0.8495307984995176	-0.21105074651368255	-0.10401136794664148	-0.04621960204439351	-0.06848282520519543	0.6458930482482187	0.09207597188600607	-0.00364795557747349	-0.17127288854168135	-0.07278891518466037	0.0007846688032604189	0.2636812512023816	0.2940109455570124	0.28558609921838773	0.32103945300132114	-0.13492174625338138	0.011850361479872226	0.1720458825501579	0.4169336964601121	0.7655953788297198	0.8048557943403372	-0.2774405206377928	-0.21317525422485806	0.3041922018884602	-0.025088574597557967	0.20462810154865718	-0.04591689331764415	0.05782834762975336	0.1747671211093547	-0.006840601800006145	0.29005080849327997	0.12672575375463446	0.2543329756874141	0.4006249477374179	-0.16577924370064792	0.16631465147184105	-0.057998059783526706	-0.008204527544420154	-0.15498909892195362	1.041239692031043	0.13382730439161203	0.5245787752934253	1.229664534054464	0.051438796169581615	0.17534667294057524	0.45489893809247367	0.18177083340475286	0.46570975972919554	-0.6763486662574776	0.6707290670756989	0.8089088004496952	-1.2843371109684707	0.858714738876637	0.35361518954975546	-0.14842928006054978	-1.1736110083742766	0.2586511062107858	-0.31783949242175746	-0.3715517741655719	0.03279290339872293	-0.8806386156785324	-0.48326147996831587	0.979224339843271	0.34295828056160194	-0.4737323622519313	-0.44169554157838165	-1.2843371109684707	-1.077934727171847	0.3695847991715615	0.36188156929513715	0.24720979396156376	0.8492960371203627	0.32025593983949907	-0.15132769250679365	-0.543826461403066	-0.1525378654230404	-0.3415357211105159	-0.35750872073893203	-0.4513022217072174	-0.30806938960069136	0.05440217562736137	0.20888790804713245	-0.45423277496676434	-0.38741474702579876	0.03740145718481171	0.6910053891092701	-0.4292300396528301	-0.2907695106992287	-0.1972213072658379	-0.019258791400620492	0.5053106944708108	-0.16879118836141083	-0.372714439869301	-0.15107718950216478	-0.2966093757083767	-0.35021229920586255	-0.5949158215687033	-0.4548753945756308	-0.6072315261659227	-0.4948186318347396	-0.246506137520359	-0.3813416476141043	0.06252484614703885	0.24999146497631153	0.4994100915573553	0.34566776751663975	-0.33443165300444183	-0.38901365917085	0.058923348415389334	-0.15773996256370199	-0.08209102937379836	0.10291864413307844	-0.16455455393157428	0.02820353653266077	-0.1625901777870392	0.2299031343770232	-0.30707266958933227	-0.5265019070081932	0.1332934759543017	-0.1471749790932959	-0.11338105521764397	-0.2936577379465176	-0.15796786993990256	-0.8712275817778627	-0.7212221226064552	-0.8018850388954295	-1.1025732536727635	-0.2311580640294789	-0.43707900672574773	-0.2841159211966706	0.18433639149822442	-0.15930255048987987	-1.281425497046413	0.14697601698335275	0.12813029750457763	-0.4773778840432439	0.05130827510310182	-0.2803000240896475	-0.335944390552943	-0.3831747525675704	-0.687652215768691	0.6873900893232977	-0.8672512219610586	-0.7578897692668225	-0.5780257452438373	-1.216675652125177	0.24073459203298342	0.9173008069397862	-0.5345208786226754	0.3654000464396727	-0.5820452072095994	0.05130827510310182	-3.1777753109955773	-1.2604690332651256	-0.8266453659124668	-0.976077909647461	0.7048802808260968	-0.5734483340661153
1022	replication	-0.07805774362333988	0.006398450890720313	-0.10296324227333288	-0.22174954916596232	0.08030264499558834	-0.1720599711718541	0.12941738821184945	-0.3253419591588571	0.02429640827922391	0.005296813147203247	0.07354123935018043	-0.12396967869180466	-0.04113284059688732	-0.05245680435117962	0.06790844663464358	0.03597155693658366	-0.26092596356934483	0.06540204121299527	-0.12569461272859733	0.10673761169461	-0.08382160009294218	-0.01005344755355211	0.041321264709495584	0.23570243578715316	0.17239365331087683	0.717382418038328	0.44156172447542164	0.1676783255520048	-0.05168392828705109	0.06389713914465232	-0.0883680675509899	-0.44744361313302916	0.03385492234442254	0.09258192884510599	-0.0011070319919902552	-0.21897140698082937	0.19823511739652602	-0.16427281741573754	-0.2769413593393121	0.01918906639005868	-0.5366917298811862	-0.01406999149777448	-0.08969617079475245	0.09252142875549245	0.4619773334695789	-0.08217103447230778	-0.22278428104589856	0.21949156418550095	0.1351656971829919	-0.1093322823243959	0.1049178759649767	0.808226543320698	0.4479932618545243	1.2189047503395907	1.3489800417085174	0.4423426080221104	0.10283943538197984	-0.4340560269833187	-0.0048718436452603875	0.29680177267973334	-0.055769505712571055	0.24946230442405626	0.11091534964303926	-1.0737569250021084	0.16514675493407893	0.866860013873746	0.6944922909887288	-0.2650755921035356	-0.18539404920476152	0.3433399043283522	-0.18756651766146656	0.8153361188899415	0.19712894818605176	0.3016436399227841	-0.21384315188020125	0.8418165219432232	-0.8047629624216901	0.3137365225584222	-1.0737569250021084	0.37179378657258205	0.7223831359109707	-0.17213974029619272	0.7853806255988783	0.4380928140556837	0.9267018211584233	-0.16366492174556235	-0.052885088609398105	-0.15279359580496063	-0.3913454547831974	-0.1998119002533716	-0.2985355866148296	-0.11931815409562818	0.12124713234455518	-0.01575561418302053	-0.15111861578470265	-0.10203993143530785	-0.18054098955711648	-0.2494060045877385	-0.2277434958896899	0.10371678871325218	0.02521153548726616	-0.08692808598971233	-0.2248041875713127	-0.1701707834932705	-0.2911741119769437	-0.17570462810276738	-0.21741912757855208	-0.10811341830387862	0.18626972932933689	0.13240682984914967	0.06494507170696033	0.04550507401739001	0.05605079517654605	-0.19124336044243437	-0.295654721106704	-0.17281424677676013	-0.5572635852749659	-0.158426111982192	-0.23341432538542475	-0.13163197885798605	-0.2414350536936075	0.0589857471108133	-0.22882480038959951	-0.016789814818603324	-0.1907795673657778	-0.45576771858182197	-0.04474250502101411	-0.09185002673851951	-0.19019796879283193	0.17602746846984904	-0.32491928096454253	-0.22810536174099472	-0.01001442726895889	-0.2593148465704905	-0.025973547948071045	0.3137703642961262	0.17674887230229555	-0.3957100898223702	0.5213600344885178	0.6598151860167171	0.15117970382385035	0.017875724277150215	-0.7287331957847849	-0.4424254035038331	0.2406486125245083	-0.630768052395803	0.11890273351642759	-0.25720298720373436	-1.4051920396432085	-0.9699480769716493	0.1595181635601609	1.1667463942320242	-0.3132082251963145	-0.31207386371885215	0.6994205696535143	-0.16819226174038843	-0.0828523645453165	-1.0964638633111876	-0.7047783450163679	-0.06455944798220976	0.41862751577486645	-1.3481746200116693	0.6047751688489257	-1.4051920396432085	0.4857098051215874	0.4363990932697573	-0.09961228969285324	0.6890640251067299	0.25994866733090716	-1.8290335825983173
1024	replication	0.09667720080887349	0.3367020575115007	0.49030513050852026	0.6398975668465765	0.2633475088301187	0.09774114925196709	0.22218925514607188	-0.06916438601805715	0.49848770290426514	0.4800321875822295	0.3383649038715189	-0.2781771534957611	-0.3626279936384086	0.6186131500463654	0.18016134831905894	-0.02581652603051999	0.0954633028384034	-0.288499418251693	0.3099799345596915	0.19233403898539322	-0.03058129265340948	0.40641331117272833	0.3039096773833408	0.48873902517253676	0.40644861650850356	0.23045688668323439	0.35722123152692836	-0.13173683211706097	0.3775638121115166	-0.032967085485686776	0.3243531533925789	0.12121724593077492	-0.23351883758049344	0.06505654640075816	-0.006898516801937801	0.028527853066594	-0.051704779802999645	-0.027618885472373886	0.05954390059301749	0.13920125975168163	0.5021478692355562	0.01306989901399112	-0.02705644056810141	0.20998158884672385	0.27422605011131884	-0.00037009166881420933	0.4849255184054781	0.04494098597876699	-0.07722579417232549	0.008371798010435324	-0.36072759258368325	-0.13424945151987702	-0.3557948899286743	0.04638879736004005	1.3653672342789305	0.18118735566885727	0.27850885671016823	0.02824116294774252	1.1107702923207599	0.30930764427574714	-1.0356830527460021	0.12557599489474627	0.967508808043497	0.5211725301376189	0.9152010462146773	-0.6027809954737424	-0.8623666312559529	0.7203005284745251	-0.4982821226442521	0.9157394551244296	1.3883542189407545	1.1479474405267522	1.4076682897540185	1.2263223981470563	-0.6579498643920657	1.027260845851936	0.022672161544316102	0.33405015660575227	0.5211725301376189	0.4449012474966024	0.6016425561576589	-0.2000842689076464	0.48836478821331947	0.0782873677061238	0.9683253883470762	-0.19466048024934232	0.18722803170428154	0.17793106541145187	0.13009576607660733	-0.11143378357611307	-0.22102724922272085	0.032739645185463954	-0.05156865044480623	0.013549704554399404	0.16997180485489785	0.028020961889754913	-0.40706558866088355	-0.5966413473430346	0.1503345492002894	0.007195139068745196	-0.3441655993460219	-0.16454000205939417	-0.5291326225514978	-0.24142809696124345	-0.0122982997946236	-0.05304968442723777	-0.06617843394625661	0.056569413619931626	0.0933206595655412	0.08152133338564717	0.35100798483354706	0.2805198122620019	-0.08339243628656165	0.2917942636914913	-0.16822221393414802	-0.26463934606705164	-0.5150574722229487	-0.7820552791634607	-0.18004133905713826	-0.22511780864745054	-0.4177418368008339	-0.2608784420969076	-0.12907053153430686	-0.1320160354402767	-0.29442657526627	0.26565241334054934	-0.30547010157190074	0.001220623178557099	-0.11102657462556585	0.07894255966294325	-0.22264705619465794	0.24604480605879486	-0.2019344143397423	-0.3405856364363136	-0.2045727049372447	-0.5954588904856297	0.634327164934835	-0.6101394672464394	0.4961024542156607	1.3827085546214661	0.14101900112124774	0.1475557533273918	-0.1977739749238705	0.5022777508605021	0.031029028568093225	-0.23819005180518427	-0.6506421813615474	0.4714402744574777	0.32994570677009044	0.5074447861525804	-0.11913873162387764	-2.234219045783127	-0.08014497897980612	-0.21212025850684466	0.7771174995304857	0.9148742486557029	-0.3815673672984542	-0.9236231911013038	0.40256119929616324	-1.0085477264079066	-0.0864207041194327	-0.8024069370536027	0.29713556688992215	0.32994570677009044	1.1961199752674525	1.129014840337662	0.9967070012700788	0.3926547929696944	0.07843511040504342	0.5362711118351573
1025	replication	0.2093268797389262	0.16204382483667581	0.15745824160503247	0.16642602523868216	0.19693583619193109	0.3388959689348995	0.173855779358047	0.013982884962306128	-0.08016187000143113	0.13028223511299317	0.32392552381092454	0.20678978048129976	0.06086908500264262	0.009944959009834655	0.032604084298993516	-0.04155646643600783	0.08787807535093665	0.009583773142461548	0.3634760868625445	0.05752689503705164	-0.09027479249714464	0.09355168122873031	0.1471385031886363	0.5071386279221104	0.4146069558298556	0.5072002947571925	0.4053161839978099	-0.19536390500047476	0.07941987035877102	0.01407023899681112	0.34581288739899047	0.436501056433518	0.5479053957288528	-0.0639619367329791	0.005075956089863249	0.31918550222784686	0.08910525035189858	0.33018223553802456	0.05825880937271166	0.21289421225487024	0.2681595676249687	0.24379264886515922	-0.18040843507165374	0.19481370251388894	0.3259152705625846	0.3743123912450596	-0.07367581717800158	0.19588771725114545	-0.04541132392172518	0.22938226561250863	0.34782673685399695	1.4144592610950744	0.9438484378152378	0.7703483669181764	0.8091265017263959	0.6187140823876157	0.7499081582871722	-0.4250380350270973	-0.1611124333107461	1.0829973504440886	-2.0341361497031683	0.472279890648396	0.38385805524607053	-0.5422087664819514	1.2746114902939991	0.25722724466405955	0.26881856635396134	-0.18295161968122037	0.1919071340924822	0.3244862139337111	0.1717865632429108	-0.671434996177685	-0.8933728153888629	0.136694265887562	-0.4362815898567841	0.1364842487149478	0.36904697298226685	0.34508406669490155	-0.5422087664819514	-0.13123752540942143	0.8742415446896012	-0.7136003221713504	1.0247934687409823	1.0305693927355968	0.5678497032489591	0.056770032415827766	0.3050635471127842	-0.010265714771046914	0.7696808489441916	0.4566546636580647	0.17033549044609542	0.2842940726314242	0.05475007311318059	0.1765876135035157	0.8036346719715889	0.5511599842327398	-0.19161237756929358	-0.4156273111010144	1.003854146805377	0.10959198995052286	0.01255509588276207	-0.12117727900513038	-0.3624813624228434	-0.027049636525128606	0.3508854235507519	-0.03470596400365253	0.2537691866134469	0.34061129593572526	0.4771049585220923	0.5088297227692216	0.09281233124444364	0.19525966046250948	0.04596359879166956	0.44966258210338517	-0.030721584801484847	-0.07613312068111297	-0.36541076557654134	-0.19044337624533852	0.5758297617938543	-0.06464654635331929	-0.48117744235868876	0.02152684576015326	-0.04627488495602467	-0.05715769114912863	-0.05516382885272124	-0.17248180211987107	0.051213944348596496	-0.27807630920458154	0.3349065261494873	0.40272400820212284	-0.10667593088986581	0.4306489425164913	0.2192025035630613	-0.157905679088555	0.18544040313510576	-0.3006094010303756	-0.5856157759067638	0.35090893428959363	0.05217249286157606	0.43763670655745046	-0.09926255146551717	-0.3403429926595303	-0.40546113371726705	0.9863472425251434	0.3842100214830327	-0.42701360320326565	-0.04548069415031284	0.0003588194217620799	1.1842971490363658	-0.7345771428539549	0.66682823864052	-0.25535115771331574	1.0940232595040733	-0.2804652243854464	1.1229075163348592	1.0594487411249074	0.24480880185333592	0.9733635889976908	-0.6410711295711822	-0.694130584392682	1.1931870804174007	-0.8091982546791309	1.673792220261275	1.1842971490363658	0.7563363321537894	0.20015596928602528	0.6601084900614799	1.0681347130013779	0.9097377834117049	0.044993705755416065
1026	replication	0.29075479918869973	0.23900799121757763	0.179329043040911	0.5082043859878393	0.37137976679178886	0.2078318118573895	0.2848658406157117	0.11232337576504825	0.5486929119799521	0.42079930049134956	0.31963638418699714	0.057936729340316885	0.06032545816611642	0.4866193236538071	0.08817658843805955	0.1212134657579146	0.14970516429312938	0.13029296863268683	0.2050589232195923	0.006880394027661044	-0.07536982847985871	0.11173883783518104	0.23894230720030307	0.4758790436377034	0.31795111802504283	0.15189113062313614	0.19040867515751564	0.02466308761471203	0.23538898664796248	0.18197053440684713	0.2547458690014326	0.03400250747731137	0.3570511856155169	0.16365632520384318	-0.12295870982243542	-0.1038886259431099	0.07285095894776905	-0.07328991026599917	0.14169955435531334	0.09536117551395257	0.09956617979565803	0.0465112491181448	-0.04173517032386198	0.08511330025370974	0.22329216906324356	0.26255003332633003	0.3147146393023096	0.2499250890288099	0.024767265016733035	0.23538010920400873	0.10587441552265443	0.35936009867556734	0.3659076410804629	0.029695343076466374	0.4541820103545324	0.6262558528136815	0.22089118396553567	-0.5575683772906679	0.8071609543421419	0.5904671364600854	-0.46905429497092266	0.6131394367159909	-0.5623062469905544	1.0828407532190978	-0.28507801866659205	0.41366323539918626	-0.025519099221607583	0.12281917908761503	-0.13980946006870318	1.4562834786690282	0.7213210929600454	0.08924520448383136	0.6677095530064909	0.5703690241808397	0.3110346219109189	0.7014695714523755	-0.2311603683205276	1.2503619816069296	1.0828407532190978	0.717846804316403	0.23292407175796792	0.2849413967969792	1.0185667206383537	-0.4377019112341392	0.5486688059088595	-0.1409651217573644	0.7905737998666158	0.1707776198923818	0.33485719263498537	-0.1305364089388554	-0.0902518734786697	0.20658344311626017	-0.09537294112305165	-0.18678335598593152	0.13715122809059213	0.4671732575080853	-0.44872181238489567	-0.0874941697966166	0.19595788825193655	-0.12467062452852487	-0.15252955295664702	-0.19556309397568852	-0.0733596450189188	-0.1438587845248397	-0.12742770751522922	0.008742707588419756	0.09064226012376962	0.2660359559178545	0.8264903530601879	0.6037565903541323	0.78803983776371	0.7844349732491612	-0.18812524775772735	0.4958230947702903	0.028043663565685793	0.02241266510892202	-0.3185426507616239	-0.879135253560947	-0.24773141815936034	-0.33890133388596233	-0.5542672056776131	-0.2175177326632347	0.02096116568152924	-0.23561882574168544	0.20237134034828683	0.5466605435717276	-0.27030169699540324	-0.04332300792996131	0.11302586403639946	0.27859333343402193	-0.06079505220250967	0.36121009773955703	-0.2352501385383127	-0.4760446606684881	-0.14044929232847653	-0.0027400775847886555	0.37570122300015224	0.10724060548093924	0.5651035660641917	1.8132542909187144	0.3554875723371101	1.6732903357898543	0.5163003368717031	0.673157731621317	0.5785238766489175	0.17119083287548706	-0.9166051567707062	0.7231766511478923	0.48072261714602266	0.4933960046991174	0.3885620331388384	-1.10505524251483	-1.2582143264122918	-1.3597260908970885	0.6134795633662058	0.9273793153711853	-0.2883098479560162	0.12885044429390802	-0.23029159143460576	0.09470977901135032	0.029589074456339126	-1.2680713771196506	0.7563757853939539	0.48072261714602266	2.0027856742877415	1.3295617766702097	0.7380029801134456	0.8923835389468013	-1.0117575783678354	0.824010324724089
1027	replication	-0.2783600003969136	-0.748358110783281	-0.5107446111020902	-0.1395929687846013	-0.1997311184204676	-0.4517286375749805	-0.32723127017016773	0.32739851045780105	-0.28325782077102346	0.05068321793998903	-0.46985179296394386	-0.5775801185533264	-1.6520672540758576	0.04204996998623738	0.10827336621469205	-0.18897048012941767	-0.2700538657648764	-1.5015017277372615	-0.7762394186787832	0.33152806385094874	-0.0970136541974573	-0.14292360895495798	-0.3519677908379443	-0.8851787530002294	-0.5869036879192793	-1.1027591505835486	-0.9476729473824234	0.49057800844412974	-0.09999220551151636	-0.4327301658222121	-1.3443217555804048	-1.7521853818457853	-0.9740249796677631	0.3932529789354545	0.004025957270770365	-1.2682815362534208	-0.22657534835177404	-0.48440924404620234	-0.1551870651235992	-0.6273950488589083	-0.8247970845937537	-0.6813636066003163	-0.19803700553946507	-0.33068624459335233	-0.46050735574108054	-0.9963952464169799	0.17248561536922416	-0.3616328911383456	0.3692707258835481	-0.11914418911178669	-1.7704353889362001	-1.3129573790864235	-1.0575388564744672	-1.2181353853593186	-1.5599782981729347	-1.1424765177491085	-0.4263510522724803	0.19885914388548728	0.515962455231033	-2.087745834449468	0.5594493334447064	-2.654214671428846	-0.6543416584629254	0.7261763076456847	-2.0446854455507424	-0.6055204838665232	0.571377499725426	1.2623426011502468	0.4133989338371601	-0.5159808689555504	-0.3047510430408254	0.8902365637561642	-0.3064828587909272	-1.5320322413622467	-2.5050662020769194	0.7816692723546539	-2.0347007984050722	0.3683380702288371	0.7261763076456847	-1.371650922121923	-0.8834916975448558	-0.7872649756631043	-0.36502834152930375	-1.6963407865266054	-0.8576534543283436	-0.08382645194060921	-0.42370698805866686	-0.03517970024221825	0.1470619916778996	-0.3136991530124538	-0.36413979489692194	-0.24631039411859526	-0.05482410046690818	0.00016761932963928658	0.04799688723618093	-0.11580177224492454	-0.5535001056339733	-0.6187537740437724	0.2626124140081705	-0.2456798714854208	-0.4154058771354269	-0.09771754162739989	-0.6047003600379945	-0.4853535154315121	0.37696764272767497	-0.2389389284312406	-0.2637018434192042	-0.09835573434857055	-0.2589240307783273	-0.1511807754552416	-0.6346344754114744	-0.4083756820950945	0.016304909010309128	0.1858765991547494	-0.29541825848934844	-0.5318427415048381	-0.6982500894749532	-0.5163902622023583	-0.03715854504171106	-0.19614787300330827	-0.5767216350627888	-0.4568247328196169	0.18261805189427938	-0.21053506089113896	-0.7133129722613576	-0.1766456884051145	-0.5341262284366752	0.02244944009514108	-0.0869989619856377	-0.2156427421350085	-0.44812065662612877	0.345433984677398	-0.2524974389525657	-0.3932675802755327	-0.11814686288248603	-0.8796452326945533	-0.0348089645376907	-0.8966471656745766	-0.23286958843873623	-0.7910654810040856	-0.20355848338442364	-0.8980482039244904	0.42934013087734857	0.7751887255360268	-0.4828541693193281	-1.5425300677976903	-0.63785273460381	0.827651984500509	0.707647938970285	-0.3219416230902108	-0.3669244346363175	-0.7700692695155604	1.260045735625999	-0.4050607953842567	0.3661877798084898	0.23985839325093655	-0.3012835359274053	0.09559179475141893	-0.4352155159439939	-1.6012734458728008	-0.34813887744999106	-2.3627945589024453	0.6018734250009696	0.707647938970285	-1.5815465856764743	-1.332915016128453	-0.5334688605570521	0.2148017791576028	-0.722440698978674	-0.3908823996480001
1028	replication	-0.21869972852829386	-0.25497627253586397	-0.21838395835927693	-0.16278053393837677	-0.10861885114674837	0.09265712300250786	-0.14076335394553696	0.06213544866161678	-0.27476888952599965	-0.06983955438965418	-0.14116866861444166	-0.09090916532192335	-0.020954045876557924	0.09668672741707973	0.024875500724023624	0.01782198018928738	-0.10065987781942498	-0.09612415656033237	-0.209128897816452	-0.03544304936764279	0.026242069855037856	0.08262339150152893	-0.14018806293785105	-0.22685389958077878	-0.2951063276536587	0.32958775144169883	0.06886559507152606	0.2338980336509746	-0.0373791304869052	0.05659212334824108	-0.41666915091395734	-0.37014893312100183	-0.5269703323769784	0.024899375020083464	-0.031130026318017784	-0.4085956218302351	-0.12729622595463327	-0.49922886179570436	-0.09333337341616799	-0.08702094677105378	-0.10867076439579682	-0.30147623314809474	0.07698173645429363	-0.21215830104893071	-0.33881327153906654	-0.41314288765938556	0.2319757714958758	-0.3417964642477466	0.07189112945504181	-0.09758467585541435	-0.2937207424197783	-0.6215552273853884	-0.4038107243635161	0.8296794099441265	-0.5429026536639296	-0.2952505500376528	0.6207538842084568	-0.661168352423428	-0.008308710154822116	-0.8012498713335028	0.8807182792054057	-0.9447004327966168	-0.1730924876716489	-0.03269093593157808	-0.08490061886731613	-0.21095583468413923	0.6302197460189176	-0.5990385056185586	0.8982656129645059	1.7209261113394076	0.7804925042845806	-0.6009540534196142	0.3907373851531134	-0.41821777908022256	0.021542702331692518	-0.9315729417460803	-0.9976157627328477	1.789993934408645	-0.03269093593157808	-0.7264663768995973	-1.1661570546438396	-0.5791725826388784	-0.7137153882852255	-0.045209048353200984	-0.9249758911130697	-0.1497191422994901	-0.2598447495039755	-0.4408973955627606	0.3144953804287597	-0.09219900986437302	-0.2871776096891562	-0.3825379195929653	0.16010098997515884	0.13486724896704105	-0.01401090206823391	-0.23848579541076853	-0.5163379976954219	-0.7293017220159483	0.26299925619333586	-0.1903150443049589	-0.2296693616892732	-0.18177186802787257	-0.7025601521333882	-0.40518688764986643	0.10679576640565247	-0.35433221506955453	-0.09399936773278379	-0.20214684822365983	-0.0794098069262926	-0.013128308842126048	-0.084832166886023	-0.16329450670869622	0.1589413980864354	0.022317621236403355	-0.32134917530798723	-0.5963328641454253	-1.1227751425500128	-0.37772385608267334	0.2951841975741647	-0.14741312765073442	-0.7796554720511069	-0.3124641229441533	-0.6561510187174205	-0.1212927666219958	-0.6237079151487445	-0.821346472925719	-0.4104660364527739	-0.2321110545860013	-0.41837798400636167	-0.17727844574611784	-0.5922934321722012	0.01967720192185587	-0.3310556930452431	-0.3522216954959903	-0.09837733456200098	-0.3463323192595085	0.07473096300795586	-1.7502429040045395	0.38840753837178454	-0.10152387927504554	-0.5937718733435823	-0.6977874978947205	-1.049510660342581	0.4080732030808356	-0.35106206625571423	-1.4097743085363312	-0.7475129379720135	0.9004472599062396	0.8676259389600125	0.3570312360500303	0.22991555991394425	0.7137649495975176	-1.0837720830448216	0.6089803284314106	0.928508238214024	0.7709725796172435	-0.007663753328639375	-0.8766926336549762	-1.803384560164523	-1.5527945955764175	0.12087879058020948	-1.526963405524742	0.7157785282085807	0.8676259389600125	-0.3207338974529438	-0.5162681598529132	-0.1963180903533716	0.5989137242526681	-1.2570855002699979	-0.07385273467620776
1029	replication	-0.3013451470563268	-0.11172235923531487	-0.23514510794829516	-0.15423201108078083	-0.09574539879101254	-0.05707186580538302	-0.04421750416176416	-0.10766792238350668	-0.10340029846360943	-0.05979019792822224	0.05374541149227429	-0.13029101200340318	-0.3188151257707644	-0.12289076655170655	-0.07036963775586587	-0.10220527841651286	-0.2251748098930545	-0.21036474274106493	-0.14510836352367798	-0.0859772315634658	-0.0909467160075477	-0.09581769182288208	-0.11635377346383957	0.14856480055691992	-0.05374368149632913	0.8671376723621815	0.46961591365465744	-0.01835646629568309	-0.1745259528280819	-0.2619701622617143	-0.022818889760372277	-0.1626683390178381	0.6010773702045824	-0.054754073707041884	-0.10287688605410912	-0.4193657912300042	-0.015276844915605893	-0.21250398427147044	-0.12975117983173068	-0.0036848263653692865	-0.21369892330986698	-0.16999119893400397	-0.22887934990192504	-0.12049877701834204	0.06216616053496494	0.23339126486620324	-0.18114395284905901	0.058523013564761396	-0.06996453166203165	-0.14835698756233034	0.0022189450116835395	0.7075688852613996	0.3286543242005384	1.0603806841322254	0.9516914392819563	0.3666603851274231	0.528565616136569	1.2101773655417933	0.6614738421626135	-0.22794340160873094	0.8265695606546425	0.012486899437970286	-1.0489630574337265	-0.4243881691254656	-0.05288483546793603	0.6675846064196299	0.10333621020787215	0.14432985974303764	0.38489406826357847	0.169225427459224	-0.023231766798484876	0.534753014923538	-0.4862697312858343	0.17562229680428437	-0.7775664348131641	0.8191136778424197	0.25328373577835644	0.0945349839215421	-0.4243881691254656	-0.2591689618279427	0.514205331757523	-0.7402454633437795	-0.17926432727168792	0.683564299759441	-0.35028691938099255	-0.06327611637651931	0.25885108009646585	0.11640163101119703	0.9043522634082007	0.41727499462957957	0.4465164923884407	0.2561918677553993	-0.18869506630886	-0.20790938955150884	0.5116153087791271	0.2769448184767389	-0.24543972538288128	-0.0845880456979221	0.7083234707869834	0.2011477050514906	0.11024939679805267	-0.12473765800755407	0.14403449677054278	0.1337565576823795	0.5133748826314964	-0.03533470036990056	0.24981025882921046	0.3274698580544165	0.49778737258707517	0.2736905035995356	0.9861263811240529	0.6052674870022425	0.10824789380863062	0.27358926810683243	0.3553399092137272	-0.13124471207270022	-0.40756394313055033	-0.1298086443461732	0.49581630940739746	0.2931932272458732	-0.37203667635542886	-0.04429235699705378	-0.07103062931742192	-0.03199807787104732	0.049584060553418983	-0.0279278359712365	-0.1500659339075969	0.010052688368080832	0.43107394196915216	0.28589664994018604	-0.1365374317784987	0.40599128118443617	0.13210819502319301	0.2685990142561342	-0.019934110964524965	-0.7681885941249414	-0.06319049625177144	0.1279919485421482	1.7154535280164136	1.626410784063105	-0.3242682527070793	0.19577228082084056	1.0470292473965435	1.1084534277256755	-0.9238714667121319	0.5481152675045031	0.4948476135776816	0.707407260314415	1.558170044564058	0.689554858977012	0.722373767055398	-0.4823023910389461	1.051038059372444	-0.17598767272633692	1.3437360105011633	1.1696300667725472	1.4958068809636746	0.6632088080300791	-0.8161106388333976	1.1506954707614212	1.1352509934345107	1.1335013293042038	1.145542044869398	1.558170044564058	1.202194875832507	1.8114384025044823	-0.15088854919893255	0.6192985184142066	-0.6861178575222477	0.7290796162637876
1032	replication	0.08557039294480061	0.5119144575235541	0.03346630747935934	-0.3456981865212648	0.10707159016995617	0.32932051393726314	0.13176827789408366	0.07388224069592149	-0.020874178575236893	-0.0033787105526163308	0.21512799712964414	-0.08247579756797403	-0.29807603061894694	-0.2111242126521089	0.1664983152314776	0.06343949491828321	-0.09080638055897468	-0.24132134187784574	0.08085635614426331	0.20103784214111856	0.04529435811726501	0.19612949498046148	0.3170045404251032	0.6082463379362943	0.6619184736106303	0.6082660080314485	0.5723094485650938	0.1641107435695842	0.18235482720718846	-0.07635444602759368	0.1068853327644042	-0.25115153289189907	0.07054004672150968	0.06105195460954772	0.07567495947301661	0.04754473622583248	0.2928317910645252	-0.23364966024617148	-0.010089113451533568	0.25517040917271594	-0.2568833069528626	0.21761171823075687	-0.21013293137173317	0.37954007421067665	0.9071302011849667	0.05047788329429292	-0.2935884585500351	0.27044742827627144	0.31210740443637186	0.12141765138613739	0.7657995739765308	0.9070743610927657	1.0900860073499308	0.7946376434034875	0.6766054507470605	0.6133671837942888	0.5352107984703502	0.3310954383393903	-0.1986177006870465	1.186044085955907	-0.594795570204172	0.11359276708006753	0.25145372648097086	-0.6777795622524344	1.1166621379600452	0.21935484517611598	0.25442107700570327	-0.9157599731147745	0.14639378200157308	-0.9886430274900069	-0.49951189210197855	0.9992381566087898	-0.24391023586168523	-0.19952562296201024	-0.8443775606617301	1.1399795086529667	-0.5624526725850779	-1.200521950124802	-0.6777795622524344	0.865286824820894	1.184407136419429	1.4968994183160096	1.1627231577720387	1.084107424620703	1.2977220919553247	-0.5828095368698062	-0.30947822660016283	-0.4116936969591434	-0.01599145249143906	-0.2929156479356737	-0.05469672898206882	-0.27850018464216686	-0.20334504582051838	-0.3849656811369695	-0.3167553029327036	-0.42060262054575687	-0.5002827490645354	-0.4742963852395051	-0.02186715352125576	-0.035583367231019646	-0.2045659722166872	-0.4644975874718325	-0.38944805288286544	-0.4249803434121082	-0.022089134869828202	-0.43599564274238706	-0.11831813547339316	-0.2121776254525892	-0.33326262017848246	-0.17999739593982564	-0.2810545615158675	-0.24277033976570914	0.34649265684393177	-0.1990416420686658	-0.19832670010165063	-0.8936980310195604	-1.324378540893063	-0.6237692175614488	0.046240526257501954	-0.0735559002485605	-1.0542045759672793	-0.17466226900357187	-0.8870165898153942	-0.4329225991369272	-0.7284766575068037	-0.7393604029103027	-0.7497453109857852	-0.1723358839082906	-0.2870854945825202	0.189036135456185	-0.5912473952768551	-0.044568917845059584	-0.2746233725512242	-0.056029215587109354	-0.29747238688798644	-0.9149474562985895	-0.052922700062953076	-0.3016491778413671	-0.36011613186229624	-0.7761006760858189	-0.5362053571299078	-0.33713643745387667	0.07101474202053788	-0.2866749527179786	-0.4039445311156115	-0.7749580422704098	-1.1677453773474382	0.2394839996144271	-0.2998937594563359	0.7527666162022606	-1.0282326297090831	0.12185739447967514	-0.3941110920970171	-0.25815762129979597	0.754408921013572	0.5896765338677674	0.013233100421124314	-0.9827772197571732	-1.237949851272525	-0.745937920164127	2.263936501827357	-0.9525424497670192	0.47536435408411104	-0.2998937594563359	-0.2645471836733402	-0.5089799816577394	0.6213938063122912	-0.003269981364275684	-1.586253629459986	-1.2960507646100656
124001	replication	0.026610403153740563	0.33464602348037203	0.008142820894372255	-0.22185790895847285	-0.09021284521400162	-0.05082661926971166	-0.02623713818597765	0.12214315088320614	0.284056732799584	0.0333332623991585	0.16259004029029434	0.04479004515197105	-0.11490827044240445	-0.2023151165496545	-0.07067349869910575	-0.03986757975758762	0.09841197434766773	-0.08197287187053334	-0.05783830512601733	-0.22506098283070516	0.18913614724960282	-0.2292344899272167	0.06709941258419294	0.04871807896740569	-0.02213340230284207	1.1323656393978372	0.6488100143282004	-0.0022807659159944068	0.07604036496227222	-0.14439538366243765	0.10243153290873877	0.007492813825819622	0.002522289297361657	-0.04097033200880582	-0.040759496817135546	0.21242775120673751	-0.11274203526201833	-0.09907385399801276	0.08603158229176919	-0.012317422878478309	-0.017816034486348182	0.07761201228563222	0.0953482268384597	-0.20199432000936873	-0.3145150159604208	-0.03503939853256922	-0.13206958360572052	-0.07982332810597985	0.11741527158442483	-0.0013192792746834854	0.14849657874310526	-0.6441881595448389	-0.2587134704088541	1.763439888536683	0.6398269549872788	0.2526432591030004	0.6899867003742445	0.14076174484782134	-0.024448063108920632	-0.6704418182737777	1.0744362983883666	-0.1403302990018963	-0.8292483905639436	0.30452312860600345	-1.0395690959198496	0.26600476753339314	-0.30687514056524784	-0.689102067281141	-0.7067536728661659	-0.5366198615010273	0.395812428122952	-0.10592825504679695	-0.7928088451956612	0.6615412246920025	0.1653879852394194	-1.18879650959218	-0.5179843609668988	-0.3955777000928904	0.30452312860600345	1.6409740724889823	0.6255977448699142	0.23093011168989386	0.16876910720897284	0.5062439615675235	0.43600153265949565	-0.09467220007865353	-0.037403401715597896	0.20053346496311023	-0.08324148467209176	-0.02833459484037893	0.24863629014892363	0.09619565620134178	0.1585500852192026	0.05439498569963965	0.009033980813335828	0.1531720988459402	0.038028923912582176	-0.058858572974801016	-0.2588131247859447	0.11727064941581054	0.08363320843671114	0.004457125314653538	0.06419822395328473	0.09841177901120587	0.15608179833726876	0.2802607275063902	-0.0737291533316682	0.0797889356337535	-0.10689870186963388	-0.0740985373718313	-0.22623001992611122	-0.12407533712864238	0.024486978804894352	0.01479332449515995	0.1076382085363433	0.19047960712333967	0.12281618742007262	-0.1409063256794904	-0.13302296898984528	0.2721222483047748	0.12151418550897584	0.122167807711597	0.02309655032598937	0.05190919802856404	0.09375132146279908	0.4169255261239585	0.13891044656928384	0.20553196800191392	0.007688392256586822	-0.16612060546148325	0.060272205281502136	0.12740030476265138	0.017833687748642062	0.3748873130488924	-0.02436021079377821	-0.05532376133383105	-0.1672720383909758	0.18574160484957827	-0.31505421079137186	-1.4060180123266426	0.49859343616760105	0.1807391014872006	-0.4478969562176695	-0.18681179028925846	-0.7481765190226037	0.9857209633611338	0.7340509128164326	-0.29961736426365326	-0.7440679344695125	0.29237426287161816	0.12093898378273973	0.013415992685355843	-0.9391875905950685	-0.8325938701590713	-0.5477130409658929	-0.16904839618812345	0.595326002879996	-1.0188716176986548	0.3882120253096849	0.4356824618384365	-0.9735743578870483	-1.0308511066733208	-0.25149130398694497	-0.7440679344695125	0.17926412817456325	-0.4321283504414344	-0.1289222419231189	-0.14432378724122125	0.33224985465270535	-0.4747948608187158
124003	replication	0.18256320183668975	-0.2909737107431183	0.3418361659436801	0.10666873775254532	0.06781912013186069	-0.1830272614936887	0.034853546606604606	-0.2058100973037254	-0.05038969611363674	-0.05163411177988643	0.004872477885330051	0.11316073928711845	0.2907008573269574	-0.10468309196355235	0.07978279327849506	0.05473471179709037	0.12432543686845328	0.2462658372600025	0.34387644365121045	-0.20336806706677987	0.2763298473746843	0.21859519356128376	-0.036431631732638	0.013699879691617334	-0.17036975588917552	0.08982558085798596	-0.0027657328864135345	-0.2851540234126656	-0.06251930910731672	0.11899955766111985	0.5584101304417141	0.8944005850951566	0.3582433790392747	-0.13466093320237682	0.055961316993154	0.6202665597465932	0.04601313418029791	0.24814807028148453	0.004371465338912397	0.4213872929317996	0.8218273079151106	0.07597032348315688	-0.015029778177874311	0.6653492120462293	0.057587390145216646	0.5830275970649647	0.06973371938390505	0.2258061130722887	-0.05759530821754044	0.12901076940760167	0.2918653924769953	1.104551684278241	0.32727379166889947	0.202747492840834	0.011126595364346792	1.440570684965233	0.2312385567707436	-0.3523814393284028	-0.07524531643487727	0.5821666942678683	0.36453767993486047	0.9222484548843859	0.5076137569416938	-0.49829051079728076	0.8679553113669378	0.9880259306209125	-0.8345637899381975	-0.5801911005574321	0.1835960898159471	-0.1587439778030864	-0.2525127608670146	0.8144735355679388	0.10267625024611193	-0.21019397323681888	0.4085340448787293	-1.4827494021981678	0.7958140185182108	-0.24689896851719914	-0.49829051079728076	-1.0834585843015696	-0.3468792792612076	-0.27150669199836885	-0.20729047685823182	-0.7379595728655476	0.5141527238343373	0.575560117613057	-0.012884400575819794	0.2866295626202469	0.34529719879412496	0.06257246968512006	-0.2005900444478444	0.04541348690276701	0.15339668134895304	0.24548444697066285	0.4877546771818099	0.27860057713672975	-0.08311474270012328	0.17334295916643747	0.310214202909268	-0.158562294952736	-0.10623582590234275	0.41974827968035583	0.09520150375903905	0.0724182370234593	0.07405811958965043	0.13593965232496327	0.13572007109335968	0.17741142493261497	0.032430230519767796	-0.054165727153435615	0.013602102605491979	-0.0012575483759947749	-0.2441478116495356	0.29918785484665994	0.038673693396008756	0.27804232242969695	0.3051274826728169	-0.05552751329608648	0.12859680803985246	-0.3369971692641626	0.24918267649867176	-0.32970534446157373	0.5092472821104153	0.09455265762661011	-0.04930254836442289	0.4801078988544678	0.19842760974264076	0.17932352910215998	0.09716095493391633	-0.20731468098211966	0.12356948277351487	0.33448827919071783	-0.017957791334164204	-0.4465973105199093	0.25759346444906867	-0.4680434765810488	-0.4604142006967622	-0.6444684904671414	0.24838150371402143	-0.059947443621530976	0.6670762381957577	-0.3193672400576424	-0.502588351520922	1.0153272170372822	-0.2497818237446666	0.013519158372564363	-0.6374749523072937	0.7032642370470799	1.6159515475832382	-0.17902236211920303	1.1304629203439132	-0.9307113493175354	0.24758622758191942	-0.4655023957128506	-0.4956992153369926	0.2731345619034803	-0.23480424070598482	-0.4013360283066374	-0.9146932970649617	0.5248612210905959	-1.4115381396527664	-0.6745721988303238	-0.20300675945810892	1.6159515475832382	0.2684829910813207	0.4717713057160058	-0.25362142114970265	0.5905454456194251	0.5339289366326592	0.9549961184855744
138005	replication	0.21218823570998754	0.7033750287760666	0.11466218131787086	-0.1905914817501199	-0.029771294251434263	0.38540655745365326	0.3191568641258606	0.2197563853028742	0.25827711944894566	0.09560973176602967	0.33294295642133576	0.054540226766502525	-0.39299342445116553	-0.2493930980249637	0.02715198072890995	-0.008536512035912503	0.1713471463262921	-0.33582639697044936	0.13040243598375514	-0.22279108051604085	0.04652494160957544	0.08812712292127284	0.2440518737274764	0.37355982016099504	0.48118150723582437	0.8459954440503039	0.6724740309562759	0.008171580150566916	0.19994528118175445	-0.1286776977522691	0.1967836588103342	-0.034504372271851234	-0.7129624598380452	-0.07166007594734045	0.10324499892270143	0.2110587495535848	0.2454375656652369	0.3413661499416151	0.22642671384565133	0.09103685686641882	0.2815324640274987	0.07221276534571215	-0.26155290630766437	0.1847861128140696	0.2934058505251559	-0.008147524460213381	-0.12684536899845283	0.07134299530776882	-0.28670087855151505	0.02678108180861929	0.7099263108236661	0.3051727757903013	-0.4750575700608599	0.9673971395293159	1.0003164113694794	-0.15116378946281864	0.7707205988360329	0.4721700926236368	0.5189155619517303	1.1102445137390458	-1.3671151475822108	0.01719087858889201	-0.25431112274535234	-0.6414780505150851	-0.13574838772371176	-0.9398241858866857	0.818562800998613	-0.975440944286168	-1.2304608511071535	-1.0597522591690214	-0.7364865766118807	-0.8848520538023406	1.1687597500790203	0.8800748819558232	-0.6768568040638621	-0.33364562840596546	-0.1721333205850204	-0.7745598369582467	-0.6414780505150851	1.7847413362545168	1.4934431749976906	0.9753488634900157	0.7758143924262526	0.6596902243828112	0.6471077933475012	0.4934387791159878	0.6261734671824781	0.1356784810893566	0.6053648493797615	0.40285375069517876	0.6370961679571627	0.24923384247091243	0.027294300195098244	-0.2113002047828004	0.24595559362023112	0.2385020219656514	0.20122724291258898	0.17413615959065878	0.4571856196077164	0.10367336730556982	0.2387065613559505	0.22955945504718198	0.22472688673554994	0.30220364408034195	0.44108072496405765	0.11840367989903695	0.30142160921078026	0.26955718513189236	0.4784664796703328	0.3028381891857748	0.2774948076734418	0.31727456233021417	0.012921430718203428	0.23422123901234762	0.15425956950340244	0.1700385967130852	0.3231700796997419	-0.1576393424467569	0.21639427784870185	0.23274745493200044	0.3523709969980358	0.16833639207144543	0.18782175989510938	0.08984609704815405	0.4214843110462326	0.1869878818178505	0.3647658490816551	-0.17603443738181843	0.40983886438385836	0.12632424921469448	0.1347078333816165	0.10642144603423354	0.21413052809835909	0.11791508506949427	0.17030269578927656	0.9190552547447786	0.20412074195165097	0.29164464537645224	0.4171073577933024	0.23284271570905576	-0.9418745523091362	0.8257873518737112	0.14017495899054597	-0.1286944851012645	0.018714924475564887	-0.7420539724384674	0.43796965793659126	0.6520489208467928	1.258960448067794	0.584163916781649	0.08891380610758703	0.7664718046339292	0.4971317467276757	-0.6124340195121012	0.7751492259472188	0.19276610589123672	0.23192790717325928	1.6885427084684377	-0.12912441696335494	0.11462006469223243	0.6175179732525863	1.9756578286224458	0.5730226307580919	1.258960448067794	0.9656398440183225	0.5342176278356328	0.020615235490848552	1.390597520075647	1.422911260442122	0.3697619214671754
23011	replication	-0.15185464686224034	-0.020601630981930102	-0.08457995722862179	-0.7677264494619936	-0.1796217937284366	0.11125181891905567	-0.05029954423440844	-0.23592550265300857	0.2736238452930524	-0.3461616847325406	0.0641160756823824	0.012105089387354308	0.030120830056562752	-0.7851056369249515	-0.04269980719189217	-0.0899565938056251	-0.14859433826814214	0.1348777274933749	-0.1074854737560072	-0.07867310038109727	0.12589889387057693	-0.1926503451941567	-0.11923788260323186	0.06200697437392056	-0.023374669864545942	0.9421932236449732	0.5290713539659362	-0.08888455081196357	-0.3437006383937264	0.14656903248225103	0.029342576739639917	0.059636560110340436	0.3519741507636981	-0.4433055508189042	-0.063713827353127	-0.1997872428688772	0.09172619528297302	-0.1664111428382172	-0.035047223504840845	0.17778608995502623	0.13105296487640208	-0.06274034727261625	-0.1787822774931636	0.12553108161046655	0.1300801775761763	0.3153604719521867	-0.2730159805379083	0.0033349538573636773	0.0368455430274462	-0.05516648428236005	0.3807460270772848	0.8494892521148613	0.9763313230265611	1.3722258435314274	1.0222224720435065	0.4865915141676463	0.9984730221952597	1.2100847029130037	0.25736392350315884	0.20915333808029113	1.000431752083837	0.3893162805727886	-0.9758252661809617	-1.4673671322367214	0.7873351348184721	0.18117202270882513	-0.7914152854333109	-0.5464430168801065	0.9598787092976886	-1.083533694744567	-1.725745796795711	-0.23876942803160778	-0.193633870391824	-0.05599438240186094	0.06869731202656201	0.03690478163278438	0.31457602638453075	-1.0701200297886913	-1.4673671322367214	0.004427789451855096	0.3191904655793749	-0.12714059797499627	-0.020299190870446605	1.0114666552288263	0.5825156525629118	0.35592383583670845	0.019027658549903	0.18642795573155738	-0.052317189330095486	0.19464603578954442	0.0765853412544559	0.10683495279389425	0.32564381355406374	0.6610723824859592	0.15100934701516092	0.07745252182036202	0.2777519057752005	0.47583161193883206	0.08287207696352043	0.32851011491252874	0.3718074735132742	0.4517278873712553	0.42124813993897253	0.2904795884356868	0.0779681578490471	0.1501800766735406	-0.12666894668832568	0.13983219684781983	0.12590419472841355	0.10142412311755761	0.23278748131091226	0.13059159368629572	0.026814581711090076	-0.16032897596547666	0.12930704368382692	0.7157620313205814	0.8068136893904273	1.1052465309101676	0.04903845492697296	0.09991967664972465	0.607468346470601	0.13115895461521437	0.14788452558270743	0.3731217698954394	0.337641532475844	0.02916938186421363	0.4187798763878352	0.012293171563406055	-0.05032929093237467	-0.021759929367014805	0.7611499470876414	-0.07564908107654479	0.29567498596431496	-0.01202662105778777	0.4135363436271061	0.42649921067074104	-0.42443678649954775	0.624226699119657	0.3478149531183773	-0.6267219567129475	-0.12149242760518915	0.31124884004760256	1.0547325842817132	0.5877741534161056	0.34675175500568406	0.2498844222900194	1.2979495190551662	-0.1491883689537999	-0.31531976738254	0.07901483459883643	0.8283826006484611	1.048215096584186	0.1380307819956888	0.9934534920298581	0.6373143559705936	0.21227010003673788	-0.6514042883700981	0.1318314491474409	0.009991261533956797	0.9408106873394995	-1.1236366534821334	0.9829359704423096	0.30693151383831463	-0.31531976738254	-0.27321884667785873	-1.3061762364141063	-0.4436333534602215	0.30887298295989557	-0.020211185705016788	-0.0944393230735184
42001	replication	0.083989659350905	0.09219382675074557	0.3217303492356072	-0.3365987345171792	-0.20348915541770837	-0.3588971765058032	-0.02155859413851929	-0.04462145380832268	0.1555566763298145	-0.017635706882194326	0.05930901099470915	0.2534903768916413	0.250091716573604	-0.34901123259756966	-0.20799739985531074	-0.15728459728958055	0.30271674383407127	0.13917093905243552	0.13206567166505997	-0.5787683283441478	0.1485245616562183	-0.20683302175204576	-0.06534100611284364	-0.02410477862826374	-0.21151851911324993	0.6179011963726304	0.27314748235948744	-0.2890829167803399	0.005227975261241304	-0.08381382035448331	0.4701490441583501	0.8785672403256474	0.16309345024012611	-0.38449029237452564	-0.33465511949301424	0.543137317350872	-0.1564876358254892	0.6275182863741584	0.18539666354307607	0.054424437997225565	0.7010326104210746	0.1077042440542048	0.14733312273983995	-0.1176120942489742	-0.31096955319839753	0.30308266392350036	-0.1277961372516725	-0.07641267852190592	-0.27591866532728293	0.00011919810542346836	0.2924764369837001	0.4790885751243541	-0.136432556006882	1.0654795508201047	0.29358660552248667	0.6281556535642413	0.3211169340322062	-0.1814472898692545	-0.47286191352064283	0.327594606144745	0.9263304292166102	0.5369614416938976	-1.0746503096029334	-0.5107241199608865	-0.9702224403400178	0.20710821449915107	-1.3216821761492663	-0.6594166206038261	-0.08373740590016188	-0.562881115320661	-0.12694068772161393	-0.7485666754376697	-0.6040772205269317	-0.067433582605547	0.4082166181965829	-0.8919199506233151	0.07190589665097818	-0.28674457165904776	-0.5107241199608865	0.4382115538455885	-0.07834096368541137	0.31218229058594804	-0.11527195990344286	0.02167838070606687	-0.8790316123872259	0.08004604528257189	0.14394201541808777	0.2749578935794332	-0.3886845095478417	-0.22066508439928104	-0.11946753233772231	-0.04293734645399382	-0.2158862853010425	0.14143969741286028	-0.12055433469085423	0.11155252778211681	0.3317022778991325	0.9981170291253495	-0.42529072251706973	-0.025143394399964346	0.050499150258366286	0.34425124306416405	0.8811152509018296	0.2735919545536402	-0.5635966393645595	0.20060762255127668	-0.07754864088117772	0.028711898193350516	0.26839983218674957	0.020460562117632846	0.4260537985033283	0.25699733227713284	-0.4314942183300759	0.07582927733987563	0.20486462628668423	0.6947992182943152	1.2168267922847078	0.43395471423037246	-0.34806334368015546	-0.2731180490669447	0.6758102297503547	-0.10614634274433694	0.39410017358546134	0.10727961649870446	0.2733158495032437	0.6417102493728265	0.15373514309532424	0.4604916743595845	-0.16632424346490213	-0.02238205586812058	0.5468471386898865	-0.2830780381472846	0.10936818163926901	-0.38726135260336936	-0.0686948539000936	1.026346746419861	0.5328395244172093	0.4300384453557345	0.43026768638606827	1.6633635685712571	1.6166200202298413	0.2258683866733749	-0.01872197986088686	-0.7509453232006128	1.442144279469403	1.6497051370698372	1.0671594955809969	0.23834444413672723	0.10751967246439184	0.14865416460017106	0.22736712993753863	-1.8456602601649177	-1.8636658426135566	0.13845150811965865	-1.296662981927157	-0.4565209002336963	-0.10712193672004955	-0.6355467384571865	0.40511304675298565	1.662506645074974	-0.3326719260657316	0.18186840579852961	-1.0970290059779801	0.10751967246439184	0.5382010131687223	0.5168655735687427	-0.17922031031459243	0.21145944141887452	0.9911844438121963	0.5647669159347275
42005	replication	0.3041577194668116	0.18248176701612048	0.1730163184566443	-0.060166979014807276	-0.017624336861857364	-0.2950727324757917	0.055919055665351325	0.12056357847472197	0.18949843447477388	0.15981613059356217	0.19117600837034054	0.11369110823964214	0.16204705108286555	-0.0319345133063182	-0.17490794538080381	-0.047929592729220996	0.4062465285508209	0.08442636602187263	0.15778930608413602	-0.4859181011629136	0.2957691045917828	-0.09340991988119507	0.04148876020926433	-0.07199257581308685	-0.08454789098403463	-0.0430070568614466	-0.03295320839652101	-0.27557423437370976	0.012549966566060309	0.01625602511254149	0.6196535861069719	0.8966674933701312	0.09745385711521623	-0.19809312037884075	-0.0266015755840968	1.0067255899339131	-0.12224642786756677	0.17362573163154948	0.2808847592079189	0.278065512242376	0.661279380076378	0.4331951451609824	0.09694450507034573	-0.35651673150148294	-0.28347358394697236	0.37275439558984225	-0.06422629628557532	0.03222102350707917	-0.05112380973861649	0.153561228952127	0.2828281343963356	-0.22110491386688327	0.29422835433398203	-0.2592961247804776	0.4234449285771855	1.2862587165537924	0.15545457874228452	0.3551244106961658	0.016369003124124593	0.03143894879691431	0.8670099115284554	-0.4289880793752157	-0.25156373583414393	1.3037368524405355	-0.504025641474352	1.2080151978884879	0.06977655080435347	-0.7127661683099911	0.04393598466582738	1.2656470983787136	0.07549124372417615	0.4653495719446491	-0.290706223816462	-0.9748419900953873	0.3604227636143342	-1.9263723794661578	-0.5779127240430328	1.1613981336979797	1.3037368524405355	-0.048042119883307394	0.07643024686596739	0.15043305884744484	0.7261552153815555	1.0722516173765657	-0.15218602779942153	-0.09100773283124042	0.36536054711843574	0.36719244064747963	-0.08252331544573349	-0.016781520963312677	-0.11671573144712932	0.2778233283465919	0.04932166214210158	0.052949009103250816	-0.05069349499399365	0.22598679435280822	0.3228820567997681	0.5166052383318624	-0.2319464543884809	-0.1267310903573098	0.09673730325258344	0.1789933046455713	0.44624773601725415	0.12234982455063324	-0.3437645333246277	0.39074740266235297	-0.0919999152688387	0.1441341553024677	-0.0013602504636125356	-0.001855052593877303	0.26541430326863785	0.1467755299428775	-0.25852285541869546	-0.0600554235403727	0.373367716941421	0.5319521958483372	1.0157033455213098	0.014240570116329126	-0.5103898714973244	0.10708203012281489	0.550891698049102	0.13182682867517764	0.327417999198843	0.23642893097340337	0.4392227719723394	1.096886352569714	0.22383084978406853	0.20802746226433597	0.24709497980585388	-0.04732870195239642	0.5174189727636447	0.05016808099006835	-0.00910458855955446	0.019940301707281838	-0.051297711799257135	-0.10309019027033203	-0.10683342949710965	0.6314262241697536	-0.4051222430340805	0.09048376406522672	0.388814807851703	0.9944766980035666	0.6364988621354963	-0.3084730827740904	-0.6152684056751915	1.936118573980299	-1.0695227581844138	-2.3456011752611796	-1.1283920890990686	-2.010171253216643	-0.508952070530239	0.6757276425992783	0.06166414819708599	-0.3139613010826241	1.1563112640583246	-0.7453206145100616	0.2601944281331135	0.9526311945638002	-0.060563109279059155	1.0361764580992245	-1.717157364257353	0.5326062118742294	0.8475706008725763	-1.1283920890990686	0.6862143936512809	1.1266955758591792	-0.22585692108245248	-0.4394681225571195	0.1996074142239253	0.5975304903098297
43001	replication	0.16580502300009672	0.185501030662966	-0.08458097904863854	0.3694802061336896	0.27724336173680963	0.22217215380969219	0.12938788738577578	-0.00924983779635162	-0.16230484358797276	0.34474083722360693	0.17070747401530878	-0.09737524250255092	-0.2064500669780655	0.3799495296896166	0.2399597673025053	0.23486150128768046	0.014974476656403567	-0.10828326584779457	0.040444165146728696	0.3853594818630307	0.1013306314489163	0.10485874003990447	0.048638192866393024	0.09546559159354889	0.03881213581093233	-0.248952132958608	-0.11378297065965683	0.19475546268282434	0.1267981393760469	0.134860472067273	-0.17223189539481648	-0.3220742716935821	-0.29168730992254016	0.35221542086760244	0.19923771221530007	-0.11249121538787848	0.14376283399488482	0.004745995102852432	-0.059417177287992846	0.053259803580227125	-0.23804375868154065	0.19691618816657047	-0.0712852154606314	0.10944874291683145	0.07448047873635617	-0.22653766094151093	-0.03819732550026756	0.03985189288654114	0.4027773282285075	0.19567983473585002	0.266729440859316	0.4335392766250257	0.351247644425209	-0.51048042332466	-0.5652923190993817	0.4504753163886746	0.3319519713579887	-0.7847488577191211	0.0560200869542861	0.38393576366073084	0.9117871398700889	0.24507922033859342	-0.5113013216281378	0.8728618308390421	-0.2089065319255579	0.8887503347501537	1.5475231510174576	-0.5546904994000849	-0.4505072357158593	1.7449816488951508	0.9322883541390676	-0.01816500552091188	-0.6181664579225719	-0.4317525892353721	0.45906854475763087	0.3855380213461827	-0.18846254306768004	1.8301765071986793	0.8728618308390421	0.49037900639382004	0.2053180153202477	-0.1424561068022258	0.5369435350380188	-0.22696483805460677	-0.009945085252709152	0.19647323016360857	0.3771755220257896	0.13658817270592416	0.9010021388997402	0.3871523510186355	0.3548902612770873	0.2926379156644696	0.1425155645984482	0.14131056706432935	0.7052230427212076	0.3863789061331447	-0.3082265863808152	-0.47046739254277986	0.8861275802628562	0.2049283300795009	0.18519918972414595	0.0862722152969174	-0.2905791925845957	0.14785583420351617	0.5596383945241634	0.030120344912445897	0.3624120821421617	0.2789706518913066	0.2647391285409267	0.3663912304342982	0.07113137126658024	0.14324009587016404	0.23711889296659178	0.4894712464313729	0.1244906698626756	-0.2110858603000971	-0.8409477744204963	-1.050136947062315	0.549247473543307	0.23919710265719046	-0.25718109719822047	0.06365382416433518	-0.018658528208478478	0.07804848851802013	-0.09338855639488991	-0.13720796166137533	0.11194942526044532	-0.027799341469854365	0.24302259499770282	0.3155706424909009	-0.4524947884950414	0.28102891539515595	0.07415068738037506	0.27066657698947466	0.16389185531223868	0.12162943642892043	-0.4514172348730519	-0.12097837953088125	0.2576461120738688	-0.09623405974761874	0.40014768824632324	-0.46398735234123484	-0.4916970236146003	0.737892031011615	0.257750229205663	-0.19705737387203648	0.7198056621967434	0.44303679394582984	1.0907296552517858	0.14788898156643512	0.9330463833918498	0.5870593283447938	0.015247737000642414	-0.6887349674047486	1.606704802889552	1.0491476093981407	-0.739487155207973	0.44079775431199064	-0.7478512345588176	0.6226370459652564	0.9301022486478884	-0.29415885555932636	1.6040216712580935	1.0907296552517858	0.45213724900221414	0.04275380039377484	1.4357073167070384	1.7536047581071954	-1.3170377820222454	0.6398824233320156
43003	replication	0.23011863552260328	0.0659577429860304	0.01772321305848861	0.03911879157834107	0.23092030810107214	0.0963098326864343	0.021153464891396214	0.11505188414696954	0.3913897693205945	0.17833344003031565	0.10112414439134847	-0.13959916584463888	-0.2591536425000819	0.16497733890105767	0.12135542780248461	0.21943510900389926	0.11541215439357569	-0.15056567727173142	0.10865863232230712	0.13250552529050044	0.21896035582778686	0.03084961948820746	0.05678439344603191	-0.005940890616902041	-0.037452408842777445	0.08258923314839213	0.006651963837523744	0.07834178489633215	0.08953490899175881	0.03925049635514196	0.10150779724688345	-0.16364990344129207	-0.2693762764419057	0.32910560896600866	0.16335023040694904	0.02696999202134492	-0.058849057671105376	-0.25966061661312306	0.16633812352849264	0.0700469280562057	0.08138124090645509	-0.006655717903795403	-0.17217242569046273	0.023747856763803026	-0.04085638544531295	-0.11996697165015562	0.08406314020476076	0.042539080015582376	-0.051130033717172875	0.09669344499433329	0.1570981426450118	-0.002243911526017578	0.4362743154322677	0.2988034534238681	0.6822544176581543	0.64757854995728	0.4103101428572186	-0.21990996018565023	0.13495590764411028	-0.046295648342220844	1.1638916160835162	0.4140912086743171	-0.609586433258172	0.6335218911533753	-0.3921443951018894	0.308120103440813	-0.13229926922908106	0.07255789611402791	0.9319349751652757	0.7309498847326992	0.40764449491035026	-0.1690492135485441	-0.8158778454067239	-0.7079108690498159	0.1950006691166227	0.03841400571504016	0.2405432555742675	0.6540728874687438	0.6335218911533753	0.3860562640434088	0.7725602618331385	0.14208813189860814	0.32640267518132704	0.25162181777537534	0.6949898380973897	-0.08572910385728061	-0.13998467323000113	0.04055103685757186	-0.03425465401659833	0.20971643476873353	0.05075987887717319	0.15247042606802463	-0.11742296193938963	0.09359417208238367	0.1469804254017937	0.06434002260068071	0.09799659212488743	0.4303661534474589	0.23655290437852663	0.055674257883014784	0.09900653585693894	-0.052671262620608304	0.5132624339597789	0.060473708745648364	0.3601534492777173	0.124067370554047	-0.0037304257724488305	-0.02963279995211359	-0.08282191395274845	-0.035411339447030135	-0.14091320237391428	-0.21944056223992267	-0.03626981229066522	0.12558264290954815	0.3132379320205631	0.0793823458427104	0.23686566436502102	-0.020482963475490307	0.08070170875826382	0.28993963452228894	-0.17720111453389403	0.10396612151374025	0.1740584935780065	-0.06574904164150994	0.0543505095151513	-0.00646189002792936	-0.005132901170272947	0.2032913216670177	0.2911238135900783	0.10341891515917351	0.03416618163265818	0.22574042026670701	0.10208632125098763	0.43086026526634197	-0.04073431716212932	-0.5544880986912528	-0.3125002422238588	0.35132175394091214	-0.3154516020347522	-0.32482838165954375	-0.014650836497746752	-0.3116627423160994	-0.6486684293103501	0.22742608271636358	-0.2981135869873287	0.4278774704120898	0.8031051358292248	-0.7796149595888274	0.18309295455897934	-0.8650675988874899	0.5123134018707581	-0.49066610612266787	0.40393011069465967	0.7610248353661128	0.14194446500843388	0.07954644274934754	0.687514517584245	-0.11898912553135255	0.3408129069394841	1.303536954489706	1.3592971072100797	-0.21694815078045707	0.07510462408057483	0.18309295455897934	-0.633124055436096	-0.24412863542069624	0.2826202428965964	0.25005356161746356	0.8181205123546215	0.050402518573778116
43004	replication	0.26199387967546983	0.07266075544065344	0.1908033703208261	0.2502215615688898	0.19178480534350734	0.11810403307836723	0.03213097704975062	-0.038594341555644736	0.11392886240683607	0.2075412497100474	0.12050874856066886	-0.054062261389776156	0.24424103000041414	0.29474983075010464	0.12305624414282701	0.1517940418776231	0.09981591076013421	0.306630219005108	0.17981463189780064	0.34774327172006403	0.15686639580959605	0.23824617396839076	0.10474511111704718	0.12531601325732036	0.14717720889742394	0.0848433178827681	0.0939283390614232	0.09713762613313107	0.04690082850957639	0.1643823163814011	0.282657803550618	0.23107541120739644	0.384194688722731	0.23455410745259817	0.11512541700269957	-0.019045596444698554	-0.013231721851093852	-0.10723680537407437	-0.046146168069986615	0.20710084653678273	-0.005254531286374507	0.03528334341674512	0.10216234924095169	-0.07219598344699749	0.01459646560349738	0.07681298143437452	0.1918882946135728	0.17784471527810936	0.010559649670246599	0.1637421146961016	0.46143294142491914	0.4875120005558886	0.6818021316568648	0.6227051802265933	-0.22237649883542845	0.48484548295505586	0.10502446174317034	-0.39882129444663345	-0.12294097395970156	0.11524372733937105	0.6229938172064732	0.39962954283018953	0.5906181281910158	1.0425993211530902	0.5932142079705842	0.6102264546322497	0.25681829424857483	0.2625299565221738	0.7981589079688229	0.7587368327130586	0.5384677526557823	-0.19487039431402609	0.16761119944590647	-0.8275364076831337	0.4165997578629934	-0.5769342267170224	0.10210830393112494	0.7841777807692158	1.0425993211530902	0.2320291935888612	0.6016788147928236	-0.5608023760225141	0.11140067765744259	0.43295575189988467	-0.07199712714194226	0.4673785671179407	-0.3752371587794488	0.5126081766254593	0.3361098327572552	0.14682902786553276	0.19634769362931362	0.1840781791803118	0.0950706489358006	0.046237962446207176	0.20743968321625986	-0.0035566719056699895	-0.20050994710478617	-0.21425926594155487	0.2635905622878984	0.351636157454043	0.23615516905627557	0.25575900614238956	0.10731355511163723	0.21321390171629875	0.6869680832343704	0.2935718245331289	0.3732861036553102	0.09810565306615293	-0.1317361996656237	-0.17528745869858575	-0.5651272010615737	-0.47453052260052586	0.2551852854632451	-0.010659027463779652	0.3722440692660955	0.07331121565059086	-0.14216292116423448	-0.41017786374178244	0.23496443387650082	0.33944942948850215	0.16867874546085612	0.16899168705059692	0.33340920262390245	0.1424100289829141	0.13368049712683266	0.5031550792636186	-0.04981034360377796	-0.024250464820573574	0.0861453522287575	0.04390232621715455	-0.029870288670028573	0.308945137535367	0.06741017073706873	0.1847270421657754	0.21321639339296067	0.0041573136885635215	-0.6159121371813132	0.7486596440952141	-0.6128260551835731	-1.1751030221253023	0.6737463765058824	0.4946394573561885	-0.8433162828591279	-0.1832661061748971	-0.3088116342319718	0.7504771597866435	0.031521099938413934	0.5579356981999357	0.1737194113866013	0.7864719829576039	0.3339819979884915	0.2419505460656486	2.757553460023512	1.3797994504987472	0.3748851358973426	0.4450374575751543	-0.3292086467705553	-0.40468272323360377	0.31754644235600366	0.8514974202696157	0.4546802226376482	0.594662700009807	0.3720068260450201	0.1737194113866013	-1.2309194758111888	-0.9514328842748359	-1.2657668519866805	-0.4994536338092735	-0.18766538701688715	-1.0828049190519302
43005	replication	0.09643019429516235	-0.6175656931499919	0.34805106868209035	-0.30905691679807934	-0.3134669779262744	0.06152466461053392	-0.0816425010249556	0.41162952713306855	0.3996462474178612	-0.18009292048496336	-0.24944045874602286	0.21461660666115476	1.1435033176076337	-0.22676463377838968	-0.04134138163142121	0.09455374229922948	0.5308678505481463	0.8045976288177817	0.19626308403889184	-0.3693550668430376	0.3492905294806325	-0.0524511497751903	-0.3355858873880446	-0.7566404238352102	-0.7079228917045562	-0.9423105296263488	-0.9233585547809835	-0.10174324276973727	-0.3318835957835483	0.33289666150356856	0.3934318437788815	0.5915410713165966	-0.42121404186368866	-0.3127152400523847	-0.2716895354746942	0.4502068919433713	-0.277017763352888	0.3016366492733737	0.5209791459960194	0.04157922791617298	0.7671715351324946	-0.03336933558019228	0.5179473916016067	-0.1892781745306183	-0.8244574904225508	-0.1796379786186546	0.06440088920555281	-0.12156915448920343	-0.23001723501522633	0.090984774245563	-0.46270763646569524	-1.3350246458111676	-0.6855925459324229	-1.1129778595110593	-1.4963270986134265	-0.45607196809488615	-0.4324440717507634	-0.7457605291977346	-0.7267453341602645	-0.36304686339160064	1.217309875600326	0.48122182998475455	-0.5769018229191261	-0.2993464438710437	-0.8314706571253951	0.28135924905454957	0.21296319074905237	0.40117615688423036	0.402168997233078	-0.3893451403389481	-0.2841833202801065	-0.7719624131288247	-0.15416490082241263	0.40876734379052904	1.8268877783673307	-1.5830627676535372	1.1562509552611737	-0.31267887063282823	-0.2993464438710437	-1.5878923111699865	-1.0651007208571945	-1.1472616618422573	-1.0475094299756398	0.30716481573289955	-0.6774181764831042	1.166268246347647	-0.05265989521337071	0.7117987937265303	-0.24403551595652345	-0.15432564826576006	0.06617354263019333	0.1865717934977926	1.1895882204173118	1.1953358397124643	-0.0112145342192196	0.09291641372379958	-0.026759077761764928	-0.4214394445694776	-0.21708828572150599	0.2691830848658706	0.1300865249187578	1.3766429793058355	-0.4297502449191583	0.368785670427549	-0.0710632885525023	0.3899050267481746	-6.651387014778277e-05	0.04225412266081604	-0.04660371757082949	0.04901678307983954	-0.2548615081892244	-0.20811278263135316	0.00044909738955617283	0.0085214513959246	-0.3041061110897021	0.846792586009675	0.09213236883615095	-0.08572084161133688	-0.15309167034372106	-0.10381867740170489	1.562120702932148	-0.026198440741043844	0.3521763387815197	1.2123856262959178	-0.0418546038108708	0.5918224480409813	0.6704388744183578	0.061502025402183726	-0.33462700234264536	-0.1093674472364648	0.025075060698652278	0.006767408994192584	0.2179062989281563	-0.28312646070394776	0.8356801057340909	0.33662694710295493	0.18903620525223286	-0.5459181958632343	-0.6364250173677335	0.3711069958838898	-0.7292540725577585	-0.1503190079299839	-0.7091105708368829	-0.02110915407689302	0.21719564314795908	-0.3607760313901611	0.4053317340054042	-0.37159701452906463	-0.9673391411765482	-0.3557280069596124	1.497060353652729	2.462088699638416	0.9348189448636292	1.6594680949515301	0.4310303553724182	0.1642519721689301	-0.33007952925775075	-0.1502861809314621	-0.6779086097412719	-0.3674150399666476	-0.02758791863100185	-0.14206975661991605	0.04128379242209007	-0.9673391411765482	0.312256025784281	0.42225865848802535	-0.434959822224529	0.4102852020263712	1.3572886544973226	1.2600656284769758
5026	replication	-0.058931693102884895	0.24139976694179296	-0.029317806125709875	0.826789116650927	0.38814936467185135	0.05627351018264952	0.1522781744247185	0.4732659832943598	0.07090085988388999	0.5721957590763801	0.1937467200375244	-0.5810509208344232	-0.6278768934281733	0.9643620979510802	0.15491747815548654	0.11973585525652473	-0.09620024119744842	-0.35321559243154826	-0.2472048950883875	0.6760638943476321	0.05257569653321325	0.18434597957339832	0.31357809024480493	0.2070193359816571	0.12148482085866123	0.18553403405390728	0.15333316848741588	0.36088015156389297	0.45916022127700995	0.14092241181870793	-0.6722056725548257	-1.6010038016780996	-1.2941218409736168	0.6658897070840082	0.315464085760804	-1.2300880148324043	-0.058879594406515766	-0.1710281913680682	0.0429201573897403	-0.28308879618411303	-0.36075701991360065	-0.34971399331966285	-0.08573363923662179	0.2581135916453895	-0.024214352945721714	-0.7671090760176582	0.5728497862287761	-0.1894104118455216	0.12346595886541639	0.07725543358383505	-0.2633574718034002	-0.330741698361634	-0.5162466755318237	0.1575878972288712	0.47340148494292383	-0.5054184830198948	0.2151860153726913	0.9529251844829445	1.225528904835108	-0.8472286004907086	0.6281935459814345	0.1929868591116736	0.3617137404993939	1.9238770161271517	-0.8489110577253072	-0.08307730503956796	1.0144600955261163	0.8202248604914897	0.09919937478397084	1.8313909014771	1.7804954181399788	-0.42959939888446325	-0.1255473566520328	-0.5407118102494441	0.5556916061648931	0.426696986496092	0.32742517668640103	1.850266470825657	1.9238770161271517	0.9266214397245325	-0.42219012579705245	0.5872759783724539	0.46349813657784283	-0.46276727680362323	0.3176911227846332	-0.20788513319047974	-0.047896320571808065	0.1813657675909857	-0.5209071647204959	-0.10531712202076454	-0.1381394930036574	0.10813944500122954	0.012030092472608963	0.12091442568475859	-0.2102378347197276	-0.018526093844912855	-0.05702475529146201	0.4713828897319518	-0.23964215795672	0.13614710978115907	0.11705513750433305	-0.05804118505688266	0.6715245772018911	0.06453932217688743	-0.14057332558551353	0.24191549966878492	0.06122347816362837	-0.005365636683168297	-0.07811664295549046	0.11081753977562414	-0.2495402505417842	-0.18839591842345974	-0.09166926389003895	-0.08406605941722042	0.46583388702674855	0.25543413993246433	-0.03358940294419616	-0.3728288532065332	-0.33311021378347205	0.162731902862305	-0.11969294848075719	0.17546327574812728	-0.09561277754051352	-0.043422462495507165	0.2501866348804039	0.21397482946195634	-0.13009852789471485	0.17528944640168423	0.5131386125935415	0.18232094925082115	-0.14909036862065625	0.06313454375968203	0.004477005958578609	0.19170547019211548	-0.035620568144953346	0.9359783352754846	0.4349514850384288	-0.2563247828460191	-0.5416476246764502	0.1232049183188481	0.6156922309270029	-0.12380744014879515	0.875995810028801	-0.7012060142852228	0.6452883197872439	0.15179008946359138	1.7460180099377123	-0.6781573538447732	-1.3865665797679902	0.668515625818406	0.19806787132837086	1.065475475133553	-0.3430235839244465	-0.37095296329391914	0.01888422681502605	-0.3156850620219866	0.3032629580521449	-0.8338338204107785	0.45899248465928494	1.5495455242196499	-0.0740864687221301	0.2718666864028399	-0.3050746516789194	-1.3865665797679902	0.5211355428151156	-0.47266062686609245	-1.279816821383641	-0.6168244810559517	0.2974935449508713	-1.4371724422855832
5028	replication	-0.07359017354637266	-0.2699554564612684	-0.09550028902335801	-0.09039629181541477	0.038274904623833476	0.049348367260625754	-0.01746324219703504	-0.03638089801829041	0.32623924142001154	-0.0657371333312214	-0.29388603679681324	-0.01513105187322366	0.07605024054431814	0.2678934559720341	0.030393470900869326	0.16789511881752023	-0.006122164194256716	0.03533074089302147	0.07467988387491842	-0.18544501158538693	0.1326053907072818	0.2503690428693757	-0.10828894245808929	-0.38569428255749433	-0.23151208679393478	-1.0898658181531746	-0.7612088942020159	0.17706871505561356	-0.029187662289916337	-0.10920971660801614	0.004248834214085669	-0.21700570590122112	-0.2918115213320884	0.39644576987711494	-0.11614483335786563	-0.0695401323516265	0.014388398372213255	-0.2783689114143718	-0.11734162608756306	-0.08098012824392596	-0.36525765048050995	0.18133976217183898	0.06646511370338835	0.00460178517467171	-0.03318423713354123	-0.09487305891623628	-0.18035740988549837	0.10620214520880318	-0.14827550217381388	-0.047001636909996994	-0.0185101073315828	-0.9943392539599992	-1.2139117708943166	-1.4852421511814218	-1.0820489211122704	0.10069160893712269	-1.4595483303365444	-1.2503841633793342	-0.7603541553205705	0.29419069595836533	0.8648148699643404	0.5618860332858794	0.550115103807653	-0.27674192866480285	0.3494793822881957	0.7686986043519795	-0.93625446415827	0.31956785062198895	0.38545878823077984	0.1378098237015951	-0.042775754374480265	-0.13286307292901103	-0.3309347178072169	-0.9359221384341392	-0.06574799892231677	1.518670745145152	1.5168150813894066	0.16152553277716752	-0.27674192866480285	-0.025997244949857494	0.03048496717987012	0.3889512022763126	-0.13114647501575535	-0.582511865501808	-0.09136441636733816	-0.512961788048269	-0.28120729363732305	-0.2903779706865846	-0.6323713062730184	-0.3212634773475277	0.03864919674894217	0.005564918053655253	-0.29337889747058815	-0.5187265452073077	-0.7110660975709874	-0.37955603929131776	-0.0205250468385449	0.3227116211589841	-0.6685318500336151	-0.3243128758292633	-0.17208625326445312	-0.3647094275137751	0.35863937906550886	-0.3210749184027988	-0.34482323380821456	0.0007336055317209502	-0.18488529112863808	-0.3633318629970475	-0.39513463540809357	-0.3088494001790926	-0.25574151595343025	-0.2129661972943267	0.030984714251866732	-0.294272526406472	0.19304881654554723	-0.3882234731941087	-0.08905279703090516	-0.30186249427360723	-0.31903605914618954	-0.0817301092957203	-0.5438812209056494	0.09886843560855105	-0.3545023483440201	-0.2878118198144444	-0.05906994593244832	-0.09128259166163828	-0.48649103718040826	0.2372884575323152	0.06740998719742802	0.05991066068849847	-0.07683568739076142	-0.19712473399276548	-0.22803037113177257	0.1471612739124589	-0.43158734556367073	-0.33416587032448425	-0.4245807686457685	0.27279211839074097	-0.7531108720733378	-0.7323466515255533	-0.038421466782997425	0.20579486477765868	-0.47427456073899193	-0.8362415019911338	-0.7883168745834958	0.24440602870348657	-0.1263936179638676	-1.1951457797683245	-1.8048679683005666	-0.3366554910077094	-0.7658141466563445	-0.8448132444377761	0.3311057376642774	-0.5142732512786397	-0.45061376035063466	-0.9978455404654406	-0.8780738951591422	0.6231305107561318	0.5914374043274542	0.793976802785002	1.0446164252852184	0.3768318606939942	-0.368261704335913	-1.8048679683005666	-0.34333962499768444	-0.7302796328212403	-0.2835410751867973	-1.2835201631869255	0.04367281228508646	-0.400783244269471
5031	replication	-0.0861182566642815	-0.3685189929665552	-0.045400529182440176	-0.6266450903722514	-0.6600151129803947	-0.37226715906336416	-0.1659622403052912	0.031182117502084484	0.6039677767917566	-0.7410431484532136	-0.31250015811503906	0.37812385320208736	0.0410532676300748	-1.1964161087122738	-0.2178572595818624	-0.11495010462829877	0.09865341794342446	-0.029070653309323964	-0.07304518171393362	-0.4029189591906141	-0.055642030452567694	-0.3063652352831258	-0.3964943762062899	-0.4241310905883238	-0.38609310823371273	0.006157564889578475	-0.16970990764623625	-0.11613333816933985	-0.6084512079477178	-0.4026004552286008	0.3881470037264539	0.47369754746033443	0.45313222588389196	-0.6949031468878911	-0.09705581549140055	0.4522357195333065	0.1423564283265663	0.1972533420036684	0.2679566740180342	0.11186937674882381	0.21634662890832482	0.04712029676077588	0.10046319403772841	-0.19995595113101747	-0.19661574281086078	0.48128691021908476	-0.4344137742830369	0.006456937379587721	0.10302741323765452	-0.13875887832199255	0.22044414635943277	0.10699353147372952	-0.38442243630793166	0.3618794061405087	-1.0896126443543632	0.4862908228404224	0.0649316313734212	-0.2830199987676072	-1.1539126804624749	0.25511942443054686	0.2609769983099832	-0.4076294059329845	-1.6439921230902794	-2.113969025685094	-0.19109497574356238	-0.7454184172278352	0.2578715004386013	-1.1982569998352601	-0.9808191776998345	-2.8111453953638623	-2.876473606020779	0.5462798746388006	-0.3851001912659434	0.9265812043762524	-0.8647078511936346	0.04873183356104194	0.0035582426231958175	-1.9548182351967807	-2.113969025685094	-0.8691286329139485	-1.1554742782552705	-0.1396385846227925	-2.0125134369488853	0.23828039160932057	-0.600348521194795	-0.21080649094545412	-0.19500293097201188	0.09492662169386791	-0.19083202716333056	-0.2145443898964998	-0.1530912777496765	0.10949253193363032	-0.07694924967979835	-0.2178504108346889	-0.4047911115472471	-0.22316224717548397	0.24091871634276146	0.4546526671266185	-0.46791032343666766	-0.14443072818220945	-0.014020462803527933	-0.18284682404561092	0.4397624370389805	0.03167796381407263	-0.2652314251976545	0.06841948860706176	0.0938478698805219	-0.13760883799752857	-0.38926709499497986	-0.24759486190531405	-0.2863460648833819	-0.18382905565929877	0.0051258263205510935	-0.2130545405364454	0.1847587889685692	0.11291083259510006	0.3508660725663734	0.06686083599815106	-0.276597516011121	0.17223461968783274	-0.07648493890109324	0.22503086192456562	-0.003904426249844511	0.04386567456295314	0.2200908143154655	0.4871750005562928	-0.0009059775121102362	0.1875142556580399	0.1477014576422039	-0.11360609649222336	0.2928825212140538	-0.08876065369692522	0.018828068162488346	0.27110026723397573	-0.30403400546227927	-0.4756610161463676	-1.216427725261364	-0.04142188793144828	-0.39796692717827675	-0.722899145272952	0.6526666438984231	0.3671514734313367	0.12614794297607637	-0.30141758122471746	-1.143219297224004	0.1660831843708815	-0.2693412815872	-1.0610670527622752	-1.1073430623271159	-0.051465398529444456	-0.6405783425527877	-0.39285247158836917	-0.22080824589274262	-1.268787498044095	-0.873810469516773	-0.9268827992969502	0.2477265442565646	0.6048973389240214	1.3790122158536475	0.751213149663479	0.05279464571779002	1.3317655807497804	-0.6177446491333751	-1.1073430623271159	-0.7284513480816007	-0.6877676538045192	-0.01928294189410229	-1.2889153884544449	0.10029823937728324	-0.7383488133615158
5032	replication	-0.28832190334448343	0.048047005481841494	0.20337244585894984	-0.40001334910823044	-0.40943643241227656	-0.4171562022775627	0.015296532612086486	-0.2173241971727372	0.08160060887775117	-0.17716390883205413	0.13667073978539393	-0.10344236942912907	0.7649604183266502	-0.4040976190345834	-0.5490493702460912	-0.42770594986457894	-0.06458548403307124	0.7399387563246743	-0.06405046349069785	-0.6628821780011099	-0.12749626287213012	-0.39024084363090505	-0.12226454394580205	0.2611766307685998	0.3229875943575682	0.6721146546696225	0.5428445469111752	-0.4137222965330624	0.10929766510156554	0.16273372937748465	0.43883778426127795	0.510810256619796	-0.05620179959782077	-0.6777955981045165	-0.6745352484141351	-0.02437698306501412	-0.3124651770534227	-0.21015588784412487	-0.17661477478413193	-0.013870902854211598	0.6148925021757239	-0.25515564608742564	0.14941804324980482	-0.0442124810737018	0.2260826494036684	0.3616271031298708	-0.07975703000495755	-0.0840473661882254	-0.7498603593202419	-0.143326597809968	0.23451559781023706	1.4205976200715522	0.27942265329234955	1.016090471814779	1.0816166020423266	1.3101118799421967	0.45536176327180933	1.137830135062871	0.582058298167701	0.7383657184557214	-0.5314645955844757	0.5166809490758871	0.149765396378361	-0.3910312053709518	0.6888465748495984	0.3041599214708148	-1.6478567015622603	-0.3885227851199248	-0.8437116982220957	-1.0467780278484484	-0.266720042880192	0.24580974759192734	-0.10023156420484092	0.18852857916474475	1.396999320513892	-0.797061821641228	-1.062845045151483	-1.0322927230421652	-0.3910312053709518	-0.7232504220463374	0.3136701169272975	0.11508946784810986	-0.3164490125034063	0.27157042633721407	-0.422030848918678	0.1016130574780618	0.2762185045926899	0.26713736164991664	0.1161687271822164	-0.07673939524690997	-0.15626362730523288	0.07356973807902822	0.03187206256003636	0.0873835487710056	0.15325267857908098	0.1803371537176449	0.1806885265878328	0.19844323648683318	0.12321978941755256	-0.1164743707959419	-0.013763943711314822	0.08444554578358392	-0.05534338994495645	0.1366547119739777	-0.1762556092265814	-0.02057423788574416	0.16412732066877786	0.10577712608319562	0.11697836379160764	0.14354206096065034	-0.030291935466853725	0.1091443281000297	-0.15648894898230914	0.19249784467755376	-0.18254667123073964	0.31389828130060954	0.5491253873449048	0.3544355768764684	-0.07653501659009625	-0.12510801084021245	0.3826180379431004	0.030268972248291955	0.25874547285838	0.0361539301528987	0.22079596620038155	0.3004087387585711	-0.10988291530222315	-0.08777568410709786	-0.05869734100819094	-0.08653280073636027	0.2868730584907978	0.10459999231168678	0.03612511951106413	-0.06314468534123052	0.06482708856927984	0.0014879865799542896	-0.565634140705711	-0.6991240696590292	-0.1349262842696915	0.285544745346801	0.14299839866071776	0.025509967659123306	1.4183425747563037	1.3570503012868593	-0.23067997024878478	0.2145021243499933	-0.6044465611902088	0.7056755238579798	-0.39140430063360526	1.1138725873662247	-0.3231606353711849	-0.5075173690219567	-0.44446716542942044	-0.1421812833935752	-0.7077005594739962	-0.32028113688238335	1.4223732491695638	-0.7709509127307153	0.6563966700007862	-0.6720167762986848	-1.0188246626649455	0.5738374947699741	-0.12039502780559008	-0.39140430063360526	0.06512216667288848	-0.023259769332472202	0.4324375513748316	0.5949809726940236	-0.895230596212132	-0.08668091557206484
5033	replication	-0.18551314179280676	-0.0969543016577522	-0.21292767973401508	0.07826786418217664	-0.05105709762502737	-0.012078787506717491	-0.2727414270507462	-0.34838235805537054	-0.3890479417142413	-0.1475952781348277	-0.31358197839610163	0.24431669821814486	0.5421656113315669	0.17906750885878084	-0.04769849798353643	-0.07023453906089637	-0.1912707090738472	0.41640716118283616	0.011471766648222644	-0.12704744045785601	-0.30480788096445827	-0.2084506397644536	-0.2109812132775179	-0.20458974211054032	-0.21103596781329984	-0.38931551013054266	-0.2822455440604441	-0.09849404356500369	-0.16022471689578086	-0.010061511303746036	-0.16751191598730703	0.25015141684119874	0.4426561822529726	-0.1247930711588227	-0.0981925985377206	0.08334053614929067	-0.03509798191943868	0.10576025114666801	-0.297939588310816	-0.14530431489867826	-0.3321227316850448	0.07062833820232955	-0.05622385746390752	-0.079252324439435	-0.37327143535405627	-0.040319793396260586	-0.03429832155353164	-0.017560873733123365	-0.12947403921257203	-0.05454845689623427	-0.6284789678630782	-1.6614997677328862	-1.4366141764858689	-0.33253000341019445	-0.9589628387848821	-1.89057773263029	-1.3687537158212644	1.2277027146676154	-0.029299366415830048	-0.7523523078077243	-1.1321902076331352	0.44612932519974646	-0.4941990916410616	-0.07484081418071237	-0.21160017913642132	-0.886375404738968	0.05803804431809685	0.22894282111005312	-0.5018713045823154	0.03725858120205543	0.10492320994289117	-0.5047575787396176	0.9653360798232171	0.14618551466918883	0.4292942891515106	-0.20245494280003917	0.7508164841344187	-0.12771418082569785	-0.07484081418071237	-0.17879398022267226	-0.1335144082629493	-0.297982900373319	0.5610675233392337	-2.043174912030609	-0.4259873643640738	-0.37175097584457817	0.022722213315055986	-0.1611370051021347	-0.3545798579086206	-0.27587950393031746	-0.24654758261467347	-0.17810157736000062	-0.1073740432607219	-0.3559102802866296	-0.3173488590479426	-0.20867478659105332	0.058987552648352454	-0.34436648016346083	-0.46308203655298685	-0.2634492612065925	-0.3474874304841786	-0.198589950880758	-0.42204402066221297	-0.21419125328427607	-0.28580148804800803	-0.12395339072025958	-0.05640773345193223	-0.1773297703894723	-0.1225080509512888	-0.09886322860336118	-0.30411981814762334	-0.10485488093963564	-0.11746166051550283	-0.1469274616582379	-0.19114482706871322	-0.17259100597086247	0.15243641569978675	0.09384825714726537	-0.4824625711938323	-0.199902952361104	0.020777156439572595	-0.0868654911191866	-0.20929957543469252	-0.0880117645408526	0.022187230347905762	0.29641252128431494	-0.11079629099050764	-0.13124850643907213	-0.26929583777906285	-0.17506062113996868	0.07902932813744933	-0.11111206022664707	-0.33547390866979526	-0.15151145332996632	-0.23186980580281014	-0.2052673213158212	-0.06951001572228604	0.2628226157506784	-1.0728567949685734	-0.18630700744632697	-0.38409207786807514	0.2591838363265757	1.365319391848623	-0.23024787696736904	-0.30006278663188746	-0.12104430061491489	-0.8951313248498435	-0.5423458954138503	-1.0179732861328405	0.2054496320213295	-1.2525357742446375	-0.4122988716907702	-0.8146657381213364	-0.22157681961022097	-1.2713934790862647	-1.1540185302832833	-0.24490843804167256	0.09408937901880227	0.34038673264750113	-2.075330007137062	-0.5037388683046106	-0.05548003693511759	-0.9586704969755248	-1.0179732861328405	0.11443006935089081	-0.22037337471113297	0.18575845390284604	-0.4238991050859023	-1.266279746812155	0.23920783116737102
5034	replication	-0.14318024848738142	0.3608692110252179	0.03248534516110153	-0.3328038499576066	-0.2946044995452044	0.08820879953377851	0.163046509618037	0.18779927881852435	-0.17018980799312272	-0.1426120005279196	0.1838058754119322	-0.2576933347969327	-0.9801546097454299	-0.44155550317230186	0.13415252328392924	0.032542207924045	-0.18612233985244797	-0.7390389025027406	-0.21781207579279702	0.06708468593553875	0.11141084085681491	0.06250520260776976	0.2798715226726359	0.38656246745345524	0.512629267833357	0.331016775804751	0.35267521681071146	0.22661676335468856	0.17407100239456924	-0.27458745998331135	-0.3685828923402045	-0.866314723886966	-0.8276804948720585	-0.07488088510176126	0.12021611946333367	-0.220480826751115	0.17800899448011906	-0.021833911108581718	-0.016083571671730676	-0.12596870552234304	-0.08745467277470936	-0.2939337327125129	-0.20297378884874387	0.029472891817018808	0.4953524851698308	-0.1890409511090583	-0.1862968420774623	-0.008389672910864216	-0.17442828192060314	-0.005543997468942248	0.8608389073122665	0.8075439471192755	-0.3291256743060251	0.5354551899982186	0.21912033936945538	0.20442574401466151	0.25022466316154013	-0.07238300325736846	-0.6963280026482558	1.3804074111852114	0.24559700142329777	-0.46232713644590134	-0.18808057216893337	-0.5747547717596118	0.12370635045098904	-0.46007722772911264	-0.006870732555986442	-0.24017278339378056	-1.7499952457466583	-1.8061554902105432	-0.7539383974057394	-0.47710981130409363	0.22292469102879495	-0.2612203702204554	-1.3517634645067573	0.2869902792353374	-1.5045617947409111	-1.1252333352907387	-0.5747547717596118	1.5243142284990137	0.6850313206590708	0.46089297125142364	0.13847622914469082	0.5441391373643572	1.2761017705866164	-0.3790092197924611	-0.13924533266988945	-0.25294339737180765	-0.25473273591479856	-0.310106918225244	-0.21737170552179416	-0.13893634991372528	-0.18957284556124643	-0.5277653375816649	-0.381695427963127	-0.3012502792556904	-0.23877291858621816	-0.05287494328550326	-0.20230306556323976	-0.21742218138235414	-0.22777674740796922	-0.35204687200817547	0.02614673890838039	-0.22734979779704467	-0.15724490960716625	-0.13436359216379676	-0.16154902812669766	-0.19383504376422184	-0.07762418149156891	-0.10365073608518248	-0.16313393082235803	-0.16147451335055632	0.1370704129143035	-0.1705171652578914	0.046382482045210366	-0.4842535758276062	-0.5597924801595391	-0.3715008097537151	-0.07461192604511278	-0.2583689789064937	-0.4748721259265153	-0.11383013899261492	-0.22559892821152625	-0.2783661482893469	-0.23592603751966765	-0.09142834026203363	-0.36445015548532045	0.018932116921149236	-0.4052888281034609	-0.2713773039160378	-0.24024964734516646	-0.06403355049852985	-0.30490852132815316	-0.16606420126819907	-0.22498648823071096	-0.35597456159397	0.6769804591942578	-0.36106233262318393	-0.04096405044599173	-0.4320789801861214	-0.41178839433781844	0.12651693178044862	-0.23473451804281806	-0.43652078417332985	-0.04619012278575606	-0.5855370914287931	-0.28978675024521844	0.1248702457402975	-0.4291006222033662	-0.2928178423175358	-0.41314380032518805	-0.5013118671328574	-0.6170320628853779	-0.7778092840450939	0.5432918316047002	0.5422172754595773	-0.5572347878249504	0.5082974199953526	-0.23824213408486694	0.4627548294331444	-0.7617455989541333	-0.3068802671948597	0.22230232103342282	-0.4291006222033662	0.08372413408326475	-0.3040492425296915	-0.20465306907686376	-0.5209535194125474	-0.05437216701921688	0.22339326421944358
5035	replication	-0.25551358038733474	0.12773136542143015	0.18348176278474548	-0.0686335304131027	0.028878640066176024	-0.1429459166791662	-0.09343523572357613	0.16731343727317782	-0.1841675314757999	0.058524473936128155	0.011050345734293482	-0.28333524256292314	-0.38398860967008397	0.20777676483957058	0.06552894569985178	0.09252861465321008	-0.2471302475218547	-0.32947460486653957	-0.34178236803349266	0.16950143696663317	0.05747087005562738	-0.02386584376107973	0.1954645742496276	0.12783055903159177	0.10649165104492209	0.05062137967604055	0.09159215751418255	0.16727189163032966	0.18624569714918582	-0.003485453958629986	-0.29963726328417994	-0.6341603917828246	-0.5126087003521785	0.18522443837073385	-0.04769754900014094	-0.5210882904764594	-0.16212560452320493	-0.004024953535675101	-0.11740900770815343	-0.025373626100953055	-0.05243923367917202	-0.24291125652491413	-0.0660775376314359	0.1426350098776505	0.030443908286985823	-0.3578770261077873	0.1131472660646357	-0.1214691668959648	-0.2935809868023585	-0.24211634056915216	-0.19192285628780625	-0.0759792723103479	-0.2200278395779883	0.09145229904918618	0.8814317386618183	-0.04852453145322307	-0.07171982169852958	-0.03581401211502729	-0.2067196501734431	-0.40509066237174407	0.4536537194128069	-0.46396294681529965	0.3820930141681049	0.17125910286669993	-0.7687138214117173	-0.6600600417714602	-0.41334544292181263	0.6473580033482441	-0.15214012051888598	0.061293300195872855	0.426263791378425	-0.8622455938061457	0.16879808757496267	-1.2496441675949077	-0.9698145119465638	-0.05070198187686059	-0.154274698561259	-0.04333076327513026	0.17125910286669993	0.9923682104575905	-0.31534959488543596	1.0665016509514487	0.07880928878866031	-1.125343119064754	-0.6411963441734843	-0.23948655698722912	-0.35307148119667886	-0.02980453080771291	-0.13351333842770502	0.02613209973143499	-0.10901983598328932	-0.2751392179458493	-0.2881007323305255	-0.1926581123884152	-0.15718438954878666	-0.15550036786945803	-0.33270891398689884	-0.8497037639853807	-0.032145626549803866	-0.00670290017192224	-0.07423785366625592	-0.3331822679072531	-0.7321422113563016	-0.25558150947543057	0.02639466274674136	-0.09110589124932689	-0.06271456183841834	-0.15233550679199584	-0.07318227216502861	-0.17252277350871065	0.25303931232226634	0.042270748037062704	0.09396943639373281	-0.08896367602705461	-0.3419007038223626	-0.3293165174141407	-0.5040476106062778	-0.015938326803573554	0.22891656055243031	0.136820564650524	-0.3471362687402641	-0.22739719332123148	-0.1556183721094362	-0.32510238557257654	-0.06157944432624192	-0.3433454741301316	-0.17816883339191028	-0.4897893425179739	-0.03367171960439109	-0.17905083912770461	-0.061114362013734456	-0.20329402095150212	-0.06731608795644237	0.11867198077474356	-0.1944950025450092	-0.03320039785491753	0.3609805741704819	-0.20855945814171353	1.0450007237220764	-0.19509283068347819	-0.24983069295600233	0.3907620838171643	-0.257941258385989	-0.2307870118087966	-0.09479631611223939	-0.5530342657920316	-1.108071228171157	0.04046363748816462	0.1587864813309138	-0.03611218060947188	-0.7862691049699632	-0.44847561795300916	-0.4337635821148802	0.4300863941945251	-0.277159889827889	0.4344513042384821	-0.8756900202269848	0.5883268840672856	-0.7104089200927104	-2.6657569835351453	-0.657027725285739	-0.14875895815683568	-0.5044048495329914	0.1587864813309138	-0.7693449384085238	-1.0887834707495219	0.6098400658485836	-0.2527436217751285	-0.8479895582437958	-0.511874407659316
5036	replication	-0.14819130249768941	0.08560051460395772	-0.053132923512973475	-0.05592555699147881	0.05654821354092726	0.1994906233469681	-0.027118444045920072	-0.132080868197083	-0.23386193164821567	0.004504124692276126	-0.02007762544828223	-0.00998352928451417	0.17141281325320984	-0.03242934366081315	0.03177663082751881	0.03169371371544097	-0.2714487609272813	0.1760411076966653	-0.08189879990627481	0.0963628400318566	-0.07798507789729586	-0.17546927857565497	0.1242961560754765	0.03624409617568536	0.07579541796655061	0.11492400878889905	0.12721859364133778	0.18679050950194506	0.02193008988772887	0.0521493927976681	-0.1626524293043225	-0.062396838796417595	0.21075549843879166	0.04366859932142589	0.11573277677377197	-0.17826612049011317	-0.02314462400210701	-0.11669854607983147	-0.1882120321358421	-0.00997985526671744	-0.1777477398335743	-0.2681959153576368	0.04395631709178611	-0.22950538731826062	-0.0006435666236044463	-0.051044610500201815	-0.0684005843915874	-0.06879450306183212	0.024289391581070758	-0.07090607806656196	0.18898325924175005	0.344419685653051	-0.1853905281453572	0.31913638161347285	-0.20898910993486494	0.0781435988299914	0.03230289365521041	-0.4581119593615554	-0.46643388857753615	0.3349789888980653	-0.04314319939272979	0.3463837967592822	-0.38950862374064027	-0.5900043388197053	-0.38171659650063816	0.38831252049527465	0.021121796891354502	-0.31928586106237655	0.17180524016642099	0.2643813320329766	0.00017214401570410376	0.17084708563738057	-0.3575573965397559	-0.3346346598425378	0.40407770804212323	-0.4622424396052936	-0.6508457428212674	0.32524052369840184	-0.5900043388197053	0.28717674620654154	-0.21071217420347657	-0.07165099113115403	0.10970885185355927	0.4778389695116021	-0.40650502580203124	-0.3908925744909664	-0.13745530718026655	-0.07232151019431553	0.2603005988203248	0.014971727250829644	0.07775056428818847	-0.0077182261118695665	-0.16534798006614257	-0.3912737372666885	0.14576271590144255	-0.0750550638775355	-0.11880847062402762	-0.2802247353033988	0.2533492662044782	0.10311356258279933	0.07000994700331835	-0.4083098711952394	-0.2552236502961568	-0.07530550020312027	-0.1336920534624756	0.03644191808228631	-0.04776370071650206	-0.054944954840232464	-0.2565064853055241	-0.11304965805681182	-0.5915263596018832	-0.3538115181243976	0.23882481032991898	-0.05007452849849778	-0.16926654995236043	-0.3346719371974518	-0.32786637942019353	-0.2808327344665602	0.10334293941215068	0.1030193752711106	-0.2336256937435516	0.10572419805371858	0.04763783681685437	-0.21080369016246622	-0.08089393078743551	-0.14631024194872844	-0.1289892464982934	-0.141924728335952	0.09696152919755091	-0.008548953402588239	-0.18364919631851911	0.059589348780347544	-0.06950054399711307	-0.01797574398850156	-0.09713420628614512	-0.7549326651742715	-0.4732259321518624	-0.0863219934326243	-1.0066373920358682	-1.0134877325995362	0.21458657623212074	-0.38639863285551035	-0.528322025404646	-0.13043773296798628	-0.802106433999223	0.3878017874520035	-1.0061905764471246	-0.7526469935776486	-0.491810172139056	-0.9271166784547842	-0.3038253832240112	0.3937584283976405	-0.05449921804744995	-0.2395455904007741	1.2223611411223436	0.4417615156605079	-0.3517755285811407	0.15633582622723102	-0.2611363395704883	-0.4260508353408685	0.13355629107826453	0.5963544921244756	1.2312183827279086	-0.491810172139056	0.1024519139714171	0.024888267844395573	0.06909555681334072	-0.1519909269506527	-0.6320980913320664	-0.33958952250011903
5038	replication	-0.15677021025523943	0.751252417693772	0.03429581203332817	0.4325176139796606	0.19719552276072214	0.21267215841087764	0.3044036780348738	0.01771946648412182	-0.12147865621066095	0.29906970936883087	0.4810629681977549	-0.21362486599952923	-0.0818726998619155	0.2711342346579464	-0.042682684773370776	-0.08984555711260497	-0.17790338077983672	0.08335719655600277	-0.07492363193571358	0.16414251631601776	-0.13000181249889517	-0.017226756559669446	0.4782105162329348	0.8701592495345088	0.8137128244703705	1.0476455389321782	1.0386667169920287	0.02676648259601364	0.5525783202639808	0.10501117091389799	-0.054919150605935066	-0.5489734019294095	-0.4642212154572007	0.08581729914296461	-0.0853917116930499	-0.5841748655324057	0.10246221907893109	-0.11449119091040297	-0.11779507851858953	-0.01557724773886393	0.03179143502107469	-0.06310118307692346	-0.13570985549281778	0.20886799112980742	0.5928368636272489	-0.032117037737420355	0.12234529913130923	0.04846045806851	-0.012056503077375767	-0.06298099393614173	0.24467155038765584	1.818001077698704	0.4523951153686512	0.9815917178838603	1.9495938488604325	0.4616220771316321	0.9122968423647417	-0.0476336235691062	0.7860312797291149	0.841290304815627	-1.7711972264788223	0.29708135027589794	0.8172339006416971	0.6013161894552711	0.5114223972714519	0.12514360693193943	-0.24955894059694692	0.0697059148486842	-0.8950574856727876	0.7547661931462541	0.6472807667321956	-0.39370046843202433	1.1743293339143874	0.8906049377189739	0.4835648655714005	-0.26907927631632594	-1.0995653202337283	0.7397731498633708	0.6013161894552711	1.4048048775306583	1.246767484656304	1.6492475793258188	1.5410860323764064	0.8665462722645854	1.110139378091803	-0.2250620489508128	0.11977881591600967	-0.021007060541807378	0.46781439949338605	0.16850559929990966	0.20589422011771016	0.053435246556768394	-0.11919888691118896	-0.44009701506916893	0.24460113410343293	0.029354534732122975	-0.5606663227254981	-0.6238631512174304	0.5387567591937715	0.04130754249919319	-0.03296076249006537	-0.40535024823191895	-0.4289596910156437	-0.1505404240305722	0.39716458295039453	-0.16200218008037134	0.11161975041404607	0.1283714496866101	0.15209763501969906	0.21574366991846983	-0.23006464650541644	0.05424563070224988	0.13261326030803924	0.29262790138879585	0.0813206324194566	-0.5069729628455406	-0.9198939256843078	-0.961350037081483	0.3079491544720061	0.31418327571480803	-0.634753441485921	-0.19363016985186132	-0.01841153579913172	-0.2970602748326314	-0.17522161690562474	0.02130089904885628	-0.4058431955581256	-0.2458837108664593	0.23038733731338865	0.05626398114538355	-0.3691922568234877	0.3052070418364133	-0.2528550650999768	0.06105594324984084	-0.2902300374718768	-0.519917723829515	0.18933805424147931	-0.404697544868412	0.23339469883094188	-0.6099436993890067	-0.6595085120317344	0.1784298232662473	-0.4776149594152284	0.49884606421612276	-0.524364814616622	-1.018758694993111	-1.066319712354115	0.717540249137008	0.9158976474555229	0.6496979446128996	-0.639548078889983	0.13833535807652236	0.5260314011643082	-0.5535394947426819	0.7569110943937926	0.932128959131843	0.4098191030365731	1.039144455828132	-0.891488742711707	-0.8009091727652735	0.016602996740556764	-0.450506100013407	0.9549542717591157	0.9158976474555229	0.3969996215519956	0.5763552452033108	0.3508922234589581	0.6615078422628198	-1.455151678061846	0.3876411616321031
5039	replication	-0.22914425824616932	-0.045248344610405444	-0.058078414229939375	-0.08805454499316394	-0.25018505663046775	-0.10948214632706248	-0.17178856490910593	0.1969634998331411	-0.024123143816934017	-0.08402818745440034	-0.11739211665062282	-0.2762152125275825	-0.7491661637883826	-0.12690444233565126	-0.028334853291909202	-0.13243375955344303	-0.24196634618698373	-0.6779933364655483	-0.3344824194872892	-0.1648497742451273	0.14338646581010753	-0.013129359115628242	-0.08437137272577247	-0.16269297572305022	-0.1289035024497357	-0.5857131547259559	-0.35001289351446574	0.15172511670397176	0.09707851239010244	-0.11823967329246707	-0.4000123914571841	-0.7811965625030929	-0.8456855641778631	-0.06973503053052023	-0.05694449966538406	-0.5147106526858057	-0.13704100615400952	-0.32676497652331954	-0.08212017522099745	-0.14505250762409727	-0.048803596598658454	-0.22400240648902184	-0.031562793528552305	0.17371386302257377	-0.06432521801345578	-0.45539241669853886	0.2802767818342498	-0.3385613669549163	-0.04053374002381583	-0.13074811616299944	-0.11995294796654468	-1.0268792015531405	-0.38601608639510343	-0.904247034657711	-1.1503673445422784	-0.44124314343985316	-0.13543626442849357	0.29915939673541087	0.49980274732714064	-0.3244301060413691	0.6231292898618558	-1.1459258179401868	-0.29065999000611753	0.24057029749469955	-0.2326592221657367	-0.3956919321701699	-0.31848802239601903	-0.5566886179874393	-0.38832123138571706	-0.19993248363568297	0.005874700049047554	-0.12267960052073879	0.6550299251886167	-0.325730262705316	-1.2521310327277844	0.23282022775751127	-1.3811286017048388	0.2438682290519562	0.24057029749469955	-0.15378071322357081	-0.45062426662435084	0.4898891044895509	-0.24225442711518705	0.5425600722846216	-0.27420994463991083	0.4667095839192372	-0.13709131960946822	0.17460909951203626	0.018538708606972043	-0.03356737138039174	-0.4143707594938902	-0.18974674809770062	0.5177514881827455	0.6363159797613209	0.20380155396102576	0.06557379166084813	-0.03959253594648135	-0.42936657593358046	0.1245444245554937	-0.07995140261484301	-0.05731234416379171	0.5236021589040121	-0.5144874413611693	-0.010019376805848763	-0.1308904683256338	0.07554772761634618	-0.059893071009797606	-0.05669415741369782	-0.04671926987884285	0.022888670684326002	-0.35710848514254934	-0.22997435845607805	-0.17554449187702842	0.10438630014790899	-0.1567367779669833	0.26545470345355027	-0.07434361250389258	0.02595658748381703	0.11653207432980897	-0.12405280780097262	0.5465715961945637	-0.17322551135744252	0.24538236956309717	0.42448702922652803	-0.12104134058576453	-0.010770189974108222	0.3189948949159157	-0.09318010598377462	0.009840951221419527	-0.2753582067527766	-0.07146526840138323	0.10707310887879616	-0.0408419613574712	-0.3385916290182071	0.3342606826864341	-0.23416562958266846	0.0347877830655681	-0.9771464680704494	0.04206358573048191	-0.6917327444360161	-0.9359258243806522	-0.4233129473218227	-0.056775051709544964	0.45718538803768594	-0.05055929236213581	-0.7990361256597382	-0.019417988249511575	0.37765855641285384	1.4878816977038205	0.18478516470073583	0.46667141608247187	0.8869872812206983	-1.0538708430166186	0.8738996399179584	0.07914022093899795	0.7133703645203424	-0.18451221937616513	-0.5291889185864198	-0.49206997859888046	-1.5235576425793835	-1.1638810469794367	-1.0701516331951622	0.19313432606930692	1.4878816977038205	0.1520216439605382	-0.2664953290641776	-0.5097536942373696	0.5214804729397396	-0.14137062025724934	-0.08493474742442579
5040	replication	-0.34077346825310034	-0.58555782119475	-0.22774926893655964	0.32390022396934215	0.11908477847516691	-0.38903683482520635	-0.3860620315411468	-0.2994230656818776	-0.13517564525339004	0.06306354565583576	-0.27189980817406206	-0.05855874521747419	0.7674808952761488	0.43542088967492854	-0.15749315810777867	-0.1483808338896467	-0.18964794547431785	0.9635103711792901	-0.09519739761058227	0.04614092136940564	-0.45634043875290825	-0.2402035803703587	-0.25118578274067477	-0.20830464294500683	-0.34401768928483756	-0.4637607121621502	-0.4991709132056623	-0.08676241942789166	-0.09979474334364692	0.34553584076601523	-0.1437172634344005	0.1869658277263576	0.9335991623800136	0.0784156775928041	-0.11918900253478451	-0.5667171704118827	-0.2714540924089792	-0.6722033688364019	-0.34208365789396217	-0.3400801082243688	-0.4299886349216926	-0.37681922947649077	0.25338087739461834	-0.17777143499247555	-0.39053072717988546	0.1365244734638896	0.11661214654694091	-0.12098776611039314	-0.28024230996437083	-0.1612858822425794	-0.7893134751543028	-1.1533945709680193	-1.2015526448768592	-0.10001433002570773	-1.399542830346251	-0.8577530223302111	-1.8386071680871778	-1.0977450898943732	-0.12630862462568848	-0.7164780890498732	-0.6858197229980405	1.0040188170497693	1.0997570161755337	0.21302528188197467	1.1226213036502657	-0.6490319222645116	-0.7924373608857049	1.3305631533251467	2.4530914587633244	0.9151838377146958	0.9185055696389837	-0.10364781855714328	0.9381696165114988	-0.3290945145156614	1.9869590930682315	-0.8343922525058953	0.5439964984124384	0.2995280619165652	0.21302528188197467	-1.178345727604723	-1.0507004459157134	-0.40483617184900267	-0.47574755597503887	-0.9190296187814018	-1.4879043823799827	-0.3956257909265528	0.13574804498112825	-0.4228750658516226	0.5527862472851306	-0.06832573529253899	-0.04974856240452091	-0.256982186260636	-0.019328316188005856	-0.33668069888398805	0.30045712686110815	0.07449678854394796	-0.6186911561131889	-0.8224027035029988	0.4966915632855839	-0.21674836001520023	-0.42148199896095395	-0.31897418218181706	-0.7871569199859028	-0.3537598428150092	0.21749202959780908	-0.5181876941403133	-0.2965908602615612	-0.03235498928925853	0.23393342747122609	0.23357738674948894	0.39410104688942094	0.22891788747508202	0.1207702419751946	0.2454335210984622	-0.3548654882694732	-0.8402061448646542	-1.560757706692683	-0.8621656090269421	0.18775532522599983	-0.16878883488868388	-1.0957690522873582	-0.4886363418564746	-0.7814875496404812	-0.43926462711202746	-0.8316145430835077	-0.6897862152827285	-0.785717650760545	-0.16097404805103505	-0.5246096307940423	-0.3653371343992355	-0.7141649565987692	0.14912369672886525	-0.4487085422044992	-0.38877763022321876	-0.13859998308713445	0.19751663240098183	0.19957657304477683	-1.7958565755507108	1.0279987854205472	0.6581564992207602	-1.4148522016846197	-0.8748162108411904	-0.879356065388853	0.89593825545147	0.5744572530209023	-2.0560240483923837	-0.7847390196894471	1.358437224071538	0.6798932740819095	1.0410275692822368	-0.5928606453991143	-1.197735099193272	0.23716869985403483	-0.39716157144013253	1.6530241956963034	1.2156923502962997	-0.8868079032080712	-0.9231405279751563	-1.235894948110818	-1.260559935656718	-0.859894291185327	-3.122738099963782	1.848681862301423	0.6798932740819095	0.3920950432833167	0.1298529999697684	0.8381635468651574	1.045494967366791	0.6157280412839603	1.0868566137801705
5041	replication	-0.0346664259642692	0.10799765361557642	0.01774441719070576	0.12231738571311136	0.001799669092953791	-0.0035051254202122435	0.03169761050224492	-0.14855188164156008	-0.15307108488333288	0.17730671257821062	0.1729860777235053	-0.13937291249281325	-0.016945080437789674	0.0702575486787303	-0.08222839844062348	-0.14394083694458842	-0.15084421755635677	-0.007470253220596932	0.06838579429260809	-0.18800316993111568	0.09174470092908796	0.05936785027343085	-0.00726916466622128	0.17648043047223358	0.24455914524767203	0.1479661173106938	0.19662199055882332	-0.0888422790631651	0.20233993750273185	0.019526453371295223	0.05928772325892748	-0.11941954985388686	-0.2838121964577148	-0.16734897568279747	-0.00584486942888187	0.0256890772042847	-0.06385090300956751	-0.13597395037337	-0.11578220538765378	-0.008840197645587938	0.17083810823957687	-0.024805940709641774	0.19169121829389502	-0.06477454850386538	0.08888043640280369	-0.13527772383238268	0.04774582196828833	-0.04960666324928001	-0.18209898257763651	-0.06276217279273508	0.11922389622941221	0.848598032201831	0.11855216446539281	0.4128077293314	0.10142658575176039	0.43305691854476763	0.4753227085761482	-0.5477153884327753	0.027751567034899633	0.32572228260537306	0.08509002825888479	-0.2548091622418316	0.22381494716478187	0.9790825827389295	0.2184737016054243	0.15977762911070964	-0.3700919258456733	-0.5425457271348156	-0.837470399243238	0.21926340114911574	0.42704159850237633	0.2162302264482137	-0.3876312606287762	-0.5321824789991221	0.09823404740183891	-0.7099451648931351	-1.4347059682008185	0.40454074266131285	0.9790825827389295	-0.20354595232367284	0.30919813981560607	-0.03863071503052723	-0.29831131389348037	0.642056412497951	0.38059684910188546	-0.10285085761725737	0.11763278956314177	-0.033268798851834876	0.5050996951583672	0.1665824540696635	-0.19860258695976085	0.017772785688711008	-0.07136436417448007	0.07284376365053447	0.5141508001354124	0.2758748325123142	-0.18145963407150806	-0.17663971171447812	0.656374103718295	-0.09320349219564744	-0.18806018382662235	-0.19784691105672014	-0.24905168900696156	-0.17919649807720703	0.28111751796556955	-0.09577674727357646	-6.483840743291175e-05	0.19855251233572976	0.28585898781549596	0.16342657689437443	0.20881847556941285	0.24512202714245127	-0.16090601525332082	0.378287924293489	0.00930637704635858	-0.1174306981498461	-0.18908296134221786	-0.12224495215755019	0.15402894470475356	-0.18271180689079317	-0.3943908005678736	-0.2932869377319769	0.2348407934749728	-0.17167780604658875	-0.10278519116424213	-0.00784685168527565	-0.04010372161411234	0.022566835284414184	0.04886387456523478	-0.09389987500047395	-0.025155439178400987	0.39945390761655714	-0.08107524191230815	-0.2833488833245491	-0.04115799432806549	-0.4657278227667978	0.45792347781189385	-1.032195751080625	0.3587341125924238	0.5582002367370519	-0.03889783364049206	0.3076011936667715	-0.16099539150973136	0.7146793518497305	-0.2892169110092771	-0.0908138048467283	0.010520480686768252	1.0778593105809988	1.111264288638657	-0.04251787923487732	0.5726387633216554	-0.4450982218632382	-0.5995010829793885	-1.351078102302562	0.9919214850624785	0.9109796285720217	-0.10937936891322876	-0.9066678736971561	-0.2707522200864164	-0.5968923892592981	-1.0741931282787012	-1.4562033874661693	1.4739751630816265	1.111264288638657	-0.10657743911537693	0.08078904985773522	0.012491715811786541	0.337877944358315	-0.27333274654806594	0.4445861046430046
5042	replication	-0.14015876505673647	-0.9670264346943179	-0.0034867407589568673	-0.13817957118878263	-0.18763340262306033	-0.2808732681340108	-0.24924926161446911	-0.11608335434463415	-0.3618367272551612	-0.1394577082717264	-0.5259026340907239	-0.1264896901075411	-0.21007974494084802	0.02951442876401381	0.03336328710609162	0.10523994704786276	-0.2976250233618938	-0.2283401006409574	-0.2471797782634722	-0.001249732390484512	0.18930579589444926	0.21630132705548896	-0.30635586333498943	-0.7157795471434739	-0.6187272766624045	-1.2130776312191034	-0.9754763735041644	-0.0463595377419349	-0.2854877730678092	0.12637276979658035	-0.43983776835882266	-0.29571558598194086	-0.5111481920465258	0.1704394352081144	-0.053256047308391036	-0.3090825665500015	-0.05719794581681901	0.2246417209106111	-0.28770225337469724	-0.04775216960557669	0.04287564494818524	-0.04896636591369196	0.0017629279848337348	0.2548104618190954	-0.19821570261919216	-0.30536346012510884	0.20971101217873292	-0.2488962119672762	-0.1896080369156588	-0.32189579055237194	-0.5446912849529342	-0.7696577611649484	-0.40735576248213895	-1.3680509687577302	-1.720110715514176	-0.09167656680912366	-0.49975800037443274	-0.43057791678579704	-0.3612432497575013	-0.8850572388707937	1.030426289540081	-0.5733701633368763	-0.16584336702638272	0.34922889350045544	-0.28173649007800516	-0.02932339141998902	0.4141398262511985	-0.00916975106007592	-0.22973616742536784	0.03249602110685383	-0.05899743600162996	-0.3423258204089521	-0.8624967996387759	-0.990200938524253	-0.4405640927640465	0.4111783279827311	0.8077176354828389	0.5956921446776947	0.34922889350045544	-3.0993298149469917	-2.9509860051782537	-1.4981168609612998	-1.796015229964786	-1.2216067974483735	-3.0196506845748665	-0.05800892049000167	-0.06133060163510549	-0.4981264620516703	0.2735661205047035	0.08756840161578809	-0.3742597996438336	-0.17516021576994983	-0.16295098493947488	-0.007336830541578496	0.22563716473056994	0.09132209080094	-0.1906287377540495	-0.48022045593133544	0.24444332761924567	-0.13695446346534787	-0.1518160264462349	-0.28327227867998817	-0.3924953718046736	-0.36612450779299893	-0.08154977242230471	-0.10789809176416895	0.07261977050089521	-0.09335748477713679	-0.005653098636366375	0.07196960515016139	-0.37084765477490905	-0.14906981244911144	-0.08252407533113239	0.005159425508480508	-0.044203347937838804	-0.37614159281994597	-0.6585771865157962	-0.13295666059431596	0.12553960770717673	-0.41279170637330953	-0.6880487631148072	-0.12288640504238028	-0.31588847658471564	-0.32763602818865234	-0.12378322817367486	-0.45280304676007266	-0.11298254359691276	-0.18864918236396086	-0.07626417616851346	0.00958651571900265	-0.2413310922936271	0.07271358973612371	-0.2238395939159244	-0.2848161776044254	-0.045690795278515856	-0.2517079245931928	-0.30562738926575966	-0.2086538362585443	-0.2897950579473436	-0.7753389108374932	0.5904471782746837	-0.11502034465444182	-0.5138306568231962	0.9254088747869732	-0.8244381587456879	0.3412623889643134	-0.7179425878843585	0.5721849399780898	0.8592165185689373	-0.09058901208068426	1.0529138331537486	-0.1884701774078852	-0.21102745606280962	0.24657906677491537	0.566568973259316	0.07303456133845948	0.3273282695347385	-0.6163244393222805	-0.21054694549466374	-1.0066149728815819	0.4435657949817013	-0.44044572511801405	0.6958330032755273	0.8592165185689373	-0.6600928069877149	-0.8768145092795185	0.576928863400423	0.7532099917157283	-0.4595196784535809	0.12437139646521712
5044	replication	-0.14773058075725515	-0.13970407436868384	-0.22511108875166436	0.4800812437408888	0.14892218652927852	-0.27676075560520863	-0.039639222164240595	-0.1687894178219534	-0.08672580764657861	0.237724022722113	-0.08208454598611231	0.27650205018086216	1.216544119894627	0.8307986881742211	-0.32108324525018056	-0.09210173914839677	0.08423559366731774	0.8919958938217292	0.0686884242279723	-0.2706603804051399	-0.21824027157748008	0.009347540685215903	-0.02534050499399831	-0.3255928840421582	-0.17352590568338108	-0.7887894649639801	-0.5323808077076814	-0.16174326893905516	0.012775277720495132	0.17942321109638823	0.059153197168692634	0.354792393061192	0.3279103532524694	0.3487258059772308	-0.3846715600464624	-0.32444580487561436	-0.1850192130293204	-0.07449351224620554	-0.05573570836729676	-0.24000363754661366	-0.2974394532183306	-0.10757122353728948	0.3397725327622722	-0.38447671107446396	-0.24298495440835052	0.0051560590710648885	0.004398576631526001	0.029420584589839295	-0.27454427765078254	-0.11064521191480978	-0.5832710724456484	-1.0285443204197102	-0.5617534928578297	-1.1869921389385467	-0.9623259385560795	-0.5933280905080539	-1.7133542560010977	-0.650872984224239	0.26031516609922384	-0.4264827194596839	0.21839650537965147	0.8933188633081416	1.4928885721122827	1.328483773664306	-0.022563536155842612	0.08177446197344157	-1.5745000553858088	0.6796690457934295	0.2382376903365509	1.6711119140888075	2.003774501095768	-1.3364897445601218	-0.48200011590159664	0.6081780286940444	1.7478293218074268	0.6083556333146757	1.6784076895158744	1.3155635520448639	1.328483773664306	-0.34020980802039713	-1.2718422597367838	0.5764877535250921	0.018983011485989465	-0.05909850905253555	-0.5279740260602556	-0.44180654412494375	0.4847805119424843	-0.35561554041699156	-0.05898423129472826	0.003106126041631428	-0.02642506945912012	0.016826603816411535	-0.09079703873157553	-0.3790148864912452	-0.16432262140016946	0.019686988186605053	-0.2958756114208617	-0.4739123508294548	-0.03988354265424503	-0.0028007922797441314	-0.022644982831222387	-0.4196799949497816	-0.2682295839268463	-0.24428215763609656	-0.014076811185202867	-0.23047240442152156	-0.06843200753950589	0.1296765173273632	0.5784600072963031	0.4486177540088814	0.41982682205797517	0.42307244895210927	0.12728775899656214	0.12870185625249944	-0.09027196811575104	-0.5424124641407521	-1.0099632286768123	-0.5602709610489518	0.07291281348504207	0.22185599704920944	-0.8241677268880996	0.09655486988414513	-0.8146969174364552	-0.3515850020971434	-0.06289433909722508	-0.5400851016351079	-0.42290316516148746	-0.30293010498769857	-0.24418847724436007	0.41898789521594676	-0.5505840198456694	-0.2525630347649879	-0.20348136819502968	0.3154868702864847	-0.16699921082744415	1.4143271769573675	1.6331671982059575	0.2552571451578643	0.35864565673197296	0.7547078333413858	-0.22873304622317622	0.5148291515824021	-0.24962087354768095	-0.1286607624662824	1.5160230586168997	-0.6015654693355112	-0.07160990900962816	0.21356995628769038	-0.10207799864160454	0.120393268870153	-0.16948851056243597	-0.15411320639185028	0.46916960851738787	-0.09928144794098542	0.560127001635186	0.08175796266308138	0.642938304527997	0.8367873241011556	-0.08650213217769927	-0.01653880859169133	-0.13400167066837382	0.03324210617386701	0.31372772435545776	-0.10207799864160454	1.32710336590341	1.0435952049515842	1.5568703060195523	0.7093200259188512	0.8248378702426127	0.6670843878216863
5045	replication	0.2030771318221915	0.04660201648267144	0.03922803635550297	0.19448539570921775	0.010481012516137549	-0.019390481954257303	-0.035083549869646	-0.12577728566311558	-0.19586302079453852	-0.008923815418320047	0.1514680195802742	-0.021436041546539542	0.17652118644720022	0.008079068846916018	0.029278327343443475	0.006940095003206881	0.024285531257744547	0.09470079187449151	0.056600253811220747	-0.07020084589519887	-0.12783174817924323	0.020409782669161363	0.0066335252230927365	0.016632372944202518	0.20815703311082226	-1.034469419040978	-0.467263552001405	-0.1289090641964258	0.13352430962738251	0.00801349392987981	0.14470089739262515	0.40465367344642383	0.43853685403397014	0.033823062223613275	0.1400163852508584	0.5540410538474752	-0.05171779921749438	-0.08862390249683688	-0.06199819466751043	0.01591884504745447	0.27179948196138237	0.03954623891815363	0.05606154406793236	0.09587814353249656	0.21958504304529786	0.20587532904630007	-0.058999029992909666	0.07152779596786553	-0.022246146142921086	0.05110162419435646	0.2604792309523928	1.3136800141275806	0.44979007979137636	-2.505989708675238	-0.4002563723044639	0.5922547923733577	-0.045864419033321	-0.6626566004038872	0.06440792235298287	0.6102994699101265	-0.4764140706761009	0.164473486089303	1.1127675529336267	0.33930514113197024	0.7221481775192055	0.3912102248835887	0.028693783083489882	-0.16816982768418343	0.34554210879196223	-0.3941005930034873	-0.00609732858573396	-0.019100118600468452	-0.8344802058624512	-0.2637871420931541	0.5049054939816386	-0.03811106978267234	-0.9552820845483521	-0.34252570028817353	0.33930514113197024	-0.34594323665255194	0.10700745954065277	0.5270479245825158	0.08078961086317808	-0.254556494449928	0.2186568652695699	0.0804729501795212	0.10992818541230569	0.01776584515720778	-0.6294531283171719	-0.18359280263737246	-0.03698611394507759	-0.03241138676216677	0.36552412964386444	0.10768374984343164	-0.330785706434539	-0.004896867337724764	0.24980332548027673	0.12433774155090394	-0.5388651970738038	0.00179414577797386	0.11418117041340259	0.22931970715113292	0.00762551748989955	0.0929148716015776	-0.2020170288415003	-0.008383973987298562	-0.032599591402137314	-0.07611928533737351	0.09917954991328466	0.0200808365963074	0.0629095565994106	0.04007582078502971	0.046967542805592136	-0.07396228086911277	-0.13192997711508228	0.2558979433141156	0.23775765693305306	0.1239918097031387	-0.18830299235868384	0.010984031556467388	0.35969148360279035	0.14036112876895068	-0.2606128628590276	0.3201280180469752	0.019988449670068718	0.16896136550304824	0.12890152200627406	0.08590177908415693	-0.25013780938569874	0.05157020595295008	0.05434204391595261	-0.2764267519340781	0.033101527130940465	-0.07697483194074417	0.16650003599310012	0.5362694760050941	1.043505107806563	0.05812398303921987	-0.8561872795436596	1.8623467304781915	0.09079123740365425	0.5712238961590944	0.010036991280011823	-0.610489885425923	0.8736086554418679	0.5582651944899594	0.28593676643599186	0.007111375552498855	-1.049654187310371	0.02534554455374416	0.3209171416704111	0.3297483497718884	-0.06544878820618831	-0.01118394721986024	-0.9987674499493959	-0.705845552955727	0.2724412110535682	-0.34885964154178367	0.42024969957529623	-0.10909266322037664	0.5672719711135223	0.5371659988704918	-0.9766982285904429	-1.049654187310371	0.6464730113133206	1.237788378398801	0.4431681663074978	-0.5644813169823419	-0.4657612873812027	0.6266457528928676
5046	replication	-0.28137865177282234	0.20283099628863374	0.1673616773610521	0.34487161864334587	0.11822395209898365	0.17206522125804816	0.22206167254282688	-0.14586100479462208	0.014219044372583707	-0.026696903229479364	0.03173444154606928	0.13952153032062747	0.8164190381799786	0.2990600406066273	0.03784562728537285	0.07364283019435569	-0.23681492105493637	0.7200551509379736	-0.11840315986921604	0.14594287663225344	-0.043379551056961875	0.16745200395416354	0.24646278327845497	0.050564560441002764	0.17854206227871006	-0.5313036577346337	-0.12744713239106886	-0.11559063138497422	0.14902121543117894	0.4034641739438865	0.09431793350010045	0.23671677297595115	0.5153977820870609	-0.04545581468345155	-0.03948299850622912	-0.522205644260573	0.0891371817676693	0.024148480031893	-0.15254080972540052	0.12235232191380879	0.05966785489010723	-0.16195976722575253	0.05213155473838602	0.19126859512112307	0.5400967070697632	0.1659992237873024	0.2776953921414339	-0.03891970922179725	0.03795437238366228	-0.2899920973427806	-0.8123027370607397	-0.5207510266704246	1.8821838587925404	-1.3646105669409494	-0.4453518992055603	-0.7759601662542542	0.06702509843250054	1.3338741212986431	0.5932438720177255	-0.6180623843387372	0.1668101468086741	0.5873203321424044	1.1595116628674647	-0.6526278706580791	0.7029619879316764	-0.7129023968200123	0.4513505160918906	1.13167748713703	0.2184923738441779	0.8340564789655671	-0.16504222972108434	-0.890180527028323	-0.16763036470351494	0.15843958279468212	1.3873173387092352	1.3208713743377007	1.1259796374790132	1.0278643696190986	-0.6526278706580791	-0.6393677161650627	-1.7676649738561465	0.6799026723823195	-0.242775055750408	-1.7012466595721354	-0.9415668323686655	-0.3244698478073551	0.7891112899657767	-0.14614942367658817	-0.2906124483786988	0.13605911531296075	0.0481649575248846	0.21882592345306084	-0.26082260520774325	-0.28310605085416696	-0.36065946795868653	0.22084400805760432	0.37899946096880555	0.8049277091801362	-0.5544467642984031	-0.07423597827639683	0.12563788988960825	-0.3014396363843702	0.8080543172546909	0.04545982577418263	-0.28557929558832423	-0.02233570377357788	-0.0032230430086659084	0.27746441051513726	0.8103381220651628	0.5746095154272677	0.6874029308333648	0.7855641548380478	-0.2157136588991145	-0.017386890878382598	0.4917528138952435	0.19191597012261513	0.3940739078081982	0.46764248497991184	-0.4202390976816212	-0.06996450733576731	-0.04713181313532831	0.27767759693324523	-0.27516234592298855	-0.26073923733224436	0.5863107599024922	0.15535639021164627	-0.056477697452614446	-0.05178627037667415	0.0469697935310145	0.6369677841487954	0.3268536045418404	-0.41770249481987426	0.1096245832632588	0.0222782777959437	-0.27367508332063156	1.9000303327436907	1.7002021071208313	2.032995107997401	-0.03298363406254936	0.7639526984646204	1.6585623946904053	1.8599594596588225	1.7511906240280617	0.06767951302890991	1.9884286327854672	-0.14022518604989223	1.6433324736758135	-0.382305311236006	-1.3248288865557942	-0.1294205950847509	-0.7215281328220885	-0.005252083270191499	-0.07098596834858506	0.6927228264385894	-0.8404144113872363	-1.6155090316507863	0.45754662197293494	0.3725770096130737	1.0676326988818632	1.4324257624457024	0.1734842666708984	1.5253003987983333	-0.8662607871307932	-1.3248288865557942	1.269308301046723	1.1428435519236548	1.539489341362251	0.10183206254051624	-2.0997328079096556	0.07606001405857755
60006	replication	0.34227554908764896	-0.05810502192008487	0.09362474813496861	0.407786071639548	0.018364745285936963	0.32349332916315643	0.08585207233516105	0.6609637225376628	-0.1502312671027371	0.14625496627085705	-0.19803146238691774	-0.058844690333632446	0.1067840332629017	0.47371782403563445	0.06818411352302192	0.11606126951868986	0.5218948936982161	-0.05892386524411015	0.11147371833571595	0.3542486204080502	-0.17029294978257514	0.13414129631280586	-0.052427197808254764	-0.42806015412386017	-0.4535280328492101	-0.1444923774378042	-0.20927656622934254	0.22872889528931162	0.011139656126484194	-0.12437444115604022	-0.3875670901811594	-0.1789112314473681	-0.20353929803344317	0.2245887193388251	0.11074326483764597	0.02010153250149643	-0.09906060915515226	0.39520729373435665	0.48823679171880463	-0.528743826497666	-0.08409326271104656	-0.07177946397797191	0.12173743600992808	-0.30107558620528035	-0.4456524983691874	-0.44678922830990025	0.24917975508778337	-0.15609226440423632	-0.10466116629938359	0.20261195806115284	-0.6896859839827915	-1.5309716072371653	-0.9708763489656365	-0.04201248405718706	-0.29105066666836005	-1.8209823292315566	-0.45961198535181347	0.8887970447077462	0.4132601237607712	-0.6419749270235798	0.32769680349906166	-0.32696379808704085	0.002227439018585242	0.5348060383913001	-1.395536377744305	-0.9401336469012997	0.2979345963575537	0.35559673979959716	-0.6124901809925261	-0.004868988630951712	0.9730295885625855	-0.9897967261996709	1.04200610587993	0.8853520886064254	1.066751173133295	0.44392495700950396	0.4352032588191466	0.04103705580335189	0.5348060383913001	0.5576096657211109	0.3987265682212071	-0.5448272998906304	-0.34126026261407394	-0.7837457819125012	0.09090816369575895	0.702053043228318	0.22722125889527467	0.2198424833019461	0.89580987624947	0.10147183140933731	0.40146964195208135	0.10705385047315967	0.35379069270331526	0.161939338297085	0.4256976487941458	0.10081424831913645	0.03386592985631963	-0.1820561844693913	0.726505835963167	-0.043184633400030696	-0.02105287953832973	0.5976220837361952	-0.37726240555881446	0.3538546193305176	0.5034892972257071	-0.37366028427169706	0.23262061025777558	0.19217685544693347	-0.1245662776376695	-0.06433308856109822	0.03740200179510134	0.042320346414829596	0.10280236637655922	0.346664912764735	-0.3306941457259952	0.06347204750152889	0.06387084700570528	0.007230540157933019	0.3685517661698743	0.03838095345194009	0.7635025740346977	-0.20955534940360712	0.7580090204900404	0.3524651796957384	-0.538013380963331	-0.1370911846052753	0.28228924208154726	-0.03482475703275819	-0.2991999115560366	-0.11252914657782404	-0.11214553265582046	0.19228763349046094	0.013375412490304047	-0.37092151408297236	0.2849698273091584	-0.800005384585929	-0.07518766347507937	-0.3668187899171276	0.697318142724901	0.207663245688677	-1.4855085929299534	-1.1018628108222057	0.7436764231400098	0.9379291984325347	-0.5227096003011302	-2.1285121199463	-0.5395862874869648	1.189480329422028	1.7459770661915033	1.1969431652710605	-0.7178187772965967	0.0853901587786231	0.18893440074113374	0.21922327107769402	0.29534359427816204	1.2648154298994876	-0.9185295261796034	-0.2548313096312845	-0.4689707220161558	-0.378798385217966	0.6281202519864325	-0.3812563088862434	0.31030057018362084	1.7459770661915033	-0.2866658545210721	0.6174023018616659	0.7246121841627918	1.3130001232548265	-0.5145658398084576	1.0610636685413943
60008	replication	0.044036296226498746	0.11808962162171271	0.05923008338029074	-0.27297807878360286	-0.06764120109602877	-0.175224068602808	0.142545899982417	-0.0951157290551752	0.2346099178606196	-0.23340076145249247	0.1909153834345828	0.0950619343915744	-0.19046148253540654	-0.6373281000392643	0.10538609592539554	0.09781354441917564	0.06207631739065395	-0.11478689943063919	0.14688309007731426	0.0431868285414021	0.2967983643018593	0.06589232575275769	-0.04660987655703641	0.24501407810897988	0.06174584009429276	1.0092271694285353	0.5892502014710286	-0.1591169739052447	-0.18895774491641323	-0.06738951887545121	0.4321372521175416	0.3921237160605576	0.445433704962064	-0.45500497382762334	0.17672002895897856	0.4513407907608253	0.2129301482257163	0.04703784512094806	0.22651101872405233	0.27315128279784634	0.3720857019767376	0.25794556548611625	-0.18911484105402335	0.14904241606890706	0.1629423973522196	0.4146418244682009	-0.21222624265273646	0.181063442698627	0.15067576956654824	0.09325291490199737	0.5134226374121408	0.4859211662876562	0.44235101764942936	1.4254870440599312	0.8469571064350526	0.35334581204729293	1.0363310273526813	1.5769145988814721	-0.9254831181625668	-0.15736988480707723	0.7997212543974848	-0.1267384582649065	-0.453653468155197	-0.6454139564212601	0.27784498097437255	0.0059171172348184975	0.5242707684043064	-0.285157653407643	0.2543628258210807	-1.0351081071206547	-1.392262479975925	0.28048586261967623	0.3380322006521129	0.7294877469452705	-0.7855475573773956	1.1389470933703363	0.07373995735660331	-1.4147284519556111	-0.6454139564212601	-0.1599032072964009	0.5907296578375838	0.8115763022707916	-0.32992540400955345	1.430954888330331	0.20020094612341843	0.19327737671392387	0.44638018008542274	0.34915798147239596	-0.484724697796653	0.2256128768148094	0.39397252863641163	0.3697615442795292	-0.019683917273417114	0.18301633766205955	-0.21314133226238546	0.2158668857197439	0.6374278780456838	0.3908309011779269	-0.7721778118051039	0.27957407685806607	0.323143823524312	0.2839628002451823	0.3679905876039406	0.5131738038151824	-0.3102973566216874	0.2734157294045145	0.2324675827784791	0.2517930402947926	0.3977775587384841	0.29506271030068465	0.6428893494016126	0.571582420742379	-0.10585766987320525	-0.12875485963205985	0.11406432303366491	0.6898588834917185	1.3388347740476996	1.029477755253515	-0.3000847847181381	0.0874423954667802	1.042174046634642	0.3803447003463024	0.03261730490138754	0.4116085205091291	0.6886425263053061	0.7993829939580847	0.34278362778848864	0.04138802147576464	0.2141931523185026	0.41407943910285244	0.6663054535510476	-0.22071008154973795	0.4161561287432952	0.023227243087489514	0.130924427552909	0.5702310141473242	0.15060995253281373	2.981532556995507	0.35077104169436113	0.7799309753481154	0.13830835299713815	1.285727772269596	1.6569045939801523	-1.1326589001216203	-0.30353497695544457	1.270383949606985	0.41282888755227676	-0.1537732933038322	-0.5859045276882899	0.4983758821831026	-0.9440954417125786	0.42396077974259094	0.9577154522762517	0.26907321878802243	-1.9467311643572827	-1.4993848154778184	-0.9355206892246415	1.310624222445544	0.324219620982938	0.3810567797078806	-0.3207355518467425	1.0189557490197052	-1.5347278853861601	-0.5859045276882899	1.4259838080204714	1.3474181201081619	0.3281005596020441	-1.8616792879647042	0.4086208136312472	0.27259565519747075
60013	replication	0.3251385016616468	0.8018563346362431	0.5519531876445861	0.5164187693493567	0.5823488800916632	0.1637177610866816	0.4741018317097916	-0.3980584012409424	0.2822915967846548	0.44075399805375465	0.555481568390378	0.35076397610314053	0.6185750620581366	0.4929924947677845	0.034547303933529484	0.01037448271164789	0.227919413387095	0.7352582661775313	0.5188279984775266	0.5837619220243481	-0.0900079006006951	0.08936795808216444	0.550498777290983	0.9334992996123898	0.6898885945289526	0.06411850387990778	0.3859230405636034	-0.48219033124536254	0.32630384307617527	0.34851801510092395	0.945181876362181	1.440291682432913	1.5266289549665824	-0.1046777004033285	-0.12005137703941027	0.9422772493913922	0.05455952165228954	0.25248347882309446	0.1325489549726117	0.602605178241333	0.6803533393727473	0.6115198679432842	-0.0639695740540998	0.4318618017000587	0.5015745780971971	1.1902102830656254	0.11865017479940822	0.611189952769405	0.057064369305522375	0.25661565865923386	0.6233409911947073	1.5205324140387884	1.2655040060934521	-0.4449986118264781	1.0334929067633627	0.8109090133144639	0.2017373364047348	-0.6877961865092646	0.9908203061581576	0.7762134152362226	-1.7513572917206675	1.3342817389646748	0.8132747931675062	0.886561560428073	1.2139781915613856	0.7838864013441446	-1.2660334060099458	-0.27956779054118186	0.9781793032899591	0.6650396504556817	0.30120404520988003	-0.24130038402603168	-0.1450091191211782	1.1294720362985877	1.1515288387736367	0.39707300022916425	0.6056511535467899	0.5014358378094154	0.886561560428073	1.5369958879537726	1.4642670990800384	-0.7602376723854519	1.7151923574477639	1.2842043573870385	2.185506807872394	0.16280609480464614	-0.27990543591564326	0.015786145475792067	0.0359598830744879	0.39662676958235565	0.5075367109613731	0.3772240699711629	-0.09009002861614113	0.12852138341688776	0.30220912084898	0.0055638374826079175	0.17286035758076165	0.4137585350250034	0.23379084788066679	0.304995183339435	0.3211837867554187	-0.01747979934822028	0.48978567429446185	0.376513214853168	0.6573775065675277	0.20312864183885795	0.19779824050044476	0.08323638844310069	-0.12504805387066276	-0.0750616658280071	0.20264121721032827	-0.11193213659735633	0.15943652331680758	-0.14657308150160492	0.18422970504822456	0.2991859038272304	0.49061333522212863	0.5008453999785341	0.1684419313332588	0.6712327435604479	0.00493265011760647	0.3270613409416456	0.33654532494670303	0.20325387455705937	0.2881063178384055	0.03069708415504521	0.22030886854134563	0.12242499595087881	0.5607364331829148	0.09508768116145866	0.41725600054546724	0.1078252696878634	0.46206930116009126	0.7916312429326403	0.12785495220994314	0.32197121376669274	-1.2501124590790482	0.5309141834702503	0.13836816772760335	-1.0583524261242236	-0.33875567079766683	0.5064436295268345	-0.6350851517346613	-0.5188872691651597	-0.4721891927473535	0.669599998253541	0.7980015287109916	-0.5380410885308297	0.8014829657093324	-0.6222688142402867	0.7440498616087182	0.253703313606077	0.147991473080258	1.341020217769263	0.5753108915121696	-0.26129584740510226	1.7497679541472189	0.9696677744090333	-0.02854378144871779	1.447341002367419	0.3858307714543322	1.281492409806785	0.34111811304018236	0.8014829657093324	-0.3589178640254576	-0.4634938606569573	-1.4889562325334635	-1.2426932300498303	1.1236617434594307	-0.7136734620898257
60019	replication	0.29026752846489123	0.9373991201148086	0.258511317456176	1.0746959155495428	0.7001395856576074	0.5294758782715324	0.3586426243051161	-0.056746467137091555	0.22032382995257055	0.6388989400783356	0.6035216375724494	0.04573066693699349	0.04919386639594589	0.9950844716540351	0.10458223917240755	0.07411471883370746	0.19450495925398267	0.05661956444335256	0.38299466476323984	0.6875091001271706	-0.08737157506462687	0.23572435416734244	0.5427189888478036	0.7520402497387488	0.7096074550470155	0.4466167180377332	0.664508306109271	-0.08825764765212506	0.5437228192737749	0.2104203596815137	0.4234798155651208	0.21788783749729826	0.36187518465952623	0.34465775727926634	0.015029427896684558	0.19641856719180673	0.09050909337910139	0.1603094707105656	0.1813927059109854	0.15817682998730134	0.27848373868599774	0.27468354066612954	-0.1227321489510456	0.3220446227913413	0.406650710363041	0.31083887346942346	0.4536993433510639	0.19035321563364024	0.1528773976286848	0.2962969788544788	0.22292663132792226	1.0962993197592554	0.3041496842797517	-0.3017613620684711	1.4066832084376533	0.5420665927016838	0.36198816102600095	0.29328515185570353	2.088776822424123	0.5234099060273071	-3.0430974463544125	0.6625145857929026	0.8845336054332373	1.3655083407260007	1.0165397434572292	0.4589587934851663	-0.47500508834263416	0.2874770651994718	-0.37769935894959245	1.5365253976667699	1.3522866828224382	-0.5390413739874004	0.6316557242372196	1.0185792087670218	0.12563005926626025	0.007600747011508011	0.537337082842486	1.3448177359454156	1.3655083407260007	1.9538157395455564	1.3372883024514781	0.4405033671303027	1.52212565542793	0.08942573052721199	2.184689289378018	0.12718842132574476	0.45549742702566887	0.13917948094676785	0.9128388767511971	0.6591929840051194	0.31622827527347047	0.35689692164229914	0.03354037318930031	0.43348078687291947	0.8646723215227569	0.5473770990758355	0.005470810127691514	-0.1890317446989053	1.028543134649577	0.19886378574468955	0.1810792666007237	0.02528578840071701	-0.14299074850792917	0.182054113705132	0.5946887681096322	0.2883511883048259	0.3683874555922638	0.32129527894349486	0.327618702707675	0.40856962279810566	0.6265742167445476	0.5012915889481692	0.1287968781533478	0.49861141758631355	0.21779689756111822	0.20331149443964822	-0.07463251827303381	-0.207374876207185	0.5299754502719707	0.1317457510855571	-0.20561611589831483	0.1898050542964667	0.5316067034982297	0.08696444749090831	0.12367919870203957	0.15944231351736937	0.33601066019216885	-0.16719618182271262	0.44349781446700515	0.2635377644454789	0.011459313448573047	0.5261067010429883	0.21017214437744594	0.24393265561747052	0.20263481096226627	-0.07197654635379223	-0.28812353253336537	0.12213125800857962	1.143039162718259	0.7682839726366907	0.3267460921604182	0.07960821801798527	-0.21791965344986722	1.6229681574888613	0.019124276455718823	1.1644096555976933	0.06526415152367178	-0.3239050800358696	1.4425556897537706	-0.7320690681287636	1.1267395508597216	0.6682585167678283	-0.34220525315232025	0.4654008983508253	2.396627382348039	1.408658207715141	1.705607316071567	0.7327037286475024	-0.10080171264172633	0.40993835421371083	0.6255430706287535	1.6183886819739686	2.3000306380563877	1.4425556897537706	1.2083671305401498	1.3050935469680724	-0.13957558271296344	1.13209830088625	1.0911596043396583	2.0638491613650034
6011	replication	-0.15446296173835575	-0.2332036787416061	-0.25684516549587894	0.06526676761905989	-0.042213469748457626	-0.07302965746982565	-0.16439359288531233	-0.03412652355162036	-0.333495979234758	-0.14963979838684263	-0.12485605938083905	-0.2740048138341769	-0.5094341812016329	-0.35387423889271763	-0.043765767153736354	-0.10185291237319191	-0.08861812525149958	-0.28691870626003546	-0.12800166846782357	0.02611260526445282	-0.06962823063632734	-0.07318659732619322	-0.11873813916003052	-0.2801134113753868	-0.2983997958877335	-0.5514066845029113	-0.42889616728571106	0.09179714828128478	-0.1507877990228464	-0.16321722810209535	-0.25305209474602763	-0.46615634322596583	-0.044799166942078875	0.0642999625145001	0.09761407867563107	-0.4889679942252167	-0.0613165375053467	-0.20379912523594468	-0.09137058674700971	-0.15894707287543114	-0.1397058139918465	-0.22677943373682655	-0.26756958325547114	-0.08206685651793257	-0.1966154034661876	-0.012162585211854135	-0.14778009846845963	-0.020090172858433165	0.25312339838467374	-0.078452275907732	-0.02739710131942077	0.4638939792744247	0.06319538575344644	-1.2431603806673939	-0.6898598569540036	0.4440076636032995	0.066051617342828	-1.1026683789050917	-0.28580256309179464	-0.12576785016278968	0.5983120261552838	-0.14309570511981715	0.21327640561425754	-0.008351571483432074	0.011648451362691242	0.04180130064553772	-0.22831809542496226	0.34912653288985673	-0.22785249602626187	-0.49444760518329867	-0.03198507776206433	-0.6139675209876093	-0.27339268255987864	-0.6655483785623502	-0.3951736831617453	0.4706890763053809	-1.238231473740276	-0.3675073838706149	-0.008351571483432074	0.072590834998223	-0.4779983024177175	0.6472883623201914	-0.3051332563405641	-0.22296120776629857	0.5712666783861019	0.012423376947234067	0.236902356869433	-0.3248878499529816	0.46808247486490395	0.16461679771012627	0.013175800137323885	-0.022543496790596907	-0.06670576349524192	-0.1328758548636773	0.22254169314613542	0.24132790513598915	-0.24678298978942179	-0.16780908891865995	0.20960911773222268	-0.1610494744295266	-0.09150280421048072	-0.009609930629868774	-0.06705312402532199	0.017446800869743193	0.3337874619885045	-0.044749945255425846	0.2246970823090184	0.12121921323350479	0.21338757003360026	0.19088414092498882	-0.07210296870299726	0.08723765319340059	0.017232562294136704	0.2624891695258717	-0.013606267370845944	-0.1644314521281113	-0.4486927859810097	-0.17828799706207937	0.14902228234117815	0.02089341416426619	-0.43381214152858133	-0.00962693139339436	-0.25318486463949774	-0.17284153929427537	-0.0777819181755458	-0.2199455404811926	-0.01598494320672319	-0.16629254499575977	-0.13261257252517172	0.015258358020836742	-0.20871923972707357	0.04049695632837636	-0.04921103997825597	-0.0010791965665697646	0.018222733869199478	0.6027471180720304	-0.8515120507287962	-0.3820447064181636	-0.2648249297580628	-0.09250580601458354	0.267740949445087	-0.19453352533956828	-0.3288700577701138	0.8885850362702207	0.137137424804409	0.021830007347669256	-0.4440407648736131	1.7152717005652596	0.58555954362845	0.9905337130621532	0.22505610434044285	-0.14714367597875874	0.21287784305689858	-0.153089564686188	0.5843298941019675	0.16154470490875766	-1.1941530132404274	1.2394101672954083	0.4985282726143633	0.385636826424303	-0.0829368731238998	-0.8954669163006348	0.3734604713836398	0.58555954362845	0.47851017778689997	0.6896652531669101	1.3058234845095384	1.266368035587076	0.37268940440252235	1.0125041760837634
6042	replication	-0.20588626807003438	-0.2662923167068146	-0.0035910334362814064	0.05729656964544824	0.08150882937069838	-0.045974506848652306	-0.09352935881856146	-0.5139063928574551	-0.3235345955867442	-0.32865914961811665	-0.1478067004859989	0.35617685684073425	0.606880774077282	-0.19333110806751186	0.03943082745724372	-0.0074835782627160315	-0.24562518097111624	0.4819852896836804	0.2386567553847111	0.032877307296561624	-0.05991292993674223	-0.046378313774371745	-0.1918601411622245	0.029056122596786763	-0.14738739564367087	-0.39985407183942606	-0.17948316084557386	-0.24658876687014009	-0.3166769211806482	0.24642513128780752	0.2855158899740659	0.9853837554549684	1.2883057493581183	-0.24949612284209194	-0.013238441036561906	0.24171892131403397	0.04738523566910055	0.16879181490060785	-0.3033115637985797	0.38019933292424446	0.37223150807483285	0.1798548700792951	0.21983623037731706	0.3430088620819344	0.10555224612170544	0.6943073397156182	-0.08617118077492827	0.2192778214287843	0.08764480228171194	-0.07331608990573274	0.1407599306008024	0.040702864154523434	0.5335377318297617	-0.8168491727975559	-0.19824591377714937	0.0878426246753455	-0.5531125186738026	-0.4131157710993885	-0.8429176798113412	0.39181643717638515	-1.364980358668288	0.8243691656265054	-0.43779735388772156	-1.8380893945213872	0.7223812759703016	0.024129545263260596	-1.0143955421150816	0.6798687044461225	1.108929094119421	-0.45880084451342373	-0.9746549892652413	0.6546945192187651	-0.38919079072273877	-0.2377688734394724	-0.010974579638643095	-0.03949841107284752	2.101793064688667	-0.7636904010788454	-1.8380893945213872	-0.05568060858107164	0.5163803743486025	0.13291950103192157	-0.6807955753986689	-1.1585943682410482	-0.2656592150844785	0.15797591304707845	-0.4043121138467405	0.056968903895330894	0.3536022381600777	0.09234009054921982	0.0553846660122838	-0.013045045590422523	-0.0768991013079951	0.11622917772485732	0.22782234576091684	-0.1542833355565151	0.09722155836724182	-0.21399233242567897	0.2412424892667301	0.06632593041326061	0.041951322005803024	0.07994202121245551	-0.24565437736054987	0.15109970116208657	0.25210852294101166	0.02052108138279458	0.12294175899255091	-0.03461022946277329	-0.46486864960535634	-0.3064931088510051	-0.6807469983683936	-0.4982603353078568	0.08983037032510793	-0.04363802217268259	-0.33469505371693864	0.07095496389467941	0.2502900316169974	0.4926211452272995	0.042699192164661094	0.16076999125591349	0.24974297530604772	0.051611271176423494	0.5070095506491095	-0.004444988852581947	-0.16080133493045887	-0.3125429816008118	0.24768321816753297	0.07169103627001636	0.2496640055122576	-0.09214234488541018	0.09996226224666693	0.07309829678487707	0.12421356683347103	0.23601285762935795	0.1281012116744707	-0.31122329554638345	-0.07217478110248132	-0.48006886376707586	-1.0575080128468026	-1.9638119833148024	-0.17166293367757215	-1.443496135898049	-0.3881172385863784	-0.07973262714375651	-0.40361125044039536	-0.31804694635185166	1.2119410212770598	0.09966057404327852	0.1993830123340577	0.9799625217000892	0.19163758270350506	0.6297414114320702	0.5647376973189633	-1.0474526576428453	-0.45470853820484836	-0.20948864889314628	0.9364534460010047	0.04676963017900926	-0.1912640268154544	-0.31541109969479836	0.06171808612275677	-0.008095595653807505	-0.6120506303590809	0.1993830123340577	-0.6946375748556297	-0.967474880418456	-0.4001198595812379	-0.28116776138231836	-0.3957417210113039	-1.005850077380419
6043	replication	0.16586800907694932	0.04227672397892992	-0.1780681145707915	0.10028339344407312	-0.14155626792392934	0.06675522868917282	-0.1320401190914189	-0.10727543801023885	-0.23473566234796328	-0.16110990503486514	-0.020872999250697903	0.08700147955087356	-0.005540552956894646	-0.16312751811041298	0.15979472265155906	0.034002982951871964	0.04274772903467646	-0.08516994124861646	0.051566482477887095	0.1320704119308768	0.01040191225372137	-0.10208166887281561	-0.03738472305620321	-0.2087732203050362	-0.11586783353523386	-0.7298745699787583	-0.41522783118120776	0.05991010707482401	-0.04709463417773128	-0.12222599725298883	0.02561156746394176	0.2777399961947003	0.24129028287935778	-0.0614034510096283	0.520552919682898	0.5936497899914118	0.09055778785980173	0.14617578469446954	-0.006176983157190174	0.13977187942210853	-0.2732189234638275	0.32319481620041285	-0.10623084736199177	-0.0747870973414033	-0.22223899270859113	-0.06339218614906518	-0.12960438650593983	0.009711823175974604	0.45613344222267554	0.1795924089433626	0.41562381047756136	-0.6606274337377781	-0.2379809995352311	-0.7652073275547745	-0.9714869924859396	-0.06951152489854857	-0.44437921340421327	-0.03996435675225329	0.5683986761837828	-0.08338962503517047	-0.28413693282089075	-0.29905616191068624	0.19573098569045577	-0.5523063469110132	0.08461739761986525	0.1629507427280052	1.0345253000029113	0.2587895748996414	-0.188671782183708	0.0379025824618975	0.11569824861159261	1.8836704067986467	-0.9048662542233865	0.7012266233847769	-0.5603214503559024	-0.629096395870852	-0.9042762497117103	-0.669786022239719	-0.5523063469110132	-0.10445812696492458	0.5349161486468145	0.1210880499711055	1.3147301355708307	-0.7368353968867513	-0.05886640902469157	-0.19889476716877666	-0.2673497225012311	0.09781832139995897	-0.44314926411556566	-0.10725628840696881	0.04816831223055297	-0.2667954992369478	-0.1396077568699899	-0.1913027940998866	-0.43978306683533397	-0.2835028767713279	0.15970266527414395	0.03528570088637746	-0.48881478174745	0.07440784301080938	0.06878036564565707	-0.14993256730627108	0.0561977854954402	-0.01758406577856428	-0.07111679836386396	-0.03477250083622446	-0.16137954687693515	-0.2067710471437454	-0.4587255586885984	-0.36234555428050563	-0.49400514893366065	-0.4297474494413165	0.20698886100601357	-0.3907925249855432	-0.04825605794360026	-0.026466607328399245	0.3181599128292134	0.26003184466500884	-0.14862416144708776	0.18158224406650697	0.2681415095841888	0.03826576045662128	0.1491221940685071	-0.06370691684396614	0.1874728972029504	-0.10024155987554309	-0.09364957692526445	-0.034514836318366014	-0.0759233096876121	-0.2546147341536053	0.06503963450357711	-0.28531428170248285	-0.06957048993702605	0.21446310583579967	-0.05792218219911453	0.4175757078377221	0.4452523317437085	-0.04713253348639249	-0.8149866821046915	-1.1236218020767919	0.19977763799829362	-0.15813158533453822	0.039937946488009184	-0.6557955809265968	0.5499001052467105	0.31856263069898305	-0.285462482457941	0.24455301691842857	-1.1709358825169551	1.1752127112667146	-0.8089072557918513	0.9417574179282386	-0.16505830035618568	0.1753594451457199	-1.2068523724806106	-0.3718176580505904	0.5711458810250782	-0.3110839877011437	0.34548473753607095	-0.3804356078521233	-0.011857012928125243	0.31973130782264103	-1.0739682487627746	-1.1709358825169551	-0.1489145602205688	-0.629818516150058	-0.47949200857338614	-0.3889968906622584	-0.03152937111039755	-1.1633609597348553
6044	replication	-0.5257275127639575	-0.8561840311952679	-0.1326884280093209	-0.41511151503622784	-0.42440001911632474	0.012554898408636772	-0.2658381635682539	0.44502955912845477	-0.8393096033916225	-0.33000149744198315	-0.6675182685652293	-0.5028804721094723	-0.7423380048387975	-0.3623559880180986	-0.11684250353327784	-0.2557103162598589	-0.15971605272067943	-0.5489596642426985	-0.782629684400587	-0.31561021227003677	0.17197524813104306	-0.2714316228614311	-0.36164251689788884	-1.1523719438354385	-0.990276059166131	-1.2328240885171189	-1.145714014883543	0.306770133706884	-0.31977152185353813	0.06767324540977278	-1.245367247526869	-1.4272479936828473	-1.815330702239942	-0.019366064251047317	-0.20841411909558846	-1.312129258605453	-0.21735740260436465	-0.22130625090337525	-0.16288355590958034	-0.4224510324392114	-0.04437827969262804	-0.7595630192292426	0.012650288314556559	-0.31951532423635004	-0.821381589307966	-1.0395404307912677	0.29510267218978753	-0.8500421549595697	0.09733137448325536	-0.40353665413785406	-3.05152742815347	-2.135545272308869	-1.152115680421188	-1.707190810565113	-2.1979112601625754	-2.462374635630291	0.1740988710097765	-0.514246855162037	-1.5747162573311428	-4.240717229385952	1.3549310586229935	-2.9724129649629503	-0.658748165937883	-0.5137985958940716	-2.290014863733583	-0.7633324988546157	2.1724464096256138	0.9781521522929655	0.7918632849848877	-0.4715747084203593	-0.5331308729924252	0.009653913371555856	0.1894640161311818	0.5802801905195248	-0.04701282714971035	-1.0551427262982296	-0.2841810265109041	-0.1451928640721322	-0.5137985958940716	-1.5688215455963228	-2.2326041406475814	-1.89427457630608	-2.913900567981838	-0.19276987111294752	-1.682077831419933	-0.4147676962099171	-0.4726625755544082	-0.3248918779142168	-0.9592939456700456	-0.501558102687869	-0.13413207324755763	-0.2607580255650634	-0.185581205789387	-0.36032824494623267	-0.7214667652942611	-0.37106649083025584	0.31631426581907274	0.6933657835751058	-0.9716624197472056	-0.22478862011167727	-0.20658081574665502	-0.08527623937090674	0.4795666374207835	-0.2430974123633851	-0.8483969399908672	-0.03172085804314155	-0.48689644073802907	-0.4540144723177546	-0.7788953268474215	-0.616624419497063	-0.5959067753443265	-0.5674285725419018	-0.11770573559175962	-0.5739223547140073	-0.04074534854150285	-0.07892967835583682	0.547502014942465	0.4156157794997378	-0.5914329857055047	-0.16511645187892768	-0.07785340411355844	0.054518673306418824	-0.10163942007669818	-0.1262504880196905	-0.08765356773208419	0.06191250129129096	-0.18185407023141478	0.16442034066942637	-0.3356014061009803	-0.4509327495314261	0.2445059158519746	-0.41574863124261735	-0.2054000533824759	0.009218863065046188	-0.22337989639837783	-0.8405926805682327	-0.5547152616999703	0.10770191061578055	-1.0062126554719608	-1.5280372924748942	-0.3792483226651133	-0.23719465505828247	-0.432491601604418	-1.5233952849056915	-1.1895592344847914	0.9796930129685505	-0.2635116819909918	-1.9268738010998692	-1.8468238313229985	-2.055110499038	-0.7975104946493712	0.2073326811000048	-0.834017888389313	0.2096264996394648	-1.5161003289266008	-1.8809123403602612	1.1314638949602576	-0.15893553056837717	0.7987230172239503	0.3569788121464341	-1.0374274571270257	0.25834501191402376	-1.6410176704162018	-1.8468238313229985	-0.8500842194147465	-1.1017623159610483	-0.18378844747421386	-1.463678960358434	-0.10950497131179096	-1.5224492265587926
6045	replication	0.145060191654366	0.1616396357101077	0.166216902839553	-0.23409371931312956	0.37219404335698336	0.27695346425670897	0.07507484332951458	-0.42301386456464735	0.29247653410970426	0.05763492252260995	0.19499800844964213	0.33685031456365044	-0.21171722418203767	-0.010457623025529241	0.4646368217466259	0.43414287766683685	-0.18979787573716184	-0.14827544217873895	0.22309058316940356	0.11891928161994873	0.060801294445697054	0.442843496384544	0.18986226157742706	0.4244467010182306	0.48899347356903317	0.15267477900849977	0.2483531840101069	-0.08481652966064426	0.02629847216435805	-0.19386370631991467	0.41763968054143746	0.5215240817395562	0.7228358223776241	0.3595405742369956	0.4983705452956636	0.39668302518110315	0.38766916161118614	0.07808307223272759	-0.15666540400973594	0.5294249748806106	-0.49844073371322184	0.6220910304317405	-0.1933524225771818	0.5647135554930464	0.6245006127976107	0.46451789722660913	-0.3054891291598393	0.4945332847599866	0.5260033854328525	0.11597610786072525	0.6825126333643561	0.35585666486106443	1.7131346527836537	0.18218461081560616	0.6165602065090626	-0.1405086891840578	-0.480684846222922	-0.2808669088355457	-0.3874804512198064	0.7098948830909981	-0.6608284213946449	0.14712329606473884	0.9717444756419391	1.1999458049720957	1.759117431774159	-0.36485552529775395	-0.12434386267149389	-0.3431803686029379	0.10777969721753324	-0.8497580829574105	-0.3346742403041488	1.2658549861477684	0.8601339816164538	-0.8263672862928942	-2.10188849702809	0.38096508037234283	2.2667385237205178	-0.9639799620954463	1.1999458049720957	0.5431527986431838	0.8717336237742508	0.7049386567761322	0.8433021571101738	0.3551969986627339	0.3792969667788809	-0.1334174527984521	-0.7030013822984358	0.19729743847530612	-0.3044788676961211	0.10253696677834356	0.18792776831545513	-0.12436076710913416	-0.14121763182436034	0.32396182064101015	-0.22080955863794227	-0.35859524983712215	0.14347223331910902	0.17412042775392095	-0.18225924321551637	0.3524647603105998	0.2415721932955819	-0.15349924102643542	0.1673649206344867	0.1546090031651642	-0.01423844274102187	0.04303743184868679	0.17924479872786783	-0.18280523441692006	-0.4729379690329096	-0.33251294934294995	-0.9035690812975649	-0.7628572442779711	0.07338365734097822	-0.379687392325284	0.10941465010733036	0.21215532019345812	0.34105791464612717	0.42494607716523636	-0.006425847071545688	0.3261610578882675	0.23411889745747957	0.18177018337590908	-0.10421070172178476	-0.04423186197044352	0.21388342384228953	-0.2168451860997869	0.21394975980602654	-0.04130941950884328	0.5073001133402204	-0.054202882565420295	-0.012688920699900597	-0.12188190871305275	0.12636191352234177	0.515704002495828	-0.14680620385091778	-0.07014055145979574	-0.17148961960603107	0.22721981822289208	-1.8404776779882126	-1.792286519852465	-0.31833901353177146	-0.17566983788528173	-0.7100926297790209	-1.1592439301731299	-0.5325870079870875	0.04424214176917491	1.0371671751256482	0.17951954928340422	-0.8812361149660972	1.401679228048303	0.07304475336065785	0.4386174694371537	0.32328066701312386	-0.33888860416290845	-0.7940570731589773	-0.5263782379071722	0.5764642557278731	0.003582574623335621	0.6059428077437156	-0.13565302608904273	-0.39884119942518825	1.6352787734501764	-1.0230731687509453	-0.8812361149660972	-2.426738553934552	-2.25072686275855	-1.118218882607199	-1.397607940225984	0.2895578297334933	-1.6502333543059589
6046	replication	-0.30223348705431513	-0.8388643592667389	-0.11980584048245577	-0.4164045346992433	-0.4819642437671821	-0.34968345283757885	-0.4173775224450732	0.1603502717871864	-0.5123037608172072	-0.32121912572743866	-0.41548011048461314	-0.6116335596458429	-1.231644425799001	-0.4568764278975244	0.07406156170113053	-0.22764781119410443	-0.23382127348685527	-1.0436670133254535	-0.7129878629500084	-0.09783972779836807	0.023282912557379413	-0.31433391554372137	-0.3795004030221093	-0.7660782460000454	-0.7007758983121235	-0.7988070883494023	-0.6912987192288057	0.18373947607156596	-0.22981254236741214	-0.40761981942065423	-0.8450053680883969	-0.9466853967879839	-0.9068237828454767	-0.10402198621896525	-0.24992070249199194	-0.8181011783624264	-0.4142332665815135	-0.233319579518356	-0.16289271039407016	-0.3417230497312535	-0.012973748652754257	-0.591833476934528	-0.12815087982432105	-0.43988301514893846	-0.6337184672388612	-0.6138893427920268	0.11792254337536587	-0.514979367596034	-0.20050132354314698	-0.3150575297086852	-1.1133979681672517	-0.9540049267127698	-1.151521920158153	-0.5263927411790617	-1.0557878617259588	-0.6258357433309801	0.4095938250663134	-0.0905288485172752	-0.5430553147060058	-1.7787171863045375	0.6513267050459765	-2.64827977472596	-0.7273593385569308	0.24356341752270275	-1.3487952628033657	-0.9127484872217048	0.14064281291610248	0.026123930308572962	-0.3742867651263403	-1.3881769133703445	-0.15244094982286355	-1.1927365010145463	-1.3914469337042126	-0.37233435635337764	-2.0119621496923688	-0.8232449250133724	-1.0793235280725162	-0.6775983251170943	0.24356341752270275	-2.128440269889481	-1.9034253673447172	-1.1134582571186389	-2.0339009468503284	-0.22590260081198843	-1.0988792706391954	-0.07187740523573533	-0.020899176342875237	0.29217493783366966	-0.268481361217993	-0.11433236512936767	-0.13088647300042724	-0.08885411027695408	-0.25781589931502114	-0.13526788740039603	-0.06986210507583086	0.026907142363923497	0.15564159863476762	-0.15433194865216546	-0.16639883786368379	0.09288457063521861	-0.08271859702644878	-0.07412033131421433	-0.27706094211170074	-0.17791029517184195	-0.26012389114626094	0.17266097877563777	-0.0793153162943813	0.012254405615800035	-0.142576298565091	-0.11900476613386246	-0.052043084281241624	-0.06215666530573066	-0.10600569669464795	0.0926317970940103	-0.28560142696981	0.034517721198389036	0.34717341889453807	-0.09771596620997001	0.07714705518363978	-0.2028993101479838	0.3055894093508569	-0.019861841045825373	0.41996428804632013	-0.08290540245044119	0.1916925774773222	0.21030688078790546	-0.009796820310043246	0.14849848143744582	0.04559264634121077	-0.15683803283488415	0.057354588619575916	-0.01381855026986438	0.041824310214804615	-0.031223625647643055	-0.11057052094226716	-0.23094457433983342	-0.349213459717341	-0.06699878947373927	-0.7464313535068717	0.7887489831335303	0.5660943791992094	-0.15723142487514644	0.5877886820668329	0.22741812683823592	-0.3382393486502863	-0.5241440238298605	-1.1609151740434076	0.1048172217142464	0.21415248944845675	-0.060752141293787656	-0.831168257507642	-1.276897440025929	-0.0031516480423159354	-0.07971127880245993	-1.580791378200847	0.591866349252676	-0.2577142690355256	-0.3466483062509055	1.4157145022972104	-0.9148076722635772	-1.3938874893445719	-0.12808429567888668	-1.248206484225072	0.21415248944845675	0.39686103734401684	0.26277969158293246	-0.05340702479886633	-0.6610073274007036	0.4912564037713565	0.7801335784220363
6047	replication	0.06464248344312228	-0.31007023706138287	-0.22027396586195672	-0.348566753388856	-0.061013549447674516	-0.2947733663799065	-0.17292788465918274	-0.044060674241562854	-0.016447534823930295	-0.30002722504658036	-0.47737615263791705	0.6994495659618966	0.9889274446816325	-0.14804628793871186	-0.24483655856843722	-0.034473247174328384	0.23557730109253933	0.5340078507466592	0.24464932176658077	-0.33106137882162817	-0.31854155723554456	-0.18962476289335198	-0.29219200427085423	-0.502350080636776	-0.4595989413835059	-0.1478566506747263	-0.34114408668514856	-0.029461659099764583	-0.4130624515023734	-0.09476516347024638	0.07761433302742786	0.6730097881822037	0.7270066294256915	-0.021207266939460383	-0.26316214299706	0.6987567600437963	-0.006519309415648683	0.3527318625501966	0.08017610699234219	-0.12474093172773174	-0.35060184233004005	0.17494847654775006	0.3611077193270843	-0.31721000656178955	-0.4529085973875637	0.24249358625022374	-0.369536906944274	0.06694102124597887	-0.14513061704481295	-0.06781093228334611	0.07591455862589869	-1.3344856353068142	-0.7886466345763093	0.07381931126047765	-0.16427698159323353	-0.8641976882694654	-0.9837910273874818	0.021631948887404495	-1.4723428403517804	-0.13768910037319976	0.16658527399449952	0.6462040718437404	-0.03374484112487447	-0.6191932492017458	-0.44792913099765896	-1.0080299842438785	-0.8612441742751786	1.311123008043424	-0.16440451093517144	-0.3136736317512833	-0.028854223189761385	-0.5236357420185143	0.24640819681972687	0.5044818985803675	0.5232601146802385	-0.041986955000369086	1.7099977733612683	-0.7750992397914298	-0.6191932492017458	-0.45122232277057284	-0.09412208286909182	-1.0348140534679584	-1.2316238840247016	-0.40841519729330145	-0.23762959679243184	-0.2797147087951587	-0.49601201457294447	-0.17918059578893428	-0.7279449868523858	-0.1960188503063554	-0.16052658248986093	-0.2673737249497468	-0.2096333578967301	-0.1449008734159651	-0.7356157493508224	-0.5787662812856395	0.639400660713015	0.7910199903852385	-0.6489778200009719	-0.052435647652615124	0.036199858512323886	-0.14731381090266166	0.5820256172149822	0.18034282539813606	-0.3736302179314406	-0.10216147738916519	-0.19956658870004482	-0.3463072595930051	-0.4784842134998894	-0.539080648592573	-0.5532024186762349	-0.4892425671828296	-0.10134911734200408	-0.597019733009679	0.04426438240289437	0.23441813608605053	1.0165519984145588	1.436173347469812	-0.29698862826791395	-0.08193892932883562	0.4744398791281031	0.17563335197391866	-0.003896106175440378	-0.05280444956212777	0.18616231219415166	-0.08381584177264166	0.1309319617785151	0.21961902502126668	-0.020051105459069758	-0.20128380963912182	0.4236519108744325	-0.384912518207621	0.0897776168495935	0.2239432203668173	-0.11469286478351308	0.5701793365515764	-0.3162897032295275	0.28577982541629243	-1.913982711012234	0.31650384442803847	-0.6011204578772498	-0.595533855166422	-0.11069537010190737	-1.9537756938172128	0.447748602274741	0.34952204651102087	1.2967348640237073	-0.5472225621608671	-1.5993531872789053	0.15911568299447348	-1.2120305439554486	0.17218939846969594	0.339186664164287	-0.185753930386357	-1.9454761059921464	-1.1310484380741457	-0.21808999744294727	-0.3750663779450078	0.46209245338293403	0.16038444558468304	-0.031108332311899467	0.5114917322857463	-1.5927084351048282	-1.5993531872789053	-1.5449421918729047	-0.9691850323190339	-1.579151552742058	-2.240613112006499	0.32196930012699276	-1.8555007075501733
6049	replication	0.12397493185989471	0.0035843104240806745	0.1569220050550799	-0.5342252354388923	-0.40690904786426163	-0.352838174588998	-0.0915860539828481	0.3560822993286489	0.1317861034092701	-0.06604303685950999	-0.08061869095908542	-0.007199084886629345	-0.3586608416687346	-0.4093764220231903	-0.1546628911664665	-0.046067449584341544	0.2949411102975517	-0.36002327579670435	-0.12798276382369664	-0.48540961868247734	0.06531411393865054	-0.2709723361883651	-0.061163369085241295	-0.1261919345559262	-0.09840122160403154	-0.2349873306391085	-0.17067252482211773	-0.13295881493531492	0.08895043381851948	-0.20567256079411456	0.0642235896680035	0.27930533341478414	-0.4200122259481	-0.30015931919383526	-0.511131873899563	0.7029796953782386	-0.13302944830772215	0.27554988159946947	0.2606188836161465	-0.11473710361923614	0.4669720241880122	-0.050987367482408515	0.20981384988411486	-0.23292507653584732	-0.34809710597517673	-0.032361136396926705	0.046578754652755766	-0.21488149594355452	-0.7434738710925632	0.06080746179067714	0.2636366060249204	-0.6733276526447237	-0.03254930204085945	-0.363030179180922	-0.14798484242713597	0.3635287905937359	-0.34324374314661643	-0.1007606237120617	-0.16457914693985712	0.06712512190195356	0.33499842605565716	-0.40911269534346806	-0.6973146501312565	0.7617165104653751	-1.0403046019923832	-1.1566000151859561	-0.8606862753482976	0.30142111150165424	-0.24268655526476396	-1.5822769832511772	-0.400737968443494	-1.249375475189642	0.288601204368098	0.15788864968430016	-0.2985515215451094	-1.6950442470833005	-0.7384657179339132	-1.666618231986699	0.7617165104653751	0.9988161132302635	0.6670639732616649	-0.3489660576963752	0.513196334027214	-0.40148061069070834	-0.30437435031786275	-0.11308664300605151	-0.3497575476819883	0.12023574011753738	-0.8104620933942199	-0.5141993501243186	-0.3259308560095126	-0.08963949777706708	-0.001942392276049251	-0.13696365164014712	-0.6734181385988052	-0.42462489998855574	0.3175359996277814	0.37589321304948553	-0.8481430674641204	-0.28294233646148287	-0.11582706034388326	0.08513944422736074	0.14996600981143	-0.10249178740462583	-0.5388681671262046	0.025130646735364328	-0.3193746420922469	-0.2668943285068112	-0.47948193469043066	-0.4045131949163225	-0.31326563580328354	-0.20535391020241625	-0.24738813370348317	-0.3939422068081071	-0.11842435836037561	0.06768357194136067	0.7816386318066558	0.39556034530607787	-0.6541114174536942	-0.21594146073130221	0.559801951248439	0.05337165433702261	0.4183241425053504	0.16754839340209796	-0.0835841325395294	0.3622044788515496	-0.011700697661715578	0.35124186205059915	-0.08278621257818788	-0.046419053884556416	0.3533456112793648	-0.15207523655117935	-0.07673100478543812	-0.18446579663495108	-0.16773217452960976	-0.3254398097113025	-0.3558993074079384	1.4220030243225967	-0.48325538878796426	-1.0373548585897032	-0.11671614175639045	-0.3726269613907472	-0.1944678462900726	-1.7575826337150542	-0.5601159504182974	0.04807349531165126	-0.1256498210200957	-1.6150934616935948	-1.668528122287075	-2.105701846097853	-1.1307109638686677	-0.7762095080941521	0.21448238856070845	-0.12063335383068924	-1.985076522622275	-1.5822926045353096	-1.4083640902786807	0.40661581928253127	1.0985160433741563	-0.1535715668521787	-0.2037581135304659	0.15070432649942778	-1.8822020419709884	-1.668528122287075	-1.6403077823553365	-1.4139322819802795	-0.2232347680019357	-1.4361598808151848	-0.3744232584569365	-0.6643372868286499
6050	replication	-0.14859780126663857	0.3706463825426775	-0.047281034245123824	0.5395331859296918	-0.11023649417231844	-0.04238406408311282	-0.08936316768644641	-0.24294252209614728	-0.32576565312607647	-0.03290311223876702	0.12335339942554126	-0.0440341028782886	0.7009431648078837	0.30456552385768687	-0.3370504835119073	-0.29152290955447707	-0.096010161343731	0.5160195088268518	-0.11268589384703255	-0.09615877999507207	-0.32487237973081207	-0.43771424623444033	0.11103938872248281	0.1422898948930605	0.0984958913091998	-0.12344910660568602	0.09400414771964993	-0.2901579176920914	0.24576007843750897	-0.052604738988861574	0.06297232783663884	0.4538783215916098	0.3278695679650387	-0.15818201361527137	-0.22359711630188592	0.0003220226410688465	-0.36464696512369205	-0.032509493951549645	-0.22098975053958064	-0.2615089808095485	0.002640860892398659	-0.3095895383162686	0.22976955979850774	-0.2523595098646665	-0.1700823429905682	0.11302864733810668	0.1159802281125408	-0.1016934919644037	-0.2764897478732893	-0.24262312943536998	-0.09059626549089017	0.3175290214629885	-0.5364373348282909	-1.0159469852054583	1.1114997325561478	0.10730993483795959	-0.07073647351636096	0.25487475942257326	0.43602255779809634	0.08567083525832202	-0.6511242654827001	0.3651593575610488	1.0546409186329626	0.5116519961354268	-0.03882547799073918	-0.6051129906540899	-0.7707877279973745	-0.22101341746063555	-0.2666881947466364	0.9620448182426651	1.0794524958777403	0.386597382379984	-0.7552511533065264	0.28494973638390864	0.8922208816352852	-0.8372640540848775	-0.9712279447024047	0.5781676034907546	0.5116519961354268	0.7206844744275376	0.5818857867038363	0.6441447163715496	0.7913659166827678	-0.4716736870863221	0.0619898426833371	0.02431766543769047	-0.01179353153440319	-0.4834514605982924	0.48959462797821945	0.11841516994164858	0.08763402914238996	-0.12195053141540436	-0.1767294869665998	0.059104525997342026	-0.0337666888545132	-0.09736172893164913	0.19796815893345576	0.13268911108409445	0.034391624811493944	-0.16323035613507117	-0.046331400059432454	-0.07047642466208609	-0.030969557983488716	-0.08963148760001101	-0.09292690133270437	-0.24618248976448343	-0.15136037665456145	-0.09223313505387294	-0.276045324460243	-0.2856221123511322	-0.23010788286129458	-0.17333832143346034	-0.03992505670267576	-0.1163498563344676	-0.2016032616628516	-0.14567756916393823	0.2601767612742572	0.7080259405087515	0.17885916357058262	0.1135484956095747	0.037982545137837144	-0.08494312532060498	-0.2101695521763456	-0.019281168552268593	-0.2619956158800559	-0.587585958234124	0.06974235514052274	-0.09467870956950387	-0.21145533057683108	-0.3019839591846715	0.11000046792738528	-0.1761987607095859	0.12225848637087713	0.18629301995771208	-0.03827097701277205	-0.5991122532089441	-0.15851056352811335	0.11724233512301847	-0.7695646154699269	-0.6755509652836169	-0.23015597681277786	-0.9050909239835314	-0.23371523938844596	-0.15392682101004396	-0.5392144869136049	-0.514314057506076	-0.7985803017050436	0.13741095141543325	0.7563555176109952	-0.7299452487949534	-0.538819284593421	0.16894367210306085	-0.7372860265081738	-0.5613540196926795	0.5294954093352426	-0.20427671687595425	0.6287836464790528	-0.2839426039688602	0.3290780009759822	-0.35582894169716167	0.2942534718254122	0.23521389535908926	0.44209736464770694	0.7563555176109952	0.3841676913658943	0.8494497736662219	0.6512694310479822	-0.4544405114215735	-0.4270752669200262	0.23433568502274899
6051	replication	-0.044475330184663125	-0.10784140413860556	-0.29750737057768817	0.004827610201505032	0.04186303414459988	0.28809807605133353	-0.10444313136916245	-0.0633193496426541	-0.3783351793264258	-0.34869556453438316	-0.3709424407111905	0.2088230940224773	0.41483483648831077	-0.06936775536212356	-0.06807432901134569	-0.10442793818769298	0.03877335683266547	0.2335601714408479	0.23478572831338773	0.2194629491736664	-0.17938968322074939	0.021390983943158172	-0.16600354371217785	-0.253869626018407	-0.18481956151429224	-0.2294943025132131	-0.3020857321979574	0.052392431517099027	-0.28577949851836815	0.12532333331538634	-0.19817760322851302	-0.07286565394528811	0.13501637538253444	-0.1194771476540555	0.3537647661963213	0.11913737187937125	0.09647739600325136	0.04208935367995184	0.042817315263098905	-0.20777406038185117	-0.47568242549598994	0.5622186848743502	-0.07314488561532384	-0.11845037135077491	-0.4349265859666929	-0.31365091810910756	-0.03346362824020075	-0.16582256200784723	0.37547847691784536	0.07007983832868464	-0.07755528209193381	-0.9741044032471627	-0.7836814191767321	-0.29307191664999255	-0.6257859400167676	-2.2619319561667	-0.6169574680646278	1.1425645199734962	0.31223522898916367	-0.22007242733921792	-0.5348696998999617	-0.13287790077408856	-0.4227811378198466	-1.2263723339654147	-0.5905728042466256	0.4608853246603264	1.25436138435995	0.5606998986607188	0.173566102345662	-0.6302047872974625	-0.7377708040505346	1.147113061410972	1.6895127100430685	0.3478323973720117	0.38413504665701637	-0.35626497541003355	0.7987802195408897	-1.0516986885959623	-1.2263723339654147	0.13506035048413692	0.1728981961403492	-0.8620267927565068	-0.3568155158543061	0.3369071474540484	-0.3487995235105809	-0.06627410615803918	-0.35131345436139566	-0.1396687906799378	-0.1283238386767298	-0.0017037541898621096	-0.022973020522158886	-0.24087581586888732	-0.09500240887961384	-0.11673930261206365	-0.34518435510092565	-0.37340992951807084	-0.08539381036591694	-0.27021225441676233	-0.2084379966709886	-0.03247737265209891	-0.09995945571204251	-0.15423693698829827	-0.21587356913584843	-0.03909942907685393	0.11052721668486033	-0.12036975386722654	-0.05513269481142774	-0.21149497774278334	-0.3097251894118185	-0.3244790118016465	-0.33307589868200366	-0.3350821814307543	0.14327061812713043	-0.19446243800835597	0.006804406126492083	-0.292371795402267	-0.3932904718718308	-0.06162212944649312	0.04392867800115388	-0.014304816424576497	-0.1630255860233726	-0.11173537037199846	-0.4991520032557969	-0.16553377050489165	-0.08187337748625581	-0.20689449207966315	0.05874884437743582	-0.10328589250078671	-0.055618671615641796	-0.2992638382043386	-0.2578981173069289	-0.06595496381258263	-0.26544899825129087	0.04329294272576045	-0.12038489870929203	-0.41659334305736284	0.28303745090300003	-0.09663286399586045	-0.4404266070070249	-0.35502335043684324	-1.158382612266623	-0.06007288497470516	0.9166071483718691	0.12843778431928068	-0.03447077981933707	-0.4192284564086067	-0.725526382088467	0.9556654287929423	0.21382207648884843	0.7709835236865545	-0.9159552719334378	0.3259642538357703	0.1220898413712461	0.36294459162303455	-1.221030646411661	-0.39966147091284676	-0.7023488736450126	0.06583916834275658	0.362702861993216	-0.780415984902781	-0.2672897926746045	0.3013427581633329	-1.3074992595226556	0.21382207648884843	-0.5526006319738435	-0.7363268633965485	-0.7480446910758186	-0.5715568335873155	0.2948827372997183	-1.0810087706377214
6052	replication	-0.09629842230467464	-0.3067422246898418	0.08967783731702898	0.19084570602202702	0.12513426856151008	0.06927393768362948	-0.1595372354194217	0.02444842363291054	-0.24368245726095056	0.03228367159520315	-0.20971161529190138	-0.41646197595210804	-0.8310654404091583	0.21628100853618185	0.21610620162870145	0.12188535688827205	-0.271153969289727	-0.6188971438558755	-0.18743615413948136	0.4958585519131939	0.015136392356558136	0.167898841777375	-0.02060811496482093	-0.21677882581623256	-0.15682998239207055	-0.537119333640288	-0.3687764091056268	0.3145615286336155	0.030064575100392194	0.027653696128177623	-0.5637350915032342	-0.7241080586317155	-0.70057383835648	0.3797758603965075	0.43740584307805874	-0.5594222884601802	-0.013270035984938547	-0.0694342478887095	-0.26348797427216375	-0.12147619911121665	-0.27308186434480924	-0.31487178524395204	-0.13685263375964432	0.3110393212781899	-0.03635180216164463	-0.47887403836251147	0.39384600510988166	-0.2273397627160368	0.48155589857975156	-0.13565053115997297	-0.26983940121347594	-0.4492900469287496	0.02031854528910936	-0.6359360900154377	-0.5574727882649902	-0.672923797048311	0.1083883931501161	-0.11989110708276518	-0.39239563091270974	-0.2108119641109068	0.7166647980660107	-0.9073895914538085	0.5806021103987304	0.6481282211845958	-0.09136525960386063	-0.3078493717524788	0.7236785730826406	0.5366116902846704	-0.11601297724138168	-0.4069989847523696	-0.028758859689211658	0.9958114258449027	0.22403714489099658	-1.570037389923978	-0.8443928980749447	0.03012579355827686	-0.35338362887266633	-0.367680227313413	0.6481282211845958	-0.7658813086569524	-0.4580968669476205	-0.35227325345749844	-0.5199607944966238	0.7009616993417906	-0.38649718850898584	0.14268852952877106	-0.05341595552514965	-0.3178795390690656	0.2526625785819764	0.13604736764854636	-0.06881445874418954	-0.1672950924073308	0.032560604716760436	-0.277893658329516	0.10457426960342368	-0.08789751303986781	-0.2812731481728102	-0.6075954084269559	0.24244073463568852	-0.07470416974555283	-0.16789467092200228	-0.19539195221050729	-0.4914138452285693	-0.2635686542236016	0.5682606022693318	-0.1159020240045068	0.00020739458927936571	0.046613371568421436	0.07919199081011243	-0.06057775453053777	0.4748768515286876	0.25871494690814867	0.23928141667143268	0.0642551769138662	-0.014841339143337488	-0.646085089788736	-0.7942876434143513	-0.48834955859211004	0.39590393220684605	0.01307622219905194	-0.6096490905133823	-0.17058923160899606	-0.1597179569099485	-0.28491343916034245	-0.2761477032423973	-0.6132716869699806	-0.02905626569294577	-0.19737861809964602	0.129176411880187	-0.08575803777364369	-0.4978568805777002	0.1374265157161792	-0.19900192038884476	0.16922455088042432	0.00038864591359247415	-0.8905389859096877	0.31810612105851027	-0.4826256462329292	1.634095769719563	0.40654080746055526	-1.2728274404809528	0.11139241805683439	-0.4854889968567189	0.6676298924800036	-0.3203198664706376	-0.7459027596872131	-0.7917600296538433	0.3031377474305831	1.0839356261515447	-0.6870311518610606	0.007153662870845401	0.15735352886063664	0.44238738502292196	-0.5181940885170863	-0.4414666932992337	-0.45720178601660155	-0.4453656481040674	0.13345902788903552	-0.4775844766124542	-0.7965075232474761	0.14776532552024813	-0.6610879370242022	-0.5209916572356076	1.0839356261515447	-0.8920738104005208	0.14148451329188802	0.5403758267667049	0.8704409625733671	0.04682369823065417	0.9272637808242771
6056	replication	-0.09656487368779922	0.18934513018255303	-0.2502579249640747	-0.7202519500027031	-0.27947247211882636	-0.19675097444868703	-0.12136793872427827	-0.2574944436519283	0.01543828500351305	-0.4555171406110564	-0.0037351884363000117	0.2700947319338837	0.17440011504061292	-0.781558854464604	-0.17767891338980324	-0.09633888848698598	-0.037690602747288963	0.1534917107684789	-0.006856356423055678	-0.3552508844080868	0.02831838153646924	-0.12440660343342287	-0.13081521631677603	0.12643843529991064	0.19141924613276332	0.38605492498265853	0.24526662411529349	-0.17082699885684133	-0.2604834545261692	0.04723530578019968	0.19323531039362427	0.379190046819596	0.4482640692583811	-0.425630385016842	0.11220681885305302	0.3902844114783626	0.1995398550250649	-0.3056704812676249	-0.04473742385145294	0.25864290348742164	-0.14050278332288194	0.26390866795631046	-0.03277255587477257	-0.11210258778242561	0.2799577432535937	0.1352568412798112	-0.38063617338430666	0.02890385439187191	-0.1476687984125209	-0.13389297961844318	1.0579590545566673	0.4948528675922428	0.9556231546228293	0.39620266500893403	0.3737984400786176	0.5793666157466334	0.2232248259251034	-0.8219838013437523	-0.5773442813106496	0.7157108797825026	-0.41144742264632983	0.4359806496689606	-0.37667105611062973	-1.1534957276847921	0.6420505945698755	0.26800960706260785	-0.010920504552215583	-0.1908170492570107	-0.09401947299876519	-1.332078130962242	-1.7552180988121555	-0.40554228808639214	-0.5420742093619098	0.6158609766583634	0.1433498507337455	0.6182661278838495	-0.13830389689423567	-1.5415008346658778	-1.1534957276847921	-0.04869113116658605	-0.22634657829787797	-0.3868162160613334	-0.2462437201419534	-0.3578637568413186	0.3605123596428377	-0.19373848399904495	0.07954919890249669	-0.12432964757974191	-0.31884381637344916	-0.2556384615385386	-0.08131914520736216	-0.15904734475942284	-0.22540806494440668	-0.11134357924501054	-0.15004650610942252	-0.1323374436284556	0.18351016711523951	-0.11200194456242629	-0.24762639056284502	-0.08964495116525702	0.02841768229001831	-0.10814199867852754	-0.13132278635953035	-0.09111014419723186	-0.33500480504433905	-0.1440340248688945	-0.21910277230162	-0.07548588484207533	-0.036342924232690046	0.04441895392595002	-0.13262181197721534	-0.07613955689580208	-0.10363464589124942	-0.10497967683684302	-0.20481144691495765	-0.048628761839218715	0.21577807021720738	0.649947840404656	-0.12467697034950503	-0.07594769747564047	0.17509780606883762	0.0680488846219567	0.044747903627451416	-0.22326829856039632	0.03918072094044996	-0.37426937074294775	0.1027812646606774	-0.09782753027578775	-0.23130905047007816	0.0994811981349941	0.14332217077796705	-0.27963749932310294	0.008196865392175354	0.007081933470794287	-0.08928535747264314	0.4692229784787086	-0.4009859619645026	0.023513106556191505	-0.1948015329900208	-0.254798652606351	0.0360664692091589	-0.44431122417635	-0.8940460116267658	-0.3472952670551102	0.7455874411705842	-0.37978245818513195	-0.13299667354374153	-0.355987798887437	-0.5127581135858531	-0.3853150665387238	-0.20750881061935256	-0.04148163239388171	-0.5079831876852944	0.21927624363967957	-0.45547002575540624	-0.2400264580499825	-0.7708110818714138	-1.159982707822545	0.2881645652980176	-0.5407491009144643	0.6312843121466272	-0.2748520827536348	-0.581655056850811	-0.5127581135858531	0.29443083098072365	-0.6429697964741882	0.7135564165110353	-0.11265350589584132	0.40026658002726634	0.1912532670640854
6059	replication	0.3620920258141302	0.043970933460298275	0.03624053574045267	0.5205629635356354	0.32197394288822373	0.14276077951104857	0.2266070462288378	0.2377423203508429	0.42036706198135776	0.4487990653753799	0.16181993216845772	0.2295381883261494	0.7282323237770855	0.6562471733254863	0.0517346982389508	0.19650103426747215	0.29605581734016506	0.5954024281618836	0.28387775346250527	0.30776126568785317	-0.08552070740447988	0.16824160920431888	0.012577767244273085	0.06889913047028064	0.09814038183296152	0.5646535360840428	0.331587953196826	0.10520325270246207	0.12732914275763574	0.22065993673265993	0.22697317513576498	0.19754636676150192	0.129107090756231	0.28596301590907586	0.20164749362282364	0.3098617135208483	0.06496431109842486	0.2751827365283889	0.29191348073658024	-0.004371785344176633	0.027109278612955662	0.19201937160845794	0.21233058300893246	-0.09275279893397344	0.007626624684069228	0.13116898077125486	0.14339089289426296	0.33158595115704115	0.1931634943255768	0.3090588806860236	0.18587820616961867	0.30141279582876807	-0.17911867627356082	1.258486043183386	0.5667628013369219	-0.13907008182631267	0.08381416564705763	0.8196732770437608	1.3515555454964334	0.20572328168757997	-0.07163218064961356	0.8271462466575626	-0.20472995465241706	1.0696495664240613	-0.2624476951300709	1.269418107013916	0.384133021768787	-0.16532534328754306	0.020638572665320126	1.5993438939741769	1.312557994963676	-0.004734676218696943	-0.9102269514393366	0.26311812910631216	1.8971612340597268	1.3467140923372038	-0.14476904105687202	1.6486354277127104	1.0696495664240613	0.07309703791249832	0.15085932241974082	-0.9674295750067265	0.35576613710348876	-0.16555486913520231	-0.30910968467630584	0.3621709546048107	0.2689556712422574	0.1945530459509892	-0.6627972190999193	0.036315086849539	0.15317168767088157	0.17312864405037703	0.06972093503072259	0.34570480900793377	0.2544159397537463	0.3838309303142229	0.38310052559453167	0.38419358163038375	-0.3269624767662995	0.21784427974739168	0.24129360915234807	0.4026723977821554	0.3172285934290997	0.47098859266854876	-0.43964910303700544	0.3726854358509604	0.022396142632264353	0.026342304112367994	0.39618727862597014	0.26329083549388316	1.25584538636224	0.7111171629657217	-0.12616828889656312	-0.023978918092091753	-0.08722213921325087	0.7624545325572167	0.7385909618182075	0.5578954207213974	-0.16797279027508183	-0.0724742748541059	0.9442447413674109	0.2658622110037222	0.2851235472404798	0.42578451597663103	0.47534441563782864	0.2927250723102127	0.5551104182602933	0.10422727819087838	-0.01938644427364165	0.2359337140091699	0.47772812118638347	-0.5082179379045334	0.6257664278062297	0.25878960744216406	0.46364614097955004	1.7711759808990988	0.23165762817787805	0.1503777053006311	2.756527829386576	1.2057843911359312	2.0681488452015935	0.29136893039574213	1.0624900530500552	0.5563338722713571	2.015344357601486	1.2324546075267835	0.5747454360876144	-1.0994563269203623	0.576307492232028	-0.47939813560802225	1.848243977853833	-1.2436788014437052	-1.3476526347724411	1.0814536283046485	-0.39322911961407003	-0.15238514377930182	1.5555260052860531	0.20377248743683873	1.1780627421732115	0.8368067545127605	0.8908058077604764	0.2741813578459261	-0.2907028064907995	0.576307492232028	1.2235795676428427	1.0361184455417374	-2.1110272241641512	0.06732266779740803	1.184467277774043	0.48219509235452374
6061	replication	-0.050586037980525245	0.023079025744732914	-0.3874256191898957	-0.3364032686380104	-0.07089702539446834	0.1191816721034373	-0.021792400293702097	0.03631652977743174	0.11349592078314528	-0.3437056813524646	-0.22150437028910372	0.17422907703142942	0.3062562707214525	-0.4278353112605411	-0.009906812413064616	0.04634536195800397	-0.09489334823598966	0.31540566263811554	0.11132207224113133	0.13310449696181653	-0.1975660964768794	-0.04930151709812217	-0.17273743711550837	-0.02869372427301331	-0.07343004014089059	0.7911135667341591	0.3506116563301185	0.143834325061733	-0.40479609651573073	0.03594551531909394	-0.033803999431731235	-0.23196278212754712	0.12178336939631682	-0.0804434901603171	0.19407155306469415	-0.1189953281633394	0.1955443187821723	0.07554861457648537	0.07629562429669759	-0.07567733163103166	-0.5574219128755096	0.0005830572033255872	0.08526959996709065	-0.4216163743983269	-0.08333187317181756	-0.0477296290494479	-0.45006824604840684	0.04529202564293769	0.37424849055399145	-0.0072708718065373525	0.1224141886701101	-0.07474156008963413	-0.00779088002211505	1.3885238773875124	-0.4424032030431424	-0.3618954108280768	0.014590239897343732	0.6852158670262595	-0.6217506161439837	0.16408057168967355	-0.2799368049318191	0.5729908228321267	-1.040905887212473	-1.263753738777727	-0.010542091255390934	0.08036816792129062	1.160196113660107	-0.32372178052075773	0.2977511802512446	-0.253718760205682	-0.9572309268601735	1.360742440848933	0.9892281079973438	-0.1885293371400784	0.7975130255101295	0.6896068249092504	0.15637821489173714	-0.009233998919272825	-1.263753738777727	0.3024859378541107	-0.5991489940487921	-0.06388675346957778	0.037367366227535934	0.4198425136024176	0.5319956349911761	0.01945367198943597	0.31186722360826385	-0.22422450985711262	-0.04043085429540494	0.14992068357556337	0.18029127096325054	-0.0035923139307870054	-0.18157451264768928	-0.14642224450451907	-0.06616983464862938	0.1281545915760368	0.27498369978433684	0.9312354626551681	-0.02142151179122286	0.0342662445971723	0.1318806975353519	-0.07261252337438429	0.9289813541103982	0.23728921311864098	-0.12509266486352238	-0.0699011444758698	-0.08898828870151192	0.09312200864521962	0.41018778766764624	0.32566824857846954	0.5955883386479108	0.47134264974522394	-0.03984305226830862	-0.08606827219204882	0.35218672157888176	0.2650675055136011	0.533184953880259	0.7858888426453671	0.04588949686654054	-0.07150685421147733	0.054858808954434395	0.05757910815598721	-0.15250672990094227	-0.09181505077106886	0.3566785351034175	-0.13165115702949495	0.060322596002594916	0.2080635088129755	-0.16274383979536927	0.2380602526854575	0.38596194048078364	-0.3863700125089282	0.27972181442232474	-0.05537297496963031	0.006485667480220682	1.3262161659616838	1.6397131811898573	0.3370013666853476	1.3784150202592227	1.2393814881012812	1.9295953144293911	-0.06161590344416629	0.6504482359386955	-0.08293950877015023	2.8474465928696002	0.6383351229257892	2.1674526532157405	0.12393977422606406	-0.5299489209124124	0.5835305513972397	0.5181729291233026	0.01607521014126867	-0.280752220251294	0.9024568691192849	0.5435636772849259	0.2791292310557427	-0.09113620685917692	0.747115347871968	-0.09695324743934342	1.9298099738988332	-0.3547398790955903	0.6660763828135232	0.3175782035750508	-0.5299489209124124	1.2212599744001797	0.9371574942007886	0.22656242141259544	0.5654823444211072	1.0698743990775559	0.8369078790295089
6063	replication	0.33121292854031975	-0.23022107973091233	0.1796596775603539	0.25677991433990477	0.2501299905825108	0.05629757154050685	0.13216119080849417	0.5529707654844505	0.37546707042870175	0.3078340817684769	0.02245285856203628	-0.08272624601717667	-0.9162175310167358	0.2254914386652874	0.14858032118274592	0.13019436816568722	0.335495665661436	-0.7815416531386551	0.041372914629644895	0.24502908570199222	0.3024477688824695	0.11669553254744437	0.01378826760885317	-0.180847909091864	-0.21438505149493342	0.140632194081341	-0.04641422311776406	0.09799445118168912	0.007627114727694917	-0.12747376791737813	-0.15202645384837646	-0.36404348416909854	-0.7373243700901383	0.36066740027862587	0.26126864851380704	0.14030993382554055	0.09944548119703497	0.2467099115649588	0.5141377545664702	-0.08212271276564581	0.1723423555351981	0.1773826730656818	-0.05156661268514947	0.0657705612582732	-0.22703805751360456	-0.3016872155028162	0.28999804726405853	-0.06607674108861876	0.22785943151390528	0.313158046331602	0.228338470170315	-0.711060689469714	0.5854472452982874	0.31438071600541956	-0.07971213961885897	-0.5145550793605224	0.337312048040282	-0.4806219550002999	0.04876590529508037	-0.6048957761031354	1.1289363374724097	-0.710094077094757	-0.22562172673802688	0.5729063115116556	-0.7196454698604595	-0.25538917555615775	0.8558182612779446	0.4397117497206074	0.10200073590875547	0.8099522614848089	0.8552178870888527	-0.6512692052057214	0.6922511167385097	0.4383090524606482	-0.554238873695207	-1.1759147484448298	0.024108647148060547	0.7915131746350842	0.5729063115116556	-0.457645489871556	0.006352438571023883	-0.20952579718122558	-0.5358918670247486	0.2820462520579206	-0.2855264103805897	0.16537091239043986	-0.18905679172347692	0.30581667898055714	-0.2633706438949766	0.14045326406705966	0.35460603385863226	0.22974759893846775	-0.1033550456864324	0.12845633080924707	-0.14461662113004087	-0.08381026587221994	0.7025165060359759	1.0804274997681653	-0.24284034514905417	0.13659019693160157	0.29907535112423084	0.22102296524433523	0.8662433346019159	0.44185007271337856	-0.21379064522820304	0.28831027984823165	0.11904297761786309	0.021448604405443685	-0.149463379815967	-0.30667394456664687	0.4877536088711642	0.16669619630801713	-0.10289879365562732	-0.2653580586030503	0.3636484838638338	0.4920595888080318	1.041074965667694	0.3685006229332488	0.047058997023431436	0.2791343048507683	0.6909665166404234	0.3050698592115581	0.23569280487929353	0.27438715507578004	0.4665261181218148	0.5724709803545449	0.4154252536285993	0.3026958014707582	0.11292740974934823	0.11242972152995322	0.5038519666382182	-0.09413822078160064	0.2922560708493461	0.2671439685883993	0.13963908591413352	0.3832271583674609	-0.02018781261945986	1.4262303463890913	0.7733542442709174	0.31516991303736275	0.3637986635116142	0.42161454114439556	-0.31495522971445844	-1.410523295012073	0.2636175852150312	1.4195502052594176	0.9191313817520506	-1.1049739972229957	-0.36717745774375743	-0.5555092994285051	0.14497760763600193	0.4883524267625293	0.46807344728378825	1.1326021546003502	-0.7324098031856299	-0.02453134893268616	-0.7663052419859577	0.8914889037142718	1.1436790364808622	1.680102110155253	0.017274371617276185	1.2059592112943864	-0.7852911236900665	-0.36717745774375743	-0.7404564404269838	-0.7099819200693774	-0.20644547607993538	-0.9344438240912147	0.35971474545037324	-0.5855993691721177
6071	replication	-0.11043862405956995	0.006064719541126546	-0.20329342101957645	-0.3308176063593968	0.09642676838728263	0.22381235686827985	-0.049742292205256076	-0.07121206115676187	-0.10836002279915134	-0.29240969577652376	-0.10035987052402277	0.09862983313667723	-0.17923478969985	-0.35662266022158323	0.17581625237238768	0.07886819111312783	-0.22528540632755062	-0.19514735477894565	0.019358950814352082	-0.04750542659412734	-0.0356058055988566	0.07066441048025439	-0.019156628288323815	0.127033237831687	0.09859992593444361	-0.3175742310554773	-0.16907105475277961	0.02058484589381289	-0.17226999012874017	-0.08057085415933138	-0.04124391186966446	-0.024919430148498286	0.2608496003350882	-0.09632863570922434	0.15552138034680463	0.10488573924660996	0.2763707996325187	0.0018687084819864906	-0.05892985947450512	0.08824343142552417	-0.488206991602633	0.032657437263940915	-0.2317477619887495	0.23892638942632755	0.37225855616877673	-0.040500424411325064	-0.292703104712061	0.1269343834637828	0.45582574385745916	-0.03375412274435592	0.301702342473672	-0.3103337689722258	1.0342801531360533	-0.6386652718157396	0.07657508079150395	0.08551485830212968	-0.32127895977004417	0.018515814513829183	-0.8806924207327244	0.45179551910937976	-0.22187612759734932	0.0810541732563057	-0.658436994346442	-0.007602748962158901	0.44953167978089925	-1.064370059283521	1.1728228119148327	0.1477368533475399	0.09378732158002291	-0.5426089645905485	-1.325972758829802	0.9736006353656401	1.2040915869734505	0.3506583616531118	-0.7907212429885685	1.9178485948806763	1.035342271925911	-1.0228448934465069	-0.007602748962158901	0.3336936264746689	0.27040451894436074	0.5985102203444341	-0.0964803169406005	-0.04436444101565362	0.3120970821754845	0.09873284553545715	-0.3136733816125762	-0.15454704209640813	-0.6989713016353253	-0.058785819542863285	-0.25115249207937734	-0.1517668432746445	0.4507817946668667	0.3352157505975489	-0.3069677968512568	-0.19566773754773717	0.022952910121588843	-0.0011609770899393462	-0.44930481824209445	0.10217717005261666	0.10162325712028125	0.2561528319100581	-0.028533711200590853	-0.08898960630227837	-0.16134526780035524	0.009031031764486894	-0.15192274047018056	-0.15817021425379937	-0.05492529924651693	-0.1112541037311589	-0.1704087906958951	-0.2143693925669089	0.00212400271026948	-0.2262716698805971	-0.006934363757828542	0.12638343831558627	-0.045324133332596064	0.16364161939258526	0.026703480236142635	-0.002803263940432418	0.22577260019163994	0.10103598450836415	-0.20642410831041474	0.3820873839408425	-0.06904834204092829	-0.3261923470850697	-0.0070284255049616285	0.07011459429165058	-0.1504795800021979	0.13873525111145127	-0.0962431162805202	-0.15663984099995276	0.03387781736596809	0.059079852908570755	0.15451020325423176	0.5327089763197608	0.48462571037490815	0.22432043377023794	-0.3864991733573778	0.6248880905188893	-0.26029489168875286	-0.36688313162055003	0.10548970623213227	-1.0165918273456693	0.08309436304518844	0.09043358302093825	0.7878608698008572	-0.8503654441100172	-0.5461396666473977	-0.8625424630071594	0.22788581865914642	1.548329049691037	0.598563557463455	0.5701236879599241	-0.31186308646050215	-0.008512800518533092	-0.005184032208365136	-0.9211032878509129	-0.8905974322783197	0.3084635967325986	1.4221782593021737	-0.08377901024764801	-0.7125188338732075	-0.5461396666473977	-0.8238169445700775	-0.13404569219304202	-0.32891531456664136	-0.825412451527004	-0.6010069166324099	-0.6532404126553598
