patient_id	cohort	tissue	BLD__Hallmark::HALLMARK_ADIPOGENESIS	BLD__Hallmark::HALLMARK_ALLOGRAFT_REJECTION	BLD__Hallmark::HALLMARK_ANDROGEN_RESPONSE	BLD__Hallmark::HALLMARK_ANGIOGENESIS	BLD__Hallmark::HALLMARK_APICAL_JUNCTION	BLD__Hallmark::HALLMARK_APICAL_SURFACE	BLD__Hallmark::HALLMARK_APOPTOSIS	BLD__Hallmark::HALLMARK_BILE_ACID_METABOLISM	BLD__Hallmark::HALLMARK_CHOLESTEROL_HOMEOSTASIS	BLD__Hallmark::HALLMARK_COAGULATION	BLD__Hallmark::HALLMARK_COMPLEMENT	BLD__Hallmark::HALLMARK_DNA_REPAIR	BLD__Hallmark::HALLMARK_E2F_TARGETS	BLD__Hallmark::HALLMARK_EPITHELIAL_MESENCHYMAL_TRANSITION	BLD__Hallmark::HALLMARK_ESTROGEN_RESPONSE_EARLY	BLD__Hallmark::HALLMARK_ESTROGEN_RESPONSE_LATE	BLD__Hallmark::HALLMARK_FATTY_ACID_METABOLISM	BLD__Hallmark::HALLMARK_G2M_CHECKPOINT	BLD__Hallmark::HALLMARK_GLYCOLYSIS	BLD__Hallmark::HALLMARK_HEDGEHOG_SIGNALING	BLD__Hallmark::HALLMARK_HEME_METABOLISM	BLD__Hallmark::HALLMARK_HYPOXIA	BLD__Hallmark::HALLMARK_IL2_STAT5_SIGNALING	BLD__Hallmark::HALLMARK_IL6_JAK_STAT3_SIGNALING	BLD__Hallmark::HALLMARK_INFLAMMATORY_RESPONSE	BLD__Hallmark::HALLMARK_INTERFERON_ALPHA_RESPONSE	BLD__Hallmark::HALLMARK_INTERFERON_GAMMA_RESPONSE	BLD__Hallmark::HALLMARK_KRAS_SIGNALING_DN	BLD__Hallmark::HALLMARK_KRAS_SIGNALING_UP	BLD__Hallmark::HALLMARK_MITOTIC_SPINDLE	BLD__Hallmark::HALLMARK_MTORC1_SIGNALING	BLD__Hallmark::HALLMARK_MYC_TARGETS_V1	BLD__Hallmark::HALLMARK_MYC_TARGETS_V2	BLD__Hallmark::HALLMARK_MYOGENESIS	BLD__Hallmark::HALLMARK_NOTCH_SIGNALING	BLD__Hallmark::HALLMARK_OXIDATIVE_PHOSPHORYLATION	BLD__Hallmark::HALLMARK_P53_PATHWAY	BLD__Hallmark::HALLMARK_PANCREAS_BETA_CELLS	BLD__Hallmark::HALLMARK_PEROXISOME	BLD__Hallmark::HALLMARK_PI3K_AKT_MTOR_SIGNALING	BLD__Hallmark::HALLMARK_PROTEIN_SECRETION	BLD__Hallmark::HALLMARK_REACTIVE_OXYGEN_SPECIES_PATHWAY	BLD__Hallmark::HALLMARK_SPERMATOGENESIS	BLD__Hallmark::HALLMARK_TGF_BETA_SIGNALING	BLD__Hallmark::HALLMARK_TNFA_SIGNALING_VIA_NFKB	BLD__Hallmark::HALLMARK_UNFOLDED_PROTEIN_RESPONSE	BLD__Hallmark::HALLMARK_UV_RESPONSE_DN	BLD__Hallmark::HALLMARK_UV_RESPONSE_UP	BLD__Hallmark::HALLMARK_WNT_BETA_CATENIN_SIGNALING	BLD__Hallmark::HALLMARK_XENOBIOTIC_METABOLISM	BLD__pathway::IL17_signaling	BLD__pathway::IL23_signaling	BLD__pathway::TNF_NFkB	BLD__pathway::Type_I_interferon	BLD__pathway::Type_II_interferon	BLD__pathway::JAK_STAT	BLD__pathway::Antigen_presentation	BLD__pathway::Complement	BLD__pathway::Neutrophil_activation	BLD__pathway::Keratinocyte_differentiation	BLD__pathway::Endothelial_activation	BLD__pathway::Hypoxia	BLD__pathway::Oxidative_stress	BLD__pathway::Lipid_metabolism	BLD__pathway::Insulin_signaling	BLD__pathway::mTOR	BLD__pathway::ECM_organization	BLD__pathway::TGF_beta	BLD__pathway::Apoptosis	BLD__pathway::Cell_cycle	BLD__regulon::AP1_activity	BLD__cell_state::Fibroblast	BLD__cell_state::Endothelial	BLD__cell_state::T_cells	BLD__cell_state::CD8_TRM	BLD__cell_state::Th17_like	BLD__cell_state::Dendritic_cells	BLD__cell_state::Monocytes_macrophages	BLD__cell_state::Neutrophils	BLD__cell_state::B_cells	BLD__cell_state::NK_cells
1001	discovery	Whole Blood	0.2831060441343476	0.24937034596208582	0.3428784149827773	0.28717331208177305	0.08745677932630631	0.2654528877376168	0.40793437033152397	0.1501171651738742	0.14036363638500068	0.296731232005747	0.4819949207435351	0.09778872132380156	-0.1699028032807806	-0.002501101280741577	-0.006523910048837985	0.16326148024426299	0.2912735313934031	-0.02299936139685356	0.2644768355177114	-0.05651391880274298	1.2853453657315619	0.502172606972534	0.2198048700887474	0.5327783957840004	0.3884041565244841	0.40019190564961754	0.39473985863588507	-0.13746607713935358	0.15495457011772998	-0.14472952914004264	0.3165127244932544	-0.02794158007308971	-0.4437954714508083	0.07168911030943756	0.06945772155621063	0.13246364466211916	0.2993540070541885	0.0498593828434003	0.15588826494832295	0.5497683673313699	0.33834559515637125	0.7886263765289013	-0.38065197495645603	0.34241516985259535	0.5444197511404208	0.08632581101786752	-0.039759514945579146	0.5736910400420664	-0.1754225533768693	0.10662481309815473	0.4447286463870544	-0.607070115636817	0.9181798222286227	0.3134648500171701	0.04773186672310725	0.06164933964535685	0.16031949157607536	0.17719210804172647	-0.04821279791318711	1.6406140053553266	0.24236517102001817	1.1692157081315862	-0.7389823507892102	-0.3803251431323216	0.288283429610949	-0.8040008196721425	0.7151164870209323	-1.1047757810456562	1.4206374552124164	-0.6036783201279893	-0.305746402714142	0.7530652303010869	0.24236517102001817	-0.6032889797255859	-0.12347177404580038	0.2833606672052939	-1.023468124065027	0.8923259299290037	1.1571148268831006	-0.11915493985038783	-0.051660050680068015
1002	discovery	Whole Blood	0.2941382473060264	0.12929158857289208	0.1137124649550486	-0.13741648661549952	-0.18044715884664828	-0.36000576374578724	-0.154404213536627	0.19043710126703642	0.1468443857183626	-0.1448849544625273	-0.042997843374018685	0.2667158449432424	0.11057320903843897	-0.3461859055312535	-0.023475793105400745	-0.07302979248877166	0.5013764438622665	0.016950519283979275	0.20314996361955887	-0.6699425688448907	-0.30087402830602633	0.045123810451864296	0.07291895020112513	-0.3162983475511551	-0.22568553002355082	-0.38389357244586947	-0.3021486431252852	-0.16077725124792835	-0.104197545685351	-0.28565839378123686	0.26238005353681193	0.5681645505198974	0.3166412303376538	-0.39841481900698633	0.04702570068777103	0.42354505606546977	0.16529695794852559	-0.5375428490175648	0.4703315743391958	0.025288761690065293	0.4151796012376487	0.11432400231574713	-0.24460763192531942	0.07810116427745266	-0.11833940304512652	0.4275313622053695	-0.0467225526624472	-0.11263261970399904	-0.14780675422544765	-0.09510390870435373	-1.8260984159647777	-0.5081865305433497	-1.1574390434187227	-1.0260349044871782	-0.4660435833032771	-1.614763128645043	-0.5844648143267106	-0.07037674196825555	-0.8011299581711371	0.4845092994216602	-1.1282539656744572	0.24238288511589817	0.52129182926413	-1.8816284808612314	0.26151533695712603	-0.7773341184010604	0.32487802194123894	0.6821068433377003	1.2175230639669088	-0.28915498457137023	0.024735176567535634	0.04640746069308366	-1.1282539656744572	0.7114428253461695	1.1940774723075527	-0.09125444343499639	-1.049490576409242	0.1795369644179574	-0.6588402981176396	1.8993078822179874	0.7495315789042196
1003	discovery	Whole Blood	0.3713165503543704	0.3002143816148181	0.1782852747961783	-0.05355710642731668	-0.01777562534618815	-0.13411071163912805	0.12720574083642314	0.014568896917679795	-0.03584727763571204	0.02218965441842108	0.08685552525562021	0.24606716858888325	0.2027385801526464	0.09124481597356782	0.015289675267202128	0.06589538607460907	0.49762446186394255	0.10195693624841196	0.2990838031897972	-0.14321920681686898	0.6858560477166797	0.1254492837378271	0.1707997831696834	-0.13667536976768155	-0.14813452120743614	-0.3210623030115217	-0.07274097247398166	-0.04166458232716381	0.08459781132350591	-0.02868383826846912	0.3401795115465057	0.4047202404551499	0.40007254043003543	-0.06418907177900063	0.004022672293485254	0.40283242285015425	0.10347333087671835	0.06525180948526117	0.3576624836254935	0.07165726259584419	0.3181556321046867	0.22545012427588992	-0.21427752566516556	0.17263199237308224	0.03736165953790285	0.529835313568786	0.11331093179754946	0.42327519488652515	0.06359266433397724	0.3301238565916645	-0.7368046364795542	-1.1570588463163585	0.5536805105014818	-1.044954538245428	0.28336838700833417	-0.4985042757028661	0.00820280719646238	-1.1322433009116943	-1.1352837520254506	0.5182201759878069	0.1646745593151679	0.2470033982413564	0.7511765914559095	-0.5502241092697191	-0.33720678635190376	-0.46503471003653907	-0.7595478727935521	0.8946863805717786	0.49042182615417773	0.3971775800709052	-0.02511321392984661	-1.6846958507200769	0.1646745593151679	0.6177851207940762	1.2522636070317423	0.7737336444437111	-1.1631358143380164	2.2416018548400682	-2.107863527668231	0.7566215787013764	1.0770877737581535
1004	discovery	Whole Blood	0.18597729202775434	0.06915972635192989	0.1728700720061175	0.06125033295723057	-0.03222087282369852	-0.08156549685352169	0.13019446979592986	0.3015006899748002	0.022374104822478456	0.1438531039926539	0.23044183074852728	-0.03282744600961862	0.056792765593082384	-0.15063961668695952	0.034363958617414606	-0.038519940335493046	0.11306124156790459	0.1159472753432194	0.3003337491854279	0.2775522878014747	-0.3192643871215553	0.028527209462825817	0.168517605780672	0.31138783429205286	0.23895975833800648	0.2676597349434425	0.3417442464690903	-0.14947771699870055	0.015513294506322243	-0.030389571075371824	0.3183323121537776	0.24720306996160674	0.14734211366951752	-0.28800681141274626	0.14865654571426787	0.016763643543018708	0.19275502692080734	-0.2587682195322314	0.545306174495255	0.06621286889940187	0.28321272636081657	0.04171773096606921	-0.1713176028139856	0.36579416436428247	0.31247621680503923	0.14884402229010585	0.041447860900040184	0.2914570520913008	0.12905997959552545	0.16188032633766516	-0.7085170619877628	-0.7111708339927931	0.26237003803299896	-0.2813154019000431	0.41691728066911743	0.1720741325812768	-0.5378135756901945	0.07172635775862624	-1.7111818207652396	-0.5490609340319177	0.9478356847023495	0.8523160068006383	0.7151185010514187	-0.4056075245828167	0.3007153782033114	-0.3591158175058621	-1.445926893610528	0.40034071969797913	0.8076900587876956	-0.106699100234181	-0.9091170886271854	-0.3717283997946253	0.9478356847023495	-0.3133090113555295	-0.208450120924353	-0.12192770205585769	-0.16631861827018646	1.5198171833683314	-0.4252454774116986	0.5451985812348688	-0.007604431741086045
1005	discovery	Whole Blood	0.4212752965235294	0.1811377609809687	0.063583056741797	0.3599808910494375	0.05505950443736809	-0.025988774479067108	0.14141329838718908	0.11700339265394889	0.33987494255304035	0.3012096732514944	0.3408836556582649	0.2501537125355604	-0.19686272638593774	0.10818486665577047	-0.055949641715806096	0.013164877311964732	0.35613741898080614	-0.18361759602749758	0.36200153521368644	0.07098753045838514	-0.05569187615225605	0.2450481164466871	0.1702976523885152	0.08649253411053412	0.2867360194526271	-0.1533331964064429	-0.1877557214873654	-0.18444680546845255	0.1206072809878167	-0.17429225810839694	0.27301508461139035	0.1787149697350726	0.309558178986887	0.086316090333573	0.2359562002614482	0.3256685310975987	0.3586462950842208	0.2219948037672067	0.42279342951910964	0.2840878183793563	0.27282601797256345	0.5112611191483044	-0.16420425107249884	0.21853262280092248	0.3283633964135548	0.3543644033731329	-0.21248358378191126	0.4474644578998058	0.40258782711484026	0.21937747463617793	-0.36228340926843083	-0.17349173088277436	0.5322989558631344	-1.189098934219878	-0.8865143153972812	-1.505272158734781	-0.3954590809030309	-0.22839855382115082	-0.8853506523076791	1.1271343460071321	0.2012926268020096	0.30672900716689655	0.5185903009259978	-0.04456274610531946	-1.0975640685497086	-0.6529617069518712	-0.3620649492086851	1.5304744410914617	0.49565573559204584	-1.2231522770489711	0.22430678774043275	-0.6223107798146904	0.2012926268020096	0.45811955601925514	0.8103290999958743	1.7204409054876804	-0.4738703552457182	2.1753352678229767	0.2213278585820354	0.050366399000297046	0.8773284751138682
1006	discovery	Whole Blood	0.20317924373291643	0.1003700614658694	0.12020178106341091	0.38939373022112167	0.024828987492100923	0.14947038572614052	0.02573649454176748	-0.19054677410719556	0.2756540732601824	0.20061362931648166	0.13262358883034267	-0.15241092562485056	-0.1828815497375499	0.03152767131882349	0.01818707128774435	0.08560731008862822	0.1985634098822144	-0.04390968506482442	0.09149634083425497	0.021865592620848265	-0.12035429480461568	0.22843111511756264	0.15347718723888612	0.6771234538331695	0.3876345616454401	-0.15189082875874618	-0.02874382094380061	-0.011209190718401162	-0.02155339697520042	-0.03508996605283839	0.269185037433642	-0.42065627460359534	-0.2659051370855533	0.10716077414109075	-0.06554874661281299	-0.25792612022263783	0.2954073235472845	-0.7981890260580541	0.11063603031128197	0.2896163538120777	-0.0959660588352945	0.44440153883825984	-0.04987975363507944	0.13086243549283957	0.5117658045071956	-0.1580268309499471	-0.1534033367780438	0.30488351613014597	-0.11669118916755233	0.06369860556142315	0.158156749154259	-0.5904767578701491	-0.4038503607647619	-0.39641219700976027	-0.5230195645294469	-0.06037289448126502	-0.8972574068804503	-1.0429525818969867	0.0064606592252067566	0.31492027685939455	-0.09801205472494515	-0.10161561307556129	0.23225197506298134	-0.6900148049328001	-1.1657031110382843	0.38225509135640656	0.6043324065449038	0.8403625043413295	1.0189657953941746	-1.2133896526299894	1.7938076883415843	-0.42694859125901696	-0.09801205472494515	-0.4431107981601068	0.4383231635165272	-0.4632447071989597	1.5128345427489727	0.838342298881205	1.4150612264290903	1.5374613150032577	-0.14524277786060388
1008	discovery	Whole Blood	-0.03845790145374262	-0.08442245179470231	0.0849756953009023	0.42391551485434875	0.25148250586510307	0.23671264534389058	-0.016930579794825196	0.056435062069335504	0.18116942886909582	0.09811491063409597	0.024562959690745092	-0.28569601446507475	-0.2205068027847031	0.15285113100713252	0.1884953677256816	0.05565485356059402	-0.10600242751647779	-0.05385360772292762	0.11118577910251343	0.4054919556894144	-0.014958298609367298	0.17152093702065446	0.048629859104023516	-0.002275473691604848	0.06669255501948333	-0.5369680721981159	-0.37291863848888457	0.1353671011727	-0.00989445683340796	0.12559726760534168	-0.03184409968465731	-0.5251135318248481	-0.01240242546179774	0.1419616290068662	0.05800709186664421	-0.6963929880396403	0.05586440405128001	-0.09189556016423328	-0.05764439706209852	0.11125090893328522	0.00662294636546015	0.034419651009897335	-0.006025043267330803	0.04387545150728763	0.08667776014849822	-0.014766715552439132	0.16236029327690885	0.02997617058671059	0.1611386083737344	0.021784502277546077	-1.0449850732641979	-0.23192124441774772	1.3795020220110814	-1.1732600520032685	-0.9969882295888353	-0.19949273278756588	-1.9469309269112938	-0.2659448260671371	-0.8403498406601255	-0.2079644907272682	0.5648933517726015	0.11028679877020006	0.37569542050296156	0.21073590279749094	-0.07579209362382111	0.25860234477221633	1.2048753624713144	1.048227950365459	-0.10984959719242543	-0.02045937677472809	0.19126875775376861	0.2515733525147932	0.5648933517726015	-0.5306154655221443	-0.059869411167752296	0.4254345942947086	-0.7844345779672217	0.2978730791718409	0.09291191171772453	0.1804642796127865	0.2799978339713444
1009	discovery	Whole Blood	0.08980841443413136	0.020692307227068107	0.28724140163145523	0.14409261764837045	0.040290729580289626	0.22373569348183342	0.10002608106061296	-0.09549684867080636	-0.0056423482357300615	0.10877334249209822	0.09035488321585314	-0.22460509335677178	-0.08908672096477158	-0.07370826431468205	0.08983492305283099	-0.10492012438017888	0.006587533012324988	0.09516376008961572	0.05806568615184751	-0.03315372574617906	0.29850970893141143	0.19866720885203668	0.09223953755147378	0.360591812055598	0.220923421371209	-0.04328140264428837	0.03128268425522179	0.0009587612773163184	0.12903344842506417	0.10097262161392832	-0.03426406508743429	-0.43857504079692083	-0.1726052362562471	-0.03144671893452238	0.128327808752167	-0.5040233856001956	0.0733403861819726	-0.5052521136746226	-0.01889996278939747	0.25947380742522036	0.18121147761657178	0.00256595936856987	0.021469389479379035	0.27272240725707164	0.3480969827672998	-0.09013655661619997	0.1977027825214286	0.08749091003601805	0.23217868434813957	0.16409766575815443	-0.7810386503248922	-0.10523758512621678	0.7117549482000873	-0.32549280319913065	-0.055110240689385845	0.6127045085985509	-0.7187221308846032	0.11455892501421244	-0.6740022739525817	-0.03068162559782739	0.9310775636115509	0.30271059227666386	0.621375676841278	-0.21728499086254371	-0.19514498604130204	-0.43887076901711874	-0.7705966587462553	-0.538292471334378	-0.2734706558378575	0.08385743851839983	0.8531358397278408	0.05556431471432344	0.9310775636115509	-0.4638768869473056	-0.6203188612130018	-0.245773309025067	-0.8301678601569044	1.1512017333965057	0.8687314107484286	0.5208557739892719	-0.8399687140317134
1013	discovery	Whole Blood	-0.08263174585626185	0.09427037571553633	0.0857264095489729	-0.2030445512523573	0.09567627273475256	0.372098765341415	0.1804155380210663	-0.0030164388757726868	0.10666890811053649	0.12990908641383472	0.20558721866293395	-0.1757340394895012	-0.22868269997978413	-0.0024111430812813295	0.15031263641190268	-0.05636431703875806	-0.03139967234796109	-0.08592410726392471	0.11252246191805053	-0.040564499889451926	0.10282084225617154	0.133904510918057	0.0950670035923639	0.08606559747940663	0.16039231344942867	0.6198592245331322	0.36453306583847556	-0.13716268687429145	0.02012704621715136	0.020398089076313537	0.03133191265282428	-0.1982087394591144	-0.13338721136810058	0.012549938087365322	-0.01300912013353014	-0.5231774839966357	0.09203686014572979	0.08618711991023761	-0.01062171774941716	0.32435169580026896	0.15088509861845562	-0.11679972812071189	-0.19756601053382225	0.2610322775670371	0.09519524336110144	0.10428907899820798	0.05156455151919363	0.1369519860421951	0.38276763520867585	0.0017607434535817422	-0.7153567503612178	0.06366410548663573	1.1121779636488123	0.6274397753005629	0.2124894289478254	0.5766246830685402	-0.7711590254692094	0.6675977602393388	-1.4141450073854096	-0.3695546875273264	-0.17755305728323442	-0.9012469427523201	-0.2100785647099958	0.7058441860531628	0.24461277952218594	-0.11834633170309573	0.3962327822248014	0.310906238593675	-0.2734994548945875	-1.1467700547146447	0.06686548306955248	0.6042083378750052	-0.17755305728323442	0.05643979212156591	0.43004288271145963	0.04034029844879958	-0.35350023008881976	0.40726473738030483	0.7629768198249101	-0.7917578074707374	0.6916710048227954
1014	discovery	Whole Blood	0.120937472930033	0.09702154173650819	-0.14410353447516103	0.2658249459311001	0.31320793935517427	0.21750657273626836	-0.010559176290014414	-0.08316125742926085	0.4534677077343267	0.2388010400944717	0.22494932550244673	-0.2000109085570843	-0.37999032669978466	0.15444083879575804	0.20940359503446931	0.17494574891482967	-0.09610370013315903	-0.2661164343156276	0.22459861146357382	0.34408236939984216	-0.25882611964972657	0.3361037712729529	0.04066164387312043	0.22927831324122583	0.2794542441619024	-0.08439737510914584	-0.08991981487917274	0.2204234238397625	-0.0715927874929113	-0.07185471218317423	-0.07553094370427106	-0.7869575645882656	-0.39483477585527865	0.27184241330182013	0.2429751996000588	-0.49940095432915976	0.3125571307121223	-0.3569898044120294	-0.09648454897264742	0.2536729518080901	-0.20318444375002315	0.08185078881736037	-0.2392411616441295	0.3142659888035032	0.3341360600282344	-0.08798298528278642	0.01129352451130175	0.29171567954285005	0.27821027319613445	0.2765477428521463	-0.8412075719414276	-0.05951651296748423	1.263417327786969	-0.9531849172788405	-0.7253367361745867	-0.4492767242414457	-0.13393630156427774	0.27005212884939866	-0.9348949321022135	0.37241780539134184	1.0375478424004367	-0.49096872899986566	0.3078672976341552	0.01757082576126423	0.1920495761143325	-0.33406420446917806	0.7194244890311386	1.9892728177222325	0.05546969293913284	-0.6976458392246144	1.0694747113570369	0.9671100435501743	1.0375478424004367	-1.0658718166186647	0.8696788829739606	-0.3943698441050255	0.19148838553822028	1.1294737980399157	0.8506420395051614	0.10912922840127576	1.7980664418541923
138001	discovery	Whole Blood	0.08685507049807223	-0.152815651667889	0.2557238700546885	0.4383151364282869	-0.011998087814284361	-0.020826325098150158	0.15733483947852955	0.07437853165478979	0.10970262114751092	0.12923236362593893	0.21334655898844784	-0.21044356961328511	-0.255269891819852	0.035931595126649556	0.023095039673207307	-0.01843135051042218	-0.028206435403816624	-0.08754527569699888	-0.04231725914274523	0.057152842794364535	0.43409513260039084	0.27594337509964445	0.034166621374670136	0.3572561273584181	0.262009357811253	-0.46422723522289916	-0.2411550336605214	-0.16442939048027308	0.013716276214465088	-0.0621674509236836	-0.004925839288385867	-0.5552894366830589	-0.7054357239258287	0.004266372782523242	-0.09276218864849228	-0.2266360887736168	0.03664070052010426	0.18813738376862538	0.11316299240754579	0.2748645571793859	0.2853347935063924	0.27744649481275335	0.003590428206325364	0.04975050154858389	0.2643026209581676	-0.3833760021462327	0.01200538438447527	-0.1039973851276759	-0.004975540420006376	-0.044426357805791336	1.306810510340251	-0.8588521418006128	0.23998014729658623	-0.48001961132843923	-0.685888712133132	0.8152049938213728	-0.1374021687034562	-0.11081517170190938	1.0829843517984084	-0.2143953690029654	1.1345654737282251	-0.022964125040631722	0.1854568511846478	-0.7561742611694227	0.09995140659598745	-0.2709226318985468	0.15096801362869317	-1.3101668236740869	-0.031132011783542857	0.4935277882095335	0.8008543931212779	-0.39427153143272375	1.1345654737282251	-1.2239500168850357	-0.6913759178599589	-0.023909877587301356	0.41690358869835586	-0.7258341169226118	1.31073327909396	0.20703776056487166	-0.26419625334887
138002	discovery	Whole Blood	-0.015078238793615084	0.09495241874944717	0.0757162875318385	-0.18206550478300443	-0.05720448295450878	-0.4744697189237996	0.2410500902452366	-0.001887323585106222	0.1697063776191971	-0.12153784629869882	0.0635030193068617	-0.06069246829163015	-0.09444081877936107	-0.05128603372559862	0.08278498593342173	0.004154095809069284	0.08586403273878716	0.045372011590796846	-0.22841681892223706	0.3607565684582511	0.38214615515819306	-0.012363847376063929	0.15993089157852708	0.25343040734605293	0.31528605553582884	1.5675247423733845	1.1316173765839261	-0.038752793900859256	0.020110107873904933	0.15124878943325315	-0.12768930138097292	-0.18534109582028546	-0.10364383749087154	0.007668305424107353	0.20622756481423377	-0.1252171531821124	-0.03292588215086301	0.16746734752608872	-0.00035273251471262937	-0.06902071358742425	0.1093958935187598	-0.036108524076871845	0.05495474753931147	0.1030718796431316	0.3126006951656568	-0.04578768930862396	0.1008857968583543	-0.20285695908336146	-0.07256016629133857	-0.07402776804632075	0.15430716395394053	0.15601391150480814	-0.4393188838868329	2.6461153510840285	1.682490903728667	1.0309289417641945	-0.568824676321095	0.5558169820318587	-0.313914655098592	0.28767211724996056	-1.0819500768092518	0.8075089423042385	0.39586129035161993	0.701905819191111	-0.050061752726963116	1.1751747927583156	-0.5311024145949838	-0.17329722392890923	0.09029522227059128	0.6429259992119762	0.20944571750796245	-1.0803522352978672	-1.0819500768092518	-0.7538323441558508	-0.31601751862585903	-0.43649967159221165	-0.5118377411169627	0.013864463022497109	0.06315844923507255	1.2032910362644902	0.3879199021215519
138003	discovery	Whole Blood	-0.04501917670012328	-0.060488742623790524	-0.19888119789950662	-0.3532545082187019	-0.06593553096804941	0.08682278004163325	-0.08588345452032131	0.11377184893378288	0.06939066146309238	-0.0881742052345611	-0.1389624026231443	0.22581486044643995	0.0366921121311328	-0.10040817386310998	-0.05045786035732232	-0.05142663319584846	-0.15587079747098548	0.07879474092463244	-0.0424938789839285	-0.06468372939824242	0.781075048785069	-0.0052529716363469104	-0.09756259320884375	-0.1254165316567553	-0.25752872016178896	-0.4453643920919819	-0.28995289469559277	-0.08993196873961751	-0.05839822168888909	-0.019626429413039742	0.021167049245872163	0.29871648386844674	0.30704469634825443	0.03331089181217459	-0.08335788554371007	0.13310213437538132	-0.09184735390187235	0.13356093903319752	0.04480414429894956	-0.18965234807728415	-0.12735781704307345	0.0773642447467722	0.2544698443315976	-0.3189710462268506	-0.19436065406001643	0.1402283671345896	-0.27526004349178823	-0.018248170201491946	-0.11467755150223106	-0.08607639702743239	0.14158744865237777	0.6118659386373839	0.5801553067055302	-0.47220479597814585	-0.21773820857446802	-0.5336944077062593	0.2752962049099171	-0.4319604191987961	0.7142656525571226	1.3768558754243094	-1.060783930553204	-0.3891766842547816	-1.6761835464043227	0.16029656485772226	0.5189972567737178	-0.8908523444528641	-0.5873667927885223	0.026340717101632938	-0.6693025758035991	0.2928658537697847	0.1763340144807288	0.706246707179598	-1.060783930553204	0.6385781742913454	-0.06055886159404211	1.0712597848040424	-0.02431378937013383	-0.3572286469446193	0.29152358120082617	0.733220103791999	-0.8411825651532197
138004	discovery	Whole Blood	-0.1034712990307476	-0.07944064956083643	0.1017822529097079	0.2888237189699005	-0.026079690737161224	-0.10138907726197899	-0.10768142831545424	0.07685606688148053	0.004310249863753973	0.006001417440564248	-0.0017607374518426968	-0.3043953402945167	-0.16129368018863854	-0.022282746478406584	0.08995119040049182	-0.006199933983979281	-0.30517076360072415	-0.10934562014979783	-0.08679772898765846	-0.023490013838485833	0.17382735015437575	0.11541591282942563	-0.03685089865347884	0.2955755424097972	0.25131739527077246	-0.13776436866869446	-0.08449711730530385	0.22896772392992956	0.183239099712783	0.0840533066082927	-0.023612302603792348	-0.42752646066590494	-0.24518115646723107	0.06128381057713791	-0.12851958175426742	-0.48033405600675616	-0.16597143028993755	0.0014461936767700473	-0.15455094064636918	0.11183027307034465	0.01660526709554197	-0.05715652625829934	0.1746281255202177	-0.20743756341897637	0.12212044451959926	-0.38666485872307726	0.010244447554573523	-0.13788916226256093	0.08383886355329415	-0.07373431996220102	0.7390972200142976	0.6628618298151613	0.05353781133097154	-0.03485473037799212	-0.7055928441877773	0.7514299601234123	0.1511230584906703	-0.9511880497449732	0.7907614659345015	-0.37141914923160363	-0.3235511662353279	0.2420805430444693	-1.2651267674030067	0.891615296680513	0.32939517809089236	1.0335109200883559	0.8998039087348748	-0.7164615854592149	-0.8072163926125909	0.39714685376278586	-0.43522118139902294	1.4412087645629175	-0.3235511662353279	-0.13438622890143728	-1.1922563992993886	0.882937323074569	0.8163670345278158	-0.11291333970618564	0.9569196995604192	0.873112605059952	-1.4140763248958097
23002	discovery	Whole Blood	-0.31094778040452686	-0.18519759609233175	0.17978782262721474	-0.690814058523412	-0.3015421171988216	-0.2019820770916128	-0.28110857390989263	0.1685365012387351	-0.1291913759904828	-0.4398211594635341	-0.27627759365972826	-0.3581472508715127	0.059779964876123186	-0.2695227004208713	-0.08500936607068567	-0.161900439942121	-0.3117048915902385	-0.021401793570537536	-0.16600728031925469	-0.05074442318717119	-0.6472262376454634	-0.40950745644610725	-0.09806847298404026	-0.28085984946275383	-0.18003991705392744	-0.38430591342295123	-0.28105765000425503	-0.34177981855714024	-0.15616978486290253	-0.07095199539805186	-0.006316474314981634	-0.07770638321919765	0.16408914279362502	-0.3984151409059398	-0.1352554201936568	-0.379056130651206	-0.41580624302957325	-0.3430215911229965	-0.1255274859734645	-0.22187583686305437	0.24803963877664892	-0.5439560474629537	0.05019572565897702	-0.2844794754448954	-0.43029446444172026	0.23017297918694643	0.09072875045766647	-0.4406998483072615	0.046680519730961	-0.05059725153127859	-0.7797110472288381	0.13802356974723015	-0.4639089626558972	-0.6052947009958374	0.08950262171481832	-0.3871259867805156	-0.8852674508831901	-2.1774411634476043	-0.5900339970502059	0.027540706963041006	-2.7983185456864814	-0.08587395854009669	0.12458461915032049	-0.5416920674009059	-0.9405218513711129	0.07700918809817618	-1.571640369631865	-1.6594551039766623	0.6000930809751939	-0.29408622217603636	-1.4356882968916564	-1.3733677303315128	-2.7983185456864814	0.14113468927787126	-0.4125537520142476	1.2037912546972585	-0.2701234108214219	-0.7373872092914124	-0.2044741830693736	-0.1665115480791643	-0.9726797234512479
23003	discovery	Whole Blood	-0.43862004834497853	-0.08913095678066542	-0.011619100653954679	-0.3512025675766991	-0.2775733446744497	-0.2625974704997285	-0.2860518780609539	0.16088033523059056	-0.10116512070198097	-0.3715164718797488	-0.16746249882151001	-0.2970018469333681	0.29950597595314965	-0.1936839354667867	-0.03851324806874506	-0.11253792732856036	-0.3108618929996838	0.21360951020128408	-0.3130528945505722	-0.08248827324820181	-0.7906443115614199	-0.40486909687014755	-0.10815529592098691	-0.3023952340525039	-0.27829858689280457	-0.07280520178877863	0.025288888771628253	0.16235778798851716	-0.04149508418774098	-0.009834916761253155	-0.23106152359394075	-0.18325079498526964	-0.09785867111216538	-0.38691610658352177	-0.3196145426830123	-0.39235981448950524	-0.3201017124427494	-0.01993061595190498	-0.20805006424950565	-0.5277967089503751	0.006596148873979731	-0.8239217634501615	0.11549722124085539	-0.12848021063715578	-0.3848291874151921	-0.18510269117340256	0.3226190683318866	-0.5133175400205088	-0.01650556370282044	-0.2612936789987895	-1.3280373602802455	-0.5649403162290186	-1.832836402572733	-0.15941425763683842	0.21016864752503606	0.7602546042315044	-0.6410278539681342	0.4030524013046617	-0.898492319795771	-1.5138443095799836	-1.283811110578766	-0.417338647838561	-0.6801958735703799	0.01769736075514564	0.711658484364325	-0.3609248558786529	0.09992930595572647	-0.2480421774783772	-0.7307084047813399	0.18398353053926478	-0.13116417555455437	-0.9287078471126566	-1.283811110578766	-0.0680836088081232	0.9978316931940107	0.5268470725190997	-0.05360450265634381	-1.2125361388404856	-1.914590831297763	-0.11835945048376273	0.205907810135147
23005	discovery	Whole Blood	-0.06548362072890224	0.07544479263267659	0.1460305436277521	-0.20282055571496702	-0.052576283225028296	0.010129766813018295	0.013163225667429028	0.17350204369446032	-0.062253404359570115	-0.13380220670110948	-0.013896558646819202	-0.08117497091623403	-0.00033053524360657357	-0.072168706640654	-0.028295350264482717	-0.07453072101603131	-0.06333238612744743	0.055424965814476757	-0.10762361355591075	-2.2810991587106987e-05	-0.14265869710029097	-0.11149590479562989	-0.0607810840852404	0.14486633239324614	0.043328386647983386	-0.2673153528390396	-0.1251833436796419	-0.07003992135242108	0.027661364842736062	0.019873518147365404	0.12725320073193017	0.08308953214342116	0.06575507543961352	-0.035128830133049876	0.08331507759138719	-0.0816672493053212	-0.12593336272488156	-0.009746096542649222	0.040995253409294954	0.18798665667399336	0.07219037502441877	-0.03311457705493769	-0.0651838651562783	-0.08554718904547512	0.11103008430418605	0.04021423459501254	0.02939479980878062	0.017259614365124448	-0.10895799131893175	0.027778969712235917	0.5758399831133522	0.6867326790123371	0.39450856040538307	-0.5291541515689164	-0.2733893882967589	0.17928064547202743	-0.689923675230534	-0.7506065026651239	0.5995179652651477	0.6342799524813526	-0.05153282965800124	0.7211524947076555	-0.5998275267920521	-0.4082604121561004	-0.7827473570410656	0.5389302006729331	1.0629615032873947	-0.2769024996270224	-0.1726306241117781	0.20394168086944459	-0.3004933723673735	0.060326481904161455	-0.05153282965800124	-0.33364459879632435	-0.1652024659325223	0.7004008787170573	0.9822504086453947	0.155471986172178	0.8147538315752987	0.43578626418120686	0.24849550067027423
23006	discovery	Whole Blood	0.1968337267203688	0.08063906795167133	-0.026977407412783035	0.2256068603070853	0.10985735402649885	-0.05035835968063402	0.00965227068958966	-0.003239891711782612	0.040272652566284886	0.1901794975660432	0.12193259181415601	0.14269613878625753	0.10931256641065079	0.15068634214466542	0.013654465605052067	0.027009693459039228	0.15437263522856584	0.027900373642758047	0.12896984732600353	0.0285764040774713	-0.27820945860651114	0.027408914956017393	0.11069838698171981	-0.023327341202114306	0.06570489748239436	-0.2040057050878498	-0.07650630508275567	0.08094765254278123	0.0038418216595216444	0.02944146007072367	0.18019701801857918	0.21415832650637437	-0.025831912127640216	-0.03368303120609486	0.07720384585299127	0.3318337424130799	0.18256823224835922	0.40689756419119383	0.11673373391420082	-0.03472127089181861	0.1366242977269792	0.00829607410900763	0.15445194463867445	-0.07313480071054773	0.020179447863443358	0.11258476225155717	0.04019392036284879	0.03418370458178518	0.20665920657127212	0.15115145993727197	0.20462832444836915	0.17869510562560206	-0.16590864073780576	-0.1670911385758515	-0.5442458910794896	0.03552968730031203	1.005500215329272	0.5936719171364531	0.5726378805985475	0.6530542729788196	0.7713986533398905	-0.10904607646257317	-0.24494251257859012	0.02993731963429122	0.5328841466741426	-0.45813177760386975	0.008114850918491012	0.41776390097942845	0.4556613565155384	0.07812614557898684	0.02814712361664067	0.0641983446724092	0.7713986533398905	-0.0989382479911958	0.36396635690771784	-0.059173880782590865	0.5940532070617677	0.6536832107042334	0.1643484136892482	0.026965583720413293	0.1402599751147596
23007	discovery	Whole Blood	0.19582070195606685	0.16826357823536597	-0.08180791181581357	0.15568702259274902	0.07735378132341714	0.14627193813288247	0.08938032832414625	0.049504263652123265	0.045889765232631996	0.05734953001041334	0.14319730918389592	0.18524468210016065	0.2479438811590224	0.035610652426621564	-0.10584794376271245	0.05221374976789927	0.20148855051314787	0.17335465638289246	0.06730614037502289	-0.5055345473732118	0.20252099346549846	-0.020593802258870246	0.0512058798442271	0.15388786194454648	0.07970068320725558	0.5381964837511496	0.36862907370806197	-0.25370484421376865	0.03735321156879771	0.07747632381350922	0.16304458117148882	0.3850235025838346	0.19707464013909282	-0.05349444437469931	0.37034839345772524	0.45646845334582453	0.018379082099150252	0.15942416272081744	0.051086461858882534	0.06284354673071978	0.04030593079945626	0.2944184785254677	0.017708703119897782	-0.03644464204132656	0.0035029345390931504	0.06852559717537984	-0.13839169145294347	0.03341114311751225	0.057648374086719904	-0.054353834543927206	0.6897418151575583	0.34099760404431056	-0.02296269181169075	1.343771347335387	0.7160588919854355	0.4668396812861526	0.12456936539170982	1.3024388317876023	0.28813883357766645	0.8930333063939946	0.07044927345308152	-0.25077564846675404	0.5393446158907551	-0.3054391998856308	-0.8089143145568711	0.40785821837148195	-0.4190978056067093	-0.8547684157113993	0.5844950902314355	0.7874530044071761	-1.0965083582012478	-0.8453890043832879	0.07044927345308152	0.6692707533213523	-0.10328407748805489	0.8755866560198728	-0.015314587780185601	0.29036788098719796	0.27847687978577085	-0.9343438501057324	-0.1123669439431586
23009	discovery	Whole Blood	-0.17503199364869565	-0.030415754575013394	0.13998342259564403	-0.01082059105742577	-0.09100191723302323	0.19057030408671802	-0.14452950094268846	-0.08215136147064092	-0.28373092490234264	-0.39978526474954945	-0.2150069055709529	-0.15808627288510219	0.26646265973812433	-0.08133704223345212	0.0790584238713374	-0.012664552175873704	-0.2177733121103611	0.2642626499347873	-0.05564177304507673	0.030233320353602787	-0.3989407741050552	-0.20265597971468974	0.04580453237166182	-0.2721762493589316	-0.08016416076644592	-0.6562297904731224	-0.33161611123945395	0.002761075557750392	0.032077594132301886	0.1913821080743347	0.031260665513048715	-0.06286315719530346	0.023685180900913063	-0.25809390815672395	0.04115219578528684	-0.23698783055524583	-0.21657491772121243	0.052293106104668224	-0.060791642666934764	-0.17486418433768525	0.15583832503227574	-0.3743593697646232	0.10348838706797618	-0.22562357196538152	-0.16960619752064188	0.04036330438397209	0.19330775645091672	-0.22560383609928522	0.01630610416329856	-0.1187008823468266	-0.29391612693567265	0.14699930527165334	-0.7513087785868399	-1.0553732787876156	-0.09186604030493001	-0.2106691910521713	0.7631721441559316	-0.9939926321497794	-0.07321557898253075	0.06999357185732313	-0.5315434127508594	0.30103054261962797	0.05416980521298265	0.5557231988777698	0.21659842059215245	-0.4977823272199995	-0.22386228838659636	-1.009204615655109	0.25010106302343965	0.18189345644907337	-0.7256546465154363	-0.43313617070446103	-0.5315434127508594	-0.728428007707243	-0.0706125157660716	0.3465971198577761	-0.10740064253855469	-0.44607550703225163	-0.3342222828778625	0.45012548340629355	0.30603840251966813
23012	discovery	Whole Blood	-0.20929677175644112	0.01866160867448848	-0.02831159939844232	-0.06355380867041059	-0.08122231687269019	0.19331567099597308	0.06861352774972357	-0.19392077821964906	-0.12996592192008385	0.06040342969378655	-0.20050340099728667	-0.03827467439074209	-0.10958025083634063	-0.15739727298539782	-0.014525958714136117	-0.13663796883032459	-0.07988158174803811	-0.1303478545877782	-0.056592959710739604	-0.13502692108618114	-0.11369618647619288	-0.08315483422935595	-0.0626276478322488	0.099147890988983	0.00284819694904925	-0.213438221999924	-0.16142943688202943	0.10122162549894875	-0.027832957960742116	-0.032182620375737034	-0.14209466096401174	0.0598328080841164	0.056076900882466495	0.11593491250316265	0.15142707317785423	-0.011434654584971895	0.05123980591565701	0.3067055968970005	-0.1381368941385521	-0.12225714941931642	-0.0818429803416941	-0.05724369208186305	-0.05859158270893368	0.017639543035366533	-0.18137979962280923	-0.09565657461435215	0.0373367583841787	-0.07960088671305507	0.13276865941884583	-0.036633237765414876	-0.22689382058663865	-0.4213529864870051	0.6550995096885767	-0.08814447983341052	0.43925306346724124	0.003298042279033589	0.2921401505171999	-0.6448799165661016	0.12160748779394635	0.19371828198938806	1.108965071043734	-0.8087890519780315	0.35099133946017796	-0.8529270787873119	-1.151182407018441	0.8698393600764269	-0.8361883627198274	-0.5492885749325548	-0.4110049047384221	-0.3856227607501503	0.07119063680653387	0.27819360074588345	1.108965071043734	0.6130838312297908	-0.47018510273461295	0.38754765524660856	0.2684447089338188	-1.7653778000366007	-0.28571447209043577	0.1596155288148774	-0.3288793504631128
5002	discovery	Whole Blood	-0.08308277245997743	0.010301897292648137	-0.4561265288162908	0.10967029668398999	0.03739983993736798	0.07497765179177425	-0.141562574933605	-0.09269385792675017	0.083051979758858	0.05152147283847714	-0.11841150498064111	0.28331386336184233	0.008844903142011385	-0.02036246499929355	-0.12660808017447053	-0.06354808853435186	-0.010731061873632956	-0.08088775536395916	-0.08998338396373556	0.13443623762371376	0.10344638886259276	-0.11734446844725711	-0.07623792867294768	-0.3129849061971107	-0.29066018342969935	-0.5661511106524099	-0.4617809074567012	0.10164704568342989	-0.11191803451417746	-0.20845733932450192	-0.17444846863449057	0.06266728524895719	0.407607003162488	0.2937313469718114	-0.12649831778882661	0.14032281668351795	-0.028244078723524253	-0.03388194209089215	-0.29828533388727446	-0.19559790178150338	-0.5341782422518502	-0.11898604731910774	-0.07324259256771179	-0.23837301721451168	-0.34692676003908546	0.13983023330517055	-0.4259902818800476	-0.18832504998326327	-0.014377991403384737	-0.03230239589036745	-0.40987765394150666	0.015134125360034945	-1.1174483644462865	-0.4955921827097963	0.5367356179435947	-0.8414987331569417	-0.16445042658567077	-1.2083510281315788	0.5399761427415565	0.4497741467699001	0.4570983235145731	-0.39325639885518476	-0.452081576966854	-0.6799703505285398	0.03521533200612614	0.3447203935759373	-1.0048833378502537	1.3701137608758724	-0.7590831293241775	-0.02033186432585718	0.4781278051307702	0.14210268984217703	0.4570983235145731	0.6604279657693787	1.6149152482070541	-0.6094758218753419	0.7160859784280394	0.2568369874997675	-0.3199629359184551	0.2851938199000851	1.5374104855072963
5003	discovery	Whole Blood	-0.009887149377885379	0.07555623311574138	-0.33665684911115046	-0.4475051413247106	-0.0897353870009955	-0.13267216234057697	-0.06769538097344177	-0.07375706117974269	-0.08530205575119841	-0.1267492237474923	-0.21785121223479237	0.45579026517669086	0.3820838851584357	-0.06996570340016713	-0.14352448395045392	0.020290261637490762	0.12041292485091051	0.12498421788268377	0.03876645787727914	-0.1317257127480793	-0.4386049080747133	-0.2235558839000798	-0.0075534176574953175	-0.6440973216937506	-0.4383059925857954	0.008567565257010782	-0.03785254632177321	-0.004598116126253278	-0.2147710754566442	-0.01388595480850175	0.1977876521366217	0.6959884037139507	0.5186557204806462	-0.16007337990701595	-0.3840016650711627	0.6409740252876829	9.251374160115607e-05	-0.07997231815919337	0.013297962677838785	-0.14338736794083048	-0.4018849451340421	-0.0893138298157679	0.04307856615904974	-0.2678667982148691	-0.48936000143696196	0.3087623589985348	-0.16664129140855594	-0.0953369714903147	-0.28799616903627845	-0.017581388646427127	-0.6005128429558565	-0.33702783436417494	-0.7932382652329694	-0.30824101843544227	-0.13748979896226143	-0.9389212312466609	-0.228190479482158	-0.33688217663745407	-0.48484948788454235	0.6155241414868751	-0.8160408222925438	-1.9324239335196145	-0.21381588887656391	0.3571301823554177	-0.9174922689580591	1.1456081927636401	-1.696481706626506	0.3150096110402771	-0.09313254500442003	0.8636756943576988	-0.8122219886683361	-0.6314362797906856	-0.8160408222925438	1.7352127003905724	2.5805850986082826	-0.8095841707569492	-0.6641702096503596	-0.34640513925017996	-2.1748603418571837	0.9593793703620799	2.1225363763461367
5004	discovery	Whole Blood	-0.03631942498085966	-0.0135509244998048	-0.6526162170631324	-0.19548550564554878	-0.009307483067003158	0.003057695519257063	-0.11897260841912484	-0.01878216914040588	-0.16656152439500438	-0.17176669811284384	-0.2609000565757926	0.1405401299233197	-0.0757676413490176	-0.26020217120736083	-0.2763832042543197	-0.16173521240680835	-0.11108255982553907	-0.29882548065472775	-0.04886627035310549	-0.5048612156287994	-0.4018052349026586	-0.1842594213481921	-0.05569485692577325	-0.41424755728820895	-0.30281186275483063	-0.31195472679003816	-0.33833465852855693	0.127203557790697	-0.3480565235169181	-0.30797532784944376	-0.13495741667101593	0.2698615961938662	0.37653563931516953	0.1055677218734392	-0.1599098163944405	0.2776418485636427	-0.15033923928324602	-0.29608671474667675	-0.03408080671165907	-0.3900689358391181	-0.5642847258565671	-0.031380771248332544	-0.14114194986155768	-0.3355737563423038	-0.5322568587440321	0.04978226867883654	-0.37663613788443023	-0.15641635398975703	-0.14822085626004514	-0.06361346291558392	0.11270998347306962	-0.029232016884318313	-0.026450170023274266	-0.41776834563922394	0.19513272640557117	-1.1444977847109792	-0.10647666526404677	-0.3365034694092701	-0.2402357752135035	0.11484235609339608	-1.249756152161674	-2.1311047333845234	0.5717888342851734	-0.9907940400032775	-1.8349810528433035	-1.2822611725283766	-0.006022985602842396	0.7767701264581399	0.10655592575368655	-0.6485495694626561	-0.6829087681689042	0.594888872895891	-1.249756152161674	0.8801390202954524	0.6977012668201652	-1.2867035217342557	0.028756190833688966	0.5687587641648406	-0.3201134132966847	1.6453295959641583	1.1281905413323348
5006	discovery	Whole Blood	-0.301449647896314	-0.8323234488877183	-1.5078969147952443	-1.0629836768893393	-0.46680481709481086	-0.3381737638987912	-0.9787759154354957	-0.6852217989243645	-0.6099768957780872	-0.6323374081086062	-1.0360220781518463	0.07890639189406783	-0.14520042137031505	-0.5299129287712818	-0.7805534242544955	-0.48053542375317493	-0.26689959534265073	-0.5459685100839393	-0.4294675864350664	-1.7737015367306446	-0.4565082978377309	-0.7314475200552144	-0.836055433873874	-1.8083433473137533	-1.307874566009532	-1.0092755734997532	-1.3030258465296034	-0.42561862584692395	-0.8703673778009743	-0.5939957426842133	-0.7469447725875776	0.14721802239703655	0.5650961760903368	-0.2811151013262607	-0.9056679054065249	0.5887220902611586	-0.7746519410244942	-0.56592936221018	-0.5525251884454424	-1.0558203650315519	-1.5341420802651407	-0.32652444643141126	-0.22032464352989317	-1.000676244137441	-1.7177376054170428	-0.347712725916937	-0.8805507075647071	-0.8830973712767467	-1.1864857513836942	-0.5884699699712407	-0.04066048710199918	0.8210409345869918	-1.4258651704283902	-1.1136479573407438	-0.8090398412138885	-3.3096941286758303	-0.22153034856637643	1.3547831958798833	-1.2812899381685652	2.171635767065162	-0.5410921897579994	-4.141994049617868	-1.5359658163709544	0.9324504320123794	-2.188766366800366	-2.1744617888514917	-1.1062017750773734	-0.38999470857022583	-1.9207742081536852	0.38795631911706874	-3.9962706140895756	0.8266866654436577	-0.5410921897579994	2.085777983272827	0.7149240110650597	0.8581274438616149	-0.9703039753559766	-1.3043242709471177	-2.069220132243672	1.1165493663033972	1.1362081031444347
5007	discovery	Whole Blood	0.01596854224939728	-0.15275364468722066	-0.08422789918498716	0.11958028158129738	0.03139293179636191	0.011500791364730619	0.04145401331393772	0.04635422368337945	-0.061222483138116665	0.10327623825155617	0.1099997426814179	-0.32579950087334564	-0.26562934673152355	0.14999081582216386	0.024241372544015666	-0.05693611020010467	-0.1404731677518909	-0.1912824782661312	-0.07949567140172108	0.3716648949351392	-0.4707864785586628	-0.027098790524775235	-0.2031877886226869	0.22846061936406253	0.08525998933054883	-0.1977441325477679	-0.14791250021245314	-0.062482870030040376	-0.05698583819919933	0.18534836141386357	-0.1826377337467186	-0.3678142495176071	-0.22639651761217525	0.17436950943338925	0.02997768683014229	-0.19538906768024453	0.027599310191073152	0.14711493630106617	-0.16523596561320955	-0.011325803909636075	0.08125609798923158	-0.18416914946176652	-0.05580421155096334	0.2164372490002074	0.11016016735553825	-0.1482383392039368	0.07647947445153383	-0.05066020000931568	0.031507873083950304	0.05093301470781332	0.5607946180146717	0.24447102962004175	-0.32222857556772677	-0.493645040333164	-0.1923230690051331	0.21349755022307376	-0.9802558528477094	0.36175660220177275	0.4017252151020553	-1.0479941223549307	0.00034585832353595247	1.2828928155373962	0.22486122970197145	1.2275867347786664	0.7706419286164048	-0.24301057498656176	0.4656431095010535	-0.7088429051342483	-0.7992296599204436	-0.43107767793545276	0.6744205076891878	-0.20939346234330772	0.00034585832353595247	-1.516618514587667	-0.03453412797015554	-0.14821241549178452	0.7180779634946475	0.6785920382849752	0.35770197811651216	-1.5411735603480161	0.08060000751800181
5008	discovery	Whole Blood	-0.025959971744255905	-0.019829587557626968	0.11498438901425817	0.2515693686434355	0.14671592295656793	0.05560373844966207	0.09162498121754392	0.10319152042533947	0.10081507495229412	0.3160909312679167	0.18259372988299652	-0.07670779101952031	-0.11017981997660664	0.30468903912958967	0.21672866702652133	0.1548882511273483	-0.12138247553271532	0.006514084963308941	-0.04127295253646736	0.2731437310029843	-0.018896574507375877	0.17048263818225548	0.07386517626677591	0.3503170367258207	0.31222957980386346	0.20641895611007355	0.174612215005946	0.2057405988252141	0.18034976245644865	0.16226957636427167	-0.0382449332054581	-0.39710286082002755	-0.2369503115869603	0.1290389143616925	0.038706754856049484	-0.23444636804305297	0.08592491650902317	0.1676876829230299	-0.030682757540081252	0.10716414786982369	-0.02828876857462142	0.15448602872061232	0.13818118185127767	0.13052770422256893	0.381044854316107	-0.18132444821696403	0.09790264890272164	0.06634690620429294	-0.01088098376642702	0.030824221433741007	0.7128402344303957	0.39208860890370667	-0.1178065515703665	0.9893405922625433	0.0035389816049631873	0.6895942877164523	-0.13169973725403897	0.5560635796112119	0.4055627715167209	-0.590640788330576	0.042163700846130595	0.7674581704487741	0.04850145525667507	-0.9698357864912287	-0.0997437152215756	-0.30009826332182526	0.6049606788107365	-0.41724242301059644	-0.17674868239552455	-0.16443037097641378	1.5074239706362667	0.7311080177542322	0.042163700846130595	-0.4428598450958106	-0.4707851742599889	0.05370746047441338	0.707579154642367	0.45801642969926637	0.7935841825479416	-0.9832447879263193	-0.44199777897761094
5015	discovery	Whole Blood	0.049708598079973576	0.08586070115294467	0.06331092065704316	0.19124940316065256	-0.08445300368444383	0.16201807633223644	0.11798706426483205	0.1136294721241977	0.08564808954032486	-0.09762284955085584	-0.05613666232858288	0.18787388044434766	0.2048004854945808	0.10541370730564119	-0.01016253613800266	0.16399670698071359	0.058035557706042004	0.16513969206414378	0.06006196364036096	0.14286786675075314	-0.1480119247521862	0.00767291486983837	-0.04979926255171098	-0.1630516264914602	-0.10540102974506507	-0.2874083114369752	-0.1119031389014235	-0.04397311841015357	0.06910912680296337	-0.014772360108595105	0.20945177563560496	0.3228271322829864	0.12574869381241677	-0.050834352806133805	0.022060853521948365	0.29162934530713985	0.16555149564218366	0.18941529061717105	0.12031532896883036	0.07414548248209511	-0.010775287762706958	0.15204185872232445	0.2095008144576243	-0.00541487275112707	0.107191109553019	0.21444533556001266	0.03921825262563381	-0.040554524965991726	-0.12195433178440683	-0.0058864816119592826	0.017095241809496613	-0.2800000487040365	-0.20503357030338976	-0.20102981555142435	-0.21915766173563828	-0.3318153731981368	-0.37446131494571727	0.37281420808164467	0.6662436963220055	0.020066558587012007	-0.4114848827204734	0.7725016509630473	-0.19715366045908728	1.0043234672645278	-0.8268213363377384	-0.5511407268920288	0.3656554501535846	-0.21791683546636062	0.30938010176215325	0.7348173370283164	1.186110409314829	0.47697306044516496	-0.4114848827204734	0.7584800652764424	1.8493487471556265	0.5713326515287163	-0.30498649848032405	-0.996508135971928	-0.24732407543282228	-0.36484800993185174	1.27895348149115
5016	discovery	Whole Blood	-0.22864509321512114	-0.034573923973953015	0.38730323566042685	-0.08895362601012853	-0.116647993391226	0.08066417880995391	0.006444849104888003	0.1277076281448965	-0.07278500482849601	-0.06334857632514483	-0.024760704404372284	-0.31869936491874845	-0.11885398496172017	-0.07171683056211459	-0.11046754798107357	-0.10412515256082884	-0.12269849489245395	-0.06298440246767681	-0.24518411101126117	0.004085247922595728	-0.4407234686099504	-0.10328951202884647	-0.09119099739621837	0.033299677587980296	0.06134645158349561	-0.38859088474060305	-0.1589803356931949	0.061288366708308895	0.11105097476706326	0.14004742081605603	-0.05198830648553767	-0.20794723971349657	-0.31936135271072136	-0.1383683872329511	-0.17041923998417707	-0.3049813111062931	-0.148520138771204	-0.46126015456632835	-0.06146878934596319	0.08713393320884318	0.19844503047455134	-0.3119096784994398	0.013810548599068313	0.10341201749200488	0.1532043946774039	-0.09718444826474484	0.13628341730798563	-0.12144385137686355	-0.056311355818199335	-0.13860168967643005	-0.2568784366342837	0.41140289777447636	-0.39293741755137607	-0.39571022382764826	-0.8119927643833522	0.1898282164690645	-0.10896075725990455	-0.24776297625798688	0.03817393702130133	-1.1301935131091894	0.19719365007001777	-0.3926119971740073	0.003995035066600983	-1.0408750574170182	-0.5848765307258874	0.23912431693034442	0.22602512816055748	-0.15762551958478155	-0.17095127244272695	-1.0004166581289857	1.0471646291896604	0.074170179356105	0.19719365007001777	-0.8616690922727068	0.25715293433129305	1.012503018337501	-0.7894100214668085	-0.18134816141511367	0.5651005107889082	0.5287179801844853	-0.03372121395273717
5017	discovery	Whole Blood	-0.05974418648555847	0.02404585506804494	0.22939058507945628	-0.2377962072586469	-0.2223661085436257	-0.06032300151042992	0.034209936138871605	0.19917235660392582	-0.16944368503069204	-0.13319680883733215	-0.013983563642443702	0.08472807844735644	0.16905438844771514	-0.021474402529308725	0.06074111124809082	0.06101246458740365	0.049231261829890786	0.042818325752694654	-0.10003779116538479	-0.4289427693484983	0.47583440397683496	-0.05873965559448443	-0.03945645839367433	-0.21926338245072277	-0.05244196631468722	-0.18563718374504456	-0.01857972743027542	-0.10253886221032923	0.09234424357507477	-0.11463805430212537	0.0770985664839338	0.3005649033969063	0.04799884180703845	-0.13430449358261473	-0.11386167983661252	0.08550222757766081	-0.04023386078923422	0.01455025377741298	-0.05457545832798147	-0.0028205010580803908	0.2042221481958322	0.07203381704873853	0.0834434649058705	-0.10703325772536475	0.052602053975895624	0.023956357379461182	0.026014957894081876	-0.015929745521780274	-0.14704943370667298	-0.15800486542898748	-0.3692936732356292	-0.11581489077645052	-0.913489526723604	0.27561838712754116	0.5148861168034473	-0.3100635943796484	-0.09006993725911701	-0.7034090322919924	0.579748100452225	0.3151047490085461	0.3085999057248873	0.09585112492019499	0.3372913724475025	-1.0350636100127777	-1.2511742029112645	-1.3218987235977342	1.0292362038853153	-0.8951795400298502	0.41831378601478886	0.6256275781908063	-0.1860793018765158	1.0383164966887417	0.3085999057248873	0.26353365846500343	0.7514915506638007	0.3483019103272237	-1.2674907252310446	-0.6360374468547113	-0.4708621273010089	-0.06633569673299831	0.7553157719119425
5018	discovery	Whole Blood	-0.09196435915427728	-0.010327221846844545	0.02984092204366991	0.06675722212252583	0.0009521416015781036	-0.15106619559997136	-0.06193413628332799	0.15223093398505122	0.038907042238936075	-0.16328718155615574	-0.1340945780503575	0.04210291423495657	-0.03865380447767468	0.02012125696565881	0.1254108772473708	0.08141470264587765	-0.024226659039615146	0.09041098783870402	-0.020271222011164554	0.20276284582214543	-0.21216201847248817	-0.0631387691902441	-0.00245145808833423	-0.2358418909718002	-0.10966760834717518	-0.40542953815156685	-0.2488890869416419	0.04502460931553593	-0.016851022686036818	0.1144936387846058	-0.05308624998510343	0.013867656395380923	0.05294379669507441	0.01908192530056156	0.2367704355750941	-0.026975566952259267	-0.09549438404509583	0.08774766956411624	0.06228702046951096	-0.08001973257872129	-0.03001243871230773	-0.26261279881008914	0.2022810712239014	-0.17762397157929244	-0.12338007864384787	-0.10937619115479479	0.12848159883630714	-0.1220684078176213	0.24450621709512538	-0.12190309961824117	-0.20526227346351256	-0.004871135360590223	-0.5615112560316917	-0.847192074366569	-0.19671585614946271	-0.5234214345731513	0.2985138348549085	-0.15643939306982488	0.3068857515490534	0.013081038873633474	-1.2626327241710724	0.021596092008595802	0.03735677288676774	-0.1252466954815129	0.18605683985458446	0.8822989033750476	-0.3685994316691845	0.5047917398040286	-0.20742861538555904	0.8045146890192777	0.22421735922982367	-0.35218465884756983	-1.2626327241710724	0.11565124150635153	0.33731688034771146	1.054657971287416	0.6029775589024666	0.242733709311779	-0.513658157763107	0.5032812344583545	0.6310112131333444
5019	discovery	Whole Blood	-0.042970303080860965	-0.031774707500723136	-0.18876385073946397	-0.007655830297181527	0.02609878465881211	-0.13732564290740426	0.03322876890377065	-0.09101953142657825	-0.14065256601823153	0.131511930163859	0.053053774077217834	0.13011266964717433	-0.0994525248965905	-0.06758511674626587	-0.05847730634471862	0.04388416313442155	-0.02071606143616813	0.011014861465276766	0.028582004074635306	-0.17974242038424765	0.6265280794384789	-0.0011379437584014235	0.07545200133606422	-0.07890979018367865	-0.001274494667207765	0.20338103433450702	0.06728739696809397	0.17823668460199982	-0.03111253318319457	-0.0767756570287798	-0.02267645915418235	0.17685518487256882	0.057194990041916444	0.2832970776874771	0.07475137584443654	0.1373491528343108	0.022670416219075756	0.14083552893836965	0.01794759690148051	-0.022812301895119406	-0.18672268342276077	0.2960482030224039	-0.055179056014394594	-0.23655409420145795	-0.21367443950941753	-0.015669844156929555	-0.21162371121716633	0.08649530573648541	0.12791068149048435	0.07424739821139015	1.1502514773241157	-0.3982966808290127	-0.2132818540253055	0.7705714261272808	0.35641951305538316	-0.6195383436474594	-0.07088868890871253	0.7471396922819549	0.12142152009734322	0.09317786878483564	-0.025552140475305157	-1.2133911945956593	0.6812083838678962	0.08313708341890885	-0.15860706961254034	-0.24969716646049778	-0.4479013948821366	0.27387713573231864	-0.6924330097185695	-0.029412165634472992	-0.006452727561460021	-0.803248079580377	-0.025552140475305157	0.3187016649660089	0.10480006184258922	-1.2711419255103027	0.3875311903059533	0.5878805028241019	0.5020597938159841	0.6165358128691195	0.12459011431240516
5020	discovery	Whole Blood	-0.0039352484641542625	0.06618242734543346	0.2266231515403161	0.1559558789441189	0.0450931040112114	0.26946040749367994	0.17931459714045078	0.03584520557956917	0.03768462172453916	0.12767979850905112	0.12613499566543238	-0.04155906649842077	0.1270064924642353	0.15130694976626102	0.05506788761285504	0.04113309026347644	-0.008883443671174407	0.07631014166414728	-0.04945526099779951	0.09472896568942277	0.29570928836466037	0.10106721875058693	0.17148770912180084	0.11446797567619986	0.09693491360475685	-0.2632324304925149	-0.1050744742582096	0.034172238137727046	0.1793394024975397	0.10571524258939528	0.09535329749475427	0.1332663432677676	-0.19211943949234075	0.07069198545421403	-0.08674049571756691	-0.004771066172537882	-0.010894997913208682	0.10059204610491242	-0.014685705089670662	0.05093888067751536	0.19151970250111355	0.10406424183639736	0.02956427619240969	0.19280468668862483	0.2197775200076889	0.00827975822352188	0.1420921940873564	0.06643370357927132	-0.1266811562088569	0.002558753134300615	0.20086007740276784	0.11727472115543233	-0.2484977607488783	-0.7245974545199813	-0.12161936206438972	0.4280406273821343	-0.5862795312781784	0.6204520527804687	0.7076640576023159	0.5888528605152723	0.6895817595312476	0.4885696259023195	0.08215651883048097	-0.4806163978864215	0.4238862990331693	0.09926039551815574	0.1094353884312664	0.07768644921643061	-0.10145523766157735	-0.29817849655346174	0.5518968606499246	0.34835598305946147	0.6895817595312476	-0.052135758140363475	0.1672266001675473	0.14298921070662612	0.8610054210535123	-0.2392035995714025	0.7740112371652471	-0.36250405992103496	0.5792934816586048
5021	discovery	Whole Blood	0.1339213218466851	0.200142394550274	0.06844170476740602	0.23006248112355884	0.12347782735397776	-0.11631117923097273	0.27458155962562236	-0.15591977444121644	-0.02157181886309097	0.1562330504948299	0.17754865885122537	0.0205661514202991	-0.23430602587017046	0.26602539255996055	-0.0045732658441574574	0.05140250284216358	-0.05843020399430878	0.05371605441625086	0.06282512882281492	0.08712966505826007	0.6375136951795313	0.1045531773841735	0.011337521928169664	0.23314752420357066	0.21293079722360295	0.4148559868434625	0.37594460569651195	0.07732730132707394	0.08718508942637702	0.1509811933888235	-0.07746891893585214	-0.15501805103405655	-0.44847249401768263	0.15697023955418363	-0.11005222710945436	0.08497161959177674	0.021382245524373594	-0.0443308066413817	-0.10576438459071634	0.23707093329039908	0.01744909540101674	0.40906031564771145	-0.12836723380801818	0.056871473506845904	0.21775217383732837	-0.20886896358710372	-0.10966968985644936	0.14856886381287576	-0.03834844777829739	0.05217835110733235	1.057837178381024	0.644704554141609	0.2805658623481313	0.715650593450259	0.22358056180669986	0.6878587323411609	0.7471920606626951	0.0535298405014221	0.9707642217611259	0.9065729999970785	-0.5415080986611808	0.7006167675480728	-0.9050382047023964	-0.49761529647556646	0.3354837045616365	-0.005100218145476912	0.6157236817555346	-0.14526650843769912	0.9176243009278855	1.0836967422200616	0.31208504879279575	1.4272309060812414	-0.5415080986611808	-0.33761590686511234	0.7267853124089138	0.14561351622232632	0.029705002903659183	1.5700117355292516	0.6984854095094774	0.24612606231216688	1.1861901204279595
5022	discovery	Whole Blood	-0.13287077519652532	0.080073965905515	-0.008345084251462097	0.17838035444924114	0.022072056707949067	0.38131780923494674	0.09117215837708627	0.1640674469146204	-0.1795780486937254	0.09509927886019345	0.06842111207523974	0.012098445446455934	-0.007510607936144883	0.10184590998050011	-0.06965609897455337	-0.13836103312292286	-0.07588805155588363	0.01980725539372242	-0.10419112837448306	-0.036809342953533206	0.07900240708248134	-0.05419760857332537	0.07680228357805607	0.18900395560023217	0.026617948834868232	0.2421413804867801	0.1641006822196843	-0.04526650373413243	0.19958048803073797	-0.059611912057007235	-0.022962531669415035	-0.030722584204628815	-0.1648776041237958	0.052557557348172655	-0.3079903850974359	-0.25160335913226045	-0.10868103332713112	0.025778498347582154	0.035659935095064536	0.07250585144509798	-0.17895556710070873	-0.06940654449831557	-0.014833292242996962	-0.05623187694507456	0.06966656111545103	-0.24809100127612477	0.01670050958393552	-0.16276014203842093	-0.08958564807988681	-0.1004062732681306	0.8359926160595758	0.7037288630064332	-0.3169944991789672	1.0079384812748222	0.6922694583347847	0.39439926579757706	0.6300062065022115	-0.3365592550424147	0.8171674501415527	0.28429910222128696	0.07624174167549924	-0.8106593124983925	-0.6604521726536319	0.16892927732237034	0.4186655670291947	0.2440331390581566	0.798034663851078	0.08129115122962971	0.14978097822783687	0.9463954965844644	-0.668659770267227	0.17641902568136725	0.07624174167549924	0.8344999181695235	-0.03886756172397787	0.640827496756229	-0.8712228003797036	-1.3072853895134742	0.5832240704338807	0.05753155539402121	-1.002577436277861
5023	discovery	Whole Blood	-0.14693397969899485	-0.06559289201649048	-0.025623787409195388	-0.18886638884898535	-0.11463277223167445	-0.0984930984845124	-0.12437391580802777	0.1611613300012165	0.01843590351301528	-0.17875749310787645	-0.08457143294180733	-0.06769927445744826	0.24952326220893345	-0.12437996111942128	0.05909113656611531	-0.021214312570179056	0.018247132435341887	0.22263291444598168	-0.07036526921380887	-0.0016188447799182742	-0.45418657000627555	-0.17889218167031548	0.022469511289001567	-0.15842515299878818	-0.13280064481122242	0.0980855716302813	0.13958446647285244	0.15575778329589743	-0.04238523154209099	0.14364653937697588	-0.01676326861665164	0.01247227971686497	0.08411209913621191	-0.1748427739321681	0.04787470922246885	-0.02206188902948834	-0.05653211962666458	0.05765936291640737	0.056938011907339624	-0.20653603414187507	0.07729201409564299	-0.44303355508954007	0.07440617371144037	0.03365158253484984	-0.030338007558985868	0.12252944827103966	0.21119677833587952	-0.21174446873789018	0.05873411926254349	0.014146530159219732	-1.044393471096019	0.4868749270695086	-0.8097524734217537	0.3615177543774695	0.4731629321963202	0.22545816104303512	-1.1525428880313393	-0.37212015621488004	-0.38346591558352916	-1.4847224326147899	-0.5732902666070205	-0.34387593194951876	0.18347133998283513	0.5338060502154144	0.2611410942082665	0.5371715751125744	-0.4369938617918942	-0.589404550303923	-0.3175962192576389	0.26158759251710123	0.40644028023249357	0.14793125135571467	-0.5732902666070205	-0.5068256291209904	0.8165642429290505	0.4069289008181942	0.41345473763008694	-1.1676918850012055	-1.4295819101999827	0.46960904198829023	1.0648027578987682
5024	discovery	Whole Blood	-0.25978839532956693	0.06727591184082175	-0.05448237626484111	-0.2962610830088254	-0.06649713790190215	0.023046328815934904	-0.1870287887303324	-0.15344829504233243	-0.0783994345533092	-0.4173923622708704	-0.33561662322544245	-0.023886954379926693	0.09120572996325357	-0.10547012261283571	0.10012286576018814	-0.18009548039207715	-0.12902580269719044	0.05422461246648049	-0.09990063664749438	0.26901838814560536	0.2654274137588022	-0.1864373274681568	0.11101710802827537	-0.16065125750147283	-0.15985132658200515	-0.20720407602456017	-0.21301702454806526	-0.12232181245790881	-0.09123464487609544	-0.06873564915475502	-0.08150397085108574	0.1060159058165591	0.36548485136648695	-0.1444792226141699	-0.23653323459562878	-0.08638594620275103	-0.2811121101310025	-0.21067163652632948	-0.004052451724538636	-0.10422365008397216	-0.048776173285858405	-0.2014415679468866	-0.10108362873924873	-0.09717448598174488	-0.11347627307012069	0.28089814276005975	0.02699823355303008	0.006541080561730947	0.1438955738745062	-0.06209391988532631	-0.013409083088101181	0.2262700336270896	-0.04519841677412651	-0.2138706734427666	-1.0002994999215116	-0.881627307437441	-0.4702414516798971	-1.3730046748315556	-0.032870967382437166	1.0216499139672097	-1.1713938531613157	-0.17883100494238757	0.015076655422973428	-0.026188434722955845	-0.5539593289062855	0.5346600067265824	0.777253563315967	0.4466136356372558	0.07989627011537985	0.33851475381064267	-0.22213775465778957	-0.017298964048351656	-1.1713938531613157	0.2576234665281681	0.7926164823712835	0.3865631115211165	-0.30426826270935997	-1.6870391885562173	-0.2665827897825906	2.2905932440289893	0.5885618563043196
5025	discovery	Whole Blood	0.07797030304619378	0.17116544068462405	-0.03326925994854438	-0.11674371816768715	0.015807950128706394	0.37377644131914955	0.0363724833189717	-0.0003219218825076949	0.3643125318652847	0.18690644101578402	0.13766584342565433	0.18230107242328292	-0.091090413568628	0.007990437358547934	0.15682264425636921	0.12259038504291522	0.07363944402880711	-0.06827227235524741	0.24440380504145853	0.002273453139790281	-0.40787306966099385	0.17335950657785495	0.10156158006958171	0.10234977197092512	0.13879233720623815	0.2975519245483829	0.2721517429646979	0.12357560583441105	0.04911790861965492	-0.20185699599688645	0.18632794686534418	-0.032349736474375106	0.057725564563866655	0.23374992795237687	-0.24032054322985447	-0.08168461185893645	0.2291453625768318	-0.37233916255787025	0.07256350379266092	0.137116948152899	0.01461967894623363	0.04002726795510384	-0.0665246250046313	0.3690008400948673	0.256328418918106	0.28913751581722563	-0.111258829487404	0.24137381422992443	0.30615089964037745	0.03273814211675934	-0.7079186604449361	-0.3654722084004547	0.3895058354709646	-0.0700649993819043	0.5196132402739599	-0.12879330922047547	-0.7764232656543294	0.23055509962592263	-0.7730268272560312	-0.7944560419925086	0.8242033433492211	0.8177165447685559	0.07736623653414915	-0.039520712180689324	0.05855152531261419	0.0707109097974088	-0.5595324711725986	1.5168504530370623	0.12424923512061314	-0.9428861449371869	1.0194201989841436	-0.026317906413541592	0.8242033433492211	0.14548463566825798	1.564003752570025	1.4894987990973174	-1.1172376428317108	0.11790752715577471	0.3716578259012005	-0.39677270146529686	2.3103563378951737
60001	discovery	Whole Blood	-0.10542888369276675	-0.07409967168501326	-0.11153552189458589	0.035282038793119454	-0.2193156612944022	-0.25811653273759955	-0.10874587814236927	-0.01433811821448372	-0.17551435875558039	-0.3034344206467701	-0.2804009394621523	0.0002438838314257446	-0.0612209737400489	-0.10100382142597865	-0.042257411849729885	0.0016064014476576368	-0.162501461026262	0.05308338109955366	-0.2127594456685191	0.14235843642312412	-0.2163676258849901	-0.15913292589250694	-0.050583142860406535	-0.15493832593121767	-0.15727067208908138	0.0140547224334302	-0.06712468915824221	-0.06963235101419135	-0.1451462538386861	-0.03168471017933919	-0.0457543691287953	-0.01824867462169507	0.04808092259356103	0.003061951197408144	-0.23738168985876737	0.003397759295346867	0.0002719779822854208	-0.08476811015943236	0.09095728405715543	-0.04085653145070304	0.053227847568296786	-0.14619607404174115	0.02445549769409026	-0.23340316372824813	-0.13790417075033204	0.058283128080663014	-0.00487194800918604	-0.1250258277490131	-0.033623852855890764	-0.23010644323676327	-0.8582850398652329	0.16804632471210768	-0.39074608585147064	0.07911696814710319	-0.9314890803964735	0.8966945991320048	-0.038196984635035555	-0.3583087817998654	0.3171177221134892	-0.5246914306571615	-0.6816609779298177	-0.027711944479896222	-0.5230754337694216	-0.7677204021928912	0.2990277292723656	0.2630382993492793	1.0050566850748757	-0.3792253813512553	-0.2713591025608498	-0.28310949214477366	0.023785768193891277	0.22325735023237747	-0.6816609779298177	0.8206590636201088	0.6204024852444755	0.36616578842649994	-0.2939960221539045	-1.1757125168511053	0.47062648732215734	0.005950744665391666	0.2715182006160054
60002	discovery	Whole Blood	-0.15281430607630703	-0.05170917955983725	0.02358837682396772	0.04148461103810251	0.020778497998394544	-0.23224442577761417	-0.09299321059289374	0.024807784101258834	-0.0037855988715926425	0.022160951961759566	-0.10518623837431525	-0.004660272971274878	0.16943388610980642	0.16919730085831344	0.13443461967899634	0.055673895180598926	0.058185767244827866	0.04499200033534231	-0.008674849155338279	-0.024199726541820763	-0.23104064755947926	-0.11430640774781356	-0.1107191727425527	-0.1507618101318404	-0.13433841903157517	-0.3743484055371408	-0.2423211213319686	0.06235264439373376	-0.03150231336529912	-0.11230497478885522	-0.0441607983701289	0.17764887144268346	0.20141845733874095	0.04314783197729331	0.1891132827403483	0.02523107981326911	-0.16614939999894923	0.3106555486005833	0.01455307473259768	-0.16706567339875003	-0.03615834687895781	-0.20542782871975507	0.16387188401422195	-0.02967633868389525	-0.11104637167644706	0.03937363205394641	0.2044944617688889	-0.07641415857544083	0.16713464343604817	0.020429375349731497	0.2306377158166676	-0.30429113350946285	0.1524227066384534	-0.516632624957689	0.35761915146093737	0.1783969933486165	-0.4007310176730065	0.0400026203023728	0.1347039994620629	-0.6328124456080855	0.27298632930848526	0.3185273322823954	0.3474898932854934	0.9714433788076496	0.7656746600310654	-0.3493957135694997	0.058989070277819126	-0.7115460236444034	-0.4957121309843825	-0.24704160906083594	-1.0847793005709208	0.12174173263236598	0.27298632930848526	0.2825924140442279	-0.28837655836043763	-0.29268729371061497	0.5044582927905842	-0.46910953941920674	-0.257610396507506	-0.29104863863540015	-0.21555176825966932
60003	discovery	Whole Blood	-0.10830408828684936	-0.05356115354595942	0.008617939603376949	-0.28171456067775713	-0.1235458749050568	0.16589215851741418	-0.27729745262315675	0.04574976050074435	-0.27426310643524815	-0.2139451178246918	-0.1383852693420567	-0.08374886652696516	0.031774806602911695	-0.07061917092878263	-0.0890799935558418	-0.04509967162135005	-0.14105649964539171	-0.18353062612416207	-0.12106390302405302	-0.1823422555473912	-0.53259826773885	-0.19275520154638118	-0.13300802977825518	-0.2419262072455726	-0.053334895310762784	-0.3483936128508595	-0.24499728623375164	-0.05117317547517312	-0.043432285376551485	-0.18320120229649342	-0.10257759441675228	0.22467732311021224	0.18495889803680068	-0.22490000491118592	-0.0114478567935583	0.03682224299025994	-0.157723232108431	0.20161336691903353	-0.0328952927829503	-0.1060242094169312	0.11960460497665862	-0.2675138231413326	-0.0769369697566887	-0.1778640527338638	-0.19558209703695634	-0.030064225884839722	-0.09475974735280462	-0.19218657468939188	-0.21241747161752583	-0.11681656146205985	0.12819526320708996	0.25713142129754146	-0.7749389744461043	-0.13050661386750925	0.05591132946978543	0.10331644373347774	-0.5923689356630103	0.21186749756032622	0.4402913621334352	-1.373854214164869	-0.02801473060751919	-0.39461990533701224	-0.7499826361480323	0.2549412200099485	0.6067372163221801	-0.5988954463647094	0.6888972249643519	-0.6860931073281115	-0.4866466767577269	-1.2250502636248823	-0.5530541116421277	-0.05725673138053328	-0.02801473060751919	0.1007207872744243	-0.6898681790408869	0.4514167100695243	0.5361473730315836	0.007988355244165024	0.2864455192904362	0.40381213067357824	-1.0327995863375348
60004	discovery	Whole Blood	-0.03678889238183229	0.022478252111978743	0.06467607945812806	0.02038089927188403	0.08536489443637299	0.038736523300626324	0.1187096991540124	0.0813340548000419	0.008869374973945727	0.15409359653148408	0.1869626779883898	0.03098577319873827	-0.10633953639215543	0.22336379081937213	0.068582003756757	0.037789364290729245	-0.02027551407140978	-0.03372821661994162	-0.23305089382513347	0.04855589821276049	-0.0414133396356773	-0.016859605122984185	-0.026787554001051737	0.24665203603804586	0.13832057172069576	0.14540868271828677	0.1155269427771734	0.061238258093406384	0.13511975091027983	0.123401731710963	-0.13072302585609005	-0.18459814920952666	-0.15092237952443022	0.03643950829721404	0.1679129791670551	-0.09674284857635433	0.054012373182952836	0.18443079594728873	-0.021313549951595474	-0.036309211730852574	0.008753045958044093	0.007725386079211541	-0.026762415084508648	0.021409774714279215	0.16449579632760317	-0.12351570842582366	0.16537192046927107	0.06788485597843624	0.0952483044202244	0.04435113736635492	0.5164963157155428	0.05438022170126333	-0.2951572982126344	0.11584770020333843	0.2630723701568666	0.622829521347938	1.1309773159668783	-0.03050353717854526	0.6858267695875309	0.12851707648726046	0.38180690745967605	0.035220253837508625	-0.20421932676376506	0.29927475362537004	0.6129099244099915	0.33649467802979294	-0.20455861629541378	0.16271829734877602	-0.6809446450003608	0.5682525952167478	0.3372264922082554	-0.17001488764220907	0.38180690745967605	0.17043960582076942	0.09278495560622325	-0.034769988150053444	0.40975934514646367	0.31755924867881524	0.4095071434014341	-0.8102971962992522	-0.22998139851627675
60005	discovery	Whole Blood	-0.12942564023276934	0.1897946930440327	0.05407931554598771	-0.16027879325310743	0.1024449626451765	0.1814489135369682	0.21073544299845615	-0.04240667981539622	0.23021097317911787	0.03755270282759639	0.22683900470289725	-0.0023379804160588843	0.11491535061775643	-0.0005687456754319516	0.026057749821513584	0.08100160981702059	-0.09098423203935399	0.09022197209178502	-0.1295694584385906	0.009723523236396898	0.12137142072140393	0.08428565753098533	0.08771319715374948	0.5477668258026417	0.3632539441566305	1.6211101990204932	1.0943505423414894	0.00783282749241282	0.1638688744754311	0.0804284739875126	0.08714859006430788	-0.1911775201916557	-0.21357961026630765	-0.010645734001927245	0.022730093029524272	-0.19361364592085922	-0.0017923224696276842	0.12188732775623709	-0.07203548842629741	0.11216045301632677	0.2527949472925706	-0.04832075436895162	-0.07245597887814231	0.19302828633751282	0.4317233488669056	-0.17593040815778396	0.030949291829455227	0.15698939313831006	0.03429992410074777	-0.1261510482543562	0.9269643254114023	-0.15055180142383315	0.34213278875139963	2.755907825417726	0.2580714522859562	1.3789330791361178	-0.6042398182863472	0.48274881425745564	1.0398301589784975	-1.076665191952251	0.33769589221392105	-0.2933591353708904	-0.46694922057116994	-0.04613740021965285	-0.44978443210956287	-0.19163611236199404	-0.8291175317973479	0.6537786789896147	-0.16541656267718774	1.5750521543703953	0.4054309564781964	-1.3531180806596605	0.33769589221392105	-0.01727810361084406	-0.21649395696842616	-1.692196349798298	-0.15598035425258944	-0.8616560657386433	1.0239276790170682	-0.6617982482801716	-0.8131128515996027
6001	discovery	Whole Blood	0.401053883769714	-0.011186954085570704	-0.19138903099086937	-0.1846915887867451	0.05936235888866378	-0.20650457429992172	-0.1648208826078852	0.02497890604948327	-0.08136545853397491	-0.15023202223153734	-0.08753008548987531	0.43260492198484224	0.2012107760076978	-0.1993994725220465	0.13976321541732162	-0.06091965737135347	0.3929139747236899	0.06066915412395509	0.32836443563099604	-0.2606900923310544	0.7525569644329232	0.04385684553107588	0.12134262019791055	-0.3333518933116062	-0.40167658613791984	-0.23224483803376375	-0.24526881941937625	-0.11081229270217491	-0.08558530381938698	0.0014334791178645962	0.31944827847130886	0.8649085518489741	0.8058749174757497	-0.12481102122985502	-0.02188928303966886	0.652434645853811	0.14198425153913383	0.00372876477293993	0.22869525041171235	0.12540727324175652	0.23563286459283442	0.27852676089209	-0.20361149809933438	0.018165515576803765	-0.29929397454914475	0.6181285225953218	0.01294075124736529	0.23156450349241672	0.22330399994880418	0.11408072620399858	-0.34235431605548466	0.22360488896685315	1.284471616184012	-0.5991395741556494	-0.20304848593589866	-0.5183312702999391	0.20467389902528435	-2.0116623353717014	-1.536116565057143	-0.30799587456728117	0.08734109205546607	-0.7798376542007273	0.9781073625851383	0.5096583489550914	0.5363646717362465	1.367744090301536	0.7348024033003241	0.5707205011234517	0.5254977924750516	-0.6405311821284473	-1.9284434988556005	0.8363851702316836	0.08734109205546607	1.6030499768424695	-0.25083586431515453	-0.6098139756755243	-0.39329876888055504	1.020631034669078	-1.280141166268101	-1.5447092273912264	-0.7005677285007602
6002	discovery	Whole Blood	0.1491111438805357	-0.06733318506672174	-0.04076165196496295	0.01980892287975887	0.010803879030396766	0.06593953308229525	0.0423826706211119	-0.09326441250912776	0.053126511036681236	0.18239218206053653	-0.020126342316045008	0.11348707546095846	-0.06625004935256827	0.06729643933518212	0.05241547452701649	0.0692419863860732	0.04385552648219513	0.0415764490575464	0.18904603133384051	-0.11532925934327144	0.11209089944670429	-0.12078081658655743	0.019880044041253122	-0.0880806385324594	-0.15225292325260706	-0.2509820958733857	-0.22640758814365977	0.07554440331083995	-0.010339528584629793	-0.1075311396618331	-0.026162011663182414	0.011654062266145033	0.3011693625581304	0.10169170488776684	0.05759013036230692	0.04368838362468238	0.07203090222943655	-0.46953097573597763	-0.0791382765838976	0.08864264809685028	-0.09201395826936032	0.047485728264914824	0.1485699837812979	0.11414162013058374	-0.06864871566915634	0.022398792643219825	-0.05615084291603577	0.06097717946548343	0.03362165700675067	0.09577459569494394	-0.5634830301697233	-0.38017050405137115	0.28880209244078975	-0.5534716195573708	-0.5695273904243634	-0.6556620588872262	-0.5000892934292764	-0.08328591063092033	-1.0793272686317132	-0.9150692026890785	0.5650383843316006	0.2703371515151793	-0.43961381173819286	-0.6211873770989925	1.159678240674451	0.5789941657232971	-0.026790899126249323	0.5099102099762982	0.6755065943414161	-0.3797463523531551	-0.9999174449975592	-0.30403274009775816	0.5650383843316006	0.22407187565692163	0.19796543035506065	-0.9912673816548964	-0.6986722157229901	0.1780988970321238	-0.07286602474992027	0.19439813455914062	0.3219915136551586
6003	discovery	Whole Blood	0.12456103515772905	0.14205825565864008	-0.09021668177185423	-0.029749447812173493	0.09424726853915841	0.06710552334755339	0.05474704854046075	-0.08153568077299819	0.1252975217042297	0.1326835906742856	-0.0004597715170706986	0.28191634963821033	0.18044120518192666	0.1340955889467439	0.027755909224909062	0.0038846712754026964	0.25632978647927895	0.14949328877534607	0.21820945399134473	0.1366230345942152	0.23369295463861983	0.045249944597409324	0.16708478597580384	0.06499244694844518	0.04080910136258471	0.951356122494427	0.5779247143720782	0.06078776219255405	-0.060932735205468096	0.12608346789951855	0.1211815852240329	0.47301508370803835	0.4328109358325961	0.15777110281075024	0.24833857826158898	0.29598130669994804	0.13978477554743798	0.19444026245186044	0.05021056723473519	-0.0333503697444087	-0.0876553861549029	0.049945201791807246	0.09590414175215939	0.07644043322559156	-0.07512092870994977	0.24196762387433424	-0.08233967195597727	0.2942519320144897	0.26898132538059794	0.17998290060299046	-0.7894509777226947	-0.40470341422227774	0.8862406057753138	1.897370504088729	0.24982639287211678	-0.23464163672845553	-0.7164344348154139	0.5662327644479364	-0.9515894133199279	0.2982094909169187	0.6616459564107936	0.27394153726396725	-0.09647544265122887	-0.44030031033389744	0.219448243850502	0.823105066316128	0.28619030757864333	0.7405850006731822	0.420246158617113	-0.4885405932175256	0.03010313467624104	0.9006966600743102	0.6616459564107936	0.16428834102140782	0.007383991001968973	-0.878438820487975	0.40679346011506434	0.30792406679592343	-0.7294239972954378	2.3441945428882063	-0.13532137567457514
6004	discovery	Whole Blood	-0.002598644674094105	-0.009926185199691729	-0.03914321407109661	-0.11186649852335216	0.11542300461787657	0.12639717400011452	0.06025077487541878	0.07150486606171656	0.10587003366617134	0.12055019262079184	0.018640185006067057	0.15180782951857402	-0.21946908042332677	0.03422044985561585	0.12343070811072643	-0.003939376336836754	-0.016704525560194913	-0.10438051147385537	0.06874977042209612	-0.032570418771615525	0.7847422741740004	0.1372953113341583	0.005684669821494081	0.05149840930777764	0.01285029787411676	-0.023818693891581116	-0.11209306732168228	0.042667007370771094	-0.04619679935999433	-0.034164431830364314	-0.00805288376819425	-0.2773751523481897	-0.028635203554899555	0.17265448380531925	0.27355051701181404	-0.24107815572044256	0.09876958350130235	0.10590287958300225	0.14236053702836848	0.1228797403098796	-0.05764568245701551	0.26688657862520415	-0.07524864494842474	0.21297816133711062	0.03522314302074021	-0.15846083449947104	-0.05329032855182143	0.13741952013135902	0.024226263657742664	0.12835236616307988	-0.6952210652534575	0.20724368347534422	0.6818463533740585	-0.25707954617275997	-1.0955064607287779	-0.21652348738428506	0.7589597272489779	1.0308130710609409	-0.4184257183044161	0.7126823829942817	0.3808307848636395	-0.01699840977560929	0.3763713766345708	0.03507292175796073	1.0847332189781596	0.5189636872802965	-1.0634158922578019	1.5165920177276297	-0.1384190733444225	-0.24111140919533025	0.3799122944379538	-0.2578694514123561	0.3808307848636395	-0.33395706005328807	-0.6189074672479433	-0.30693779711916	0.1562296964384124	0.2846876834177283	0.2266417079025747	0.912226794323495	0.7246067735598487
6005	discovery	Whole Blood	-0.050954671762841554	0.05906918872076277	-0.018786825123132136	0.03926563828565006	0.2453318826985108	0.2823563820309863	0.20734963646764118	0.04719894066262966	0.3489944434812281	0.033372764249737986	0.14378137747432296	-0.16406196814862156	-0.23160635718046918	0.03478872239667421	0.03806446504450343	0.013523899163073576	-0.02584666105561515	-0.022694064112704235	0.01979057891473943	0.2534748194205573	-0.25679394442868403	0.20964182587019542	-0.01866192990652997	0.598766132207737	0.3997417662542503	0.5244469653741471	0.3913495818995341	0.09295649311058135	0.048488198375320896	0.1376991578247445	-0.146426102503105	-0.5396680551619312	-0.1802237976951356	0.12714381326818122	0.06951222117563523	-0.47284455247835877	0.14002429286244955	-0.12298311225994908	0.009648464542574732	0.33928273510671864	-0.11103658713779818	-0.1166467657963026	-0.054018631493339256	0.2758706119259926	0.35399494692929945	-0.2245958427327696	0.07680080698126827	0.1716817829665524	0.26815423060849164	0.14171055638009164	0.822820577581448	0.7305888200858853	1.5797003431433367	0.6818489447716953	0.11453196516500319	0.8094956282477304	-0.31745610151445597	0.7485441435811334	0.3219719515004945	0.23522650313099655	0.10340751971773526	0.8177847482541792	-0.6157921853305826	0.1794010631319064	0.2028761937671264	0.6412807347209564	-0.536269000172138	0.3317230007763287	-0.5462374077232034	0.4179397664205386	0.7169695295463292	0.48655651464373406	0.10340751971773526	-0.10416934463554875	-0.49972221336017203	-0.3367960830130682	0.7819054876277217	0.40847731254093245	0.6202688827912617	-0.7991731006478286	-0.14209168837737907
6006	discovery	Whole Blood	-0.11033864228128737	-0.14227198157428636	-0.1567467588199676	-0.16383614723597156	0.15185338685799465	0.012977803569652056	-0.1378960963959643	-0.13521411652238885	-0.04692727970950441	0.12500958102308973	0.0379102765734078	-0.1156675373583246	-0.27332055865263255	-0.01128827101800355	0.07764329386838505	-0.08673040781102151	-0.1704942898626354	-0.2230808439136865	-0.06979039765830596	0.08929486551901868	-0.3791859191484438	0.10968654478551516	-0.08045240090658869	0.05893377175814505	-0.03598935074617744	-0.36181808979005065	-0.3118932285294077	0.02603979026696194	-0.0006296851357045693	-0.031770017795534844	-0.1081487217250524	-0.4090506745256791	-0.11829093134736825	0.11957417111038487	-0.01132177911521399	-0.48490275674792244	-0.14728602742481997	-0.17866062760980622	-0.1611955052184502	-0.005515155385327983	-0.06381185742019461	-0.3563987340951827	0.0406912052530957	0.042044493357506346	0.04108186666851566	-0.07623515271774432	0.10285541075610366	0.049056720048943986	0.37969431719792973	0.06758414457686389	-0.31484583893992923	-0.21973620057325602	0.4177376425425563	-0.446498639521083	-0.7584413484747623	0.5453999725822584	0.6155122416396533	-0.5348739440907777	-0.23431295816744963	-1.6424605710027758	1.3361744508443547	-0.7162711328888528	-0.4374831212394294	-0.4077644704058715	0.2305886890194156	-0.7078283150588599	0.7774626084681941	0.5622004024200562	-0.09942290599225528	0.2083690645683336	-0.1417844796054626	0.18581398406584085	1.3361744508443547	0.41817123957843305	-1.3126147886014312	-0.12575644017155707	-0.3738271575099023	-1.1173206038067653	0.5575304156336627	-0.03790294703933613	-1.4859879367727085
6007	discovery	Whole Blood	0.09765587062606214	-0.03111877472564357	-0.2874629136247993	-0.22110901942065658	-0.10300364187145988	0.07184295870087284	-0.2857352795646276	0.0031486774482862084	-0.11251078306807873	-0.13105773983824331	-0.2444135082227432	0.3294278406825662	0.45928189219330745	-0.09590058510347393	-0.060507807007570955	-0.008326902755664693	0.23313129947073746	0.19514727516799735	0.13760116128904956	-0.26323042910759775	-0.12688635729286757	-0.18698950459010383	0.03689872175695701	-0.6671462032833305	-0.5815670691755095	-0.3243297292040272	-0.33217558291578736	0.06068537112825205	-0.3988439038719638	-0.010922149031783752	0.08349382723512058	0.6218463448580889	0.8362983297889042	-0.10260672374863467	-0.419866397685131	0.37915916452323295	-0.05757446060039212	-0.029371488465660584	0.051653477614615605	-0.20235336507784762	-0.24011085189251474	-0.18630035074523774	0.07175230218851297	-0.11656119345604837	-0.772799539203902	0.35967144247501853	-0.08607559320911443	-0.1163473673160852	-0.12454475182323647	-0.030732609212643633	-2.2694316430789723	0.33924735066920453	0.11449994250551716	-0.7080654070848517	-0.2757215267252208	-0.7554687626386997	0.8146489035655474	0.3590551048821676	-1.9801777647770675	-0.2696654711901913	-0.6001727098228615	-1.2210537808227027	0.18572627329259828	0.19328323281689397	-1.1741463125576863	0.3623150764628715	-0.9754804060820702	-0.08165527642978096	0.3439342164221001	-0.25756327847011046	-2.2431211204710486	-0.5240865741361728	-0.6001727098228615	1.5376025071114987	1.636075064961663	1.4859531714092564	-1.4430865621651423	-0.6983202843151495	-2.465821541008208	-1.4461811099444688	1.3866726279481285
6008	discovery	Whole Blood	0.033661333324145	-0.15699549372100702	-0.36895689670096027	-0.05827052712720765	0.20271852455852335	-0.036498608489666746	-0.13998872113741917	-0.3483991082552614	0.09003491320392877	0.2865197346889844	-0.17065782409967498	-0.10745485488433738	-0.3969394165829766	0.09139020602147573	0.003402531035415218	-0.11775827204908806	-0.10116317256385962	-0.20701639100368882	0.02779911889807556	-0.036138607079107224	0.33064374236258126	0.004785496554476727	-0.06292075667096418	-0.21195359533496141	-0.13285484247132245	-0.5760741030437666	-0.46620520498412144	0.08719496477856672	-0.14314309034986517	0.07201120121783713	-0.17820693715590472	-0.3802803672835255	-0.0827597045202067	0.3627449231726434	0.36389656348647176	-0.22004518200154435	-0.04553565105864952	-0.14616960891870207	-0.17828447239816125	-0.07883974349744143	-0.25110666868171955	0.12423529410397817	-0.06766881547059196	0.04918297738601075	-0.3602204759909084	-0.052900559532696824	-0.10389008726785107	0.06219885339602411	0.1271950564588595	0.17833310976332747	-0.18478171084336492	-0.6298111247875728	0.8348823607694477	-1.0669234876178328	-0.9265511859423242	-0.6467748874085077	-0.7954961342989062	-1.2169803224645954	-1.1397932412771632	0.7404680960713345	0.728549756771805	-0.0845826978834574	-0.10910479627340566	0.25311575391178065	0.15452676122783948	0.7122679435707994	-0.6973728270510297	1.2467028692279865	-1.407974992913307	-2.7815450353419195	0.2918831969042357	0.011979587777928569	0.728549756771805	-0.7126053627090818	-0.22730117563618316	0.7619023434926533	-0.6857243034990093	0.7106264571333445	-1.2156963872758164	0.5468899567646173	0.3841134000338695
6009	discovery	Whole Blood	-0.10335333659396742	0.024782731986198195	-0.07293377034697336	-0.20063874365814152	-0.03835182751001286	0.06486417148072986	-0.06544966780900266	-0.013671029545547973	0.06872180969829061	-0.008974669368650764	-0.09145742943319507	-0.0344367461625833	0.34199870581989633	-0.027883610296357095	0.009254515905712303	-0.00704074730734355	0.015461673411373496	0.25379478284591844	-0.11861214657476515	0.1898247237504415	0.184562043142263	-0.09067561408446739	0.04378096622423415	-0.032620132726097054	-0.06353177849834514	-0.1726781312443286	-0.020365654064683866	0.07724732658796864	0.0499251588624796	0.2748860293364468	-0.13322931985803835	-0.16760566952410583	0.00915348456727751	0.07193067648831052	-0.2028028326868044	-0.12313334672293218	-0.04552459054474545	-0.3937170702053087	-0.06617941105417625	-0.036967695795292244	-0.13879821482694274	-0.2889487296916669	0.20399311270359546	0.18668277930284463	-0.053335026354754796	0.039456670959940786	0.09209105339747538	-0.03697525848461491	0.07994331331451758	0.006607096433785487	-0.9402262218135047	-0.32568063766207306	0.4334902027136003	-0.6419679468992487	0.6194555890163804	-0.044782114883704	0.8388005571059051	0.22457330530872505	-0.783721665626109	-1.0836963165945368	-0.9820009845614368	-0.6905544485049863	-0.02950916304525157	-0.5287671505036253	0.42518593280359357	0.56118285527935	1.3064628550179158	0.5133879243676023	-0.2931922837199308	0.8607606951502188	0.6962968991698519	-0.05604125609525634	-0.9820009845614368	0.030098820273308513	0.564894414347502	0.06829132260532333	-0.04984066646829349	-0.590592070436166	-0.44901014214517243	1.398132070985862	0.2198845056396074
6010	discovery	Whole Blood	0.1571797891457008	0.07620774195808312	0.21517933993622984	0.4390175332527445	0.14973214503477733	0.16464924102769	0.17849736002566668	-0.07607566816346603	-0.12435811536749419	0.17718096661977026	0.18084543053777377	0.051520691787748665	0.008889918097022134	0.16784283253334173	0.09506435994634953	0.09772092567402865	0.09474786164367903	0.045966690250826114	0.03226729868832152	-0.06996904062082186	0.7563059886666306	0.10797085525375434	0.1194332798959491	0.22402295666570973	0.11236539000526276	-0.0670364583151731	-0.02231638183362548	0.031056942085169834	0.08316783678947144	-0.024800375282782016	0.057960628170736606	0.14470035971045184	-0.07456827457621835	0.1155135570344371	0.21907112055623837	0.26641597438040177	0.16695296970369403	0.42633475518257585	0.017907137074874107	0.20178180497357068	0.23525869860286147	0.36539341401009834	-0.08944849796061939	0.08768832294044149	0.23317534422233333	-0.12988374170906786	0.009002448849579195	0.2290969501729884	-0.004749814750371518	0.12244059617260394	0.28446929712761515	0.27174522535886786	0.5727448313378621	0.020773507787907347	0.04581730416665218	0.20116579692248393	0.5924854472613523	0.24829429180272583	0.6040694972273446	0.9138035114091906	0.9281660414712978	0.6084720020283861	0.5901556113112102	-1.6918678320600358	-0.48235320455428726	0.4758439713817762	-1.053578644784134	0.3073286375495963	0.6715646438701912	0.772172378124431	0.10614383721885184	-0.9287013096927894	0.9281660414712978	0.34550799144182504	-0.7401040085110361	0.08839184160301322	0.34705049476328864	0.02817117349444509	0.5980410583966261	-0.836847279455438	-1.081737795727429
6012	discovery	Whole Blood	0.014091248406053608	-0.07278464118116039	0.2635133895479564	0.23135503305550945	-0.0911768839785433	-0.26102711264273104	0.10738874452895296	-0.052308684319042516	-0.04936105396112799	0.05988258015839686	0.023068437236691292	0.06232331389170104	-0.06772540102105953	0.03260751730251693	-0.014474005627125081	0.00032711260066520075	-0.03670584251877889	-0.19222607165737218	0.024726500903622713	0.052973726755028226	0.024347348141716126	0.05115628906078522	-0.2018117112545614	-0.15327743649389422	-0.13571060673411176	-0.42456301409394176	-0.3151298895389657	-0.10178582546918531	0.017508279528211525	-0.19013727020850377	0.03291976275728878	0.044630826072180343	-0.09579688372558538	-0.00890644533008488	-0.036546439387981855	0.1400365953311843	0.040714803984069944	-0.0602848023114617	0.030572949628443633	0.04800276972133558	0.3013996268495139	0.17579694751606753	-0.10745850356161908	0.04816081810883982	-0.03517532994149399	0.07802092050024582	0.008273865879159485	-0.04085704177165402	-0.33918634567762473	0.04171745555972411	0.24576571005215106	-0.1266417658262286	-0.5289504894098688	-0.727562159838971	-1.7994252178643428	-0.3937068144516309	0.8003231357655104	-0.5026761952725496	0.42614968988853397	0.30263101617027244	0.8655063201323425	0.5113221937925417	0.792182008986862	-0.762469521035409	-0.17561606242867434	0.6526969395597207	0.2601277203530462	-0.4638806001848975	0.21064680185321208	-0.8223509672973257	-0.2929776063350925	0.001712936412739896	0.8655063201323425	-0.6316865382361394	-0.5494043792289945	-1.2799128119158882	0.5128227094789399	-0.22366512719651455	0.6167185807944596	-0.6606209236174483	-0.15022954120266174
6013	discovery	Whole Blood	-0.12421239634303097	-0.060289836284936955	-0.12207569020739019	-0.11613309383864179	-0.03906463220894002	0.17013004410919208	-0.0008964519648400657	0.09973892561469751	-0.2188542728043205	0.15338507409043425	-0.0017034449300083146	-0.14455818248787428	-0.27538586367145224	0.04936159425633322	-0.033947131675515094	0.07475223068991645	-0.029045195973094903	-0.19683581090250268	-0.09888079833256244	0.0006780368883732588	0.1705844973754164	0.022216836710878898	-0.13357006505059907	0.08847740787800498	0.05654741163247738	0.017860253087773472	-0.06046793128320905	0.12616908028136067	-0.05212481076834026	-0.08384398933570923	-0.28339736480467564	-0.4464602962847698	-0.47646026640638894	0.08129927965558391	0.10512205792346707	-0.09253499204223224	0.033893527784706244	-0.16419161866757132	0.002417843866445992	0.05697989400648603	-0.2950723082051768	0.05483288942574091	-0.049270308750389354	-0.08475097040930774	0.07338364071793532	-0.35354212971344184	-0.023082037645329786	0.061685237306570884	-0.07267027641338038	0.01230849826711165	0.9117274589680209	-0.16335931699932202	0.12323563394327859	0.19763811143769577	0.16923857646272655	0.21394932481616488	1.188880238725806	0.4116222662498381	0.6834596970539739	-0.18127532423974596	0.04813970580858358	-0.36281443996230894	-0.03163344855707482	0.7230604464807955	-0.40487043044519755	-2.019950468372236	0.5811022701844697	-0.38915035465715153	-0.21803391144367182	0.1327418335523084	0.31385190284984477	0.19901940391994	0.04813970580858358	0.007384093647769763	-0.5951795598925836	-1.2354668682362964	0.05282706498097593	-0.14390796822816324	0.5935555602015781	-0.5423800864436719	0.3141644660719694
6014	discovery	Whole Blood	0.283097141291617	-0.0035598739942780586	0.09704999421605612	0.4693143792204608	0.16535455026439916	0.07712918538672153	0.37286162361844233	-0.04029334139448549	0.18621393414944987	0.4302106396877077	0.4008009337876241	0.041973397921678514	-0.26525956255398647	0.19307971619510064	-0.11066921551228213	0.13576999131307588	0.11332425868353202	-0.22603960275656063	0.12051301584507698	0.19132666116057667	0.22618295657002943	0.2760259541259239	0.08559180266223919	0.5405562823917783	0.4109680539497988	0.5719325223137025	0.4942671907942482	-0.007730131015785492	0.04554778584554392	-0.10343758011858595	0.11798037396135402	-0.12041931557623016	-0.6345637606459369	0.0623729922745414	0.3651947657927857	0.2943393886803978	0.18566506559426907	0.1451632565522297	0.2651179995152006	0.1431853917414779	0.20634075237690655	0.26512997116756004	-0.1335458040759682	0.24679425785839942	0.2779848094483604	-0.15230248783036884	-0.11884442560142404	0.18465567989616613	-0.2600475722470777	0.26699087634771357	1.1277494288882575	-0.08663169593403774	-0.03857233606279294	0.6043333987094016	0.4871548978606883	0.8371722840115321	0.753310858425046	1.344773429028185	0.890562148348033	0.1950489286152081	1.2709246031141452	0.5799198094087179	0.5940825383382458	0.7378661226317451	0.20207392565730875	-0.681756722459804	0.061152015394756426	0.22944549352055016	0.3194066011004981	-0.3933986121457166	0.7485956913182041	0.7910289641718831	1.2709246031141452	-2.772329111229953	-0.6896946892081267	-2.8578025900506203	-0.034121856141970164	0.7264888313093147	0.8592587869906927	-1.7744271101032452	1.0369116345324474
6015	discovery	Whole Blood	0.032524934656658996	-0.2627932529480703	-0.27227157034129473	-0.3701582065723828	-0.26677707332880074	-0.482567271766956	-0.09733942845488151	-0.0193919601634652	-0.14143936721455677	-0.2418828546551393	-0.24424395717950156	0.21688239953164426	0.2847418733127871	-0.1473466527188837	-0.26825480805469426	-0.006398016467023741	0.030391269599246304	0.08537008056362563	0.1358277235093253	-0.5570712676591008	-0.4922741685307237	-0.14687983538318194	-0.022394481955966754	-0.17861384269960637	-0.12900449038743936	1.9249776086755863	1.0493305876675039	-0.15643122450719457	-0.1907833174405654	-0.14916319446658946	-0.033384582888493566	0.2951744293982492	0.3391273776575038	-0.15177748718281125	-0.0008207922384251908	0.48380884244590033	-0.08118014830217415	0.3753360722672883	-0.13042182615025388	-0.3866895944697235	-0.2541154783016586	0.15427974582725199	0.012468418260908828	-0.5464527460748136	-0.31184778124382	0.3147402463913584	-0.2863879731025671	-0.1581895825369126	-0.34874863317842514	-0.014999474856998355	-0.22356533654493926	-0.07473740842621251	-0.5000827175235032	2.9652922441396687	0.5737641400741047	-0.23171238976993525	0.8679871813903178	0.7664004770831302	-0.9375949103026469	-0.010147968336034374	-1.711930833861239	0.06491033962380721	0.5066155802033016	1.9680087939702458	0.7025369498180454	-0.17123198810796933	-0.517171825212281	-0.0066568660361702725	1.6761961519883728	0.4021236810651011	-1.282561858106854	-0.373837553395653	-1.711930833861239	0.615707985445331	-0.5372304464995923	0.18544269466369556	-2.2219959578453663	-0.3847564354186307	-1.9807038321838744	-2.570986929501237	0.4279613328313395
6016	discovery	Whole Blood	-0.026140072958894187	0.05933243902060493	0.08615658606897822	0.29653768199238995	0.013562447134374784	0.013430331557202748	0.04785545973315023	-0.12224368766948737	0.06625402928855269	0.1701829080809951	0.16623536561745458	0.06615595310150159	-0.020711984274485503	0.07181125131444094	-0.005483233792120113	0.07043363431953116	-0.06819630385821021	-0.017995657602930665	-0.012877945828254245	0.17798919304652597	-0.1754865551743901	0.032628779745369846	0.013990706863137537	0.09284202140718954	0.14641769106715213	0.21186604058023997	0.23449772696992835	0.02406754300773702	0.1154782086831888	0.1086097726288263	0.00664121250780963	-0.06293848585333303	-0.2965238271438796	-0.009856614958426506	0.3461958379206958	0.017592592386911708	0.056759801858454605	0.3533878789107111	-0.00500794301616791	0.11563619543914354	0.18540974609990615	-0.03760790711619246	0.06621307465242073	0.03667566920280494	0.08621250152776568	-0.020801584337822893	-0.023309787596406378	-0.03664841713224244	0.031159948821812253	-0.005068207226499664	0.3157363690102698	-0.037143632614687436	-0.037662188661302186	0.8746198259867732	0.21515941785144022	0.3920448074835908	-0.3731969000642888	-0.22852050685351855	0.28840887960224293	-0.09116702685085926	0.1602946145785356	-0.11418956471079997	-1.1383744226055987	1.0996706428243836	-0.6307514253856185	0.23293571678745617	0.39458022540136556	0.2669970789950571	0.1889601433411668	-0.006493217080301723	0.5366670551765965	0.13410100306827794	0.1602946145785356	-0.8878400475740323	-0.29525676512177484	0.908297553873392	0.5551003659582568	0.44456095361893183	0.3415098706076857	0.2837448284531685	-0.27071805067968757
6017	discovery	Whole Blood	-0.2895707691670897	0.0692023482766484	-0.14106262463963254	0.08482753876717714	0.007233806332336873	0.15655547721539112	0.09510914782471197	-0.08522452930680025	0.05908874219204153	0.04611649576187292	0.18236380813193256	-0.19017864850516752	-0.1541988468076069	0.0569948555923468	0.09756704562706446	0.06266168053591935	-0.19346909016198352	-0.0201008257260702	-0.158912410276036	0.2806073516650595	-0.015085656747262182	0.08177332910738498	0.018796280135367115	0.3931822748231198	0.3804846849199362	1.160994917108959	0.753119882693666	0.19681027341879373	0.22032750110921934	0.04954626299853903	-0.28331003848692854	-0.6816265926347006	-0.3779806706258213	0.14616859450491712	0.06754846486994139	-0.45013630399947613	-0.025832777783960002	-0.06846288941437871	-0.2671059903422741	0.12951236331711485	-0.09202606159127186	-0.3035170863202852	-0.08962262073023572	-0.08640543858716031	0.293601913379862	-0.43299749921877195	0.1154974501061278	-0.04842137208739798	0.27554189801260903	-0.016720624406102304	0.7766489647355633	0.6768044771108561	0.03330218222212227	2.119601688975451	0.8031496783647526	0.7899624076309136	0.7094967043615915	0.6092062568116332	0.4696876990968417	0.08781206958445609	0.3846556095424525	0.6834392686771601	-0.08548915700820212	-0.5922477329013927	0.5042316338010354	-0.07978563572768416	-0.7139323775142421	-0.5410674658608041	-0.9459481740338327	0.488026642507739	0.9364737545397247	-0.0900886933162498	0.3846556095424525	-0.4412527453150708	-0.9052878173785652	-0.6713472540757118	-0.13358221626726163	-0.6080338181945238	1.0590671386267565	-0.9962789742925309	-0.82834235234718
6018	discovery	Whole Blood	-0.019495260167648246	-0.14635761778442116	0.0012135675212970433	-0.21393694713363948	0.0996123825819631	-0.09998341461085225	-0.016750500032717438	-0.001634949044309893	0.06502721571553084	0.11528329647893742	0.003855677814087228	-0.044783550684651195	-0.12767010261281875	-0.009063113468471952	-0.05159734039727065	-0.01827103713233574	0.04611461061689476	-0.18544997560308568	-0.07536514720576372	0.02423992157866001	-0.2491645022594086	0.029971512030883954	-0.11354826564474794	-0.010016218193826735	0.030077100112084268	-0.37344081876013685	-0.266594388882198	0.08751652040127192	-0.03325805884329923	-0.01065740576484248	-0.18791184505603536	-0.2743174734867841	-0.3370799881030154	0.11068705274865359	0.05336556659131249	-0.037181860071517144	0.000693671337298236	-0.17345685848531214	-0.10742970325256658	-0.05426117356574381	-0.06918050834333159	0.11434424409932004	0.09231601382279789	-0.0719263271459605	-0.013066208109959246	-0.20884559814397047	-0.17557578149039038	0.010830866308153534	0.008028821300000285	0.13773910288598892	0.3734312775668506	0.4230920920283294	-0.42986769469864466	-0.6750118577572183	-0.19954338892259538	0.1592449621299156	0.09561660355127194	-0.020540441030959866	0.6002712354414541	-0.4601232109147545	0.5990957675379518	-0.17624348053484706	0.3608374756452619	0.3487244894036539	-0.3672696049439546	0.6932086690585034	0.32017276846273457	-0.7567259425120141	-0.3766593967663412	-0.20513589560830758	0.8765113094034028	0.28373151175908984	0.5990957675379518	-0.3103864931927087	-0.298429648113874	0.45942385057750035	1.1771272380286901	0.26966368176149763	0.46963287936695425	0.028205145882936926	-0.433021697535555
6019	discovery	Whole Blood	0.18115997041999643	-0.021778224134227	0.26404625252945135	0.09270149160958734	-0.013097303688466936	-0.0005020789885699668	0.11240479577789964	0.09028340207309879	0.08082963142740522	-0.027073522436222137	0.20478784679845877	0.02493141359934073	0.004064370128118447	-0.021109013203471333	0.02496285038318229	0.1312674652558965	0.09651228206765582	0.08039956205237982	0.17024200001226839	-0.08064524974775296	0.15138481252545288	0.13329919647267185	0.0007011903035252125	0.1950225189529403	0.24842342563854708	0.3219953747761196	0.29009211777569816	-0.19909938025460505	0.12385104070117813	0.0625251707438972	0.14582008444322833	0.024835036586058897	-0.06465940873054303	-0.032332488931844934	0.049760018378218716	0.17735732603570992	0.11535187245460951	0.07818085974321472	0.05246483856582853	0.2570538726353591	0.2699136389351323	0.14930768672351147	-0.02715693466375919	0.03931489320684095	0.20459698810691115	-0.00163565837122222	0.05804187957790749	0.13690814433605086	-0.1757107962458028	0.04843683521963504	0.6517764423563612	-0.4308366856844864	0.02011400424614329	0.8364955315844362	0.544091156051207	0.606115056663107	-0.0816003244096764	0.19358295304906253	0.838168628149958	-0.1614802115703619	0.9704106560640081	0.46491578498932556	0.7209506049350027	-0.37613829557858053	0.6509360913520738	-0.2899853301336153	-0.12635927657283508	0.3705197743212104	0.464990193060851	0.23329623873248634	0.2539154589442529	-1.382299701711065	0.9704106560640081	-0.7553954270928458	-0.6696570114601486	-1.925516270648985	-0.22883169046367652	1.3672696565089184	0.563398062554096	-0.9452149591970207	-2.023249287888032
6020	discovery	Whole Blood	0.3357366323796122	0.25140217370949586	0.10697176613548777	0.14608659534044507	0.06649424502061722	0.12250923456226645	0.27238382420252083	0.06866347330245968	-0.03186403600831509	0.14035290919389037	0.20431750228036705	0.2680251150731181	0.24257375716899182	0.12315673712922624	0.007048405611490273	0.11293464146774831	0.289319361879692	0.2394658942676997	0.26336513134375134	-0.3696150552365772	0.5863692172587296	0.1764191233903877	0.16956713260898712	0.013437906293845413	0.07147081364566948	0.07863165080653942	0.12579338063700152	-0.044201920219659	0.06292036180681605	0.16072744012571288	0.2649949450857645	0.5178051732680108	0.18287486214018317	-0.12136607000038457	-0.0862167895659572	0.4866478428700812	0.16079936468482395	0.1862526862962979	0.19843727563679142	0.0884670610507437	0.18587025661116172	0.35841518179672954	0.08527597483104284	0.033089044968109424	0.051556726679281135	0.14862215083902633	-0.057764828428250065	0.20224899158580997	-0.14920963099850246	0.11572904439408653	0.5587318154138412	0.003820353177857283	-0.3593100184991476	-0.17259792622230058	0.8181900056068407	0.09989979194286824	1.3216579762546763	1.0923514704125132	0.42725703679966764	0.5199722843822319	0.582600790993529	0.27805922767118413	-0.18769539378337874	-0.4808413878022839	0.6986275093973547	0.33592907869193755	-1.3012251749674673	-0.4789984918296901	0.4502057320719032	0.605483402322162	-0.5545493400679062	-0.6043017454022023	0.582600790993529	0.20646502338344472	0.17325818325162112	0.6913589569906934	0.5763790051618013	0.9625438735283154	0.00026525095624083117	-0.5977376539808068	0.10298786980939574
6021	discovery	Whole Blood	0.04879040859960685	0.16064631211097252	0.3722535167675721	0.4411724368161898	0.12328200017383134	-0.06171888114044642	0.0822835192190803	0.04110061515837526	0.1631106518179015	0.18823532829827483	0.2683059497975921	-0.13964158459111178	-0.08637390040229377	0.18890430913916972	0.09533509520665341	0.021235638844889274	0.008463925514677098	-0.03502248464119818	0.03295534592781607	0.3188110060805394	0.27327436620152834	0.2076510528129199	0.048147012122807	0.4967333535361794	0.28710750975364535	0.24387678641871705	0.2885514183867149	0.006409884232166288	0.24748828980097393	0.09508460811178152	0.11110896699203374	-0.10702262870899197	-0.44870796707639377	0.005081589373472895	-0.27217672949593263	-0.22639159004939866	0.0674355565140223	-0.08885108613624165	0.07394417334899467	0.2905667686296292	0.2694831720973325	0.15076610028586174	0.03903369057658518	0.23960946381329595	0.23296377722014958	-0.1922886241635199	0.16207215630965216	0.0941085613898712	0.06541074737278292	-0.01415371580419846	1.2035366348946661	-0.4391469829743778	0.026077796502283628	0.5762718572691574	0.16868977857353265	1.0093334560953484	1.183050924889501	-0.4382646582005347	0.6539163747359933	0.47279577886633695	0.2590594092811048	0.38620581088603567	0.016404507843101213	0.7607067505056644	0.6677767042841152	-0.11777474057931075	0.21771222732704326	-0.6363775030515859	-0.8767004782506136	0.5105665663647314	0.1398137584916923	0.06771529971416143	0.2590594092811048	-0.1302396800076654	-0.23161687319932922	-0.6752273643528677	0.8456229099314547	0.16117996936199178	1.0208476731719895	-0.9506644531698103	-0.8279465450597218
6022	discovery	Whole Blood	-0.07268107879769495	-0.1543834513033392	-0.15601663121149328	-0.0355683704988012	-0.17007406324725025	-0.2227054564646894	-0.3669023304598849	-0.07170833351427372	-0.24682392594708458	-0.41483780333999504	-0.42755765555499053	0.04530129617422214	0.3334262438242825	-0.1914009616369929	-0.05301593377406052	-0.1237501991418405	-0.04501003225216602	0.1247902441589094	-0.16362603602459916	0.09256829382384245	0.08705840654886413	-0.30158200402080804	-0.05563208490416818	-0.7469496726424855	-0.5165558832106036	-0.7063622121273584	-0.5635897290764221	0.01971139909629152	-0.23943383595658654	-0.01359471694205457	-0.11654873612097805	0.5239975840207294	0.5626510857168376	-0.226752535211441	-0.05342615781780587	0.12237385944614818	-0.09428892467959171	0.09329003329492809	-0.22655732591182148	-0.40471850335668796	-0.1147853445305883	-0.3206781295909648	0.012555679401689866	-0.08848401875146374	-0.4538093788613441	0.30653311372574965	0.0873962756178899	-0.1056336290064081	0.27215034729801607	-0.2035137836783803	-0.9512553616812389	-0.0720523734693928	-0.5661741992390205	-1.3872107928596311	-0.15485141411311526	-0.8556071514046124	-0.08358436470752444	-0.2549940239604852	-1.5405561574193303	0.011565896002391232	-1.3043938508885622	-0.11222956039870867	0.35992924307433466	0.21241197487974203	-0.5966408093591463	1.1232331035620415	-0.4617784257941651	-0.47840355533438106	-0.5295602764927515	0.5065629043641152	-0.7577733981144574	-2.769597935632734	-1.3043938508885622	1.0792723992143358	-0.016705120514881988	0.38710824276872613	-0.0480891079197	-0.8477653845357985	-1.5332981303850115	0.383747780503197	-0.0498226189949848
6023	discovery	Whole Blood	-0.1448224370150474	0.03157419596530547	0.29411757644428416	-0.39577822966548065	-0.10162222049723318	-0.15183943965304478	-0.04087294037299484	0.09060112651205889	-0.09323305263104385	-0.168064460788555	-0.12172294322341988	-0.0804875802789856	0.15320441901622864	-0.13046132142975478	0.017846654940885713	0.03739847366601818	-0.0983398177648074	0.07473080751459192	-0.06365587936461509	0.263104013215102	-0.3734128677743617	-0.13655384113116378	0.03538637647795984	-0.134151185828336	-0.09286253448855344	-0.2132485185584464	-0.11507872437961414	-0.0643521231059165	0.04673744040914778	0.09074142576869869	-0.001997098109423078	0.0379318996839467	0.06272798857119724	-0.09863141288023114	-0.1118449550648204	-0.11734980753121899	-0.02689907034171531	0.2363560577019354	-0.05769238859838311	-0.03234803264358069	0.3356277381063812	-0.06641400066793302	0.09495144450961347	0.10836876066336464	0.026987294898176584	0.029916807774239527	0.1800975846458186	-0.1316609154909897	0.015367489939573506	-0.14937962112055095	0.017361940128917494	-0.05766053018444388	-0.1998638589162478	-0.242882648495859	0.5253136758933569	0.1415200972839497	0.13630918340399203	-0.2707202594327668	0.017368081230363125	-0.6985289414241711	0.42170952785275095	0.10265852399125511	-0.17109779453517493	0.681689321213884	0.07072672322723819	-0.025190104309876407	0.3554737292356246	-0.421915711740573	-0.9552243456937397	0.5218088379558639	0.43402596117425346	0.24016007106569054	0.42170952785275095	0.4843764117228325	0.7185265994865968	-0.23831701925218968	-0.2344359882567349	-1.206340454684954	0.6737901905678374	-0.19941306898120675	0.6158642262909025
6024	discovery	Whole Blood	-0.12513703077257599	0.08192677526165533	0.33764764585709045	-0.003425115914689101	-0.03688961225554957	0.2910092801338363	0.14187834894487603	-0.12192070023061627	-0.0912367624945268	-0.1007513973285471	0.11906847019025817	-0.0636032784608648	-0.003539971566210587	-0.10252959024241927	-0.022275339602635637	-0.08821762154754408	-0.07233322316042444	-0.014112107334262268	-0.05125760204613345	0.12879252049747475	-0.39281127187479603	-0.029383896595210134	0.05598679013159633	0.11236696988837098	0.1659492652346184	0.08868796893182228	0.1605738099303076	-0.10914689512775602	0.12911347861335837	0.0272250439742058	0.10565085982172585	0.08255783414400668	0.00951341136428652	-0.14882137729972447	0.03128091978123868	-0.13453355855035487	-0.008138439574562477	0.361094798358422	0.04731222747775376	0.16050926126116982	0.24576025712903937	-0.024939186867700094	-0.05985421753703915	0.13574427697847502	0.15420703838502106	0.19060880927509594	0.19567512975428228	0.04148108591945746	0.20952514062052616	-0.059327292043712725	0.145605967935688	0.6225561141272685	0.5085900135090972	0.6030104317142884	0.6363600296183545	0.37556177982031397	0.4474111052279824	0.1442621458614604	0.21037459516598284	0.25756347131854496	-0.41389064510732876	0.5776352924268845	0.20425224162874572	0.026208731278875907	0.11341656563739011	0.6152540360971194	0.10243494014700139	-0.19221022580737937	-0.17721421224779937	-0.5074845994081526	0.6885441842738961	-0.37391903633003565	-0.41389064510732876	-0.2037385494368964	-0.2202681918090094	0.7247621668233508	0.2183156313545796	0.5251291254847179	0.009209009234855042	-0.7418861246942204	-0.83896625512697
6025	discovery	Whole Blood	0.009438399689380586	-0.3370762250958463	-0.22977201630883579	-0.09591051874615861	-0.2867813487515409	-0.6397111229278519	-0.17660325391868373	0.24034688542268365	-0.1493809545514069	-0.1891688004846587	-0.32355928093357783	0.1934836605670184	0.013779043095290777	-0.07029453148604115	-0.16949818626533777	0.030133735483516264	-0.06131825832000532	-0.09069540055100767	0.03250952286425716	-0.5419600098938623	-0.4539167281931018	-0.08858845763493728	-0.32287272401883865	-0.34927547066029896	-0.4297024302655536	-0.06852269922486344	-0.1962837739474468	-0.019294762368875076	-0.24923583030841717	-0.20874548353755265	-0.16084293483893894	0.1744264912577418	0.03671965691204668	0.009112502974535107	-0.041759245667271	0.4943775881366988	-0.058396615091298704	-0.13012037086133554	0.0694319783059579	-0.3967173741814359	-0.41451975765883575	0.4328625660409417	0.04365256676790526	-0.2802213034218871	-0.4426296243254289	-0.11209333033885116	-0.29778295687747924	-0.055610169744847684	-0.38722405106955887	0.13090269573077862	-0.159529873499351	-0.1439624158328149	-0.9245338224372324	0.35030402565618224	-0.5311923168811827	-0.95719004249225	-0.2631846516634737	-0.09136705108473092	0.013656858206901726	-0.2849568010845844	-1.907475136549844	0.06628939545792359	0.2652094444033024	2.600161034942047	0.6322954009605053	-2.0699119323806503	0.03934845540038534	-0.8927634466402329	1.9245664359426913	-0.15520467824222228	-0.8323606799552705	1.0942358146082252	-1.907475136549844	0.7103005154293205	-0.03466724948707892	-1.7477611338321506	-0.5880162403861008	-0.40442737292542513	-1.4184443171416183	-0.6387254926295973	-0.7014721118363663
6026	discovery	Whole Blood	-0.05316055670107886	0.002180123793707997	0.09846756197820591	0.17505667269345299	0.0812919247637046	0.0900442552968533	0.12590532282277064	0.022718224368745585	0.24914786183238202	-0.08524184187303772	-0.01677211948861381	-0.1461380886640252	-0.0038266669594213816	-0.05643485430868507	0.128751172358629	0.028091584641950537	-0.034032211015499546	0.05751400069140393	-0.11657560714836679	0.03186490097373942	0.4263668284546286	0.09785931871965413	0.06525983085563003	0.20357017187511042	0.1497528634046498	1.1702766565259772	0.7460284575240105	0.04758712857600128	0.22339869740350404	0.021646881083166432	-0.035006619619594094	-0.09029421088714802	-0.16057067387598742	-0.024467813880106246	0.17258513207001597	-0.17104974673390883	-0.02200703672256974	0.07387915396132225	-0.03640878223227231	0.10026447811354243	-0.03940922035916809	-0.08601140637241922	0.021826398409481137	0.169293197315912	0.25923948449356815	-0.08004241029296798	0.12090589327298928	-0.0827595585761396	0.11868455798605404	-0.08013934408623158	0.14668073215271524	0.12046450457774183	0.7298992290726174	2.644767444018208	0.6367775954064894	0.3821054825902444	0.5966596921792527	-0.26196489589074634	0.7952907993592803	0.7770149666544469	-0.30488833383088515	0.5998575386696637	-0.11084088212118877	-0.577367131986196	-0.38751643035565214	-0.12128977500039126	-0.1451501402694556	-0.29735612666791833	0.1045985699979731	-0.7129588663720191	0.5882712990189467	-0.10951649999162921	-0.30488833383088515	0.15979810028319646	-1.1023995136946265	0.3468376330546775	-0.21554488268010472	-0.47625169487553387	0.9246505574880368	0.001328404776233763	-2.004600140351177
6027	discovery	Whole Blood	0.08972866294921074	0.1539577618435541	0.29704258335437544	-0.05294582793613247	0.05009161746101142	0.0012288459709011753	0.07145230782016743	-0.048781276003245055	0.025768296039367308	-0.0327804618435508	0.046663530360278316	0.015215553414733093	0.2778435221793606	-0.017167200533292386	0.04591861221940385	-0.007726659217612291	0.12535416765920204	0.16681448444321192	0.017427679405007113	0.11377815235457531	-0.0855558627159135	0.09423734851780356	0.07148486698493368	0.06371426271071512	0.10914431625942006	-0.1372756842365341	-0.03785041191911349	-0.04056981774741752	0.15403765663264243	0.05447955494540931	0.1904362053513928	0.3524046126304938	0.021111905116106812	-0.16300698706485178	-0.34579265412084453	0.18754438042788865	-0.019872144677524236	0.2235837261570118	-0.03445051784663544	0.04057340070507769	0.3229383917789011	0.06291371859685962	0.026442032740848526	0.09566308761991676	0.17175804999703856	0.12733521331345235	0.08949963911301267	0.1472403364671433	-0.09694875800236881	-0.07478289189110751	0.2717155547331727	0.24126829804679575	-0.01544768324776441	-0.5276408381450258	0.5513151379621404	0.24746101635177278	1.2364025813591875	0.32224637648779264	0.2615801503964933	0.2867062309282224	-0.19456037178496888	0.09430592033377852	0.7365453114050065	-0.7194628557584243	0.37738696045911635	-0.43822212130481153	-1.5640360389156154	-0.12188326894048682	-0.10558176247634621	-0.11485811681834551	0.746569268447957	-0.7035570982541107	-0.19456037178496888	-0.22300467610073618	-0.9936365830541506	0.7424698375551129	0.5146775376984669	0.016214283228094123	0.5417755915310811	-0.4247049181871101	-1.06744442667982
6028	discovery	Whole Blood	-0.06270325393639611	-0.07127132572181377	0.043858822614679195	0.025359660255423837	-0.08612342857579874	0.246106115221291	-0.0554821287101021	0.04585964687673144	0.008152057864413151	-0.08006200329640178	-0.09595102204562954	0.02146368565130643	0.014953993473363337	-0.025019386655015803	0.13945256817441973	0.06957799614576958	-0.033355435320058455	0.01751643992124155	-0.13693581620958387	-0.11459064969455443	0.2544011433755433	0.03715016569563299	0.04394540469657564	0.10896829680150695	0.02684536127520087	-0.0970510047303945	-0.05049852344393449	0.1680950841790084	0.09172760242792878	-0.04283278372983829	-0.05035823370623695	0.25613494345033005	0.0436292306367836	0.1253398943996927	-0.1234994635303684	-0.015240841430412617	-0.06489107370246722	0.1575500876685952	0.03915345814930121	-0.013652205195780254	-0.128837858679782	-0.04282241838261865	0.0021228224863421843	-0.06614946577751833	0.08130146903125018	-0.21101362021442352	-0.10033437071383829	0.016485897018896724	-0.08587127611540118	-0.14666241910523292	0.3883934750385072	0.43112793756630396	0.7808389470998836	0.23511311598786255	-0.48935994624173684	-0.01774387071746611	-0.27084759831989436	-0.30799378666940963	0.7045302418224607	-0.11131393201448092	0.3024604777246614	0.3137335556422901	-0.5743283935260205	-0.4075570741468895	0.1513652096446434	-0.6866288629998842	0.6301612916613063	-1.4116120259358758	-0.5248199331440498	0.20632265629236313	0.19937226336749286	0.6654025071355795	0.3024604777246614	0.5586490509004547	-1.9186239356041521	-0.2121696226137892	0.3581479168486551	-1.2567381848272245	0.582912524125497	1.6583676678090031	-2.555909191303786
6029	discovery	Whole Blood	0.0068264845873429545	-0.11083705360724729	-0.009172152122795029	0.3615422177441928	0.1524628170991252	0.09499431210969549	-0.08973766705792545	-0.12442962001767896	0.11866104942587977	0.29935573413564365	0.10078041282511521	-0.07069740058926643	-0.1421378162314892	0.19633205760415168	0.034778012075254855	0.1245585394110863	-0.0761546334676939	-0.10899269526534382	0.13984508556154202	0.14604020199116807	-0.07552732233506103	0.1434491852821544	-0.29967455980050434	0.18829730735232392	0.19829939787893655	0.0674261872435065	-0.1038525703463747	0.24221890750391561	-0.024119972833075168	-0.17571548669306242	-0.15523393712620018	-0.4085243212931659	-0.5032483331440418	0.11898530780075352	-0.10401187358438223	-0.02758141506273134	-0.0811502686449601	0.09373845632999848	-0.04925221240063688	0.01004564660902568	-0.3030418513209866	0.1259386456115356	0.18008087407201168	0.0053398687864899905	0.09880253333140142	-0.4680582752762365	-0.045087979100985054	0.08969399644640959	-0.48708573979443437	0.05238689118774107	1.3265638699870461	-0.011684727213210566	0.2470875863564662	-0.03785752035916353	0.044834064719416374	-0.4420093966830604	0.032170295062326944	0.694956434484541	1.0077317761824227	-0.9897993578925094	-0.546598253944529	-0.27401145405080174	0.7611212931012302	1.4408989896917306	0.6265914343504174	-0.8028512725898392	0.6828989258305421	-0.05661866339943525	-0.48727574211660873	0.2877850085656115	-0.029119414881422633	0.822063743081933	-0.546598253944529	-0.8042328399543368	-1.41721814544818	-0.8356767005578682	0.09923103061330252	0.5716700431286172	0.5801336510350046	-0.6659939088070412	-1.6680210273013505
6030	discovery	Whole Blood	0.1633910187755998	0.08395499742625841	0.15179267681402087	-0.009986809763862178	0.025271784618810567	-0.18123832221547959	0.1579128960387369	0.05013863255346685	0.1370862280775226	0.07538676702744028	0.24556218966840304	-0.010231141490039931	0.1051497270113022	0.024490559684653527	0.011612579682012802	0.115927678261699	0.2107674450610374	0.03385985693022059	0.023764013574624234	-0.08603802404684334	-0.08295282079847816	0.022902710487627143	0.09800031779546897	0.29871081805383654	0.19800715366266902	0.40947057643467066	0.3787307392907959	0.03252794912042781	0.04697071321001229	-0.0320998310244352	0.10055879388316147	0.0691269856259488	-0.15662554210518795	-0.0456823979488905	0.3395347695627011	0.2699538033989385	-0.013929294760603603	0.07105719976567935	0.04297891292921358	0.028611531998387157	0.15988653164798036	0.029619082426946452	-0.11038791110228052	0.02636209769440689	0.18452496243652503	-0.03223890849681991	-0.041554226504858405	0.0316348036086721	-0.2126840403655551	0.14196792316203166	0.26027287184945896	-0.8153220921000031	-0.34529417421280106	0.24649375742960444	0.8732256457446443	0.5117755722032487	-0.5110896235528254	0.8457583850551936	0.6144974244590431	-0.7166942708982944	0.7393178790548662	0.10970052261489613	0.7714266297864777	0.3535001489459075	-0.28572608199762534	-0.08537199507329585	-0.6902783177191822	-0.009991856764645098	0.7025089183477895	0.2287296750130608	0.3743096999040987	-0.8545596552860933	0.7393178790548662	-1.3892676711606518	-0.5580192101217366	-0.7197701025572528	0.9905286482080702	1.0039153465089197	0.10091264730739281	0.32583213010844947	0.4796633033525531
6031	discovery	Whole Blood	-0.17067493875484926	0.07983408981721705	0.06639522933277946	0.35818132781856044	0.2795501898611547	0.03750824654677103	0.129694038835671	-0.10435212357789819	0.00905399870902093	0.07747141947812122	0.16248491321259312	-0.18358159338268876	-0.0013195690129742504	0.088724129521296	-0.029264628409596583	0.0020549976842024077	-0.2546329993136427	0.06412705765835906	-0.091570273965275	0.2856045886950569	0.03866079557710913	0.08490639299957194	0.01105025592941112	0.30344562949716464	0.16874897824401558	0.19281438878943313	0.1809741199596631	0.011095772957892191	0.18500507721923812	0.2547689612005375	-0.22995003364976696	-0.6510989558098452	-0.636320142142987	0.00690320163009241	0.07703768402606818	-0.46504620522309326	-0.022107296463236135	-0.34897678951562844	-0.14771957362467236	0.07221187352462803	-0.05646272753296013	0.06195283297038951	0.05691238880666745	0.02736813846423269	0.25383807222274085	-0.4343144446072642	0.10914056414998141	-0.039667145463326364	0.01661718633211366	-0.12474297106560454	0.7231993898693911	0.3651436918827128	-0.25593587966420245	0.28721034134378265	-0.16249044896324077	0.9019082493659833	1.0402333028088269	0.42702077118101817	0.9100427955250656	0.3187881732117667	-0.07928233871068346	1.1749026141698395	-1.073175816165612	-0.6145414621145502	-0.8770785073845635	0.31413950000047386	-0.11263560079131052	-0.17430535027332844	-0.18913366056831055	1.3781318224395394	0.9612471401510427	-0.5006777111329944	-0.07928233871068346	-0.6318080367105611	-0.22327666502121002	-0.22417471041327144	0.9426500385249446	0.40235427305393234	0.6799096766130239	0.791821838078709	-0.44734453899768767
6032	discovery	Whole Blood	-0.023867961951431375	-0.0028910040765692292	-0.11116539005650418	-0.17750752007234705	0.001995673758204162	0.2700520416321373	-0.0029519379020150286	-0.06776963823941277	0.0024250565383484913	0.06045641348048469	-0.011806162118276438	-0.043732455703418785	0.161634004306317	-0.05215958504778231	-0.06805855337357247	-0.011111165507785932	0.0878461440686403	0.10416770996061546	-0.00971545173251585	0.08757527996365713	-0.5830677751999395	-0.08275923354456545	-0.018744085016228193	0.15284375185533	-0.04977068510472549	-0.11406118910816178	-0.07667129327323113	-0.011387088370140533	-0.07214145656121204	0.1446188114675082	-0.047036511324039264	-0.07524211604887986	0.15375618248638437	0.1105075523317966	0.1380252828674069	-0.013841975699926276	-0.033207883339655776	-0.13121618599826	-0.01701070788451827	-0.026348653399200714	-0.1857776420663976	-0.06385728041385597	0.06032622976869658	-0.009280031969068646	0.08700503043169881	-0.12774312276365318	0.006380933213358897	-0.07106540230555985	0.2261791745473339	0.03047698537899732	0.5291820244956642	-0.01930793941339623	0.48030963250748027	-0.03566466620793042	0.13387201662487458	0.23859728992015508	-0.41380321232792877	0.4900494093904869	0.14000677160388345	-0.5285888054686343	0.44274470339157407	-0.08324601767352206	-0.17882406893170144	0.4668785043752042	-0.032379593614072166	0.3376795372836184	0.18728458230311343	0.34246192687717947	-0.14273081545374225	0.7689955452155575	-0.495191712874283	0.34838183865271166	0.44274470339157407	0.11352898124353783	-1.0074019408537354	-0.40351291011486384	0.44445152257039416	-0.4972542853994649	0.08363787533122093	-0.6266028472512154	-0.6215361107376658
6033	discovery	Whole Blood	0.05374641934328946	-0.02896048563139567	-0.02153854771669542	0.05038819491761256	-0.06096094125837352	-0.1693864935975137	-0.12961346111255245	0.0382813334809194	-0.06722884958210736	-0.12518657576188122	-0.04547708556544686	0.03767029064578927	0.003825877722477363	0.002524298365670946	-0.09625863928368357	-0.14523865156654794	0.09208743964519427	-0.06667351736338438	0.0019050536900576587	0.15777547672978337	-0.5798048631043319	0.00014912659427781922	-0.07879307855632176	0.08932004688835696	-0.08074410904012366	-0.29128636976933353	-0.22517334291574642	-0.1903542319836374	-0.1469831286287439	-0.0920116294883091	0.09618699641066714	0.2214089553686051	0.20085682105342484	-0.10681366862689531	0.07890891067064096	0.26747525586106546	-0.03328098037871498	-0.006700364677254184	0.10665506731025183	-0.04155646658292655	0.09141300477935319	0.10696699702400081	0.05661530875857696	-0.12077265386478071	-0.0415402525649386	0.10638378854983467	0.1100146836475962	-0.12803025990535294	0.2925880251970696	-0.03842241575696106	0.37837649398968387	-0.3485496778190156	0.14391282211603013	-0.4549425289219256	-1.2013279806582895	0.022600061618539155	-0.504360095124427	-0.11890386932053455	0.5275584419763014	-0.960428203522753	0.23394713671939102	0.9866233374343569	-0.3346328135050798	0.2816691098725787	-0.19331201760342176	0.6533668118307759	1.085598303289634	-0.17455055349608234	-0.057263972687426445	-0.921795294866482	-0.3482400146494943	0.206041498644371	0.23394713671939102	0.5154564952552801	0.14880052243878683	0.8208612210305228	1.004851163846087	-0.08889810339228549	0.6827921744130792	-0.07825387104467293	-0.03607410597143061
6034	discovery	Whole Blood	-0.2087166926793694	-0.005164856062301654	0.0922116788886071	-0.002081374538242753	0.0853833650201646	0.00666406023227323	-0.055997758448316046	0.03362474925700132	-0.17297108423505106	-0.05830679986042369	-0.03501873890480927	-0.19714652091282872	-0.07464817879488883	0.014460400183201855	-0.03884164083129908	-0.0773861256528282	-0.15099049979621154	-0.0889142073563809	-0.17322687843815993	0.03836979432733949	-0.5637959182857047	-0.08598676592292862	-0.025381789549922897	0.057510045117734235	0.05689909900194214	-0.15945374367767393	-0.12545736304096913	0.08971684429190149	0.0271483777478181	0.16003218792012133	-0.09307773022125287	-0.22833806466571854	-0.2980386945255321	-0.014651655134911392	-0.035030397165713344	-0.23436469182300013	-0.056161625626264436	0.15346891667886445	-0.11959819016512624	-0.004357084150734128	0.02035121155758332	-0.3275224054082379	0.12883720734657372	0.012228330156271418	0.07598969890168673	-0.17842767783900812	0.21026250412429234	-0.19274497591581996	0.24569242109028608	-0.1761855513817729	0.2916693924367321	-0.316316625934049	0.4093716635137871	-0.3780210528432949	0.4637358969822653	0.4310608887459005	0.06251943819091538	-0.7096224109269302	0.5887578014051632	-1.2625581372338912	0.47335616594637175	0.5067399025641985	-1.4790399653249142	0.18736437089874725	1.042518397297658	0.05185353906219666	1.0814652650315462	-0.14679170955015514	-0.3659258132127396	-1.2995168928068574	0.36896012204656653	1.1610790476428134	0.47335616594637175	-0.14261895781449607	-0.818362340794182	-0.5831189834388975	0.13358978326662457	-0.09327779288630572	0.49092835370261184	0.508024808616803	-1.0833383905150749
6035	discovery	Whole Blood	0.08151110797372477	-0.12141590777478332	-0.435995876773888	-0.13693289379587464	-0.05366656717154449	-0.2052468173424866	-0.1436911936064662	0.055295534609743034	-0.22604883023875993	-0.09291963292401946	-0.251240819649696	0.1807943866113527	0.2052843415592781	0.05952896055082844	-0.12726523501580111	-0.018172000779191694	0.09673159953739419	-0.014471674176732096	0.017388087661491466	0.12581490844033835	0.388223738046583	-0.2282738379824377	-0.06650550319668	-0.6073176321131903	-0.4648772905475741	-0.2521942678586435	-0.24030456570385472	0.1475804814630932	-0.18620922619073838	-0.09636146581562394	0.047138359794425405	0.5871971240317544	0.5401162792727244	0.010940752002733967	-0.19987092727236652	0.436802224311411	0.03809054509396074	0.2576646770044723	0.12639902100369435	-0.3905393710710592	-0.3727786867022649	-0.029160013465213946	0.009018032815969362	-0.0587772756389579	-0.4825138596259581	0.23213543453480054	-0.11944959485773966	-0.026186483175540343	-0.2641797059010819	-0.09529955420431759	-1.2979872449667638	-0.605864987504999	-0.8735460062867927	-0.7401682867959307	0.1944705749846657	-0.7821460123968705	0.5650205560762922	1.3676666930934038	-1.5876694636229887	1.1947911939733231	-1.0877094367252258	-0.12718845460720973	-0.09279541091860738	-0.41686580215072794	1.5854132667698078	0.8727243460879788	1.2665599188668115	0.6078442136303288	-0.28543001052716244	-0.33004716551241886	-0.504624291460022	1.359110995887126	-1.0877094367252258	0.8378204343629971	1.4289389143133695	0.45917764601398314	0.5674020005241289	0.10308847065357075	-2.733720881286865	0.2378866242475336	0.7682007709819261
6036	discovery	Whole Blood	0.04083962280076942	-0.007232375694093338	0.15686875658494207	-0.13424057214152488	-0.09433507013717858	-0.15817452689807737	0.06877379119265833	-0.1196315437304839	-0.10767723338780838	-0.04894117441073866	0.011292620520419978	0.10041353721300812	0.08369447325909528	0.04555816854139825	0.0006816630100382222	0.04906225992175687	0.027414095829012206	0.16244462679164734	0.05599039350209269	0.08393192286941209	0.6694813318025036	-0.0027944814798676666	0.026245546827411637	-0.05992813843508363	-0.04342397018692167	0.05615659712428517	0.0679340188149643	-0.0849843828490891	0.06546078895902054	-0.01364422133901028	0.08396480580844592	0.1427223864994955	-0.13384511662639262	-0.02494024886041627	0.10766381630745692	0.2536463704880083	0.05669108219205714	0.24216504147566167	-0.08292252454908534	0.03246765180963627	0.07472386924874719	0.09657365809521538	0.09721695625040304	-0.23459901697641627	-0.02645268654838958	0.2859875238004218	-0.10579810859356652	0.14328466022011788	0.007562836062635414	0.05923631549083539	0.3834904377395273	0.61273458686122	-0.7716773656339829	0.39210252194432943	0.19034312155715885	-0.11367868682859461	0.010894070133996644	-0.2326354991878578	0.5917343051992012	0.25707153478255573	0.27116689028445456	-0.19155155793146722	-0.23004817514018688	0.10089742624990294	-0.9730026514257294	-0.6950317570276975	-0.2967797440615038	-0.6492860606141003	0.5695895227015086	0.8202388106585831	-0.4677441161100376	-0.22562318842364257	0.27116689028445456	-0.1063693955297119	-0.3419808807634961	0.41437609411356296	-1.0273865295321225	-0.480865212332245	0.19508707304250095	-0.28525345100598054	0.6078590480897688
6038	discovery	Whole Blood	0.14166877262339578	0.07706099796664874	0.13620231091341725	0.17851433540293005	0.15020088304130097	-0.052282477958272004	0.14460072992773843	0.042148607773821255	-0.012678513145113604	0.09090390037596137	0.2381131744739098	-0.12732476103457457	-0.16409921279830544	0.2025729575734858	-0.020463669876292064	-0.013987801453437204	-0.03116630851810365	0.039738669790386684	0.03907031309224013	0.3048332545224028	0.03617877118687684	0.12461329665564162	0.08062014672538309	0.4439775902635273	0.26973241308843826	0.2190609952302074	0.2870705973303158	-0.15263930998394556	0.1478042013026562	0.17344204395908838	-0.03958751571135732	-0.33060649302909406	-0.5834999649343304	0.12141047344082355	0.034662420310683284	-0.08884076650154071	0.001004043733788978	0.058629589038301906	-0.07666287875549142	0.11983712899393094	0.34213147610051586	0.089824568570651	-0.04498671198171347	0.1245285050471446	0.30898809998675025	-0.18094240573684459	0.10797153329759844	-0.032077413090612725	-0.32031064304393964	0.01061402224146735	0.31728312432995454	-0.30179086761373747	0.30203815329733524	0.033859869322716965	1.1976588235521997	0.9028989450457219	0.6748214460640085	0.4868492337415389	0.7873275145573925	-0.3839559533306123	1.227199644555483	0.8950483879448229	0.54838449273718	-0.4510535855206712	0.11525272535149089	0.36845318655070847	0.09898633939645884	0.08739972443885155	0.19763478496915243	-0.29670115921634055	0.24365396373690323	0.10951415098421224	1.227199644555483	-1.8631261963217818	-0.750604552103245	-1.0447842698341274	0.6218626436665768	0.5727356964450301	0.4771135919297043	-1.9119991948688413	0.1579986637129166
6039	discovery	Whole Blood	-0.07301091031294674	-0.10955134416734891	-0.18915636191543386	-0.2757846988352545	-0.10500750712311248	-0.34367443838910705	-0.3155360882997919	0.0345662891518359	-0.20525206880655145	-0.2714186497996185	-0.2957430952670384	0.019173807349881056	0.12785007274286483	-0.09076356382411982	0.04751262536379091	-0.05690406635866676	-0.10077605184242537	-0.049041740781102454	-0.053753380296974275	-0.0735390540848644	-0.4467941444474052	-0.2179069467112263	-0.0674100617037832	-0.6228833396558574	-0.36482830168556113	-0.5306724251879106	-0.418800798106813	0.0789981367121082	-0.07017593024156628	-0.03139712179074325	-0.07557636761475814	0.5265282517783586	0.7090208138079892	-0.04324837114650883	0.40955969679988663	0.1529961041843133	-0.15759833301165305	0.3214061043471281	-0.08424630064780378	-0.3274330736757631	-0.21984466633514907	-0.471624810863225	0.12009301951019008	-0.12619671332629082	-0.4910659629014775	0.24692821966707387	0.12769793079625807	-0.23664658999118876	0.15342122372006126	0.0046411828618205106	-0.48749385055526984	-0.1576574701596599	-0.8880191235752285	-1.5157318956417996	0.28504543298733076	-0.5373162370968705	-0.14577374845071503	0.047341004119242636	-0.8368398801771397	-0.6174241798733625	-0.8466215936378835	-1.2934128442021162	0.33128556446425755	0.5768989657479293	0.8787126171793849	0.7640168480399859	0.10924827584393151	0.12751271230009076	-0.04423547284623616	-0.26838242694769676	-1.3315404109732207	-0.579506166976103	-0.8466215936378835	1.0181815766790845	-0.013606087603381528	0.0705876258308324	-0.7295533364835449	-0.7963596531864126	-2.1134000816029985	-0.1462321525511826	-0.8737347185264595
6040	discovery	Whole Blood	-0.10453497060158165	-0.18038321024170292	0.04136271319461195	0.3914710561871341	0.12790016729279666	0.033431138980148975	0.04166600510963988	-0.10621105338070676	-0.19524895382825203	0.05463954051237216	0.01074082470744831	-0.2805722064425497	-0.33901867352193127	0.017329206923483872	0.022163582014259373	0.002454877659007466	-0.09365446610627814	-0.17631100846248474	-0.28575388565615056	0.1447126648742197	0.15980402018435175	-0.0016205905486350116	0.009563978036701058	0.0825083954524287	0.05730661653807443	-0.1380233598700972	-0.14571203399313873	0.025801103252065194	0.17183948813332758	0.015629961086173167	-0.11079298164527678	-0.3759604689364528	-0.3712739389710677	0.11782922889786335	-0.2574713404991335	-0.4277140064766366	-0.04957055716995198	-0.1516034072264045	-0.11945660448377991	0.05157853918352761	0.023785169714290913	-0.018308372059399464	-0.1763302869721943	-0.030673212113460493	0.1324188867982616	-0.29159666185806027	0.08828841235888842	-0.04531688326058177	-0.15733268957120106	-0.08142485720693207	0.5164027317165025	0.2822328400254362	-0.479339956014564	0.02219041340651553	-0.3806551742022002	0.4597406773341355	-0.05729149281533912	-0.20106621157584284	0.7271808069688765	0.37564851312857506	1.159358158940572	0.46737255181519244	0.034001957645515835	0.10739756981128423	-0.8387787300720118	-1.1066380299645517	0.5474388768411367	-0.7042591050814182	-0.12124816580818454	-0.18030766135346182	1.1597558086412425	0.1785268436053642	1.159358158940572	-0.8440130343084753	-1.7006722794083569	-0.6878800653123933	0.048257685978007	-0.06716969570534048	0.5311976293354739	-0.3411886391623352	-1.897640725518821
6041	discovery	Whole Blood	0.03373461370471161	0.11201395743374815	0.16416228657554469	0.08230878714645823	0.08384271639031328	0.13056733402865633	0.08944058035370374	-0.18755111415994946	0.12482445741320276	0.04320033674330927	-0.050441763166767864	-0.04971917445057879	0.21424199903100002	0.05752232320091307	0.028060185781822997	0.1390878802143389	-0.13991590563608594	0.2684006921140792	0.1078758687836742	0.5706582821497174	-0.35310306764580646	0.033228613642355055	0.000775771404593214	-0.15861392107987732	0.008210702582344987	-0.276049361311375	-0.06402241819788075	-0.031650973604381356	0.09118925143784229	0.36822073163234187	0.035963870826545986	0.04467713983919745	0.28492035908592744	-0.055326948058020096	-0.04916513653386422	-0.0007921403664407872	0.17310669488138347	-0.0669316355562542	-0.10387874705809563	-0.035936196763840265	-0.11191850773098055	-0.2099728208428844	0.4128955126857035	0.1452602590606344	0.10300033474365165	0.08704508277950215	0.23725438832429485	-0.047251573758634424	-0.02784013307127929	0.0331935651231736	-0.46319687368988616	1.0635248534612665	0.7019037369745358	-0.513356274801405	0.24948751250325818	0.13865731380240456	-0.09445376076626681	0.13729606058873878	0.09103312914558712	0.31541789082277105	-0.14882325326977885	0.6382778027105089	1.3020959823510103	-0.1467367765608627	1.3865696134720418	1.2978975429006168	0.39172982686691526	0.17413789539517516	0.6670958263775654	0.9917704922871542	0.3120563109003158	0.778851091514442	-0.14882325326977885	-0.18115072431043353	0.8507918319112612	0.7902200514814575	0.618350702657249	-1.106258275991041	-0.17254462461406656	-1.060441171569073	1.56599384612383
