patient_id	cohort	tissue	NL__Hallmark::HALLMARK_ADIPOGENESIS	NL__Hallmark::HALLMARK_ALLOGRAFT_REJECTION	NL__Hallmark::HALLMARK_ANDROGEN_RESPONSE	NL__Hallmark::HALLMARK_ANGIOGENESIS	NL__Hallmark::HALLMARK_APICAL_JUNCTION	NL__Hallmark::HALLMARK_APICAL_SURFACE	NL__Hallmark::HALLMARK_APOPTOSIS	NL__Hallmark::HALLMARK_BILE_ACID_METABOLISM	NL__Hallmark::HALLMARK_CHOLESTEROL_HOMEOSTASIS	NL__Hallmark::HALLMARK_COAGULATION	NL__Hallmark::HALLMARK_COMPLEMENT	NL__Hallmark::HALLMARK_DNA_REPAIR	NL__Hallmark::HALLMARK_E2F_TARGETS	NL__Hallmark::HALLMARK_EPITHELIAL_MESENCHYMAL_TRANSITION	NL__Hallmark::HALLMARK_ESTROGEN_RESPONSE_EARLY	NL__Hallmark::HALLMARK_ESTROGEN_RESPONSE_LATE	NL__Hallmark::HALLMARK_FATTY_ACID_METABOLISM	NL__Hallmark::HALLMARK_G2M_CHECKPOINT	NL__Hallmark::HALLMARK_GLYCOLYSIS	NL__Hallmark::HALLMARK_HEDGEHOG_SIGNALING	NL__Hallmark::HALLMARK_HEME_METABOLISM	NL__Hallmark::HALLMARK_HYPOXIA	NL__Hallmark::HALLMARK_IL2_STAT5_SIGNALING	NL__Hallmark::HALLMARK_IL6_JAK_STAT3_SIGNALING	NL__Hallmark::HALLMARK_INFLAMMATORY_RESPONSE	NL__Hallmark::HALLMARK_INTERFERON_ALPHA_RESPONSE	NL__Hallmark::HALLMARK_INTERFERON_GAMMA_RESPONSE	NL__Hallmark::HALLMARK_KRAS_SIGNALING_DN	NL__Hallmark::HALLMARK_KRAS_SIGNALING_UP	NL__Hallmark::HALLMARK_MITOTIC_SPINDLE	NL__Hallmark::HALLMARK_MTORC1_SIGNALING	NL__Hallmark::HALLMARK_MYC_TARGETS_V1	NL__Hallmark::HALLMARK_MYC_TARGETS_V2	NL__Hallmark::HALLMARK_MYOGENESIS	NL__Hallmark::HALLMARK_NOTCH_SIGNALING	NL__Hallmark::HALLMARK_OXIDATIVE_PHOSPHORYLATION	NL__Hallmark::HALLMARK_P53_PATHWAY	NL__Hallmark::HALLMARK_PANCREAS_BETA_CELLS	NL__Hallmark::HALLMARK_PEROXISOME	NL__Hallmark::HALLMARK_PI3K_AKT_MTOR_SIGNALING	NL__Hallmark::HALLMARK_PROTEIN_SECRETION	NL__Hallmark::HALLMARK_REACTIVE_OXYGEN_SPECIES_PATHWAY	NL__Hallmark::HALLMARK_SPERMATOGENESIS	NL__Hallmark::HALLMARK_TGF_BETA_SIGNALING	NL__Hallmark::HALLMARK_TNFA_SIGNALING_VIA_NFKB	NL__Hallmark::HALLMARK_UNFOLDED_PROTEIN_RESPONSE	NL__Hallmark::HALLMARK_UV_RESPONSE_DN	NL__Hallmark::HALLMARK_UV_RESPONSE_UP	NL__Hallmark::HALLMARK_WNT_BETA_CATENIN_SIGNALING	NL__Hallmark::HALLMARK_XENOBIOTIC_METABOLISM	NL__pathway::IL17_signaling	NL__pathway::IL23_signaling	NL__pathway::TNF_NFkB	NL__pathway::Type_I_interferon	NL__pathway::Type_II_interferon	NL__pathway::IL36	NL__pathway::JAK_STAT	NL__pathway::Antigen_presentation	NL__pathway::Complement	NL__pathway::Neutrophil_activation	NL__pathway::Keratinocyte_differentiation	NL__pathway::Epidermal_proliferation	NL__pathway::Angiogenesis	NL__pathway::Endothelial_activation	NL__pathway::Hypoxia	NL__pathway::Oxidative_stress	NL__pathway::Lipid_metabolism	NL__pathway::Insulin_signaling	NL__pathway::mTOR	NL__pathway::ECM_organization	NL__pathway::Fibroblast_activation	NL__pathway::WNT_signaling	NL__pathway::TGF_beta	NL__pathway::Apoptosis	NL__pathway::Cell_cycle	NL__regulon::AP1_activity	NL__cell_state::Keratinocyte	NL__cell_state::Fibroblast	NL__cell_state::Endothelial	NL__cell_state::T_cells	NL__cell_state::CD8_TRM	NL__cell_state::Dendritic_cells	NL__cell_state::Monocytes_macrophages	NL__cell_state::Neutrophils	NL__cell_state::NK_cells
1001	discovery	Nonlesional Skin	-0.37937218747900947	0.4675454204596546	-0.2286774791865582	0.4615548286093426	0.36864436215157725	0.2047225128161735	0.09185081394737647	-0.10106091118532998	-0.3452394652873891	0.3073118875780377	0.17508023710938925	-0.29608751062370636	-0.4898754081056979	0.5020079980209666	-0.07435318103418721	-0.059260754452195794	-0.2852161428899044	-0.43632133330596895	-0.30863435275331264	0.25537324730939354	-0.1047718835171442	-0.09933543915611819	0.10072818801400547	0.32403320222536963	0.36028379319543513	0.2679677440172559	0.2793584908362961	0.09392396493632701	0.2226048916030733	-0.012754942945387869	-0.5533130306437339	-0.7854659184836753	-0.6963782244170761	0.37156642641006526	-0.22082420036397482	-0.7475196106966672	-0.055142033355585256	-0.3488736668687702	-0.3272789434879987	-0.2877253725355163	-0.41300137310240015	-0.3210594205438461	-0.27243216546295707	0.10208556617156155	0.18364566879954297	-0.5078104482779086	0.10247986092002166	-0.05059333491437611	-0.025809865339922508	-0.18922827366941897	0.4445089171666744	0.5134028248153171	0.4255565377403175	0.07824460557562848	0.29531158625294135	0.08635584495776477	-0.0231113120703465	0.5641165350321617	0.3220158531895902	0.6056075525497824	-0.1473597750764187	-0.6591200993164992	-0.11929153190312561	1.0017027478341531	-0.4629962293680081	-0.15315920999056715	-1.74460776688107	0.11167246933315235	-0.3968834122655005	0.24648102828779136	1.4989454239295195	-0.36373085085925205	1.2053198552556237	0.058754216217816096	-1.0000739516694792	0.002714835580051825	0.38065493713364945	0.3731720991610854	1.0017027478341531	1.1778615074362913	0.2659819890944934	1.6168223848028813	0.22527512053606852	0.10853240489533024	0.20406422495654097
1002	discovery	Nonlesional Skin	0.29456997129766344	-0.2756986149195164	-0.03169541904442682	0.24261517740282104	0.03416436719063271	-0.022569326269575356	-0.11177498238451067	0.32977318259639116	0.4747203283989848	0.04639433422656309	-0.2622778742090747	0.03156924468666217	-0.34873581036485574	0.1246394628373183	0.09340922014971428	0.08677574797077799	0.35729585950222437	-0.4609554604099584	0.2037811073986701	-0.06924095335283915	-0.1521655930974272	0.017364075549400854	-0.035046469834656035	-0.3978503644118339	-0.20217041202016692	-0.31531244633901706	-0.308571724895632	0.2390203659883355	-0.14415411096169786	-0.37476875301886425	0.06483301978719085	-0.2398189270366793	0.20686645064224038	0.280477161542533	0.029755738076375077	0.5346650326777094	-0.0033315034676161563	-0.2362700887226413	0.3708912665045617	-0.2797665211739367	-0.4565646394419419	0.29615238951511746	-0.031854784954942435	-0.30599772106210266	-0.24115654161133412	-0.2310961409916346	-0.20407513773928498	0.04244381614253258	-0.10353421533177953	0.293898247264028	-0.10763740687306075	-0.06419519148747373	-0.981728957969607	-0.46891876015650613	0.009643904258391641	-0.39935671884607443	-0.9866648825369417	-0.4875469711056635	-0.7131024839639629	0.07316383727331094	-0.827226357971866	0.06805468678176048	-0.13984488233276626	-0.46186651422175673	0.39038196404945436	0.2848100374569645	0.5473028563485649	0.13720367808933462	0.5974094775228675	0.7074448064173766	0.022603083251794193	0.017334916426395564	-0.12529924127448633	-0.7083625525626345	-0.6592784253882358	-0.012259443008108481	0.3347700931152717	0.6031676886020841	-0.46186651422175673	-0.1199890121975137	-0.3914825506736781	0.16440856384685615	0.009565299976599828	-0.4160655396507037	-0.17929065326426588
1003	discovery	Nonlesional Skin	-0.36611454571540014	0.07454785165606412	-0.17781626950848023	-0.6428423185599087	-0.33442444253405	-0.1490258476992566	0.034039126627828084	-0.23479143328275234	-0.22265002580542348	-0.6882958305608553	-0.22166857152769373	0.40199138660939904	0.4637251997435364	-0.8632963141631428	-0.4197226952854513	-0.2044881458063535	-0.09466609003948916	0.16683043744304574	0.03069621466862945	-0.4438082235730865	0.11600655560405172	-0.1295605149284384	-0.30365318241644523	-0.5137991971628011	-0.46116576970019707	-0.12720565446604576	-0.14738082381134973	-0.2767917623357857	-0.49242638393046645	-0.04127424329797042	0.18642525833146403	0.8913706836520082	0.047244716613107016	-0.5983111277033216	0.020067819692706285	0.4408557023068421	0.19974364632935535	-0.27872068649669757	0.031251677290848566	0.22928624579242393	-0.01016531231324514	0.293188424186066	-0.1514803415171615	-0.3462878218698723	-0.17214318646552873	0.23186745214994267	-0.5383867383242854	0.012830493739519071	0.05917716289134002	-0.2258003624114567	-0.6568635345188227	-0.5863867769017902	1.2849133121234828	-0.10348684778945852	0.007608859633516245	0.7509547604157546	-0.5893756660994002	1.0120645296240014	-1.5933859197053017	-1.1580360472808429	1.4421031935620254	-0.409719825123811	-2.4098266426613795	-3.1416931017101586	-1.3339111930728587	-0.3394275795768147	-0.3668855653913072	-0.9839706378178106	0.5546296352681592	-1.2534588054302782	-2.0106064034746858	-0.24328778100824117	0.2527052680884997	0.9705052435755583	0.44113436577523174	-0.052043195574454804	1.5113040750639677	-0.8976233940276784	-3.1416931017101586	0.8654147727654953	-0.16226011911618227	-0.22765491502812435	-1.9031576706891475	1.1358781432987493	0.08702707039403884
1004	discovery	Nonlesional Skin	0.3731399589247251	0.08143981371281746	0.21502567712187126	-0.7912225838689058	-0.2002760710888847	-0.11472510652374732	0.07457285325257362	0.15730848912299075	0.6543550077894444	-0.17324370883635978	0.3603269920104043	0.41295396249734834	1.1966356330584895	-0.925361020870228	0.23098859632151522	0.19734705154032534	0.5169654815273406	1.0714515057384881	0.6507857578759808	-0.5283047534949982	0.27353456281838473	-0.1477274644455445	0.08232519191052277	0.5899913516448383	0.4721424863613072	1.5407162698922545	0.9041281079655913	-0.21100411213959136	-0.0854781804704811	0.27920021846587684	1.180794415902141	1.1464977766633415	1.1062198539996404	-0.6111395142773891	-0.4134450130349857	1.1303542565659999	0.23446931556899456	0.1309873420923389	0.5376241661484512	0.5477007462357582	0.41617369723687	0.39594004564022656	0.4229078216732217	0.1560698713113333	0.3496233535340278	0.7247567613813166	-0.5586840418128225	0.6139593690903735	-0.32644371489537904	0.42595922472788034	2.4952039296388864	1.9620064266154424	0.9201924747593164	3.3124655940670076	2.2282833128433026	3.1776427806321563	0.7112114597578625	-0.0522402038615547	-0.8995956274684197	3.4874095763938158	2.0340592327251135	3.339902387342988	0.31641319585820954	-0.04798462725026553	0.6987986412073722	0.9982339183765563	-1.0936503350270232	-1.5303715118636316	0.6882216230278028	-0.8032467801387273	-0.9563478254648802	0.76398801650078	-0.9086956355259621	0.7263914511524853	2.181084567374281	0.4761218732494539	0.20700921791053356	-1.335147238361369	-0.04798462725026553	0.2322501627058427	1.5028595068341584	0.09918369976132513	1.063605419628637	0.9400665925795733	-0.1759531734759266
1005	discovery	Nonlesional Skin	-0.13917712185380518	0.014271704593305993	0.3861898146258712	-0.40800677240584254	-0.18605638640690916	0.013100333049707796	-0.040632755470388686	0.32500964759002304	0.22990702445950437	-0.3619336303304231	-0.14446241310592386	-0.3604198955973199	-0.4294488507367437	-0.438679001176709	0.10162747977350928	-0.0705700254407893	-0.0042084877378939746	-0.22341470391323223	-0.1946217852001078	-0.0355785404046905	0.0338775710664247	-0.13800180039437107	-0.05586204903138125	-0.01571609360632442	0.1239294669265605	-0.27842176157781307	-0.13517740640646841	0.005191472400186541	0.06376618869764868	-0.08228838726723199	0.13575415059303098	-0.1858829586062406	-0.15251528368147413	-0.4317141447531597	0.008999875301425694	0.04669751762449376	-0.04145482524935606	0.0029997552673103212	0.12883421785321866	-0.04086600257620026	0.163717563557518	-0.24522142550855225	-0.018213514085661704	0.31157999060412284	0.0929997174092126	-0.004472021385227551	0.09490032453093755	-0.10589827434165033	-0.08172378826358184	-0.1874526848044137	0.14993554941744514	0.250270748259517	-0.3936990959968331	-0.7300682363417559	0.20856171886128583	-0.4380738731693636	0.28934008699772634	0.815797984390017	-1.0705732905005811	0.018845861877393275	-0.9353646178180245	0.5935055535550812	-0.4829717022493253	-1.4824828985197693	0.39920730856997466	-0.635964971708657	0.8026149339388433	0.601650161429468	-0.7601520530983906	-0.7257277325450203	-0.43938683685244295	-0.06504654469684545	-1.7422770110815287	-0.10296674880903295	-1.1445206451178414	-0.1603574757408876	-1.2392359712338985	-1.1072878780039894	-1.4824828985197693	0.5344291725130065	0.06651660387544661	0.16027853725569724	-0.9770158815655317	-0.8094469391801988	-0.6884801532961136
1006	discovery	Nonlesional Skin	-0.39353675694108503	0.4041869106045407	-0.06976669866592142	-0.8029826499835844	-0.22950178229347445	-0.042433435019162274	0.1578106901175036	-0.48526195430791363	-0.09077257736571635	-0.25940548719281964	0.13206175800874626	0.1694037255114297	0.2686987905856055	-0.8267202449867596	0.06147347840742066	0.032717054464922804	-0.2778563974651884	0.3035463321876256	0.024038283476195826	-0.44408220049761143	0.14659340017193537	-0.14940614841606026	0.12186950958169668	0.540514503729305	0.330168640556003	0.9982298398159982	0.777932105904513	-0.3038932943230613	-0.1365258204436856	0.09661337854988677	0.4095371322353322	0.6456929629197755	0.5872340150577456	-0.5669398207407477	-0.5993738105149309	0.1278349108067694	0.19233886200482753	-0.3322762501247481	-0.2263649936096284	0.5115391040772266	0.25423743154371736	0.08211050354693096	-0.1359999602658577	0.13149169884709352	0.5509500120647013	0.4618965593786523	-0.3789973000836411	0.23712851305934515	-0.3469559252595506	-0.13700493959613194	1.297988942109521	1.373232989105202	1.2078392724730336	1.344147944428213	1.283612623575921	1.8805238000308764	0.9096292454932859	-0.023702638803729064	-0.8478951607193839	1.0192542854218694	0.5845224408837858	1.2335307838545317	-0.9146576533710257	-1.2566894561073494	-0.3427171307048303	0.44485086673124474	-2.26527918829388	-1.2686864487808944	0.42298178096071354	-1.3228338986507322	-1.166318651630399	0.6341819104444195	0.6352428568145804	0.6042281061356213	-0.044773201369152624	-0.35311183115487105	0.8378882458289425	-1.3392890946118292	-1.2566894561073494	1.6601047745981559	1.1057193777830268	0.2269323933392615	-0.927369412249361	0.2894776618644592	-0.25905545310828765
1008	discovery	Nonlesional Skin	0.3965232899704846	-0.014181344281949906	-0.2135946078654171	0.8362517477949256	0.37390850706179646	-0.0011607858733957365	0.14735005662952189	0.04661113251055909	0.05160080634961747	0.4124344857359544	0.14716226610991998	-0.2424869148056638	-0.5915838837298647	0.6643209689093938	0.07238209849370908	-0.05421385271697846	0.10788331285321655	-0.4845180268076675	0.011269491190025124	0.6807434728476554	-0.003814545726855858	0.32318376328713916	0.17348820068959755	0.14842763492460076	0.013667666529264317	0.002035728147452038	0.02126943719074717	0.14058777552114915	0.2844170580248008	-0.10511423888547486	-0.3706993365617272	-0.7708606494516865	-0.4370346867367014	0.6424832530503121	0.21930862434575973	-0.35959177888951316	-0.018377989012275314	-0.13028251153570178	-0.017156251577241537	-0.2455685470464527	-0.48815032123688784	0.23335974821353053	-0.22429661799877476	0.10385935521772921	0.05832819770044139	-0.4679300449130171	0.2960250334123848	0.01174186687648727	0.24237227876860834	0.07444848144935413	-0.5932611262874752	0.31966912424576677	0.03229989485503874	0.25699793042190294	-0.2900545237899518	-0.2659559658982893	-0.42237262364930217	-1.1189955393508053	0.7512013408317109	-0.6232300940305131	-0.3654633907105451	-1.1841168797522639	1.1332310977119238	1.0335798782682009	-0.36561520170278977	0.09964733759221145	0.19547813645585227	1.7486884207375297	-0.828452824025371	1.176615938904603	1.0802785022974757	0.5909680967408957	0.41115615639009395	-0.6277363289715875	-0.5725379438609843	0.8141601431738654	0.5820776753374399	0.9616601824391798	1.0335798782682009	0.20052142239293852	0.5770327462768684	0.2013421240578074	0.693434832480986	-0.9438531823677448	0.7369815804025868
1009	discovery	Nonlesional Skin	0.16000241384289088	0.042024433056103795	0.068252300723449	0.3869960530747699	0.03262854165041569	0.18165910742861086	0.16267724154514024	-0.040132317761670075	-0.2500513059003129	0.2658791242474801	0.14677564755202985	-0.3004911481997699	-0.360771849211034	0.3871551169522761	0.06047812483799584	-0.03152063874839107	-0.0817717992380515	-0.16699346132374698	-0.056700807876317365	0.3721822785568832	0.04788264438402691	0.23030599968853577	0.1888839230300994	0.2829762989877069	0.32734565701228413	0.04546588265784493	0.08251794449152197	-0.06917877337479184	0.31061938337369277	-0.0668644643429109	-0.3162244923491043	-0.7504139695971572	-0.3458646975050414	0.14821872194518118	0.07401476517400477	-0.533799249310667	-0.0403933260123802	0.10912437439281356	-0.18644697433572413	-0.15104623987003116	-0.1393051748797452	-0.232071244671186	-0.10671127166475701	0.33721692079644067	0.4551632112846763	-0.18277364803073795	0.30909915526882475	0.14681753740525244	0.09917423287203007	-0.042290742277068985	0.014545219860232028	-0.22184974881248964	0.24185704889375412	0.2514691215363805	-0.3422289329632939	-0.012753593310917577	-0.18415156965308682	-0.5859230300012394	0.06675859668070354	0.4149120755060186	-0.8615207665262455	-0.4027598548411009	0.9823438234252139	0.49841870848879033	0.4436828726473077	0.30569655459585393	-0.26097156228007734	0.6492146045871786	-0.5729909091720149	-0.016811469466909312	0.08571736358856234	0.6481238099767186	1.3093402050704541	-0.2589719512928084	-0.24576929585642165	2.17442221010783	-1.2399586878632298	0.2464984006452799	0.49841870848879033	-0.19204624400692002	-1.0028831056276069	0.36172097170866424	0.8965743077900327	0.11587964125683703	-0.2737463532532175
1013	discovery	Nonlesional Skin	0.31379506151817377	0.23615734905228555	0.11927503349842017	0.699928488480732	0.07425970143258648	-0.22327625965844397	0.014898443818628988	0.0658715047631846	0.04605418536959924	0.44290014895282914	0.21015922904385237	-0.3771253245730228	-0.4756666356029132	0.7288198312234454	-0.1620158738096346	-0.22021845708033347	0.05372176220858048	-0.3411477897205335	-0.19637363402089772	0.3233080702464787	-0.07259766500399527	0.000111367706160663	0.23989720393989414	0.23102761801486282	0.14016338877777998	0.22252260160944892	0.2822695835872483	-0.07665086089281054	0.41643388050617697	0.09042064257848119	-0.3408697617653678	-0.6996689531558932	-0.863109966295405	0.32566217420917243	-0.17709290323904914	-0.32998920327061754	-0.34785362119200985	0.081144467543294	-0.129167377667679	-0.2426717641012898	0.037851520133757845	-0.17193821543593502	-0.1096875056503085	0.20532702379508397	-0.03154798139550454	-0.459263993959678	0.4672161796661771	-0.2089443970392031	-0.5422512260420265	-0.005973705851969862	-0.5073863419949489	0.3539217618825467	-0.8983318490285853	1.2950885639675802	0.8584959247649321	-0.6293649574798001	-0.2306337516335798	-0.48523252116764115	0.914855263917735	-0.9900843399964352	-1.536951176754621	0.16265144652227873	0.8796231216147037	1.2923124908322057	0.45683815250832527	0.856399064729794	-0.1581754592013877	0.3327707404616971	-0.7675619075078237	1.2855587704488949	1.2284332475715356	-0.7866647038290802	-0.2295561542559713	-0.27992147002973694	-0.39883038710935304	-0.350913596904519	-2.0360597057173626	1.3689766374385934	1.2923124908322057	-0.3998711275650126	0.3701114584181796	0.7764327363740748	1.2761424757421236	-0.6893003072035178	0.35284666265647824
1014	discovery	Nonlesional Skin	0.5691692651885396	0.4544353932176031	0.08738835209944683	0.5185327680292777	0.15487441398155335	0.009970674720452618	-0.005421271928903512	0.08933470556458001	0.04120418892379811	0.4339443692618123	0.3418569185652346	-0.1810710197941615	-0.6461031612468847	0.49650811443835924	0.05743925529958084	-0.10406809705001241	0.2694602183512459	-0.5324995823426939	0.046867885789108506	0.49599438817843333	-0.11584811661158961	0.08920167656256126	0.2686227352318769	0.44359215408014163	0.31682334321033506	0.3135949664036372	0.41566028760959806	0.06750523402778642	0.40735000144248446	-0.25680208449581426	-0.1103993802038085	-0.5310694312738389	-0.14215648268202818	0.3754778350236507	-0.026896810970983648	0.1588561843178526	-0.29959601208795816	-0.27798798875910147	0.022497452529330046	-0.1334697188315226	-0.20986415504191647	0.10388832615605866	-0.28807541422472005	-0.08198238402351897	-0.03821085559333834	-0.2914735261590445	0.2370420830769529	-0.02004059420406193	-0.2854961392729772	0.3264255954531119	-0.30463199256517826	0.6834932682886937	-1.2008162197918906	0.6659044924015444	1.2357654775811542	-0.20645350649185545	0.18585796323491213	1.1376962128843144	1.7235939677551382	0.3580086039837924	-2.1292215282240914	-0.6691709339832208	1.3623702886014355	1.1671116572810973	0.9982741147138324	0.6168820442600745	0.01449434934928431	0.22354732083139228	-0.27973168436930523	-0.07428565533417643	0.4921776031161764	-0.651330611835236	0.27153296155873574	-0.9188318924854335	-1.416718581483404	-0.36718933094066475	-2.5324720024093836	0.4214359337157284	1.1671116572810973	0.5585913556437352	0.6531990932467931	1.3121918332153366	1.9841004383002292	0.5792525389916219	0.95033020598944
138001	discovery	Nonlesional Skin	-0.31291723677707683	0.05440428314014666	0.038748062606236124	-0.12901113139602172	-0.09086312277976052	0.2559628385969005	0.11561272847512634	-0.026952097095489472	-0.03862564377857636	-0.19662542741367578	-0.0021428838187938304	-0.30837139200570274	0.19890066928288477	-0.1335613697151805	0.05453300566922506	0.07531394402447185	-0.17981132591411678	0.3467979556654904	-0.20237599845672458	-0.02475746342032095	0.04769724202668205	0.022240593506924537	-0.017039918442062624	-0.030895510559671067	0.16551007047884325	-0.48385000027104813	-0.30331786484819206	0.15573249804942668	0.04539723391635901	0.1450439703949089	-0.22505544970185917	-0.3533027174714941	-0.48610399668758464	-0.09626850794951684	0.1506989998280895	-0.5923972638307703	0.1064991341086908	-0.25741077472458174	-0.20351878984808258	-0.15532877540737464	-0.09730664973834345	-0.4866008917282606	0.08453856392979436	0.14426466696569482	0.3484414328435039	-0.2862795942270762	0.19105440770555415	-0.03373756014574938	0.04362492853498541	-0.14291934981459856	0.5921099414466929	-0.24251658551964606	-0.3966932828235006	-0.9378976935771288	-1.0693682361411523	0.36139433872871035	-0.24521290302904566	-0.8217841198258685	-0.9425268273848628	0.9965169109684255	0.0832946502943715	0.7302322196706644	-0.47612289797877805	-0.361236885133306	-0.2988210121331889	-0.12449248579502156	-0.3761428570496841	0.6259898625587363	-0.5551667654991829	-0.2496023233951447	-0.38954610945601015	0.453010062469751	1.1266283391649543	-0.010702570580298887	0.8378315304440718	1.027557294661291	1.67955780993786	-0.5973762954069775	-0.361236885133306	-0.021744063440741312	0.3145248259933215	1.0554201329440878	-0.3771436189048963	2.1500511230972696	0.3705033965126245
138002	discovery	Nonlesional Skin	-0.018696096618431825	-0.2543512578575769	0.38947095647379915	-0.8465868971561764	-0.33731769506197695	-0.07804630369903827	-0.055869491779981933	0.2309043424075383	0.5483229924534911	-0.5901429429520255	-0.37693379906428576	-0.05985054213248626	-0.09877177860095006	-0.7081073180196655	0.10592194927759488	0.05211417777011983	0.35177489364748077	0.17271757862342613	-0.002673124644773928	-0.24068819712685002	0.1554160448398253	-0.13883613512598236	-0.2402606878148572	-0.5370078971817346	-0.31202952820523994	-0.7378894235612761	-0.4962481708454963	0.03005903498990691	-0.3474572366179191	0.06891613216239748	0.22658961219466256	0.2334126464463122	-0.0628757474631914	-0.45476226343785536	0.180011029410785	0.5057971215511536	0.15236087091875009	0.19784376628157604	0.1514517981985647	-0.06913513748577338	0.3100609658791468	-0.04863980087005395	0.2500603988195507	0.22415201896370457	-0.013538793300329562	0.08239674612840815	-0.02353753681888602	-0.14540898762700433	0.08548059301608983	-0.05530272289009865	-0.28828518714000256	-0.8688289963406876	0.8028153809223778	-0.7015057964365706	-1.5256591091244627	-0.1701174502257147	-0.9096014469377628	-0.7904133543288517	-1.1297198642254556	-0.6540918474950894	0.08221318109924829	0.4052978233866094	-1.0662948762098776	-2.378206235392556	-1.0866515730516666	-1.076107924952504	-0.5608459241170781	2.018108842515428	0.6854729337410298	-2.4179964443771977	-1.4114253970964437	-0.14884783285417283	0.29625842902838695	-0.1693446557880341	0.606522395359878	-0.09180745271654844	1.4554798621496787	-1.9118484808468732	-2.378206235392556	-0.3831630017074451	-0.5279169714740035	-0.6038539790205291	-1.3118010802658668	0.960601382567396	0.7543290566464554
138003	discovery	Nonlesional Skin	-0.4036372267786721	-0.07213631218112825	-0.22022677041488017	-0.7599712179564048	-0.3201123990580909	-0.01399407777579681	-0.018355792154389667	-0.21347197864575346	-0.11850664781477274	-0.48823740033745766	-0.19194130018692956	0.17583795411146935	0.5271114141862419	-0.5428553241286744	-0.07566135057201574	0.016910184349209472	-0.2581796465604598	0.5472999965414055	-0.07672284022310197	-0.3585206948988554	0.03552243884144263	-0.027392767853864693	-0.15415159539744774	0.06838032756901213	0.021782466088020893	0.6678247475219827	0.43599634240640944	0.1606284152165009	-0.2886794444210038	0.18028686060714166	-0.010119544730214435	0.03652748875906286	0.3133913091704272	-0.3643421779534921	0.23479385417133375	-0.16694289613768817	0.19171491062748297	-0.4103736778485364	-0.18707877872101283	0.16562962719772625	-0.0646714021618561	-0.19142593878627928	0.3556764727414698	-0.07397562708640093	0.19919643395372796	0.20284193644199025	-0.32709165539294766	0.03518726887067691	0.4893463572790132	-0.14235855154211358	0.1428974730552936	0.008927868291450017	0.38750911422606965	1.1885589070866769	1.8024102576108187	-0.002025038608090944	0.5581415275319875	0.3049013070423151	-0.7242129047397828	0.16300203907982785	-1.2223546393770721	1.3565836219859422	-0.6030895810801873	-0.8151914803922942	-0.10280968319871271	-0.831786477413763	-0.6104645700048403	-1.5545401500415925	-0.5013156291935502	-1.019291936820812	-1.3749802643861406	-0.8781688364908219	-0.5563015135093673	0.7121988347510302	1.0974799929200398	2.8819647042656733	0.1722613366439526	-1.3117510817516038	-0.8151914803922942	0.35186154406244835	0.7531161125626599	-0.7139384698354562	-0.6505644115972986	0.34393114489471627	0.26044659724629804
138004	discovery	Nonlesional Skin	-0.324845225681509	0.23205762022316573	0.0701021226078842	0.06924662133793318	-0.1107776491256362	0.00961941135152546	-0.027843120299158797	-0.1768658818988962	-0.20792521645052042	-0.1926929413136326	0.023146685202694757	-0.18505589229988056	0.009207511658100766	-0.14886254845423857	-0.12016250844461054	-0.12376549549092934	-0.3499087790975133	0.10696578652049188	-0.25258244707714866	-0.12145170931933537	-0.017655258592741585	-0.21472490546955678	0.00387030241024627	0.1576574523428954	0.17883160236473025	-0.06455227432815015	0.04570204751719201	0.029112895001718063	0.1011841753240869	0.07357208403424152	-0.09937946102785832	-0.09207701941708751	-0.6093315955892473	-0.32947267515762535	-0.22136699207128918	-0.38691778241660785	-0.014244336268042015	0.13752423642391187	-0.2661702004236534	0.059453173029844465	0.2777824765636832	-0.36087720182194943	0.028809425286493606	0.0035349738953727896	0.04213756143956035	-0.14239376945637752	0.13195458162887194	-0.23967699983446733	-0.05722160663616558	-0.23000537452781575	-0.06289407547495186	0.1422378068416257	-0.07605748860081547	-0.058871584291375956	-0.05887818650995868	-0.3854397660802605	0.5235665001216288	0.48247186724300795	-0.5547641203354263	-0.10526079234095079	0.29450005210379154	-0.20297334981553525	-0.7544984668732555	-0.49834125568156284	-0.49544365897939013	-0.3064642888082024	-0.22006074962658143	-0.8903142680545502	-0.46795613337111136	-0.07545929041296102	-0.3191058286549684	0.48654417058333455	0.11141191854321451	0.507951209517323	0.28972589809077304	-0.8037343583773806	0.4560803470017197	-0.3939063438653093	-0.49834125568156284	0.49019959680488945	-0.675041132645915	0.7323688030301495	0.21030039536411618	0.6969645788043629	-0.6872727647641538
23002	discovery	Nonlesional Skin	-0.08045502633001249	0.30896689954565404	-0.6552450956294942	-0.6470559299240433	-0.2821017345960572	0.02714873620494035	0.10888306240695386	-0.21566266384124483	-0.025545564407590378	-0.3887133612718174	0.009540908028632654	0.6340477254635273	0.10359472564961412	-0.8367527438363871	-0.06709434834715797	0.012573965090810773	0.02226190304511413	0.0030364185132335623	-0.033555235743474236	-0.4089178419397449	0.14871545637138284	0.045183675612828336	-0.1518127800491442	0.1052351411029566	-0.04522297373958621	0.40620224943590855	0.24914518019762585	-0.2132279128819252	-0.3908694258191869	-0.1546629830218009	0.025891748039261725	0.37582645135775516	0.5332465847018945	-0.2786407155399583	0.06274862390971434	0.5762727095193335	0.4555958728408877	-0.4196104162895183	0.08833657020711046	0.23437222122733342	-0.6828598072314597	0.5946483932432887	-0.04897430886087741	-0.18520233118964088	0.4388072798269039	0.14556090356134185	-0.6121533335719809	0.2074548433846564	0.5217407440389513	0.12147378903874868	1.8749998935819678	0.0798256417188901	1.8778460574504123	0.3250611855116354	0.6038113385737677	1.3907512747383783	-0.357344690180573	-0.23719400389419956	-0.5612446542080411	1.459747055800943	0.8306754709060981	0.37467894281580955	-2.2405759905074403	-1.3621784707497955	-1.0716194206782963	0.8916460054286527	-0.9676681045478079	-0.9000046550795765	0.94358211780975	-1.8903086595274425	-2.06452970063236	1.466896828046369	0.9791362067081846	0.6390551962721607	0.04753952988939436	2.4749239808517243	1.7402739180012436	-1.4870315890930126	-1.3621784707497955	1.8542793923614087	1.2520205450906838	0.381629655312695	0.2413675488165784	1.5540389457001949	1.2810414047361223
23003	discovery	Nonlesional Skin	0.08700749449183776	0.49774520379703263	-0.43518062297862176	0.80320204783546	0.3352979194630785	0.005704838871233809	0.089268411710791	-0.2295842087897534	-0.0753953088679374	0.5596164330849274	0.32838391449607485	0.052394005228966374	-0.3579463166266466	0.6384977236838564	0.10030163939973995	0.1608405615780845	-0.09218182154354813	-0.48285946781069505	-0.010935268268001275	0.043336022500612886	-0.1604050062568716	0.08598466378136181	0.1780938748546977	0.5265805213940514	0.3506881144036826	0.638175441327717	0.45117854362661536	0.1407103256933013	0.16721736113945512	-0.2947465497116943	-0.29919228304279116	-0.49201799338758706	0.11038230922441418	0.5204946998161647	0.0006740721955381321	-0.0994692273980391	0.11920195343576616	-0.18726678108542608	-0.13268514734961864	-0.0486376213222888	-0.7976352384725028	0.42645348485576895	-0.3351973430725669	-0.06262921759893253	0.23802790556882855	-0.3294877486247785	-0.21788884859524618	0.16754166905973672	-0.004900586225517319	0.14485652640106136	1.43047888628014	0.3537960155033551	-0.48140021326232274	0.9545908273912286	1.089180934314154	0.8914078468095363	0.08020086014655434	-0.4275351525766989	1.2438102060963931	1.2923254802311985	-0.13920777192273334	0.242884948248447	0.13550231012469868	0.6822556498711312	0.041032551245435284	1.4435816864045674	0.6256910800063709	-0.6397021525534163	-0.039292744047819406	1.4871232221252098	0.7384693504839198	-0.1290725454692671	1.2821473654762527	-0.07557720184198546	-1.1088185542736826	0.10735257180482666	0.8705555961018023	1.2184827677035734	0.6822556498711312	1.7195566370289583	1.3118549716165497	1.5834296845820277	1.7324899887659135	-0.17498528840697558	0.9585579759190501
23005	discovery	Nonlesional Skin	0.23822879084311216	0.01628255303688137	0.004205630415188658	0.11705157777716342	-0.002750069208706394	-0.1147303355236416	0.061117927659657685	0.33141284689036227	0.4954544098236639	-0.1524994025060343	-0.005925858788604135	-0.1667615784110659	-0.4166567075958483	-0.07956537283069796	-0.05361647636651771	-0.02376750026597407	0.28319061043896687	-0.21999132546123393	-0.16242072058627027	0.22008330054949443	0.058344441427767416	0.04201700029448052	0.046785997778431114	0.12242809656290615	0.07504575305339954	-0.048804311349652775	0.006305024538861571	0.030181527264176725	-0.010525922089624742	-0.03527852843991904	-0.044808705387652005	-0.23437875728287907	-0.10950852780555677	0.059701205202380835	-0.08921361920665791	0.027303747042356455	0.02333312916632097	-0.04323261427927097	0.27293828091626254	-0.10057993553726781	-0.13505592192617202	0.17489032170340427	-0.0734527296487187	-0.05164746873700475	0.19619687338902597	-0.15020641468773607	0.08703112029648656	0.03086744386602449	-0.007594551220016872	0.1982587518414374	-0.5106792238299858	0.22964183597996532	0.8514603417790639	-0.4276845495830305	0.8922250625400029	-0.40075773217994753	-0.04072781809996527	-0.5631776227633685	-0.013835559151384708	0.13518669552373974	-0.2996820155963534	-0.366405240555653	0.02851850954683527	-0.893329609234362	0.24262911730068273	0.42141126417238456	1.1119725181888465	0.41637228190632575	0.6379796920153236	-0.236066648351561	-0.6406962540578485	0.4012350823742663	1.211176880162492	-0.49805106554373396	-0.563250986382398	0.9456388622879794	-0.5773556058724197	-0.23393953151360491	-0.893329609234362	-1.2096108918678703	0.027407891170952547	0.4824105526557195	0.070399010008555	0.44314329440015887	0.1154398091215388
23006	discovery	Nonlesional Skin	0.047358325303899225	0.11936026685936658	-0.8910737119644155	0.46529032714056884	0.037619399424474766	-0.10412498155036665	-0.11716342960252259	-0.0782605003613334	-0.20495832278437323	0.3941161979017207	-0.015952719305529012	0.07404240732951327	-0.2715405497891609	0.40336194501615474	-0.21252782224205952	-0.05294761716496146	0.06623869034814141	-0.4219055928114482	0.08009643919960792	-0.11147061665414623	-0.39496570997990904	-0.011156095317200826	-0.10519768207445558	-0.17884949509682754	-0.13849449454032042	-0.12738350360032158	-0.15199393649019347	0.010983513490435276	-0.14152231179241212	-0.26762994585196614	-0.5779570521137386	-0.5820425232389359	0.27922161520685823	0.4187810332622064	-0.2590463671338829	-0.04526194226971689	0.015300334386529352	-0.2797522774103697	-0.1829841117329096	-0.5074604682949896	-1.1160794495692845	0.10568930288282498	-0.18480063538424044	-0.7552790742404757	-0.18805457060326936	-0.47088143905181096	-0.45674567018513706	0.004866566809643245	-0.35034640405877215	0.09228298679600512	0.018409478921533926	-0.193147503564811	-0.7604739659268905	-0.17735286949130752	-1.122988463475159	-0.1120144046086581	-2.2160642826819643	0.8145205002839973	1.3424848456626577	0.13880443016668975	-0.6536591759094598	-0.7173408625001495	0.3446180566049614	0.2460843585147698	-1.0448327018563868	0.7637970511339607	-0.2993050395754321	-0.8403246527766075	0.3312547943745284	0.8573995473381315	0.1706807054043969	-1.698783444397713	0.09653105476270518	0.20248653759579538	-0.48841303704443395	0.46041748688905326	-0.06267032242621187	0.9970660687948876	0.2460843585147698	-0.030548813744055214	0.4878262925997189	0.855276548401443	1.0473066567371547	-0.23770408798736703	0.7895145857986285
23007	discovery	Nonlesional Skin	0.4698855494009785	0.475791667613398	0.06870806575461082	0.7243179283438373	0.24067745124949055	-0.07822613727708305	0.2035877819514614	0.20353062483649087	-0.07340434201970068	0.48286134932718056	0.39016542515490005	-0.2532092373176171	-0.4971910439533559	0.7657209214778902	-0.1982335104782812	-0.1948777571517858	0.28188848229410013	-0.44613399529789544	-0.0965776208919929	0.5085844252380934	-0.01296005349827366	0.1823882963112027	0.2873371309529621	0.4592886777822238	0.2669098562316961	0.7578129934194396	0.5746024105683455	-0.0010296709834380438	0.5240351207818424	-0.05502283137065103	-0.26770515061106276	-0.579804467523798	-0.5846672154926404	0.37962854634734133	-0.04918272426934316	-0.25289266597088184	-0.2165815181348065	0.12870309920528167	0.034003344942784605	-0.10970095771373115	-0.19925701674367194	0.13949194406787854	-0.03713715997259881	0.2960910114606177	0.047137943820626055	-0.28529906903888463	0.41202228765176746	-0.047653200195246326	-0.015076757834232941	0.17015489588950947	-0.1521858533069923	-0.0016006445050747002	-0.37781879169554394	1.6349362021948484	1.347420454950494	-0.28950960587682234	0.5576033846508017	0.08077800026835749	1.225045811297374	0.11415372945209916	-1.2841052256965408	-0.8780098307531518	1.2321729426660708	1.4634181676211009	0.08424336069751515	0.8648094681837519	0.2835764194762484	0.8702124538070082	-0.9007752737641408	0.9223211513613931	0.8425220776631316	0.3124721421026164	0.10105732729836196	-0.3028258039319112	-1.2655058143148896	-0.489077718153221	-2.0395672869478076	1.0455327692813925	1.4634181676211009	1.2956836428441916	1.005858678741247	1.125573707026041	1.3872464717373136	0.13996700482277363	1.1701642736726854
23009	discovery	Nonlesional Skin	-0.37305039800492507	-0.29158846250158027	0.09790269440706523	-0.6440882058758387	-0.38174291575078645	-0.327195577134194	-0.14753985832924763	-0.21077066814858705	-0.1299453961634444	-0.4217366513012939	-0.2102223773846718	0.053587138631099526	-0.5746427811333886	-0.506331458053974	-0.06411071575518554	-0.15752626373399556	-0.36791064023593517	-0.5627621604247696	-0.2348627089894868	-0.581865681459835	0.19979981577793687	-0.07249876836309234	-0.22453598290918786	-0.5071363481728642	-0.24189426185170673	-0.5789756340710625	-0.4724932884899284	-0.21838979034933592	-0.27960573928789073	-0.23602371195585295	0.09106720557238308	0.5413066462956388	0.05433665352911149	-0.39657453125387065	-0.22857676322858236	0.2231097706849735	0.07854808665888949	0.1947391711483495	-0.24220067929939776	0.11794909503769152	0.2517057009135188	0.22822194976972165	-0.2578872691703802	0.19527170364836433	0.05398185944869878	0.31117939356926394	0.016598764061806857	-0.14790682965777885	-0.15854124602418262	-0.2631284989695417	-0.4197599483110931	-0.6627896791431226	0.49694670284660863	-1.2261115411789423	-2.2448612615786843	0.6701438515652393	-0.05163033778941717	1.1248096882403138	-1.3578331630727822	-0.7493484029160739	1.0777377041545224	-1.2287829817767029	-1.8452039367056141	-1.861327296632863	-0.283739752866111	0.00355802954489981	-0.6474977702781051	-0.6840506369213939	0.3305954863362217	-0.5492479673216343	-1.0614881257463407	-0.6221258250539679	-1.5082539833370663	0.3475201806693755	-3.1176657349764056	-0.37924675291947374	0.59274880327894	-0.06520512420378577	-1.861327296632863	-0.4312747243623759	-0.7422927428843611	-0.7864387295789674	-1.3506127300530317	-1.055075714895419	-1.8060242827466304
23012	discovery	Nonlesional Skin	0.06752764451574127	-0.07891684332228051	0.0012404048439348502	-0.1909986447199689	-0.1950901119030829	-0.13737276424770237	-0.06481113244340937	0.23414651746740134	0.33688081472091036	-0.1145452990797573	-0.27803422413204104	0.17120256447422447	-0.09639479298922506	-0.05098133779832072	-0.00946691891144935	0.03998219216557275	0.18578057178475896	-0.21289517443435738	-0.006964040871612685	-0.1071065642738674	0.05609642727066576	0.06531224726945667	-0.11777505125879854	-0.22544904109057215	-0.19566298304925955	-0.3403677456429334	-0.26091218134081584	0.1303264259379384	-0.05582942390257967	-0.14261502449181904	-0.035842096779545154	-0.10288833745915266	-0.14663687984479779	-0.03093384740557135	0.08053574930250061	0.2860571672849084	0.14047165022965186	0.038138673834558344	0.25199653026529817	-0.06563885909396829	-0.06912213443612804	0.1876032451455434	0.13814113533174383	0.013088114017191677	0.034548940024937434	-0.15351848261929948	0.05657844079930049	-0.05518387304079365	0.11570743919621557	0.1752246092225206	-0.3459443113648898	-0.08001538307561369	0.47990944348066966	-0.5444477077419296	0.06518065587131812	-0.8713114931447979	-0.4942210534054742	0.39825732650612733	-0.007261775829939976	-0.8033565289080804	-0.7819784956301348	-0.08654889682527661	-0.8138702580499797	-0.5254837365287597	-0.5119229181707896	0.22404533810074456	0.5865959449279441	0.15837342065917473	-0.723365443048936	0.5871177724033908	-0.28168330848640133	0.42945527570574615	0.6796566204567892	-0.15392942079278588	-0.28631379241931165	0.2529604314321334	0.9474173420663053	0.39471395581659025	-0.5254837365287597	0.0039129836264176765	0.274711168210904	-0.635651248043712	-0.7161238176059682	-1.660150214853048	-0.5561586110721244
5002	discovery	Nonlesional Skin	-0.31520307998426084	-0.31718858513182846	0.2880949430007193	-0.1197497520496119	-0.28294266766202597	-0.12368773243943554	-0.18237346231257112	-0.10973395752883888	-0.02036423600089655	-0.3190189762027166	-0.21523995928777273	0.02724864903722625	0.5228698830478778	-0.3576992384872136	-0.10640649666361769	-0.020420423551001043	-0.16632860361435453	0.4564746692647171	-0.13098713158708974	-0.5480148792505467	-0.002512302939300431	-0.20900250717794175	-0.15441037027468638	-0.42041416363630996	-0.1968850373243196	-0.5271506235245053	-0.4294947379700967	-0.0799534599980433	-0.07035746519807388	0.16030437061949837	0.2488157527676252	0.620319137625252	0.06208996551796536	-0.3120012028079834	0.021923868862829397	-0.01171482033581595	-0.1118138291999016	0.009054557950194232	-0.09532267165531419	0.24435496120007233	0.35385997312569606	-0.3535555058839229	0.08886921130956495	0.009258873223164736	-0.2231679810777622	0.15470543619169494	0.06971459336909538	-0.19658068340520563	-0.2707158859304214	-0.2788927535029227	-1.0938264826682889	-0.38341629025324525	-1.0634178686185394	-0.026835860999724036	-1.6482724220445555	-0.451207531633324	0.2976006339349868	-0.2867933827114244	-0.802539014132655	-0.6260755866382547	1.279877432358093	0.11332156342012234	-0.572471137367349	-0.6677965982812497	-0.02364915474273034	-0.0413976061570171	0.692969126392557	0.42502439559985883	0.47777940496662274	-0.8149958084774811	-0.7755739978821894	1.1756284348324542	-0.8027950964220352	0.4797500706540711	0.8608616360102144	-1.0800344267954445	0.1026469604819431	-0.6108728731985279	-0.6677965982812497	-1.0644165732758166	-1.1232414704839118	-0.19490078741314593	-0.8847302938982439	-0.2405223906163145	-0.9109169378877375
5003	discovery	Nonlesional Skin	-0.3216670218304437	0.0017303281763475912	0.3643003181452365	-0.11151624633316726	0.08650757259237522	0.43411492995593604	0.010330967730221081	-0.24180975593269496	-0.24013159794044414	-0.09137063894984888	-0.051674025816365904	-0.09801139836944292	0.02822558001681755	-0.2663669686922899	0.3056957954433294	0.20757616541721366	-0.30877728229938894	0.1830504767625736	-0.06134876989293658	-0.03085069731974883	0.0711866906998366	-0.10351892287685212	0.05843603747024173	0.2281437240195506	0.0346463994270666	-0.167441462937012	-0.0848370059174578	0.02021433729104168	-0.025222073714108645	0.16534414460772873	0.0980625504130813	-0.019989550737381834	0.3357571178708883	-0.2130327697780076	0.14975980174236228	-0.25996131153167534	0.028102329502169173	-0.006819924955941563	-0.13638757233761903	0.2640644229650311	0.3118022504751018	-0.22909884302119066	-0.10152182950063221	0.42069242377770116	0.2842569143770536	0.22504072120461152	-0.021309315397492076	0.09671530098902575	0.2214742612223761	-0.14765584362065232	-0.05967735955313794	0.9058216257001149	1.405142380637309	-1.1227366080837666	0.36297039237871975	0.8119671055801315	0.34311825399058354	0.14174807498133288	-0.18863603180987965	-0.2576321552206906	0.07632694171619869	-0.1743538494031752	-0.4756752234636911	-0.5640668450151682	-0.13591745801056032	-0.4587762624157413	0.020928580019050416	-1.0113682609918557	0.10118584000138729	-0.6925627998517127	-0.46448269224364447	-0.05228743856281855	0.3311113066472454	-0.09741467780632244	0.30183995419288556	0.4609353901861351	-0.2033554256263973	-0.6190693462601301	-0.5640668450151682	-0.20888456392349936	-0.17546202784968676	0.02038229521786805	-0.8653259688820707	-0.1577751979364563	-0.36631209167338585
5004	discovery	Nonlesional Skin	-0.16959508598556997	-0.0588660861865939	0.29452569136005663	-0.02825127282474352	-0.05223683711735914	-0.2598744387052603	0.014949688519438058	-0.1566559723213771	-0.028848047066918608	0.06797852239329873	-0.007119529702855814	0.14163609344954378	0.41751584369087175	0.14899492829390876	-0.22747963815427646	-0.1131045826913778	-0.1445483162863294	0.30040907993169175	0.05048795415466408	-0.15541997512692163	0.11559816666354533	0.04033930943637607	0.007579780184705885	-0.10752265386058416	-0.02261280289006553	-0.14782558979971197	-0.0918795272664662	-0.12430942898037414	0.14844056803349717	0.21222591753686484	0.32154019392309363	0.6757306660932819	-0.1858057592524051	-0.2505238657531695	-0.009315936535119394	0.13456472183942073	-0.028629029212239795	0.5239364445217769	-0.09052497267089435	0.2543695619272892	0.8114456897767551	-0.06479700297927009	0.3181132757502787	0.051712271568740795	-0.16428584037803307	0.2774699132769882	0.16369177973941004	-0.13742529790167207	0.029030350055166618	-0.2068557170405294	-0.7443965347260971	-0.7113618417570603	-0.47753204248422154	0.1880979658878915	1.1012749165476103	0.6823078682148666	0.6039605859076134	0.10364833072340542	-0.8213899534166695	-0.69584802586832	0.5184233483090185	-0.04129201538527426	0.023125742990323717	0.1261913442780936	0.5408221640113918	-0.2063406111009527	0.15096393163051613	-0.7501829927712451	0.5666398836442708	0.5953088602316194	0.4567959603374063	0.8189376967442492	-0.9009605340100969	0.6900381050336684	0.3553402140916724	-1.2681274964143412	0.36555396476822893	0.5429523906737409	0.1261913442780936	0.024954933017232728	0.07217936778855286	-0.20924402089191985	0.011734208124971168	0.2272524275222897	0.043881790788147246
5006	discovery	Nonlesional Skin	-0.42700078004333564	-0.2235514295957169	-0.037844958021648056	0.241622182942383	0.2244995528368186	-0.092777575873957	0.11945482303561933	-0.10456338882730344	-0.31311904890533343	0.12266371839146244	0.01982072790163956	0.06450260044624127	-0.00016886420487077224	0.3833264891727512	-0.032666580517285666	0.06218127674683657	-0.38252360419098186	0.0796102099466696	0.04775856041777538	0.008213109865017635	0.2019433218426229	0.32021069371621996	-0.09059196334830485	-0.18733108088044964	-0.13606694294543245	-0.42579235566007867	-0.22070046016621842	-0.00038584453571688214	-0.1594337230951529	0.23825118757737446	-0.08334332785897441	0.1072975641102359	-0.5539421813788394	0.04760548150377619	0.10046960439013196	-0.29751509764070994	0.23530183601396606	0.30808093946503046	-0.13788383137123733	0.23404188745387525	0.3102870821925261	-0.07826744562778783	-0.08528902734969562	0.2899541205450693	-0.021164292300515843	0.12859696097367654	0.2209561860630321	-0.09268240652224491	0.314031978214894	-0.2794902792137762	-0.41855165171683184	0.10054973108590608	1.0724067112922862	-0.5850145019823242	-1.056193446346227	-0.36176263627523864	0.680506830374496	-0.044882995948299975	0.20312886010258838	-0.45706727591938523	1.3172780204380798	-0.3582569947258207	-0.010552075283008694	-0.13100463547614521	0.2759176038027027	-0.2649366862424347	0.2792006294121645	-0.3220971976475296	0.8066169635306126	2.6504741668780314	0.9365204035225339	-0.08170068823479659	1.1704771905150122	0.665899704653687	0.4401549281088386	-0.28450918721797097	1.120696868570859	2.429269798368712	-0.13100463547614521	-0.8364903161250123	-0.2550331820061103	0.4866149624458826	0.24823119248580824	-0.5829591851349692	-1.0663904206259585
5007	discovery	Nonlesional Skin	-0.0848130051589443	-0.17553269851755726	0.18415458058027415	0.2669561737180349	0.020216653828415383	0.07052958177085933	-0.16191692079308675	-0.04423211929482902	-0.10465211150000969	0.010055808684167333	-0.07263419609045073	-0.44574236395955036	-0.33081459107661665	0.026658063622227442	0.1820697785514943	0.0007775483054174879	-0.2089896582121621	-0.27280417564131376	-0.06559285764688637	0.4581391150656957	-0.0266808973336494	-0.05824117542767035	0.0635698475425246	-0.034695490595681465	-0.01104018760071888	-0.15312509839501584	-0.1115988569007259	0.23840216490909882	0.04015123635049884	-0.021002724163032647	-0.14677026709150495	-0.5777651063013449	-0.3802197775133724	0.1287809552873875	0.06934568795909268	-0.4471562037359529	-0.31578377117587203	-0.11123820063292506	-0.1902089657288118	-0.09477638881547944	-0.014154326459021902	-0.19751833151773665	-0.08225680990552563	0.010307677602983508	-0.16596725888624794	-0.2763213895618574	0.16513606521776697	-0.13736882048501353	-0.01590902763478393	-0.034373242496998205	-0.4451144067887975	0.2779268975042967	-0.4533939821639236	-0.2335931784506554	-0.3870395813821708	-0.230342394487792	0.29963963486471645	-1.06214274330868	-0.03963575724540853	-0.39409361040120955	-0.03296572736046502	-0.561465559637598	1.0101824559491424	0.8228972891611083	1.3596865357330565	0.49701062066315843	0.43251559909236315	0.2095791142671248	-0.019179851598612685	0.2268546174179062	0.6820407810807168	0.9793832174304791	-0.9030632490452261	-1.2309526741517804	-0.2237483772615105	-1.1470021513237763	-1.4531584298314062	0.0665586221946438	0.8228972891611083	-0.7483809311003995	-0.30106706300024616	-0.09480371206213432	0.5619556618413799	-0.11020938641876066	0.21215975214069263
5008	discovery	Nonlesional Skin	-0.009611714464050191	0.09728401271486412	0.27969843763972924	-0.6169465486678034	-0.05552627777596663	-0.10673958178632406	0.01746127984668368	0.27687547350510316	-0.12223413002140752	-0.14170372387230828	4.37519101808631e-05	0.09482645915299016	0.22265698925445956	-0.39641250742270506	0.13740456898149261	0.13760170465774074	0.013302713078004942	0.0971716937753242	-0.02392916280066547	-0.11201816696088138	-0.010037160593243402	-0.2132132295069251	0.09174566149558835	0.1944928621532881	0.1650130024048176	0.4899551750635581	0.31653036192231093	0.01848456092150359	0.09138938885969337	-0.016482133156844637	0.20969207721601701	0.22829575438152305	0.28345373322080575	-0.29377391525042235	0.0580325084502642	0.028492344282131474	-0.06184042694491165	0.10378705031175851	0.15539627756863172	0.075133386689254	0.5142418928761999	-0.3781570712571701	0.20481973439389337	-0.12202127637559611	-0.0847252811285949	0.3043949440641059	-0.11037647224320549	-0.007543400052628825	-0.10508049726871416	0.008860258759224757	0.2781410238216845	0.38264055881915365	0.2918066002343401	0.7512480993675973	0.5074856720618041	0.17305288297212362	1.3724235575324217	-0.19510456391205785	-0.4995137011527133	0.6056841350250721	0.35460656260215667	-0.45466284351533326	-1.1249687056373756	0.13370106889383365	-0.7136007752830889	-0.1163465112972737	0.13928210578486172	0.6918006435477179	0.08121702207903206	-1.141952929270765	-0.45813823349736393	-1.4219354634365735	-0.3634150433204282	0.01007101779946823	-0.20981494760975516	-1.5137924715396283	-0.5800376549733435	-0.8217159808257319	0.13370106889383365	-0.2547305215374821	-0.6287815049806577	-0.24168128020487523	0.18100926054117694	0.7408513813748189	-0.2932115729038007
5009	discovery	Nonlesional Skin	-0.4250868503624048	-0.1597351547039494	0.3286894160541293	-0.46146708862534636	-0.21931834473539658	0.10127711838176749	0.07821302513393216	0.01118703914199014	-0.3101546748712984	-0.33154203331246446	-0.10682173847221435	-0.060533061576696606	0.3882386741038769	-0.5743667868522958	-0.015512132158742177	0.0005170667998151828	-0.237189737397309	0.4732584979522335	-0.06752031605588872	-0.523950671350231	0.11587839505272504	-0.17982157094276	-0.04382127319169067	-0.09847554848978553	-0.08575151564954259	-0.5041540154227453	-0.29214651709027295	-0.02293633937760138	-0.14994605791498422	0.4081647411974929	0.10981240145300562	0.2920477499553259	-0.4398205350725472	-0.39025855884309407	0.09618566698122666	-0.24653928490989394	0.08612380116089909	0.1434974025401522	-0.07034862287744756	0.2586766890372018	0.8151689259192993	-0.3946585979208562	0.107715966268169	0.26284241721686347	0.07478393585972559	0.19423252890649864	0.16927234838164118	-0.11032499958681445	0.10277892382832299	-0.27611000406017283	-0.053501985490316095	0.7298189038077463	0.8679109920607258	-1.2469203840701089	-0.6591135383399315	0.1412850372864011	1.3011766393579984	-0.3001113446857302	-1.2891128254238235	-0.6914776424066669	0.698018382495718	0.18893092698707006	-1.8328335724441265	-1.417289214431524	-1.1365853337053695	-0.42381407182204534	0.6930135837653173	-0.8330374432349162	0.2807534389124655	-0.8727281134956534	-0.2934593314165016	0.010830752981530745	-0.19813936220171868	1.0971398428654828	1.3502377456492867	-0.048389430351490736	-0.13037958269768551	-0.6074246836364705	-1.417289214431524	-0.4422124352157839	-2.342341456508534	-0.3933808581802217	-1.5854961958846658	-0.31871279847476386	-2.1405331431940517
5010	discovery	Nonlesional Skin	-0.485842453718428	-0.14042231706265598	0.077036980688589	-0.46214812577996733	-0.0038882394283604937	0.17844726385275786	-0.1405404431672527	-0.25277172013294796	-0.2570732670125373	-0.243148829088396	-0.12551933770953982	-0.20331267736203132	0.12830918477319847	-0.3506002055890267	0.1709692053693715	0.07175095445394182	-0.5452782485893728	0.314555693562732	-0.1231199276183722	-0.1402098040745744	0.1289034012716193	-0.121963873276205	-0.037606480218761645	-0.13218224338761203	-0.13498765424089781	-0.26604565935777813	-0.18342676919221768	-0.02863217474243257	-0.13430587850471537	0.31220067351141645	-0.12155880705130175	-0.061186564837299465	0.07945436857352055	-0.10565379642522311	0.21852495506519715	-0.5202349758336132	-0.043867618056650855	-0.23708152261824722	-0.20582003159545306	0.21188357986402742	0.18643101552097582	-0.34814340470617405	0.06585192756894544	0.1760785023052566	-0.039062263625399926	0.005858968977260661	-0.028686224896148693	-0.1100693497978001	0.2652978770808416	-0.3057010848382776	-0.5498500848664276	-0.4453396986344767	0.5650847020352741	-1.0305934511980306	0.22301010280883315	-0.10602266651865248	0.5778901655415507	0.5984469037540093	-0.5925024090596117	-0.678366908616843	1.2080279119178479	-0.02172674797293646	-0.5496064260984537	-0.5822362018721616	0.3879324313761722	-0.14585615908627858	-0.4666679609663157	0.04156893946875023	0.35205080738372657	-0.3698778709182433	-0.09590629154564365	0.38981925258857186	0.5879582139432407	-0.6524760555633664	0.8151074068371373	0.05072606513237472	-0.35162167005905887	-0.633387699137688	-0.5822362018721616	0.35332849251411474	0.8697829777065338	-0.04877166915524542	-0.7630525230677565	-0.056371240267094724	0.18211677010014818
5011	discovery	Nonlesional Skin	-0.04279983997532662	0.2363003848900446	0.007434191159911361	0.08576880920930435	0.02756133560232364	0.007630630418743426	0.09686684396741609	-0.08463109151149019	-0.0021736918927128413	0.18271624861606872	0.15789918225419713	0.24986613738022634	0.46194626742860734	0.15537820094280477	-0.0060064346675347555	0.16347669766517323	-0.0692182296934293	0.2922137400178996	0.18983800345887675	-0.3930300790916589	-0.0854650665910942	0.19987253511468622	0.12855701586339485	0.11830914575992904	0.1626903904005242	0.10541750185395872	0.06687680389344573	-0.04031468743490038	0.06470058417398887	0.0052443518971811804	0.3848283238823065	0.6082270678748248	0.5778310192955562	-0.016000542540736375	0.06973131949040927	0.11895505918796273	0.08389400562930148	0.2801186596690664	0.011775887730645624	0.19988530003671687	0.08127880522702804	0.16318196322921755	-0.015044384357545081	-0.014585440195035635	0.06918853413823592	0.36174698849739	-0.11585422704509384	0.11499121887827057	0.047370502272730444	0.08287084835770836	0.5944128013125239	-0.48244918998819114	0.1919826565694959	-0.39363320432760607	0.28943068763970664	0.6819095757415677	0.02417317251478647	-0.23039209021761833	0.6635012211371628	0.17668599538789895	1.354854375315164	0.5422881196302396	0.08099614633034317	0.2786482936203928	0.35398444334189993	0.4479255182015696	0.38453264322620373	-0.9602702369321912	0.45530485727091274	0.9264989772864156	0.3460435267720222	0.5815729957308828	-0.4514117107434702	-0.324828977003209	0.43384984395388393	0.3697831790408612	0.6419692143290762	0.7648594400811854	0.2786482936203928	0.7899144556792245	0.6480609026946045	0.054314729679384666	0.5416041770408281	-1.046376747766311	-0.19933150332892546
5012	discovery	Nonlesional Skin	-0.4076163404728387	-0.20886465407511798	0.18491138026384582	0.1486656873175903	-0.03228037500409158	-0.2714972240847785	0.0030182788931592632	-0.1852258266100741	-0.06978240699347493	0.13791939682920487	0.022101051376914094	-0.19965684861555819	0.030523383303298835	0.2661379295115467	-0.02841498770522219	-0.053042843522751654	-0.3508275013952085	0.08247398836975767	-0.18964530008692412	-0.14427060063071576	0.005185088739149893	-0.1490604130100629	-0.07415327958157435	-0.29729251088095987	-0.19584617739252694	-0.4696058943181508	-0.3731006512588479	-0.046290572288496465	-0.023134391058563884	0.06246651007597453	0.07789683041359421	-0.015834165419960668	-0.22973847301625347	-0.005125504783374337	-0.0963337366632769	-0.567189411128542	-0.16144138410766326	0.4412999814173264	-0.2530932037213001	0.05743773855745777	0.2866873330104638	-0.2444248209043823	0.09322720008121538	-0.0034993253133057487	-0.12573444336026676	0.13830881679649742	0.23507105172197504	-0.048678871313510966	0.03458513238795146	-0.18316313772401532	-0.5882532554005202	-0.4749766337815087	-0.6431688290813259	-0.7176672332668097	-0.6634885466798301	0.06156361862089645	-0.38661546152681336	-0.4215750391183557	0.3310436429121228	-0.8493925065493918	0.8939257477059229	-0.6030328881946492	-1.212485225484482	0.03746179633297722	-1.851513822862267	0.33096400463999953	0.0942104841802584	0.3387876303196928	0.7223408626935948	1.0254513815315422	0.7032697169363922	0.6222057017793847	-0.3924667904256056	-0.4476899897991032	0.5828145843185885	-0.765455795788659	-0.5738445788712372	1.1438362594378848	0.03746179633297722	0.26430891513286026	0.6042881817677517	-1.1029365535844873	-0.656911650055525	-0.45340647107234455	-0.9955464772248561
5013	discovery	Nonlesional Skin	0.09667291035389247	-0.35415243160854876	0.19183310042804785	0.06694819158713697	-0.12553317712920237	-0.23177039131555252	-0.05514978079279728	0.3642849735662075	0.399285443701204	0.02147396350056199	-0.16287540997974442	0.1422861433012949	0.16669641977547747	0.006580268370177536	0.09542720404294984	0.171457595242179	0.3225806355206872	0.0952863942079303	0.13707459680700793	-0.3698767120636545	0.10494228300858369	0.006167286793784536	-0.09277006802466642	-0.20800308445537316	-0.201413381581598	-0.402775866051105	-0.38754223735462423	-0.20513725517384884	-0.13479839277246272	-0.05106653149742197	0.400256149692759	0.35595538115289793	0.18738171361950123	-0.00580295122456548	-0.04955923419228165	0.5054762697475617	0.05557804686392786	0.387206685664691	0.4230625580201279	0.15540408908035455	0.19773714942535384	0.3271751593786044	0.11827393630398034	-0.061010570039078185	-0.1681228767045068	0.18316401557328102	0.030224391037307164	0.020422704940042145	0.006479786218799772	0.1333365979463525	0.21905827460627908	-0.3124308723109668	-0.28719391064705063	-0.6442411267178627	-0.4860678563503751	0.464137188778249	0.29760710111325384	-0.5437634443681858	-0.080591496017885	0.2091887584520254	0.39632525379762357	0.930642195905664	-0.08649718495671593	-0.6314098646352131	-0.14511414085736984	0.13330922999559744	0.73737584670586	-0.2741764789494747	0.7520605205290127	1.5485779688521575	0.3862466496768726	0.2279417432211589	-0.8842337453471638	0.251318100536677	0.5586002211065558	-0.8695179384106122	-0.039528919497096277	1.309712858255536	-0.6314098646352131	-0.29777599263082816	-1.7626397302249273	0.27990422990080827	-0.8678722619714327	-0.21720276752248208	-0.20960374309299468
5014	discovery	Nonlesional Skin	-0.25261191452662835	-0.5469468321786289	0.171708697822811	-0.4662266756547895	-0.03309308468622464	0.20409386392440737	0.12996506779500563	-0.2639621512199492	-0.17944749961415643	-0.17817083872644515	0.09728736141001926	0.1779550742067744	0.8923034428979107	-0.6051121332343146	0.2248921935842534	0.21548412746519954	-0.1081546215455189	1.0565823286586755	0.1656716579178909	0.038564089747209256	0.193617497250511	-0.22859828611689925	-0.21055120456429624	-0.004541385952959908	-0.08580908702019953	-0.4327043453249694	-0.401619498232813	-0.12532666495291983	-0.2839276568535964	0.46818776650763544	0.32848406932503127	0.46740556746331585	0.3029302366370156	-0.39830698727163516	-0.14012577024072442	-0.13233897508653653	0.15764645544982825	0.013996408269282291	-0.10453432214482584	0.3329321489396201	0.49242649692967105	-0.256465875329976	0.18102556182313936	0.03269734905246475	-0.040989089341775635	0.4653991228487781	-0.21416726852639062	0.16632020793853294	0.07189381122073336	-0.06782595219065976	1.311252056321274	0.6114075731880315	0.9569419912194963	-1.5676029582990307	-1.6738029270135713	1.568267018665477	1.102550687391525	-0.725081456426441	-0.776558630628691	1.2742444243596374	1.284571257239605	1.6264302126121455	-1.1155509256669611	-0.7539006863968367	-0.1668056452758203	-0.1277732290409605	-1.9582702803757166	0.8892068991366353	0.3346136099828101	-0.9368895291754955	-1.197391645531845	-0.23794201375474755	-0.2795585436279982	1.112761289471467	2.994666703504575	-0.4052431704441972	0.8684377149983309	-0.6690225496433455	-0.7539006863968367	-1.7240501327646336	-1.249456574739126	-2.108736688320283	-1.522973737554025	0.44549545399787815	-0.7196674048749667
5015	discovery	Nonlesional Skin	-0.0957723361157964	-0.11279996501662452	0.26795749207395725	-0.6387359274136611	-0.22503027595265937	0.07273637512757267	0.10028989190766029	0.18053724121573808	0.01439755002728424	-0.2215691570489191	-0.059192689171750086	-0.05262964208778025	0.4425854514251003	-0.46166166564702504	0.05079208405047736	0.12353012656796164	0.06915222712194159	0.5440123748507174	-0.0020522833201314715	-0.15229478809921934	0.08817027662528391	-0.0994242897184288	0.03837011236070812	0.012003102701774992	0.028343703426608337	-0.3248497192087105	-0.1588949684923559	-0.03223065861993647	-0.022010674972401743	0.29795494157773766	0.24475768858499067	0.23674445009580247	-0.27367246199158957	-0.39239427151501605	0.23530441297441929	-0.06422316089912854	0.04322176187305936	0.3583708924042081	0.13413293620282082	0.1480995778609012	0.44964144083247676	-0.19426564057786944	0.34078183209459073	0.128150711841219	0.16918305495761624	0.16551677323438235	0.07016016114211966	0.034880664703212175	0.10945911888810234	-0.10270774050288403	-0.42675635134441975	0.3575321659209034	-0.1619662784116311	-0.9865451082508233	-0.9680408475047134	-0.18534041023721884	0.2614683335202617	-0.43226087763648535	-1.1586358787906528	-0.8191415572998351	0.20854717706468598	0.6041057108633195	-0.4219751608308068	-0.7840081358187392	-0.3847393451848403	-0.15556993929908858	-0.04387774046177455	0.3187684862682191	0.2590853299969017	-0.5211869589345939	-0.8722189789607233	0.17246277813524608	0.4826155829742432	0.0374141098239614	1.2363908055302932	0.27559254091145496	-1.3661892471895576	-0.7183963907823434	-0.7840081358187392	-1.065477289085735	-0.7637184243993999	0.7780684560391256	-0.7606416166865708	0.0662121630765573	-0.6769238400421613
5016	discovery	Nonlesional Skin	-0.3769373129904172	0.006572144583282537	-0.011549969636845204	0.389224916722695	-0.03936363920724521	-0.2089249373909146	-0.24733314716838453	-0.05776543755107396	-0.23707428832684163	0.036413555881691845	-0.04428401856256308	-0.48540954858315666	-0.7372674588055942	0.3791672216863372	-0.12488363051556836	-0.33719507373657015	-0.42731764107825654	-0.6508605125677281	-0.33462149429110033	0.2854769651590585	-0.21892261086870876	-0.08195150427518758	-0.0699606364882416	-0.09926581668701187	-0.07909598991012733	-0.3840229929599761	-0.18981286719289892	-0.04878079733789397	0.13695689372227857	-0.17933346230815014	-0.4948586534004534	-0.6209011146111992	-0.47951178499004	-0.05780875733115153	-0.10441473989087216	-0.954866965289056	-0.32852381694317134	-0.029824146776947266	-0.35965650792048887	-0.2865073088756491	0.06585170788298968	-0.5141852887027696	-0.25436409730131687	0.04107587638773051	-0.29116614132351676	-0.2516461222625976	0.3988487205035317	-0.3909820109108761	-0.01388456633406245	-0.2275977737918808	-0.62107045168047	0.17076884817487512	-0.7153214948327099	-0.38408458081609015	-0.3787062486338126	-0.8089199198064977	0.2817426391158007	-0.3746471016297148	0.15783751086465778	-0.9132582554192136	-0.44136993501205124	-1.8116304641367356	-0.2900870989036971	0.04212917642677701	-0.7622173104999601	-0.24939762375127103	0.259323787442775	0.052330827964765625	-0.3510137763785606	2.4617975366949194	1.0021274732157257	-0.9330435156550576	-0.35994182243877865	-0.6961105244296422	-2.414906680699078	-0.7809691874653053	-1.8755467361287073	2.389551290527824	0.04212917642677701	-0.8165156566857278	-0.4716964384901649	-0.008402788177601345	0.7214364891432515	-0.22052007316112426	-0.016345831893938373
5017	discovery	Nonlesional Skin	0.45822942545849366	-0.16143091837070944	-0.0004263666933658629	-0.20216564652511057	-0.18251540907968034	-0.30716273186100196	-0.03275218619483408	0.5070239415562658	0.5721086252877571	-0.13578763226834104	-0.1471208364283527	0.1088259547860909	-0.20808515070450156	-0.25327798957024344	-0.05779019082443781	-0.013709332523081057	0.5639083247318515	-0.27293926901258975	-0.0255313633920231	-0.2407006872060087	0.18056952759821374	0.033199295720158666	-0.0947856721067755	-0.09136345753259494	0.028295314579359573	-0.26136635643015416	-0.21894297147191324	-0.15611093268834636	-0.13330394867211223	-0.31686594054043293	0.2991251725275613	0.09848404282016897	0.022672473270266932	-0.047174067396551694	0.0420896944492172	0.8916935265502721	0.1659623200679543	0.09450956333783937	0.5489665408989842	0.0197974990362843	-0.05894019188919115	0.6283376346455563	-0.0018256244128841755	-0.06131070601512163	-0.04371198337947611	-0.11457736304137625	-0.17415286613116185	0.05859183757652197	-0.09690953565617352	0.367555019060811	0.3697166015979398	-0.8554019662251462	-0.40844194385710364	-0.43812119745156564	-0.6015486805249445	-0.6594489796855562	-0.2906284536873516	-0.40954494896244836	0.19275599624971407	-0.6724749526671808	-0.8381033638861674	0.3483342966400756	-0.4687366051707047	0.5314262905461032	-0.3472039971567053	0.4818992017944045	2.698373439086364	-0.6298165704218334	-0.12238233327320389	0.3871489470806172	0.11053715377629879	-0.7148095430039727	-0.38781420489837054	-0.41183007843910674	-0.9705712541476715	-0.06396426128924736	-0.3731792181925633	0.27052277168784067	0.5314262905461032	0.5165086127759744	0.2838696592958094	-0.4322254927324055	-0.7056065042922648	-1.0537491270479658	-0.273892973116636
5018	discovery	Nonlesional Skin	-0.35511043667413095	-0.3603977093062227	0.23326571180663644	-0.22516198377411376	-0.011184783381130907	0.05416018036302245	-0.04630676218452041	-0.19426516065383742	-0.09870897194532484	-0.1949471136743316	-0.14867857914475158	-0.02044444326049992	-0.15683869323407898	-0.04949278120642868	0.06822782439910344	-0.06166226624301685	-0.5380933036800584	-0.07977572639850279	-0.18275831144923238	-0.0970542674103519	0.06319690125264424	-0.08273203674657373	-0.08444167122002073	-0.19800071506866115	-0.29733085381924756	-0.5731099361542732	-0.378019092054134	-0.0739332170109014	-0.08807654174460107	0.14680814929637867	-0.1229099264239005	-0.08950729373594134	-0.14748525333543544	-0.1445588112853924	-0.07241510433583777	-0.42536643901329546	-0.00760449439374815	0.3179484195823827	-0.2644099473605374	0.08914540818763406	0.2896586003080379	-0.1557864554627098	0.026201815154732067	0.2648393372318299	0.0077690983652539064	0.005585283127135269	0.23101758968529612	-0.16886726390134346	0.37683453054879823	-0.18811742767535455	-0.4286307474415465	-0.8548880898273663	1.0305157228693083	-1.2205780197131957	-0.9100843505725269	-0.16580262981856567	0.04484304493918144	0.08341251257076125	-0.3462288336689067	-0.3923593139335393	0.12001310110969426	-0.26181464436672075	-0.7483758776840908	-1.1541658044364662	-0.38079594347421064	0.17916718138893878	0.41269461741018015	1.0737973001798706	-0.41330505736839357	0.7403598954854134	-0.42056283163735364	-0.4550672098269597	-0.06511913782456658	0.32676880048512735	-0.2799884255356178	-0.22168152454122542	0.22987238162979562	0.68003300207261	-1.1541658044364662	-1.7581086434956001	-1.3232794838439845	-0.2931239975179756	-0.4205784809281522	-0.1291479702343104	-0.9668641562188753
5019	discovery	Nonlesional Skin	0.37210845293887346	-0.11225197964812397	0.32433312167924744	0.6899622583111139	0.5009636141137123	0.16344179109732543	0.07323347137983523	-0.0014175099700745432	0.036840800397859	0.45403025590588203	0.19218037717342848	-0.3644360863161945	-0.5057381137651835	0.8241210539207589	0.21905667913224633	-0.03763192961474633	-0.020169186813081337	-0.28421454974327476	0.02987215688333132	0.6825217399581943	0.12650481550521217	0.364440688962563	0.16105008327396528	0.3514606952764757	0.06301538150860934	-0.048160956403691994	-0.030493529663912704	0.09082344819459613	0.21433487412919522	0.13624957306335977	-0.19856473554111584	-0.6827167264002444	-0.46153935330889256	0.5341213785341832	0.07060615846386008	-0.3634465611929096	-0.07627810724430129	0.19433713534565916	-0.003070161092957415	0.07544667599039899	0.1063258779448404	0.08982230560838823	-0.336741617587012	0.6211048111274936	0.08213499186346558	-0.22903986980321775	0.47855490889264046	0.13828988086136815	0.1427210660444131	0.18723794600820495	-0.7452794081272043	0.2591754297130327	0.9288755461707706	-0.17508753739814903	0.5182654445990859	-0.5151237109173711	0.34607417074966984	-0.6358169027360089	0.9180652122156624	-0.84990327058917	-0.20396196559712207	-0.8750605644240584	0.7190712779235909	1.1641484944082743	1.057861904417293	0.4253036295137679	0.7218663969879455	1.7714554241984914	-0.28147306020373086	1.9965851261502408	2.2318097510384933	-0.41510067113254384	1.5176002626660416	-0.003592060767990235	-0.9425868615562367	-0.018581904373152353	-0.2353747550261974	1.7867307248989952	1.1641484944082743	-0.5554505618187275	-1.2462234468739497	-1.7339161145705653	0.2420353621368711	-0.9634482207436471	-1.8876129435438682
5020	discovery	Nonlesional Skin	0.053058091080033176	-0.04724883031359665	-0.04282524709439073	0.08307481029869342	0.08657859889564874	0.09861829141061249	-0.014334373387966913	-0.2146732333826628	-0.2794087096444901	0.33085729961459254	0.12223825463913243	-0.4383696872470227	-0.49006048658089135	0.32344156820445347	-0.03256080958187862	-0.17880910824432295	-0.17168273450965427	-0.34714687539896255	-0.29094928742329085	0.18084186305741545	0.05129718302439769	-0.050044911223212724	0.1038317464290822	0.1521192568318625	0.1292663631833708	-0.28573645634196104	-0.17601205921805524	0.0027684125788779504	0.20500168283694514	-0.0005140347411017711	-0.31988973365568374	-0.5160324354091859	-0.2491714295712028	0.1557524316886269	-0.27497476781194696	-0.5102783349578761	-0.2493502631254878	0.06509558609093921	-0.2362346309910342	-0.09272517119843601	0.15468967481074045	-0.06539837512660379	-0.14497617592935283	0.08485256910100777	-0.00033120861121433657	-0.15411497920412928	0.42307685787958577	-0.2038668979580882	-0.17872268878063285	-0.09282823344809617	-1.0174327793231048	-0.6347324611798607	0.04447420216860127	0.025515839431474258	-0.3463464120155167	-0.5900203003551658	0.07404590754740557	-0.6265463885288587	0.6465123401209327	-0.9028814853276712	-0.23473054669718688	-1.005408189694752	0.4291046838277721	1.2239529190027778	-0.15740665794895994	0.5805248043143455	-0.20686606585518735	0.774092646928357	-0.3614016293693985	-0.01859785709666334	0.29292186282382293	-0.6758206156052149	-0.18771300872713687	-1.2268708339282246	-0.9958584799549548	0.6498007484665562	-1.1866752433440426	0.31362734153232685	1.2239529190027778	-0.19318093897145466	-0.2217988895559288	-0.4346136631573665	0.4764994630533327	0.04725355187797667	0.46599190892401976
5021	discovery	Nonlesional Skin	0.050678427155822534	0.4693543139584814	-0.11478246974900908	0.21620954993432587	0.13243926247479532	-0.26977707131362316	0.22194958555434982	-0.09660966165208267	0.13317120855977463	0.350125497801689	0.43780185603585314	0.15937953064673344	0.38101057665491234	0.25834987836116013	0.07017025640822729	0.08422422515433264	0.05106865413665337	0.36049063987383695	-0.10976626484485197	0.052343085265400005	-0.03959688566854739	-0.0033574183265295027	0.2488041035364645	0.6973473839989246	0.553836239665925	1.1707670255824847	0.8797514477937844	-0.16023445206821446	0.16732192348628144	0.09842650016732477	0.3503434663445799	0.21708243808086522	0.5319271034525286	0.2020437841858777	-0.23513207530953195	-0.1329047667045889	0.1267899288175824	-0.1513847977214446	-0.09078524658961816	0.23318643730450475	-0.26654478978525475	0.17278539821878702	-0.16117039237798905	-0.004283543227961425	0.37921856950101035	0.2970736634473591	-0.21134859100359318	0.21208478121294858	0.013683794182686206	0.19254641035532652	0.2376221717353964	1.4757947530784865	0.7750534638680809	2.2745869859819186	1.4372568757016388	0.8088782841120453	0.9128869518753475	0.6703488295735248	0.211731535133036	0.41512244835492773	-0.7518074460804343	0.2653124260010265	0.2935269819051636	0.7901406533724936	-0.2818749309424824	1.0025381126189439	-0.7311930325868342	-1.2867912789939628	-0.48620429870682524	0.8064609707940507	0.6682439100118611	0.20215342676877932	-0.927998401942315	0.35108198962227277	0.4463206419895914	-0.2780913955969355	-0.7948578892310918	0.8236291571670029	0.7901406533724936	1.8273694424525395	0.9318417319414479	0.4582288993118274	1.3257860337985352	0.43933057597826436	1.0310034639218608
5022	discovery	Nonlesional Skin	-0.4777133032605633	-0.10617905162635295	-0.27217936240468815	-0.22530795890427774	-0.14870261168442073	-0.4002817631845278	-0.24632220877642136	-0.2348919561002007	-0.35749510201136975	-0.052239609694198844	-0.061382286754370775	-0.2542993041584854	0.27175047838903316	-0.08490599921380473	-0.3706601496477989	-0.3266724272477041	-0.4680780029990157	0.27992794033152874	-0.35925673640478767	-0.06980395665308813	-0.029813549836375915	-0.34466948367843636	-0.22202890121762095	-0.19786840892192373	-0.05349570454074512	-0.32207941287669895	-0.1799882020409413	-0.1045142320955937	-0.02396545379064302	0.13226389214239287	-0.2160268289005557	-0.15126638730152572	-0.09549046293369927	-0.18956261365246405	-0.2892301612046469	-0.7885815875929134	-0.28548588050790163	0.18567363197680586	-0.33353050816491325	-0.14310364329907033	0.16039028717055376	-0.44927703201229074	0.13964861414894092	-0.11693089838047589	-0.26174913205107636	-0.074128787049941	0.06775699754165086	-0.3546914431800537	-0.12716248893652077	-0.3350551902961508	-0.6558974371697919	0.02831741792759875	-0.28595835678901543	-0.46890004203521113	-0.0631848612766281	0.39632132425460215	-0.6884234739187827	0.270143898873071	0.0623104665047347	-0.27642844332826383	0.5816942069419205	-1.2183932619183566	-0.7103637731863054	0.3387617933036431	-0.9364846631050487	0.24417747103177528	-0.5582933565713407	-0.7612610304026133	-0.43662930357017504	-0.4191751580530526	-0.1877765231092565	-0.23207839644149242	-0.02729632419051592	-0.6494981669239411	0.37929638066651117	-1.4677409626420248	-0.3013107404170802	-0.0627648532108947	0.3387617933036431	0.2970111839919195	0.45479603285085934	-1.021778454996831	-0.2699196100242897	-0.3183931344987996	-0.9851424867133888
5023	discovery	Nonlesional Skin	-0.25546423005006264	0.24360509637280703	-0.1906390147642184	0.2058109003135948	0.1564076829004162	0.2163773972350576	0.14557177314002734	-0.06937675978692026	-0.27856376845216657	0.15098203200094484	0.14535118890289703	-0.3250141132346067	-0.33312037957185126	0.34071924662958925	0.020704330922416646	0.052492367333885834	-0.2949177118003442	-0.19544025612512744	-0.1021170517176728	0.25029790599882734	-0.018251609765403142	0.06254735261099512	0.1454045340537573	0.36810264261476083	0.29397308813002004	0.5873144943413572	0.36723024542617094	0.23460627926315836	0.20797089180250047	0.051339886060972145	-0.37454100324658735	-0.852090736247483	-0.88640411185005	0.21660418281134464	0.04908608549323277	-0.7261456573877336	0.016139386764580668	-0.36997176739949117	-0.27941943261311547	-0.11206511800232508	-0.24459195191545025	-0.25372821336055823	0.0169527218598326	-0.06239067844919634	0.05268346749554262	-0.5093987379389515	-0.06711879969601633	-0.06322433645311061	0.1403662005259132	-0.14236943747507017	0.041123637105394205	-0.32160839272578046	-0.3938985271030644	1.124525117836488	1.2172286058860349	-0.20178843477190478	0.6938059698089689	-0.7540925048252092	0.5039265092475447	-0.1183299835670012	-0.04256048823871983	-0.031230175242143384	0.45552394947848124	0.23735986807896348	0.2207972432709056	0.6217910651870997	0.08584155929827475	0.33416829978132523	-0.5096367322655746	1.680524048926425	0.8803290188886825	0.14823961598531385	0.8690035918200048	0.23895152411041187	-0.0056008652310156545	0.0891921653532563	0.15905081890318237	1.2196347670903522	0.23735986807896348	0.9533683653241625	0.7088836967248868	1.3207702379043649	0.40990905886160983	0.5680880250357232	0.5255017208434879
5024	discovery	Nonlesional Skin	1.054097347982302	-0.1534157619465629	0.620663043634544	-0.1547321863548061	-0.1257034910969341	-0.10653034003079284	0.13176214857991306	1.0171613940553497	1.1148803097954143	0.030310442548826626	0.046933355587903174	0.00433237714943353	0.16233273650908855	0.03451360776998806	0.1557892623107323	0.21968936056827656	1.11784835645516	0.04617152811912004	0.5917972460604493	-0.30425255907507653	0.2502310984643752	0.026580373793992324	0.00887444554243093	-0.16340138000063897	-0.0175679644154252	-0.5119071901280622	-0.4249122136798326	-0.050137873850287576	0.026507010082913934	-0.10182525836490842	0.896938647929987	0.4598766717996736	0.09098149885515633	-0.11409804628865787	0.00913928977091696	1.3191536257703567	-0.0791471243502774	0.5361040284502139	1.0407955108239368	-0.013642649605801277	0.5221868383209176	0.25183643658671373	0.33382504979973127	0.032408864276183835	-0.11200631856266714	0.1452411170462666	0.0128288087355312	0.35271629567180257	-0.3464449071254394	0.6842881665371444	0.4039953505430083	-0.3857599264247357	-1.2721740261069547	-0.7779134672634317	-0.10506043439606394	-0.13061945314365028	-0.2952891068249605	-0.8417780115537191	-0.9316172407625501	0.12741810310636165	-0.43824992012786074	1.2493850519497955	-0.24399939426894965	-0.44017895598426093	0.11327438683513727	0.7714761683964089	2.554965741593795	0.3592383348960237	2.528406712886973	0.5522230448565528	-0.2568307974025188	0.47670428033085765	-0.3990278949843	-0.010995699130630338	0.8999351441196344	-0.04864494727995056	-0.526344131553166	0.4297434494376968	-0.44017895598426093	-0.3201203286521743	-0.8747102356376262	-0.08622384502905472	-0.4340050419917191	-0.5848232216100387	-0.44467103368602046
5025	discovery	Nonlesional Skin	-0.22370822368659835	0.5942911303941208	-0.17622753082094064	0.03989147670904582	-0.13632710153031483	0.11416152831302344	-0.037687499928863596	0.03831764701396735	-0.3891192901029824	-0.08245511215217668	0.14748699638803434	-0.38295668672239713	-0.026752406367928055	-0.08739964291767124	-0.12452848852824377	-0.10220217608194004	-0.25810058021308446	0.02733082423027843	-0.05623674782185785	0.0068975538906630015	-0.05561623215228482	-0.15534945293510063	0.16921963894864828	0.3396743421857018	0.45339241291971377	0.3190196270262146	0.3272872325437103	-0.007151607985656166	0.24484087066636684	0.06956178973038722	-0.1920144928541372	-0.6813521502918509	-0.6957226207387841	-0.1997393191324156	-0.11776858022775008	-0.57153091059584	-0.2153392564565218	-0.2838473453835288	-0.21135467317483705	0.0037684882778948516	0.041288124881691826	-0.4259564955474685	-0.028003220627153384	-0.39255381331207795	-0.009678967987829827	-0.3969901669061074	-0.0960306655626104	-0.3054784513361614	-0.1088536200004485	-0.173489472823771	-0.11243438565312358	0.5625092322629385	-0.8248732691109465	0.6919647824055188	0.23927554404775817	0.3905325151750894	0.34296132961472053	0.10339698228614047	-0.47310022226281867	0.38021290233630956	-0.044673909283052114	-0.2284350301012782	0.5859821403398757	-0.2859625888592577	0.14408123478285284	-0.01749923196611758	0.005001822876150128	-0.6120181091753016	-0.8689710750912387	1.0849266499398524	0.3134082375607933	-0.7006587986845686	-1.2078378179084504	-0.4845784258792748	0.6294865606266613	-1.1359054740202121	-0.9149579011215636	0.7980038246166593	-0.2859625888592577	1.8178519342211197	2.2097435106265158	1.3631354895117207	1.3225734288324815	1.8973191792925959	3.555036307016949
60001	discovery	Nonlesional Skin	0.5405032970612883	-0.045310328057283245	-0.2185678747023344	0.4339882487648166	0.26691667222694154	0.05221009115174765	0.10505739815429069	0.22219776317192735	0.04205117153802407	0.47931127336116747	0.24199639159006497	0.16594324140735273	-0.6013385348633212	0.4632509230545382	0.1442113614990352	0.048814105790891016	0.30906577632890464	-0.6135152684117454	0.06152066781617038	0.3860507185306991	0.1959354616709468	0.18372278660980665	0.09684983220360566	0.01573766088722836	0.01956812232875027	0.4945015713120624	0.15953375926074895	0.06340003066535542	0.18318155947463965	-0.12026964133490206	-0.13110235747133323	-0.23829001033554828	-0.20761280887623337	0.47411579301241813	0.23220124649394608	0.3516283999447304	0.10996256175489191	0.5873926732479509	0.2674277188468339	-0.1269844087366324	-0.298747634728887	0.44532057315261947	-0.21397555833623103	0.058076509004132526	-0.10460569149246941	-0.23026204354426658	0.15228596110403175	0.19248121692050196	0.14113350956260215	0.32498434852359903	-0.1692362504638782	0.10709199048652586	-0.666167833140128	1.2021204125317357	-0.4315500796027894	-0.14492742128952235	-0.5802094399036518	-0.1269866727194833	-0.058041709657817485	-0.05561721541886856	-0.4823239411034259	-0.0873666908982303	0.35218099514838147	0.8910068737941814	-0.6752760311032129	0.2658927545122266	0.5226802003209374	0.8536082525147731	-0.04232892104851549	0.6876845876875497	0.6402736418194215	0.3625160456184141	0.7922156015862282	0.38942271534162487	-1.6321108176463612	-0.20978494982393386	0.6004742829475878	0.647108463284811	0.8910068737941814	-0.30522218611579	0.6041555985029247	-0.2977415683731804	0.7074920604121124	-0.2029884991128078	1.0805507544428123
60005	discovery	Nonlesional Skin	-0.23612326648437604	-0.13378725050604354	0.03853006451896154	-0.5220294262294063	0.03415834906629096	-0.03957191058913158	0.03970743007455136	-0.3663715092480375	0.023279735712937327	-0.4780532902170768	-0.11943625762413354	0.5221219837489423	0.023300627888607893	-0.5406803967106556	0.030292541156551864	0.1673197791329809	-0.2801699362779652	0.022274396743953324	0.011426566468960522	-0.6197620616811685	0.15060357934798632	0.11641813331594182	-0.0352842576551777	-0.03139332354193578	-0.021912321899639122	-0.30381829949413597	-0.13166633846926598	-0.029327538432720315	-0.3529328535833878	-0.04254954085693032	0.2912453818193878	0.7462488549069438	0.6606453065250505	-0.31022147084569196	0.44660701036071754	0.4912984120088775	0.4440891556486522	0.41484352733581187	0.024231874785807662	0.5525506529798202	-0.01675502331857689	0.4540292484206544	-0.24408629024043235	0.3051266507757592	0.36305007702581005	0.3978547671212933	-0.27789846566452203	0.0774998261868595	0.5490112702820157	-0.2404974296429577	1.3240537314807472	-0.0936485730509385	1.8642800215455557	-0.6218689337234761	-0.0028638563694048567	1.1926194290864258	0.9453404208647763	-0.4249154938395802	-0.5190913176804758	0.3756728684420095	1.335106884630365	-0.49621460057769634	-1.1996820448754226	-1.7023561089702244	0.18803846322717827	-0.22629721026280153	0.3232030327279719	-0.8198634736582286	0.37007562574674524	-0.23973537260394037	-1.5993987964793719	-0.08158331826047255	0.050326505418469614	1.3147007067945642	-0.740163214705179	0.3348917996891275	2.188496645366722	-0.31664011486192917	-1.7023561089702244	-0.08083050795026389	0.1011099748324984	-0.4733053120562515	-1.3098424597318794	0.44628741066333055	-0.426587875549716
6001	discovery	Nonlesional Skin	0.03789302681521321	0.5613945305732447	-0.1202234403758593	0.8984913862056344	0.53409519747489	0.33622525139744797	0.28523773627472926	0.09108955098484216	-0.08034232415970521	0.8369097619104413	0.5032689607532008	0.03626450297420356	0.439019698915469	1.1005552295823007	-0.13664152255307657	0.012216963769312496	0.05849113174246558	0.30921813604027487	0.29673330451333996	0.6019595795758335	-0.09703081739281225	0.1803804819720361	0.3139423572244206	0.6045218754662723	0.3798731861878345	0.665324567484471	0.5695832455729198	-0.14956016476801545	0.4807040543741374	0.21686931724168274	0.11618805470359049	0.15947622130319217	0.05589631263216487	0.4486760807031222	0.021528360647847123	-0.1126613758597312	-0.06658246766105812	0.08929137480157666	0.04500656596887708	-0.05681602941268747	-0.0061389826418689385	0.14196374586693433	-0.009609714425361023	0.11281230409791122	0.07126754080121436	0.09742037423718532	0.4198112773114838	0.15234594933516332	-0.2300506083196409	0.15501088047188996	0.29194213208627956	-0.6625001414250528	-0.12794433135544045	0.7645661080593016	0.48914918521305367	-0.21100752723110228	-0.11946712079167766	0.7926856885411429	1.7732017969657186	0.8801356931633751	0.14664574580100145	0.41965620078738547	0.7988291546739799	1.9159049593224733	-0.01657933554340779	0.16921629904832247	-0.1307977112195901	0.20377222282370608	-0.27908352704891737	1.6982565907030978	2.137683123499193	0.3789547606212103	0.531852239036769	0.15892079242428891	1.7408923397763016	-0.6046636178185691	-0.07296189066035673	1.5758059570973602	1.9159049593224733	0.9800007362910428	0.6603853044687515	0.18484510073736876	1.6753238038323488	-0.29840498703271956	0.4870285950115908
6002	discovery	Nonlesional Skin	-0.16831957163171243	-0.15835739964308265	0.07097057529979865	-0.03519823402136687	0.08290760108610927	-0.008963850277666718	0.10288790973816185	-0.019646193451526666	0.09110960957354369	0.08406443135519086	-0.10167828890105475	0.15189865282694723	-0.0048249360005898035	0.10084233831531991	0.13939803417373087	0.13368473027828484	-0.10866352967612823	-0.05149710429563522	0.04140959628083059	0.008495470431144358	-0.0634952916356056	0.021928288511069392	-0.027454041069591612	-0.13044661744478867	-0.18442096201796718	-0.09191684979361957	-0.05405756257157105	0.22575411652689742	-0.041593091191197126	-0.09703451197207869	0.013433802686541523	0.16167607628687658	0.21777031554658602	0.14841497418835176	0.2500637166331354	0.12922273987170718	0.062220122438008514	-0.04195468427696224	0.08591154474882677	-0.1165467062733648	-0.13858344985353158	0.17168192898170845	0.003226648395717209	0.13843054180578293	0.03288336705834981	-0.05263429985445599	0.035699168938555945	-0.012675145191101102	0.42799362915820555	-0.03291391315097045	0.015005636117254154	-0.2506636155829581	-0.010413826275120977	-0.33474496121131636	-0.08989429947322174	0.0364407999326077	-0.32565902668356167	-0.7473356216543424	-0.051477913915515226	-0.40942567020421783	-0.014283514429088207	0.2190406631502246	0.08786260385475717	-0.03890011822531424	0.04617190065978388	-0.6922079976879497	0.2572108596779859	-0.05418341738088017	0.33574834142728666	0.04647604576620373	0.2616330638590991	0.3245221988195127	0.003615476642978066	0.09577381296412679	-0.072935191378166	0.17344823624683167	0.5204184041145684	0.21547956763501364	-0.03890011822531424	-0.3338525847541728	-0.12226393072963655	0.5368219927986065	-0.43402519875583456	0.08306053725415077	-0.6439168096908966
6003	discovery	Nonlesional Skin	0.0355814749348076	-0.09663849380059429	0.2042089272356887	0.2872518061459951	0.13733294615208647	0.10356770362166104	0.027677500428402963	-0.18794198065571785	-0.00027406165471769426	0.20772370142943244	0.08041757599222117	0.10610891726494051	0.33140097594420603	0.32209981315591213	-0.09462852398869719	-0.033479464152006144	0.07065417189167847	0.29697990930972645	0.11574685710607749	-0.12323851728507007	-0.011840488017555105	0.09696336628238081	-0.11640979188416085	0.0013178177058467237	-0.04259711550545386	0.6577085135423084	0.29821569369911954	-0.17244671659953145	0.07310280838849341	-0.07344463183684645	0.27535202679356324	0.5969052986015572	0.22784031785280875	-0.05448676828225647	-0.1298634396507038	0.2838385981414651	-0.12289173686421948	0.776877135929103	-0.1170637634597604	0.035304805005135206	0.46881914359181176	0.17768923290639946	0.12461098967787304	0.04770109898632911	-0.22117042176650484	0.37876162602841024	0.15205647821802742	-0.038857976460501105	-0.14085984981394029	-0.07421695246428132	-0.46471041179302774	0.49015391410980436	0.24246028179787138	1.607886364328332	1.0440721009276384	-0.7342464457990436	0.6258846083282432	0.4842124288743573	-0.11081662291265476	-0.7073665208856112	0.28219298988773217	-0.07494356344990577	0.42918765301887934	0.9950239137508459	1.010577436108815	-0.44769670193353855	-0.1846785851956606	-1.0316587036304345	-1.3314712767378547	1.2395505379569602	1.0181859156257436	-0.5741468300755559	-0.42059763930823385	0.3821508442329743	0.38491456580952943	-0.2620128359621359	-0.5310241844387147	1.5072359393995587	0.9950239137508459	-1.2001024918516365	-0.06322171277524298	-0.8690854357290622	-0.5262994753753341	-0.23841089722227943	-0.3703288385863577
6004	discovery	Nonlesional Skin	0.45267231298893007	-0.25179555031920825	0.15419372135186665	0.00662832281604942	0.13444196791737412	0.3496252861625944	-0.00036285121057842424	0.2663058326667781	0.05004353334722544	0.10998311067397301	-0.10595538409275082	-0.06348543687453094	-0.48191984330880927	0.17102144432385694	0.23864205767489577	0.12838922194262814	0.3771494603828084	-0.43624374505717134	0.2552756312044485	0.2751422680128544	-0.09957402709164836	0.04656621455056942	-0.05047262547231161	-0.2517241119997987	-0.2043007368968691	0.007315112546195277	-0.17438166519515044	0.2673884390570342	-0.08515009308676642	-0.24616932510561	0.04482605884063228	-0.10021649207342362	0.16022792998943197	0.3285029980511028	0.26129716689160304	0.2617469280300789	-0.12604258794765763	0.15911989701182822	0.2606639917096968	-0.0862796872116181	-0.13429908123124293	0.16075114537850146	0.007092930996012093	-0.24995299645887892	-0.2905430204452066	-0.011566331060912307	-0.018461028819303782	0.18229788108761458	-0.03631685442726568	0.28254081969629496	-0.08872963709364462	-0.11328815422020755	-0.7824778090979554	0.29865655205514124	-1.0832343255875017	-0.5418848751915543	0.029820520636438086	0.6804927390074532	-0.12780414933483145	-0.354878934730294	-0.4351183578078593	-0.14243042922366592	0.6121501190150316	0.8278094426035496	0.46733576159462065	-0.35966358652190256	1.060637969186968	0.2848177187649872	0.29328842435610464	0.3252643210380163	0.47400283938735965	0.5234180078222238	-0.1957362182284973	-0.9512626690629123	-0.8132455119104611	-0.4210229807320133	-0.13501013814316704	0.07484989174730598	0.8278094426035496	-0.2295552438879632	-0.06310497229893336	-0.8846996904598874	-0.0045863978873631195	0.17022406943176094	-0.2659100610754693
6005	discovery	Nonlesional Skin	0.19130826937843282	-0.10148119838294596	-0.30817076802590904	-0.04498830225719844	0.032376853346457464	-0.010244050528737978	-0.12383637126201988	-0.07209612219033977	-0.26623279461736393	0.01841820381271098	-0.31874694762032185	-0.05751823005197479	-0.17937326190312622	0.13350367792663198	-0.05994291648240694	-0.1359683399582021	0.0561436969378006	-0.2300961728714685	0.04395459794679303	0.2661284797915088	-0.1866933571929027	-0.004596410215923164	0.04815816752317462	-0.12877572722710193	-0.1860093105685861	-0.05532585048969076	-0.047364493020490096	0.00045930948619599544	-0.17110745504570687	-0.09523689842359404	-0.38925850378918975	-0.33948657365579465	0.15901924637555076	0.25615641459209926	0.2117173461694613	-0.004517676808950552	-0.13557681869644833	-0.12049340680384107	-0.06969327884173326	-0.1833760937194023	-0.2984607323050396	-0.03450080525074507	-0.19237032065768978	-0.3413454519218074	-0.26694816291828816	-0.1739771252619852	-0.07701127508727516	-0.01922398759903789	0.0009834829065465016	-0.029448945609776345	-0.6156151764720065	0.12705350470097357	-0.9602148980599386	0.07896258985826779	-0.5630934062784148	-1.329764259929682	-0.9214175293079098	-0.4080017281668578	0.5800282561890607	-0.7908831887943407	-1.352827475148498	-0.580693769636255	0.767526161633031	0.39585366414481793	-0.10248168569388585	-0.555022856147898	-0.17837018722186726	0.47752855209484946	-0.22594904697121715	-0.6953517220520005	0.18691711354095247	0.9433817966912905	0.4828287770159131	0.27923049042615544	-0.13281788558824392	-0.7246299128801523	0.2293728950721419	-0.7417905981152904	0.39585366414481793	-0.3529437802275734	-0.07566073776677332	0.05412570138174612	-0.37513306361499255	-0.8681494304936503	0.587036863744589
6006	discovery	Nonlesional Skin	0.7041673243013158	0.23871099237769228	-0.09363260020496073	0.6269455041922475	0.31011729685092376	-0.03266836761063345	0.13789574964251478	0.20537491335555316	-0.2434545702921081	0.6865708318742589	0.4473041507989184	0.057291650120240234	-0.2521429739358024	0.7465001235648959	-0.23143440341793475	-0.16173903311508042	0.41749711644781207	-0.3498908697430027	0.02819654610130343	0.31055013431619616	0.17096258200730047	0.3024716729345662	0.2233914593654092	0.28306496936218495	0.09347171559418739	0.33590673819955047	0.3467089572232423	-0.05102127813459318	0.3470542505665568	-0.013276442265717465	-0.1635008337049472	-0.4077718769067103	-0.6356576246787277	0.6173940678919042	-0.26742221159135454	0.20911545847759774	-0.12302320560531119	0.13408303881858066	0.09070230733973143	0.019173578977657656	-0.05602059991915089	0.44762895259983615	-0.10695055050043378	0.13089936040505964	-0.09147205350406744	-0.22672121200016426	0.24453826724598846	0.054113846931769814	-0.3018258805995155	0.34125941805343185	-0.4027614280757573	0.048585438149528704	-0.9813436206572316	0.7093265091696812	1.0145392792645689	-0.5693998516895542	-0.23441126294010373	0.8220084545601788	1.6555233674438157	-0.13429262369057457	-0.708299244120148	-0.9161221097984106	1.695431397588242	1.5008365660220924	0.15344804750234564	0.8945696008123265	-0.10673837071007251	1.0263049974369396	-0.22815640139376603	0.041609437491128304	0.761681471893214	-0.9218913526541829	-0.14165693941209603	-0.2980369944846857	-0.02126242407515122	0.1015916235345598	-1.1710113284092198	0.5508697914011278	1.5008365660220924	-0.5139115217409901	0.6496657584616466	0.41103231175125327	1.3889883659099955	-0.6043239274400707	1.5786493432202615
6007	discovery	Nonlesional Skin	-0.20094744799861564	-0.1981772133932559	-0.0566016139966448	-0.16899601855262994	-0.055175794224067674	-0.09951314335081315	-0.06746435171546036	0.019781386505872692	-0.03395965347641549	-0.21510484812788178	-0.24396907571314372	0.09325598341601511	-0.057358080913220366	-0.16823983778885526	0.07465952959938361	-0.003846494212298579	-0.09923039503177403	0.0272325580097426	-0.1991946179205939	-0.0805840300049537	-0.0029069043501621047	-0.1707597945354401	-0.15096115355161116	-0.2688497226184833	-0.19931286858781014	-0.19001596125225084	-0.11968144526172027	0.09861310941464678	-0.171324988817805	0.10081254070517105	-0.2783723776976061	-0.09937455568066308	-0.15515358349254443	-0.11514872206983244	-0.005043231303916061	-0.157268481594161	-0.03405982691127718	-0.05497062650724968	-0.005803209455066864	-0.041849046223519225	0.059188697475683144	-0.07137017584788123	-0.0038688083708511454	-0.028552153722731947	-0.1086831134346584	-0.057925136734967526	-0.00788717336090549	-0.21703302418906456	0.153243326784161	-0.09680270482415762	-0.051700823873752966	-0.07281751307243596	0.7943929746425912	-0.5649695004864355	-0.2782167711661864	-0.6236058122081899	0.24498361730785964	1.057175929588371	0.22435829801017593	-0.7197319244674754	-0.1677784103723802	-0.7091609258813691	-0.7837579455093019	-0.8080603376663954	-0.19691299381862915	-1.165053879038489	-0.20870870431858896	-0.4357098605707557	-0.7404803221091988	0.3355998612656101	-0.07303113919402027	-0.7167980541709794	0.273108198798123	0.22571947501463002	-0.4675329554208578	-0.7977533826109927	0.5118729400829994	0.281697810293122	-0.8080603376663954	0.33121431047813776	0.16914009920419598	-0.1313655352844761	-1.0265389552835813	-0.9165414272495884	-1.8885582220421022
6008	discovery	Nonlesional Skin	-0.3764489381091956	-0.33852954022291687	-0.3137571467363826	-0.46504936946092434	-0.1669651756630877	-0.33778308898244563	-0.22984270029503223	-0.2552283966404855	-0.3929002690480792	-0.2296248586652625	-0.3499182392425793	0.194902748080318	0.2314700831021948	-0.2627337127907468	-0.08384442748815635	-0.05465836034087351	-0.22545471680449078	0.15383990666972297	0.011481145305042262	0.03888627912967868	-0.08971681486495621	-0.038983750607720975	-0.4004140353385847	-0.42874837344308303	-0.422103939365063	-0.2751384939590974	-0.3678868271740385	0.07631298872543145	-0.28385250037848947	-0.03879483154158354	-0.10691011385090096	0.32294479235269136	0.48723629507385885	-0.04225933238838306	0.08014074629388028	0.09031815151330505	0.13282593332894904	-0.5740879678051749	-0.15378539992748547	-0.03891492897840781	-0.09917467439989247	0.10488970877629271	0.08142986281954497	-0.3710846637679745	-0.2613107140395496	0.039958205416802665	-0.3165996721911733	0.0014149411910166904	0.20940777687737772	-0.1938399901120572	-0.09845595229020332	0.0923864338022498	-0.6097116507695315	-0.43503740861698087	-0.3708353715100528	0.10931672286474102	-0.8452806628472704	-0.4379926696420637	-0.21066339547745105	-0.07710381315332211	0.3504020020975322	-0.2180941457702612	0.22983706376451177	-0.2754382368480174	0.2252708755991615	-0.725415718260533	0.5542680943836807	-1.4323379821473672	0.5022990734705544	-0.8082999454686687	-0.21591943750664822	1.2137312434732894	-0.04155958581215452	0.060144120893145483	0.21827277323124314	0.5058888240315071	-0.1594119934916653	-0.8270716924650787	-0.2754382368480174	-0.10432980648808601	0.4346324709238346	-1.849357587985641	-1.2033615184616386	-0.08460657924018966	-0.974790275343686
6010	discovery	Nonlesional Skin	-0.19918737205490197	-0.10462799378980099	0.18419839357341133	-0.2746669213106866	0.17027362391016457	0.4650503140504244	0.08687639144842274	-0.1012212942731334	-0.1673895934491246	-0.039488598230311776	-0.05703982570591654	0.05933546220492578	0.41731436442345815	-0.14429915340771637	0.2036535793695537	0.32506882561112893	-0.0209817517152547	0.49653938399337366	0.24292642411088347	0.048902110856462976	0.027222225007524737	0.08944656357516928	6.94056730497996e-05	0.00235645861531364	0.02784238155061474	-0.07837169551046679	-0.12194033826746134	0.2028353723589022	-0.03240121402534592	0.16079541918529439	0.20152678655919662	0.24125385858857548	0.10109626798330243	-0.009494443732622164	0.42875368466699215	0.11182957859016679	0.1548721477230426	-0.22114791796703134	0.0333875455435156	0.2923688922436811	0.052944240433651944	0.012265463839016113	0.20333038802509165	0.12562248394917325	0.00969512085535167	0.2163777191911412	-0.09823593895212898	0.19103294091029693	0.4872809694436822	-0.0010437708784522453	0.41754886641941147	0.010427681527288199	0.5266788281385028	-0.5266519450103685	-0.16426828690766015	0.4479220104919667	0.3816465497161612	0.24067323722305625	0.10519268811897808	-0.09535474530352922	0.3273550744469576	1.5184568776490712	0.0750576528483853	-0.634212760642951	0.6040091371525876	-0.3029717281056224	0.7388552940813724	-0.3970391100019971	0.02799445213136892	-0.2723924154169408	-0.18025540304655616	0.2325999425574333	-0.0342274570129351	0.22218836532148423	1.3527626373764996	-0.3707009442542212	1.0279564540809742	-0.2500325599150279	-0.634212760642951	0.41951893951348307	-0.774253976815757	-0.5161860956239985	-0.8552074582088562	-0.056533554173258116	-1.2134433026782456
6012	discovery	Nonlesional Skin	-0.05233742969948317	0.0843825767807918	0.14177195574057863	0.5301701648150181	0.27857041201408855	0.03839843477275753	0.04049053689032904	-0.11397943103102183	-0.009253584795738758	0.4307687864350028	0.3147270161748506	-0.3688176636608184	0.03182010340982029	0.6047169091942997	0.05796434397147518	0.02501266568251334	-0.15040635639391656	0.07512352936927512	0.05881196255861104	0.42115097698699505	-0.01990353893000212	0.1225867785930794	0.14772016906980381	0.13681431362667365	0.16101581415584879	-0.25444886201995737	-0.10994008695345725	0.0689757395985837	0.3167917786913839	0.148068860411279	-0.13173588846376036	-0.6214366728898514	-0.6192995811627611	0.4513490194745114	-0.08237205997489555	-0.49577233063723947	-0.2977170774612307	-0.05577469930198894	-0.27369394325667806	-0.0998233482780996	-0.06353256691595179	-0.15907678054941637	0.003918117078392697	0.2957046852014611	-0.03238154261807685	-0.3613092365670297	0.3054168080948938	-0.0012646599898871382	-0.013239076490855298	-0.01692724661222093	0.00917804334155102	-0.6597047476150909	-0.6611048447833824	-0.11253635935078847	-0.5257759739681621	0.6775668514114458	-0.5466414732179058	-0.173215227491996	0.22652241737572007	0.9525590688922329	-0.606986999413244	0.8960723976234167	1.2519200012184881	1.4887714265751328	1.0666490840075113	0.6397149453362915	-0.716420797917469	-0.3444362891425558	-0.6551332790937683	-0.48992973326754047	0.9485475018185645	0.194283662648054	0.3129430976039669	-0.856447143767582	0.8776185772376759	0.0029555971278371618	-1.475522474443564	0.062464198267812854	1.4887714265751328	0.02155661733888284	0.31616759516618465	0.401927488708108	0.8915379284813925	1.7257980334372247	1.3648588129076606
6013	discovery	Nonlesional Skin	-0.0727383758987071	-0.0905369123272852	-0.44629161367875547	0.3452124557509482	0.20100639793980665	0.16683609606447664	-0.1335390705392252	-0.054338903848533585	-0.41354611579628586	0.013193125456626239	-0.037043370775930465	-0.2863096278460392	-0.6120058540245492	0.16775796042429544	0.0218583188333582	-0.032797055427187354	-0.17279949460124322	-0.5808618414798606	-0.0066210453833796725	0.28138908149407826	-0.05730415967494334	0.206043724381283	-0.017404985394969364	-0.16390774763425708	-0.025299384927440043	0.14822563583552195	0.027183495234951626	0.23338465847623044	-0.049620885927985164	-0.16720993065701464	-0.5344287057684081	-0.7824918661578907	-0.3353582410503198	0.34048988839514305	0.2437309801983494	-0.6091187295298089	0.11783138909507242	-0.6214860886463085	-0.08966644771001465	-0.2646872364690585	-0.46755725632911116	-0.006150870452206111	-0.213499916922545	0.025430611221594124	-0.0694400435281112	-0.33388274599045564	-0.08627438681170448	-0.05551697095841154	0.13585937748532875	-0.004245468851836322	-0.1297001456217157	0.007510042767804703	-0.04274786041263917	0.3146126891512998	-0.6264339117513115	-0.4582733547351849	0.3375886625295531	0.8544619292475285	0.1497629477750934	-0.35019423079019285	0.235836724064271	-1.3047765444416368	0.8223609967241191	1.365009260190246	-0.305437093928202	0.5417828162138912	0.44909372119430313	-0.18699710044764792	-0.2176834253836738	0.12013255193218894	0.007319891567608705	0.18659758013913094	0.964621971543195	-0.5286778683321931	-1.0565030180961994	0.7707747485575076	0.8487255221849146	-0.11182852266206028	1.365009260190246	-1.1365048411074494	-0.4067208067172791	0.2832090663427232	-0.11568718024945672	-0.051539256716083726	-0.7968091565481865
6014	discovery	Nonlesional Skin	0.725198404079898	0.20620823412774264	0.038531643836738565	0.47352136910826004	0.21573868828600995	0.28762218324143785	0.14500921145503673	0.31327494283853824	0.1867751613066447	0.399332507116548	0.261172140071613	0.37265258577953675	0.015209139473396362	0.4074072215670324	-0.0666675274780383	0.009162686836781522	0.6207530218311609	-0.08329163204167624	0.22907301577703143	0.2140625379454034	0.007470229993455411	0.13565683737218162	0.23386998039952872	0.036671789718067616	-0.10102946759526969	0.049864212927797906	0.09364194012720968	-0.08035230125690343	0.21995370285504656	-0.024336205020799907	0.10413981750825069	0.3403256389631208	0.052275957585140885	0.22432725183216193	0.15240270057377756	0.6999047488715863	-0.06192070840981626	0.31055203496353223	0.3513761070331258	0.0051817747100974445	0.09934073686340918	0.25559287133938985	-0.154589783540475	0.0036175755841290434	-0.21731174435382902	0.1545100162912591	0.11922367699408803	0.10023164966454495	-0.18494518168133148	0.3188776451540856	-0.5233190379802379	-0.13425111230555395	-0.7313945544720267	0.3579958903916558	-0.18769728019390453	-1.474788251885074	-0.4813863926337728	0.5665888072364607	0.8620399174082255	-0.09212708686831439	-0.7226877991975772	-0.44844437628982353	0.9524186789161921	1.2286819454202038	0.48777842386257003	-0.06384340259130039	-0.4489447308550939	0.6761773526205473	0.18220538303426986	-0.3835548818968489	0.32427105018557717	-0.4735129603182399	-0.8215477461632454	0.3902570404182225	0.004757585661841424	-0.5626835905795203	-0.6377526950726083	0.12016531187872842	1.2286819454202038	-1.3476476312242818	0.26718836474971025	0.32774581250242724	1.0711945338188615	-0.1044330475297442	1.7039653863812316
6016	discovery	Nonlesional Skin	-0.299270273137503	-0.5027443232941837	0.0637323400007194	-0.5349793360076103	-0.18498719471153088	0.044468155659305605	-0.16808659021866906	-0.15007521712448857	0.04522222394623346	-0.4408673633733733	-0.2643291036101792	0.16009322819367267	0.8692640368783989	-0.5385592053207358	0.04837227736728636	0.17037685834826205	-0.18203130316716892	0.8379588431066598	0.047913074166469984	-0.3518809764358382	0.09711678780998759	0.0238378947190604	-0.2988434743324838	-0.4142173910531256	-0.2022058193229361	-0.8715212649196921	-0.6456530443519738	-0.052582045976637716	-0.3200736278775521	0.30366627200972135	0.18478421622722055	0.40991423902684004	0.5641791300255169	-0.29837921459215727	0.08064133590372634	-0.17827217474123408	0.13977418953734105	-0.3316894028418023	-0.11812557537495803	0.17751790084801633	0.07601544990700618	-0.14607813696824634	0.2876050514113395	0.17547624889217817	-0.02761998335261959	0.19402324964970538	-0.22700516127300038	0.04634939156805919	0.2684411414052943	-0.19699640677371316	-0.497748536785284	-0.7237141153310006	0.2798104624920783	-1.8549293228052843	-1.0847289805904794	-0.16999824976681224	-0.21192943737515593	-1.1449189144880452	-0.5869407784501061	0.048483039601943556	0.8994474278546933	0.8600812194911321	-0.028802911179731827	-0.9478808589223007	0.5662208953025996	-0.249968869413363	0.8544321112039661	0.06315045699080321	0.864364888902595	-1.0396510758993411	-1.0043444089110638	0.024942586304581488	0.06069762961893467	0.054122264261641295	1.7264131182189733	0.6480104054319462	0.7365729549877031	-1.0018283012301723	-0.9478808589223007	-2.2423195947218195	-0.602639285035973	-1.3393516450630942	-0.9194985302552383	-0.436125684783306	-0.9480030428179819
6017	discovery	Nonlesional Skin	0.229764530843613	0.17111986532818022	-0.25145827148488464	0.10683007856351334	0.01972383965887716	-0.09658847830537556	0.15777494000553646	0.11717849859382752	-0.21517746292363202	0.18643646346278575	0.15754883756474267	0.0561081481179848	0.18704248873812193	0.20938597603941578	0.0012944038921419855	0.010470993598725555	0.07428130504235682	0.20760072233440618	-0.010512210593331628	0.16274653922497204	-0.054192630401190364	0.31391483911373536	0.18189777377760166	0.3043562663319168	0.38510379815327284	0.7097002516540194	0.5062832036369393	-0.06163735995014085	0.19620695624060605	0.09930408986764448	-0.022673683542909804	0.04866818610758236	0.320807058209649	0.10177181157271245	0.09456386449973742	-0.18461797275027855	0.20544120941749464	-0.32197273989663966	0.006925654347018503	-0.06362890047699356	-0.20550857002053802	0.012035724834663792	-0.09171998773237248	0.12089628104648215	0.3929332567066897	0.16622037879517046	0.11343359931522434	0.164030001925591	0.1359102613981606	0.05987296329363765	-0.338344731513192	0.44564672764243546	0.9672015121590417	1.5761962678165855	-0.09029892884535956	-0.8697013941161624	0.5236248904154857	0.6758799647459521	0.7841306175780333	0.18539976607555914	0.15276931059865914	0.06491346602443408	1.5713137057182625	1.0142969034866025	0.6602356735484134	-0.1105990313104	-0.03332327563071305	-0.045428928176307615	-0.7637879824159036	-0.6385497447745928	-0.09210697257251693	0.18227466088249464	0.5095890732770378	-0.9176088539749624	0.798839508567937	3.3599061892539055	-0.027989882778191748	-0.458777981393337	1.0142969034866025	-0.09151296901338593	-0.4633042289400823	-0.04070974979711739	0.7991613571504765	1.307571742518474	0.6978889341415929
6018	discovery	Nonlesional Skin	0.7924780875442636	-0.08198747810469163	0.10581122016947127	0.4546136982153745	0.17650144551086838	0.12247891221663762	-0.018826841279994757	0.20392822521082093	0.05996215137802931	0.271501413187312	0.10966328295291827	-0.25123559977547216	-0.37686108548504577	0.44565334551036456	0.06506573761118309	0.00652550126505702	0.38613727886926796	-0.24587886720382116	0.13429153582179637	0.4619882857106278	0.03328331053091544	0.1627164155899482	0.0346714949250583	0.04501760674189423	-0.09319465161253991	-0.20961693286230798	-0.1383798707513379	0.036896254648955414	0.07468480148979352	-0.05308941090434092	-0.2206402158283369	-0.5622745616396865	-0.2574350116493521	0.39557217295975927	0.23201090609647165	0.08802892774162872	-0.2422314584027056	-0.014391402469551852	0.11687065496073241	-0.17519465624899278	0.03537086726154158	0.06709588653687693	-0.13600897213126437	0.12316756602079354	-0.21848003418935683	-0.12234775598146455	0.2744269049379689	0.03226414846669871	-0.16749214712177893	0.3120155930732479	-0.5898271112776434	-0.23639141689225088	-1.0037897833719538	-0.022469219072941603	-0.890602441502895	-1.1316874253028022	0.21757170949178412	-0.4167623091863692	0.3285267218690821	-0.49071287412034315	-0.730191442325523	0.30395307067022453	1.940048992016495	1.3675974959006716	1.3586784624337809	0.015094994720094346	0.7093115562860246	2.065663233882373	-1.0826908347213813	-0.08705750589416124	0.8199565987657934	-0.7422420344699029	-0.5338127418527452	-0.13663246901469672	-0.10363924890225976	-0.2971623990702652	-0.9012607672917258	-0.029415357285552113	1.3675974959006716	-0.5576927655952387	0.3804676792602087	-0.6047053099059906	0.6252992742462236	0.01596855161741928	1.0939891401477415
6019	discovery	Nonlesional Skin	0.25879945258281756	0.13799752508170984	-0.8504989023178372	-0.39648446488765987	-0.17627166994973342	-0.3320101218929276	-0.2098916734892401	-0.04835485087779705	0.19273556796336433	-0.019210418476042507	-0.2986032842558356	0.8025467207114205	-0.0663374234926661	-0.16647039796175606	-0.34874958032519005	0.036604262978593184	0.4999170823704093	-0.541340537402389	0.17001899247064298	-0.41826428591428705	-0.5452773908288658	-0.32895785228949465	-0.2459999696008232	-0.27985215290678034	-0.42245540979091833	0.7297155590275876	0.33808081994392736	-0.24398025398544945	-0.4108226282377696	-0.6486220115374938	-0.2199713218391058	0.5743066513118862	0.8082691599466592	0.09859444069058579	-0.5875308714686142	1.258202369899433	0.18639115279873802	-0.4053322068004359	0.15481008210534827	-0.47839810798896026	-1.125065348432655	0.46360959513428246	-0.28038317526008166	-1.4533215986637962	-0.29204713868259247	0.10520619989441936	-1.1036699777644001	-0.02374377673531084	-0.8919173622003401	0.27876422064516787	-0.1557545724344053	0.22627063984123286	-0.2676684964554811	0.9947961982027766	0.4481230571347967	-0.48745431087637003	-2.3974414735129974	0.2580457064117656	1.6686367934171746	-0.029183306597953387	-0.7967330175860536	-0.17592772719266314	-0.5414646015266281	-0.03195737621473138	-1.9684703997160642	-0.026444108134860256	-0.5647553110842375	-0.48340123717404426	-0.4668776370766673	-0.22607704807684204	0.3170703307435404	-2.1905047340705224	0.05741015488970236	0.5713250618738891	-0.2859667846476177	-0.04520403923585291	1.8344747105652945	-0.7136226562030242	-0.03195737621473138	2.3002953234817345	1.89154383543897	0.5680472403019947	0.1736224516322827	-0.6937446231146414	0.7483964315879543
6020	discovery	Nonlesional Skin	0.3302099943097234	0.09217806290615978	0.03241413567808125	0.7182430106985759	0.3191481800234247	0.0853425201927155	0.14227805060175122	0.15325291730702134	0.17287927279281687	0.5035914243319571	0.2412926738803102	0.015412142767395151	-0.3656876661880462	0.6050904785372585	0.057963276941647955	0.11659398935417693	0.21116059731439396	-0.29513694422776315	0.05585759678601073	0.4823073918913009	-0.04769697555682479	0.22257499635140057	0.1870589450126925	0.03872453240491172	0.0165743288331085	-0.08449612589621075	-0.01686099657677655	0.1968463066645597	0.21670012238167763	0.011588648000014301	-0.1494432293100137	-0.3845229597611261	-0.24398010029584968	0.46067026589260984	0.20849575857676161	0.024834307533608702	-0.01750169551463165	0.2467966539215564	0.19981874347868897	-0.0607283107005801	-0.24928976438508893	0.22873353667748642	-0.1413282532237855	0.11363875429076485	-0.14664659664476307	-0.2738348477712987	0.23989138585785758	0.02129525612168003	0.2810691398617385	0.2515373189159325	-0.3587068492683752	-0.49857849012359745	-0.5920099143130445	0.2894072531280297	-0.40498652595649176	-0.8908561616351319	-0.35116809157097484	0.5961550665401659	0.7758564607892181	-0.5816506496711931	-0.523449040593346	-0.18487907195860345	0.6397901788011324	1.1418062447870447	0.38789333288632294	0.6015914751690723	-0.08991026676166936	-0.25970841536737277	-0.737054978679925	-0.0007540537684754683	0.5486221792531141	0.12756308072116387	0.015434367496199475	-0.2920928884289423	-0.31332502690414527	-0.23685792487009638	-0.4510892019087997	0.28147018751998326	1.1418062447870447	-0.5410046695174805	-0.10109604591245074	0.6160260214485913	1.42817497817531	-0.35761904980327164	0.6467497437696165
6021	discovery	Nonlesional Skin	-0.18499281545060192	-0.22864168927349424	0.039111885081915786	-0.6207279850000761	-0.08193978455385241	0.23407288972052429	0.04726557673824688	-0.045959033871663245	0.17215094039742038	-0.2207761250216788	0.08084540739605028	-0.11798982505792291	-0.33496507378745166	-0.5112930013549031	0.33181463401085176	0.1892926052902538	-0.09940419356034363	-0.18018598402436434	-0.1157207981250973	-0.16292621064279392	0.14882098902930954	-0.014125858352729899	-0.045914370266477496	-0.03823409325093092	-0.014850453446045443	-0.19013232463445184	-0.19133840577894975	0.23492387827113764	-0.22823986008529382	0.06491948575823694	0.013470590319631371	-0.21591329928026567	-0.05116051897035019	0.053075265401432446	-0.060540378987167506	-0.2320571415466726	0.30837545851307796	-0.39703969255613664	-0.010108228804081526	0.159348185950292	-0.05451231141573836	0.030177922151069726	-0.06326462763899292	-0.05222404809607495	0.10889682088895715	-0.12782547434724462	-0.08828074959816308	0.08610181176147598	0.0971765629094589	0.010573180027034028	1.3788432491062823	0.4024333762278441	0.7749460241783664	-0.5129576890945584	-1.0260496611877519	1.459177733363374	0.17972079185105325	0.34660230796296365	-0.07768703181025893	0.6559855447064014	1.372937898103604	0.41391902845678735	-0.9453663218020787	-0.3817503626642662	-1.4107957989966051	0.6799524586341582	-0.38732562952710226	1.1588834320702275	1.036960245316585	-1.505739439048772	-1.2576330881395785	0.42388311640818616	-0.34566894471874965	-0.5659758263819623	-0.34256960733974073	0.3444882526022333	0.7156966178706571	-1.2085210636555053	-0.3817503626642662	-0.9238527114747486	0.556843035560232	-0.7947103027223847	-0.7615007234530369	1.30135748267742	-0.4482288428541786
6022	discovery	Nonlesional Skin	0.6480436834264891	0.07011086533963894	0.26109413891843825	0.7074718257627584	0.28585391413348177	-0.04563723483212239	0.15942729154997246	0.3377090813917077	0.39121191990663723	0.6640834029314177	0.39338232832828446	0.011554294624080183	-0.2805488393747839	0.8099383640852889	0.17718518086299723	0.07770658405492842	0.41003391248598614	-0.2457820885885532	0.2436162468589075	0.5348336818187467	0.14201015822908153	0.24736970902403418	0.24826091462577016	0.044366578445602406	0.11699357771363661	-0.16390426102838296	-0.034028779399079674	0.19215799419664917	0.3434000824818023	-0.048729143705888774	0.06308690579440433	-0.1940817887824621	-0.2122784060552655	0.580346941602038	0.0659758919500702	0.4378460973851841	-0.11625547649113811	0.37269341278972895	0.2664827414300958	-0.14748463278950497	-0.10191426992987661	0.32151662376807455	0.08698132156254901	0.17920879171346624	-0.10603113555856748	-0.2500073442699695	0.4722795583164502	0.15580365733609466	-0.06869557717624293	0.40460156848898027	-0.37214847813521384	-0.41199028763689677	-1.1981029963206289	0.12888289343168577	-0.6378411250478472	-0.6444852876163758	-0.5557720188424666	-0.5060818760760967	0.8953645370266909	0.09559243158604389	-1.0410704669158524	-0.08725901211435211	1.2702596224367901	1.2342876732667154	0.8140499757648398	0.47820306450084804	-0.15081401296120342	0.9387754881878946	0.7120333749069938	1.0145253145530728	0.9815411786708741	-0.16693353589213894	-0.37953355125641214	-0.3256591150648658	-0.3412909581027057	-0.20934530827268566	-1.378543893454606	1.315257520971623	1.2342876732667154	-0.06226250254945516	0.056449539030168694	-0.19171106470487015	1.3872302275172113	0.3899910032996282	1.3239909136981622
6023	discovery	Nonlesional Skin	-0.2514705634537018	-0.2907698704035949	-0.07049896417427191	-0.5007080341277658	-0.21129383904019758	-0.09082138576560943	-0.33730629349127084	0.00319668283955404	-0.04681841861358856	-0.46613275258098047	-0.38402514906941354	-0.0906246798653212	-0.028493143411846215	-0.5303683020141015	0.11928885373892335	-0.029461640166605248	-0.22834029564233685	-0.14750313290279102	-0.022485499552643468	-0.021189368294232916	-0.09411937927329185	-0.2121750321122912	-0.2871627852578208	-0.4441044739961336	-0.36069203827004126	-0.4420947532248276	-0.4196795065280753	0.2301625539029369	-0.2135363262298627	-0.1476806304109923	-0.18016541552096932	-0.2708900606904863	0.16235153669813351	-0.09090787777355308	0.13559408034953832	-0.30195334789340306	-0.11683955205926093	-0.39568809709913516	0.016286714119997735	-0.315336042096978	-0.052724710860193286	-0.42926704826077783	0.2312102326111498	-0.3148992223864707	-0.3277321190980673	-0.07815789547421827	-0.24260663126815438	-0.22535218053320027	0.20649994540170552	-0.16204154166299795	-0.5634499630845582	-0.10295851020209883	-0.9723352986458157	-0.9672974339627896	0.5769369822441969	-0.5218469556565586	-0.4725363038281994	-0.6808508230597381	-1.3845835158395143	-0.39658386025515746	-0.045753588788963774	-0.5778495250461333	0.48958919271951584	-0.5058599753542057	0.765613674601533	-0.4721388649829976	-0.406853896126685	0.2914291704630332	-0.8460356580726724	-1.6239056868612882	-0.7785886605209321	0.1206151045840771	-1.110434037648713	-0.07842598042526275	-0.15072952380976287	-0.8599239071687461	-0.19861883600361785	-1.6810616372494893	-0.5058599753542057	-0.24956038988986073	0.19558005483604746	0.08979735242229608	-0.5453305930821948	0.624352124279585	1.020700386299185
6024	discovery	Nonlesional Skin	0.03371186364123859	-0.32248334580508226	0.15260442518121503	-0.1663325885279369	0.0006161337148381913	0.07495445603418657	-0.08613527464888411	0.16127667292094855	0.23775540531297315	-0.1723997595466123	-0.2057969283883352	0.06047393856535531	0.10912506722219341	-0.115386613455226	0.21277343264705814	0.20928426331476432	0.2299273496600783	0.09188786137732384	0.05933296761048074	-0.21691785457320958	0.06675258632300897	0.035960337644861756	-0.04400724918124423	-0.2776439291674925	-0.2720029405042631	-0.49469381006599206	-0.34192353169954176	0.13538956301206118	-0.1245094451964175	0.162225105091007	0.17285339653849768	0.22939789558845802	0.4909739563834966	0.0347084944089616	0.29461112755780977	0.23976443345594628	-0.007046082542223697	0.17268628097598904	0.21048181905766805	0.04795733408207918	-0.08827758001943922	0.1900982552618117	0.1299178196620582	-0.07087791226750148	-0.16168044265584391	0.07411498171016422	-0.04989635820814276	0.10247672801426304	0.19457758374071885	0.07745113482695587	0.07187160200065563	0.36853216151210355	0.2618661573361421	-0.9041100867225677	-0.8264253990028739	0.2663107530197286	0.2511873328739243	0.055989256368042785	-0.4484126744656476	-0.9769525015259801	0.8425256871991049	0.44315764139404584	-0.594796520464463	-0.3834214988709015	-0.3159372250366791	-0.28747825056376897	1.0083170658711051	0.010786438639005608	0.657194115831872	0.5172443524226407	0.20067882664867145	0.2638914228977069	-0.1174550109989898	-0.6320580686122937	0.042872791200157495	0.017647924598985676	0.6452545902307375	-0.028060694448137136	-0.3834214988709015	-1.044558472853676	-1.504882534825353	0.3297899099055214	0.03246677614260704	-0.9786655845427533	-0.7045294795175192
6025	discovery	Nonlesional Skin	-0.11870022546602636	0.029966214740517215	-0.12361660368947543	0.24239112185765674	0.02436610425937663	0.2341534687583006	-0.03485117896116596	0.006324067703727564	-0.05649897475194806	-0.09438564054625662	-0.13550443579597457	-0.06063488040009223	-0.08382459763096087	0.05941274340639298	-0.09559446397542737	-0.09527624486765851	-0.17850775803244298	-0.10655364149769819	-0.10859475913697891	0.28663938554602103	-0.19130868782306823	-0.03948052112771314	-0.0353117409410812	-0.2400633897842915	-0.02638819821373508	-0.23001460114164043	-0.12088804021159041	0.19483806959504826	0.01740920763927024	-0.15744671651409042	-0.31554132380000555	-0.139257646073425	0.0019115664670445757	-0.025548249536891925	-0.0030283075319974383	-0.1652485549636323	-0.0675300028363444	-0.0759918642031274	-0.16343662397547032	-0.28475049973266714	-0.21504114416203093	-0.32357637868711425	0.0499528097259091	0.06235191862092904	0.02591923149189586	-0.028191282116707655	0.13243910251279875	-0.044613802678727665	0.16217396793059102	-0.16276378541114495	-0.2197952096618221	0.5273077597968031	0.07816768150954605	-0.3177624292078348	-0.5615237038668531	-0.6544510603618098	-0.5854557176895632	-0.8115560871230888	0.22341880005608514	0.28078157150018	-1.1879335103685251	0.5901136817882089	-0.14787234464844212	0.24416614353847882	0.34193542679618416	-1.2606833667757316	-0.08026344230546095	0.5267350317238193	-0.2751481985838231	-0.058962928161794964	0.4275558157384248	0.015471439961240507	0.08522017055466949	0.010149757899150604	-0.5474090436496839	0.9396569440013319	-0.40403794829513473	-0.26095564708460195	0.24416614353847882	-0.3197797399026884	-0.5201207764938485	0.14817500590203658	0.5649447726580934	0.08490825057937054	-0.4150441403329528
6026	discovery	Nonlesional Skin	-0.07890039181565969	-0.4699942971978069	0.12340640651917265	0.09428755340924112	-0.33068647188065825	-0.1791404344467263	-0.12818455748329668	-0.19344377324737502	-0.12955545370546093	-0.30000351038910744	-0.3543383964026748	0.23991195129179732	0.24738149300647294	-0.2726821878615702	-0.10987230988329814	-0.14711099721624074	-0.155060579510167	0.15937847322409432	-0.056673811181393696	-0.2670329932439021	0.02553265538255868	0.07588095391994581	-0.2079800704772962	-0.47794956433622937	-0.4094814472450416	-0.4995155631322082	-0.37420053998001057	-0.18600662941850085	-0.23703314511867293	0.07141798757532565	0.09651831336845097	0.4862438526926253	0.48624276748394313	-0.4452286993095747	0.18589592766268384	0.1821853294238042	0.0969858721410786	0.11290880202991493	-0.006052425727405779	0.11169938431711095	0.47359668235920754	-0.09162413685510848	-0.006041954400616414	0.29402916013529923	-0.024774090413418978	0.28814847280941125	0.09752379988529443	-0.09393973051462459	0.24049398476136483	-0.2334481844910114	-0.5125729430684001	-0.4790566512310314	0.326833670607439	-0.4945373113030742	-1.1760573899330973	-0.029675927831161613	0.04888557014818551	0.8649137015719998	-0.3313128554608087	-0.015282433059055592	0.8258238517876141	-0.7600310729696726	0.0754670209329292	-0.13885831352209022	0.3067145375022278	-0.35426247047096604	0.429605161023849	-0.26487391523474607	0.5596152846070732	0.07388121433768743	-0.6542770279693917	0.937276886681529	-0.127653363766885	0.2090092088663903	0.06125771067295499	0.22147138213684014	1.3075726834180132	-0.31942413509506634	-0.13885831352209022	-1.8906669827495999	-1.5679336378786237	-1.9628368425010883	-1.2012633294610813	-0.9246521709161608	-1.0343986745986038
6028	discovery	Nonlesional Skin	0.2067958680513466	0.22354878137638118	0.15305839963897355	0.27076486236379604	0.06073428026621583	-0.061197998182851654	-0.06334544440612841	0.009899282924127135	0.6215783353298786	0.25087687260887154	0.24771217311806276	0.20311950887124255	-0.17737409519774797	0.22528856705962355	-0.03786309006931904	-0.07428705854880618	0.11745136737382562	-0.323486533777443	0.12567711413039623	-0.06544959774776299	-0.015197555978139364	0.23987946746768793	0.10383880047606518	0.11359430944776477	0.12799634159115386	0.07007193518761239	0.14843780791166605	-0.1542990734587478	0.17073200636869965	-0.2817633932616753	0.40004769247506966	0.4475747253093792	0.42491309401962474	0.09847852790865659	0.014284752364890942	0.51163182656314	0.011790466315656863	0.4304762989003381	0.09937412686535861	0.12080495717897542	-0.11606386501138834	0.3832061462378665	0.011887123716885979	0.05766543497396443	0.16059166331567826	0.20043168741274192	0.04701312719065041	0.04649792734109436	0.0578191688433787	0.11424621916923404	-0.1575577012160724	-0.4023601539012763	-0.5277083413236575	0.4397873338569724	0.4769580432939325	0.3445202603578217	0.023979931087566658	-0.42168681944691966	0.9756354693438425	0.1924017033488845	0.41941466534543553	-0.7937661435493806	0.5782274036004645	0.9972133782733485	0.5254113017920584	0.3768596944933545	0.1449954166562201	-0.8956488418373312	0.4820285686008086	-0.6192733263980369	0.2525019516853266	2.051278356239747	-0.330773942208186	0.32903428934008205	-1.1561790019557079	0.22316839959158793	-0.001927127712702037	-0.19373194620579887	0.9972133782733485	0.6729083686288935	-0.38570246457575574	0.5453513433577604	1.2662002369478247	0.0072888031087627	-0.17668594463130802
6029	discovery	Nonlesional Skin	0.19262232276735441	0.07674030701225817	-0.13203374270327503	-0.16339349581643953	-0.029277720833428264	-0.08984149644346509	0.07573766994246987	-0.04260119380222274	0.029474465077127792	-0.19104399762323981	-0.0762915200932129	0.1156549417876367	0.7720201538904861	-0.40128805057795147	-0.19656680724401915	-0.02522860210976714	0.1732161020121337	0.7362826203756468	0.2066586374858403	-0.13080046792074607	-0.031726350766495146	0.039631559518014205	-0.0403335773476879	0.20886478218880164	0.15575543991138574	0.40839526301777984	0.2580855507215695	-0.13948932281924192	-0.07012611901449131	0.20279482254993983	0.23664197125919628	0.27407218390281896	-0.005248345985403028	-0.11652718459856935	0.012119069109222842	0.03782044625561388	-0.00829112139100969	-0.07844464504374718	-0.043347386668829986	0.1156326907549019	0.24935633978815405	-0.16928831143480172	0.1703635184694936	-0.37750949352981716	-0.002300147293040539	0.11722704912928199	-0.19825195641457385	0.14319307305648374	-0.23538852442931768	0.07529989147005002	0.6324060477345165	0.5802575120720584	-0.5325497721354234	0.16044537498816996	1.17371063891483	0.04025869121483953	0.3494120211602251	0.06728556958615162	-0.1435210199245592	0.861508477039328	-0.012958421053951083	0.5832258604473133	0.98515008906361	0.48724178379203426	0.6181550705589154	0.6184410210535828	-1.904126669969921	0.7441877468075504	-0.42290414135463683	-1.4873773382339956	-0.5129004609570937	0.4098940061006189	0.6007115834199053	0.9488643504352567	1.6856853660608788	0.2109535301950588	0.6063457311843712	-1.4342386566610426	0.48724178379203426	0.16317506573079324	-0.9086983811332315	0.06478475494932681	-0.053036101004380304	0.03817485450339586	-0.2570225059793534
6030	discovery	Nonlesional Skin	0.048932217793867354	0.3904590526868224	0.11576975958991251	-0.05976247497924921	-0.41761258261721956	-0.11640914594152338	0.04280791726518023	0.07702158454944635	-0.15182239308333914	-0.14991956997366088	0.002746209681884864	0.3216343546162947	0.5560233174837677	-0.2568835100188116	-0.3806006490964086	-0.18745049918635806	0.40954544336493065	0.2090252282173895	0.020646029363196736	-0.3567843456963015	-0.24354637901726112	-0.43904829876325263	0.05348175279355389	-0.10773678652849168	-0.015940780264412646	0.3357572969420862	0.27605499337390466	-0.18004812783767002	0.1972427007999577	-0.12354216827343205	0.24644275095934465	1.0327158583666496	-0.13052215346794302	-0.5027301025423041	-0.6480265520294262	1.065793742908122	-0.08907293103624407	0.3064949683154292	0.08991164338128935	-0.29563500876240106	0.3898880988320749	-0.12784477531552996	0.38092072063389965	-0.6071686868494817	0.02008303890949001	0.2333844224641411	-0.2166564220319598	-0.16433095326066652	-0.8036603025220734	0.0287810415784618	1.041970439257365	0.18514354874676298	-0.9267373217080316	0.4831148326804219	0.791356534429612	0.4757616311178188	-0.6931223747984715	0.5828454446465876	0.6318160785733008	1.8198200029384135	-0.14765309549834735	0.8713141627861569	-0.5694938581826882	-0.5364904020876372	-0.08487354208992265	-0.359556876321501	-2.085132041919394	0.3165383575114339	-0.712665400974469	0.09501397811177159	0.28427197897903916	-1.1501824709658652	-1.252362634856599	0.5725279925399479	0.6769726638919136	-0.05547095952424103	-0.28381601045474864	-0.32179867827981523	-0.5364904020876372	1.6711576080619237	-0.02894082206469134	1.2029303953832637	0.04627984286440656	0.07733948441019589	-0.1124456462206822
6031	discovery	Nonlesional Skin	-0.04727900381583519	0.6056348760188139	-0.11851232176854683	-0.09534397895564284	-0.018645079554084266	0.4023699322709596	0.036039099914415874	-0.25627484387801686	-0.17425770731787693	-0.018214091827091806	0.4676507317837775	0.1079762022148448	0.1240402064246658	-0.47675758776794996	0.10554007722754244	0.17283758752310213	-0.04545080876109881	0.18918165616677618	0.17988639258978814	-0.5032120943900354	0.05854009371748279	-0.08752823012830274	0.2450251154411306	0.9112377365986085	0.5363851386424494	1.2252352330989946	0.9664888060029194	-0.3510368241127172	0.022759314068182046	-0.002438592260045811	0.225343046005793	0.16703066443763676	0.08592614751083073	-0.2606567946861779	-0.19674763763552694	0.21009765969719252	0.18660640598509898	-0.18296272815314707	-0.1118742782561992	0.39745373904828457	-0.09088263521131554	0.08973722987602059	-0.07967504068407236	-0.08275087701739128	0.3483477834974632	0.21147708803313944	-0.45719091459501454	0.3457285890294877	-0.3575560985845082	0.004584759009431954	2.2924146227807443	0.6647363362544028	1.4145474888338476	1.7186484332791045	2.0430543799910237	2.2640725894745564	1.1038676561324285	1.7279547553817363	0.4640695581299637	2.115486817723334	0.11467790061437888	1.6076385612039357	-0.044500338495070735	-0.6527464500137814	0.4433342091336472	0.18873167952993708	-0.08795287066208785	-0.8046158974744669	0.561404872127238	-0.947478856889675	-1.3495989056066167	0.46864678016987793	0.9590872395322707	1.0373552668469808	0.043320955552063126	-0.07257989418092237	0.7228288088502653	-0.7723370140109997	-0.6527464500137814	2.1853087302054393	1.4674751598726619	0.3855526518535663	0.8805656372668205	1.0454145409504056	0.7113251192475448
6032	discovery	Nonlesional Skin	0.39714364745403513	0.3082177663792156	0.06778379559744341	0.4713322895173341	0.13378564901293133	-0.15895921593263604	0.1726751983699809	0.16129898830850378	0.03472090297048344	0.22548336257509216	0.17796901708558374	-0.21877290578691788	-0.31064616720708804	0.4737592182248086	-0.15168972907996528	-0.19316239475308744	0.1868330395272677	-0.3069990325664749	0.007303942184111478	0.3668907094119078	-0.01426101470820755	0.09407825680538705	0.16796749345084105	0.3150561742715816	0.15863709787771257	0.38937745346912594	0.36274736182206524	-0.0766177953847086	0.2782371222492691	-0.03090337979782658	-0.06910139446746782	-0.39447598810680434	-0.6368047439376618	0.20249241111240057	-0.15679005576960214	-0.14683085394603862	-0.1883347924670751	0.10099221961364276	0.06332917607337467	-0.14882009580217823	0.2148314678841863	0.014063988996315164	-0.06664494690340873	-0.0067725393488054664	0.018400726455290086	-0.16648329569330497	0.2750689852352886	-0.11990433799142626	-0.3267710268144102	0.04360898247104831	-0.6248259825826509	-1.1207540981622108	-0.5546667046603005	0.6850050693660272	0.6700159488509603	-0.5971453606843437	0.09439844265582281	0.33195819919994407	0.40097626944772985	-0.7098035831712718	-0.6042073216021512	-0.9898557608662246	0.0770306562312279	0.6899680431559068	-0.3958620801177207	0.1146869156774235	-0.02071491559986377	0.2523037227251992	-0.6326233794980156	0.4870771063181258	0.7327029844345396	-2.008315974281591	0.25681935302988873	0.2766171902719971	-0.5475088769467602	0.03576582584733018	-1.1031809674049486	0.6370002926638784	0.6899680431559068	0.6839776890305562	0.7438871355554018	0.10227041358101471	0.8611482777993487	-0.27628311137065736	0.5937652477947541
6033	discovery	Nonlesional Skin	0.049298831814328765	0.008987952850191456	-0.04117918590486805	-0.270186001215388	-0.18631531581806443	-0.1962786083372928	-0.15943627753373937	0.2996122891120063	0.02502799495929453	-0.1918181961770435	-0.12731906775264867	-0.05852314067401168	0.055854737701810854	-0.13881471775535714	-0.20978385346899822	-0.20904969128082238	0.16162251048645865	-0.09252857633757541	-0.04455828432534048	0.10685414227430953	-0.07670743019029867	-0.19911543661697992	-0.1109396280407758	-0.35198050556671157	-0.2721646184182517	-0.28321199360026805	-0.19808750401640943	-0.027822430361498302	-0.03411669250678369	-0.06267960358916791	-0.04075816028478456	0.14362145061140638	-0.1256618634668758	-0.22961697139695308	-0.057713349922437	0.006367519535950321	-0.23425781593596687	0.2698848635884123	0.1456573714476239	-0.2448302710198426	0.0796200809105686	-0.1552180739303683	0.23885791643961618	-0.29022413522620927	-0.3756979133289376	-0.03447753079163914	-0.021966985998229643	-0.18618341182220535	-0.28458471137395547	-0.05078499939071471	-0.3542726618170707	0.1302997752737954	-0.9479102692647473	-0.42526339740071517	-0.1863191803242035	-0.5973636644993722	-0.4955017068981984	-0.27554173732838877	-0.2642295682287124	-1.326804155193318	0.17238284298723958	-0.6000429479540176	0.021660375289262165	-0.14298443190897486	-0.7543186819455345	-0.8731313673527954	0.6743177634511889	-0.44956018998085734	0.09547213256889772	0.12710354425130535	-0.32893119137785504	-1.0258769253187299	-1.1292318858045878	-0.012435173025094587	0.13257048918600028	-0.890957074494972	-0.7267739916783638	0.05878735046901501	-0.14298443190897486	-0.10642499395144538	0.4214463862443312	0.2587500035036199	-0.7271887814079391	0.40904616001543365	0.41041146745378065
6034	discovery	Nonlesional Skin	-0.28509892881247184	-0.18741828597091553	-0.35336762066556443	0.08345230133495546	-0.0029009089372141472	0.06540455778535363	-0.1299200319051799	-0.0316701898096605	-0.06936894338624802	-0.14039213296941316	-0.34165966487542515	-0.11722307508058767	-0.05759480708856889	0.07986816698146912	-0.11556293633954494	-0.145945887314594	-0.208444756920131	-0.11187122825312502	-0.02259646507017541	0.2870520091936471	-0.2318945066649781	-0.09980616199074108	-0.15114856935328747	-0.2659881182462118	-0.11910816320450747	-0.17611658720104967	-0.22088727066567548	0.3061723365587932	-0.09823589126570666	-0.03571702288197791	-0.48173737537968825	-0.6169947768051783	-0.22962726353467208	0.13147989411130745	0.20567661214233984	-0.5682921884868716	-0.02612144034760126	-0.34243070041522355	-0.16496046046899354	-0.32760523828794097	-0.26930197783245413	-0.41373675735677506	-0.01265975494163708	-0.3843974240231728	-0.32527861897888044	-0.353990844399663	-0.06961118221122657	-0.22612687405864207	0.12220345289173938	-0.1040724310517072	-0.2346779072784071	-0.1520734556456659	-0.9604116084208622	-0.46669984107121254	-0.5888097042474826	-0.9803053255215769	-0.6422167639622569	-0.058296185319529036	-0.09007813476823161	-0.3725597997654003	-1.5407915643855945	0.09404510460293662	0.554465722801449	-0.2858576531875675	0.7907897667428934	-1.5212529214887678	-0.0857439721973128	-0.6715603442364054	-0.7350309690561518	0.2982718207782883	-0.023193507603937423	-0.11404671197407942	0.07334728025032534	-0.5307952798239581	-0.40421901896732054	-0.48395585312556266	1.1466649028621663	-0.16935796359449165	-0.2858576531875675	-1.495780787160761	-1.2919084294735463	-0.1746343748722916	-0.16355361533699292	-0.3337005395484046	-0.2961794361122524
6035	discovery	Nonlesional Skin	-0.241574878857818	-0.22495608831744807	-0.07957904786892567	-0.1413434140639261	0.04316032084936058	-0.005870867149532233	-0.2511288498360691	-0.030514904056137566	0.022468356161064944	-0.22314426640735155	-0.20717237671261857	-0.15297115795294688	-0.0014682927078374331	-0.17620462717772784	0.04373326110941733	0.02832108401629032	-0.15611719726711074	0.04282481020729066	-0.15278089563888736	0.15388385275170183	0.08613808899944701	-0.035889291792034345	-0.15333879466422068	-0.23335675611805812	-0.17374527921536168	-0.31511896105432086	-0.2345534718727335	0.12018563807455616	-0.13794539903173228	0.07285083771465432	-0.1716399728822091	-0.3208567048398909	-0.17030806315271718	0.13551440519262153	0.05760331898158796	-0.42387465175878114	0.060258803504161004	-0.3461535871614542	0.033806073587785986	-0.10507473189411594	-0.29593665406476194	0.010520465191064697	0.022312398257775475	0.05075546756360319	0.027762102626396095	-0.33619606985823103	-0.024606712860533574	0.007587706957598657	0.27392589573003834	-0.02551931333800309	-0.18252495652639406	0.3785191783067905	0.5349620681817558	-0.5018996261256888	-0.11726602187043729	-0.32945212115310396	-0.25737280001845764	0.15401843044830268	-0.27503723289327975	-0.1448070572900378	0.15945252754191563	0.16807306084483473	-0.11041778288754717	0.17056466158317343	-0.4754664946293701	0.6437416779699976	0.09430551060734854	0.25659194579379463	0.416202222419248	-0.8133660599142898	-0.45956650095119334	0.3834001481616704	0.49849784005478004	-0.6361236035888062	0.6648171411380684	0.04809215098996625	0.01782765819426621	-0.831112556893002	0.17056466158317343	-0.5671763554231563	-0.5457962436544838	-0.22557398450181496	-0.7205361405045718	-0.6630081175183683	-0.11238590858159263
6036	discovery	Nonlesional Skin	-0.20231374939253022	-0.28071955139280935	-0.12370768940376328	-0.15871845763896	-0.09776744142987812	-0.19867766592525507	-0.16012895814548336	-0.029039741597200623	0.037824275573299565	-0.49068101242869455	-0.3574725345720571	0.6548779862581574	1.1108531328634434	-0.31807274390491747	-0.19597331837247856	-0.12691274769236127	0.11355476871571742	0.9065916695134998	-0.13539053701578901	-0.09879757331989915	-0.256872576071838	-0.3400412007317727	-0.16742599853801685	-0.25413767766991147	-0.4718309912667863	0.007670340299375969	-0.10042240612469337	-0.25796814810377444	-0.32603325900344693	0.1944555708156801	0.20995076907528573	1.0682298750349626	1.2081961254559968	-0.28672286905998107	-0.37304468387767353	0.16690397360480969	-0.17867277265276005	-0.01377178561711674	0.14710435099125674	-0.11254405276525417	-0.13905271011708725	0.06440290133752866	0.2747656148620803	-0.09600313656885005	-0.33711569963727156	0.45283336515343076	-0.0259483457922601	0.0116650235134428	-0.25489826851917446	-0.066829756458423	0.42775560465767093	-0.6223649822166818	0.12764693663104898	-0.11872746510921953	0.28517285813591614	-0.9732111478522157	-0.12904889104395775	0.03362458015623711	-0.43261286624470857	-0.2480019503300655	0.10849629857006637	-0.029140857505114786	0.19723692361241682	-0.20816899382740633	-0.7335171849764786	-1.4054527653378612	0.06973028571968917	0.4643131325089808	1.0424170541601578	-0.5121851157471775	-0.3534221840271919	-0.9888904647617588	-0.3181811955591912	-0.030083599672895922	1.4834822832048684	-0.9457629239543134	0.9069911396884193	-0.6391130641836109	-0.20816899382740633	-0.5030235053638141	-1.0088718345306784	-0.37146373078095696	-0.4696440646533434	-1.8422933594690103	0.00029120347029824856
6038	discovery	Nonlesional Skin	-0.21393282970389033	-0.16212266366594585	-0.07307961468434719	-0.2615228305083745	-0.1828574366688113	0.07990854371633709	-0.16481736915032758	-0.27077847266314803	-0.3186435346282171	-0.20296045646916322	-0.2715150172028837	-0.04024828838092006	0.06349803020763374	-0.32379122338120303	0.07384697884796652	-0.05265686823005963	-0.2597561527894318	0.008180725313924357	-0.09862969296365862	-0.07116143245203431	-0.24436723377948535	0.07596340367762819	-0.10131385937282814	-0.10371340925805413	0.01550576969966216	-0.18444738397102717	-0.0915053803770923	0.14431952601599984	-0.1171878071990227	-0.09417203766617095	-0.17903440091617784	0.14448900538447668	0.38456688667226446	-0.1004112481055662	-0.1477002198830492	-0.07044053184413664	-0.05721904952960304	-0.49142395771488434	-0.16433961091158747	-0.10208166441699314	-0.006970560748089179	-0.2149100737833155	0.06351680379331355	-0.07171391276040393	0.22339248868771142	0.19463481620110248	-0.13812865074784067	-0.015862842091665528	0.07034470897483125	-0.1900206396995203	0.0975891595274243	0.31580343613592854	0.9653426800917662	-0.6287252195449988	1.2436765937981173	0.6437360643867208	-0.011543566384271842	0.3009519853069403	-0.42195875417588774	0.4903035113612924	0.26089383631405283	-0.20470143570445956	0.7513321992269186	-0.2490820751402278	1.2336724434872028	-1.1367274552437452	-0.7130615266637983	0.500860973558773	0.0489708693323527	-1.55627019501539	-0.5149267204838849	-0.00012369497248504446	-0.24008429254331504	-0.6697866515710436	-0.6778145107886101	1.7330280532357367	-0.42090601051612964	-1.2437260183399077	-0.2490820751402278	0.5948095320267386	-0.5906424108754054	-0.970245023169463	-0.720730253380274	0.7109225206306153	-0.9413595980022929
6039	discovery	Nonlesional Skin	-0.2727080014203447	0.0795722967840073	0.05648544430599171	0.2831609690785647	0.08290703657083405	0.09097476241143507	-0.006516958996632315	-0.1991802015392424	0.05314249923626643	0.05157201568784716	-0.04326242243498503	-0.1579230675024376	-0.1869487085405641	0.3014193880432003	-0.04195065231671974	-0.0158552150987294	-0.247365548766047	-0.23993265426752297	-0.042013072748554633	-0.0706496073432709	-0.101327140082846	0.008245481167663063	-0.047101959407570185	-0.09981226702015564	0.0615854212559152	-0.12067557110420622	-0.050355653712575194	-0.007871863404980186	0.06778997866883556	-0.2012406930979833	-0.1891916984137923	-0.23718120423724534	-0.25385146252001234	-0.013495496931763872	0.14323160327928872	-0.2834007949166588	-0.07963223280590982	0.06029392015462132	-0.21494125345630105	-0.10105815132520415	0.08417224622113671	-0.275641899897628	-0.2261463561121486	0.05169751770946334	-0.0820692848261903	-0.07029790342715055	0.09816929491685703	-0.15739325064710877	0.09341541592645304	-0.21181789148314975	-0.47771808062351195	-1.0382405054495474	-0.3450782870054175	-0.30464011870875113	0.21412455454483315	0.1990855445501457	0.03487567475966796	0.2860803823517474	0.2830307274005747	0.31586829995783916	0.2938622617641555	-0.7882372925485025	0.1027246336830071	0.5408196538740044	0.5635579808690636	-0.584502854597081	-0.4992504193750694	-0.71602258150579	-0.48369776981230994	0.8303573158557689	0.9904377199096757	0.49407080220186744	-0.4340310599550008	0.6433910118408742	-0.6753013684107317	-0.4059553021553129	0.4961563096100391	0.7316233933811767	0.5408196538740044	0.1519953718058556	0.49351703056137647	0.32819992216728555	-0.0174353224448909	0.20840411840900655	0.41683845730088454
6040	discovery	Nonlesional Skin	-0.18348445798720475	-0.01478245806867628	-0.08505472219065216	-0.37435523916262686	0.07997735531079886	0.15517480703367453	-0.012535190271112332	-0.43183075702622686	-0.060237392312162436	-0.4079898976872912	-0.16872353387902192	0.5675713877313373	0.2636996170259139	-0.47196094729760657	0.2984581082695604	0.2388107615257871	-0.1573959356173988	0.28999268393984706	0.0863883858086046	-0.3163563178911016	0.010558476291522923	0.027924002923292297	0.016102778412320173	0.05897661598134607	-0.08277576893963222	0.12504860312015617	0.03330917238466547	0.07199682257573631	-0.42362774449387297	0.041307917629890036	0.19664431109750757	0.9595630056799307	1.777087650296382	-0.1580369992897749	0.11531072287615143	0.47208476483579354	0.34872918462647884	-0.22632132192252305	-0.04921024441262156	0.4967699621824166	-0.19936306759532432	0.2862040064057002	0.02473443142086806	0.19539320272899519	0.22224737011162482	0.794066697346949	-0.3736629652125277	0.268915535600487	0.316850909008901	-0.020506283712870294	0.5865947039981196	-0.4212241781079798	1.5706485021464553	-0.4456359703096161	0.6506044133542366	0.038784510189733674	0.5557990097367529	-0.036084805634480896	-1.0312755751729998	0.4474606583822517	0.7818993298199445	0.47738750514274114	-1.001283532447569	-1.0209690759183094	-0.3050177124098675	-1.0985242243161628	0.03110714904863665	-1.1119561900971817	0.3656026196184938	-0.7938682216659388	-0.6198902290724048	-0.052875193099617634	0.4018583526310604	-0.2786412661268983	-0.6475207022730315	-0.4325555234293486	1.2047407653758229	-0.9560355030909825	-1.0209690759183094	0.6587214892655384	0.42380554154725625	-0.39213011926751723	-0.802031835022366	-1.056783673519585	-0.9239428781161672
6041	discovery	Nonlesional Skin	0.2270072426138989	0.09813449026855796	0.2607898852667108	0.036082845986445046	-0.024602091272015212	0.07376601957969724	0.03070386181889613	0.16793394443771104	0.26250668841852	0.05143077412828893	0.10040447133081175	-0.32057577151102384	-0.22928703097493405	0.0769637613725107	0.055471632160157165	-0.02526620341679162	0.1497289757431868	-0.18960391110001504	-0.01697730415118048	0.07373475123685218	0.061382326387027945	-0.006716107766132669	0.09602815114350995	0.0572324027480218	0.1262936551850031	-0.06762774292341475	0.04710431631569865	-0.041661109073461745	0.25443561965354516	-0.1308410201327685	0.11330873471364518	-0.19890758940867595	-0.5653884857415534	-0.03474263721969931	-0.036153825709360966	0.08249880925502129	-0.07559067117900353	0.17614558725256374	0.006217856846321619	-0.09645787288652578	0.10637245380576449	-0.1481893663690119	0.018142849407191658	0.18267526404587417	0.09397917435026298	-0.2702939913260695	0.15886555288384185	-0.1043281754697639	-0.2906658364276094	0.014747812698892276	-0.40921711447518366	-0.26057233145353903	-0.9122754240165136	-0.21593665203772786	-0.42944343155298964	-0.0299051423375527	-0.3529631593502923	-0.3386581238081438	0.4928875592530917	0.574502796036934	-0.47015345396181235	0.714528567102144	0.356499088952185	-0.16553655087128885	0.7309480031925957	-0.20992769484446647	0.1677533422764635	0.8519357648828609	0.05858470372845885	-0.6692177057800187	-0.3295363173876531	0.4421237485140167	-0.07452803159650329	-0.11638701113930634	-0.19608062256627093	0.16037183466130775	-0.8102301515516638	-0.7256450863468751	-0.16553655087128885	0.6506367179381958	0.6814418963853783	0.7258665229764267	0.22312067914323772	0.893309824731165	1.2161432858743724
