patient_id	cohort	tissue	NL__Hallmark::HALLMARK_ADIPOGENESIS	NL__Hallmark::HALLMARK_ALLOGRAFT_REJECTION	NL__Hallmark::HALLMARK_ANDROGEN_RESPONSE	NL__Hallmark::HALLMARK_ANGIOGENESIS	NL__Hallmark::HALLMARK_APICAL_JUNCTION	NL__Hallmark::HALLMARK_APICAL_SURFACE	NL__Hallmark::HALLMARK_APOPTOSIS	NL__Hallmark::HALLMARK_BILE_ACID_METABOLISM	NL__Hallmark::HALLMARK_CHOLESTEROL_HOMEOSTASIS	NL__Hallmark::HALLMARK_COAGULATION	NL__Hallmark::HALLMARK_COMPLEMENT	NL__Hallmark::HALLMARK_DNA_REPAIR	NL__Hallmark::HALLMARK_E2F_TARGETS	NL__Hallmark::HALLMARK_EPITHELIAL_MESENCHYMAL_TRANSITION	NL__Hallmark::HALLMARK_ESTROGEN_RESPONSE_EARLY	NL__Hallmark::HALLMARK_ESTROGEN_RESPONSE_LATE	NL__Hallmark::HALLMARK_FATTY_ACID_METABOLISM	NL__Hallmark::HALLMARK_G2M_CHECKPOINT	NL__Hallmark::HALLMARK_GLYCOLYSIS	NL__Hallmark::HALLMARK_HEDGEHOG_SIGNALING	NL__Hallmark::HALLMARK_HEME_METABOLISM	NL__Hallmark::HALLMARK_HYPOXIA	NL__Hallmark::HALLMARK_IL2_STAT5_SIGNALING	NL__Hallmark::HALLMARK_IL6_JAK_STAT3_SIGNALING	NL__Hallmark::HALLMARK_INFLAMMATORY_RESPONSE	NL__Hallmark::HALLMARK_INTERFERON_ALPHA_RESPONSE	NL__Hallmark::HALLMARK_INTERFERON_GAMMA_RESPONSE	NL__Hallmark::HALLMARK_KRAS_SIGNALING_DN	NL__Hallmark::HALLMARK_KRAS_SIGNALING_UP	NL__Hallmark::HALLMARK_MITOTIC_SPINDLE	NL__Hallmark::HALLMARK_MTORC1_SIGNALING	NL__Hallmark::HALLMARK_MYC_TARGETS_V1	NL__Hallmark::HALLMARK_MYC_TARGETS_V2	NL__Hallmark::HALLMARK_MYOGENESIS	NL__Hallmark::HALLMARK_NOTCH_SIGNALING	NL__Hallmark::HALLMARK_OXIDATIVE_PHOSPHORYLATION	NL__Hallmark::HALLMARK_P53_PATHWAY	NL__Hallmark::HALLMARK_PANCREAS_BETA_CELLS	NL__Hallmark::HALLMARK_PEROXISOME	NL__Hallmark::HALLMARK_PI3K_AKT_MTOR_SIGNALING	NL__Hallmark::HALLMARK_PROTEIN_SECRETION	NL__Hallmark::HALLMARK_REACTIVE_OXYGEN_SPECIES_PATHWAY	NL__Hallmark::HALLMARK_SPERMATOGENESIS	NL__Hallmark::HALLMARK_TGF_BETA_SIGNALING	NL__Hallmark::HALLMARK_TNFA_SIGNALING_VIA_NFKB	NL__Hallmark::HALLMARK_UNFOLDED_PROTEIN_RESPONSE	NL__Hallmark::HALLMARK_UV_RESPONSE_DN	NL__Hallmark::HALLMARK_UV_RESPONSE_UP	NL__Hallmark::HALLMARK_WNT_BETA_CATENIN_SIGNALING	NL__Hallmark::HALLMARK_XENOBIOTIC_METABOLISM	NL__pathway::IL17_signaling	NL__pathway::IL23_signaling	NL__pathway::TNF_NFkB	NL__pathway::Type_I_interferon	NL__pathway::Type_II_interferon	NL__pathway::IL36	NL__pathway::JAK_STAT	NL__pathway::Antigen_presentation	NL__pathway::Complement	NL__pathway::Neutrophil_activation	NL__pathway::Keratinocyte_differentiation	NL__pathway::Epidermal_proliferation	NL__pathway::Angiogenesis	NL__pathway::Endothelial_activation	NL__pathway::Hypoxia	NL__pathway::Oxidative_stress	NL__pathway::Lipid_metabolism	NL__pathway::Insulin_signaling	NL__pathway::mTOR	NL__pathway::ECM_organization	NL__pathway::Fibroblast_activation	NL__pathway::WNT_signaling	NL__pathway::TGF_beta	NL__pathway::Apoptosis	NL__pathway::Cell_cycle	NL__regulon::AP1_activity	NL__cell_state::Keratinocyte	NL__cell_state::Fibroblast	NL__cell_state::Endothelial	NL__cell_state::T_cells	NL__cell_state::CD8_TRM	NL__cell_state::Dendritic_cells	NL__cell_state::Monocytes_macrophages	NL__cell_state::Neutrophils	NL__cell_state::NK_cells
1015	replication	Nonlesional Skin	0.5141012175899701	-0.037636660699474675	-0.020081625238989848	0.3276725935737323	0.03323442901410946	0.06997763927723531	0.08548378218419805	0.11267946190566935	-0.12945969615102376	0.2668830114337287	0.023023644564671875	-0.04200647828886423	-0.265708240730011	0.41508337942453166	0.06233711610196564	0.06196179880938545	0.21838714301114087	-0.22312433079143637	0.09754189245060674	0.14799949604078702	0.07446264556348231	0.1833744173222116	0.12589042019550303	-0.08194583937132972	-0.029880971196114135	0.09519933772586993	0.035344834567812976	0.13464965884644417	0.16011256813815988	0.024544846414622727	-0.20886868886620966	-0.28126969572481175	-0.5142773001383681	0.29457596814491416	-0.020404711768248682	0.09175421668480324	-0.03196838912012508	0.10967084777511159	0.05025464675862446	-0.07589007613820199	-0.09493976202884602	0.2852289715730481	-0.10422392720786228	0.13090847571692116	0.07827637614197563	-0.23820993485828795	0.172726581868648	0.027583767770518366	-0.062019247708426345	0.15070685955072774	-0.8928089492629622	-0.4479880805678343	-0.30538443346298333	1.1339184600041983	0.15405128381574948	-0.28996540724819847	-0.054613956258319524	-0.551476091046821	0.4758044035778197	-0.6894709924615097	0.06764481692526642	-0.8591073084412137	0.4889621851784301	0.5923264479449635	-0.10916450224138378	0.9155456602154418	-0.7568794814405352	0.7134814009033461	-0.1501513311836172	0.24420033040528247	0.24365535429926824	0.05652049744557747	0.3356542160173709	-1.1362301729183188	-0.18202923206441762	0.11474178666424054	-0.018434977047365464	0.2214365811097061	0.5923264479449635	-0.26554532384829815	0.4212981460400954	-0.5500139958528172	0.7083109243214742	-0.5199478957912647	-0.4170213159974847
1016	replication	Nonlesional Skin	0.4108320444865057	0.35531203394056093	-0.2625744752240286	0.09237331718470833	0.019631611313828665	0.11312142648933994	-0.06422480825799	0.23141458717201915	0.13398105213677686	0.1972738185597682	0.19328965738608703	0.11198826628452185	-0.12007218082407221	0.20420629160844556	-0.05902153695635998	0.06041586840491917	0.2162781926138435	-0.17655321544782082	-0.05382334422318865	0.011964669613952771	-0.0386924038923271	0.163454791587471	-0.011983614939362197	0.16256711307134153	0.14948394651625785	0.1503778951339938	0.16703353433610452	0.05915438638650959	0.07516399085638342	-0.18924987687604905	-0.18852828993934645	-0.3308063087398019	-0.12032459176414455	0.300809347827646	-0.19232853530893326	0.10179290978228017	0.05392658901792234	0.052983923013117565	0.04966870694231591	-0.019764247078771197	-0.6038684668546819	0.26406751625540104	-0.14451024750150698	-0.22498984507141342	0.011512899246928283	-0.26403086228817796	-0.10961736877015651	0.04157412377068078	-0.10976836034997184	0.1797731709946261	-0.1587584763976539	-0.10797753280675626	-0.32044910986939146	0.5150227312503736	0.7385891121193957	0.23173871664645543	-0.5153803333700517	-0.015438340352476343	0.4222488529338069	0.4395083272152779	0.06066023858404102	-0.23634530411900312	0.6051751527757525	0.6401484250528542	0.404073439493498	0.5990880391773269	0.6998663139488908	0.44880937185045355	-0.4009982886572653	0.32224228509325165	-0.10080341610990806	-0.690267555017305	-0.4186017391385168	0.3169421906990826	-0.419282651438074	0.730746567764096	0.4408142938337437	0.32726822502339753	0.6401484250528542	0.566005926156528	1.377587320483982	0.7857615523697302	0.998635832599879	1.4079358745630104	2.4172567087829426
1021	replication	Nonlesional Skin	-0.15132769250679365	-0.543826461403066	-0.1525378654230404	-0.3415357211105159	-0.35750872073893203	-0.4513022217072174	-0.30806938960069136	0.05440217562736137	0.20888790804713245	-0.45423277496676434	-0.38741474702579876	0.03740145718481171	0.6910053891092701	-0.4292300396528301	-0.2907695106992287	-0.1972213072658379	-0.019258791400620492	0.5053106944708108	-0.16879118836141083	-0.372714439869301	-0.15107718950216478	-0.2966093757083767	-0.35021229920586255	-0.5949158215687033	-0.4548753945756308	-0.6072315261659227	-0.4948186318347396	-0.246506137520359	-0.3813416476141043	0.06252484614703885	0.24999146497631153	0.4994100915573553	0.34566776751663975	-0.33443165300444183	-0.38901365917085	0.058923348415389334	-0.15773996256370199	-0.08209102937379836	0.10291864413307844	-0.16455455393157428	0.02820353653266077	-0.1625901777870392	0.2299031343770232	-0.30707266958933227	-0.5265019070081932	0.1332934759543017	-0.1471749790932959	-0.11338105521764397	-0.2936577379465176	-0.15796786993990256	-0.8712275817778627	-0.7212221226064552	-0.8018850388954295	-1.1025732536727635	-0.2311580640294789	-0.43707900672574773	-0.2841159211966706	0.18433639149822442	-0.15930255048987987	-1.281425497046413	0.14697601698335275	0.12813029750457763	-0.4773778840432439	0.05130827510310182	-0.2803000240896475	-0.335944390552943	-0.3831747525675704	-0.687652215768691	0.6873900893232977	-0.8672512219610586	-0.7578897692668225	-0.5780257452438373	-1.216675652125177	0.24073459203298342	0.9173008069397862	-0.5345208786226754	0.3654000464396727	-0.5820452072095994	0.05130827510310182	-3.1777753109955773	-1.2604690332651256	-0.8266453659124668	-0.976077909647461	0.7048802808260968	-0.5734483340661153
1022	replication	Nonlesional Skin	-0.16366492174556235	-0.052885088609398105	-0.15279359580496063	-0.3913454547831974	-0.1998119002533716	-0.2985355866148296	-0.11931815409562818	0.12124713234455518	-0.01575561418302053	-0.15111861578470265	-0.10203993143530785	-0.18054098955711648	-0.2494060045877385	-0.2277434958896899	0.10371678871325218	0.02521153548726616	-0.08692808598971233	-0.2248041875713127	-0.1701707834932705	-0.2911741119769437	-0.17570462810276738	-0.21741912757855208	-0.10811341830387862	0.18626972932933689	0.13240682984914967	0.06494507170696033	0.04550507401739001	0.05605079517654605	-0.19124336044243437	-0.295654721106704	-0.17281424677676013	-0.5572635852749659	-0.158426111982192	-0.23341432538542475	-0.13163197885798605	-0.2414350536936075	0.0589857471108133	-0.22882480038959951	-0.016789814818603324	-0.1907795673657778	-0.45576771858182197	-0.04474250502101411	-0.09185002673851951	-0.19019796879283193	0.17602746846984904	-0.32491928096454253	-0.22810536174099472	-0.01001442726895889	-0.2593148465704905	-0.025973547948071045	0.3137703642961262	0.17674887230229555	-0.3957100898223702	0.5213600344885178	0.6598151860167171	0.15117970382385035	0.017875724277150215	-0.7287331957847849	-0.4424254035038331	0.2406486125245083	-0.630768052395803	0.11890273351642759	-0.25720298720373436	-1.4051920396432085	-0.9699480769716493	0.1595181635601609	1.1667463942320242	-0.3132082251963145	-0.31207386371885215	0.6994205696535143	-0.16819226174038843	-0.0828523645453165	-1.0964638633111876	-0.7047783450163679	-0.06455944798220976	0.41862751577486645	-1.3481746200116693	0.6047751688489257	-1.4051920396432085	0.4857098051215874	0.4363990932697573	-0.09961228969285324	0.6890640251067299	0.25994866733090716	-1.8290335825983173
1024	replication	Nonlesional Skin	-0.19466048024934232	0.18722803170428154	0.17793106541145187	0.13009576607660733	-0.11143378357611307	-0.22102724922272085	0.032739645185463954	-0.05156865044480623	0.013549704554399404	0.16997180485489785	0.028020961889754913	-0.40706558866088355	-0.5966413473430346	0.1503345492002894	0.007195139068745196	-0.3441655993460219	-0.16454000205939417	-0.5291326225514978	-0.24142809696124345	-0.0122982997946236	-0.05304968442723777	-0.06617843394625661	0.056569413619931626	0.0933206595655412	0.08152133338564717	0.35100798483354706	0.2805198122620019	-0.08339243628656165	0.2917942636914913	-0.16822221393414802	-0.26463934606705164	-0.5150574722229487	-0.7820552791634607	-0.18004133905713826	-0.22511780864745054	-0.4177418368008339	-0.2608784420969076	-0.12907053153430686	-0.1320160354402767	-0.29442657526627	0.26565241334054934	-0.30547010157190074	0.001220623178557099	-0.11102657462556585	0.07894255966294325	-0.22264705619465794	0.24604480605879486	-0.2019344143397423	-0.3405856364363136	-0.2045727049372447	-0.5954588904856297	0.634327164934835	-0.6101394672464394	0.4961024542156607	1.3827085546214661	0.14101900112124774	0.1475557533273918	-0.1977739749238705	0.5022777508605021	0.031029028568093225	-0.23819005180518427	-0.6506421813615474	0.4714402744574777	0.32994570677009044	0.5074447861525804	-0.11913873162387764	-2.234219045783127	-0.08014497897980612	-0.21212025850684466	0.7771174995304857	0.9148742486557029	-0.3815673672984542	-0.9236231911013038	0.40256119929616324	-1.0085477264079066	-0.0864207041194327	-0.8024069370536027	0.29713556688992215	0.32994570677009044	1.1961199752674525	1.129014840337662	0.9967070012700788	0.3926547929696944	0.07843511040504342	0.5362711118351573
1025	replication	Nonlesional Skin	0.056770032415827766	0.3050635471127842	-0.010265714771046914	0.7696808489441916	0.4566546636580647	0.17033549044609542	0.2842940726314242	0.05475007311318059	0.1765876135035157	0.8036346719715889	0.5511599842327398	-0.19161237756929358	-0.4156273111010144	1.003854146805377	0.10959198995052286	0.01255509588276207	-0.12117727900513038	-0.3624813624228434	-0.027049636525128606	0.3508854235507519	-0.03470596400365253	0.2537691866134469	0.34061129593572526	0.4771049585220923	0.5088297227692216	0.09281233124444364	0.19525966046250948	0.04596359879166956	0.44966258210338517	-0.030721584801484847	-0.07613312068111297	-0.36541076557654134	-0.19044337624533852	0.5758297617938543	-0.06464654635331929	-0.48117744235868876	0.02152684576015326	-0.04627488495602467	-0.05715769114912863	-0.05516382885272124	-0.17248180211987107	0.051213944348596496	-0.27807630920458154	0.3349065261494873	0.40272400820212284	-0.10667593088986581	0.4306489425164913	0.2192025035630613	-0.157905679088555	0.18544040313510576	-0.3006094010303756	-0.5856157759067638	0.35090893428959363	0.05217249286157606	0.43763670655745046	-0.09926255146551717	-0.3403429926595303	-0.40546113371726705	0.9863472425251434	0.3842100214830327	-0.42701360320326565	-0.04548069415031284	0.0003588194217620799	1.1842971490363658	-0.7345771428539549	0.66682823864052	-0.25535115771331574	1.0940232595040733	-0.2804652243854464	1.1229075163348592	1.0594487411249074	0.24480880185333592	0.9733635889976908	-0.6410711295711822	-0.694130584392682	1.1931870804174007	-0.8091982546791309	1.673792220261275	1.1842971490363658	0.7563363321537894	0.20015596928602528	0.6601084900614799	1.0681347130013779	0.9097377834117049	0.044993705755416065
1026	replication	Nonlesional Skin	-0.1409651217573644	0.7905737998666158	0.1707776198923818	0.33485719263498537	-0.1305364089388554	-0.0902518734786697	0.20658344311626017	-0.09537294112305165	-0.18678335598593152	0.13715122809059213	0.4671732575080853	-0.44872181238489567	-0.0874941697966166	0.19595788825193655	-0.12467062452852487	-0.15252955295664702	-0.19556309397568852	-0.0733596450189188	-0.1438587845248397	-0.12742770751522922	0.008742707588419756	0.09064226012376962	0.2660359559178545	0.8264903530601879	0.6037565903541323	0.78803983776371	0.7844349732491612	-0.18812524775772735	0.4958230947702903	0.028043663565685793	0.02241266510892202	-0.3185426507616239	-0.879135253560947	-0.24773141815936034	-0.33890133388596233	-0.5542672056776131	-0.2175177326632347	0.02096116568152924	-0.23561882574168544	0.20237134034828683	0.5466605435717276	-0.27030169699540324	-0.04332300792996131	0.11302586403639946	0.27859333343402193	-0.06079505220250967	0.36121009773955703	-0.2352501385383127	-0.4760446606684881	-0.14044929232847653	-0.0027400775847886555	0.37570122300015224	0.10724060548093924	0.5651035660641917	1.8132542909187144	0.3554875723371101	1.6732903357898543	0.5163003368717031	0.673157731621317	0.5785238766489175	0.17119083287548706	-0.9166051567707062	0.7231766511478923	0.48072261714602266	0.4933960046991174	0.3885620331388384	-1.10505524251483	-1.2582143264122918	-1.3597260908970885	0.6134795633662058	0.9273793153711853	-0.2883098479560162	0.12885044429390802	-0.23029159143460576	0.09470977901135032	0.029589074456339126	-1.2680713771196506	0.7563757853939539	0.48072261714602266	2.0027856742877415	1.3295617766702097	0.7380029801134456	0.8923835389468013	-1.0117575783678354	0.824010324724089
1027	replication	Nonlesional Skin	-0.08382645194060921	-0.42370698805866686	-0.03517970024221825	0.1470619916778996	-0.3136991530124538	-0.36413979489692194	-0.24631039411859526	-0.05482410046690818	0.00016761932963928658	0.04799688723618093	-0.11580177224492454	-0.5535001056339733	-0.6187537740437724	0.2626124140081705	-0.2456798714854208	-0.4154058771354269	-0.09771754162739989	-0.6047003600379945	-0.4853535154315121	0.37696764272767497	-0.2389389284312406	-0.2637018434192042	-0.09835573434857055	-0.2589240307783273	-0.1511807754552416	-0.6346344754114744	-0.4083756820950945	0.016304909010309128	0.1858765991547494	-0.29541825848934844	-0.5318427415048381	-0.6982500894749532	-0.5163902622023583	-0.03715854504171106	-0.19614787300330827	-0.5767216350627888	-0.4568247328196169	0.18261805189427938	-0.21053506089113896	-0.7133129722613576	-0.1766456884051145	-0.5341262284366752	0.02244944009514108	-0.0869989619856377	-0.2156427421350085	-0.44812065662612877	0.345433984677398	-0.2524974389525657	-0.3932675802755327	-0.11814686288248603	-0.8796452326945533	-0.0348089645376907	-0.8966471656745766	-0.23286958843873623	-0.7910654810040856	-0.20355848338442364	-0.8980482039244904	0.42934013087734857	0.7751887255360268	-0.4828541693193281	-1.5425300677976903	-0.63785273460381	0.827651984500509	0.707647938970285	-0.3219416230902108	-0.3669244346363175	-0.7700692695155604	1.260045735625999	-0.4050607953842567	0.3661877798084898	0.23985839325093655	-0.3012835359274053	0.09559179475141893	-0.4352155159439939	-1.6012734458728008	-0.34813887744999106	-2.3627945589024453	0.6018734250009696	0.707647938970285	-1.5815465856764743	-1.332915016128453	-0.5334688605570521	0.2148017791576028	-0.722440698978674	-0.3908823996480001
1028	replication	Nonlesional Skin	-0.1497191422994901	-0.2598447495039755	-0.4408973955627606	0.3144953804287597	-0.09219900986437302	-0.2871776096891562	-0.3825379195929653	0.16010098997515884	0.13486724896704105	-0.01401090206823391	-0.23848579541076853	-0.5163379976954219	-0.7293017220159483	0.26299925619333586	-0.1903150443049589	-0.2296693616892732	-0.18177186802787257	-0.7025601521333882	-0.40518688764986643	0.10679576640565247	-0.35433221506955453	-0.09399936773278379	-0.20214684822365983	-0.0794098069262926	-0.013128308842126048	-0.084832166886023	-0.16329450670869622	0.1589413980864354	0.022317621236403355	-0.32134917530798723	-0.5963328641454253	-1.1227751425500128	-0.37772385608267334	0.2951841975741647	-0.14741312765073442	-0.7796554720511069	-0.3124641229441533	-0.6561510187174205	-0.1212927666219958	-0.6237079151487445	-0.821346472925719	-0.4104660364527739	-0.2321110545860013	-0.41837798400636167	-0.17727844574611784	-0.5922934321722012	0.01967720192185587	-0.3310556930452431	-0.3522216954959903	-0.09837733456200098	-0.3463323192595085	0.07473096300795586	-1.7502429040045395	0.38840753837178454	-0.10152387927504554	-0.5937718733435823	-0.6977874978947205	-1.049510660342581	0.4080732030808356	-0.35106206625571423	-1.4097743085363312	-0.7475129379720135	0.9004472599062396	0.8676259389600125	0.3570312360500303	0.22991555991394425	0.7137649495975176	-1.0837720830448216	0.6089803284314106	0.928508238214024	0.7709725796172435	-0.007663753328639375	-0.8766926336549762	-1.803384560164523	-1.5527945955764175	0.12087879058020948	-1.526963405524742	0.7157785282085807	0.8676259389600125	-0.3207338974529438	-0.5162681598529132	-0.1963180903533716	0.5989137242526681	-1.2570855002699979	-0.07385273467620776
1029	replication	Nonlesional Skin	-0.06327611637651931	0.25885108009646585	0.11640163101119703	0.9043522634082007	0.41727499462957957	0.4465164923884407	0.2561918677553993	-0.18869506630886	-0.20790938955150884	0.5116153087791271	0.2769448184767389	-0.24543972538288128	-0.0845880456979221	0.7083234707869834	0.2011477050514906	0.11024939679805267	-0.12473765800755407	0.14403449677054278	0.1337565576823795	0.5133748826314964	-0.03533470036990056	0.24981025882921046	0.3274698580544165	0.49778737258707517	0.2736905035995356	0.9861263811240529	0.6052674870022425	0.10824789380863062	0.27358926810683243	0.3553399092137272	-0.13124471207270022	-0.40756394313055033	-0.1298086443461732	0.49581630940739746	0.2931932272458732	-0.37203667635542886	-0.04429235699705378	-0.07103062931742192	-0.03199807787104732	0.049584060553418983	-0.0279278359712365	-0.1500659339075969	0.010052688368080832	0.43107394196915216	0.28589664994018604	-0.1365374317784987	0.40599128118443617	0.13210819502319301	0.2685990142561342	-0.019934110964524965	-0.7681885941249414	-0.06319049625177144	0.1279919485421482	1.7154535280164136	1.626410784063105	-0.3242682527070793	0.19577228082084056	1.0470292473965435	1.1084534277256755	-0.9238714667121319	0.5481152675045031	0.4948476135776816	0.707407260314415	1.558170044564058	0.689554858977012	0.722373767055398	-0.4823023910389461	1.051038059372444	-0.17598767272633692	1.3437360105011633	1.1696300667725472	1.4958068809636746	0.6632088080300791	-0.8161106388333976	1.1506954707614212	1.1352509934345107	1.1335013293042038	1.145542044869398	1.558170044564058	1.202194875832507	1.8114384025044823	-0.15088854919893255	0.6192985184142066	-0.6861178575222477	0.7290796162637876
1032	replication	Nonlesional Skin	-0.5828095368698062	-0.30947822660016283	-0.4116936969591434	-0.01599145249143906	-0.2929156479356737	-0.05469672898206882	-0.27850018464216686	-0.20334504582051838	-0.3849656811369695	-0.3167553029327036	-0.42060262054575687	-0.5002827490645354	-0.4742963852395051	-0.02186715352125576	-0.035583367231019646	-0.2045659722166872	-0.4644975874718325	-0.38944805288286544	-0.4249803434121082	-0.022089134869828202	-0.43599564274238706	-0.11831813547339316	-0.2121776254525892	-0.33326262017848246	-0.17999739593982564	-0.2810545615158675	-0.24277033976570914	0.34649265684393177	-0.1990416420686658	-0.19832670010165063	-0.8936980310195604	-1.324378540893063	-0.6237692175614488	0.046240526257501954	-0.0735559002485605	-1.0542045759672793	-0.17466226900357187	-0.8870165898153942	-0.4329225991369272	-0.7284766575068037	-0.7393604029103027	-0.7497453109857852	-0.1723358839082906	-0.2870854945825202	0.189036135456185	-0.5912473952768551	-0.044568917845059584	-0.2746233725512242	-0.056029215587109354	-0.29747238688798644	-0.9149474562985895	-0.052922700062953076	-0.3016491778413671	-0.36011613186229624	-0.7761006760858189	-0.5362053571299078	-0.33713643745387667	0.07101474202053788	-0.2866749527179786	-0.4039445311156115	-0.7749580422704098	-1.1677453773474382	0.2394839996144271	-0.2998937594563359	0.7527666162022606	-1.0282326297090831	0.12185739447967514	-0.3941110920970171	-0.25815762129979597	0.754408921013572	0.5896765338677674	0.013233100421124314	-0.9827772197571732	-1.237949851272525	-0.745937920164127	2.263936501827357	-0.9525424497670192	0.47536435408411104	-0.2998937594563359	-0.2645471836733402	-0.5089799816577394	0.6213938063122912	-0.003269981364275684	-1.586253629459986	-1.2960507646100656
124001	replication	Nonlesional Skin	-0.09467220007865353	-0.037403401715597896	0.20053346496311023	-0.08324148467209176	-0.02833459484037893	0.24863629014892363	0.09619565620134178	0.1585500852192026	0.05439498569963965	0.009033980813335828	0.1531720988459402	0.038028923912582176	-0.058858572974801016	-0.2588131247859447	0.11727064941581054	0.08363320843671114	0.004457125314653538	0.06419822395328473	0.09841177901120587	0.15608179833726876	0.2802607275063902	-0.0737291533316682	0.0797889356337535	-0.10689870186963388	-0.0740985373718313	-0.22623001992611122	-0.12407533712864238	0.024486978804894352	0.01479332449515995	0.1076382085363433	0.19047960712333967	0.12281618742007262	-0.1409063256794904	-0.13302296898984528	0.2721222483047748	0.12151418550897584	0.122167807711597	0.02309655032598937	0.05190919802856404	0.09375132146279908	0.4169255261239585	0.13891044656928384	0.20553196800191392	0.007688392256586822	-0.16612060546148325	0.060272205281502136	0.12740030476265138	0.017833687748642062	0.3748873130488924	-0.02436021079377821	-0.05532376133383105	-0.1672720383909758	0.18574160484957827	-0.31505421079137186	-1.4060180123266426	0.49859343616760105	0.1807391014872006	-0.4478969562176695	-0.18681179028925846	-0.7481765190226037	0.9857209633611338	0.7340509128164326	-0.29961736426365326	-0.7440679344695125	0.29237426287161816	0.12093898378273973	0.013415992685355843	-0.9391875905950685	-0.8325938701590713	-0.5477130409658929	-0.16904839618812345	0.595326002879996	-1.0188716176986548	0.3882120253096849	0.4356824618384365	-0.9735743578870483	-1.0308511066733208	-0.25149130398694497	-0.7440679344695125	0.17926412817456325	-0.4321283504414344	-0.1289222419231189	-0.14432378724122125	0.33224985465270535	-0.4747948608187158
124003	replication	Nonlesional Skin	0.575560117613057	-0.012884400575819794	0.2866295626202469	0.34529719879412496	0.06257246968512006	-0.2005900444478444	0.04541348690276701	0.15339668134895304	0.24548444697066285	0.4877546771818099	0.27860057713672975	-0.08311474270012328	0.17334295916643747	0.310214202909268	-0.158562294952736	-0.10623582590234275	0.41974827968035583	0.09520150375903905	0.0724182370234593	0.07405811958965043	0.13593965232496327	0.13572007109335968	0.17741142493261497	0.032430230519767796	-0.054165727153435615	0.013602102605491979	-0.0012575483759947749	-0.2441478116495356	0.29918785484665994	0.038673693396008756	0.27804232242969695	0.3051274826728169	-0.05552751329608648	0.12859680803985246	-0.3369971692641626	0.24918267649867176	-0.32970534446157373	0.5092472821104153	0.09455265762661011	-0.04930254836442289	0.4801078988544678	0.19842760974264076	0.17932352910215998	0.09716095493391633	-0.20731468098211966	0.12356948277351487	0.33448827919071783	-0.017957791334164204	-0.4465973105199093	0.25759346444906867	-0.4680434765810488	-0.4604142006967622	-0.6444684904671414	0.24838150371402143	-0.059947443621530976	0.6670762381957577	-0.3193672400576424	-0.502588351520922	1.0153272170372822	-0.2497818237446666	0.013519158372564363	-0.6374749523072937	0.7032642370470799	1.6159515475832382	-0.17902236211920303	1.1304629203439132	-0.9307113493175354	0.24758622758191942	-0.4655023957128506	-0.4956992153369926	0.2731345619034803	-0.23480424070598482	-0.4013360283066374	-0.9146932970649617	0.5248612210905959	-1.4115381396527664	-0.6745721988303238	-0.20300675945810892	1.6159515475832382	0.2684829910813207	0.4717713057160058	-0.25362142114970265	0.5905454456194251	0.5339289366326592	0.9549961184855744
138005	replication	Nonlesional Skin	0.4934387791159878	0.6261734671824781	0.1356784810893566	0.6053648493797615	0.40285375069517876	0.6370961679571627	0.24923384247091243	0.027294300195098244	-0.2113002047828004	0.24595559362023112	0.2385020219656514	0.20122724291258898	0.17413615959065878	0.4571856196077164	0.10367336730556982	0.2387065613559505	0.22955945504718198	0.22472688673554994	0.30220364408034195	0.44108072496405765	0.11840367989903695	0.30142160921078026	0.26955718513189236	0.4784664796703328	0.3028381891857748	0.2774948076734418	0.31727456233021417	0.012921430718203428	0.23422123901234762	0.15425956950340244	0.1700385967130852	0.3231700796997419	-0.1576393424467569	0.21639427784870185	0.23274745493200044	0.3523709969980358	0.16833639207144543	0.18782175989510938	0.08984609704815405	0.4214843110462326	0.1869878818178505	0.3647658490816551	-0.17603443738181843	0.40983886438385836	0.12632424921469448	0.1347078333816165	0.10642144603423354	0.21413052809835909	0.11791508506949427	0.17030269578927656	0.9190552547447786	0.20412074195165097	0.29164464537645224	0.4171073577933024	0.23284271570905576	-0.9418745523091362	0.8257873518737112	0.14017495899054597	-0.1286944851012645	0.018714924475564887	-0.7420539724384674	0.43796965793659126	0.6520489208467928	1.258960448067794	0.584163916781649	0.08891380610758703	0.7664718046339292	0.4971317467276757	-0.6124340195121012	0.7751492259472188	0.19276610589123672	0.23192790717325928	1.6885427084684377	-0.12912441696335494	0.11462006469223243	0.6175179732525863	1.9756578286224458	0.5730226307580919	1.258960448067794	0.9656398440183225	0.5342176278356328	0.020615235490848552	1.390597520075647	1.422911260442122	0.3697619214671754
23011	replication	Nonlesional Skin	0.35592383583670845	0.019027658549903	0.18642795573155738	-0.052317189330095486	0.19464603578954442	0.0765853412544559	0.10683495279389425	0.32564381355406374	0.6610723824859592	0.15100934701516092	0.07745252182036202	0.2777519057752005	0.47583161193883206	0.08287207696352043	0.32851011491252874	0.3718074735132742	0.4517278873712553	0.42124813993897253	0.2904795884356868	0.0779681578490471	0.1501800766735406	-0.12666894668832568	0.13983219684781983	0.12590419472841355	0.10142412311755761	0.23278748131091226	0.13059159368629572	0.026814581711090076	-0.16032897596547666	0.12930704368382692	0.7157620313205814	0.8068136893904273	1.1052465309101676	0.04903845492697296	0.09991967664972465	0.607468346470601	0.13115895461521437	0.14788452558270743	0.3731217698954394	0.337641532475844	0.02916938186421363	0.4187798763878352	0.012293171563406055	-0.05032929093237467	-0.021759929367014805	0.7611499470876414	-0.07564908107654479	0.29567498596431496	-0.01202662105778777	0.4135363436271061	0.42649921067074104	-0.42443678649954775	0.624226699119657	0.3478149531183773	-0.6267219567129475	-0.12149242760518915	0.31124884004760256	1.0547325842817132	0.5877741534161056	0.34675175500568406	0.2498844222900194	1.2979495190551662	-0.1491883689537999	-0.31531976738254	0.07901483459883643	0.8283826006484611	1.048215096584186	0.1380307819956888	0.9934534920298581	0.6373143559705936	0.21227010003673788	-0.6514042883700981	0.1318314491474409	0.009991261533956797	0.9408106873394995	-1.1236366534821334	0.9829359704423096	0.30693151383831463	-0.31531976738254	-0.27321884667785873	-1.3061762364141063	-0.4436333534602215	0.30887298295989557	-0.020211185705016788	-0.0944393230735184
42001	replication	Nonlesional Skin	0.08004604528257189	0.14394201541808777	0.2749578935794332	-0.3886845095478417	-0.22066508439928104	-0.11946753233772231	-0.04293734645399382	-0.2158862853010425	0.14143969741286028	-0.12055433469085423	0.11155252778211681	0.3317022778991325	0.9981170291253495	-0.42529072251706973	-0.025143394399964346	0.050499150258366286	0.34425124306416405	0.8811152509018296	0.2735919545536402	-0.5635966393645595	0.20060762255127668	-0.07754864088117772	0.028711898193350516	0.26839983218674957	0.020460562117632846	0.4260537985033283	0.25699733227713284	-0.4314942183300759	0.07582927733987563	0.20486462628668423	0.6947992182943152	1.2168267922847078	0.43395471423037246	-0.34806334368015546	-0.2731180490669447	0.6758102297503547	-0.10614634274433694	0.39410017358546134	0.10727961649870446	0.2733158495032437	0.6417102493728265	0.15373514309532424	0.4604916743595845	-0.16632424346490213	-0.02238205586812058	0.5468471386898865	-0.2830780381472846	0.10936818163926901	-0.38726135260336936	-0.0686948539000936	1.026346746419861	0.5328395244172093	0.4300384453557345	0.43026768638606827	1.6633635685712571	1.6166200202298413	0.2258683866733749	-0.01872197986088686	-0.7509453232006128	1.442144279469403	1.6497051370698372	1.0671594955809969	0.23834444413672723	0.10751967246439184	0.14865416460017106	0.22736712993753863	-1.8456602601649177	-1.8636658426135566	0.13845150811965865	-1.296662981927157	-0.4565209002336963	-0.10712193672004955	-0.6355467384571865	0.40511304675298565	1.662506645074974	-0.3326719260657316	0.18186840579852961	-1.0970290059779801	0.10751967246439184	0.5382010131687223	0.5168655735687427	-0.17922031031459243	0.21145944141887452	0.9911844438121963	0.5647669159347275
42005	replication	Nonlesional Skin	-0.09100773283124042	0.36536054711843574	0.36719244064747963	-0.08252331544573349	-0.016781520963312677	-0.11671573144712932	0.2778233283465919	0.04932166214210158	0.052949009103250816	-0.05069349499399365	0.22598679435280822	0.3228820567997681	0.5166052383318624	-0.2319464543884809	-0.1267310903573098	0.09673730325258344	0.1789933046455713	0.44624773601725415	0.12234982455063324	-0.3437645333246277	0.39074740266235297	-0.0919999152688387	0.1441341553024677	-0.0013602504636125356	-0.001855052593877303	0.26541430326863785	0.1467755299428775	-0.25852285541869546	-0.0600554235403727	0.373367716941421	0.5319521958483372	1.0157033455213098	0.014240570116329126	-0.5103898714973244	0.10708203012281489	0.550891698049102	0.13182682867517764	0.327417999198843	0.23642893097340337	0.4392227719723394	1.096886352569714	0.22383084978406853	0.20802746226433597	0.24709497980585388	-0.04732870195239642	0.5174189727636447	0.05016808099006835	-0.00910458855955446	0.019940301707281838	-0.051297711799257135	-0.10309019027033203	-0.10683342949710965	0.6314262241697536	-0.4051222430340805	0.09048376406522672	0.388814807851703	0.9944766980035666	0.6364988621354963	-0.3084730827740904	-0.6152684056751915	1.936118573980299	-1.0695227581844138	-2.3456011752611796	-1.1283920890990686	-2.010171253216643	-0.508952070530239	0.6757276425992783	0.06166414819708599	-0.3139613010826241	1.1563112640583246	-0.7453206145100616	0.2601944281331135	0.9526311945638002	-0.060563109279059155	1.0361764580992245	-1.717157364257353	0.5326062118742294	0.8475706008725763	-1.1283920890990686	0.6862143936512809	1.1266955758591792	-0.22585692108245248	-0.4394681225571195	0.1996074142239253	0.5975304903098297
43001	replication	Nonlesional Skin	0.19647323016360857	0.3771755220257896	0.13658817270592416	0.9010021388997402	0.3871523510186355	0.3548902612770873	0.2926379156644696	0.1425155645984482	0.14131056706432935	0.7052230427212076	0.3863789061331447	-0.3082265863808152	-0.47046739254277986	0.8861275802628562	0.2049283300795009	0.18519918972414595	0.0862722152969174	-0.2905791925845957	0.14785583420351617	0.5596383945241634	0.030120344912445897	0.3624120821421617	0.2789706518913066	0.2647391285409267	0.3663912304342982	0.07113137126658024	0.14324009587016404	0.23711889296659178	0.4894712464313729	0.1244906698626756	-0.2110858603000971	-0.8409477744204963	-1.050136947062315	0.549247473543307	0.23919710265719046	-0.25718109719822047	0.06365382416433518	-0.018658528208478478	0.07804848851802013	-0.09338855639488991	-0.13720796166137533	0.11194942526044532	-0.027799341469854365	0.24302259499770282	0.3155706424909009	-0.4524947884950414	0.28102891539515595	0.07415068738037506	0.27066657698947466	0.16389185531223868	0.12162943642892043	-0.4514172348730519	-0.12097837953088125	0.2576461120738688	-0.09623405974761874	0.40014768824632324	-0.46398735234123484	-0.4916970236146003	0.737892031011615	0.257750229205663	-0.19705737387203648	0.7198056621967434	0.44303679394582984	1.0907296552517858	0.14788898156643512	0.9330463833918498	0.5870593283447938	0.015247737000642414	-0.6887349674047486	1.606704802889552	1.0491476093981407	-0.739487155207973	0.44079775431199064	-0.7478512345588176	0.6226370459652564	0.9301022486478884	-0.29415885555932636	1.6040216712580935	1.0907296552517858	0.45213724900221414	0.04275380039377484	1.4357073167070384	1.7536047581071954	-1.3170377820222454	0.6398824233320156
43003	replication	Nonlesional Skin	-0.08572910385728061	-0.13998467323000113	0.04055103685757186	-0.03425465401659833	0.20971643476873353	0.05075987887717319	0.15247042606802463	-0.11742296193938963	0.09359417208238367	0.1469804254017937	0.06434002260068071	0.09799659212488743	0.4303661534474589	0.23655290437852663	0.055674257883014784	0.09900653585693894	-0.052671262620608304	0.5132624339597789	0.060473708745648364	0.3601534492777173	0.124067370554047	-0.0037304257724488305	-0.02963279995211359	-0.08282191395274845	-0.035411339447030135	-0.14091320237391428	-0.21944056223992267	-0.03626981229066522	0.12558264290954815	0.3132379320205631	0.0793823458427104	0.23686566436502102	-0.020482963475490307	0.08070170875826382	0.28993963452228894	-0.17720111453389403	0.10396612151374025	0.1740584935780065	-0.06574904164150994	0.0543505095151513	-0.00646189002792936	-0.005132901170272947	0.2032913216670177	0.2911238135900783	0.10341891515917351	0.03416618163265818	0.22574042026670701	0.10208632125098763	0.43086026526634197	-0.04073431716212932	-0.5544880986912528	-0.3125002422238588	0.35132175394091214	-0.3154516020347522	-0.32482838165954375	-0.014650836497746752	-0.3116627423160994	-0.6486684293103501	0.22742608271636358	-0.2981135869873287	0.4278774704120898	0.8031051358292248	-0.7796149595888274	0.18309295455897934	-0.8650675988874899	0.5123134018707581	-0.49066610612266787	0.40393011069465967	0.7610248353661128	0.14194446500843388	0.07954644274934754	0.687514517584245	-0.11898912553135255	0.3408129069394841	1.303536954489706	1.3592971072100797	-0.21694815078045707	0.07510462408057483	0.18309295455897934	-0.633124055436096	-0.24412863542069624	0.2826202428965964	0.25005356161746356	0.8181205123546215	0.050402518573778116
43004	replication	Nonlesional Skin	0.4673785671179407	-0.3752371587794488	0.5126081766254593	0.3361098327572552	0.14682902786553276	0.19634769362931362	0.1840781791803118	0.0950706489358006	0.046237962446207176	0.20743968321625986	-0.0035566719056699895	-0.20050994710478617	-0.21425926594155487	0.2635905622878984	0.351636157454043	0.23615516905627557	0.25575900614238956	0.10731355511163723	0.21321390171629875	0.6869680832343704	0.2935718245331289	0.3732861036553102	0.09810565306615293	-0.1317361996656237	-0.17528745869858575	-0.5651272010615737	-0.47453052260052586	0.2551852854632451	-0.010659027463779652	0.3722440692660955	0.07331121565059086	-0.14216292116423448	-0.41017786374178244	0.23496443387650082	0.33944942948850215	0.16867874546085612	0.16899168705059692	0.33340920262390245	0.1424100289829141	0.13368049712683266	0.5031550792636186	-0.04981034360377796	-0.024250464820573574	0.0861453522287575	0.04390232621715455	-0.029870288670028573	0.308945137535367	0.06741017073706873	0.1847270421657754	0.21321639339296067	0.0041573136885635215	-0.6159121371813132	0.7486596440952141	-0.6128260551835731	-1.1751030221253023	0.6737463765058824	0.4946394573561885	-0.8433162828591279	-0.1832661061748971	-0.3088116342319718	0.7504771597866435	0.031521099938413934	0.5579356981999357	0.1737194113866013	0.7864719829576039	0.3339819979884915	0.2419505460656486	2.757553460023512	1.3797994504987472	0.3748851358973426	0.4450374575751543	-0.3292086467705553	-0.40468272323360377	0.31754644235600366	0.8514974202696157	0.4546802226376482	0.594662700009807	0.3720068260450201	0.1737194113866013	-1.2309194758111888	-0.9514328842748359	-1.2657668519866805	-0.4994536338092735	-0.18766538701688715	-1.0828049190519302
43005	replication	Nonlesional Skin	1.166268246347647	-0.05265989521337071	0.7117987937265303	-0.24403551595652345	-0.15432564826576006	0.06617354263019333	0.1865717934977926	1.1895882204173118	1.1953358397124643	-0.0112145342192196	0.09291641372379958	-0.026759077761764928	-0.4214394445694776	-0.21708828572150599	0.2691830848658706	0.1300865249187578	1.3766429793058355	-0.4297502449191583	0.368785670427549	-0.0710632885525023	0.3899050267481746	-6.651387014778277e-05	0.04225412266081604	-0.04660371757082949	0.04901678307983954	-0.2548615081892244	-0.20811278263135316	0.00044909738955617283	0.0085214513959246	-0.3041061110897021	0.846792586009675	0.09213236883615095	-0.08572084161133688	-0.15309167034372106	-0.10381867740170489	1.562120702932148	-0.026198440741043844	0.3521763387815197	1.2123856262959178	-0.0418546038108708	0.5918224480409813	0.6704388744183578	0.061502025402183726	-0.33462700234264536	-0.1093674472364648	0.025075060698652278	0.006767408994192584	0.2179062989281563	-0.28312646070394776	0.8356801057340909	0.33662694710295493	0.18903620525223286	-0.5459181958632343	-0.6364250173677335	0.3711069958838898	-0.7292540725577585	-0.1503190079299839	-0.7091105708368829	-0.02110915407689302	0.21719564314795908	-0.3607760313901611	0.4053317340054042	-0.37159701452906463	-0.9673391411765482	-0.3557280069596124	1.497060353652729	2.462088699638416	0.9348189448636292	1.6594680949515301	0.4310303553724182	0.1642519721689301	-0.33007952925775075	-0.1502861809314621	-0.6779086097412719	-0.3674150399666476	-0.02758791863100185	-0.14206975661991605	0.04128379242209007	-0.9673391411765482	0.312256025784281	0.42225865848802535	-0.434959822224529	0.4102852020263712	1.3572886544973226	1.2600656284769758
5026	replication	Nonlesional Skin	-0.20788513319047974	-0.047896320571808065	0.1813657675909857	-0.5209071647204959	-0.10531712202076454	-0.1381394930036574	0.10813944500122954	0.012030092472608963	0.12091442568475859	-0.2102378347197276	-0.018526093844912855	-0.05702475529146201	0.4713828897319518	-0.23964215795672	0.13614710978115907	0.11705513750433305	-0.05804118505688266	0.6715245772018911	0.06453932217688743	-0.14057332558551353	0.24191549966878492	0.06122347816362837	-0.005365636683168297	-0.07811664295549046	0.11081753977562414	-0.2495402505417842	-0.18839591842345974	-0.09166926389003895	-0.08406605941722042	0.46583388702674855	0.25543413993246433	-0.03358940294419616	-0.3728288532065332	-0.33311021378347205	0.162731902862305	-0.11969294848075719	0.17546327574812728	-0.09561277754051352	-0.043422462495507165	0.2501866348804039	0.21397482946195634	-0.13009852789471485	0.17528944640168423	0.5131386125935415	0.18232094925082115	-0.14909036862065625	0.06313454375968203	0.004477005958578609	0.19170547019211548	-0.035620568144953346	0.9359783352754846	0.4349514850384288	-0.2563247828460191	-0.5416476246764502	0.1232049183188481	0.6156922309270029	-0.12380744014879515	0.875995810028801	-0.7012060142852228	0.6452883197872439	0.15179008946359138	1.7460180099377123	-0.6781573538447732	-1.3865665797679902	0.668515625818406	0.19806787132837086	1.065475475133553	-0.3430235839244465	-0.37095296329391914	0.01888422681502605	-0.3156850620219866	0.3032629580521449	-0.8338338204107785	0.45899248465928494	1.5495455242196499	-0.0740864687221301	0.2718666864028399	-0.3050746516789194	-1.3865665797679902	0.5211355428151156	-0.47266062686609245	-1.279816821383641	-0.6168244810559517	0.2974935449508713	-1.4371724422855832
5028	replication	Nonlesional Skin	-0.512961788048269	-0.28120729363732305	-0.2903779706865846	-0.6323713062730184	-0.3212634773475277	0.03864919674894217	0.005564918053655253	-0.29337889747058815	-0.5187265452073077	-0.7110660975709874	-0.37955603929131776	-0.0205250468385449	0.3227116211589841	-0.6685318500336151	-0.3243128758292633	-0.17208625326445312	-0.3647094275137751	0.35863937906550886	-0.3210749184027988	-0.34482323380821456	0.0007336055317209502	-0.18488529112863808	-0.3633318629970475	-0.39513463540809357	-0.3088494001790926	-0.25574151595343025	-0.2129661972943267	0.030984714251866732	-0.294272526406472	0.19304881654554723	-0.3882234731941087	-0.08905279703090516	-0.30186249427360723	-0.31903605914618954	-0.0817301092957203	-0.5438812209056494	0.09886843560855105	-0.3545023483440201	-0.2878118198144444	-0.05906994593244832	-0.09128259166163828	-0.48649103718040826	0.2372884575323152	0.06740998719742802	0.05991066068849847	-0.07683568739076142	-0.19712473399276548	-0.22803037113177257	0.1471612739124589	-0.43158734556367073	-0.33416587032448425	-0.4245807686457685	0.27279211839074097	-0.7531108720733378	-0.7323466515255533	-0.038421466782997425	0.20579486477765868	-0.47427456073899193	-0.8362415019911338	-0.7883168745834958	0.24440602870348657	-0.1263936179638676	-1.1951457797683245	-1.8048679683005666	-0.3366554910077094	-0.7658141466563445	-0.8448132444377761	0.3311057376642774	-0.5142732512786397	-0.45061376035063466	-0.9978455404654406	-0.8780738951591422	0.6231305107561318	0.5914374043274542	0.793976802785002	1.0446164252852184	0.3768318606939942	-0.368261704335913	-1.8048679683005666	-0.34333962499768444	-0.7302796328212403	-0.2835410751867973	-1.2835201631869255	0.04367281228508646	-0.400783244269471
5031	replication	Nonlesional Skin	-0.21080649094545412	-0.19500293097201188	0.09492662169386791	-0.19083202716333056	-0.2145443898964998	-0.1530912777496765	0.10949253193363032	-0.07694924967979835	-0.2178504108346889	-0.4047911115472471	-0.22316224717548397	0.24091871634276146	0.4546526671266185	-0.46791032343666766	-0.14443072818220945	-0.014020462803527933	-0.18284682404561092	0.4397624370389805	0.03167796381407263	-0.2652314251976545	0.06841948860706176	0.0938478698805219	-0.13760883799752857	-0.38926709499497986	-0.24759486190531405	-0.2863460648833819	-0.18382905565929877	0.0051258263205510935	-0.2130545405364454	0.1847587889685692	0.11291083259510006	0.3508660725663734	0.06686083599815106	-0.276597516011121	0.17223461968783274	-0.07648493890109324	0.22503086192456562	-0.003904426249844511	0.04386567456295314	0.2200908143154655	0.4871750005562928	-0.0009059775121102362	0.1875142556580399	0.1477014576422039	-0.11360609649222336	0.2928825212140538	-0.08876065369692522	0.018828068162488346	0.27110026723397573	-0.30403400546227927	-0.4756610161463676	-1.216427725261364	-0.04142188793144828	-0.39796692717827675	-0.722899145272952	0.6526666438984231	0.3671514734313367	0.12614794297607637	-0.30141758122471746	-1.143219297224004	0.1660831843708815	-0.2693412815872	-1.0610670527622752	-1.1073430623271159	-0.051465398529444456	-0.6405783425527877	-0.39285247158836917	-0.22080824589274262	-1.268787498044095	-0.873810469516773	-0.9268827992969502	0.2477265442565646	0.6048973389240214	1.3790122158536475	0.751213149663479	0.05279464571779002	1.3317655807497804	-0.6177446491333751	-1.1073430623271159	-0.7284513480816007	-0.6877676538045192	-0.01928294189410229	-1.2889153884544449	0.10029823937728324	-0.7383488133615158
5032	replication	Nonlesional Skin	0.1016130574780618	0.2762185045926899	0.26713736164991664	0.1161687271822164	-0.07673939524690997	-0.15626362730523288	0.07356973807902822	0.03187206256003636	0.0873835487710056	0.15325267857908098	0.1803371537176449	0.1806885265878328	0.19844323648683318	0.12321978941755256	-0.1164743707959419	-0.013763943711314822	0.08444554578358392	-0.05534338994495645	0.1366547119739777	-0.1762556092265814	-0.02057423788574416	0.16412732066877786	0.10577712608319562	0.11697836379160764	0.14354206096065034	-0.030291935466853725	0.1091443281000297	-0.15648894898230914	0.19249784467755376	-0.18254667123073964	0.31389828130060954	0.5491253873449048	0.3544355768764684	-0.07653501659009625	-0.12510801084021245	0.3826180379431004	0.030268972248291955	0.25874547285838	0.0361539301528987	0.22079596620038155	0.3004087387585711	-0.10988291530222315	-0.08777568410709786	-0.05869734100819094	-0.08653280073636027	0.2868730584907978	0.10459999231168678	0.03612511951106413	-0.06314468534123052	0.06482708856927984	0.0014879865799542896	-0.565634140705711	-0.6991240696590292	-0.1349262842696915	0.285544745346801	0.14299839866071776	0.025509967659123306	1.4183425747563037	1.3570503012868593	-0.23067997024878478	0.2145021243499933	-0.6044465611902088	0.7056755238579798	-0.39140430063360526	1.1138725873662247	-0.3231606353711849	-0.5075173690219567	-0.44446716542942044	-0.1421812833935752	-0.7077005594739962	-0.32028113688238335	1.4223732491695638	-0.7709509127307153	0.6563966700007862	-0.6720167762986848	-1.0188246626649455	0.5738374947699741	-0.12039502780559008	-0.39140430063360526	0.06512216667288848	-0.023259769332472202	0.4324375513748316	0.5949809726940236	-0.895230596212132	-0.08668091557206484
5033	replication	Nonlesional Skin	-0.37175097584457817	0.022722213315055986	-0.1611370051021347	-0.3545798579086206	-0.27587950393031746	-0.24654758261467347	-0.17810157736000062	-0.1073740432607219	-0.3559102802866296	-0.3173488590479426	-0.20867478659105332	0.058987552648352454	-0.34436648016346083	-0.46308203655298685	-0.2634492612065925	-0.3474874304841786	-0.198589950880758	-0.42204402066221297	-0.21419125328427607	-0.28580148804800803	-0.12395339072025958	-0.05640773345193223	-0.1773297703894723	-0.1225080509512888	-0.09886322860336118	-0.30411981814762334	-0.10485488093963564	-0.11746166051550283	-0.1469274616582379	-0.19114482706871322	-0.17259100597086247	0.15243641569978675	0.09384825714726537	-0.4824625711938323	-0.199902952361104	0.020777156439572595	-0.0868654911191866	-0.20929957543469252	-0.0880117645408526	0.022187230347905762	0.29641252128431494	-0.11079629099050764	-0.13124850643907213	-0.26929583777906285	-0.17506062113996868	0.07902932813744933	-0.11111206022664707	-0.33547390866979526	-0.15151145332996632	-0.23186980580281014	-0.2052673213158212	-0.06951001572228604	0.2628226157506784	-1.0728567949685734	-0.18630700744632697	-0.38409207786807514	0.2591838363265757	1.365319391848623	-0.23024787696736904	-0.30006278663188746	-0.12104430061491489	-0.8951313248498435	-0.5423458954138503	-1.0179732861328405	0.2054496320213295	-1.2525357742446375	-0.4122988716907702	-0.8146657381213364	-0.22157681961022097	-1.2713934790862647	-1.1540185302832833	-0.24490843804167256	0.09408937901880227	0.34038673264750113	-2.075330007137062	-0.5037388683046106	-0.05548003693511759	-0.9586704969755248	-1.0179732861328405	0.11443006935089081	-0.22037337471113297	0.18575845390284604	-0.4238991050859023	-1.266279746812155	0.23920783116737102
5034	replication	Nonlesional Skin	-0.3790092197924611	-0.13924533266988945	-0.25294339737180765	-0.25473273591479856	-0.310106918225244	-0.21737170552179416	-0.13893634991372528	-0.18957284556124643	-0.5277653375816649	-0.381695427963127	-0.3012502792556904	-0.23877291858621816	-0.05287494328550326	-0.20230306556323976	-0.21742218138235414	-0.22777674740796922	-0.35204687200817547	0.02614673890838039	-0.22734979779704467	-0.15724490960716625	-0.13436359216379676	-0.16154902812669766	-0.19383504376422184	-0.07762418149156891	-0.10365073608518248	-0.16313393082235803	-0.16147451335055632	0.1370704129143035	-0.1705171652578914	0.046382482045210366	-0.4842535758276062	-0.5597924801595391	-0.3715008097537151	-0.07461192604511278	-0.2583689789064937	-0.4748721259265153	-0.11383013899261492	-0.22559892821152625	-0.2783661482893469	-0.23592603751966765	-0.09142834026203363	-0.36445015548532045	0.018932116921149236	-0.4052888281034609	-0.2713773039160378	-0.24024964734516646	-0.06403355049852985	-0.30490852132815316	-0.16606420126819907	-0.22498648823071096	-0.35597456159397	0.6769804591942578	-0.36106233262318393	-0.04096405044599173	-0.4320789801861214	-0.41178839433781844	0.12651693178044862	-0.23473451804281806	-0.43652078417332985	-0.04619012278575606	-0.5855370914287931	-0.28978675024521844	0.1248702457402975	-0.4291006222033662	-0.2928178423175358	-0.41314380032518805	-0.5013118671328574	-0.6170320628853779	-0.7778092840450939	0.5432918316047002	0.5422172754595773	-0.5572347878249504	0.5082974199953526	-0.23824213408486694	0.4627548294331444	-0.7617455989541333	-0.3068802671948597	0.22230232103342282	-0.4291006222033662	0.08372413408326475	-0.3040492425296915	-0.20465306907686376	-0.5209535194125474	-0.05437216701921688	0.22339326421944358
5035	replication	Nonlesional Skin	-0.23948655698722912	-0.35307148119667886	-0.02980453080771291	-0.13351333842770502	0.02613209973143499	-0.10901983598328932	-0.2751392179458493	-0.2881007323305255	-0.1926581123884152	-0.15718438954878666	-0.15550036786945803	-0.33270891398689884	-0.8497037639853807	-0.032145626549803866	-0.00670290017192224	-0.07423785366625592	-0.3331822679072531	-0.7321422113563016	-0.25558150947543057	0.02639466274674136	-0.09110589124932689	-0.06271456183841834	-0.15233550679199584	-0.07318227216502861	-0.17252277350871065	0.25303931232226634	0.042270748037062704	0.09396943639373281	-0.08896367602705461	-0.3419007038223626	-0.3293165174141407	-0.5040476106062778	-0.015938326803573554	0.22891656055243031	0.136820564650524	-0.3471362687402641	-0.22739719332123148	-0.1556183721094362	-0.32510238557257654	-0.06157944432624192	-0.3433454741301316	-0.17816883339191028	-0.4897893425179739	-0.03367171960439109	-0.17905083912770461	-0.061114362013734456	-0.20329402095150212	-0.06731608795644237	0.11867198077474356	-0.1944950025450092	-0.03320039785491753	0.3609805741704819	-0.20855945814171353	1.0450007237220764	-0.19509283068347819	-0.24983069295600233	0.3907620838171643	-0.257941258385989	-0.2307870118087966	-0.09479631611223939	-0.5530342657920316	-1.108071228171157	0.04046363748816462	0.1587864813309138	-0.03611218060947188	-0.7862691049699632	-0.44847561795300916	-0.4337635821148802	0.4300863941945251	-0.277159889827889	0.4344513042384821	-0.8756900202269848	0.5883268840672856	-0.7104089200927104	-2.6657569835351453	-0.657027725285739	-0.14875895815683568	-0.5044048495329914	0.1587864813309138	-0.7693449384085238	-1.0887834707495219	0.6098400658485836	-0.2527436217751285	-0.8479895582437958	-0.511874407659316
5036	replication	Nonlesional Skin	-0.3908925744909664	-0.13745530718026655	-0.07232151019431553	0.2603005988203248	0.014971727250829644	0.07775056428818847	-0.0077182261118695665	-0.16534798006614257	-0.3912737372666885	0.14576271590144255	-0.0750550638775355	-0.11880847062402762	-0.2802247353033988	0.2533492662044782	0.10311356258279933	0.07000994700331835	-0.4083098711952394	-0.2552236502961568	-0.07530550020312027	-0.1336920534624756	0.03644191808228631	-0.04776370071650206	-0.054944954840232464	-0.2565064853055241	-0.11304965805681182	-0.5915263596018832	-0.3538115181243976	0.23882481032991898	-0.05007452849849778	-0.16926654995236043	-0.3346719371974518	-0.32786637942019353	-0.2808327344665602	0.10334293941215068	0.1030193752711106	-0.2336256937435516	0.10572419805371858	0.04763783681685437	-0.21080369016246622	-0.08089393078743551	-0.14631024194872844	-0.1289892464982934	-0.141924728335952	0.09696152919755091	-0.008548953402588239	-0.18364919631851911	0.059589348780347544	-0.06950054399711307	-0.01797574398850156	-0.09713420628614512	-0.7549326651742715	-0.4732259321518624	-0.0863219934326243	-1.0066373920358682	-1.0134877325995362	0.21458657623212074	-0.38639863285551035	-0.528322025404646	-0.13043773296798628	-0.802106433999223	0.3878017874520035	-1.0061905764471246	-0.7526469935776486	-0.491810172139056	-0.9271166784547842	-0.3038253832240112	0.3937584283976405	-0.05449921804744995	-0.2395455904007741	1.2223611411223436	0.4417615156605079	-0.3517755285811407	0.15633582622723102	-0.2611363395704883	-0.4260508353408685	0.13355629107826453	0.5963544921244756	1.2312183827279086	-0.491810172139056	0.1024519139714171	0.024888267844395573	0.06909555681334072	-0.1519909269506527	-0.6320980913320664	-0.33958952250011903
5038	replication	Nonlesional Skin	-0.2250620489508128	0.11977881591600967	-0.021007060541807378	0.46781439949338605	0.16850559929990966	0.20589422011771016	0.053435246556768394	-0.11919888691118896	-0.44009701506916893	0.24460113410343293	0.029354534732122975	-0.5606663227254981	-0.6238631512174304	0.5387567591937715	0.04130754249919319	-0.03296076249006537	-0.40535024823191895	-0.4289596910156437	-0.1505404240305722	0.39716458295039453	-0.16200218008037134	0.11161975041404607	0.1283714496866101	0.15209763501969906	0.21574366991846983	-0.23006464650541644	0.05424563070224988	0.13261326030803924	0.29262790138879585	0.0813206324194566	-0.5069729628455406	-0.9198939256843078	-0.961350037081483	0.3079491544720061	0.31418327571480803	-0.634753441485921	-0.19363016985186132	-0.01841153579913172	-0.2970602748326314	-0.17522161690562474	0.02130089904885628	-0.4058431955581256	-0.2458837108664593	0.23038733731338865	0.05626398114538355	-0.3691922568234877	0.3052070418364133	-0.2528550650999768	0.06105594324984084	-0.2902300374718768	-0.519917723829515	0.18933805424147931	-0.404697544868412	0.23339469883094188	-0.6099436993890067	-0.6595085120317344	0.1784298232662473	-0.4776149594152284	0.49884606421612276	-0.524364814616622	-1.018758694993111	-1.066319712354115	0.717540249137008	0.9158976474555229	0.6496979446128996	-0.639548078889983	0.13833535807652236	0.5260314011643082	-0.5535394947426819	0.7569110943937926	0.932128959131843	0.4098191030365731	1.039144455828132	-0.891488742711707	-0.8009091727652735	0.016602996740556764	-0.450506100013407	0.9549542717591157	0.9158976474555229	0.3969996215519956	0.5763552452033108	0.3508922234589581	0.6615078422628198	-1.455151678061846	0.3876411616321031
5039	replication	Nonlesional Skin	0.4667095839192372	-0.13709131960946822	0.17460909951203626	0.018538708606972043	-0.03356737138039174	-0.4143707594938902	-0.18974674809770062	0.5177514881827455	0.6363159797613209	0.20380155396102576	0.06557379166084813	-0.03959253594648135	-0.42936657593358046	0.1245444245554937	-0.07995140261484301	-0.05731234416379171	0.5236021589040121	-0.5144874413611693	-0.010019376805848763	-0.1308904683256338	0.07554772761634618	-0.059893071009797606	-0.05669415741369782	-0.04671926987884285	0.022888670684326002	-0.35710848514254934	-0.22997435845607805	-0.17554449187702842	0.10438630014790899	-0.1567367779669833	0.26545470345355027	-0.07434361250389258	0.02595658748381703	0.11653207432980897	-0.12405280780097262	0.5465715961945637	-0.17322551135744252	0.24538236956309717	0.42448702922652803	-0.12104134058576453	-0.010770189974108222	0.3189948949159157	-0.09318010598377462	0.009840951221419527	-0.2753582067527766	-0.07146526840138323	0.10707310887879616	-0.0408419613574712	-0.3385916290182071	0.3342606826864341	-0.23416562958266846	0.0347877830655681	-0.9771464680704494	0.04206358573048191	-0.6917327444360161	-0.9359258243806522	-0.4233129473218227	-0.056775051709544964	0.45718538803768594	-0.05055929236213581	-0.7990361256597382	-0.019417988249511575	0.37765855641285384	1.4878816977038205	0.18478516470073583	0.46667141608247187	0.8869872812206983	-1.0538708430166186	0.8738996399179584	0.07914022093899795	0.7133703645203424	-0.18451221937616513	-0.5291889185864198	-0.49206997859888046	-1.5235576425793835	-1.1638810469794367	-1.0701516331951622	0.19313432606930692	1.4878816977038205	0.1520216439605382	-0.2664953290641776	-0.5097536942373696	0.5214804729397396	-0.14137062025724934	-0.08493474742442579
5040	replication	Nonlesional Skin	-0.3956257909265528	0.13574804498112825	-0.4228750658516226	0.5527862472851306	-0.06832573529253899	-0.04974856240452091	-0.256982186260636	-0.019328316188005856	-0.33668069888398805	0.30045712686110815	0.07449678854394796	-0.6186911561131889	-0.8224027035029988	0.4966915632855839	-0.21674836001520023	-0.42148199896095395	-0.31897418218181706	-0.7871569199859028	-0.3537598428150092	0.21749202959780908	-0.5181876941403133	-0.2965908602615612	-0.03235498928925853	0.23393342747122609	0.23357738674948894	0.39410104688942094	0.22891788747508202	0.1207702419751946	0.2454335210984622	-0.3548654882694732	-0.8402061448646542	-1.560757706692683	-0.8621656090269421	0.18775532522599983	-0.16878883488868388	-1.0957690522873582	-0.4886363418564746	-0.7814875496404812	-0.43926462711202746	-0.8316145430835077	-0.6897862152827285	-0.785717650760545	-0.16097404805103505	-0.5246096307940423	-0.3653371343992355	-0.7141649565987692	0.14912369672886525	-0.4487085422044992	-0.38877763022321876	-0.13859998308713445	0.19751663240098183	0.19957657304477683	-1.7958565755507108	1.0279987854205472	0.6581564992207602	-1.4148522016846197	-0.8748162108411904	-0.879356065388853	0.89593825545147	0.5744572530209023	-2.0560240483923837	-0.7847390196894471	1.358437224071538	0.6798932740819095	1.0410275692822368	-0.5928606453991143	-1.197735099193272	0.23716869985403483	-0.39716157144013253	1.6530241956963034	1.2156923502962997	-0.8868079032080712	-0.9231405279751563	-1.235894948110818	-1.260559935656718	-0.859894291185327	-3.122738099963782	1.848681862301423	0.6798932740819095	0.3920950432833167	0.1298529999697684	0.8381635468651574	1.045494967366791	0.6157280412839603	1.0868566137801705
5041	replication	Nonlesional Skin	-0.10285085761725737	0.11763278956314177	-0.033268798851834876	0.5050996951583672	0.1665824540696635	-0.19860258695976085	0.017772785688711008	-0.07136436417448007	0.07284376365053447	0.5141508001354124	0.2758748325123142	-0.18145963407150806	-0.17663971171447812	0.656374103718295	-0.09320349219564744	-0.18806018382662235	-0.19784691105672014	-0.24905168900696156	-0.17919649807720703	0.28111751796556955	-0.09577674727357646	-6.483840743291175e-05	0.19855251233572976	0.28585898781549596	0.16342657689437443	0.20881847556941285	0.24512202714245127	-0.16090601525332082	0.378287924293489	0.00930637704635858	-0.1174306981498461	-0.18908296134221786	-0.12224495215755019	0.15402894470475356	-0.18271180689079317	-0.3943908005678736	-0.2932869377319769	0.2348407934749728	-0.17167780604658875	-0.10278519116424213	-0.00784685168527565	-0.04010372161411234	0.022566835284414184	0.04886387456523478	-0.09389987500047395	-0.025155439178400987	0.39945390761655714	-0.08107524191230815	-0.2833488833245491	-0.04115799432806549	-0.4657278227667978	0.45792347781189385	-1.032195751080625	0.3587341125924238	0.5582002367370519	-0.03889783364049206	0.3076011936667715	-0.16099539150973136	0.7146793518497305	-0.2892169110092771	-0.0908138048467283	0.010520480686768252	1.0778593105809988	1.111264288638657	-0.04251787923487732	0.5726387633216554	-0.4450982218632382	-0.5995010829793885	-1.351078102302562	0.9919214850624785	0.9109796285720217	-0.10937936891322876	-0.9066678736971561	-0.2707522200864164	-0.5968923892592981	-1.0741931282787012	-1.4562033874661693	1.4739751630816265	1.111264288638657	-0.10657743911537693	0.08078904985773522	0.012491715811786541	0.337877944358315	-0.27333274654806594	0.4445861046430046
5042	replication	Nonlesional Skin	-0.05800892049000167	-0.06133060163510549	-0.4981264620516703	0.2735661205047035	0.08756840161578809	-0.3742597996438336	-0.17516021576994983	-0.16295098493947488	-0.007336830541578496	0.22563716473056994	0.09132209080094	-0.1906287377540495	-0.48022045593133544	0.24444332761924567	-0.13695446346534787	-0.1518160264462349	-0.28327227867998817	-0.3924953718046736	-0.36612450779299893	-0.08154977242230471	-0.10789809176416895	0.07261977050089521	-0.09335748477713679	-0.005653098636366375	0.07196960515016139	-0.37084765477490905	-0.14906981244911144	-0.08252407533113239	0.005159425508480508	-0.044203347937838804	-0.37614159281994597	-0.6585771865157962	-0.13295666059431596	0.12553960770717673	-0.41279170637330953	-0.6880487631148072	-0.12288640504238028	-0.31588847658471564	-0.32763602818865234	-0.12378322817367486	-0.45280304676007266	-0.11298254359691276	-0.18864918236396086	-0.07626417616851346	0.00958651571900265	-0.2413310922936271	0.07271358973612371	-0.2238395939159244	-0.2848161776044254	-0.045690795278515856	-0.2517079245931928	-0.30562738926575966	-0.2086538362585443	-0.2897950579473436	-0.7753389108374932	0.5904471782746837	-0.11502034465444182	-0.5138306568231962	0.9254088747869732	-0.8244381587456879	0.3412623889643134	-0.7179425878843585	0.5721849399780898	0.8592165185689373	-0.09058901208068426	1.0529138331537486	-0.1884701774078852	-0.21102745606280962	0.24657906677491537	0.566568973259316	0.07303456133845948	0.3273282695347385	-0.6163244393222805	-0.21054694549466374	-1.0066149728815819	0.4435657949817013	-0.44044572511801405	0.6958330032755273	0.8592165185689373	-0.6600928069877149	-0.8768145092795185	0.576928863400423	0.7532099917157283	-0.4595196784535809	0.12437139646521712
5044	replication	Nonlesional Skin	-0.44180654412494375	0.4847805119424843	-0.35561554041699156	-0.05898423129472826	0.003106126041631428	-0.02642506945912012	0.016826603816411535	-0.09079703873157553	-0.3790148864912452	-0.16432262140016946	0.019686988186605053	-0.2958756114208617	-0.4739123508294548	-0.03988354265424503	-0.0028007922797441314	-0.022644982831222387	-0.4196799949497816	-0.2682295839268463	-0.24428215763609656	-0.014076811185202867	-0.23047240442152156	-0.06843200753950589	0.1296765173273632	0.5784600072963031	0.4486177540088814	0.41982682205797517	0.42307244895210927	0.12728775899656214	0.12870185625249944	-0.09027196811575104	-0.5424124641407521	-1.0099632286768123	-0.5602709610489518	0.07291281348504207	0.22185599704920944	-0.8241677268880996	0.09655486988414513	-0.8146969174364552	-0.3515850020971434	-0.06289433909722508	-0.5400851016351079	-0.42290316516148746	-0.30293010498769857	-0.24418847724436007	0.41898789521594676	-0.5505840198456694	-0.2525630347649879	-0.20348136819502968	0.3154868702864847	-0.16699921082744415	1.4143271769573675	1.6331671982059575	0.2552571451578643	0.35864565673197296	0.7547078333413858	-0.22873304622317622	0.5148291515824021	-0.24962087354768095	-0.1286607624662824	1.5160230586168997	-0.6015654693355112	-0.07160990900962816	0.21356995628769038	-0.10207799864160454	0.120393268870153	-0.16948851056243597	-0.15411320639185028	0.46916960851738787	-0.09928144794098542	0.560127001635186	0.08175796266308138	0.642938304527997	0.8367873241011556	-0.08650213217769927	-0.01653880859169133	-0.13400167066837382	0.03324210617386701	0.31372772435545776	-0.10207799864160454	1.32710336590341	1.0435952049515842	1.5568703060195523	0.7093200259188512	0.8248378702426127	0.6670843878216863
5045	replication	Nonlesional Skin	0.0804729501795212	0.10992818541230569	0.01776584515720778	-0.6294531283171719	-0.18359280263737246	-0.03698611394507759	-0.03241138676216677	0.36552412964386444	0.10768374984343164	-0.330785706434539	-0.004896867337724764	0.24980332548027673	0.12433774155090394	-0.5388651970738038	0.00179414577797386	0.11418117041340259	0.22931970715113292	0.00762551748989955	0.0929148716015776	-0.2020170288415003	-0.008383973987298562	-0.032599591402137314	-0.07611928533737351	0.09917954991328466	0.0200808365963074	0.0629095565994106	0.04007582078502971	0.046967542805592136	-0.07396228086911277	-0.13192997711508228	0.2558979433141156	0.23775765693305306	0.1239918097031387	-0.18830299235868384	0.010984031556467388	0.35969148360279035	0.14036112876895068	-0.2606128628590276	0.3201280180469752	0.019988449670068718	0.16896136550304824	0.12890152200627406	0.08590177908415693	-0.25013780938569874	0.05157020595295008	0.05434204391595261	-0.2764267519340781	0.033101527130940465	-0.07697483194074417	0.16650003599310012	0.5362694760050941	1.043505107806563	0.05812398303921987	-0.8561872795436596	1.8623467304781915	0.09079123740365425	0.5712238961590944	0.010036991280011823	-0.610489885425923	0.8736086554418679	0.5582651944899594	0.28593676643599186	0.007111375552498855	-1.049654187310371	0.02534554455374416	0.3209171416704111	0.3297483497718884	-0.06544878820618831	-0.01118394721986024	-0.9987674499493959	-0.705845552955727	0.2724412110535682	-0.34885964154178367	0.42024969957529623	-0.10909266322037664	0.5672719711135223	0.5371659988704918	-0.9766982285904429	-1.049654187310371	0.6464730113133206	1.237788378398801	0.4431681663074978	-0.5644813169823419	-0.4657612873812027	0.6266457528928676
5046	replication	Nonlesional Skin	-0.3244698478073551	0.7891112899657767	-0.14614942367658817	-0.2906124483786988	0.13605911531296075	0.0481649575248846	0.21882592345306084	-0.26082260520774325	-0.28310605085416696	-0.36065946795868653	0.22084400805760432	0.37899946096880555	0.8049277091801362	-0.5544467642984031	-0.07423597827639683	0.12563788988960825	-0.3014396363843702	0.8080543172546909	0.04545982577418263	-0.28557929558832423	-0.02233570377357788	-0.0032230430086659084	0.27746441051513726	0.8103381220651628	0.5746095154272677	0.6874029308333648	0.7855641548380478	-0.2157136588991145	-0.017386890878382598	0.4917528138952435	0.19191597012261513	0.3940739078081982	0.46764248497991184	-0.4202390976816212	-0.06996450733576731	-0.04713181313532831	0.27767759693324523	-0.27516234592298855	-0.26073923733224436	0.5863107599024922	0.15535639021164627	-0.056477697452614446	-0.05178627037667415	0.0469697935310145	0.6369677841487954	0.3268536045418404	-0.41770249481987426	0.1096245832632588	0.0222782777959437	-0.27367508332063156	1.9000303327436907	1.7002021071208313	2.032995107997401	-0.03298363406254936	0.7639526984646204	1.6585623946904053	1.8599594596588225	1.7511906240280617	0.06767951302890991	1.9884286327854672	-0.14022518604989223	1.6433324736758135	-0.382305311236006	-1.3248288865557942	-0.1294205950847509	-0.7215281328220885	-0.005252083270191499	-0.07098596834858506	0.6927228264385894	-0.8404144113872363	-1.6155090316507863	0.45754662197293494	0.3725770096130737	1.0676326988818632	1.4324257624457024	0.1734842666708984	1.5253003987983333	-0.8662607871307932	-1.3248288865557942	1.269308301046723	1.1428435519236548	1.539489341362251	0.10183206254051624	-2.0997328079096556	0.07606001405857755
60006	replication	Nonlesional Skin	0.702053043228318	0.22722125889527467	0.2198424833019461	0.89580987624947	0.10147183140933731	0.40146964195208135	0.10705385047315967	0.35379069270331526	0.161939338297085	0.4256976487941458	0.10081424831913645	0.03386592985631963	-0.1820561844693913	0.726505835963167	-0.043184633400030696	-0.02105287953832973	0.5976220837361952	-0.37726240555881446	0.3538546193305176	0.5034892972257071	-0.37366028427169706	0.23262061025777558	0.19217685544693347	-0.1245662776376695	-0.06433308856109822	0.03740200179510134	0.042320346414829596	0.10280236637655922	0.346664912764735	-0.3306941457259952	0.06347204750152889	0.06387084700570528	0.007230540157933019	0.3685517661698743	0.03838095345194009	0.7635025740346977	-0.20955534940360712	0.7580090204900404	0.3524651796957384	-0.538013380963331	-0.1370911846052753	0.28228924208154726	-0.03482475703275819	-0.2991999115560366	-0.11252914657782404	-0.11214553265582046	0.19228763349046094	0.013375412490304047	-0.37092151408297236	0.2849698273091584	-0.800005384585929	-0.07518766347507937	-0.3668187899171276	0.697318142724901	0.207663245688677	-1.4855085929299534	-1.1018628108222057	0.7436764231400098	0.9379291984325347	-0.5227096003011302	-2.1285121199463	-0.5395862874869648	1.189480329422028	1.7459770661915033	1.1969431652710605	-0.7178187772965967	0.0853901587786231	0.18893440074113374	0.21922327107769402	0.29534359427816204	1.2648154298994876	-0.9185295261796034	-0.2548313096312845	-0.4689707220161558	-0.378798385217966	0.6281202519864325	-0.3812563088862434	0.31030057018362084	1.7459770661915033	-0.2866658545210721	0.6174023018616659	0.7246121841627918	1.3130001232548265	-0.5145658398084576	1.0610636685413943
60008	replication	Nonlesional Skin	0.19327737671392387	0.44638018008542274	0.34915798147239596	-0.484724697796653	0.2256128768148094	0.39397252863641163	0.3697615442795292	-0.019683917273417114	0.18301633766205955	-0.21314133226238546	0.2158668857197439	0.6374278780456838	0.3908309011779269	-0.7721778118051039	0.27957407685806607	0.323143823524312	0.2839628002451823	0.3679905876039406	0.5131738038151824	-0.3102973566216874	0.2734157294045145	0.2324675827784791	0.2517930402947926	0.3977775587384841	0.29506271030068465	0.6428893494016126	0.571582420742379	-0.10585766987320525	-0.12875485963205985	0.11406432303366491	0.6898588834917185	1.3388347740476996	1.029477755253515	-0.3000847847181381	0.0874423954667802	1.042174046634642	0.3803447003463024	0.03261730490138754	0.4116085205091291	0.6886425263053061	0.7993829939580847	0.34278362778848864	0.04138802147576464	0.2141931523185026	0.41407943910285244	0.6663054535510476	-0.22071008154973795	0.4161561287432952	0.023227243087489514	0.130924427552909	0.5702310141473242	0.15060995253281373	2.981532556995507	0.35077104169436113	0.7799309753481154	0.13830835299713815	1.285727772269596	1.6569045939801523	-1.1326589001216203	-0.30353497695544457	1.270383949606985	0.41282888755227676	-0.1537732933038322	-0.5859045276882899	0.4983758821831026	-0.9440954417125786	0.42396077974259094	0.9577154522762517	0.26907321878802243	-1.9467311643572827	-1.4993848154778184	-0.9355206892246415	1.310624222445544	0.324219620982938	0.3810567797078806	-0.3207355518467425	1.0189557490197052	-1.5347278853861601	-0.5859045276882899	1.4259838080204714	1.3474181201081619	0.3281005596020441	-1.8616792879647042	0.4086208136312472	0.27259565519747075
60013	replication	Nonlesional Skin	0.16280609480464614	-0.27990543591564326	0.015786145475792067	0.0359598830744879	0.39662676958235565	0.5075367109613731	0.3772240699711629	-0.09009002861614113	0.12852138341688776	0.30220912084898	0.0055638374826079175	0.17286035758076165	0.4137585350250034	0.23379084788066679	0.304995183339435	0.3211837867554187	-0.01747979934822028	0.48978567429446185	0.376513214853168	0.6573775065675277	0.20312864183885795	0.19779824050044476	0.08323638844310069	-0.12504805387066276	-0.0750616658280071	0.20264121721032827	-0.11193213659735633	0.15943652331680758	-0.14657308150160492	0.18422970504822456	0.2991859038272304	0.49061333522212863	0.5008453999785341	0.1684419313332588	0.6712327435604479	0.00493265011760647	0.3270613409416456	0.33654532494670303	0.20325387455705937	0.2881063178384055	0.03069708415504521	0.22030886854134563	0.12242499595087881	0.5607364331829148	0.09508768116145866	0.41725600054546724	0.1078252696878634	0.46206930116009126	0.7916312429326403	0.12785495220994314	0.32197121376669274	-1.2501124590790482	0.5309141834702503	0.13836816772760335	-1.0583524261242236	-0.33875567079766683	0.5064436295268345	-0.6350851517346613	-0.5188872691651597	-0.4721891927473535	0.669599998253541	0.7980015287109916	-0.5380410885308297	0.8014829657093324	-0.6222688142402867	0.7440498616087182	0.253703313606077	0.147991473080258	1.341020217769263	0.5753108915121696	-0.26129584740510226	1.7497679541472189	0.9696677744090333	-0.02854378144871779	1.447341002367419	0.3858307714543322	1.281492409806785	0.34111811304018236	0.8014829657093324	-0.3589178640254576	-0.4634938606569573	-1.4889562325334635	-1.2426932300498303	1.1236617434594307	-0.7136734620898257
60019	replication	Nonlesional Skin	0.12718842132574476	0.45549742702566887	0.13917948094676785	0.9128388767511971	0.6591929840051194	0.31622827527347047	0.35689692164229914	0.03354037318930031	0.43348078687291947	0.8646723215227569	0.5473770990758355	0.005470810127691514	-0.1890317446989053	1.028543134649577	0.19886378574468955	0.1810792666007237	0.02528578840071701	-0.14299074850792917	0.182054113705132	0.5946887681096322	0.2883511883048259	0.3683874555922638	0.32129527894349486	0.327618702707675	0.40856962279810566	0.6265742167445476	0.5012915889481692	0.1287968781533478	0.49861141758631355	0.21779689756111822	0.20331149443964822	-0.07463251827303381	-0.207374876207185	0.5299754502719707	0.1317457510855571	-0.20561611589831483	0.1898050542964667	0.5316067034982297	0.08696444749090831	0.12367919870203957	0.15944231351736937	0.33601066019216885	-0.16719618182271262	0.44349781446700515	0.2635377644454789	0.011459313448573047	0.5261067010429883	0.21017214437744594	0.24393265561747052	0.20263481096226627	-0.07197654635379223	-0.28812353253336537	0.12213125800857962	1.143039162718259	0.7682839726366907	0.3267460921604182	0.07960821801798527	-0.21791965344986722	1.6229681574888613	0.019124276455718823	1.1644096555976933	0.06526415152367178	-0.3239050800358696	1.4425556897537706	-0.7320690681287636	1.1267395508597216	0.6682585167678283	-0.34220525315232025	0.4654008983508253	2.396627382348039	1.408658207715141	1.705607316071567	0.7327037286475024	-0.10080171264172633	0.40993835421371083	0.6255430706287535	1.6183886819739686	2.3000306380563877	1.4425556897537706	1.2083671305401498	1.3050935469680724	-0.13957558271296344	1.13209830088625	1.0911596043396583	2.0638491613650034
6011	replication	Nonlesional Skin	0.012423376947234067	0.236902356869433	-0.3248878499529816	0.46808247486490395	0.16461679771012627	0.013175800137323885	-0.022543496790596907	-0.06670576349524192	-0.1328758548636773	0.22254169314613542	0.24132790513598915	-0.24678298978942179	-0.16780908891865995	0.20960911773222268	-0.1610494744295266	-0.09150280421048072	-0.009609930629868774	-0.06705312402532199	0.017446800869743193	0.3337874619885045	-0.044749945255425846	0.2246970823090184	0.12121921323350479	0.21338757003360026	0.19088414092498882	-0.07210296870299726	0.08723765319340059	0.017232562294136704	0.2624891695258717	-0.013606267370845944	-0.1644314521281113	-0.4486927859810097	-0.17828799706207937	0.14902228234117815	0.02089341416426619	-0.43381214152858133	-0.00962693139339436	-0.25318486463949774	-0.17284153929427537	-0.0777819181755458	-0.2199455404811926	-0.01598494320672319	-0.16629254499575977	-0.13261257252517172	0.015258358020836742	-0.20871923972707357	0.04049695632837636	-0.04921103997825597	-0.0010791965665697646	0.018222733869199478	0.6027471180720304	-0.8515120507287962	-0.3820447064181636	-0.2648249297580628	-0.09250580601458354	0.267740949445087	-0.19453352533956828	-0.3288700577701138	0.8885850362702207	0.137137424804409	0.021830007347669256	-0.4440407648736131	1.7152717005652596	0.58555954362845	0.9905337130621532	0.22505610434044285	-0.14714367597875874	0.21287784305689858	-0.153089564686188	0.5843298941019675	0.16154470490875766	-1.1941530132404274	1.2394101672954083	0.4985282726143633	0.385636826424303	-0.0829368731238998	-0.8954669163006348	0.3734604713836398	0.58555954362845	0.47851017778689997	0.6896652531669101	1.3058234845095384	1.266368035587076	0.37268940440252235	1.0125041760837634
6042	replication	Nonlesional Skin	0.15797591304707845	-0.4043121138467405	0.056968903895330894	0.3536022381600777	0.09234009054921982	0.0553846660122838	-0.013045045590422523	-0.0768991013079951	0.11622917772485732	0.22782234576091684	-0.1542833355565151	0.09722155836724182	-0.21399233242567897	0.2412424892667301	0.06632593041326061	0.041951322005803024	0.07994202121245551	-0.24565437736054987	0.15109970116208657	0.25210852294101166	0.02052108138279458	0.12294175899255091	-0.03461022946277329	-0.46486864960535634	-0.3064931088510051	-0.6807469983683936	-0.4982603353078568	0.08983037032510793	-0.04363802217268259	-0.33469505371693864	0.07095496389467941	0.2502900316169974	0.4926211452272995	0.042699192164661094	0.16076999125591349	0.24974297530604772	0.051611271176423494	0.5070095506491095	-0.004444988852581947	-0.16080133493045887	-0.3125429816008118	0.24768321816753297	0.07169103627001636	0.2496640055122576	-0.09214234488541018	0.09996226224666693	0.07309829678487707	0.12421356683347103	0.23601285762935795	0.1281012116744707	-0.31122329554638345	-0.07217478110248132	-0.48006886376707586	-1.0575080128468026	-1.9638119833148024	-0.17166293367757215	-1.443496135898049	-0.3881172385863784	-0.07973262714375651	-0.40361125044039536	-0.31804694635185166	1.2119410212770598	0.09966057404327852	0.1993830123340577	0.9799625217000892	0.19163758270350506	0.6297414114320702	0.5647376973189633	-1.0474526576428453	-0.45470853820484836	-0.20948864889314628	0.9364534460010047	0.04676963017900926	-0.1912640268154544	-0.31541109969479836	0.06171808612275677	-0.008095595653807505	-0.6120506303590809	0.1993830123340577	-0.6946375748556297	-0.967474880418456	-0.4001198595812379	-0.28116776138231836	-0.3957417210113039	-1.005850077380419
6043	replication	Nonlesional Skin	-0.19889476716877666	-0.2673497225012311	0.09781832139995897	-0.44314926411556566	-0.10725628840696881	0.04816831223055297	-0.2667954992369478	-0.1396077568699899	-0.1913027940998866	-0.43978306683533397	-0.2835028767713279	0.15970266527414395	0.03528570088637746	-0.48881478174745	0.07440784301080938	0.06878036564565707	-0.14993256730627108	0.0561977854954402	-0.01758406577856428	-0.07111679836386396	-0.03477250083622446	-0.16137954687693515	-0.2067710471437454	-0.4587255586885984	-0.36234555428050563	-0.49400514893366065	-0.4297474494413165	0.20698886100601357	-0.3907925249855432	-0.04825605794360026	-0.026466607328399245	0.3181599128292134	0.26003184466500884	-0.14862416144708776	0.18158224406650697	0.2681415095841888	0.03826576045662128	0.1491221940685071	-0.06370691684396614	0.1874728972029504	-0.10024155987554309	-0.09364957692526445	-0.034514836318366014	-0.0759233096876121	-0.2546147341536053	0.06503963450357711	-0.28531428170248285	-0.06957048993702605	0.21446310583579967	-0.05792218219911453	0.4175757078377221	0.4452523317437085	-0.04713253348639249	-0.8149866821046915	-1.1236218020767919	0.19977763799829362	-0.15813158533453822	0.039937946488009184	-0.6557955809265968	0.5499001052467105	0.31856263069898305	-0.285462482457941	0.24455301691842857	-1.1709358825169551	1.1752127112667146	-0.8089072557918513	0.9417574179282386	-0.16505830035618568	0.1753594451457199	-1.2068523724806106	-0.3718176580505904	0.5711458810250782	-0.3110839877011437	0.34548473753607095	-0.3804356078521233	-0.011857012928125243	0.31973130782264103	-1.0739682487627746	-1.1709358825169551	-0.1489145602205688	-0.629818516150058	-0.47949200857338614	-0.3889968906622584	-0.03152937111039755	-1.1633609597348553
6044	replication	Nonlesional Skin	-0.4147676962099171	-0.4726625755544082	-0.3248918779142168	-0.9592939456700456	-0.501558102687869	-0.13413207324755763	-0.2607580255650634	-0.185581205789387	-0.36032824494623267	-0.7214667652942611	-0.37106649083025584	0.31631426581907274	0.6933657835751058	-0.9716624197472056	-0.22478862011167727	-0.20658081574665502	-0.08527623937090674	0.4795666374207835	-0.2430974123633851	-0.8483969399908672	-0.03172085804314155	-0.48689644073802907	-0.4540144723177546	-0.7788953268474215	-0.616624419497063	-0.5959067753443265	-0.5674285725419018	-0.11770573559175962	-0.5739223547140073	-0.04074534854150285	-0.07892967835583682	0.547502014942465	0.4156157794997378	-0.5914329857055047	-0.16511645187892768	-0.07785340411355844	0.054518673306418824	-0.10163942007669818	-0.1262504880196905	-0.08765356773208419	0.06191250129129096	-0.18185407023141478	0.16442034066942637	-0.3356014061009803	-0.4509327495314261	0.2445059158519746	-0.41574863124261735	-0.2054000533824759	0.009218863065046188	-0.22337989639837783	-0.8405926805682327	-0.5547152616999703	0.10770191061578055	-1.0062126554719608	-1.5280372924748942	-0.3792483226651133	-0.23719465505828247	-0.432491601604418	-1.5233952849056915	-1.1895592344847914	0.9796930129685505	-0.2635116819909918	-1.9268738010998692	-1.8468238313229985	-2.055110499038	-0.7975104946493712	0.2073326811000048	-0.834017888389313	0.2096264996394648	-1.5161003289266008	-1.8809123403602612	1.1314638949602576	-0.15893553056837717	0.7987230172239503	0.3569788121464341	-1.0374274571270257	0.25834501191402376	-1.6410176704162018	-1.8468238313229985	-0.8500842194147465	-1.1017623159610483	-0.18378844747421386	-1.463678960358434	-0.10950497131179096	-1.5224492265587926
6045	replication	Nonlesional Skin	-0.1334174527984521	-0.7030013822984358	0.19729743847530612	-0.3044788676961211	0.10253696677834356	0.18792776831545513	-0.12436076710913416	-0.14121763182436034	0.32396182064101015	-0.22080955863794227	-0.35859524983712215	0.14347223331910902	0.17412042775392095	-0.18225924321551637	0.3524647603105998	0.2415721932955819	-0.15349924102643542	0.1673649206344867	0.1546090031651642	-0.01423844274102187	0.04303743184868679	0.17924479872786783	-0.18280523441692006	-0.4729379690329096	-0.33251294934294995	-0.9035690812975649	-0.7628572442779711	0.07338365734097822	-0.379687392325284	0.10941465010733036	0.21215532019345812	0.34105791464612717	0.42494607716523636	-0.006425847071545688	0.3261610578882675	0.23411889745747957	0.18177018337590908	-0.10421070172178476	-0.04423186197044352	0.21388342384228953	-0.2168451860997869	0.21394975980602654	-0.04130941950884328	0.5073001133402204	-0.054202882565420295	-0.012688920699900597	-0.12188190871305275	0.12636191352234177	0.515704002495828	-0.14680620385091778	-0.07014055145979574	-0.17148961960603107	0.22721981822289208	-1.8404776779882126	-1.792286519852465	-0.31833901353177146	-0.17566983788528173	-0.7100926297790209	-1.1592439301731299	-0.5325870079870875	0.04424214176917491	1.0371671751256482	0.17951954928340422	-0.8812361149660972	1.401679228048303	0.07304475336065785	0.4386174694371537	0.32328066701312386	-0.33888860416290845	-0.7940570731589773	-0.5263782379071722	0.5764642557278731	0.003582574623335621	0.6059428077437156	-0.13565302608904273	-0.39884119942518825	1.6352787734501764	-1.0230731687509453	-0.8812361149660972	-2.426738553934552	-2.25072686275855	-1.118218882607199	-1.397607940225984	0.2895578297334933	-1.6502333543059589
6046	replication	Nonlesional Skin	-0.07187740523573533	-0.020899176342875237	0.29217493783366966	-0.268481361217993	-0.11433236512936767	-0.13088647300042724	-0.08885411027695408	-0.25781589931502114	-0.13526788740039603	-0.06986210507583086	0.026907142363923497	0.15564159863476762	-0.15433194865216546	-0.16639883786368379	0.09288457063521861	-0.08271859702644878	-0.07412033131421433	-0.27706094211170074	-0.17791029517184195	-0.26012389114626094	0.17266097877563777	-0.0793153162943813	0.012254405615800035	-0.142576298565091	-0.11900476613386246	-0.052043084281241624	-0.06215666530573066	-0.10600569669464795	0.0926317970940103	-0.28560142696981	0.034517721198389036	0.34717341889453807	-0.09771596620997001	0.07714705518363978	-0.2028993101479838	0.3055894093508569	-0.019861841045825373	0.41996428804632013	-0.08290540245044119	0.1916925774773222	0.21030688078790546	-0.009796820310043246	0.14849848143744582	0.04559264634121077	-0.15683803283488415	0.057354588619575916	-0.01381855026986438	0.041824310214804615	-0.031223625647643055	-0.11057052094226716	-0.23094457433983342	-0.349213459717341	-0.06699878947373927	-0.7464313535068717	0.7887489831335303	0.5660943791992094	-0.15723142487514644	0.5877886820668329	0.22741812683823592	-0.3382393486502863	-0.5241440238298605	-1.1609151740434076	0.1048172217142464	0.21415248944845675	-0.060752141293787656	-0.831168257507642	-1.276897440025929	-0.0031516480423159354	-0.07971127880245993	-1.580791378200847	0.591866349252676	-0.2577142690355256	-0.3466483062509055	1.4157145022972104	-0.9148076722635772	-1.3938874893445719	-0.12808429567888668	-1.248206484225072	0.21415248944845675	0.39686103734401684	0.26277969158293246	-0.05340702479886633	-0.6610073274007036	0.4912564037713565	0.7801335784220363
6047	replication	Nonlesional Skin	-0.2797147087951587	-0.49601201457294447	-0.17918059578893428	-0.7279449868523858	-0.1960188503063554	-0.16052658248986093	-0.2673737249497468	-0.2096333578967301	-0.1449008734159651	-0.7356157493508224	-0.5787662812856395	0.639400660713015	0.7910199903852385	-0.6489778200009719	-0.052435647652615124	0.036199858512323886	-0.14731381090266166	0.5820256172149822	0.18034282539813606	-0.3736302179314406	-0.10216147738916519	-0.19956658870004482	-0.3463072595930051	-0.4784842134998894	-0.539080648592573	-0.5532024186762349	-0.4892425671828296	-0.10134911734200408	-0.597019733009679	0.04426438240289437	0.23441813608605053	1.0165519984145588	1.436173347469812	-0.29698862826791395	-0.08193892932883562	0.4744398791281031	0.17563335197391866	-0.003896106175440378	-0.05280444956212777	0.18616231219415166	-0.08381584177264166	0.1309319617785151	0.21961902502126668	-0.020051105459069758	-0.20128380963912182	0.4236519108744325	-0.384912518207621	0.0897776168495935	0.2239432203668173	-0.11469286478351308	0.5701793365515764	-0.3162897032295275	0.28577982541629243	-1.913982711012234	0.31650384442803847	-0.6011204578772498	-0.595533855166422	-0.11069537010190737	-1.9537756938172128	0.447748602274741	0.34952204651102087	1.2967348640237073	-0.5472225621608671	-1.5993531872789053	0.15911568299447348	-1.2120305439554486	0.17218939846969594	0.339186664164287	-0.185753930386357	-1.9454761059921464	-1.1310484380741457	-0.21808999744294727	-0.3750663779450078	0.46209245338293403	0.16038444558468304	-0.031108332311899467	0.5114917322857463	-1.5927084351048282	-1.5993531872789053	-1.5449421918729047	-0.9691850323190339	-1.579151552742058	-2.240613112006499	0.32196930012699276	-1.8555007075501733
6049	replication	Nonlesional Skin	-0.11308664300605151	-0.3497575476819883	0.12023574011753738	-0.8104620933942199	-0.5141993501243186	-0.3259308560095126	-0.08963949777706708	-0.001942392276049251	-0.13696365164014712	-0.6734181385988052	-0.42462489998855574	0.3175359996277814	0.37589321304948553	-0.8481430674641204	-0.28294233646148287	-0.11582706034388326	0.08513944422736074	0.14996600981143	-0.10249178740462583	-0.5388681671262046	0.025130646735364328	-0.3193746420922469	-0.2668943285068112	-0.47948193469043066	-0.4045131949163225	-0.31326563580328354	-0.20535391020241625	-0.24738813370348317	-0.3939422068081071	-0.11842435836037561	0.06768357194136067	0.7816386318066558	0.39556034530607787	-0.6541114174536942	-0.21594146073130221	0.559801951248439	0.05337165433702261	0.4183241425053504	0.16754839340209796	-0.0835841325395294	0.3622044788515496	-0.011700697661715578	0.35124186205059915	-0.08278621257818788	-0.046419053884556416	0.3533456112793648	-0.15207523655117935	-0.07673100478543812	-0.18446579663495108	-0.16773217452960976	-0.3254398097113025	-0.3558993074079384	1.4220030243225967	-0.48325538878796426	-1.0373548585897032	-0.11671614175639045	-0.3726269613907472	-0.1944678462900726	-1.7575826337150542	-0.5601159504182974	0.04807349531165126	-0.1256498210200957	-1.6150934616935948	-1.668528122287075	-2.105701846097853	-1.1307109638686677	-0.7762095080941521	0.21448238856070845	-0.12063335383068924	-1.985076522622275	-1.5822926045353096	-1.4083640902786807	0.40661581928253127	1.0985160433741563	-0.1535715668521787	-0.2037581135304659	0.15070432649942778	-1.8822020419709884	-1.668528122287075	-1.6403077823553365	-1.4139322819802795	-0.2232347680019357	-1.4361598808151848	-0.3744232584569365	-0.6643372868286499
6050	replication	Nonlesional Skin	0.02431766543769047	-0.01179353153440319	-0.4834514605982924	0.48959462797821945	0.11841516994164858	0.08763402914238996	-0.12195053141540436	-0.1767294869665998	0.059104525997342026	-0.0337666888545132	-0.09736172893164913	0.19796815893345576	0.13268911108409445	0.034391624811493944	-0.16323035613507117	-0.046331400059432454	-0.07047642466208609	-0.030969557983488716	-0.08963148760001101	-0.09292690133270437	-0.24618248976448343	-0.15136037665456145	-0.09223313505387294	-0.276045324460243	-0.2856221123511322	-0.23010788286129458	-0.17333832143346034	-0.03992505670267576	-0.1163498563344676	-0.2016032616628516	-0.14567756916393823	0.2601767612742572	0.7080259405087515	0.17885916357058262	0.1135484956095747	0.037982545137837144	-0.08494312532060498	-0.2101695521763456	-0.019281168552268593	-0.2619956158800559	-0.587585958234124	0.06974235514052274	-0.09467870956950387	-0.21145533057683108	-0.3019839591846715	0.11000046792738528	-0.1761987607095859	0.12225848637087713	0.18629301995771208	-0.03827097701277205	-0.5991122532089441	-0.15851056352811335	0.11724233512301847	-0.7695646154699269	-0.6755509652836169	-0.23015597681277786	-0.9050909239835314	-0.23371523938844596	-0.15392682101004396	-0.5392144869136049	-0.514314057506076	-0.7985803017050436	0.13741095141543325	0.7563555176109952	-0.7299452487949534	-0.538819284593421	0.16894367210306085	-0.7372860265081738	-0.5613540196926795	0.5294954093352426	-0.20427671687595425	0.6287836464790528	-0.2839426039688602	0.3290780009759822	-0.35582894169716167	0.2942534718254122	0.23521389535908926	0.44209736464770694	0.7563555176109952	0.3841676913658943	0.8494497736662219	0.6512694310479822	-0.4544405114215735	-0.4270752669200262	0.23433568502274899
6051	replication	Nonlesional Skin	-0.06627410615803918	-0.35131345436139566	-0.1396687906799378	-0.1283238386767298	-0.0017037541898621096	-0.022973020522158886	-0.24087581586888732	-0.09500240887961384	-0.11673930261206365	-0.34518435510092565	-0.37340992951807084	-0.08539381036591694	-0.27021225441676233	-0.2084379966709886	-0.03247737265209891	-0.09995945571204251	-0.15423693698829827	-0.21587356913584843	-0.03909942907685393	0.11052721668486033	-0.12036975386722654	-0.05513269481142774	-0.21149497774278334	-0.3097251894118185	-0.3244790118016465	-0.33307589868200366	-0.3350821814307543	0.14327061812713043	-0.19446243800835597	0.006804406126492083	-0.292371795402267	-0.3932904718718308	-0.06162212944649312	0.04392867800115388	-0.014304816424576497	-0.1630255860233726	-0.11173537037199846	-0.4991520032557969	-0.16553377050489165	-0.08187337748625581	-0.20689449207966315	0.05874884437743582	-0.10328589250078671	-0.055618671615641796	-0.2992638382043386	-0.2578981173069289	-0.06595496381258263	-0.26544899825129087	0.04329294272576045	-0.12038489870929203	-0.41659334305736284	0.28303745090300003	-0.09663286399586045	-0.4404266070070249	-0.35502335043684324	-1.158382612266623	-0.06007288497470516	0.9166071483718691	0.12843778431928068	-0.03447077981933707	-0.4192284564086067	-0.725526382088467	0.9556654287929423	0.21382207648884843	0.7709835236865545	-0.9159552719334378	0.3259642538357703	0.1220898413712461	0.36294459162303455	-1.221030646411661	-0.39966147091284676	-0.7023488736450126	0.06583916834275658	0.362702861993216	-0.780415984902781	-0.2672897926746045	0.3013427581633329	-1.3074992595226556	0.21382207648884843	-0.5526006319738435	-0.7363268633965485	-0.7480446910758186	-0.5715568335873155	0.2948827372997183	-1.0810087706377214
6052	replication	Nonlesional Skin	0.14268852952877106	-0.05341595552514965	-0.3178795390690656	0.2526625785819764	0.13604736764854636	-0.06881445874418954	-0.1672950924073308	0.032560604716760436	-0.277893658329516	0.10457426960342368	-0.08789751303986781	-0.2812731481728102	-0.6075954084269559	0.24244073463568852	-0.07470416974555283	-0.16789467092200228	-0.19539195221050729	-0.4914138452285693	-0.2635686542236016	0.5682606022693318	-0.1159020240045068	0.00020739458927936571	0.046613371568421436	0.07919199081011243	-0.06057775453053777	0.4748768515286876	0.25871494690814867	0.23928141667143268	0.0642551769138662	-0.014841339143337488	-0.646085089788736	-0.7942876434143513	-0.48834955859211004	0.39590393220684605	0.01307622219905194	-0.6096490905133823	-0.17058923160899606	-0.1597179569099485	-0.28491343916034245	-0.2761477032423973	-0.6132716869699806	-0.02905626569294577	-0.19737861809964602	0.129176411880187	-0.08575803777364369	-0.4978568805777002	0.1374265157161792	-0.19900192038884476	0.16922455088042432	0.00038864591359247415	-0.8905389859096877	0.31810612105851027	-0.4826256462329292	1.634095769719563	0.40654080746055526	-1.2728274404809528	0.11139241805683439	-0.4854889968567189	0.6676298924800036	-0.3203198664706376	-0.7459027596872131	-0.7917600296538433	0.3031377474305831	1.0839356261515447	-0.6870311518610606	0.007153662870845401	0.15735352886063664	0.44238738502292196	-0.5181940885170863	-0.4414666932992337	-0.45720178601660155	-0.4453656481040674	0.13345902788903552	-0.4775844766124542	-0.7965075232474761	0.14776532552024813	-0.6610879370242022	-0.5209916572356076	1.0839356261515447	-0.8920738104005208	0.14148451329188802	0.5403758267667049	0.8704409625733671	0.04682369823065417	0.9272637808242771
6056	replication	Nonlesional Skin	-0.19373848399904495	0.07954919890249669	-0.12432964757974191	-0.31884381637344916	-0.2556384615385386	-0.08131914520736216	-0.15904734475942284	-0.22540806494440668	-0.11134357924501054	-0.15004650610942252	-0.1323374436284556	0.18351016711523951	-0.11200194456242629	-0.24762639056284502	-0.08964495116525702	0.02841768229001831	-0.10814199867852754	-0.13132278635953035	-0.09111014419723186	-0.33500480504433905	-0.1440340248688945	-0.21910277230162	-0.07548588484207533	-0.036342924232690046	0.04441895392595002	-0.13262181197721534	-0.07613955689580208	-0.10363464589124942	-0.10497967683684302	-0.20481144691495765	-0.048628761839218715	0.21577807021720738	0.649947840404656	-0.12467697034950503	-0.07594769747564047	0.17509780606883762	0.0680488846219567	0.044747903627451416	-0.22326829856039632	0.03918072094044996	-0.37426937074294775	0.1027812646606774	-0.09782753027578775	-0.23130905047007816	0.0994811981349941	0.14332217077796705	-0.27963749932310294	0.008196865392175354	0.007081933470794287	-0.08928535747264314	0.4692229784787086	-0.4009859619645026	0.023513106556191505	-0.1948015329900208	-0.254798652606351	0.0360664692091589	-0.44431122417635	-0.8940460116267658	-0.3472952670551102	0.7455874411705842	-0.37978245818513195	-0.13299667354374153	-0.355987798887437	-0.5127581135858531	-0.3853150665387238	-0.20750881061935256	-0.04148163239388171	-0.5079831876852944	0.21927624363967957	-0.45547002575540624	-0.2400264580499825	-0.7708110818714138	-1.159982707822545	0.2881645652980176	-0.5407491009144643	0.6312843121466272	-0.2748520827536348	-0.581655056850811	-0.5127581135858531	0.29443083098072365	-0.6429697964741882	0.7135564165110353	-0.11265350589584132	0.40026658002726634	0.1912532670640854
6059	replication	Nonlesional Skin	0.3621709546048107	0.2689556712422574	0.1945530459509892	-0.6627972190999193	0.036315086849539	0.15317168767088157	0.17312864405037703	0.06972093503072259	0.34570480900793377	0.2544159397537463	0.3838309303142229	0.38310052559453167	0.38419358163038375	-0.3269624767662995	0.21784427974739168	0.24129360915234807	0.4026723977821554	0.3172285934290997	0.47098859266854876	-0.43964910303700544	0.3726854358509604	0.022396142632264353	0.026342304112367994	0.39618727862597014	0.26329083549388316	1.25584538636224	0.7111171629657217	-0.12616828889656312	-0.023978918092091753	-0.08722213921325087	0.7624545325572167	0.7385909618182075	0.5578954207213974	-0.16797279027508183	-0.0724742748541059	0.9442447413674109	0.2658622110037222	0.2851235472404798	0.42578451597663103	0.47534441563782864	0.2927250723102127	0.5551104182602933	0.10422727819087838	-0.01938644427364165	0.2359337140091699	0.47772812118638347	-0.5082179379045334	0.6257664278062297	0.25878960744216406	0.46364614097955004	1.7711759808990988	0.23165762817787805	0.1503777053006311	2.756527829386576	1.2057843911359312	2.0681488452015935	0.29136893039574213	1.0624900530500552	0.5563338722713571	2.015344357601486	1.2324546075267835	0.5747454360876144	-1.0994563269203623	0.576307492232028	-0.47939813560802225	1.848243977853833	-1.2436788014437052	-1.3476526347724411	1.0814536283046485	-0.39322911961407003	-0.15238514377930182	1.5555260052860531	0.20377248743683873	1.1780627421732115	0.8368067545127605	0.8908058077604764	0.2741813578459261	-0.2907028064907995	0.576307492232028	1.2235795676428427	1.0361184455417374	-2.1110272241641512	0.06732266779740803	1.184467277774043	0.48219509235452374
6061	replication	Nonlesional Skin	0.01945367198943597	0.31186722360826385	-0.22422450985711262	-0.04043085429540494	0.14992068357556337	0.18029127096325054	-0.0035923139307870054	-0.18157451264768928	-0.14642224450451907	-0.06616983464862938	0.1281545915760368	0.27498369978433684	0.9312354626551681	-0.02142151179122286	0.0342662445971723	0.1318806975353519	-0.07261252337438429	0.9289813541103982	0.23728921311864098	-0.12509266486352238	-0.0699011444758698	-0.08898828870151192	0.09312200864521962	0.41018778766764624	0.32566824857846954	0.5955883386479108	0.47134264974522394	-0.03984305226830862	-0.08606827219204882	0.35218672157888176	0.2650675055136011	0.533184953880259	0.7858888426453671	0.04588949686654054	-0.07150685421147733	0.054858808954434395	0.05757910815598721	-0.15250672990094227	-0.09181505077106886	0.3566785351034175	-0.13165115702949495	0.060322596002594916	0.2080635088129755	-0.16274383979536927	0.2380602526854575	0.38596194048078364	-0.3863700125089282	0.27972181442232474	-0.05537297496963031	0.006485667480220682	1.3262161659616838	1.6397131811898573	0.3370013666853476	1.3784150202592227	1.2393814881012812	1.9295953144293911	-0.06161590344416629	0.6504482359386955	-0.08293950877015023	2.8474465928696002	0.6383351229257892	2.1674526532157405	0.12393977422606406	-0.5299489209124124	0.5835305513972397	0.5181729291233026	0.01607521014126867	-0.280752220251294	0.9024568691192849	0.5435636772849259	0.2791292310557427	-0.09113620685917692	0.747115347871968	-0.09695324743934342	1.9298099738988332	-0.3547398790955903	0.6660763828135232	0.3175782035750508	-0.5299489209124124	1.2212599744001797	0.9371574942007886	0.22656242141259544	0.5654823444211072	1.0698743990775559	0.8369078790295089
6063	replication	Nonlesional Skin	0.16537091239043986	-0.18905679172347692	0.30581667898055714	-0.2633706438949766	0.14045326406705966	0.35460603385863226	0.22974759893846775	-0.1033550456864324	0.12845633080924707	-0.14461662113004087	-0.08381026587221994	0.7025165060359759	1.0804274997681653	-0.24284034514905417	0.13659019693160157	0.29907535112423084	0.22102296524433523	0.8662433346019159	0.44185007271337856	-0.21379064522820304	0.28831027984823165	0.11904297761786309	0.021448604405443685	-0.149463379815967	-0.30667394456664687	0.4877536088711642	0.16669619630801713	-0.10289879365562732	-0.2653580586030503	0.3636484838638338	0.4920595888080318	1.041074965667694	0.3685006229332488	0.047058997023431436	0.2791343048507683	0.6909665166404234	0.3050698592115581	0.23569280487929353	0.27438715507578004	0.4665261181218148	0.5724709803545449	0.4154252536285993	0.3026958014707582	0.11292740974934823	0.11242972152995322	0.5038519666382182	-0.09413822078160064	0.2922560708493461	0.2671439685883993	0.13963908591413352	0.3832271583674609	-0.02018781261945986	1.4262303463890913	0.7733542442709174	0.31516991303736275	0.3637986635116142	0.42161454114439556	-0.31495522971445844	-1.410523295012073	0.2636175852150312	1.4195502052594176	0.9191313817520506	-1.1049739972229957	-0.36717745774375743	-0.5555092994285051	0.14497760763600193	0.4883524267625293	0.46807344728378825	1.1326021546003502	-0.7324098031856299	-0.02453134893268616	-0.7663052419859577	0.8914889037142718	1.1436790364808622	1.680102110155253	0.017274371617276185	1.2059592112943864	-0.7852911236900665	-0.36717745774375743	-0.7404564404269838	-0.7099819200693774	-0.20644547607993538	-0.9344438240912147	0.35971474545037324	-0.5855993691721177
6071	replication	Nonlesional Skin	0.09873284553545715	-0.3136733816125762	-0.15454704209640813	-0.6989713016353253	-0.058785819542863285	-0.25115249207937734	-0.1517668432746445	0.4507817946668667	0.3352157505975489	-0.3069677968512568	-0.19566773754773717	0.022952910121588843	-0.0011609770899393462	-0.44930481824209445	0.10217717005261666	0.10162325712028125	0.2561528319100581	-0.028533711200590853	-0.08898960630227837	-0.16134526780035524	0.009031031764486894	-0.15192274047018056	-0.15817021425379937	-0.05492529924651693	-0.1112541037311589	-0.1704087906958951	-0.2143693925669089	0.00212400271026948	-0.2262716698805971	-0.006934363757828542	0.12638343831558627	-0.045324133332596064	0.16364161939258526	0.026703480236142635	-0.002803263940432418	0.22577260019163994	0.10103598450836415	-0.20642410831041474	0.3820873839408425	-0.06904834204092829	-0.3261923470850697	-0.0070284255049616285	0.07011459429165058	-0.1504795800021979	0.13873525111145127	-0.0962431162805202	-0.15663984099995276	0.03387781736596809	0.059079852908570755	0.15451020325423176	0.5327089763197608	0.48462571037490815	0.22432043377023794	-0.3864991733573778	0.6248880905188893	-0.26029489168875286	-0.36688313162055003	0.10548970623213227	-1.0165918273456693	0.08309436304518844	0.09043358302093825	0.7878608698008572	-0.8503654441100172	-0.5461396666473977	-0.8625424630071594	0.22788581865914642	1.548329049691037	0.598563557463455	0.5701236879599241	-0.31186308646050215	-0.008512800518533092	-0.005184032208365136	-0.9211032878509129	-0.8905974322783197	0.3084635967325986	1.4221782593021737	-0.08377901024764801	-0.7125188338732075	-0.5461396666473977	-0.8238169445700775	-0.13404569219304202	-0.32891531456664136	-0.825412451527004	-0.6010069166324099	-0.6532404126553598
