axis	keratinocyte	fibroblast	T_cell	NK_cell	B_cell	dendritic	endothelial	panel	dominant_cell	secondary_cell	LS_NL_context	donor_effect	bootstrap_ci_low	bootstrap_ci_high	fdr	core_extended_spearman	replication	final_name	confidence	phase2b_status	GSE225475	GSE202011	sample_name	mean_abs_corr	n_spots	abs_distance_to_median	selected_sample	selection_rule	spot_id	spot_barcode	F1_CORE	F2_CORE	F6_CORE	marker_keratinocyte_stress_hypoxia	pxl_row	pxl_col	array_row	array_col	in_tissue
F1	0.0353959104685868	-0.0162625387830986	0.0088149994449272	-0.0103785412906443	-0.0328631540491555	-0.0219871114992296	-0.0093456833275955	a																															
F2	0.0152068552025566	-0.0032580129987681	0.0061533421145198	0.0148332965518864	-0.0174230886385593	-0.0095329275255318	0.0024749811981736	a																															
F6	0.0493424829787933	-0.0064722079636514	0.0177100846426685	0.0484263744970518	-0.0023861859848738	-0.0282295720716439	-0.001943672308004	a																															
F7	-0.0088743459572631	-0.096919043137239	-0.0790563919754315	0.1205051573391503	0.1085110606183501	-0.0101134493954805	-0.1047018011008313	a																															
F1								b	keratinocyte	T_cell	skin baseline paired LS-vs-NL	0.0353959104685868	0.0245614500059623	0.0462303709312114	0.3636363636363636	0.9553004332008016	yes	F1	LOW	directional_not_fdr_significant																			
F2								b	keratinocyte	NK_cell	skin baseline paired LS-vs-NL	0.0152068552025566	0.0101339144881021	0.0202797959170111	0.3636363636363636	0.972925178141847	yes	F2	LOW	directional_not_fdr_significant																			
F6								b	keratinocyte	NK_cell	skin baseline paired LS-vs-NL	0.0493424829787933	0.0386122224375777	0.0620076557120946	0.3636363636363636	0.9464985598013392	yes	F6	LOW	directional_not_fdr_significant																			
F7								b	NK_cell	B_cell	skin immune localization; systemic support remains from bulk blood	0.1205051573391503	0.0088509530179001	0.2592505884157169	0.4242424242424242	0.976219147566726	support	F7	LOW	directional_not_fdr_significant																			
F1								c													0.5023091804132536	0.4894746551524133																	
F2								c													0.5060327012745283	0.4907732828080209																	
F6								c													0.5457899639646722	0.4961148623199959																	
F7								c													0.504905586345315	0.4847144138620564																	
								d_selection															PP1	0.5011468606530034	1352.0	0.016407567492286557	PP1	closest_to_median_F1_F2_F6_abs_correlation_with_keratinocyte_stress											
								d_selection															PP2	0.46833172566843023	1393.0	0.016407567492286612	PP1	closest_to_median_F1_F2_F6_abs_correlation_with_keratinocyte_stress											
								d_selection															PP3	0.6489463456907526	1463.0	0.16420705253003576	PP1	closest_to_median_F1_F2_F6_abs_correlation_with_keratinocyte_stress											
								d_selection															PP4	0.4279135179800928	1118.0	0.05682577518062404	PP1	closest_to_median_F1_F2_F6_abs_correlation_with_keratinocyte_stress											
								d															PP1						GSM7049134:AAACCGGGTAGGTACC-1	AAACCGGGTAGGTACC-1	0.4127086899728704	0.1821805408695314	0.5189886254729189	0.211814681531326	1091.0	560.0	42.0	28.0	1.0
								d															PP1						GSM7049134:AAACCGTTCGTCCAGG-1	AAACCGTTCGTCCAGG-1	0.4498769217432039	0.3523250183647275	0.6637420293450129	0.7849919035737142	1313.0	739.0	52.0	42.0	1.0
								d															PP1						GSM7049134:AAACCTCATGAAGTTG-1	AAACCTCATGAAGTTG-1	0.3797479015646778	0.2920448600954717	0.5557895541286062	0.4347577125262709	980.0	445.0	37.0	19.0	1.0
								d															PP1						GSM7049134:AAACGAGACGGTTGAT-1	AAACGAGACGGTTGAT-1	0.2712066612801418	0.1871370538619273	0.2652240328501472	0.0	935.0	1211.0	35.0	79.0	1.0
								d															PP1						GSM7049134:AAACTTGCAAACGTAT-1	AAACTTGCAAACGTAT-1	0.4506144908281255	0.2934117381825785	0.6853584272982624	1.006645613061296	1157.0	445.0	45.0	19.0	1.0
								d															PP1						GSM7049134:AAAGACTGGGCGCTTT-1	AAAGACTGGGCGCTTT-1	0.4473432664151656	0.2796865049857414	0.6349724553471469	0.4776237205506757	802.0	394.0	29.0	15.0	1.0
								d															PP1						GSM7049134:AAAGGCTCTCGCGCCG-1	AAAGGCTCTCGCGCCG-1	0.4834786536123913	0.2832323100196581	0.6064623750013801	0.6891855989911646	1379.0	905.0	55.0	55.0	1.0
								d															PP1						GSM7049134:AAAGGGATGTAGCAAG-1	AAAGGGATGTAGCAAG-1	0.2236674019270854	0.1048071796002006	0.2424622443058346	0.3789602224558309	690.0	994.0	24.0	62.0	1.0
								d															PP1						GSM7049134:AAAGGGCAGCTTGAAT-1	AAAGGGCAGCTTGAAT-1	0.4481239143488855	0.3252628888159978	0.6039275086342002	0.4338531382763202	691.0	535.0	24.0	26.0	1.0
								d															PP1						GSM7049134:AAAGTAGCATTGCTCA-1	AAAGTAGCATTGCTCA-1	0.4776554417514346	0.277657797005433	0.6665712037546663	0.8850472408363164	1291.0	548.0	51.0	27.0	1.0
								d															PP1						GSM7049134:AAAGTCGACCCTCAGT-1	AAAGTCGACCCTCAGT-1	0.4849331141533188	0.3445487214818492	0.6110982325623715	0.5177799379421223	980.0	394.0	37.0	15.0	1.0
								d															PP1						GSM7049134:AAATACCTATAAGCAT-1	AAATACCTATAAGCAT-1	0.3614884135593889	0.1837274571521344	0.4042105450358174	0.2977275595647866	1201.0	1084.0	47.0	69.0	1.0
								d															PP1						GSM7049134:AAATCGTGTACCACAA-1	AAATCGTGTACCACAA-1	0.5175352683099551	0.2536252286737499	0.5771520814584915	0.3440213776318188	1135.0	918.0	44.0	56.0	1.0
								d															PP1						GSM7049134:AAATGGTCAATGTGCC-1	AAATGGTCAATGTGCC-1	0.286602546978753	0.1095111614377851	0.2996952309605753	0.3816162305641119	890.0	854.0	33.0	51.0	1.0
								d															PP1						GSM7049134:AAATTAACGGGTAGCT-1	AAATTAACGGGTAGCT-1	0.4722790194353121	0.2444098859203079	0.4944107177713025	0.6276359832269207	913.0	943.0	34.0	58.0	1.0
								d															PP1						GSM7049134:AAATTAATAAGCGCGA-1	AAATTAATAAGCGCGA-1	0.4801716890134838	0.2499046946003275	0.6143386445630898	0.5569029946882529	869.0	254.0	32.0	4.0	1.0
								d															PP1						GSM7049134:AAATTACCTATCGATG-1	AAATTACCTATCGATG-1	0.2711878158664745	0.1686000270361256	0.3189807625905963	0.5866535038715943	734.0	1403.0	26.0	94.0	1.0
								d															PP1						GSM7049134:AAATTGATAGTCCTTT-1	AAATTGATAGTCCTTT-1	0.410705475034972	0.2097317594599462	0.4975229150199137	0.6915615119074959	1379.0	599.0	55.0	31.0	1.0
								d															PP1						GSM7049134:AAATTTGCGGGTGTGG-1	AAATTTGCGGGTGTGG-1	0.3515990331922755	0.2346899651768372	0.5031822314049677	0.6152343376705736	1202.0	624.0	47.0	33.0	1.0
								d															PP1						GSM7049134:AACAACTGGTAGTTGC-1	AACAACTGGTAGTTGC-1	0.2603335503093466	0.1087943339740271	0.2590069548033135	0.3772206169624052	779.0	739.0	28.0	42.0	1.0
								d															PP1						GSM7049134:AACAATTACTCTACGC-1	AACAATTACTCTACGC-1	0.3993902941919144	0.2474266794094098	0.5083602689731169	0.141274503939923	802.0	522.0	29.0	25.0	1.0
								d															PP1						GSM7049134:AACACGAGACGCGGCC-1	AACACGAGACGCGGCC-1	0.527277847196632	0.3228777161682161	0.7595817978263878	0.6759131998671501	1157.0	471.0	45.0	21.0	1.0
								d															PP1						GSM7049134:AACAGGATGGGCCGCG-1	AACAGGATGGGCCGCG-1	0.418513201488002	0.2059074814064064	0.4449743583221155	0.2796655327499126	802.0	598.0	29.0	31.0	1.0
								d															PP1						GSM7049134:AACATATCAACTGGTG-1	AACATATCAACTGGTG-1	0.2099491802742564	0.1119418635724347	0.1944636434928226	0.3926492366581858	757.0	1467.0	27.0	99.0	1.0
								d															PP1						GSM7049134:AACCAAGACTTCTCTG-1	AACCAAGACTTCTCTG-1	0.3296745132020342	0.1679403958699166	0.3008237907387684	0.2379244630765225	957.0	509.0	36.0	24.0	1.0
								d															PP1						GSM7049134:AACGATAGAAGGGCCG-1	AACGATAGAAGGGCCG-1	0.4196907147645736	0.2728247391540161	0.555545898154405	0.3649703260719247	491.0	879.0	15.0	53.0	1.0
								d															PP1						GSM7049134:AACGATATGTCAACTG-1	AACGATATGTCAACTG-1	0.4286127862874709	0.2756932924039199	0.5287486578148499	0.6969413910164217	690.0	1173.0	24.0	76.0	1.0
								d															PP1						GSM7049134:AACGCGGTCTCCAGCC-1	AACGCGGTCTCCAGCC-1	0.4209403902081483	0.2959572163420874	0.5096741200934776	0.1422511745648303	668.0	1032.0	23.0	65.0	1.0
								d															PP1						GSM7049134:AACGGCCATCTCCGGT-1	AACGGCCATCTCCGGT-1	0.3939807444015806	0.1885117094030109	0.4350813246660585	0.6684050194035961	1202.0	701.0	47.0	39.0	1.0
								d															PP1						GSM7049134:AACGTACTGTGGGTAC-1	AACGTACTGTGGGTAC-1	0.3515445577289009	0.2243588224581324	0.4963680843987934	0.0	1224.0	739.0	48.0	42.0	1.0
								d															PP1						GSM7049134:AACGTCAGACTAGTGG-1	AACGTCAGACTAGTGG-1	0.2769010034265971	0.1768740274048148	0.3994168809606383	0.3408800239880372	691.0	713.0	24.0	40.0	1.0
								d															PP1						GSM7049134:AACGTGCGAAAGTCTC-1	AACGTGCGAAAGTCTC-1	0.2592468794459412	0.1323767161612266	0.213166050271897	0.0	957.0	1148.0	36.0	74.0	1.0
								d															PP1						GSM7049134:AACTAGGCTTGGGTGT-1	AACTAGGCTTGGGTGT-1	0.4633617774587921	0.2240899406331263	0.5032854788131909	0.294327672437479	1379.0	982.0	55.0	61.0	1.0
								d															PP1						GSM7049134:AACTCAAGTTAATTGC-1	AACTCAAGTTAATTGC-1	0.2709478231865737	0.1229950062044779	0.3272905986250607	0.7040279508976803	1002.0	765.0	38.0	44.0	1.0
								d															PP1						GSM7049134:AACTCTCAATAGAGCG-1	AACTCTCAATAGAGCG-1	0.2882511633778016	0.091163901298863	0.3333754856519125	0.3988599560478238	934.0	1390.0	35.0	93.0	1.0
								d															PP1						GSM7049134:AACTCTCAGTGTGCTC-1	AACTCTCAGTGTGCTC-1	0.5031005605290895	0.3581230070498549	0.6892886724293551	0.7994416160301275	1335.0	727.0	53.0	41.0	1.0
								d															PP1						GSM7049134:AACTGGGTCCCGACGT-1	AACTGGGTCCCGACGT-1	0.275212696644586	0.1765898509352171	0.2819463881987456	0.0	601.0	1045.0	20.0	66.0	1.0
								d															PP1						GSM7049134:AACTTGCCCGTATGCA-1	AACTTGCCCGTATGCA-1	0.3865820841198543	0.2558795674122309	0.5282646937912201	0.5412230877759988	802.0	547.0	29.0	27.0	1.0
								d															PP1						GSM7049134:AACTTTACGGGAGCTT-1	AACTTTACGGGAGCTT-1	0.4362535167691849	0.2702888593614408	0.5921215900117472	0.7203391895059619	846.0	292.0	31.0	7.0	1.0
								d															PP1						GSM7049134:AAGACTGCAAGCTACT-1	AAGACTGCAAGCTACT-1	0.2934052453355656	0.1203471669543498	0.2434735899188936	0.3650575350825652	957.0	1071.0	36.0	68.0	1.0
								d															PP1						GSM7049134:AAGAGATGAATCGGTA-1	AAGAGATGAATCGGTA-1	0.4477214336575859	0.305171366810008	0.5756193882346654	0.7231422366765736	757.0	547.0	27.0	27.0	1.0
								d															PP1						GSM7049134:AAGAGCTCTTTATCGG-1	AAGAGCTCTTTATCGG-1	0.2783333505451792	0.1762380398890747	0.3877681349462394	0.4452631292392592	935.0	1186.0	35.0	77.0	1.0
								d															PP1						GSM7049134:AAGAGGATGTACGCGA-1	AAGAGGATGTACGCGA-1	0.4169673398412468	0.2016436684303183	0.51280374123799	0.8217640471814832	1024.0	573.0	39.0	29.0	1.0
								d															PP1						GSM7049134:AAGAGGCATGGATCGC-1	AAGAGGCATGGATCGC-1	0.3408732917931243	0.2281289771364509	0.3931303809187567	0.8457838701866148	957.0	1224.0	36.0	80.0	1.0
								d															PP1						GSM7049134:AAGCTAGATCGAGTAA-1	AAGCTAGATCGAGTAA-1	0.1827883104606612	0.1149180881649142	0.1813008921282048	0.3798392623700904	1268.0	1071.0	50.0	68.0	1.0
								d															PP1						GSM7049134:AAGCTCGTGCCAAGTC-1	AAGCTCGTGCCAAGTC-1	0.3070511585758089	0.1481459403385188	0.2313282380277444	0.3181319222009003	935.0	1135.0	35.0	73.0	1.0
								d															PP1						GSM7049134:AAGGAGCGGTTGGTGC-1	AAGGAGCGGTTGGTGC-1	0.247140130057724	0.1126832998665576	0.2074338323162413	0.8687773927160215	779.0	815.0	28.0	48.0	1.0
								d															PP1						GSM7049134:AAGGCGCGTAAAGCTT-1	AAGGCGCGTAAAGCTT-1	0.2906724684303274	0.1477006334721105	0.2904726892300322	0.3622727434629104	691.0	688.0	24.0	38.0	1.0
								d															PP1						GSM7049134:AAGGCTGTGCTCATCG-1	AAGGCTGTGCTCATCG-1	0.2076330580734693	0.1034826770921284	0.241999009552828	0.0	824.0	790.0	30.0	46.0	1.0
								d															PP1						GSM7049134:AAGGGACAGATTCTGT-1	AAGGGACAGATTCTGT-1	0.2641935783073439	0.1575604809694323	0.3172547359468873	0.3215556095893335	735.0	1377.0	26.0	92.0	1.0
								d															PP1						GSM7049134:AAGTAGAAGACCGGGT-1	AAGTAGAAGACCGGGT-1	0.1903184528460038	0.1244107726591892	0.1906576512818595	0.388799203744281	579.0	803.0	19.0	47.0	1.0
								d															PP1						GSM7049134:AAGTAGTGACGCGAGG-1	AAGTAGTGACGCGAGG-1	0.2897094081400738	0.1690835082298291	0.3925640925855438	0.6637640561678346	891.0	599.0	33.0	31.0	1.0
								d															PP1						GSM7049134:AAGTGACGACCGAATT-1	AAGTGACGACCGAATT-1	0.4191622944794591	0.2406359095773235	0.6016173127742864	0.3745260738867878	1068.0	522.0	41.0	25.0	1.0
								d															PP1						GSM7049134:AAGTGCGTTAGAATCT-1	AAGTGCGTTAGAATCT-1	0.5234444688339448	0.3133522558227338	0.6954381118914417	0.7627470575748926	1246.0	548.0	49.0	27.0	1.0
								d															PP1						GSM7049134:AAGTTCGGCCAACAGG-1	AAGTTCGGCCAACAGG-1	0.298723023585449	0.1560970958054775	0.5021026013663945	0.3348876497554673	1179.0	637.0	46.0	34.0	1.0
								d															PP1						GSM7049134:AATAACAACGCTCGGC-1	AATAACAACGCTCGGC-1	0.3542559443428125	0.1960945884314911	0.4155078055343088	0.0	957.0	586.0	36.0	30.0	1.0
								d															PP1						GSM7049134:AATAACACTAGAACAA-1	AATAACACTAGAACAA-1	0.4807239675783785	0.2959408907060821	0.6747744924573589	0.8228216096773683	1313.0	688.0	52.0	38.0	1.0
								d															PP1						GSM7049134:AATAGAACAGAGTGGC-1	AATAGAACAGAGTGGC-1	0.4594815529654454	0.3057826188607486	0.6546686128372807	0.8817488712176204	1313.0	790.0	52.0	46.0	1.0
								d															PP1						GSM7049134:AATAGTCCGTCCCGAC-1	AATAGTCCGTCCCGAC-1	0.4900780890624179	0.3198133739033097	0.7043046781643211	0.8557630731407933	1424.0	931.0	57.0	57.0	1.0
								d															PP1						GSM7049134:AATATCGAGGGTTCTC-1	AATATCGAGGGTTCTC-1	0.2972304931942668	0.1622601018637912	0.3420817376661353	0.3217729989862157	757.0	1492.0	27.0	101.0	1.0
								d															PP1						GSM7049134:AATATTGGAGTATTGA-1	AATATTGGAGTATTGA-1	0.3273228867222945	0.164218068664386	0.3425820790518739	0.2825393700348352	957.0	484.0	36.0	22.0	1.0
								d															PP1						GSM7049134:AATCCAAGGGCCTGAG-1	AATCCAAGGGCCTGAG-1	0.2495294454425772	0.150807167585112	0.2376603871589631	0.3607526812095179	446.0	802.0	13.0	47.0	1.0
								d															PP1						GSM7049134:AATCGCCTCAGCGCCA-1	AATCGCCTCAGCGCCA-1	0.3218006489378273	0.2120115028247777	0.2301745559263524	0.0	1023.0	1212.0	39.0	79.0	1.0
								d															PP1						GSM7049134:AATCTATGCCGGAGCC-1	AATCTATGCCGGAGCC-1	0.2044950881041938	0.1012411607187512	0.306448414126499	0.0	734.0	1607.0	26.0	110.0	1.0
								d															PP1						GSM7049134:AATCTCTACTGTGGTT-1	AATCTCTACTGTGGTT-1	0.5151053017619739	0.3042756455546309	0.6960291937882813	0.8510413735356224	1002.0	330.0	38.0	10.0	1.0
								d															PP1						GSM7049134:AATCTGCGTTGGGACG-1	AATCTGCGTTGGGACG-1	0.1813118485651602	0.0694601828325748	0.2001570033659657	0.0	868.0	1377.0	32.0	92.0	1.0
								d															PP1						GSM7049134:AATGACAGCAATGTCT-1	AATGACAGCAATGTCT-1	0.4513307865329478	0.3108536535179774	0.6168285607840834	0.4034577353789539	1224.0	586.0	48.0	30.0	1.0
								d															PP1						GSM7049134:AATGACGTAGGATGTC-1	AATGACGTAGGATGTC-1	0.1875293288971017	0.0821520455156331	0.2561965418381911	0.0	1135.0	1199.0	44.0	78.0	1.0
								d															PP1						GSM7049134:AATGACTGTCAGCCGG-1	AATGACTGTCAGCCGG-1	0.3029956629936003	0.1122852140453002	0.2753251078374954	0.0	668.0	803.0	23.0	47.0	1.0
								d															PP1						GSM7049134:AATGATGATACGCTAT-1	AATGATGATACGCTAT-1	0.3384271637354965	0.215248397093015	0.5221873969535352	0.5462356328505656	668.0	1390.0	23.0	93.0	1.0
								d															PP1						GSM7049134:AATGATGCGACTCCTG-1	AATGATGCGACTCCTG-1	0.323309469029768	0.1846344919908226	0.3817871645983038	0.0	712.0	1492.0	25.0	101.0	1.0
								d															PP1						GSM7049134:AATGCAACCGGGTACC-1	AATGCAACCGGGTACC-1	0.2104196094485441	0.0674134406578023	0.222271370543299	0.4159825661595898	713.0	956.0	25.0	59.0	1.0
								d															PP1						GSM7049134:AATGGTCCACCGTTCA-1	AATGGTCCACCGTTCA-1	0.3990964268342604	0.2604142102924057	0.4930517274316566	0.4622106048338606	824.0	407.0	30.0	16.0	1.0
								d															PP1						GSM7049134:AATTAAAGGTCGGCGT-1	AATTAAAGGTCGGCGT-1	0.3113841615329957	0.1199394075788795	0.5300604852220504	0.6820162904043106	1046.0	841.0	40.0	50.0	1.0
								d															PP1						GSM7049134:AATTAGCGCTGCAGCG-1	AATTAGCGCTGCAGCG-1	0.2509280455193571	0.1031912670874319	0.2768494021282439	0.3932370621343118	1290.0	1007.0	51.0	63.0	1.0
								d															PP1						GSM7049134:AATTCTAGAGTTAGGC-1	AATTCTAGAGTTAGGC-1	0.3848727115324506	0.2262541025133729	0.502719587194931	0.9936968691500772	1246.0	1007.0	49.0	63.0	1.0
								d															PP1						GSM7049134:AATTGAACGCTCTGGT-1	AATTGAACGCTCTGGT-1	0.3324073220919154	0.1578772586594114	0.4327304500084463	0.6189754460635241	1157.0	1263.0	45.0	83.0	1.0
								d															PP1						GSM7049134:ACAACAGCATGAGCTA-1	ACAACAGCATGAGCTA-1	0.2323572535377647	0.0626887941686926	0.2065607187993124	0.0	868.0	1122.0	32.0	72.0	1.0
								d															PP1						GSM7049134:ACAACGGTCCCTGCGA-1	ACAACGGTCCCTGCGA-1	0.4686944732658475	0.2460194989693329	0.4772545481558949	0.3955987966628576	646.0	586.0	22.0	30.0	1.0
								d															PP1						GSM7049134:ACAAGCAGTGCCTAGC-1	ACAAGCAGTGCCTAGC-1	0.4267967691175141	0.2188867947726554	0.436556212334343	0.2975516496634421	824.0	535.0	30.0	26.0	1.0
								d															PP1						GSM7049134:ACAAGGACAAGAGGTT-1	ACAAGGACAAGAGGTT-1	0.2862834129821532	0.1695648980894396	0.3491289803458903	0.3073744029337422	802.0	675.0	29.0	37.0	1.0
								d															PP1						GSM7049134:ACAATAGTCGTACGTT-1	ACAATAGTCGTACGTT-1	0.4505924770909628	0.3221349287913095	0.6849966985311599	0.5293762473903043	1091.0	458.0	42.0	20.0	1.0
								d															PP1						GSM7049134:ACAATCCATTTAAACC-1	ACAATCCATTTAAACC-1	0.4200243278741182	0.2260892014998972	0.3403354332839653	0.3746562004130385	957.0	611.0	36.0	32.0	1.0
								d															PP1						GSM7049134:ACAATTTAGGAGGCTC-1	ACAATTTAGGAGGCTC-1	0.5427621192733588	0.3019552247899408	0.6777140404747203	0.6780795452278087	846.0	318.0	31.0	9.0	1.0
								d															PP1						GSM7049134:ACACAAAGACGGGTGG-1	ACACAAAGACGGGTGG-1	0.2958976857367349	0.1130144535288979	0.3575193869448026	0.397025105920814	690.0	918.0	24.0	56.0	1.0
								d															PP1						GSM7049134:ACACCCAGCATGCAGC-1	ACACCCAGCATGCAGC-1	0.2628064686937616	0.1241555120999706	0.4355297769033576	0.0	690.0	841.0	24.0	50.0	1.0
								d															PP1						GSM7049134:ACACCCGAGAAATCCG-1	ACACCCGAGAAATCCG-1	0.2090145884066504	0.1296628750190491	0.2506229739441322	0.0	580.0	700.0	19.0	39.0	1.0
								d															PP1						GSM7049134:ACACCTTAAGTAGGGC-1	ACACCTTAAGTAGGGC-1	0.2092623977378575	0.1007933984465236	0.2631187650638444	0.0	713.0	752.0	25.0	43.0	1.0
								d															PP1						GSM7049134:ACACGAGACTCCTTCT-1	ACACGAGACTCCTTCT-1	0.2625970406090319	0.1101763305245012	0.219060229697468	0.0	846.0	1109.0	31.0	71.0	1.0
								d															PP1						GSM7049134:ACACGGGAACTTAGGG-1	ACACGGGAACTTAGGG-1	0.3996885370550021	0.250161977403597	0.5041128671945269	0.3560556739089672	757.0	1109.0	27.0	71.0	1.0
								d															PP1						GSM7049134:ACACTGATCAAGGTGT-1	ACACTGATCAAGGTGT-1	0.4989219579650084	0.2616399595720826	0.6353318113359478	0.8344316040857908	1313.0	816.0	52.0	48.0	1.0
								d															PP1						GSM7049134:ACAGAACTGAGAACAA-1	ACAGAACTGAGAACAA-1	0.4694912637075201	0.2572787742243623	0.6078122386809637	0.8540929088655231	1313.0	509.0	52.0	24.0	1.0
								d															PP1						GSM7049134:ACAGGTGGAGGTGAGG-1	ACAGGTGGAGGTGAGG-1	0.4084730436814628	0.2487462151801846	0.5185114634673141	0.6270809283165423	1290.0	701.0	51.0	39.0	1.0
								d															PP1						GSM7049134:ACATCAGCTGGGACGC-1	ACATCAGCTGGGACGC-1	0.4648235713386319	0.3103226436045205	0.610250481236739	0.7406896814681868	869.0	356.0	32.0	12.0	1.0
								d															PP1						GSM7049134:ACATCCCGGCCATACG-1	ACATCCCGGCCATACG-1	0.5132401781293643	0.2913576180451283	0.6083492321328063	0.546272222748762	1379.0	931.0	55.0	57.0	1.0
								d															PP1						GSM7049134:ACATCGATCGTTTACC-1	ACATCGATCGTTTACC-1	0.4995554995308685	0.3113137115745555	0.5738076629956025	0.4305314909073347	1090.0	994.0	42.0	62.0	1.0
								d															PP1						GSM7049134:ACATCGGTCAGCCGCG-1	ACATCGGTCAGCCGCG-1	0.2854678432923183	0.1195202743184118	0.2467639621874995	0.3858021746592417	1068.0	675.0	41.0	37.0	1.0
								d															PP1						GSM7049134:ACATCGTATGCAATGG-1	ACATCGTATGCAATGG-1	0.1696068853411568	0.0759297020600784	0.086082888046072	0.0	1157.0	1237.0	45.0	81.0	1.0
								d															PP1						GSM7049134:ACATTAGTTTATATCC-1	ACATTAGTTTATATCC-1	0.3996799493949035	0.2081522829135323	0.5420128405319036	0.9114674603860552	1290.0	982.0	51.0	61.0	1.0
								d															PP1						GSM7049134:ACCAACGCTTATTTAT-1	ACCAACGCTTATTTAT-1	0.4992898167043519	0.2759061725997611	0.6512716102132314	0.8201238615427436	1335.0	829.0	53.0	49.0	1.0
								d															PP1						GSM7049134:ACCAAGAACGCGTGTC-1	ACCAAGAACGCGTGTC-1	0.2358293171767654	0.1257181456516668	0.2223859863527557	0.0	535.0	828.0	17.0	49.0	1.0
								d															PP1						GSM7049134:ACCACAAGTTTCTATC-1	ACCACAAGTTTCTATC-1	0.2179772092455786	0.0870566317743783	0.3018073607932919	0.0	824.0	892.0	30.0	54.0	1.0
								d															PP1						GSM7049134:ACCATATCCGCAATAA-1	ACCATATCCGCAATAA-1	0.3741032205624741	0.2627826577926624	0.5037655112476664	0.0	1001.0	918.0	38.0	56.0	1.0
								d															PP1						GSM7049134:ACCATCCGCCAACTAG-1	ACCATCCGCCAACTAG-1	0.3624406913838234	0.2167145564704168	0.5013973258235482	0.9472215943387834	1135.0	356.0	44.0	12.0	1.0
								d															PP1						GSM7049134:ACCATCGTATATGGTA-1	ACCATCGTATATGGTA-1	0.3725857337571336	0.1574657315596248	0.3970435074622318	0.0	1090.0	739.0	42.0	42.0	1.0
								d															PP1						GSM7049134:ACCCAACGCCCGTGGC-1	ACCCAACGCCCGTGGC-1	0.2234933369764619	0.1001746553175747	0.2342352787805598	0.0	823.0	1301.0	30.0	86.0	1.0
								d															PP1						GSM7049134:ACCCACCTACATGCTC-1	ACCCACCTACATGCTC-1	0.4645124658656358	0.3350637291577959	0.5643876468799341	0.2957835788050492	713.0	522.0	25.0	25.0	1.0
								d															PP1						GSM7049134:ACCCATCTTGAGGGTA-1	ACCCATCTTGAGGGTA-1	0.3133103615060327	0.163490229481121	0.3458282130547312	0.4148908533205221	979.0	675.0	37.0	37.0	1.0
								d															PP1						GSM7049134:ACCCGGTTACACTTCC-1	ACCCGGTTACACTTCC-1	0.3011887838493154	0.1444825567777168	0.323240860015231	0.5681663855605075	1090.0	816.0	42.0	48.0	1.0
								d															PP1						GSM7049134:ACCCGTGTCATCAGTA-1	ACCCGTGTCATCAGTA-1	0.4024914867794301	0.2559015593889409	0.5833144311137141	1.4079033074872174	1446.0	893.0	58.0	54.0	1.0
								d															PP1						GSM7049134:ACCCTATGCCATATCG-1	ACCCTATGCCATATCG-1	0.3600391196829964	0.2530369858069395	0.5830936251631814	0.7044358888771265	1402.0	714.0	56.0	40.0	1.0
								d															PP1						GSM7049134:ACCGACTGAGTCCCAC-1	ACCGACTGAGTCCCAC-1	0.2287131689104463	0.0884352730612331	0.1887092356056414	0.0	779.0	1045.0	28.0	66.0	1.0
								d															PP1						GSM7049134:ACCGATGGTAGCATCG-1	ACCGATGGTAGCATCG-1	0.196153039060389	0.0965337354087562	0.2168152018965506	0.4150462436305399	957.0	1377.0	36.0	92.0	1.0
								d															PP1						GSM7049134:ACCTAAGTACCTTTCA-1	ACCTAAGTACCTTTCA-1	0.5035922872423454	0.3025388212948454	0.6613855711809354	0.8145959570165535	1268.0	586.0	50.0	30.0	1.0
								d															PP1						GSM7049134:ACCTAATCGACTTCCT-1	ACCTAATCGACTTCCT-1	0.4791090304977333	0.2780141728886074	0.4980879898895113	0.1542900329767738	868.0	586.0	32.0	30.0	1.0
								d															PP1						GSM7049134:ACCTGCGTGTCATGTT-1	ACCTGCGTGTCATGTT-1	0.3737121088498845	0.2590888780296707	0.6518273901608727	1.0890980650242306	1180.0	433.0	46.0	18.0	1.0
								d															PP1						GSM7049134:ACGAAATGGGCGGCAC-1	ACGAAATGGGCGGCAC-1	0.3838783817542244	0.2220066707274911	0.5071219802413128	0.0	868.0	509.0	32.0	24.0	1.0
								d															PP1						GSM7049134:ACGAGTACGGATGCCC-1	ACGAGTACGGATGCCC-1	0.2439810468443567	0.1130466571021005	0.2528810332920665	0.3596998221030953	779.0	1531.0	28.0	104.0	1.0
								d															PP1						GSM7049134:ACGATCATACATAGAG-1	ACGATCATACATAGAG-1	0.2339805577428228	0.182380346393834	0.2974533486670271	0.3385971837074888	713.0	1007.0	25.0	63.0	1.0
								d															PP1						GSM7049134:ACGATGCATATGTTAT-1	ACGATGCATATGTTAT-1	0.2726033890585292	0.1275690297104518	0.3098060517054587	0.0	979.0	752.0	37.0	43.0	1.0
								d															PP1						GSM7049134:ACGCAATCACTACAGC-1	ACGCAATCACTACAGC-1	0.286582826150999	0.1534487045738741	0.259566294338244	0.0	712.0	1594.0	25.0	109.0	1.0
								d															PP1						GSM7049134:ACGCATTCGTGAGTAC-1	ACGCATTCGTGAGTAC-1	0.4987594683454693	0.2479472344591261	0.5345545525702852	0.5206071810246965	890.0	982.0	33.0	61.0	1.0
								d															PP1						GSM7049134:ACGCCGCTAGACGACC-1	ACGCCGCTAGACGACC-1	0.3201347509417047	0.1787961059328491	0.3961504132650692	0.0	1112.0	1109.0	43.0	71.0	1.0
								d															PP1						GSM7049134:ACGCGAAGTCAGACGA-1	ACGCGAAGTCAGACGA-1	0.4931284677938775	0.2901671952679529	0.6302421145117805	0.7897656615550198	1246.0	956.0	49.0	59.0	1.0
								d															PP1						GSM7049134:ACGCGCTACACAGGGT-1	ACGCGCTACACAGGGT-1	0.2452994370764812	0.1552923085330138	0.3229466009057751	0.3016695076872945	1068.0	599.0	41.0	31.0	1.0
								d															PP1						GSM7049134:ACGCGGGCCAAGGACA-1	ACGCGGGCCAAGGACA-1	0.5283334752381146	0.2965898467082712	0.6242066852246971	0.6161807137337583	913.0	994.0	34.0	62.0	1.0
								d															PP1						GSM7049134:ACGCTAGTGATACACT-1	ACGCTAGTGATACACT-1	0.1967883743817205	0.0770138252478267	0.3193778255462647	0.8873060056780215	779.0	1479.0	28.0	100.0	1.0
								d															PP1						GSM7049134:ACGCTGTGAGGCGTAG-1	ACGCTGTGAGGCGTAG-1	0.5038847783170594	0.2749972093609406	0.6583604777343672	0.6597853057013789	1024.0	369.0	39.0	13.0	1.0
								d															PP1						GSM7049134:ACGGCACTTGCTTGGG-1	ACGGCACTTGCTTGGG-1	0.3418277536038139	0.2094761538757511	0.4283997057789904	0.3544965878130301	1312.0	969.0	52.0	60.0	1.0
								d															PP1						GSM7049134:ACGGCCAACATGGACT-1	ACGGCCAACATGGACT-1	0.4421900375821665	0.298595604302212	0.534968443446168	0.5399721978539896	1335.0	905.0	53.0	55.0	1.0
								d															PP1						GSM7049134:ACGGGAGTGTCGGCCC-1	ACGGGAGTGTCGGCCC-1	0.4584249747701899	0.3016697740877783	0.612989778095902	0.6082014035877884	1202.0	522.0	47.0	25.0	1.0
								d															PP1						GSM7049134:ACGTAGATTGCTGATG-1	ACGTAGATTGCTGATG-1	0.3876590091364975	0.1135088223502218	0.3118352122523605	0.2838502121139535	890.0	1058.0	33.0	67.0	1.0
								d															PP1						GSM7049134:ACGTTAATGTCGAAGA-1	ACGTTAATGTCGAAGA-1	0.4383933108053955	0.2457921233683866	0.5860873187076175	0.6763296054426942	1068.0	1084.0	41.0	69.0	1.0
								d															PP1						GSM7049134:ACGTTAGATTTGCCCG-1	ACGTTAGATTTGCCCG-1	0.2842318269248925	0.1524007654806794	0.3547529895148477	0.0	1024.0	701.0	39.0	39.0	1.0
								d															PP1						GSM7049134:ACTACCAGCTCTCTGG-1	ACTACCAGCTCTCTGG-1	0.2176002616190677	0.0883554723501523	0.2661182370813785	0.0	713.0	726.0	25.0	41.0	1.0
								d															PP1						GSM7049134:ACTCAATAAAGGCACG-1	ACTCAATAAAGGCACG-1	0.3513899261104136	0.1788579335544566	0.3314065802339252	0.0	713.0	1084.0	25.0	69.0	1.0
								d															PP1						GSM7049134:ACTCCCATTCCTAAAG-1	ACTCCCATTCCTAAAG-1	0.3445814145300862	0.2289324318484821	0.5558258691760994	0.6987787249497506	1202.0	420.0	47.0	17.0	1.0
								d															PP1						GSM7049134:ACTCCCTAGAATAGTA-1	ACTCCCTAGAATAGTA-1	0.300598160765155	0.1587730549189953	0.3421723781076323	0.2544296523986979	1224.0	1097.0	48.0	70.0	1.0
								d															PP1						GSM7049134:ACTCGTAACCCGTCCT-1	ACTCGTAACCCGTCCT-1	0.4263778450243222	0.2464770558556037	0.630301031929625	0.6637295353918656	1246.0	497.0	49.0	23.0	1.0
								d															PP1						GSM7049134:ACTCGTCAGTAATCCC-1	ACTCGTCAGTAATCCC-1	0.4037859130273802	0.2413771320401105	0.4818661700189979	0.4718176290794891	957.0	1199.0	36.0	78.0	1.0
								d															PP1						GSM7049134:ACTCTCTGACTTAGGT-1	ACTCTCTGACTTAGGT-1	0.2846897575721462	0.1431444538511706	0.3064896089202238	0.3367278579766092	1090.0	1199.0	42.0	78.0	1.0
								d															PP1						GSM7049134:ACTCTTGTATAGTAAC-1	ACTCTTGTATAGTAAC-1	0.2427811379767831	0.1267756936319677	0.2646137427625133	0.4571246968203693	957.0	1097.0	36.0	70.0	1.0
								d															PP1						GSM7049134:ACTGAATGGCGAAAGT-1	ACTGAATGGCGAAAGT-1	0.3141516533477809	0.1676423318011252	0.3516266262747936	0.0	1201.0	1263.0	47.0	83.0	1.0
								d															PP1						GSM7049134:ACTGTACGATACACAT-1	ACTGTACGATACACAT-1	0.2396524767887671	0.0934673536566451	0.2733988257639129	0.3809023913869051	824.0	1199.0	30.0	78.0	1.0
								d															PP1						GSM7049134:ACTGTAGCACTTTGGA-1	ACTGTAGCACTTTGGA-1	0.2438698801551882	0.1162206011761075	0.2210294948289135	0.0	757.0	701.0	27.0	39.0	1.0
								d															PP1						GSM7049134:ACTGTCCAGGATTATA-1	ACTGTCCAGGATTATA-1	0.3212727009911422	0.1304431780139573	0.357287570325934	0.0	890.0	905.0	33.0	55.0	1.0
								d															PP1						GSM7049134:ACTGTCTTCTTTAGAA-1	ACTGTCTTCTTTAGAA-1	0.2708940492819647	0.135430101845048	0.2993456177355876	0.0	824.0	1020.0	30.0	64.0	1.0
								d															PP1						GSM7049134:ACTTATACTTACCCGG-1	ACTTATACTTACCCGG-1	0.2829534018205945	0.1211705830395842	0.2745455221905114	0.3320018365822645	957.0	1352.0	36.0	90.0	1.0
								d															PP1						GSM7049134:ACTTATTAGGATCGGT-1	ACTTATTAGGATCGGT-1	0.3621493436143486	0.1660494661516245	0.4302882509232529	0.0	1002.0	867.0	38.0	52.0	1.0
								d															PP1						GSM7049134:ACTTCGCCATACGCAC-1	ACTTCGCCATACGCAC-1	0.3262054555034254	0.206157785817634	0.4066825439363836	0.0	757.0	1160.0	27.0	75.0	1.0
								d															PP1						GSM7049134:ACTTGACTCCCTCTTT-1	ACTTGACTCCCTCTTT-1	0.2174980946507888	0.091544117136599	0.3660414252601739	0.0	1090.0	1122.0	42.0	72.0	1.0
								d															PP1						GSM7049134:ACTTGGGACCCGGTGG-1	ACTTGGGACCCGGTGG-1	0.2363234111083414	0.1063389785141589	0.1103094125397559	0.0	802.0	828.0	29.0	49.0	1.0
								d															PP1						GSM7049134:ACTTTCCTATAGCTTC-1	ACTTTCCTATAGCTTC-1	0.2363482177083174	0.0946889317040906	0.2648261493741302	0.4019784988510675	779.0	994.0	28.0	62.0	1.0
								d															PP1						GSM7049134:ACTTTGACTGCATCCT-1	ACTTTGACTGCATCCT-1	0.4382156292819509	0.2506200075681079	0.6080818925943908	1.0655947881811014	1024.0	343.0	39.0	11.0	1.0
								d															PP1						GSM7049134:AGAACGTGGTACATTC-1	AGAACGTGGTACATTC-1	0.3048652257726808	0.1700170540562923	0.4042108151458053	1.18094742187345	757.0	1135.0	27.0	73.0	1.0
								d															PP1						GSM7049134:AGAAGGTTGCCGAATT-1	AGAAGGTTGCCGAATT-1	0.3183971364119781	0.1069902125278278	0.2838142638433067	0.0	1090.0	765.0	42.0	44.0	1.0
								d															PP1						GSM7049134:AGAAGTGATTCGTGAT-1	AGAAGTGATTCGTGAT-1	0.4906966934522961	0.3347292835403605	0.7012622982106309	0.5468227531527595	1224.0	560.0	48.0	28.0	1.0
								d															PP1						GSM7049134:AGAATAAATCTTCAGG-1	AGAATAAATCTTCAGG-1	0.4937559322494124	0.3308583671939342	0.6461445856725994	0.6580304103778228	980.0	343.0	37.0	11.0	1.0
								d															PP1						GSM7049134:AGAATTATGGATTCGA-1	AGAATTATGGATTCGA-1	0.2028834630056782	0.1052205735601786	0.1043250275170088	0.4000981638305294	868.0	1454.0	32.0	98.0	1.0
								d															PP1						GSM7049134:AGACCATGGGATACAA-1	AGACCATGGGATACAA-1	0.5194954123544182	0.3050861528395658	0.526812531790414	0.3363918706864467	646.0	560.0	22.0	28.0	1.0
								d															PP1						GSM7049134:AGACCCACCGCTGATC-1	AGACCCACCGCTGATC-1	0.2565123201956883	0.1496317468262144	0.3312281203751848	0.7040234271495093	1246.0	1033.0	49.0	65.0	1.0
								d															PP1						GSM7049134:AGACCCGCCCTCCTCG-1	AGACCCGCCCTCCTCG-1	0.2536908766058457	0.1221917477215618	0.4199958124670837	0.3482757727074913	735.0	918.0	26.0	56.0	1.0
								d															PP1						GSM7049134:AGACCGGGAAACCCTG-1	AGACCGGGAAACCCTG-1	0.42324341913755	0.3609592577227347	0.6559543030891897	0.4964221602739838	1069.0	420.0	41.0	17.0	1.0
								d															PP1						GSM7049134:AGACGACGATGCCGCT-1	AGACGACGATGCCGCT-1	0.4659853154599622	0.2858655251894064	0.6624275400164261	0.830743143270201	1335.0	624.0	53.0	33.0	1.0
								d															PP1						GSM7049134:AGACTAGCCTTCCAGA-1	AGACTAGCCTTCCAGA-1	0.2508062054582758	0.1219652633280782	0.2864565136523709	0.0	779.0	790.0	28.0	46.0	1.0
								d															PP1						GSM7049134:AGAGATCTCTAAAGCG-1	AGAGATCTCTAAAGCG-1	0.4181144663640424	0.3199651282897041	0.6703370297000913	0.4873706965664833	1046.0	433.0	40.0	18.0	1.0
								d															PP1						GSM7049134:AGAGCAGTTATGAGAC-1	AGAGCAGTTATGAGAC-1	0.3110911654712024	0.2130596223199764	0.4210584860765998	0.2249332186098042	802.0	445.0	29.0	19.0	1.0
								d															PP1						GSM7049134:AGAGCGTACAAGCTCG-1	AGAGCGTACAAGCTCG-1	0.5108157627793883	0.2875799907897858	0.6356838216833529	0.3711664960574503	691.0	560.0	24.0	28.0	1.0
								d															PP1						GSM7049134:AGATAACTTCAGGGCC-1	AGATAACTTCAGGGCC-1	0.2613254932985543	0.139869986560574	0.1794269528648741	0.0	868.0	764.0	32.0	44.0	1.0
								d															PP1						GSM7049134:AGATACCGGTGTTCAC-1	AGATACCGGTGTTCAC-1	0.3026615106633827	0.1175551951933879	0.3659240450587325	0.3425564675426243	1046.0	688.0	40.0	38.0	1.0
								d															PP1						GSM7049134:AGATACTCAAGATCGA-1	AGATACTCAAGATCGA-1	0.3518355336304124	0.1515279031764468	0.4695402668923651	1.4414184938243746	1179.0	1250.0	46.0	82.0	1.0
								d															PP1						GSM7049134:AGATCTCAGGTGTGAT-1	AGATCTCAGGTGTGAT-1	0.2721867046557211	0.1144530825344246	0.2636109901828511	0.4413458809235177	801.0	1160.0	29.0	75.0	1.0
								d															PP1						GSM7049134:AGATGACTCGCCCACG-1	AGATGACTCGCCCACG-1	0.1996847844984379	0.1203411514182968	0.2511443968818512	0.3826947296063999	624.0	905.0	21.0	55.0	1.0
								d															PP1						GSM7049134:AGATTATAGGACGTTT-1	AGATTATAGGACGTTT-1	0.365690907422484	0.2638998558152582	0.5046424190577075	0.2855179336548954	957.0	892.0	36.0	54.0	1.0
								d															PP1						GSM7049134:AGCACCAGTACTCACG-1	AGCACCAGTACTCACG-1	0.3235133388668162	0.1482400735658454	0.4093395736472401	0.3554327242061467	757.0	1033.0	27.0	65.0	1.0
								d															PP1						GSM7049134:AGCACTACCGGCCTGT-1	AGCACTACCGGCCTGT-1	0.336269760704531	0.2165691959070726	0.3613925736108682	0.7041000482890308	913.0	458.0	34.0	20.0	1.0
								d															PP1						GSM7049134:AGCACTTAAGGACGCC-1	AGCACTTAAGGACGCC-1	0.2904890448519631	0.1998657985544219	0.3724220850170392	0.5457418329408407	846.0	650.0	31.0	35.0	1.0
								d															PP1						GSM7049134:AGCAGCCAGATGAATA-1	AGCAGCCAGATGAATA-1	0.5516932904067448	0.3303197722198268	0.7255436383796656	0.7789347104858824	1401.0	944.0	56.0	58.0	1.0
								d															PP1						GSM7049134:AGCATCGTCGATAATT-1	AGCATCGTCGATAATT-1	0.2478261957916238	0.233096781279339	0.3989202535680939	0.2798148911170439	646.0	866.0	22.0	52.0	1.0
								d															PP1						GSM7049134:AGCCCATACATGTAAG-1	AGCCCATACATGTAAG-1	0.3769702090473557	0.1967115561013331	0.4665330791576843	0.3715565161790154	1091.0	535.0	42.0	26.0	1.0
								d															PP1						GSM7049134:AGCCGCAAATTCAAAT-1	AGCCGCAAATTCAAAT-1	0.4638428013063242	0.2425239300016177	0.6040456806791374	0.659973638145065	980.0	241.0	37.0	3.0	1.0
								d															PP1						GSM7049134:AGCCGTGGCTAAATGT-1	AGCCGTGGCTAAATGT-1	0.4533433494713731	0.2520631236412932	0.6285266091109308	0.7189193224672217	1268.0	484.0	50.0	22.0	1.0
								d															PP1						GSM7049134:AGCGACAGGAACGGTC-1	AGCGACAGGAACGGTC-1	0.4894135219016297	0.2925308014496369	0.6361293330922431	0.7992888424345227	1290.0	675.0	51.0	37.0	1.0
								d															PP1						GSM7049134:AGCGACCAACGATATT-1	AGCGACCAACGATATT-1	0.2319473805293498	0.1574248166899529	0.3374616582390273	0.4053917868918807	713.0	905.0	25.0	55.0	1.0
								d															PP1						GSM7049134:AGCGCATAATGAATCG-1	AGCGCATAATGAATCG-1	0.4556003866914863	0.3131934138889891	0.6761551888418097	0.9003714643674626	1424.0	905.0	57.0	55.0	1.0
								d															PP1						GSM7049134:AGCGCGGGTGCCAATG-1	AGCGCGGGTGCCAATG-1	0.401337235736132	0.2575375251897139	0.5224364983921456	0.3408381960558641	690.0	1377.0	24.0	92.0	1.0
								d															PP1						GSM7049134:AGCGTGGTATTCTACT-1	AGCGTGGTATTCTACT-1	0.313856857880322	0.1622498257733845	0.2295972102993637	0.5944013250485364	1157.0	1109.0	45.0	71.0	1.0
								d															PP1						GSM7049134:AGCTCTAGACGTTCCA-1	AGCTCTAGACGTTCCA-1	0.446123844168283	0.2848563027223827	0.4803576294684074	0.1612822763766306	1001.0	1173.0	38.0	76.0	1.0
								d															PP1						GSM7049134:AGCTCTTTACTCAGTT-1	AGCTCTTTACTCAGTT-1	0.3002520246198045	0.1459569056290561	0.3639210931942035	0.3282612783092021	1068.0	777.0	41.0	45.0	1.0
								d															PP1						GSM7049134:AGCTGTAACCTCAATC-1	AGCTGTAACCTCAATC-1	0.4261606955010947	0.2723255129506141	0.5964949984503595	0.7872019191012469	1357.0	561.0	54.0	28.0	1.0
								d															PP1						GSM7049134:AGCTTGATCTTAACTT-1	AGCTTGATCTTAACTT-1	0.4448905061964931	0.2565514798341222	0.4772608587735181	0.6145748610168132	1068.0	496.0	41.0	23.0	1.0
								d															PP1						GSM7049134:AGGACGACCCATTAGA-1	AGGACGACCCATTAGA-1	0.2845825427652825	0.1616642806433763	0.2610166331890929	0.3133824145392783	1113.0	777.0	43.0	45.0	1.0
								d															PP1						GSM7049134:AGGATAAAGTCGGGAT-1	AGGATAAAGTCGGGAT-1	0.3513503111237259	0.1918851091415463	0.3972646165758085	0.8714843134523109	1335.0	1033.0	53.0	65.0	1.0
								d															PP1						GSM7049134:AGGCAGGGAGCGTACT-1	AGGCAGGGAGCGTACT-1	0.4437536326000396	0.2719145775040797	0.6221012197627809	0.9666381701894908	1468.0	829.0	59.0	49.0	1.0
								d															PP1						GSM7049134:AGGCCACCCGTTATGA-1	AGGCCACCCGTTATGA-1	0.3651381718270322	0.1929776468082173	0.2703079683096648	0.3504756199844872	779.0	688.0	28.0	38.0	1.0
								d															PP1						GSM7049134:AGGCCCTAGAACGCCA-1	AGGCCCTAGAACGCCA-1	0.4311053815064226	0.2922666582567164	0.5407685205872056	0.5379372462373317	1157.0	522.0	45.0	25.0	1.0
								d															PP1						GSM7049134:AGGCTATGGTTAGCTT-1	AGGCTATGGTTAGCTT-1	0.522754267268977	0.3470834383904187	0.6922403641576279	0.6753470836235379	735.0	586.0	26.0	30.0	1.0
								d															PP1						GSM7049134:AGGCTTCCCGAAGAAG-1	AGGCTTCCCGAAGAAG-1	0.4500546164975673	0.2919863096242903	0.5740239426311563	0.5655992268240597	1268.0	739.0	50.0	42.0	1.0
								d															PP1						GSM7049134:AGGGACTCTACGCGAC-1	AGGGACTCTACGCGAC-1	0.5075288212792791	0.2930670896226152	0.6708947256939405	0.8538067436037674	1379.0	880.0	55.0	53.0	1.0
								d															PP1						GSM7049134:AGGGCGAGCAGCTGAT-1	AGGGCGAGCAGCTGAT-1	0.5148019288796177	0.3200315006417231	0.7524484206509838	0.6543094674739108	1135.0	458.0	44.0	20.0	1.0
								d															PP1						GSM7049134:AGGGCGTGATCGGCTA-1	AGGGCGTGATCGGCTA-1	0.2143284811265713	0.1098606941154539	0.2420734837498892	0.0	535.0	777.0	17.0	45.0	1.0
								d															PP1						GSM7049134:AGGGCTGCAGTTACAG-1	AGGGCTGCAGTTACAG-1	0.4482663978021965	0.2353838862088701	0.4755124212737433	0.3583921256241577	935.0	1033.0	35.0	65.0	1.0
								d															PP1						GSM7049134:AGGGTGCTCTCGAGGG-1	AGGGTGCTCTCGAGGG-1	0.2103743023089646	0.06721561306328	0.2019927713107828	0.72485159606647	912.0	1377.0	34.0	92.0	1.0
								d															PP1						GSM7049134:AGGGTGGATAGTGCAT-1	AGGGTGGATAGTGCAT-1	0.428588519267194	0.2541362978589492	0.5321148696320449	0.624431582566875	802.0	343.0	29.0	11.0	1.0
								d															PP1						GSM7049134:AGGGTTTAGTTCGGGA-1	AGGGTTTAGTTCGGGA-1	0.4527861885431877	0.2074766361233229	0.5433139434214989	0.7454734785191076	890.0	1007.0	33.0	63.0	1.0
								d															PP1						GSM7049134:AGGTAGGTACAAAGCT-1	AGGTAGGTACAAAGCT-1	0.3076174890121479	0.1537745923167494	0.4279721004776864	0.0	935.0	599.0	35.0	31.0	1.0
								d															PP1						GSM7049134:AGGTCAGGTGAGAGTG-1	AGGTCAGGTGAGAGTG-1	0.4998101466369262	0.3025876699965389	0.7373507438491048	0.7666119667016508	1180.0	458.0	46.0	20.0	1.0
								d															PP1						GSM7049134:AGGTCGCGGAGTTACT-1	AGGTCGCGGAGTTACT-1	0.2696299906501366	0.1759251742604718	0.3099017666895798	0.6292051143540138	734.0	1531.0	26.0	104.0	1.0
								d															PP1						GSM7049134:AGGTGTATCGCCATGA-1	AGGTGTATCGCCATGA-1	0.4233925168453474	0.2858922443098059	0.4819697317071109	0.8598413072611076	980.0	420.0	37.0	17.0	1.0
								d															PP1						GSM7049134:AGGTTGAGGCACGCTT-1	AGGTTGAGGCACGCTT-1	0.4590587980206559	0.2844985716580268	0.576040726367807	0.3188502057175849	646.0	1147.0	22.0	74.0	1.0
								d															PP1						GSM7049134:AGGTTTCACACACCTT-1	AGGTTTCACACACCTT-1	0.4316473251630426	0.2483404890182576	0.5231393670910648	0.6729359018885744	1068.0	1058.0	41.0	67.0	1.0
								d															PP1						GSM7049134:AGTACATCATTTATCA-1	AGTACATCATTTATCA-1	0.2203930839427192	0.0905855698269254	0.2829716710499471	0.3805470032079777	801.0	1594.0	29.0	109.0	1.0
								d															PP1						GSM7049134:AGTACGGCCCGTATCG-1	AGTACGGCCCGTATCG-1	0.4624300294967499	0.3044002308075222	0.5701338186124303	0.706451148758906	935.0	343.0	35.0	11.0	1.0
								d															PP1						GSM7049134:AGTAGGTAACATACAT-1	AGTAGGTAACATACAT-1	0.1616173425944221	0.0833209187632385	0.1368365951418065	0.0	446.0	854.0	13.0	51.0	1.0
								d															PP1						GSM7049134:AGTATAATACTAGGCA-1	AGTATAATACTAGGCA-1	0.3509904605329548	0.1608903271100465	0.3332455412414347	0.4937267585262707	713.0	624.0	25.0	33.0	1.0
								d															PP1						GSM7049134:AGTATTTGGCACGACC-1	AGTATTTGGCACGACC-1	0.3971286187563888	0.2818158259429654	0.6265466244394691	1.1088956399226877	1446.0	867.0	58.0	52.0	1.0
								d															PP1						GSM7049134:AGTCAACACCACCATC-1	AGTCAACACCACCATC-1	0.3050028178095627	0.1662283202147754	0.3599291605594392	0.292820333880023	1068.0	803.0	41.0	47.0	1.0
								d															PP1						GSM7049134:AGTCGGCCCAAACGAC-1	AGTCGGCCCAAACGAC-1	0.2148988140875196	0.0719618144237054	0.1355721913226635	0.0	713.0	701.0	25.0	39.0	1.0
								d															PP1						GSM7049134:AGTCGGCTCAACTTTA-1	AGTCGGCTCAACTTTA-1	0.5187694355074264	0.3470694894492624	0.7672988725266174	0.6167706687236639	1202.0	497.0	47.0	23.0	1.0
								d															PP1						GSM7049134:AGTCGTGGGCATTACG-1	AGTCGTGGGCATTACG-1	0.4608533907978659	0.2788391219873823	0.6787218364814429	0.933703311407836	1291.0	573.0	51.0	29.0	1.0
								d															PP1						GSM7049134:AGTCTCACAAGACTAC-1	AGTCTCACAAGACTAC-1	0.3999873781156542	0.224672947559414	0.584340801105407	0.7085129388443094	1357.0	586.0	54.0	30.0	1.0
								d															PP1						GSM7049134:AGTCTTCTCCTCAAAT-1	AGTCTTCTCCTCAAAT-1	0.464540347026071	0.3394943859355731	0.5609059060772428	0.3357770636560052	690.0	1045.0	24.0	66.0	1.0
								d															PP1						GSM7049134:AGTGACCTACTTTACG-1	AGTGACCTACTTTACG-1	0.4012073732049804	0.2283196905912508	0.493750559185737	0.5281859791942483	1135.0	867.0	44.0	52.0	1.0
								d															PP1						GSM7049134:AGTGAGACTTCCAGTA-1	AGTGAGACTTCCAGTA-1	0.2891802138407036	0.1569043438778184	0.309195137021532	0.2834630203642168	935.0	1314.0	35.0	87.0	1.0
								d															PP1						GSM7049134:AGTGAGCCTCGCCGCC-1	AGTGAGCCTCGCCGCC-1	0.1996910350961641	0.073450910574369	0.1939662976891623	0.0	801.0	1518.0	29.0	103.0	1.0
								d															PP1						GSM7049134:AGTGATATGAGTAGTT-1	AGTGATATGAGTAGTT-1	0.3000301266929584	0.1484452067350395	0.2790510313843466	0.2817756425690766	1157.0	829.0	45.0	49.0	1.0
								d															PP1						GSM7049134:AGTGATTCAAGCAGGA-1	AGTGATTCAAGCAGGA-1	0.2643020324024719	0.0794911761703757	0.1631733730951687	0.405608195769723	890.0	1314.0	33.0	87.0	1.0
								d															PP1						GSM7049134:AGTGCGTAGCTCGTAA-1	AGTGCGTAGCTCGTAA-1	0.3720719233858861	0.2299114209688181	0.3606293280810235	0.0	1179.0	739.0	46.0	42.0	1.0
								d															PP1						GSM7049134:AGTGGCGGCAATTTGA-1	AGTGGCGGCAATTTGA-1	0.361964769273046	0.207221972184493	0.440234475225171	0.0	690.0	1403.0	24.0	94.0	1.0
								d															PP1						GSM7049134:AGTGGCTCCGTCGGCC-1	AGTGGCTCCGTCGGCC-1	0.5139890642484829	0.2804118819762689	0.6588115481472216	0.981817992658143	1046.0	356.0	40.0	12.0	1.0
								d															PP1						GSM7049134:AGTGGTTGCGTATAGG-1	AGTGGTTGCGTATAGG-1	0.502242301513467	0.2943779544040143	0.7128303245506215	0.5810084465368833	935.0	292.0	35.0	7.0	1.0
								d															PP1						GSM7049134:AGTTAAACACTTGCGA-1	AGTTAAACACTTGCGA-1	0.2830709280914207	0.1503949533604047	0.2783259187369466	0.0	1046.0	765.0	40.0	44.0	1.0
								d															PP1						GSM7049134:AGTTAAGTCAACCGCT-1	AGTTAAGTCAACCGCT-1	0.4623634673414439	0.2622451801134646	0.6237323626771449	0.8143154534287013	1291.0	522.0	51.0	25.0	1.0
								d															PP1						GSM7049134:AGTTCCTACAGAATTA-1	AGTTCCTACAGAATTA-1	0.266089517406313	0.0820431433741851	0.2082062017206646	0.0	824.0	841.0	30.0	50.0	1.0
								d															PP1						GSM7049134:AGTTCCTATTTATGTT-1	AGTTCCTATTTATGTT-1	0.4542871970577406	0.3037401962798899	0.6032937197840035	0.6503853022455246	1112.0	1033.0	43.0	65.0	1.0
								d															PP1						GSM7049134:AGTTTGGCCAGACCTA-1	AGTTTGGCCAGACCTA-1	0.430283749613072	0.2754253345082632	0.6047229589088051	0.4565265421295963	1202.0	599.0	47.0	31.0	1.0
								d															PP1						GSM7049134:ATAAACGGACCCGTAA-1	ATAAACGGACCCGTAA-1	0.3472695759389928	0.2023258372108502	0.4221289911218021	0.498014802830237	1201.0	982.0	47.0	61.0	1.0
								d															PP1						GSM7049134:ATAAAGGCTCGGTCGT-1	ATAAAGGCTCGGTCGT-1	0.2611849241055688	0.0836742339213383	0.3247200110323781	1.1491689476143048	913.0	841.0	34.0	50.0	1.0
								d															PP1						GSM7049134:ATAAATATTAGCAGCT-1	ATAAATATTAGCAGCT-1	0.3258181947745049	0.1412576041002212	0.3146176457665763	0.626360636504159	1002.0	560.0	38.0	28.0	1.0
								d															PP1						GSM7049134:ATAACGCCGGAGGGTC-1	ATAACGCCGGAGGGTC-1	0.2864123019413899	0.1263204125984849	0.2629951458626386	0.0	935.0	1237.0	35.0	81.0	1.0
								d															PP1						GSM7049134:ATAAGTAGGATTCAGA-1	ATAAGTAGGATTCAGA-1	0.2806766724329271	0.0945323776457789	0.2502936813920791	0.0	757.0	1518.0	27.0	103.0	1.0
								d															PP1						GSM7049134:ATAAGTTACCGCGACG-1	ATAAGTTACCGCGACG-1	0.3354098740927889	0.2210008067668304	0.5159348068821751	0.4657823263853876	1179.0	867.0	46.0	52.0	1.0
								d															PP1						GSM7049134:ATAATAGCTGTTGAAT-1	ATAATAGCTGTTGAAT-1	0.3723582512735242	0.2231035999519671	0.3960571684720743	0.1881441009613384	1201.0	1007.0	47.0	63.0	1.0
								d															PP1						GSM7049134:ATACCACGGGCAACTT-1	ATACCACGGGCAACTT-1	0.3326157098049112	0.2310524258680673	0.4189787996870268	1.1059644431816158	935.0	573.0	35.0	29.0	1.0
								d															PP1						GSM7049134:ATACGCCGGCGAAACC-1	ATACGCCGGCGAAACC-1	0.2444606001579184	0.1336958116600566	0.195525032636221	0.0	1046.0	1199.0	40.0	78.0	1.0
								d															PP1						GSM7049134:ATACGGTGAAGATGCA-1	ATACGGTGAAGATGCA-1	0.445014092855156	0.3465963088742689	0.630763560395942	0.4049987035418771	891.0	343.0	33.0	11.0	1.0
								d															PP1						GSM7049134:ATACTTGTTCTCGAGC-1	ATACTTGTTCTCGAGC-1	0.5407116291700651	0.2976794488023682	0.7073357367047195	0.7324941031375506	824.0	330.0	30.0	10.0	1.0
								d															PP1						GSM7049134:ATAGACGAAGAGAAAG-1	ATAGACGAAGAGAAAG-1	0.2750945340246729	0.1127419569173407	0.3164281694402867	0.0	891.0	777.0	33.0	45.0	1.0
								d															PP1						GSM7049134:ATAGAGTACTGGGACA-1	ATAGAGTACTGGGACA-1	0.1497486092156498	0.0490899783054279	0.1556492938252528	0.0	735.0	815.0	26.0	48.0	1.0
								d															PP1						GSM7049134:ATAGAGTTATCAACTT-1	ATAGAGTTATCAACTT-1	0.2445298554636869	0.1140521062608734	0.2576705088911828	0.3287223602728716	757.0	1390.0	27.0	93.0	1.0
								d															PP1						GSM7049134:ATAGGCGGCTATAGAA-1	ATAGGCGGCTATAGAA-1	0.2996909568571061	0.1149172637928057	0.3200988453241241	0.0	1113.0	624.0	43.0	33.0	1.0
								d															PP1						GSM7049134:ATAGGCTAGCTTCGCA-1	ATAGGCTAGCTTCGCA-1	0.3755841709943142	0.2474180057945777	0.5645976744937987	1.1597631601762866	712.0	1441.0	25.0	97.0	1.0
								d															PP1						GSM7049134:ATAGGGATATCCTTGA-1	ATAGGGATATCCTTGA-1	0.4119240411866899	0.2599253945442702	0.5188008519171055	0.5893372727542249	624.0	1109.0	21.0	71.0	1.0
								d															PP1						GSM7049134:ATAGGTTGGGCAGATG-1	ATAGGTTGGGCAGATG-1	0.2214501509130124	0.120607637220885	0.237962592240116	0.8282334379266377	779.0	1020.0	28.0	64.0	1.0
								d															PP1						GSM7049134:ATAGTGAAGCGTTCTC-1	ATAGTGAAGCGTTCTC-1	0.3743535612290228	0.1873061485550936	0.3426693689879841	0.5289963562410709	1068.0	931.0	41.0	57.0	1.0
								d															PP1						GSM7049134:ATATCTTAGGGCCTTC-1	ATATCTTAGGGCCTTC-1	0.5092341397836042	0.3144215282174781	0.5924398687016359	0.5991919078112976	935.0	982.0	35.0	61.0	1.0
								d															PP1						GSM7049134:ATATTCAGTTAAACCT-1	ATATTCAGTTAAACCT-1	0.3334936908103469	0.2014078506716631	0.3992926919297501	0.2502373948172635	1135.0	714.0	44.0	40.0	1.0
								d															PP1						GSM7049134:ATATTTAACCCTCAAG-1	ATATTTAACCCTCAAG-1	0.2565591371081656	0.0751491528424586	0.215472261718907	0.3480036057971363	846.0	905.0	31.0	55.0	1.0
								d															PP1						GSM7049134:ATCAAACGAAGGTTTG-1	ATCAAACGAAGGTTTG-1	0.4260689005860706	0.2739731043396047	0.5572225931702293	0.7884147207980563	1246.0	624.0	49.0	33.0	1.0
								d															PP1						GSM7049134:ATCAATCTGGGCTGCA-1	ATCAATCTGGGCTGCA-1	0.3796000201426207	0.1606551414057891	0.4935594100296487	0.7481913947617327	890.0	1033.0	33.0	65.0	1.0
								d															PP1						GSM7049134:ATCACGTGCTAATTAA-1	ATCACGTGCTAATTAA-1	0.3204103691678888	0.1747083230382193	0.3870419614250271	0.7274735173466972	1179.0	663.0	46.0	36.0	1.0
								d															PP1						GSM7049134:ATCACTTCATCCTCGC-1	ATCACTTCATCCTCGC-1	0.4328998998757781	0.2748083049381267	0.5604836818519204	0.3030149821926441	624.0	1058.0	21.0	67.0	1.0
								d															PP1						GSM7049134:ATCAGACGGCACGCCG-1	ATCAGACGGCACGCCG-1	0.2728020086520738	0.115573303165667	0.3186200852629542	0.0	1135.0	739.0	44.0	42.0	1.0
								d															PP1						GSM7049134:ATCATCCAATATTTGT-1	ATCATCCAATATTTGT-1	0.4033506226937478	0.1803569737787158	0.5027433764751494	0.4359981993851427	1024.0	956.0	39.0	59.0	1.0
								d															PP1						GSM7049134:ATCCAACGCAGTCATA-1	ATCCAACGCAGTCATA-1	0.2884162158118558	0.0844575346458324	0.2871507897043129	0.3442568564667713	713.0	675.0	25.0	37.0	1.0
								d															PP1						GSM7049134:ATCCAATGGAGGGTCC-1	ATCCAATGGAGGGTCC-1	0.4173613372076685	0.2772066440531096	0.6042138605447631	0.6696716819021201	1113.0	548.0	43.0	27.0	1.0
								d															PP1						GSM7049134:ATCCAATGGTACCGAA-1	ATCCAATGGTACCGAA-1	0.4502987053910341	0.283548626441804	0.6738318330191952	1.0157631159384244	958.0	279.0	36.0	6.0	1.0
								d															PP1						GSM7049134:ATCCAGAGCAACAACC-1	ATCCAGAGCAACAACC-1	0.4748613787040811	0.2962511069465956	0.6805256855891803	1.1857394278030515	1268.0	867.0	50.0	52.0	1.0
								d															PP1						GSM7049134:ATCCAGGATTCGTGAA-1	ATCCAGGATTCGTGAA-1	0.2601992828046378	0.1166339574212318	0.263026485673129	0.6396621256546718	1046.0	790.0	40.0	46.0	1.0
								d															PP1						GSM7049134:ATCCTACCTAAGCTCT-1	ATCCTACCTAAGCTCT-1	0.3731412345809205	0.2249485121910459	0.425791918659522	0.4697848221154669	1135.0	816.0	44.0	48.0	1.0
								d															PP1						GSM7049134:ATCCTGAATCGCTGCG-1	ATCCTGAATCGCTGCG-1	0.3020873116684973	0.173114181453606	0.4332952097384629	0.2954621770409989	1002.0	535.0	38.0	26.0	1.0
								d															PP1						GSM7049134:ATCCTGCGTGGAATGG-1	ATCCTGCGTGGAATGG-1	0.3105500642156134	0.1644886333963804	0.3273486611971637	1.0188687749170906	1157.0	803.0	45.0	47.0	1.0
								d															PP1						GSM7049134:ATCGACCCAATACAGA-1	ATCGACCCAATACAGA-1	0.4765842518701926	0.3325858383648494	0.6174737123365862	0.6790007814351195	1112.0	1007.0	43.0	63.0	1.0
								d															PP1						GSM7049134:ATCGACTCTTTCCGTT-1	ATCGACTCTTTCCGTT-1	0.3044800398180528	0.150335062283599	0.2720894073512056	0.0	668.0	981.0	23.0	61.0	1.0
								d															PP1						GSM7049134:ATCGCACGCCGGGAGA-1	ATCGCACGCCGGGAGA-1	0.1449139508507216	0.0442598195642018	0.0806223760244346	0.0	713.0	930.0	25.0	57.0	1.0
								d															PP1						GSM7049134:ATCGGTTACCTAGTAA-1	ATCGGTTACCTAGTAA-1	0.5060618167045279	0.2926927280284901	0.7420980765054419	0.562319259603597	913.0	305.0	34.0	8.0	1.0
								d															PP1						GSM7049134:ATCTGCACCTCTGCGA-1	ATCTGCACCTCTGCGA-1	0.1942766072660866	0.114275425510806	0.1889795060378793	0.385248146294483	801.0	1492.0	29.0	101.0	1.0
								d															PP1						GSM7049134:ATCTGGTTAAGACTGT-1	ATCTGGTTAAGACTGT-1	0.3738424930979924	0.2581372995196632	0.493577678489831	0.4240057359539376	735.0	1173.0	26.0	76.0	1.0
								d															PP1						GSM7049134:ATCTTGACCTGCAACG-1	ATCTTGACCTGCAACG-1	0.2221578028258827	0.1069854529740468	0.1974045919430284	0.0	735.0	764.0	26.0	44.0	1.0
								d															PP1						GSM7049134:ATGAAGCCAAGGAGCC-1	ATGAAGCCAAGGAGCC-1	0.3189945764531771	0.1922752751703624	0.4434802353550401	0.2536702697657959	646.0	790.0	22.0	46.0	1.0
								d															PP1						GSM7049134:ATGACGCGTTCTATCC-1	ATGACGCGTTCTATCC-1	0.4431483963608206	0.2637137416292641	0.6348975789044727	0.909280228527563	1313.0	586.0	52.0	30.0	1.0
								d															PP1						GSM7049134:ATGAGGAGTGTTAATC-1	ATGAGGAGTGTTAATC-1	0.2862406455014896	0.1826248257738207	0.3397484131133416	0.269561986280202	713.0	649.0	25.0	35.0	1.0
								d															PP1						GSM7049134:ATGATCGGGAATAGAC-1	ATGATCGGGAATAGAC-1	0.3411126980072689	0.2126483069147963	0.3436333544934629	0.2481773315640404	513.0	892.0	16.0	54.0	1.0
								d															PP1						GSM7049134:ATGATGCAATGGTACA-1	ATGATGCAATGGTACA-1	0.4373687777283139	0.2104400955046003	0.4492076534662761	0.0	1135.0	841.0	44.0	50.0	1.0
								d															PP1						GSM7049134:ATGCACTACCGCATTG-1	ATGCACTACCGCATTG-1	0.2506130880935077	0.1275110395416188	0.3337010823084652	0.0	757.0	777.0	27.0	45.0	1.0
								d															PP1						GSM7049134:ATGCATGATCCAGGAT-1	ATGCATGATCCAGGAT-1	0.3698348349319342	0.2484155370774792	0.5788458559619833	0.5131865623786364	713.0	1033.0	25.0	65.0	1.0
								d															PP1						GSM7049134:ATGCCGGTCTTGCATA-1	ATGCCGGTCTTGCATA-1	0.2728103073095972	0.117599419338666	0.2807967660370795	0.3958165302521799	846.0	1160.0	31.0	75.0	1.0
								d															PP1						GSM7049134:ATGCGACAGTCCCATT-1	ATGCGACAGTCCCATT-1	0.361730108836958	0.218622597764683	0.492885973665729	0.6490912427991524	935.0	1109.0	35.0	71.0	1.0
								d															PP1						GSM7049134:ATGCTCAGTGTTGCAT-1	ATGCTCAGTGTTGCAT-1	0.4270522049085973	0.2319398348975336	0.4697643858646178	0.5861281166347625	624.0	573.0	21.0	29.0	1.0
								d															PP1						GSM7049134:ATGGAGCAGGCCGTGA-1	ATGGAGCAGGCCGTGA-1	0.403194034041645	0.1809412694111813	0.4607859041352004	0.25910867073336	957.0	1045.0	36.0	66.0	1.0
								d															PP1						GSM7049134:ATGGATTGACCAAACG-1	ATGGATTGACCAAACG-1	0.2406714853753837	0.1182710067707625	0.1393910879607733	0.0	757.0	981.0	27.0	61.0	1.0
								d															PP1						GSM7049134:ATGGCAGCCGAGAAAC-1	ATGGCAGCCGAGAAAC-1	0.5473809710891235	0.3198273489221651	0.7440730553594863	0.7337185526694421	891.0	318.0	33.0	9.0	1.0
								d															PP1						GSM7049134:ATGTGAAAGCCTAATG-1	ATGTGAAAGCCTAATG-1	0.5263378081432786	0.3404403301116282	0.7666701693277261	0.7550706208253893	1180.0	484.0	46.0	22.0	1.0
								d															PP1						GSM7049134:ATGTGCATCCGACGCA-1	ATGTGCATCCGACGCA-1	0.2460506672548444	0.1200218819752593	0.2812433465300212	0.0	668.0	930.0	23.0	57.0	1.0
								d															PP1						GSM7049134:ATGTTCGTCGACCCAC-1	ATGTTCGTCGACCCAC-1	0.4112316107451328	0.2661851678964321	0.6210486539401784	0.4236429668425967	913.0	381.0	34.0	14.0	1.0
								d															PP1						GSM7049134:ATTAAACATGCGGACC-1	ATTAAACATGCGGACC-1	0.4283471656254368	0.2197502918078576	0.550083413062785	0.5910969143572393	1113.0	956.0	43.0	59.0	1.0
								d															PP1						GSM7049134:ATTAATACTACGCGGG-1	ATTAATACTACGCGGG-1	0.4231435292337823	0.2821097848320672	0.5093583509581193	0.6864261872820442	646.0	1045.0	22.0	66.0	1.0
								d															PP1						GSM7049134:ATTAATGAACCAGTCG-1	ATTAATGAACCAGTCG-1	0.3334901407063944	0.1584461441066621	0.346647228492093	0.4888909128417468	668.0	1211.0	23.0	79.0	1.0
								d															PP1						GSM7049134:ATTACGCGCTGGCAGG-1	ATTACGCGCTGGCAGG-1	0.3175455864497216	0.1483131298019841	0.4140402641750807	0.6155175481806628	1046.0	586.0	40.0	30.0	1.0
								d															PP1						GSM7049134:ATTACTAGCCTCTTGC-1	ATTACTAGCCTCTTGC-1	0.2174863515274118	0.0985736326926894	0.2512133235256161	0.4275281956941196	557.0	764.0	18.0	44.0	1.0
								d															PP1						GSM7049134:ATTAGATTCCTCAGCA-1	ATTAGATTCCTCAGCA-1	0.2342173885050975	0.172874587042567	0.2777953448708382	0.7512697291470857	712.0	1543.0	25.0	105.0	1.0
								d															PP1						GSM7049134:ATTAGATTGATAGCGG-1	ATTAGATTGATAGCGG-1	0.292728067097901	0.2125455081897287	0.3878704796008553	0.0	579.0	828.0	19.0	49.0	1.0
								d															PP1						GSM7049134:ATTAGGCGATGCTTTC-1	ATTAGGCGATGCTTTC-1	0.3226443791045933	0.1529291965999053	0.3273232179558754	0.3571802403957294	979.0	1109.0	37.0	71.0	1.0
								d															PP1						GSM7049134:ATTATGCCATAGGGAG-1	ATTATGCCATAGGGAG-1	0.3068490293458773	0.1336268577184692	0.3544240850994661	0.3116759013826355	624.0	879.0	21.0	53.0	1.0
								d															PP1						GSM7049134:ATTCAGTAGCAGGGTC-1	ATTCAGTAGCAGGGTC-1	0.4822234450098839	0.306917595511877	0.5978909746151383	0.3843682795984205	757.0	522.0	27.0	25.0	1.0
								d															PP1						GSM7049134:ATTCATATACTGTCCA-1	ATTCATATACTGTCCA-1	0.4205020751402235	0.1890392192814528	0.3649264283997175	0.3405816108222613	1179.0	969.0	46.0	60.0	1.0
								d															PP1						GSM7049134:ATTCCCACATAAACAA-1	ATTCCCACATAAACAA-1	0.408201574815463	0.2998945941299199	0.4650028574352866	0.6883348947202188	735.0	509.0	26.0	24.0	1.0
								d															PP1						GSM7049134:ATTCCTCCGCCAGTGC-1	ATTCCTCCGCCAGTGC-1	0.256124443830718	0.1469857952387724	0.2835612130947087	0.3859873984243532	668.0	700.0	23.0	39.0	1.0
								d															PP1						GSM7049134:ATTCGACGCCGGGCCT-1	ATTCGACGCCGGGCCT-1	0.3880104445214833	0.2094878289194185	0.4629189829268316	0.4714287780513795	957.0	535.0	36.0	26.0	1.0
								d															PP1						GSM7049134:ATTGAAGATCTTAGTG-1	ATTGAAGATCTTAGTG-1	0.2405019975996728	0.1144394186801992	0.3235842229764107	0.0	846.0	828.0	31.0	49.0	1.0
								d															PP1						GSM7049134:ATTGCTGCTCCTCCAT-1	ATTGCTGCTCCTCCAT-1	0.2174229463012514	0.1068639548320421	0.2130685361420916	0.0	935.0	752.0	35.0	43.0	1.0
								d															PP1						GSM7049134:ATTTAACTCGTATTAC-1	ATTTAACTCGTATTAC-1	0.2801870292550892	0.1659058613664395	0.2502782934771546	0.3275730515505123	468.0	866.0	14.0	52.0	1.0
								d															PP1						GSM7049134:ATTTACAGTTTACTGG-1	ATTTACAGTTTACTGG-1	0.3793020338864197	0.248226162114839	0.4534956945576041	0.3257011114978342	824.0	688.0	30.0	38.0	1.0
								d															PP1						GSM7049134:ATTTCCGGGTTCTGCG-1	ATTTCCGGGTTCTGCG-1	0.4287374731811905	0.3030248752503572	0.6752242914840421	1.2590293199035474	1379.0	650.0	55.0	35.0	1.0
								d															PP1						GSM7049134:ATTTGCGCGAGTAGCT-1	ATTTGCGCGAGTAGCT-1	0.4396172827448422	0.2690386648710992	0.6355685050052172	0.9274327263240986	1335.0	599.0	53.0	31.0	1.0
								d															PP1						GSM7049134:ATTTGTTCCAGGGCTC-1	ATTTGTTCCAGGGCTC-1	0.3631001598188997	0.1941089567392635	0.4506595309592097	0.3335561908895291	579.0	1109.0	19.0	71.0	1.0
								d															PP1						GSM7049134:CAAACGAGTATCGCAG-1	CAAACGAGTATCGCAG-1	0.3133086881455226	0.1233061911271428	0.3138910582120861	0.3007613160708247	1202.0	803.0	47.0	47.0	1.0
								d															PP1						GSM7049134:CAAACGGTCGCACTTT-1	CAAACGGTCGCACTTT-1	0.333925434812602	0.1998840425826109	0.3924440718788136	0.0	824.0	713.0	30.0	40.0	1.0
								d															PP1						GSM7049134:CAAATCTCTCACAAGG-1	CAAATCTCTCACAAGG-1	0.382290013078279	0.2606283046822924	0.5327138316910784	0.4722944222578139	1135.0	509.0	44.0	24.0	1.0
								d															PP1						GSM7049134:CAAATGTCCTTCCGTG-1	CAAATGTCCTTCCGTG-1	0.3873670333205931	0.2177496951171113	0.4123625943747128	0.2115143994428501	1157.0	880.0	45.0	53.0	1.0
								d															PP1						GSM7049134:CAACGACCCGTTTACA-1	CAACGACCCGTTTACA-1	0.2945133321320778	0.2306900477689406	0.4393035517770736	0.7982728595721591	602.0	841.0	20.0	50.0	1.0
								d															PP1						GSM7049134:CAACGGTTCTTGATAC-1	CAACGGTTCTTGATAC-1	0.2069130924892376	0.0935004235529083	0.1734064957425938	0.0	557.0	688.0	18.0	38.0	1.0
								d															PP1						GSM7049134:CAACTCCTTGATCCCG-1	CAACTCCTTGATCCCG-1	0.2043450913605559	0.1162224972855356	0.2742837815961535	0.0	557.0	790.0	18.0	46.0	1.0
								d															PP1						GSM7049134:CAACTGCTCATCCGAT-1	CAACTGCTCATCCGAT-1	0.4444220731472507	0.2517699425775915	0.584808276426166	0.7491847680424332	1468.0	905.0	59.0	55.0	1.0
								d															PP1						GSM7049134:CAAGAGGGCGGAGTAC-1	CAAGAGGGCGGAGTAC-1	0.2962228512801133	0.1178572509083238	0.2151318078437797	0.0	1179.0	1148.0	46.0	74.0	1.0
								d															PP1						GSM7049134:CAAGCAACGTCGGAGT-1	CAAGCAACGTCGGAGT-1	0.262093521075525	0.1371339122501975	0.3400793070403247	0.3554327242061467	868.0	688.0	32.0	38.0	1.0
								d															PP1						GSM7049134:CAAGCACCAAATGCCT-1	CAAGCACCAAATGCCT-1	0.2907040163827774	0.1540880031672073	0.357493245790763	0.0	557.0	1045.0	18.0	66.0	1.0
								d															PP1						GSM7049134:CAAGGATCGCATGTTC-1	CAAGGATCGCATGTTC-1	0.3983362276930931	0.1702026046841274	0.521309862909155	1.0183052250292624	1046.0	1071.0	40.0	68.0	1.0
								d															PP1						GSM7049134:CAATAAACCTTGGCCC-1	CAATAAACCTTGGCCC-1	0.3647218941338435	0.2103243231953795	0.4836255655729887	0.9502590932593424	735.0	1147.0	26.0	74.0	1.0
								d															PP1						GSM7049134:CAATACGCTCTGAGGC-1	CAATACGCTCTGAGGC-1	0.4345729122726309	0.2603169094853515	0.6037313950499319	1.221095387146687	1046.0	330.0	40.0	10.0	1.0
								d															PP1						GSM7049134:CAATATTCTTGACCTA-1	CAATATTCTTGACCTA-1	0.4918769214517666	0.3163978567989389	0.7044152942346957	0.8439341557679015	1357.0	714.0	54.0	40.0	1.0
								d															PP1						GSM7049134:CAATTAAGGGTGATGA-1	CAATTAAGGGTGATGA-1	0.2500266179826019	0.0584483488559351	0.1786162089904206	0.0	801.0	1033.0	29.0	65.0	1.0
								d															PP1						GSM7049134:CAATTTCGTATAAGGG-1	CAATTTCGTATAAGGG-1	0.4230407961510266	0.2642624614030308	0.4684892729614636	0.4587943406941915	979.0	1007.0	37.0	63.0	1.0
								d															PP1						GSM7049134:CACAATGAGCTGCTAT-1	CACAATGAGCTGCTAT-1	0.3218097020167995	0.1438730107302498	0.3079435055181795	0.5772147638011118	1090.0	841.0	42.0	50.0	1.0
								d															PP1						GSM7049134:CACACAGGGATAGATT-1	CACACAGGGATAGATT-1	0.4998944949742709	0.3397154354935535	0.6239054983982198	0.2432048856642664	713.0	547.0	25.0	27.0	1.0
								d															PP1						GSM7049134:CACACGCGCTGTCTTA-1	CACACGCGCTGTCTTA-1	0.2288554631453892	0.0965553627055401	0.346010211108395	0.4309130267818662	890.0	1339.0	33.0	89.0	1.0
								d															PP1						GSM7049134:CACAGCACCCACGGCA-1	CACAGCACCCACGGCA-1	0.3048310643543093	0.1688313716804246	0.3669201310631506	0.5302214436554687	846.0	956.0	31.0	59.0	1.0
								d															PP1						GSM7049134:CACATATTAGCAGGAT-1	CACATATTAGCAGGAT-1	0.2976534680477641	0.1716238651320295	0.3848126722277332	0.2685488867785418	1201.0	1135.0	47.0	73.0	1.0
								d															PP1						GSM7049134:CACATGATTCAGCAAC-1	CACATGATTCAGCAAC-1	0.382242265181551	0.2020653647152067	0.4874622953509085	0.6730711945428485	1001.0	1020.0	38.0	64.0	1.0
								d															PP1						GSM7049134:CACCACGCCACACAGA-1	CACCACGCCACACAGA-1	0.3433325163576654	0.1960104464624896	0.4941653151560853	0.4051467787035162	1046.0	305.0	40.0	8.0	1.0
								d															PP1						GSM7049134:CACCCACACGTCACCC-1	CACCCACACGTCACCC-1	0.185393117679912	0.1171049750002974	0.2020293631781589	0.8048003397207967	535.0	751.0	17.0	43.0	1.0
								d															PP1						GSM7049134:CACCCGGTTTGTGACT-1	CACCCGGTTTGTGACT-1	0.5062692261560535	0.321314789496255	0.6971742915776993	0.8142406154059774	1335.0	701.0	53.0	39.0	1.0
								d															PP1						GSM7049134:CACCGCCAGAAGGTTT-1	CACCGCCAGAAGGTTT-1	0.1678232397301879	0.1090915780487901	0.2586705548215288	0.4047447634366023	757.0	956.0	27.0	59.0	1.0
								d															PP1						GSM7049134:CACCGTTAGGGATCAC-1	CACCGTTAGGGATCAC-1	0.5072267761258605	0.2941110244743641	0.6788330688749545	0.9474766500209254	1335.0	675.0	53.0	37.0	1.0
								d															PP1						GSM7049134:CACCGTTGCGCGATAT-1	CACCGTTGCGCGATAT-1	0.4395871343314437	0.3197109519799637	0.6857728931756414	0.3967495248437206	1202.0	573.0	47.0	29.0	1.0
								d															PP1						GSM7049134:CACCTAATCAGTTTAC-1	CACCTAATCAGTTTAC-1	0.4172006020680007	0.2572229198476775	0.4205252338031932	0.5823609320376982	601.0	1122.0	20.0	72.0	1.0
								d															PP1						GSM7049134:CACCTCGATGGTGGAC-1	CACCTCGATGGTGGAC-1	0.3351739662087309	0.1913155547229097	0.4041909963887556	0.2576460476871441	557.0	1096.0	18.0	70.0	1.0
								d															PP1						GSM7049134:CACGAAAGTTAGTCCC-1	CACGAAAGTTAGTCCC-1	0.3617205845686221	0.1994959598297164	0.3778426299707557	0.0	891.0	573.0	33.0	29.0	1.0
								d															PP1						GSM7049134:CACGCACAGCGCAGCT-1	CACGCACAGCGCAGCT-1	0.3742258519653525	0.2213767664520857	0.4792591047437523	0.5923853822184123	690.0	1122.0	24.0	72.0	1.0
								d															PP1						GSM7049134:CACGCAGCGAGGCTTT-1	CACGCAGCGAGGCTTT-1	0.2491423376996001	0.0918676830901031	0.2001570033659657	0.0	846.0	752.0	31.0	43.0	1.0
								d															PP1						GSM7049134:CACGGGATTGAGGGTT-1	CACGGGATTGAGGGTT-1	0.5105709191126078	0.3193856533276139	0.6598407875710796	0.3781116761727509	846.0	343.0	31.0	11.0	1.0
								d															PP1						GSM7049134:CACGTCGGCAACCTCT-1	CACGTCGGCAACCTCT-1	0.457125785819093	0.2647396576467676	0.5724685950355439	0.3593388080948193	1246.0	675.0	49.0	37.0	1.0
								d															PP1						GSM7049134:CACGTTCGTGCTCTAG-1	CACGTTCGTGCTCTAG-1	0.299812479002748	0.1662331908730335	0.3794559820012099	0.6227547733652435	979.0	1237.0	37.0	81.0	1.0
								d															PP1						GSM7049134:CACTAAAGTTGCCTAT-1	CACTAAAGTTGCCTAT-1	0.2818681475217625	0.1601082501812791	0.3482754511252737	0.3104865125531401	935.0	854.0	35.0	51.0	1.0
								d															PP1						GSM7049134:CACTCAAGAGCTATGG-1	CACTCAAGAGCTATGG-1	0.3427833752666785	0.1737132376247169	0.3607442636068418	0.2576460476871441	1024.0	931.0	39.0	57.0	1.0
								d															PP1						GSM7049134:CACTCCTATGTAAGAT-1	CACTCCTATGTAAGAT-1	0.4246903967705307	0.2757953067418993	0.6256676888852596	0.7917635819194448	1402.0	663.0	56.0	36.0	1.0
								d															PP1						GSM7049134:CACTCGGTTAGGAGGA-1	CACTCGGTTAGGAGGA-1	0.480260556728918	0.3011242743106964	0.6197523396567683	0.5294507004432737	935.0	369.0	35.0	13.0	1.0
								d															PP1						GSM7049134:CACTGTCCAAGTGAGA-1	CACTGTCCAAGTGAGA-1	0.221476283346784	0.0925513924978587	0.2083321627381525	0.4217487302841682	579.0	751.0	19.0	43.0	1.0
								d															PP1						GSM7049134:CACTTAATCAGACGGA-1	CACTTAATCAGACGGA-1	0.2475657215107679	0.1349687829136919	0.2833387074487246	0.388231763751671	913.0	816.0	34.0	48.0	1.0
								d															PP1						GSM7049134:CACTTCGCCACAGGCT-1	CACTTCGCCACAGGCT-1	0.4680303490687008	0.3066973350145655	0.5465109285198422	0.1498645752183264	624.0	598.0	21.0	31.0	1.0
								d															PP1						GSM7049134:CAGACACCGATCGCTG-1	CAGACACCGATCGCTG-1	0.4823552651797767	0.2839640679741073	0.6499578147347977	0.909757476606029	1335.0	854.0	53.0	51.0	1.0
								d															PP1						GSM7049134:CAGACGAACCTGATAC-1	CAGACGAACCTGATAC-1	0.4667180539065109	0.3158679846722601	0.6561540104558264	1.1365450532607193	1268.0	841.0	50.0	50.0	1.0
								d															PP1						GSM7049134:CAGAGACGGTCACCCA-1	CAGAGACGGTCACCCA-1	0.4490929765542886	0.2710187752595853	0.5599187423549653	0.8588419986981186	1290.0	931.0	51.0	57.0	1.0
								d															PP1						GSM7049134:CAGAGCATGAGCTTGC-1	CAGAGCATGAGCTTGC-1	0.4239073206608071	0.2757904949818734	0.5919155694983858	0.1370100365135228	735.0	1096.0	26.0	70.0	1.0
								d															PP1						GSM7049134:CAGAGGCGATGCATGA-1	CAGAGGCGATGCATGA-1	0.4982855862947101	0.2675707081611712	0.652104644447648	0.9233360956137052	1357.0	816.0	54.0	48.0	1.0
								d															PP1						GSM7049134:CAGATACTAACATAGT-1	CAGATACTAACATAGT-1	0.2034099451857614	0.0800833014440943	0.1377888557281615	0.847459454755147	735.0	790.0	26.0	46.0	1.0
								d															PP1						GSM7049134:CAGCAGCCCGTTCCTT-1	CAGCAGCCCGTTCCTT-1	0.263236781920841	0.0963959028436361	0.3880395226124196	0.3914817723468266	779.0	1199.0	28.0	78.0	1.0
								d															PP1						GSM7049134:CAGCCTCCTGCAGAGG-1	CAGCCTCCTGCAGAGG-1	0.4216960752487936	0.2481563206505693	0.4921209920277005	0.30486029799906	668.0	1186.0	23.0	77.0	1.0
								d															PP1						GSM7049134:CAGCGATTCCCTTCAA-1	CAGCGATTCCCTTCAA-1	0.4676688777276752	0.3153518338044292	0.6303457223292704	0.7900870373866502	1335.0	752.0	53.0	43.0	1.0
								d															PP1						GSM7049134:CAGCGCCAACACGATA-1	CAGCGCCAACACGATA-1	0.4132030785262213	0.2210818590510951	0.5737537068501601	0.7083708305564895	980.0	267.0	37.0	5.0	1.0
								d															PP1						GSM7049134:CAGCTCACTGAGACAT-1	CAGCTCACTGAGACAT-1	0.5015715490271442	0.2722748044284348	0.599887662451226	0.6250609507331238	890.0	956.0	33.0	59.0	1.0
								d															PP1						GSM7049134:CAGCTCGTGCTTGTGT-1	CAGCTCGTGCTTGTGT-1	0.2556189476523676	0.1343955487621517	0.1473463368816417	0.0	468.0	739.0	14.0	42.0	1.0
								d															PP1						GSM7049134:CAGCTGGCGTAACCGT-1	CAGCTGGCGTAACCGT-1	0.4870094402832028	0.2601294202085467	0.6260202155838037	0.690227321916335	1224.0	484.0	48.0	22.0	1.0
								d															PP1						GSM7049134:CAGCTTAGTAGGTAGC-1	CAGCTTAGTAGGTAGC-1	0.3710273122599501	0.2209898944888642	0.4665237731512627	0.0	868.0	560.0	32.0	28.0	1.0
								d															PP1						GSM7049134:CAGGATATATCGTTGT-1	CAGGATATATCGTTGT-1	0.4223409158659046	0.2778737604258803	0.5498739771846224	0.7902578717993384	1135.0	969.0	44.0	60.0	1.0
								d															PP1						GSM7049134:CAGGCCGTTTGGGTGT-1	CAGGCCGTTTGGGTGT-1	0.357911810001156	0.1706586328606111	0.47325054741124	0.6640813212997407	1024.0	752.0	39.0	43.0	1.0
								d															PP1						GSM7049134:CAGTACCAGTTTACGT-1	CAGTACCAGTTTACGT-1	0.4194511605884789	0.2584091669309085	0.6213514838027174	0.7228624562923686	1224.0	433.0	48.0	18.0	1.0
								d															PP1						GSM7049134:CAGTAGCCCACGCGGT-1	CAGTAGCCCACGCGGT-1	0.2806274899345019	0.158540328853636	0.4013642299747701	0.2869984702426026	712.0	1364.0	25.0	91.0	1.0
								d															PP1						GSM7049134:CAGTCGAGGATGCAAT-1	CAGTCGAGGATGCAAT-1	0.2854689881139857	0.1944929325414985	0.3620272020245819	0.0	712.0	1467.0	25.0	99.0	1.0
								d															PP1						GSM7049134:CAGTCTGTATACTGGG-1	CAGTCTGTATACTGGG-1	0.4989640200433703	0.3274010445789614	0.6872993642827211	1.149193518885209	1090.0	1046.0	42.0	66.0	1.0
								d															PP1						GSM7049134:CAGTTCAAATTGACAC-1	CAGTTCAAATTGACAC-1	0.2032321885540851	0.117756687071033	0.2637561622916937	0.4049600719066838	802.0	854.0	29.0	51.0	1.0
								d															PP1						GSM7049134:CAGTTCCGCGGGTCGA-1	CAGTTCCGCGGGTCGA-1	0.470018167831553	0.3083290490185288	0.5865401783952847	0.2767872326442694	735.0	535.0	26.0	26.0	1.0
								d															PP1						GSM7049134:CATAACGGACAGTCGT-1	CATAACGGACAGTCGT-1	0.203412770456872	0.103183147886062	0.1859867029931829	0.0	957.0	1403.0	36.0	94.0	1.0
								d															PP1						GSM7049134:CATAAGCTCTCCGTCT-1	CATAAGCTCTCCGTCT-1	0.5144118898239006	0.3020565377937255	0.6688421892437766	0.7609010610362048	1091.0	382.0	42.0	14.0	1.0
								d															PP1						GSM7049134:CATACCCGTACCCAGT-1	CATACCCGTACCCAGT-1	0.3681973815340127	0.2519162461150855	0.4875619360451239	0.635444044593978	980.0	599.0	37.0	31.0	1.0
								d															PP1						GSM7049134:CATACGGCGTCTGGGC-1	CATACGGCGTCTGGGC-1	0.3558305888573905	0.1680327589436473	0.3928702495732689	0.7317481290911163	1024.0	1007.0	39.0	63.0	1.0
								d															PP1						GSM7049134:CATACTATGTAATTGT-1	CATACTATGTAATTGT-1	0.281434558518661	0.1540397846273983	0.3457748316591438	0.9022839482124744	957.0	816.0	36.0	48.0	1.0
								d															PP1						GSM7049134:CATAGCCGCCCGGGAT-1	CATAGCCGCCCGGGAT-1	0.4782027530045581	0.3124373003041513	0.5122774194193709	0.5309973216297832	735.0	483.0	26.0	22.0	1.0
								d															PP1						GSM7049134:CATAGCGTTGCCCACC-1	CATAGCGTTGCCCACC-1	0.5028734749965132	0.2986371124014946	0.6972329297334108	0.9201996237102048	1357.0	739.0	54.0	42.0	1.0
								d															PP1						GSM7049134:CATAGTAGCATAGTAG-1	CATAGTAGCATAGTAG-1	0.2633556810260052	0.1021237430928135	0.2353292266542329	0.0	579.0	777.0	19.0	45.0	1.0
								d															PP1						GSM7049134:CATAGTCCACAAGAAC-1	CATAGTCCACAAGAAC-1	0.2975155244256706	0.1327161351014115	0.3553985037378485	0.257949046026351	1157.0	599.0	45.0	31.0	1.0
								d															PP1						GSM7049134:CATATAGGTACAGTCA-1	CATATAGGTACAGTCA-1	0.4758733008921776	0.2579360968441732	0.5339014034239651	0.4788770709006261	1113.0	905.0	43.0	55.0	1.0
								d															PP1						GSM7049134:CATATGTCAGGCTACG-1	CATATGTCAGGCTACG-1	0.4817712630379181	0.3022032165112813	0.7006942762733245	0.6853814739376222	1224.0	509.0	48.0	24.0	1.0
								d															PP1						GSM7049134:CATCGCCCGCGGCCAA-1	CATCGCCCGCGGCCAA-1	0.2500066795778708	0.1173626779474377	0.354377313920331	0.0	468.0	764.0	14.0	44.0	1.0
								d															PP1						GSM7049134:CATCGGACGGGTTAAT-1	CATCGGACGGGTTAAT-1	0.541140094283364	0.2954013524847276	0.5544920703966837	0.2565775879156139	1090.0	943.0	42.0	58.0	1.0
								d															PP1						GSM7049134:CATGATGCACAATTCT-1	CATGATGCACAATTCT-1	0.4121914322716081	0.2722141613434243	0.5052358421676512	0.1514318148191439	624.0	1084.0	21.0	69.0	1.0
								d															PP1						GSM7049134:CATGCCAACTCGCAAA-1	CATGCCAACTCGCAAA-1	0.4637504222227262	0.3592508390204941	0.6400132564406654	0.6057624367348041	1113.0	471.0	43.0	21.0	1.0
								d															PP1						GSM7049134:CATGCGACCAGTTTAA-1	CATGCGACCAGTTTAA-1	0.3306065612947138	0.1894506270227619	0.3909220669820048	0.8687526447087321	734.0	1454.0	26.0	98.0	1.0
								d															PP1						GSM7049134:CATGGTAAGTAGCGTT-1	CATGGTAAGTAGCGTT-1	0.277773606776405	0.1837320103403479	0.2944092238051847	0.6593000349647642	1157.0	1135.0	45.0	73.0	1.0
								d															PP1						GSM7049134:CATGGTCTAGATACCG-1	CATGGTCTAGATACCG-1	0.2778755909699719	0.1726838224452533	0.2778843982400235	0.2972883054728809	735.0	1045.0	26.0	66.0	1.0
								d															PP1						GSM7049134:CATTACGTCGGCCCGT-1	CATTACGTCGGCCCGT-1	0.3087015357386916	0.1417378194217587	0.4056153123660288	0.0	579.0	1032.0	19.0	65.0	1.0
								d															PP1						GSM7049134:CATTATGCTTGTTGTG-1	CATTATGCTTGTTGTG-1	0.2620180266975622	0.1542951163227348	0.2668338634331126	0.3713177769100318	735.0	867.0	26.0	52.0	1.0
								d															PP1						GSM7049134:CATTGCGAAATGGGCG-1	CATTGCGAAATGGGCG-1	0.4441328175533459	0.3360886317321315	0.6119730437402593	0.6563573222424628	957.0	356.0	36.0	12.0	1.0
								d															PP1						GSM7049134:CATTTGAGTGGTACGT-1	CATTTGAGTGGTACGT-1	0.4662075383844506	0.2873638491251548	0.6188346579224568	0.8605452350781694	1268.0	816.0	50.0	48.0	1.0
								d															PP1						GSM7049134:CCAAACAGAACCCTCG-1	CCAAACAGAACCCTCG-1	0.3236573218878755	0.2237084242900722	0.4635539092245973	0.0	646.0	815.0	22.0	48.0	1.0
								d															PP1						GSM7049134:CCAACGATGCACTGAT-1	CCAACGATGCACTGAT-1	0.3058292500585217	0.1922083588438838	0.3408508916748315	0.5312647314623595	846.0	675.0	31.0	37.0	1.0
								d															PP1						GSM7049134:CCAAGAAAGTGGGCGA-1	CCAAGAAAGTGGGCGA-1	0.4833619256192393	0.2824265792879509	0.625480067509863	1.0404355534863423	1313.0	867.0	52.0	52.0	1.0
								d															PP1						GSM7049134:CCAAGCGTAACTCGTA-1	CCAAGCGTAACTCGTA-1	0.2481288496668565	0.0916507740649853	0.3476469778998303	0.0	890.0	1109.0	33.0	71.0	1.0
								d															PP1						GSM7049134:CCAAGGAACAGAGAGG-1	CCAAGGAACAGAGAGG-1	0.3168472011379125	0.1707711138151931	0.2542655059105248	0.3413933398166849	468.0	815.0	14.0	48.0	1.0
								d															PP1						GSM7049134:CCAATAGTGCCGTCGA-1	CCAATAGTGCCGTCGA-1	0.2580776289644327	0.1330068881318478	0.3166003176378758	0.3671089777847264	913.0	739.0	34.0	42.0	1.0
								d															PP1						GSM7049134:CCAATGTCACAGCAAG-1	CCAATGTCACAGCAAG-1	0.2666745386738744	0.1271811277887509	0.2317147730331354	0.0	979.0	828.0	37.0	49.0	1.0
								d															PP1						GSM7049134:CCAATTGAATGTTAAT-1	CCAATTGAATGTTAAT-1	0.221608216136499	0.1431036668414637	0.2055285317166473	0.0	602.0	790.0	20.0	46.0	1.0
								d															PP1						GSM7049134:CCACACTGAGATATTA-1	CCACACTGAGATATTA-1	0.370795577618334	0.1592099715494196	0.4428206482594702	0.6149195810360222	1024.0	828.0	39.0	49.0	1.0
								d															PP1						GSM7049134:CCACCAACTTTACTGT-1	CCACCAACTTTACTGT-1	0.4879102728753524	0.3154378375831048	0.6213441963660733	0.6951115028308339	1313.0	714.0	52.0	40.0	1.0
								d															PP1						GSM7049134:CCACCCAAGGAAAGTG-1	CCACCCAAGGAAAGTG-1	0.4051019296675863	0.2195978734780075	0.526073877035233	0.4667085836149128	979.0	1160.0	37.0	75.0	1.0
								d															PP1						GSM7049134:CCACGGAGCCATAAGA-1	CCACGGAGCCATAAGA-1	0.4537441087365745	0.2487461247586561	0.5951944222403889	0.5118603685252683	1202.0	548.0	47.0	27.0	1.0
								d															PP1						GSM7049134:CCACTGGTGGCTGGTT-1	CCACTGGTGGCTGGTT-1	0.4383353444278683	0.2829249334543952	0.6353635805305902	0.5307898450298845	1024.0	471.0	39.0	21.0	1.0
								d															PP1						GSM7049134:CCAGAAAGCAACTCAT-1	CCAGAAAGCAACTCAT-1	0.5002106128889683	0.2899966194564659	0.6370899330083654	0.8372208066458924	1313.0	663.0	52.0	36.0	1.0
								d															PP1						GSM7049134:CCAGCCTGGACCAATA-1	CCAGCCTGGACCAATA-1	0.4307915003466759	0.2403587771588957	0.4899398598891363	0.326666711168862	979.0	1033.0	37.0	65.0	1.0
								d															PP1						GSM7049134:CCAGCTGATGGTACTT-1	CCAGCTGATGGTACTT-1	0.3075577760383101	0.2215243542764709	0.4851129793379355	0.4087055731908591	980.0	471.0	37.0	21.0	1.0
								d															PP1						GSM7049134:CCAGCTTCCGCCCGCA-1	CCAGCTTCCGCCCGCA-1	0.4648601072997131	0.3249488807562868	0.517306766438985	0.3810182680694798	802.0	420.0	29.0	17.0	1.0
								d															PP1						GSM7049134:CCAGGGACGTGGCCTC-1	CCAGGGACGTGGCCTC-1	0.1857369357458897	0.0732024829108843	0.2584456668687343	0.4410603382109584	757.0	879.0	27.0	53.0	1.0
								d															PP1						GSM7049134:CCAGTCTTGTCATAGA-1	CCAGTCTTGTCATAGA-1	0.4463271878679993	0.2373253518833964	0.5776018080144	0.6113774484768616	1468.0	956.0	59.0	59.0	1.0
								d															PP1						GSM7049134:CCATCGCAGTTAAACT-1	CCATCGCAGTTAAACT-1	0.4417661824102171	0.2212413456316853	0.4914929444517975	0.4506213620706418	1268.0	995.0	50.0	62.0	1.0
								d															PP1						GSM7049134:CCATGCCTGTTTAGTA-1	CCATGCCTGTTTAGTA-1	0.2661656457110632	0.1698242654934438	0.3750793761290509	0.8636413134648195	935.0	879.0	35.0	53.0	1.0
								d															PP1						GSM7049134:CCATGCTCTGCAGGAA-1	CCATGCTCTGCAGGAA-1	0.2807365422048794	0.1578837062062252	0.2784379165552293	0.0	624.0	752.0	21.0	43.0	1.0
								d															PP1						GSM7049134:CCATGGCCCTTGTACC-1	CCATGGCCCTTGTACC-1	0.3852189187777668	0.256706185261245	0.5324410694864149	0.50590315526679	869.0	484.0	32.0	22.0	1.0
								d															PP1						GSM7049134:CCATTAGCGATAATCC-1	CCATTAGCGATAATCC-1	0.2750269703760821	0.1258467010885987	0.2069423303199275	0.0	868.0	739.0	32.0	42.0	1.0
								d															PP1						GSM7049134:CCATTCCCTGCCCACA-1	CCATTCCCTGCCCACA-1	0.2665714085125942	0.1676672642359838	0.308219781085048	0.6132191170670962	891.0	701.0	33.0	39.0	1.0
								d															PP1						GSM7049134:CCCAAACATGCTGCTC-1	CCCAAACATGCTGCTC-1	0.1972250765094103	0.1199660135662184	0.3053128763234933	0.3733099663708685	912.0	1326.0	34.0	88.0	1.0
								d															PP1						GSM7049134:CCCAACATACGTCGCG-1	CCCAACATACGTCGCG-1	0.2731705149280313	0.1460084005247211	0.4334154894859792	0.2927361564792424	1113.0	650.0	43.0	35.0	1.0
								d															PP1						GSM7049134:CCCAATTTCACAACTT-1	CCCAATTTCACAACTT-1	0.3226118206916135	0.1314954747856785	0.3808066573557402	0.7315204686224523	1024.0	624.0	39.0	33.0	1.0
								d															PP1						GSM7049134:CCCGACCATAGTCCGC-1	CCCGACCATAGTCCGC-1	0.4189128899999972	0.2121970113194922	0.4584887044538036	0.4207203944006319	601.0	1147.0	20.0	74.0	1.0
								d															PP1						GSM7049134:CCCGCAGCGCGAACTA-1	CCCGCAGCGCGAACTA-1	0.3026896151035245	0.1305649431791421	0.22463018898092	0.7688641477708723	1246.0	1058.0	49.0	67.0	1.0
								d															PP1						GSM7049134:CCCGCCATGCTCCCGT-1	CCCGCCATGCTCCCGT-1	0.1937862857051582	0.0822419787155818	0.2121575897590377	0.3872917108512904	579.0	726.0	19.0	41.0	1.0
								d															PP1						GSM7049134:CCCGGTGGAAGAACCT-1	CCCGGTGGAAGAACCT-1	0.437168376250243	0.3088001191357064	0.5579062279859661	0.5378192278749204	713.0	471.0	25.0	21.0	1.0
								d															PP1						GSM7049134:CCCGTAAGTCTAGGCC-1	CCCGTAAGTCTAGGCC-1	0.3680122363750325	0.2092325104625459	0.558237411464021	0.529831552625635	1046.0	560.0	40.0	28.0	1.0
								d															PP1						GSM7049134:CCCGTAGCTGGGAAGA-1	CCCGTAGCTGGGAAGA-1	0.440008487623419	0.2676618310822263	0.6027460901884344	0.7619128402215666	1424.0	701.0	57.0	39.0	1.0
								d															PP1						GSM7049134:CCCGTCAGCGTCTGAC-1	CCCGTCAGCGTCTGAC-1	0.3074045033143988	0.1786101745915703	0.3042557923656321	0.3721439447612034	668.0	854.0	23.0	51.0	1.0
								d															PP1						GSM7049134:CCCTCATTCTGGAATT-1	CCCTCATTCTGGAATT-1	0.2126345015429163	0.1056642956110148	0.1460322526475263	0.0	513.0	764.0	16.0	44.0	1.0
								d															PP1						GSM7049134:CCCTGAAATGAGTTGA-1	CCCTGAAATGAGTTGA-1	0.3418980753725995	0.1705305627178783	0.4262336887211697	0.3222090071390187	846.0	701.0	31.0	39.0	1.0
								d															PP1						GSM7049134:CCCTGACTAACAAATT-1	CCCTGACTAACAAATT-1	0.5025973621525579	0.2926129264800056	0.6702829617089872	0.7987847887535686	1002.0	356.0	38.0	12.0	1.0
								d															PP1						GSM7049134:CCCTGCCCAATCCGCT-1	CCCTGCCCAATCCGCT-1	0.4433065005298793	0.2944352861945552	0.5772527078000812	0.5144875241836041	1069.0	445.0	41.0	19.0	1.0
								d															PP1						GSM7049134:CCCTGCGCTACGCATA-1	CCCTGCGCTACGCATA-1	0.3592058637090625	0.2276489712409377	0.4184057285238096	0.3193506412566264	913.0	509.0	34.0	24.0	1.0
								d															PP1						GSM7049134:CCCTTTGACAGGTCTT-1	CCCTTTGACAGGTCTT-1	0.500415761109414	0.283236590158853	0.6114690833986532	0.9408300417103402	1268.0	918.0	50.0	56.0	1.0
								d															PP1						GSM7049134:CCGAACACTGGGCCTC-1	CCGAACACTGGGCCTC-1	0.4811422844714004	0.28809136534498	0.6968968331929062	0.6508779039819422	1135.0	433.0	44.0	18.0	1.0
								d															PP1						GSM7049134:CCGACAAAGGGAGTGC-1	CCGACAAAGGGAGTGC-1	0.3981523668380982	0.2015477223181895	0.4344953175612648	0.3254200914806864	891.0	471.0	33.0	21.0	1.0
								d															PP1						GSM7049134:CCGATTCGAGGGACCC-1	CCGATTCGAGGGACCC-1	0.3402597313689406	0.2226217383070939	0.441454743488466	0.6254794700039338	1002.0	458.0	38.0	20.0	1.0
								d															PP1						GSM7049134:CCGCACAAAGACCAAC-1	CCGCACAAAGACCAAC-1	0.3104878001524604	0.183710099050474	0.3257411761560008	0.5714564204832245	957.0	1173.0	36.0	76.0	1.0
								d															PP1						GSM7049134:CCGCACGTGACCTCGG-1	CCGCACGTGACCTCGG-1	0.3921293220319946	0.3054615199219009	0.5867145499599195	0.1441698539699198	780.0	535.0	28.0	26.0	1.0
								d															PP1						GSM7049134:CCGCGATTTGGTAGGT-1	CCGCGATTTGGTAGGT-1	0.3830313241086392	0.2124239146103233	0.4667381450677445	0.9507948779165828	1024.0	318.0	39.0	9.0	1.0
								d															PP1						GSM7049134:CCGCGGAATGCGTCAC-1	CCGCGGAATGCGTCAC-1	0.4958458525927774	0.3543591085152473	0.6311083338081064	0.4761742392028932	1290.0	778.0	51.0	45.0	1.0
								d															PP1						GSM7049134:CCGCGGGTACGAAGAA-1	CCGCGGGTACGAAGAA-1	0.3990361122407487	0.2090083243867039	0.3848913324855008	0.0	868.0	535.0	32.0	26.0	1.0
								d															PP1						GSM7049134:CCGCGTAGGTAAGGGC-1	CCGCGTAGGTAAGGGC-1	0.2810031992091764	0.1403359027109488	0.2074359824041181	0.3164575128045182	824.0	484.0	30.0	22.0	1.0
								d															PP1						GSM7049134:CCGCTATCAGCACCAG-1	CCGCTATCAGCACCAG-1	0.4174735765741076	0.2572139101509761	0.5266123220050054	0.4733629685777019	1157.0	1007.0	45.0	63.0	1.0
								d															PP1						GSM7049134:CCGCTTACCTCACTCT-1	CCGCTTACCTCACTCT-1	0.3658773182477383	0.2142722293824921	0.4557492662425279	0.5379722603533166	1202.0	650.0	47.0	35.0	1.0
								d															PP1						GSM7049134:CCGGAATGGTTTCAGT-1	CCGGAATGGTTTCAGT-1	0.3868503145909261	0.2380653729061919	0.454984773725036	0.0	691.0	611.0	24.0	32.0	1.0
								d															PP1						GSM7049134:CCGGAGCGTACTTTCT-1	CCGGAGCGTACTTTCT-1	0.4147515944219347	0.2564741219731097	0.6102011129201633	0.8955951822868855	1446.0	918.0	58.0	56.0	1.0
								d															PP1						GSM7049134:CCGGGACCCGCAGAGA-1	CCGGGACCCGCAGAGA-1	0.4048476448182406	0.2613004195286547	0.4871473488689234	0.1794779882156168	513.0	866.0	16.0	52.0	1.0
								d															PP1						GSM7049134:CCGGGCGGTCTCGTCA-1	CCGGGCGGTCTCGTCA-1	0.2308595875689045	0.1047543144042932	0.2150136867691787	0.0	868.0	1173.0	32.0	76.0	1.0
								d															PP1						GSM7049134:CCGGGCTGCTCCATAC-1	CCGGGCTGCTCCATAC-1	0.2400667911961836	0.124013323237312	0.328115529832389	0.5868227627656657	957.0	1301.0	36.0	86.0	1.0
								d															PP1						GSM7049134:CCGGGTTCGAGGTTAC-1	CCGGGTTCGAGGTTAC-1	0.2621721529381224	0.2057385530595738	0.3384103481096707	0.569883522198486	1002.0	611.0	38.0	32.0	1.0
								d															PP1						GSM7049134:CCGGTTTGTAATTGTG-1	CCGGTTTGTAATTGTG-1	0.3244184412995887	0.2478990273144599	0.5442838726813308	0.778208877338568	1402.0	739.0	56.0	42.0	1.0
								d															PP1						GSM7049134:CCGTAAGTTGGTCCCA-1	CCGTAAGTTGGTCCCA-1	0.1784084221632675	0.1151056762110518	0.2119484007345676	0.429600667816604	890.0	1186.0	33.0	77.0	1.0
								d															PP1						GSM7049134:CCGTATCTCGTCGTAG-1	CCGTATCTCGTCGTAG-1	0.4334969028797121	0.2585070928400648	0.5648896939738084	0.9326571598592645	1335.0	548.0	53.0	27.0	1.0
								d															PP1						GSM7049134:CCGTGCCCATGACGGC-1	CCGTGCCCATGACGGC-1	0.2411720306960167	0.0996251130679795	0.257432729096095	0.0	424.0	815.0	12.0	48.0	1.0
								d															PP1						GSM7049134:CCGTGTTAAATTCCAT-1	CCGTGTTAAATTCCAT-1	0.3779163100496173	0.2347054046597362	0.540160227050367	0.4833181183834444	1224.0	663.0	48.0	36.0	1.0
								d															PP1						GSM7049134:CCGTTCCGAATCTCGG-1	CCGTTCCGAATCTCGG-1	0.3687257655259737	0.242480174479582	0.4434353212773854	0.3539521328985625	1046.0	484.0	40.0	22.0	1.0
								d															PP1						GSM7049134:CCTAAATTAACGGTTC-1	CCTAAATTAACGGTTC-1	0.4539855247451487	0.2838854295155618	0.5857198522207002	0.8586185807396404	1090.0	1071.0	42.0	68.0	1.0
								d															PP1						GSM7049134:CCTACATTCACAGACG-1	CCTACATTCACAGACG-1	0.520054579455479	0.2907368822199628	0.7073343658179198	0.9263669340879824	1291.0	624.0	51.0	33.0	1.0
								d															PP1						GSM7049134:CCTACTGCTTACACTT-1	CCTACTGCTTACACTT-1	0.2241144205084489	0.0986593865440133	0.2097234400938142	0.3549997602028968	757.0	828.0	27.0	49.0	1.0
								d															PP1						GSM7049134:CCTAGGCGTAGCGATC-1	CCTAGGCGTAGCGATC-1	0.1646000475214873	0.086380197091901	0.242979716921527	0.0	957.0	1326.0	36.0	88.0	1.0
								d															PP1						GSM7049134:CCTATACCGTCCTGTC-1	CCTATACCGTCCTGTC-1	0.4587352615976749	0.2700968846358667	0.6512923402774611	0.8571762148117792	1379.0	778.0	55.0	45.0	1.0
								d															PP1						GSM7049134:CCTATGGGTTACCGTC-1	CCTATGGGTTACCGTC-1	0.2060225460494083	0.0914842603254025	0.1572684686005278	0.4084555472084967	801.0	1084.0	29.0	69.0	1.0
								d															PP1						GSM7049134:CCTCACCTGAGGGAGC-1	CCTCACCTGAGGGAGC-1	0.1717730352600175	0.0616520789516432	0.0685484081627678	0.0	779.0	1505.0	28.0	102.0	1.0
								d															PP1						GSM7049134:CCTCACCTTAGCATCG-1	CCTCACCTTAGCATCG-1	0.2479454941473479	0.1307090680088766	0.2617190641398776	0.3709888559317747	757.0	1441.0	27.0	97.0	1.0
								d															PP1						GSM7049134:CCTCCGACAATTCAAG-1	CCTCCGACAATTCAAG-1	0.3538948805585771	0.1994316675409757	0.4504502897320292	0.8277765682301695	891.0	624.0	33.0	33.0	1.0
								d															PP1						GSM7049134:CCTCCTGAGCCCACAT-1	CCTCCTGAGCCCACAT-1	0.4298788270263307	0.2221308028525313	0.610098224174247	0.6055527400857615	1002.0	305.0	38.0	8.0	1.0
								d															PP1						GSM7049134:CCTCGCGCTGTGCGAT-1	CCTCGCGCTGTGCGAT-1	0.4615523255128411	0.2890050175650915	0.6520161260701578	1.041434883717194	1424.0	956.0	57.0	59.0	1.0
								d															PP1						GSM7049134:CCTCGGATGCTACCTG-1	CCTCGGATGCTACCTG-1	0.5080073151911213	0.3100664992606533	0.6837853918362725	0.9261122360618224	869.0	330.0	32.0	10.0	1.0
								d															PP1						GSM7049134:CCTCTAATCTGCCAAG-1	CCTCTAATCTGCCAAG-1	0.4172033916384502	0.2987666906743694	0.5097238183370829	0.5432197901015753	668.0	1135.0	23.0	73.0	1.0
								d															PP1						GSM7049134:CCTCTATCGATTAGCA-1	CCTCTATCGATTAGCA-1	0.4583116768520135	0.2666139429121102	0.5798073223258307	0.9403612103395312	1313.0	535.0	52.0	26.0	1.0
								d															PP1						GSM7049134:CCTCTCTCCCATCTAG-1	CCTCTCTCCCATCTAG-1	0.3630521887688571	0.1841694936346568	0.37803867028347	0.0	913.0	662.0	34.0	36.0	1.0
								d															PP1						GSM7049134:CCTCTGTACTATTCTA-1	CCTCTGTACTATTCTA-1	0.3346804124472493	0.240411741515579	0.5174180124269245	0.3824001199129784	1335.0	982.0	53.0	61.0	1.0
								d															PP1						GSM7049134:CCTGAACGATATATTC-1	CCTGAACGATATATTC-1	0.3112800765246153	0.143284112666298	0.4089641515699088	0.2584967094786277	979.0	1288.0	37.0	85.0	1.0
								d															PP1						GSM7049134:CCTGAATATTTACATA-1	CCTGAATATTTACATA-1	0.429606751365314	0.3048455878623425	0.5575388171335501	0.1543634628856119	668.0	1109.0	23.0	71.0	1.0
								d															PP1						GSM7049134:CCTGACCACCGATGGT-1	CCTGACCACCGATGGT-1	0.4501977495420646	0.2361585960642759	0.6171453369450858	0.3914525981525129	1157.0	982.0	45.0	61.0	1.0
								d															PP1						GSM7049134:CCTGCCCGTTGTCTAG-1	CCTGCCCGTTGTCTAG-1	0.5329721626827059	0.3304912942990574	0.735337336730297	0.7048652336835743	935.0	318.0	35.0	9.0	1.0
								d															PP1						GSM7049134:CCTGCGTTCTACGCTT-1	CCTGCGTTCTACGCTT-1	0.4462681626159327	0.2981583923338435	0.5824234653500028	0.5623120438764379	869.0	381.0	32.0	14.0	1.0
								d															PP1						GSM7049134:CCTGCTATTTGAGAAG-1	CCTGCTATTTGAGAAG-1	0.2109205982567909	0.0716864361798508	0.1776409799655835	0.4131938989307547	735.0	841.0	26.0	50.0	1.0
								d															PP1						GSM7049134:CCTGGCTAGACCCGCC-1	CCTGGCTAGACCCGCC-1	0.2440872464048896	0.0909540449926851	0.275580772316176	0.7825764917845228	802.0	752.0	29.0	43.0	1.0
								d															PP1						GSM7049134:CCTGTAAGACATGATA-1	CCTGTAAGACATGATA-1	0.2506096465157362	0.1299125491736742	0.2578417497247673	0.0	979.0	726.0	37.0	41.0	1.0
								d															PP1						GSM7049134:CCTGTACTCACGCCCA-1	CCTGTACTCACGCCCA-1	0.4345065428298735	0.2512898140651669	0.4945542761211217	0.3803377216179613	1046.0	509.0	40.0	24.0	1.0
								d															PP1						GSM7049134:CCTGTCACCCGGGCTC-1	CCTGTCACCCGGGCTC-1	0.2153787990391895	0.0826123542297927	0.1213918390191789	0.0	801.0	1058.0	29.0	67.0	1.0
								d															PP1						GSM7049134:CCTGTCGCCCGTAAAT-1	CCTGTCGCCCGTAAAT-1	0.5366231469846424	0.3232490160215898	0.5930697211216313	0.6176572208072182	957.0	994.0	36.0	62.0	1.0
								d															PP1						GSM7049134:CCTTCTCAGCGTTCCT-1	CCTTCTCAGCGTTCCT-1	0.5594163681305083	0.3029678997018646	0.7163574509759407	0.6406587913441493	1113.0	394.0	43.0	15.0	1.0
								d															PP1						GSM7049134:CCTTTAAGGGAGCACT-1	CCTTTAAGGGAGCACT-1	0.4281479272339992	0.2679192674478112	0.6178905722855061	0.9580584772094703	1446.0	842.0	58.0	50.0	1.0
								d															PP1						GSM7049134:CCTTTCAATGAAGAAA-1	CCTTTCAATGAAGAAA-1	0.387595476143122	0.292742089254425	0.4856246739382583	0.446984313964258	712.0	1416.0	25.0	95.0	1.0
								d															PP1						GSM7049134:CGAAACGCAATTCATG-1	CGAAACGCAATTCATG-1	0.3071328778978892	0.1163137800226951	0.4231730941706814	0.3296500174823821	1068.0	624.0	41.0	33.0	1.0
								d															PP1						GSM7049134:CGAACCCGCATGCGTC-1	CGAACCCGCATGCGTC-1	0.4038581365125894	0.2845469712614628	0.5561218723552939	0.6237508100944321	1246.0	829.0	49.0	49.0	1.0
								d															PP1						GSM7049134:CGAAGACGGTGAGTGC-1	CGAAGACGGTGAGTGC-1	0.4726828489250646	0.2553287911955949	0.6208987882236121	0.7255500300213038	891.0	241.0	33.0	3.0	1.0
								d															PP1						GSM7049134:CGAAGTTGCTCTGTGT-1	CGAAGTTGCTCTGTGT-1	0.2879409833212712	0.16433268108831	0.3381482153617599	0.0	891.0	650.0	33.0	35.0	1.0
								d															PP1						GSM7049134:CGACAGTTCGCGTTAT-1	CGACAGTTCGCGTTAT-1	0.3186953221783222	0.1428610044680508	0.2944979823453497	0.6253532750609729	957.0	739.0	36.0	42.0	1.0
								d															PP1						GSM7049134:CGAGACCCTAGAGTGT-1	CGAGACCCTAGAGTGT-1	0.5171518104617091	0.2709201679803827	0.6160719197419124	0.1542716874545341	1113.0	982.0	43.0	61.0	1.0
								d															PP1						GSM7049134:CGAGAGATGTGAACCT-1	CGAGAGATGTGAACCT-1	0.269006532265956	0.070566365411152	0.1822687895283854	0.0	801.0	1135.0	29.0	73.0	1.0
								d															PP1						GSM7049134:CGAGCACTTCAAGTTT-1	CGAGCACTTCAAGTTT-1	0.5147696559758748	0.3084436019731634	0.6174169939678475	0.4727387860230098	669.0	522.0	23.0	25.0	1.0
								d															PP1						GSM7049134:CGAGGCTAAATATGGC-1	CGAGGCTAAATATGGC-1	0.2541895983751478	0.0959987192521285	0.1963730569628246	0.4338478782730376	801.0	1109.0	29.0	71.0	1.0
								d															PP1						GSM7049134:CGAGGGACTGCGGTCG-1	CGAGGGACTGCGGTCG-1	0.2842481493764935	0.2564753425516428	0.3901499947363431	0.2610917650431953	1001.0	1199.0	38.0	78.0	1.0
								d															PP1						GSM7049134:CGAGTACTAAAGAGGA-1	CGAGTACTAAAGAGGA-1	0.3390495777395401	0.1313614738019378	0.384657165053844	0.0	1157.0	650.0	45.0	35.0	1.0
								d															PP1						GSM7049134:CGAGTGAAGGTACCAG-1	CGAGTGAAGGTACCAG-1	0.4350309347952561	0.2701856581524024	0.5990825321877283	0.8100120699344572	1379.0	573.0	55.0	29.0	1.0
								d															PP1						GSM7049134:CGATACCTCGCGGACA-1	CGATACCTCGCGGACA-1	0.249516570382925	0.1243071506325925	0.2756683849125744	0.0	1046.0	816.0	40.0	48.0	1.0
								d															PP1						GSM7049134:CGATCCGACCCAGTGC-1	CGATCCGACCCAGTGC-1	0.2930680098133882	0.0994997520728275	0.3800869367639945	0.0	1002.0	841.0	38.0	50.0	1.0
								d															PP1						GSM7049134:CGATCTGTTGGAGGAC-1	CGATCTGTTGGAGGAC-1	0.4630599110945815	0.3287156503757965	0.6913776742674594	0.6020002004376578	1180.0	509.0	46.0	24.0	1.0
								d															PP1						GSM7049134:CGATGGACCCTACGCC-1	CGATGGACCCTACGCC-1	0.2600631688193073	0.1644907854689809	0.2896324378408014	0.2719644700068699	646.0	1428.0	22.0	96.0	1.0
								d															PP1						GSM7049134:CGCAAACACGAGTTAC-1	CGCAAACACGAGTTAC-1	0.3984058306337213	0.1599522639679811	0.303349782247849	0.0	757.0	675.0	27.0	37.0	1.0
								d															PP1						GSM7049134:CGCAATTACTTTCGGT-1	CGCAATTACTTTCGGT-1	0.4659925994404598	0.3321828082160367	0.5754003849619922	0.5192423057199396	668.0	624.0	23.0	33.0	1.0
								d															PP1						GSM7049134:CGCAATTAGGGTAATA-1	CGCAATTAGGGTAATA-1	0.2896836517595293	0.1082662296420642	0.3457313455194479	0.4247317671464199	779.0	764.0	28.0	44.0	1.0
								d															PP1						GSM7049134:CGCAATTCTACAATAA-1	CGCAATTCTACAATAA-1	0.4834885995340469	0.3182882191985611	0.5621756147134126	0.4137473416003867	735.0	560.0	26.0	28.0	1.0
								d															PP1						GSM7049134:CGCATGGTGCGATGCT-1	CGCATGGTGCGATGCT-1	0.3760459249825034	0.1763567218741591	0.4719849423122237	0.6851339442443728	1046.0	1046.0	40.0	66.0	1.0
								d															PP1						GSM7049134:CGCATTAGCTAATAGG-1	CGCATTAGCTAATAGG-1	0.2854547143009285	0.1273490500605379	0.3101572031061971	0.0	757.0	930.0	27.0	57.0	1.0
								d															PP1						GSM7049134:CGCCAAGAAGCCGAGT-1	CGCCAAGAAGCCGAGT-1	0.4095141716941372	0.2896215323542656	0.6435837133080677	0.5547039269842855	1024.0	420.0	39.0	17.0	1.0
								d															PP1						GSM7049134:CGCCCAGCACGCCTAG-1	CGCCCAGCACGCCTAG-1	0.4023486046981189	0.2428759503932849	0.5657407119229839	0.9306303844092724	1468.0	854.0	59.0	51.0	1.0
								d															PP1						GSM7049134:CGCCGACTATTCGCTA-1	CGCCGACTATTCGCTA-1	0.3614706072336084	0.2028794763247078	0.4869686435108875	0.9222130814660012	935.0	267.0	35.0	5.0	1.0
								d															PP1						GSM7049134:CGCCGCCCATGCCTGT-1	CGCCGCCCATGCCTGT-1	0.3666156991933731	0.1958740919249986	0.4425277114937476	0.2480121399736283	1023.0	1263.0	39.0	83.0	1.0
								d															PP1						GSM7049134:CGCCTCCCTCCTCTAT-1	CGCCTCCCTCCTCTAT-1	0.3217344769317888	0.1165302042272714	0.2730910529163299	0.9438076715310206	1112.0	1135.0	43.0	73.0	1.0
								d															PP1						GSM7049134:CGCCTGGCCTACGTAA-1	CGCCTGGCCTACGTAA-1	0.4091067049128364	0.1944234091212388	0.4533285071448447	0.2377755512657799	1068.0	548.0	41.0	27.0	1.0
								d															PP1						GSM7049134:CGCGCATGTTTGATTG-1	CGCGCATGTTTGATTG-1	0.4899702402944549	0.2779958696040948	0.6719172812736297	1.208013380084337	1268.0	892.0	50.0	54.0	1.0
								d															PP1						GSM7049134:CGCGCCCGACTTAATA-1	CGCGCCCGACTTAATA-1	0.3844385128862409	0.2327796981836269	0.4985501414836211	0.8459416233534911	624.0	1160.0	21.0	75.0	1.0
								d															PP1						GSM7049134:CGCGGGAATTAGGCAG-1	CGCGGGAATTAGGCAG-1	0.2581559471073977	0.1036945226043716	0.263415725165002	0.3839649002117582	779.0	1224.0	28.0	80.0	1.0
								d															PP1						GSM7049134:CGCGTTCATGAAATAC-1	CGCGTTCATGAAATAC-1	0.2037492874725344	0.0765792291518281	0.1883761358635811	0.0	757.0	854.0	27.0	51.0	1.0
								d															PP1						GSM7049134:CGCTACGGGACATTTA-1	CGCTACGGGACATTTA-1	0.2410471558586883	0.1374007038172819	0.2583981420602744	0.0	1002.0	816.0	38.0	48.0	1.0
								d															PP1						GSM7049134:CGCTATTCTTAGGCTC-1	CGCTATTCTTAGGCTC-1	0.3169284116142153	0.1465587448009193	0.2570059520667733	0.0	1001.0	969.0	38.0	60.0	1.0
								d															PP1						GSM7049134:CGCTCGACATAATGAT-1	CGCTCGACATAATGAT-1	0.2464284699959413	0.1728945376911308	0.2760187922875818	0.3238588142164366	624.0	777.0	21.0	45.0	1.0
								d															PP1						GSM7049134:CGCTCTCCGTAGATTA-1	CGCTCTCCGTAGATTA-1	0.303582777810422	0.1759072966312028	0.3458684303753037	0.3172916672368137	891.0	675.0	33.0	37.0	1.0
								d															PP1						GSM7049134:CGCTGTGACGCCGCAC-1	CGCTGTGACGCCGCAC-1	0.2728581532923018	0.1459524739453643	0.311133700077608	0.721203427243285	713.0	803.0	25.0	47.0	1.0
								d															PP1						GSM7049134:CGCTTATTCCCGGTCG-1	CGCTTATTCCCGGTCG-1	0.3041481796889585	0.1313298913068858	0.366524866590371	0.0	1091.0	586.0	42.0	30.0	1.0
								d															PP1						GSM7049134:CGCTTCCACTGAAATC-1	CGCTTCCACTGAAATC-1	0.138730908953675	0.0912151339695843	0.1498466276541704	0.0	557.0	739.0	18.0	42.0	1.0
								d															PP1						GSM7049134:CGCTTTCATACCGGTG-1	CGCTTTCATACCGGTG-1	0.2242864164581925	0.1084601812544635	0.2137103007881319	0.0	468.0	841.0	14.0	50.0	1.0
								d															PP1						GSM7049134:CGCTTTCTTGCATTCG-1	CGCTTTCTTGCATTCG-1	0.2535689897004933	0.0793463270969145	0.1590532625550791	1.2227178997479875	846.0	1288.0	31.0	85.0	1.0
								d															PP1						GSM7049134:CGGAAAGAATCAAACG-1	CGGAAAGAATCAAACG-1	0.4121078164364183	0.2465744249109497	0.5413561897402431	0.933115071430757	1446.0	816.0	58.0	48.0	1.0
								d															PP1						GSM7049134:CGGAACGTAAACATAG-1	CGGAACGTAAACATAG-1	0.2460640199756104	0.1611553349015336	0.4121415468664289	0.2308845683532376	1202.0	778.0	47.0	45.0	1.0
								d															PP1						GSM7049134:CGGAGCAATTTAATCG-1	CGGAGCAATTTAATCG-1	0.4177638692853105	0.2550439312640615	0.4064694620974789	0.1743345093275488	1357.0	969.0	54.0	60.0	1.0
								d															PP1						GSM7049134:CGGAGCATGGCGATCC-1	CGGAGCATGGCGATCC-1	0.3820012433268245	0.177146656559008	0.4762965340988556	0.0	1024.0	1058.0	39.0	67.0	1.0
								d															PP1						GSM7049134:CGGAGTTTGAGAGACA-1	CGGAGTTTGAGAGACA-1	0.345024661730232	0.1988672004395827	0.3474837737290588	0.4475392040410863	824.0	637.0	30.0	34.0	1.0
								d															PP1						GSM7049134:CGGCAAACATCGTGCG-1	CGGCAAACATCGTGCG-1	0.2740802566963454	0.1742504363847193	0.2961686612255065	0.0	1312.0	1046.0	52.0	66.0	1.0
								d															PP1						GSM7049134:CGGCAGGGTCGGGTTG-1	CGGCAGGGTCGGGTTG-1	0.227853506819413	0.0799969475221169	0.2490039277310485	0.4574475233675318	868.0	1403.0	32.0	94.0	1.0
								d															PP1						GSM7049134:CGGCCACGCACAAAGT-1	CGGCCACGCACAAAGT-1	0.456988532325434	0.2511797937103537	0.5662736843504473	0.5223345234043772	935.0	956.0	35.0	59.0	1.0
								d															PP1						GSM7049134:CGGGAATTTATGTAAA-1	CGGGAATTTATGTAAA-1	0.4477296282096922	0.2381658657291205	0.5610765109649085	0.3256717004664597	1157.0	1033.0	45.0	65.0	1.0
								d															PP1						GSM7049134:CGGGATCAATGTAAGA-1	CGGGATCAATGTAAGA-1	0.2854391882489429	0.1318327150087015	0.2773002238916036	0.372475969756216	668.0	956.0	23.0	59.0	1.0
								d															PP1						GSM7049134:CGGGCAGCTAAACCGC-1	CGGGCAGCTAAACCGC-1	0.3130937128841254	0.1356194888321139	0.323699872125921	0.2899938131182465	868.0	918.0	32.0	56.0	1.0
								d															PP1						GSM7049134:CGGGCCTTCTTTGTAA-1	CGGGCCTTCTTTGTAA-1	0.4489777926197344	0.2380830954005293	0.4085919215698814	0.2438632570044705	1068.0	905.0	41.0	55.0	1.0
								d															PP1						GSM7049134:CGGGTGTACCCATTTA-1	CGGGTGTACCCATTTA-1	0.2577314338552157	0.1147017035402993	0.2813175246355933	0.4429276368578648	868.0	1301.0	32.0	86.0	1.0
								d															PP1						GSM7049134:CGGTGAAGACTAAAGT-1	CGGTGAAGACTAAAGT-1	0.3686582104383828	0.2511607855236427	0.4564829083582823	0.2195003318112278	935.0	496.0	35.0	23.0	1.0
								d															PP1						GSM7049134:CGGTGCAGATAGAACG-1	CGGTGCAGATAGAACG-1	0.3140092393868968	0.134579408059733	0.3559618784316656	0.4334437385812254	1091.0	663.0	42.0	36.0	1.0
								d															PP1						GSM7049134:CGGTGCGCGTTGGTCC-1	CGGTGCGCGTTGGTCC-1	0.4763443065030731	0.3427315735435489	0.6338372150447891	0.255553113938694	1246.0	701.0	49.0	39.0	1.0
								d															PP1						GSM7049134:CGGTTATCCAACAGTG-1	CGGTTATCCAACAGTG-1	0.2467840214750248	0.1300048461384191	0.4370985078924593	0.0	823.0	1454.0	30.0	98.0	1.0
								d															PP1						GSM7049134:CGGTTCAAGTAGGTGT-1	CGGTTCAAGTAGGTGT-1	0.3904471737350565	0.2530593304793164	0.4335963821153109	0.0	690.0	1454.0	24.0	98.0	1.0
								d															PP1						GSM7049134:CGGTTGACCTGGCATA-1	CGGTTGACCTGGCATA-1	0.3654923020736055	0.2209538925888597	0.4182564677690372	0.236837698347946	1024.0	522.0	39.0	25.0	1.0
								d															PP1						GSM7049134:CGTACCTGATAGGCCT-1	CGTACCTGATAGGCCT-1	0.3811913943095377	0.2605904580918179	0.5239719986191299	0.0	646.0	1071.0	22.0	68.0	1.0
								d															PP1						GSM7049134:CGTATTAAGAGATCTA-1	CGTATTAAGAGATCTA-1	0.2499785279247032	0.1261015893716834	0.247095793303452	0.3661578841599434	868.0	892.0	32.0	54.0	1.0
								d															PP1						GSM7049134:CGTCAAGGCTATAAAT-1	CGTCAAGGCTATAAAT-1	0.4258214523758496	0.2801200381330936	0.5848121437011384	0.4630254751116862	824.0	381.0	30.0	14.0	1.0
								d															PP1						GSM7049134:CGTCACGTCCATTGGT-1	CGTCACGTCCATTGGT-1	0.4070645506794285	0.2343850598994261	0.5288859546469424	0.3255324180281773	1201.0	854.0	47.0	51.0	1.0
								d															PP1						GSM7049134:CGTGAAGTTAATTCAC-1	CGTGAAGTTAATTCAC-1	0.3094057846905872	0.1159720910089128	0.3244734292986261	0.3247484016746181	1046.0	918.0	40.0	56.0	1.0
								d															PP1						GSM7049134:CGTGCAGACTGGGACA-1	CGTGCAGACTGGGACA-1	0.2069239745549691	0.0705062472045392	0.1792164375580183	0.5555272444577435	1046.0	1148.0	40.0	74.0	1.0
								d															PP1						GSM7049134:CGTGCATTGTCGACGC-1	CGTGCATTGTCGACGC-1	0.2927334601200706	0.1238696224624518	0.2021441526146433	0.0	1024.0	599.0	39.0	31.0	1.0
								d															PP1						GSM7049134:CGTGTCCCATTCGCGA-1	CGTGTCCCATTCGCGA-1	0.2422519756880664	0.1284491721481084	0.1875381980784589	0.0	779.0	713.0	28.0	40.0	1.0
								d															PP1						GSM7049134:CGTTCATGGTGCGCGT-1	CGTTCATGGTGCGCGT-1	0.4242535185205181	0.2632430733535428	0.6321059861324166	0.8714761764752667	1224.0	458.0	48.0	20.0	1.0
								d															PP1						GSM7049134:CGTTGTAAGATTGATT-1	CGTTGTAAGATTGATT-1	0.2048500020019239	0.118560344756506	0.2933889477823239	0.7540959845209249	734.0	1582.0	26.0	108.0	1.0
								d															PP1						GSM7049134:CGTTGTTTCAATTCCC-1	CGTTGTTTCAATTCCC-1	0.2396454383774825	0.1422111421041426	0.3143380814150911	0.0	913.0	713.0	34.0	40.0	1.0
								d															PP1						GSM7049134:CGTTTCGCTCATTACA-1	CGTTTCGCTCATTACA-1	0.2615337401161631	0.0940728376336429	0.3188511107581082	0.3238588142164366	935.0	828.0	35.0	49.0	1.0
								d															PP1						GSM7049134:CGTTTGTGTAGAGGGT-1	CGTTTGTGTAGAGGGT-1	0.4296800632048302	0.2826724049325848	0.6492156403718451	1.0127782593411283	1379.0	727.0	55.0	41.0	1.0
								d															PP1						GSM7049134:CTAAAGAATGCCTACT-1	CTAAAGAATGCCTACT-1	0.3279715165607854	0.1391774137518124	0.3054721716676397	0.4824158167214923	957.0	662.0	36.0	36.0	1.0
								d															PP1						GSM7049134:CTAAAGGGAAATAGGA-1	CTAAAGGGAAATAGGA-1	0.4905313313498827	0.3130029970310441	0.6202415021011638	0.4958279672918245	1135.0	995.0	44.0	62.0	1.0
								d															PP1						GSM7049134:CTAACCGCGCGCCCGT-1	CTAACCGCGCGCCCGT-1	0.4176851176083068	0.1799042764865414	0.4434372683379057	0.0	979.0	650.0	37.0	35.0	1.0
								d															PP1						GSM7049134:CTAACTGGTCCGGTTC-1	CTAACTGGTCCGGTTC-1	0.5076289416561494	0.3002697906923824	0.6803548703157573	0.5757667816279797	1268.0	663.0	50.0	36.0	1.0
								d															PP1						GSM7049134:CTAAGGGAATGATTGG-1	CTAAGGGAATGATTGG-1	0.177291907704439	0.0726487354780968	0.138662287990383	0.4265042901820793	1135.0	1122.0	44.0	72.0	1.0
								d															PP1						GSM7049134:CTAATTCGCACGCGCT-1	CTAATTCGCACGCGCT-1	0.4012771836754173	0.1903634899248684	0.434121563313296	0.3401084831381242	780.0	637.0	28.0	34.0	1.0
								d															PP1						GSM7049134:CTAATTCTCAGATATT-1	CTAATTCTCAGATATT-1	0.25947049789562	0.1434776469671067	0.2618299635825502	0.6848533364069186	757.0	1543.0	27.0	105.0	1.0
								d															PP1						GSM7049134:CTAATTTCAACAACAC-1	CTAATTTCAACAACAC-1	0.4478728798601107	0.2673021928546881	0.4985801663105892	0.5121082092922042	624.0	547.0	21.0	27.0	1.0
								d															PP1						GSM7049134:CTACCCTAAGGTCATA-1	CTACCCTAAGGTCATA-1	0.2230562611400648	0.0785852517997688	0.1994746403716431	0.0	846.0	1365.0	31.0	91.0	1.0
								d															PP1						GSM7049134:CTACGACTAGCTATAA-1	CTACGACTAGCTATAA-1	0.3000300979855644	0.1659447587189164	0.2761149391559723	0.2984339932670103	1002.0	509.0	38.0	24.0	1.0
								d															PP1						GSM7049134:CTACGCACGGAGTACC-1	CTACGCACGGAGTACC-1	0.3431732642449743	0.2183496346409313	0.3781047688040196	0.205816832222191	935.0	931.0	35.0	57.0	1.0
								d															PP1						GSM7049134:CTACTCTAGGCCCGGC-1	CTACTCTAGGCCCGGC-1	0.3806438777468607	0.2466857784236111	0.5700352998633669	0.0	846.0	522.0	31.0	25.0	1.0
								d															PP1						GSM7049134:CTACTGCCACCTGACC-1	CTACTGCCACCTGACC-1	0.2993854639468919	0.1806342601344895	0.2501660371741833	0.3612067108974728	757.0	1007.0	27.0	63.0	1.0
								d															PP1						GSM7049134:CTAGATTTACGACGGC-1	CTAGATTTACGACGGC-1	0.2997253435367543	0.1134680262698009	0.2967054463948644	0.3441251927810423	1090.0	1148.0	42.0	74.0	1.0
								d															PP1						GSM7049134:CTAGCATAGTATAATG-1	CTAGCATAGTATAATG-1	0.3426015324543339	0.1753612453634928	0.3907328069077541	0.5169934189572555	913.0	1045.0	34.0	66.0	1.0
								d															PP1						GSM7049134:CTAGCCGATGTTATGA-1	CTAGCCGATGTTATGA-1	0.3301162587801546	0.1850564848692615	0.3313452931275648	0.3008518042515969	668.0	1492.0	23.0	101.0	1.0
								d															PP1						GSM7049134:CTAGTCACGTCTTAAG-1	CTAGTCACGTCTTAAG-1	0.2969796631276174	0.1611571634978724	0.4003105964457634	0.5569561653011127	979.0	1084.0	37.0	69.0	1.0
								d															PP1						GSM7049134:CTAGTGAAGGACAGGA-1	CTAGTGAAGGACAGGA-1	0.2429456769671678	0.1340578878504975	0.2449064591551693	0.3504756199844872	913.0	688.0	34.0	38.0	1.0
								d															PP1						GSM7049134:CTAGTTGGGCCCGGTA-1	CTAGTTGGGCCCGGTA-1	0.2790735247292049	0.1503886527735972	0.2729310575126742	0.3385971837074888	735.0	1071.0	26.0	68.0	1.0
								d															PP1						GSM7049134:CTATAAGAGCCAATCG-1	CTATAAGAGCCAATCG-1	0.295049739533489	0.1840334562821642	0.2933189337125106	0.2875588973068052	734.0	1479.0	26.0	100.0	1.0
								d															PP1						GSM7049134:CTATCGGGTCTCAACA-1	CTATCGGGTCTCAACA-1	0.3487125081774241	0.1368132605360271	0.3869109895995871	0.3887044516354346	935.0	1084.0	35.0	69.0	1.0
								d															PP1						GSM7049134:CTATGTCACTAGCCCA-1	CTATGTCACTAGCCCA-1	0.2496740797059757	0.0946841433448379	0.2478024831749417	0.0	824.0	1045.0	30.0	66.0	1.0
								d															PP1						GSM7049134:CTATGTGAGTCACGGC-1	CTATGTGAGTCACGGC-1	0.4682622010009454	0.2930964153422797	0.700721507032096	0.8378222437616173	1157.0	420.0	45.0	17.0	1.0
								d															PP1						GSM7049134:CTATTCATGTGTCCCA-1	CTATTCATGTGTCCCA-1	0.3595286715373811	0.1965109768820093	0.4345034218810252	0.2329383315315449	1312.0	995.0	52.0	62.0	1.0
								d															PP1						GSM7049134:CTATTTGGTTACGGAT-1	CTATTTGGTTACGGAT-1	0.3036131933622794	0.1826810208871586	0.3666803525770198	0.291897900309908	957.0	1250.0	36.0	82.0	1.0
								d															PP1						GSM7049134:CTCACTTGGCTGGTAA-1	CTCACTTGGCTGGTAA-1	0.3383514020339943	0.2091404039784635	0.5511438416191796	0.532904371837446	1046.0	535.0	40.0	26.0	1.0
								d															PP1						GSM7049134:CTCAGTCACGACAAAT-1	CTCAGTCACGACAAAT-1	0.347013826161507	0.2279409516365583	0.4214968286684965	0.0	690.0	1428.0	24.0	96.0	1.0
								d															PP1						GSM7049134:CTCATGGTAATTTGCG-1	CTCATGGTAATTTGCG-1	0.4594012558046914	0.2680088263134155	0.6549793313636759	0.7247590122550702	1268.0	535.0	50.0	26.0	1.0
								d															PP1						GSM7049134:CTCATTTGATGGGCGG-1	CTCATTTGATGGGCGG-1	0.198029055225719	0.0813220846784441	0.1921741877226193	0.398245371976583	646.0	994.0	22.0	62.0	1.0
								d															PP1						GSM7049134:CTCCCTCCTTTCGATC-1	CTCCCTCCTTTCGATC-1	0.4984063955595353	0.2751098447495769	0.6800961785950677	0.6069931607778404	1291.0	497.0	51.0	23.0	1.0
								d															PP1						GSM7049134:CTCCGCCCACATGAGG-1	CTCCGCCCACATGAGG-1	0.3255349268453532	0.1655027750072482	0.3846290803049654	0.2650456994602833	1113.0	701.0	43.0	39.0	1.0
								d															PP1						GSM7049134:CTCCGGCCTAATATGC-1	CTCCGGCCTAATATGC-1	0.2635684144274897	0.0815007317175893	0.2378360834351811	0.0	579.0	956.0	19.0	59.0	1.0
								d															PP1						GSM7049134:CTCGAGGTCGAACAGT-1	CTCGAGGTCGAACAGT-1	0.2327901437501213	0.0745679224198137	0.2085831282004304	0.4436530028390107	801.0	956.0	29.0	59.0	1.0
								d															PP1						GSM7049134:CTCGATATTTGCGAGC-1	CTCGATATTTGCGAGC-1	0.1823615696122903	0.0421085967525939	0.1971483648332732	0.0	668.0	1467.0	23.0	99.0	1.0
								d															PP1						GSM7049134:CTCGCACCTATATAGT-1	CTCGCACCTATATAGT-1	0.4298652657269045	0.3173590118621304	0.5668505284322154	0.5902196303513713	690.0	1071.0	24.0	68.0	1.0
								d															PP1						GSM7049134:CTCGGTCCGTAGCCTG-1	CTCGGTCCGTAGCCTG-1	0.2514498932667983	0.1731781868405463	0.2864186498763555	0.0	557.0	841.0	18.0	50.0	1.0
								d															PP1						GSM7049134:CTCTAATGCATTGATC-1	CTCTAATGCATTGATC-1	0.2241122819542126	0.1178548552914983	0.2147251156695139	1.468114632131822	690.0	1607.0	24.0	110.0	1.0
								d															PP1						GSM7049134:CTCTACACTGGCGATT-1	CTCTACACTGGCGATT-1	0.4776314818526422	0.3077852384697336	0.6627503093318603	0.8731138264906412	1113.0	420.0	43.0	17.0	1.0
								d															PP1						GSM7049134:CTCTATTTGGCTGCAG-1	CTCTATTTGGCTGCAG-1	0.2845675780016702	0.1542692064973422	0.3140608068898265	0.3363575138166968	1224.0	1071.0	48.0	68.0	1.0
								d															PP1						GSM7049134:CTCTCACAATCGATGA-1	CTCTCACAATCGATGA-1	0.2762400606596297	0.1132248812675278	0.2529108009732952	0.7506697228316801	868.0	1096.0	32.0	70.0	1.0
								d															PP1						GSM7049134:CTCTGGACGCCTGGTG-1	CTCTGGACGCCTGGTG-1	0.3576900977848373	0.1649921067615152	0.4217687378241617	0.0	868.0	994.0	32.0	62.0	1.0
								d															PP1						GSM7049134:CTCTTGTCCCGCTTGG-1	CTCTTGTCCCGCTTGG-1	0.4093673128978116	0.3078827285676794	0.5805587897449267	0.4683367303724579	1357.0	944.0	54.0	58.0	1.0
								d															PP1						GSM7049134:CTGAAAGAGATCCGAC-1	CTGAAAGAGATCCGAC-1	0.3109171359881532	0.2684840286993168	0.455215035069447	0.2665515627970217	579.0	1083.0	19.0	69.0	1.0
								d															PP1						GSM7049134:CTGAATCCGAGACCTC-1	CTGAATCCGAGACCTC-1	0.4528797263783127	0.2544935823766107	0.5067761731698447	0.0	1201.0	880.0	47.0	53.0	1.0
								d															PP1						GSM7049134:CTGATAGTGTATCTCA-1	CTGATAGTGTATCTCA-1	0.4237143319037249	0.2644154774379276	0.5443571757263317	0.5977704465180178	869.0	407.0	32.0	16.0	1.0
								d															PP1						GSM7049134:CTGCACCTGGAACCGC-1	CTGCACCTGGAACCGC-1	0.2082923792245178	0.1492157993992013	0.244334173890059	0.3453154276720317	491.0	828.0	15.0	49.0	1.0
								d															PP1						GSM7049134:CTGCCATGCATCACAT-1	CTGCCATGCATCACAT-1	0.4216943099175654	0.2184689820716285	0.522718579020507	0.1722699348074171	1046.0	994.0	40.0	62.0	1.0
								d															PP1						GSM7049134:CTGCCCACGAAGCGTT-1	CTGCCCACGAAGCGTT-1	0.5183780603163657	0.2888917069173262	0.6820240531803835	0.6467795317717094	869.0	279.0	32.0	6.0	1.0
								d															PP1						GSM7049134:CTGCGGGTGAAATGTT-1	CTGCGGGTGAAATGTT-1	0.356015487123435	0.1840498327402296	0.367373643406809	0.6563008327304817	846.0	496.0	31.0	23.0	1.0
								d															PP1						GSM7049134:CTGCTGAGGCCACGAA-1	CTGCTGAGGCCACGAA-1	0.4898881480167177	0.3007230667289598	0.7092242630813093	0.7813916386978245	1246.0	650.0	49.0	35.0	1.0
								d															PP1						GSM7049134:CTGGAAATGGATGCTT-1	CTGGAAATGGATGCTT-1	0.2365056632822564	0.1048079152484156	0.2865304606429902	0.3850640152814476	802.0	879.0	29.0	53.0	1.0
								d															PP1						GSM7049134:CTGGATTTACACTTGA-1	CTGGATTTACACTTGA-1	0.4232466008171363	0.2755523074927732	0.5718258642236136	1.019044418441505	1246.0	905.0	49.0	55.0	1.0
								d															PP1						GSM7049134:CTGGCATCCGAATGAG-1	CTGGCATCCGAATGAG-1	0.5270325368452254	0.328810567865721	0.7192229244504311	0.7004879353486118	1224.0	535.0	48.0	26.0	1.0
								d															PP1						GSM7049134:CTGGCGCACAGGTCTG-1	CTGGCGCACAGGTCTG-1	0.2048258078139939	0.0821142334624028	0.2167460275400763	0.396017156672837	979.0	1339.0	37.0	89.0	1.0
								d															PP1						GSM7049134:CTGGCTGGTTGTCAGT-1	CTGGCTGGTTGTCAGT-1	0.4330577635796838	0.3312871806434339	0.5805266727593927	0.8599993844407259	1357.0	918.0	54.0	56.0	1.0
								d															PP1						GSM7049134:CTGGGATAAATAATGG-1	CTGGGATAAATAATGG-1	0.3049619784807695	0.1710005028040002	0.3721463083218783	0.3471233082255701	1001.0	1275.0	38.0	84.0	1.0
								d															PP1						GSM7049134:CTGGGCCTGCTATATC-1	CTGGGCCTGCTATATC-1	0.2982927150247576	0.1493940158775001	0.3935424928496261	0.56203455947244	1135.0	586.0	44.0	30.0	1.0
								d															PP1						GSM7049134:CTGGTAACGAGCTCTT-1	CTGGTAACGAGCTCTT-1	0.1702113366871454	0.0960436629784027	0.1881416459638726	0.0	801.0	1441.0	29.0	97.0	1.0
								d															PP1						GSM7049134:CTGTACTTCTTAGCAT-1	CTGTACTTCTTAGCAT-1	0.4364153391964173	0.2325962092688295	0.3955768603851889	0.2679456835616481	1024.0	854.0	39.0	51.0	1.0
								d															PP1						GSM7049134:CTGTAGCCATCTCACT-1	CTGTAGCCATCTCACT-1	0.4485113444194933	0.2734036787818177	0.6523034237030675	1.0097011485179743	1401.0	790.0	56.0	46.0	1.0
								d															PP1						GSM7049134:CTGTGCAGGGTAGGTC-1	CTGTGCAGGGTAGGTC-1	0.3475941252254367	0.1763070133367984	0.4653594067493452	0.7198700874219556	1090.0	1097.0	42.0	70.0	1.0
								d															PP1						GSM7049134:CTGTTACCCAATCTAG-1	CTGTTACCCAATCTAG-1	0.4711932080379327	0.2276304940817295	0.5460747560716861	0.8402893776645597	1224.0	944.0	48.0	58.0	1.0
								d															PP1						GSM7049134:CTGTTCACTGCCTGTG-1	CTGTTCACTGCCTGTG-1	0.2752915799431197	0.087145623781022	0.3027690874010346	0.0	646.0	918.0	22.0	56.0	1.0
								d															PP1						GSM7049134:CTGTTCATCTCACGGG-1	CTGTTCATCTCACGGG-1	0.4522530775553278	0.2839004089732651	0.5329991106887412	0.6769025758946066	646.0	637.0	22.0	34.0	1.0
								d															PP1						GSM7049134:CTTACACGGTATTCCA-1	CTTACACGGTATTCCA-1	0.3246595868091955	0.1646448036773058	0.275240858909376	0.0	846.0	777.0	31.0	45.0	1.0
								d															PP1						GSM7049134:CTTACACTGGGAAATA-1	CTTACACTGGGAAATA-1	0.2722533844907129	0.1185565457074409	0.3067172517554603	0.7251580899935526	513.0	815.0	16.0	48.0	1.0
								d															PP1						GSM7049134:CTTAGCCTTCCACATG-1	CTTAGCCTTCCACATG-1	0.3105767547661806	0.2091861708926611	0.404663163764095	0.2357143890256897	646.0	1198.0	22.0	78.0	1.0
								d															PP1						GSM7049134:CTTATGCGCTCAGGGC-1	CTTATGCGCTCAGGGC-1	0.3644086215168361	0.1881902956909202	0.510689431338926	0.6868337292816925	1113.0	343.0	43.0	11.0	1.0
								d															PP1						GSM7049134:CTTCATTGTCAGTGGA-1	CTTCATTGTCAGTGGA-1	0.4564078750349085	0.2649038813336776	0.5596571420942478	0.2960663167634105	957.0	969.0	36.0	60.0	1.0
								d															PP1						GSM7049134:CTTCCGCTCCGTGAAG-1	CTTCCGCTCCGTGAAG-1	0.4842805754053292	0.2904357419094551	0.7055659025568961	1.05708475044952	1401.0	842.0	56.0	50.0	1.0
								d															PP1						GSM7049134:CTTCGTAGATAGGTGA-1	CTTCGTAGATAGGTGA-1	0.2630750754835968	0.1600005388275463	0.2283364527547536	0.3667911252828984	1024.0	777.0	39.0	45.0	1.0
								d															PP1						GSM7049134:CTTCTATGTTGAAGTA-1	CTTCTATGTTGAAGTA-1	0.3646064627082201	0.217822045249073	0.5007518525909813	0.2367885874245989	1180.0	560.0	46.0	28.0	1.0
								d															PP1						GSM7049134:CTTCTATTAATGCTAG-1	CTTCTATTAATGCTAG-1	0.4900664784468153	0.3082795957462089	0.6421108685812867	0.7064132386844582	1290.0	803.0	51.0	47.0	1.0
								d															PP1						GSM7049134:CTTGCAACCGCCTCCT-1	CTTGCAACCGCCTCCT-1	0.3303960236593959	0.2287114992982985	0.4346720198890468	0.3248228424644471	1113.0	522.0	43.0	25.0	1.0
								d															PP1						GSM7049134:CTTGCCCAGGCTCTAC-1	CTTGCCCAGGCTCTAC-1	0.504191278392213	0.2405847456687286	0.5144913537836102	0.7648508125404377	1157.0	905.0	45.0	55.0	1.0
								d															PP1						GSM7049134:CTTGTACTTGTTGACT-1	CTTGTACTTGTTGACT-1	0.3992154851801265	0.2689310255376373	0.5192340762817527	0.2230018221475192	624.0	854.0	21.0	51.0	1.0
								d															PP1						GSM7049134:CTTGTCAACATTCGAG-1	CTTGTCAACATTCGAG-1	0.252576809153206	0.1150445998040948	0.2671613197098681	0.0	1268.0	1046.0	50.0	66.0	1.0
								d															PP1						GSM7049134:CTTGTTGCTGAGTCAA-1	CTTGTTGCTGAGTCAA-1	0.3051879783486246	0.1542311523775513	0.3402104324420236	0.0	1001.0	1224.0	38.0	80.0	1.0
								d															PP1						GSM7049134:CTTTAACTTTCAAAGG-1	CTTTAACTTTCAAAGG-1	0.4201994343632539	0.3217014534011529	0.5524090590840927	0.1134406768953468	668.0	1058.0	23.0	67.0	1.0
								d															PP1						GSM7049134:CTTTAGTGCTATTATT-1	CTTTAGTGCTATTATT-1	0.3943510897001291	0.2754647976603703	0.5730239857930866	0.7147650406082695	1135.0	1020.0	44.0	64.0	1.0
								d															PP1						GSM7049134:CTTTGGCGCTTTATAC-1	CTTTGGCGCTTTATAC-1	0.3943984053902803	0.2421990201979495	0.5898889029179558	0.212153700811382	869.0	432.0	32.0	18.0	1.0
								d															PP1						GSM7049134:CTTTGGCTTTAGTAAA-1	CTTTGGCTTTAGTAAA-1	0.2842345378504308	0.1831809029518887	0.3688160593934336	0.5559253543065894	868.0	713.0	32.0	40.0	1.0
								d															PP1						GSM7049134:GAAACCATGGTGCGCT-1	GAAACCATGGTGCGCT-1	0.1805445003772761	0.101081554993949	0.2037254097632918	0.8454708388156095	757.0	1594.0	27.0	109.0	1.0
								d															PP1						GSM7049134:GAAACCGAATTACCTT-1	GAAACCGAATTACCTT-1	0.3790481141284416	0.2107439201370436	0.4433393943983362	0.0	1157.0	854.0	45.0	51.0	1.0
								d															PP1						GSM7049134:GAAACTCGTGCGATGC-1	GAAACTCGTGCGATGC-1	0.4446164621562039	0.2888602677014909	0.5363456769295999	0.0	780.0	509.0	28.0	24.0	1.0
								d															PP1						GSM7049134:GAAAGCAGTGCACTTT-1	GAAAGCAGTGCACTTT-1	0.4965286506882727	0.3233018395046631	0.679528656332849	0.719606275561907	1401.0	893.0	56.0	54.0	1.0
								d															PP1						GSM7049134:GAAAGCCCTTTGGACC-1	GAAAGCCCTTTGGACC-1	0.3274767743277745	0.1970339697414504	0.3818158457413345	0.2453519966519611	935.0	471.0	35.0	21.0	1.0
								d															PP1						GSM7049134:GAAAGTGACTAACTGC-1	GAAAGTGACTAACTGC-1	0.4741632009793484	0.274218072473133	0.595737728453231	0.8227616904871368	713.0	598.0	25.0	31.0	1.0
								d															PP1						GSM7049134:GAAATATCACCATCAG-1	GAAATATCACCATCAG-1	0.2736984590192666	0.1808760014673545	0.4256114331473544	0.2495646230961042	891.0	496.0	33.0	23.0	1.0
								d															PP1						GSM7049134:GAAATCGCGCGCAACT-1	GAAATCGCGCGCAACT-1	0.3219126477330663	0.1837304797209241	0.3731153780227444	0.2655670173963019	557.0	1071.0	18.0	68.0	1.0
								d															PP1						GSM7049134:GAAATGGCGGTGTTAG-1	GAAATGGCGGTGTTAG-1	0.2592404132944215	0.0876859237718322	0.1829923087050478	0.5657160559508938	824.0	867.0	30.0	52.0	1.0
								d															PP1						GSM7049134:GAAATTCACATCGCTG-1	GAAATTCACATCGCTG-1	0.1809404762436298	0.0861257874819695	0.1552204908788002	0.424480526076719	446.0	828.0	13.0	49.0	1.0
								d															PP1						GSM7049134:GAAATTGTCTCTATAA-1	GAAATTGTCTCTATAA-1	0.3797427602253485	0.1607629812559003	0.3812247088187675	0.8646651975292893	1113.0	880.0	43.0	53.0	1.0
								d															PP1						GSM7049134:GAACACACATCAACCA-1	GAACACACATCAACCA-1	0.3711538180933819	0.2583327284224306	0.500837601667676	0.0	646.0	841.0	22.0	50.0	1.0
								d															PP1						GSM7049134:GAACCTCGACCTACAC-1	GAACCTCGACCTACAC-1	0.3844387007912873	0.2113430859810055	0.478590023037502	0.979837171617923	1069.0	318.0	41.0	9.0	1.0
								d															PP1						GSM7049134:GAACGTCTCATGGTCG-1	GAACGTCTCATGGTCG-1	0.2306403651169723	0.104227119027812	0.2023673075508957	0.0	846.0	1314.0	31.0	87.0	1.0
								d															PP1						GSM7049134:GAACGTTAGGAAGACG-1	GAACGTTAGGAAGACG-1	0.4232529448935259	0.3111875302867669	0.5247000137265952	0.7393762807472362	891.0	394.0	33.0	15.0	1.0
								d															PP1						GSM7049134:GAAGAACGGTGCAGGT-1	GAAGAACGGTGCAGGT-1	0.0740344867106885	0.0131340019803282	0.0351383560443856	0.0	468.0	713.0	14.0	40.0	1.0
								d															PP1						GSM7049134:GAAGCGTGAGGAATTT-1	GAAGCGTGAGGAATTT-1	0.5225911258760291	0.2788633791388465	0.5819087677552106	0.6201630729214642	913.0	969.0	34.0	60.0	1.0
								d															PP1						GSM7049134:GAAGCTTGCTGACCGC-1	GAAGCTTGCTGACCGC-1	0.4443357191108146	0.2558067265840503	0.4762242511486097	0.544518631061732	802.0	650.0	29.0	35.0	1.0
								d															PP1						GSM7049134:GAAGTCAGTTGCACTA-1	GAAGTCAGTTGCACTA-1	0.4029155875490578	0.2741643935296398	0.5337894753225408	0.1947269131351217	1313.0	944.0	52.0	58.0	1.0
								d															PP1						GSM7049134:GAAGTGATTTATCGTG-1	GAAGTGATTTATCGTG-1	0.2954071909028527	0.1226626179977847	0.2940878063223679	0.8204798928240036	1024.0	803.0	39.0	47.0	1.0
								d															PP1						GSM7049134:GAAGTTTCCACTCAAT-1	GAAGTTTCCACTCAAT-1	0.2387222793463706	0.1330320018748834	0.2477476946547656	0.0	957.0	790.0	36.0	46.0	1.0
								d															PP1						GSM7049134:GAATCGACATGGTCAC-1	GAATCGACATGGTCAC-1	0.2768767659481765	0.1173799065380394	0.2172222820118609	0.3695195005627729	735.0	739.0	26.0	42.0	1.0
								d															PP1						GSM7049134:GAATCTGAACATTCTC-1	GAATCTGAACATTCTC-1	0.4972260012519442	0.2952904189657647	0.5374396556990066	0.7420590690544303	1090.0	1020.0	42.0	64.0	1.0
								d															PP1						GSM7049134:GAATGTTGGGTAATCT-1	GAATGTTGGGTAATCT-1	0.4260708262428073	0.2443758423028126	0.3823796389758432	0.2337437543928714	668.0	1084.0	23.0	69.0	1.0
								d															PP1						GSM7049134:GAATTATAGTGAAAGG-1	GAATTATAGTGAAAGG-1	0.2773643947289495	0.132657215437785	0.2570355436301212	0.0	912.0	1071.0	34.0	68.0	1.0
								d															PP1						GSM7049134:GAATTCACCCGGGTGT-1	GAATTCACCCGGGTGT-1	0.3973215608289805	0.2431524559127166	0.4223005807528378	0.2169984637544844	1201.0	905.0	47.0	55.0	1.0
								d															PP1						GSM7049134:GAATTTCTCGCTGCAG-1	GAATTTCTCGCTGCAG-1	0.5137275650684807	0.2683566670070613	0.5485776934055127	0.0	780.0	586.0	28.0	30.0	1.0
								d															PP1						GSM7049134:GACAACGCAGCTTACG-1	GACAACGCAGCTTACG-1	0.2493924381941868	0.1497616180530439	0.3252251231938673	0.3364808328868772	602.0	892.0	20.0	54.0	1.0
								d															PP1						GSM7049134:GACACAAGGGAAGAAA-1	GACACAAGGGAAGAAA-1	0.208636827950024	0.0709940623253865	0.1957952111653737	0.0	824.0	1122.0	30.0	72.0	1.0
								d															PP1						GSM7049134:GACACTGAGTTCAGTG-1	GACACTGAGTTCAGTG-1	0.2448557902722871	0.1561105248689516	0.3364025108075367	0.6149407467016494	1135.0	790.0	44.0	46.0	1.0
								d															PP1						GSM7049134:GACAGGCACACACTAT-1	GACAGGCACACACTAT-1	0.293539575962827	0.1941191914445304	0.4377519073383699	0.2622242312254254	1002.0	484.0	38.0	22.0	1.0
								d															PP1						GSM7049134:GACATCGATTTATAAC-1	GACATCGATTTATAAC-1	0.4941603962577283	0.2744621143359491	0.658066333732872	0.9864495065198696	1313.0	841.0	52.0	50.0	1.0
								d															PP1						GSM7049134:GACCAGAGCCCTGTAG-1	GACCAGAGCCCTGTAG-1	0.2341588794821112	0.0973751287814959	0.2005954634979071	0.3749950649570617	846.0	803.0	31.0	47.0	1.0
								d															PP1						GSM7049134:GACCGACTGAAGCGTC-1	GACCGACTGAAGCGTC-1	0.3220270217195198	0.2095417350574354	0.3827593274670497	0.0	913.0	484.0	34.0	22.0	1.0
								d															PP1						GSM7049134:GACCGTGCTGACGGTG-1	GACCGTGCTGACGGTG-1	0.349156421664372	0.1819324165066752	0.3446103733706246	0.0	1046.0	867.0	40.0	52.0	1.0
								d															PP1						GSM7049134:GACCGTTACATGCGAC-1	GACCGTTACATGCGAC-1	0.420154570916775	0.2325905388153648	0.5784266779531541	0.90688440971987	1002.0	279.0	38.0	6.0	1.0
								d															PP1						GSM7049134:GACGCCGTAAAGGCTA-1	GACGCCGTAAAGGCTA-1	0.4555494791412147	0.3160707199687831	0.5971461452075645	0.703936119070409	1357.0	893.0	54.0	54.0	1.0
								d															PP1						GSM7049134:GACGCTTGCTTCTAAA-1	GACGCTTGCTTCTAAA-1	0.2628264480665807	0.1156049508111807	0.2300733435509948	0.3432075951186099	1002.0	662.0	38.0	36.0	1.0
								d															PP1						GSM7049134:GACGTGTAGGGATTAT-1	GACGTGTAGGGATTAT-1	0.3190509800298993	0.084610575779525	0.2219825475479779	0.0	780.0	611.0	28.0	32.0	1.0
								d															PP1						GSM7049134:GACTAAGATCATGCAC-1	GACTAAGATCATGCAC-1	0.2555020079370483	0.0927085813381174	0.1732158890048087	0.4852172512317036	668.0	879.0	23.0	53.0	1.0
								d															PP1						GSM7049134:GACTAAGTAGGCTCAC-1	GACTAAGTAGGCTCAC-1	0.2769812261679967	0.1307484295788902	0.3241427291049477	0.0	757.0	752.0	27.0	43.0	1.0
								d															PP1						GSM7049134:GACTACAAAGCGGTGG-1	GACTACAAAGCGGTGG-1	0.4273211563566421	0.2600670882679348	0.6233383609017406	0.7745970656441058	1246.0	471.0	49.0	21.0	1.0
								d															PP1						GSM7049134:GACTCCCAGAATAAGG-1	GACTCCCAGAATAAGG-1	0.2393994247486311	0.1379613203614024	0.4632802709916042	1.073305179943209	757.0	1620.0	27.0	111.0	1.0
								d															PP1						GSM7049134:GACTCGCGGGAATGAC-1	GACTCGCGGGAATGAC-1	0.1860322704611655	0.0925082887874766	0.21780721580869	0.0	779.0	1428.0	28.0	96.0	1.0
								d															PP1						GSM7049134:GACTGCACCAGCCCAG-1	GACTGCACCAGCCCAG-1	0.2380241556312631	0.0871442580480856	0.294369392380005	0.4043152386771106	1179.0	1224.0	46.0	80.0	1.0
								d															PP1						GSM7049134:GACTGCGGCACGTGTA-1	GACTGCGGCACGTGTA-1	0.3659907578397474	0.1680435378642672	0.3773753542315515	0.5205533382646605	757.0	394.0	27.0	15.0	1.0
								d															PP1						GSM7049134:GAGAATCTCACGATCA-1	GAGAATCTCACGATCA-1	0.5172516616690555	0.2514657092761802	0.6202342850955627	0.6195610294694575	846.0	266.0	31.0	5.0	1.0
								d															PP1						GSM7049134:GAGACTGATGGGTAGA-1	GAGACTGATGGGTAGA-1	0.1615831969474458	0.0685195591278513	0.2323322135641026	0.0	779.0	918.0	28.0	56.0	1.0
								d															PP1						GSM7049134:GAGACTTCGCGACCGA-1	GAGACTTCGCGACCGA-1	0.4417184170491584	0.3042174281511854	0.5646491286378994	0.6076955758280823	1335.0	931.0	53.0	57.0	1.0
								d															PP1						GSM7049134:GAGAGGGCGCGAGGTT-1	GAGAGGGCGCGAGGTT-1	0.3228498884307113	0.1142927113136763	0.3110687965636445	0.3308200275880133	1002.0	714.0	38.0	40.0	1.0
								d															PP1						GSM7049134:GAGAGGTGCATTCTGG-1	GAGAGGTGCATTCTGG-1	0.3285515957963512	0.2182697414879595	0.4264719695802114	0.4429699561647366	1135.0	560.0	44.0	28.0	1.0
								d															PP1						GSM7049134:GAGATCTGCTTGGCAT-1	GAGATCTGCTTGGCAT-1	0.1928912615816022	0.0956027075795224	0.1437109877437819	1.0989476630824702	913.0	765.0	34.0	44.0	1.0
								d															PP1						GSM7049134:GAGATCTGTCACTCCG-1	GAGATCTGTCACTCCG-1	0.2169505105207569	0.071305697149168	0.235994077397794	0.0	824.0	1148.0	30.0	74.0	1.0
								d															PP1						GSM7049134:GAGGAATGGAGAGGTT-1	GAGGAATGGAGAGGTT-1	0.4578120388403331	0.2368061813709359	0.4718381281943357	0.3554970536650631	757.0	598.0	27.0	31.0	1.0
								d															PP1						GSM7049134:GAGGCTATCAAAGTCG-1	GAGGCTATCAAAGTCG-1	0.3406518968902757	0.202141479356683	0.3771101313946354	0.9194620370770934	935.0	547.0	35.0	27.0	1.0
								d															PP1						GSM7049134:GAGTACGGGTATACAA-1	GAGTACGGGTATACAA-1	0.2042170096773914	0.0959100093899339	0.2326367648879705	0.0	491.0	751.0	15.0	43.0	1.0
								d															PP1						GSM7049134:GAGTATGCCCGCCTTG-1	GAGTATGCCCGCCTTG-1	0.4065650061669412	0.2627108138360555	0.5427226509177719	0.2254768588269633	1246.0	752.0	49.0	43.0	1.0
								d															PP1						GSM7049134:GAGTCAGACCAGAATC-1	GAGTCAGACCAGAATC-1	0.4797341099542939	0.3180611935353224	0.7090150085596766	0.9279523752441216	1401.0	816.0	56.0	48.0	1.0
								d															PP1						GSM7049134:GAGTCCGCTTACCGGA-1	GAGTCCGCTTACCGGA-1	0.360885980552155	0.1868830595103375	0.5290106796817794	0.74745576945874	1179.0	943.0	46.0	58.0	1.0
								d															PP1						GSM7049134:GATAAATCGGTGGATG-1	GATAAATCGGTGGATG-1	0.2548955762235831	0.1078543990318778	0.2198370043599176	0.0	491.0	726.0	15.0	41.0	1.0
								d															PP1						GSM7049134:GATACGATGGGAGTCA-1	GATACGATGGGAGTCA-1	0.3153723959758176	0.1503880762652593	0.3586680181509677	1.2200050705906584	1157.0	777.0	45.0	45.0	1.0
								d															PP1						GSM7049134:GATAGGTAACGTTGAC-1	GATAGGTAACGTTGAC-1	0.4564089627500816	0.295451228778238	0.6327864989017312	0.6212551144637454	1224.0	969.0	48.0	60.0	1.0
								d															PP1						GSM7049134:GATATGAGACACTAAC-1	GATATGAGACACTAAC-1	0.2657840033543487	0.1999587352750683	0.357277393946356	0.0	1023.0	1237.0	39.0	81.0	1.0
								d															PP1						GSM7049134:GATATGGATTACGCGG-1	GATATGGATTACGCGG-1	0.4015013289250675	0.2396442426499198	0.4526955888473589	0.3299997945053209	780.0	432.0	28.0	18.0	1.0
								d															PP1						GSM7049134:GATCATTCCAAACATT-1	GATCATTCCAAACATT-1	0.2291952216323465	0.0791863989526624	0.0988321088727618	0.4019784988510675	824.0	918.0	30.0	56.0	1.0
								d															PP1						GSM7049134:GATCCCTTTATACTGC-1	GATCCCTTTATACTGC-1	0.2167812516025631	0.1296840287337218	0.2515926293886326	0.0	779.0	969.0	28.0	60.0	1.0
								d															PP1						GSM7049134:GATCCGGGAATTAACA-1	GATCCGGGAATTAACA-1	0.3158801613846452	0.153653739805284	0.366334180952554	0.0	1024.0	1135.0	39.0	73.0	1.0
								d															PP1						GSM7049134:GATCCTAAATCGGGAC-1	GATCCTAAATCGGGAC-1	0.2471590679764163	0.1434702887041518	0.2909727229067922	0.0	757.0	1416.0	27.0	95.0	1.0
								d															PP1						GSM7049134:GATCCTCGACACTGGC-1	GATCCTCGACACTGGC-1	0.4851143190406995	0.2906344817343641	0.6675882920324643	0.7875771582733563	1268.0	612.0	50.0	32.0	1.0
								d															PP1						GSM7049134:GATCGACACTATCTGA-1	GATCGACACTATCTGA-1	0.2182960663133693	0.1179062023995899	0.267044209294891	0.3787851593140399	757.0	803.0	27.0	47.0	1.0
								d															PP1						GSM7049134:GATCGCGGGCTCTCCA-1	GATCGCGGGCTCTCCA-1	0.3404186735385162	0.1893237551062999	0.4000685736699759	0.3877921932271237	957.0	867.0	36.0	52.0	1.0
								d															PP1						GSM7049134:GATCGGATAGAACCAT-1	GATCGGATAGAACCAT-1	0.5203616840670257	0.3210933080097087	0.7153540191026847	0.9562452204321416	1069.0	369.0	41.0	13.0	1.0
								d															PP1						GSM7049134:GATCGGTGGCCATAAC-1	GATCGGTGGCCATAAC-1	0.2212927747381477	0.0875068575534673	0.2208523860223331	0.0	779.0	1071.0	28.0	68.0	1.0
								d															PP1						GSM7049134:GATCGTGACTGATATC-1	GATCGTGACTGATATC-1	0.3502297913457335	0.1693971905774814	0.4315139822060691	0.696855043918277	1001.0	1122.0	38.0	72.0	1.0
								d															PP1						GSM7049134:GATCTTTGCAGGGTAT-1	GATCTTTGCAGGGTAT-1	0.3243713610953818	0.1680450774629394	0.3085986931916073	0.2818517727925361	957.0	688.0	36.0	38.0	1.0
								d															PP1						GSM7049134:GATGCGTCCTGCATTC-1	GATGCGTCCTGCATTC-1	0.2721985953345512	0.1913302202041918	0.4410086985203708	0.2104712472247021	979.0	931.0	37.0	57.0	1.0
								d															PP1						GSM7049134:GATGCTACAAGCGCCT-1	GATGCTACAAGCGCCT-1	0.1802930210778414	0.0799417989412693	0.1609332223837815	0.0	535.0	854.0	17.0	51.0	1.0
								d															PP1						GSM7049134:GATGCTGTATTTCATC-1	GATGCTGTATTTCATC-1	0.2383001452815088	0.0986970700494645	0.3150171301089171	0.0	1112.0	1161.0	43.0	75.0	1.0
								d															PP1						GSM7049134:GATGTTCAATCCACGA-1	GATGTTCAATCCACGA-1	0.2938520691355148	0.1191420304906136	0.3484563270056347	0.6072020140264345	1068.0	752.0	41.0	43.0	1.0
								d															PP1						GSM7049134:GATGTTTGTGCGAGAT-1	GATGTTTGTGCGAGAT-1	0.2771685336803048	0.0866574181537009	0.1428102252217045	0.0	602.0	586.0	20.0	30.0	1.0
								d															PP1						GSM7049134:GATTACTGAATTTGGG-1	GATTACTGAATTTGGG-1	0.3461821452083353	0.1154200687980031	0.373128248489899	0.4232316140356615	1068.0	701.0	41.0	39.0	1.0
								d															PP1						GSM7049134:GATTCCCTTGTCGCAG-1	GATTCCCTTGTCGCAG-1	0.3043928576257683	0.2081382258430135	0.3264157448346073	0.3284339708242084	713.0	1058.0	25.0	67.0	1.0
								d															PP1						GSM7049134:GATTCCTATACGGCGC-1	GATTCCTATACGGCGC-1	0.4589193428328275	0.3149857248740908	0.6108153222498367	0.3297350290855498	713.0	496.0	25.0	23.0	1.0
								d															PP1						GSM7049134:GATTCGACGGTTCACG-1	GATTCGACGGTTCACG-1	0.3116169467281446	0.145104729261257	0.3934343591461692	0.0	1068.0	1109.0	41.0	71.0	1.0
								d															PP1						GSM7049134:GCAAATATTACGCTTT-1	GCAAATATTACGCTTT-1	0.3302316618528151	0.1674837733289709	0.4270894654424569	0.3070869794164436	935.0	726.0	35.0	41.0	1.0
								d															PP1						GSM7049134:GCAACACACTAGAACT-1	GCAACACACTAGAACT-1	0.38948489951493	0.2467340766591031	0.6013212836636193	0.7004015013699758	1180.0	407.0	46.0	16.0	1.0
								d															PP1						GSM7049134:GCAACCACGGCCGCGT-1	GCAACCACGGCCGCGT-1	0.3158322760936122	0.2321631032557676	0.4684767764560605	0.2140606886644022	1113.0	573.0	43.0	29.0	1.0
								d															PP1						GSM7049134:GCAACCCAAGTTGTTT-1	GCAACCCAAGTTGTTT-1	0.453547176674076	0.2402615821530414	0.5784436879985582	0.8297317132256721	846.0	241.0	31.0	3.0	1.0
								d															PP1						GSM7049134:GCAAGAATTCCTTGGC-1	GCAAGAATTCCTTGGC-1	0.3422000003636275	0.1929371779100636	0.4103071643509282	0.0	1135.0	663.0	44.0	36.0	1.0
								d															PP1						GSM7049134:GCAAGTGCACAGAGAA-1	GCAAGTGCACAGAGAA-1	0.2582697859580163	0.1224384784512785	0.2812066923781937	0.0	691.0	739.0	24.0	42.0	1.0
								d															PP1						GSM7049134:GCACACGCCCATGGTC-1	GCACACGCCCATGGTC-1	0.5366282482243209	0.3372575827394005	0.6973869326227197	0.6875550546881751	913.0	330.0	34.0	10.0	1.0
								d															PP1						GSM7049134:GCACGCCTACTTAGAT-1	GCACGCCTACTTAGAT-1	0.4425192185697424	0.2962123754319486	0.6542757798437515	0.9058848290527544	1379.0	701.0	55.0	39.0	1.0
								d															PP1						GSM7049134:GCAGATTAGGGATATC-1	GCAGATTAGGGATATC-1	0.3864317059182813	0.182342400241783	0.4094225613521737	0.0	979.0	982.0	37.0	61.0	1.0
								d															PP1						GSM7049134:GCAGCACACAGCCCAG-1	GCAGCACACAGCCCAG-1	0.262704958232381	0.1084519264064738	0.2283376724122557	0.0	1002.0	739.0	38.0	42.0	1.0
								d															PP1						GSM7049134:GCAGGACTATAGAATA-1	GCAGGACTATAGAATA-1	0.2441131601972117	0.1335037915242464	0.3347034110911094	0.6172568225902532	935.0	675.0	35.0	37.0	1.0
								d															PP1						GSM7049134:GCATACGAGGTCTTTA-1	GCATACGAGGTCTTTA-1	0.4727842759795972	0.3033062549824342	0.6340145521610102	0.6390298195479135	1002.0	382.0	38.0	14.0	1.0
								d															PP1						GSM7049134:GCATAGAGCACTCAGG-1	GCATAGAGCACTCAGG-1	0.3268353218424293	0.164646717990419	0.3843209082382603	0.6040672216977262	979.0	956.0	37.0	59.0	1.0
								d															PP1						GSM7049134:GCATCCCTAACTTTGA-1	GCATCCCTAACTTTGA-1	0.2793893909621278	0.1869594182659343	0.2778001955054189	0.0	513.0	739.0	16.0	42.0	1.0
								d															PP1						GSM7049134:GCATTCAAGGCAACGC-1	GCATTCAAGGCAACGC-1	0.2415497097517057	0.1055572900439385	0.283901125499084	0.0	779.0	1582.0	28.0	108.0	1.0
								d															PP1						GSM7049134:GCATTCGAAATGAACA-1	GCATTCGAAATGAACA-1	0.3933904977905809	0.2075507177140006	0.426957924210276	0.1980849194486995	780.0	381.0	28.0	14.0	1.0
								d															PP1						GSM7049134:GCATTGTAATTCATAT-1	GCATTGTAATTCATAT-1	0.389905655668423	0.2552565574198689	0.5172755987485977	0.4779967444078728	1068.0	471.0	41.0	21.0	1.0
								d															PP1						GSM7049134:GCCAACCATTTCCGGA-1	GCCAACCATTTCCGGA-1	0.2463247385282336	0.1483521581651391	0.1705058878286929	0.0	734.0	1556.0	26.0	106.0	1.0
								d															PP1						GSM7049134:GCCAATAGGGCATCTC-1	GCCAATAGGGCATCTC-1	0.2603922858635051	0.1838186717399507	0.2454871475078536	0.7302926223276361	712.0	1518.0	25.0	103.0	1.0
								d															PP1						GSM7049134:GCCACAATTTAAGGAC-1	GCCACAATTTAAGGAC-1	0.3307497192811689	0.1196294004971953	0.2924921297853603	0.6654333537892967	1157.0	701.0	45.0	39.0	1.0
								d															PP1						GSM7049134:GCCATCGAGCTGCGTG-1	GCCATCGAGCTGCGTG-1	0.4921473376273964	0.2811749731603643	0.6349155302012378	1.0574456203597078	1335.0	803.0	53.0	47.0	1.0
								d															PP1						GSM7049134:GCCCAGTTGGTATGCC-1	GCCCAGTTGGTATGCC-1	0.2216793755670082	0.1110580137149098	0.2893417094941507	0.0	646.0	688.0	22.0	38.0	1.0
								d															PP1						GSM7049134:GCCCGACTTCTTCCCG-1	GCCCGACTTCTTCCCG-1	0.4678801079150105	0.2999109331143397	0.6821372893911322	0.7855409788693869	1246.0	522.0	49.0	25.0	1.0
								d															PP1						GSM7049134:GCCCGATCTGTGGTCG-1	GCCCGATCTGTGGTCG-1	0.2833397978897713	0.1586589029362826	0.3064282537939749	0.2785519146775495	1335.0	1007.0	53.0	63.0	1.0
								d															PP1						GSM7049134:GCCCGCGCGTAAACGG-1	GCCCGCGCGTAAACGG-1	0.3681223685969758	0.2350058633118839	0.4610765148173579	0.3393369711059483	1246.0	726.0	49.0	41.0	1.0
								d															PP1						GSM7049134:GCCCGCGCGTTTGACA-1	GCCCGCGCGTTTGACA-1	0.1750570928408885	0.095082980153715	0.1260405979490975	0.4442362103122838	602.0	713.0	20.0	40.0	1.0
								d															PP1						GSM7049134:GCCGAAATTCCTACGT-1	GCCGAAATTCCTACGT-1	0.3076380843372946	0.1287777294213146	0.3108018069937589	0.0	935.0	777.0	35.0	45.0	1.0
								d															PP1						GSM7049134:GCCGATTGGCCAAGCT-1	GCCGATTGGCCAAGCT-1	0.5187912556316544	0.2817104128259153	0.5620561018491134	0.44549435463267	1068.0	982.0	41.0	61.0	1.0
								d															PP1						GSM7049134:GCCGCATTAGTCCGGC-1	GCCGCATTAGTCCGGC-1	0.4004155981381919	0.2271843731061709	0.5278824195822807	0.175693065312283	935.0	420.0	35.0	17.0	1.0
								d															PP1						GSM7049134:GCCGCTTGTGAGAAAC-1	GCCGCTTGTGAGAAAC-1	0.297615190486763	0.1656258451926938	0.3130603914468982	0.0	957.0	713.0	36.0	40.0	1.0
								d															PP1						GSM7049134:GCCGGGTTAGGGTCGC-1	GCCGGGTTAGGGTCGC-1	0.5123741290095996	0.2826637457192444	0.5670737095778082	0.629928413131548	1068.0	956.0	41.0	59.0	1.0
								d															PP1						GSM7049134:GCCTAGCGATCTGACC-1	GCCTAGCGATCTGACC-1	0.1529796460981979	0.0938475071512832	0.125273447890899	0.0	602.0	739.0	20.0	42.0	1.0
								d															PP1						GSM7049134:GCCTATTCCGATATAG-1	GCCTATTCCGATATAG-1	0.4476860500777396	0.2520863995015032	0.5158501009270948	0.4934109051881467	691.0	586.0	24.0	30.0	1.0
								d															PP1						GSM7049134:GCCTTCAGCCCTACCG-1	GCCTTCAGCCCTACCG-1	0.3133638395225295	0.1924419294553836	0.3324108342326107	0.3200452276375324	513.0	841.0	16.0	50.0	1.0
								d															PP1						GSM7049134:GCGAAACTTAACTGGA-1	GCGAAACTTAACTGGA-1	0.2902117899351612	0.111616383794909	0.2696096732011504	0.6766924547544765	1135.0	1250.0	44.0	82.0	1.0
								d															PP1						GSM7049134:GCGAAGCCATACCCGT-1	GCGAAGCCATACCCGT-1	0.2838667040483354	0.1313008124742935	0.3169912121247085	0.2938355044316759	846.0	982.0	31.0	61.0	1.0
								d															PP1						GSM7049134:GCGACGATAGTTGTAC-1	GCGACGATAGTTGTAC-1	0.3768104795842482	0.2475643970969354	0.5339768433429277	0.9846523480581288	1224.0	892.0	48.0	54.0	1.0
								d															PP1						GSM7049134:GCGAGGCCCGAGCAGA-1	GCGAGGCCCGAGCAGA-1	0.274432374745176	0.1261745264965983	0.2734868381262157	0.7054329378432473	979.0	803.0	37.0	47.0	1.0
								d															PP1						GSM7049134:GCGAGTTCTGCAAAGA-1	GCGAGTTCTGCAAAGA-1	0.4946387566380097	0.3149304318335383	0.5997582593654713	0.5280431798154106	935.0	1007.0	35.0	63.0	1.0
								d															PP1						GSM7049134:GCGATTGTTAACGTTA-1	GCGATTGTTAACGTTA-1	0.5098567051544936	0.3217129484389564	0.6299127271490563	0.6225115997265258	979.0	1186.0	37.0	77.0	1.0
								d															PP1						GSM7049134:GCGCCGTTCCACGATA-1	GCGCCGTTCCACGATA-1	0.4071533465125205	0.2095933223392444	0.4363050528502566	0.0	1068.0	1033.0	41.0	65.0	1.0
								d															PP1						GSM7049134:GCGCTAATTGAATAGA-1	GCGCTAATTGAATAGA-1	0.3188564641621703	0.1367743764052573	0.2970304241780839	0.3380958018559096	912.0	1097.0	34.0	70.0	1.0
								d															PP1						GSM7049134:GCGCTATGCCGAGGCA-1	GCGCTATGCCGAGGCA-1	0.2907174512250773	0.1509555804605803	0.3351948976317176	0.0	1113.0	803.0	43.0	47.0	1.0
								d															PP1						GSM7049134:GCGGACCGCGTTGTGG-1	GCGGACCGCGTTGTGG-1	0.4574294755685888	0.3370394869471422	0.6582948543317821	0.3561924295739478	1290.0	752.0	51.0	43.0	1.0
								d															PP1						GSM7049134:GCGGAGAAACTTCGCA-1	GCGGAGAAACTTCGCA-1	0.3815242099463593	0.2539869798554113	0.5715041376995671	0.930838630522142	1379.0	624.0	55.0	33.0	1.0
								d															PP1						GSM7049134:GCGGCTCTGACGTACC-1	GCGGCTCTGACGTACC-1	0.3015945093906808	0.1542883113070176	0.2737765546646279	0.0	1002.0	688.0	38.0	38.0	1.0
								d															PP1						GSM7049134:GCGGGAACCAGGCCCT-1	GCGGGAACCAGGCCCT-1	0.2365546532741478	0.1206106092993644	0.2622130269564179	0.0	557.0	815.0	18.0	48.0	1.0
								d															PP1						GSM7049134:GCGGGCGAGCCTTACC-1	GCGGGCGAGCCTTACC-1	0.5086232723240459	0.3034020207202061	0.6791071542723449	0.9504892281514372	1379.0	854.0	55.0	51.0	1.0
								d															PP1						GSM7049134:GCGGTCCCTAGACGCA-1	GCGGTCCCTAGACGCA-1	0.2108001727388572	0.0816014608837646	0.1695752440451371	0.927472763348913	446.0	777.0	13.0	45.0	1.0
								d															PP1						GSM7049134:GCGGTTCCCTATCATG-1	GCGGTTCCCTATCATG-1	0.3442636986302032	0.1807770183848024	0.3303799772188227	0.7491971830630099	1202.0	829.0	47.0	49.0	1.0
								d															PP1						GSM7049134:GCGTCGCCAGGGTGAT-1	GCGTCGCCAGGGTGAT-1	0.4054118395803986	0.2213538028282478	0.4677000866901084	0.4421359767848609	1357.0	995.0	54.0	62.0	1.0
								d															PP1						GSM7049134:GCGTCTCTGCATTGGG-1	GCGTCTCTGCATTGGG-1	0.2142514462635303	0.0880244071039057	0.220772038481858	0.7513511892083383	1024.0	726.0	39.0	41.0	1.0
								d															PP1						GSM7049134:GCGTGGTACTGGGTTA-1	GCGTGGTACTGGGTTA-1	0.1991049088807881	0.085065472502301	0.284755576461774	0.4303864857159428	934.0	1416.0	35.0	95.0	1.0
								d															PP1						GSM7049134:GCGTTATATTTGGAAC-1	GCGTTATATTTGGAAC-1	0.4737990852999695	0.3092826123966331	0.6039556772119387	0.7077815052003353	846.0	369.0	31.0	13.0	1.0
								d															PP1						GSM7049134:GCTAAACCTGAGGTGA-1	GCTAAACCTGAGGTGA-1	0.4229681224202219	0.2529227290170122	0.5075262776254635	0.3406097857302811	669.0	496.0	23.0	23.0	1.0
								d															PP1						GSM7049134:GCTAAGTAGTTTCTCT-1	GCTAAGTAGTTTCTCT-1	0.2598142185959211	0.1394531591708752	0.2205469549014808	0.0	912.0	1224.0	34.0	80.0	1.0
								d															PP1						GSM7049134:GCTAATACCGAATGCC-1	GCTAATACCGAATGCC-1	0.3671836554940618	0.2468067802685009	0.4126947610789587	0.4555901134800693	624.0	803.0	21.0	47.0	1.0
								d															PP1						GSM7049134:GCTACAGTACGGACCG-1	GCTACAGTACGGACCG-1	0.5167140977570466	0.3013011183681914	0.6861991432482756	0.8000490095227786	1046.0	382.0	40.0	14.0	1.0
								d															PP1						GSM7049134:GCTAGCTTGAATAGCT-1	GCTAGCTTGAATAGCT-1	0.4518693143483737	0.3646251377425941	0.6599435678450234	0.3266946366510883	1313.0	765.0	52.0	44.0	1.0
								d															PP1						GSM7049134:GCTAGTAGAGCTTGTA-1	GCTAGTAGAGCTTGTA-1	0.3605128671333357	0.1790178841437416	0.34529056108409	0.0	1024.0	1033.0	39.0	65.0	1.0
								d															PP1						GSM7049134:GCTCAATCCGTTTATT-1	GCTCAATCCGTTTATT-1	0.4791988731823511	0.2824373457441181	0.6392305745688692	0.8605568180415698	1335.0	650.0	53.0	35.0	1.0
								d															PP1						GSM7049134:GCTCCTGACATACTGG-1	GCTCCTGACATACTGG-1	0.4768193344679495	0.2848784236079707	0.6440954783793108	0.9024541268808112	1402.0	612.0	56.0	32.0	1.0
								d															PP1						GSM7049134:GCTCTAAACCCTGACG-1	GCTCTAAACCCTGACG-1	0.308059950496356	0.097778675177465	0.3010674238330876	0.3872917108512904	690.0	943.0	24.0	58.0	1.0
								d															PP1						GSM7049134:GCTCTATGTTACGTGC-1	GCTCTATGTTACGTGC-1	0.2556613328252589	0.1327828480745314	0.307012523614139	0.3316460420019709	735.0	713.0	26.0	40.0	1.0
								d															PP1						GSM7049134:GCTCTCGGGTACCGAA-1	GCTCTCGGGTACCGAA-1	0.2235376727125827	0.0640978909272019	0.2560632937451785	0.8116499476447979	735.0	943.0	26.0	58.0	1.0
								d															PP1						GSM7049134:GCTGAGGCGTGAGTAT-1	GCTGAGGCGTGAGTAT-1	0.3738959996307003	0.1836820723259718	0.4385667008690326	0.7274349069789592	1046.0	1020.0	40.0	64.0	1.0
								d															PP1						GSM7049134:GCTGCACGGTTTCTTA-1	GCTGCACGGTTTCTTA-1	0.2915628985791246	0.1228722991726147	0.2521590257130426	0.3421674934154253	1068.0	1135.0	41.0	73.0	1.0
								d															PP1						GSM7049134:GCTGCTAAGTAGTCGA-1	GCTGCTAAGTAGTCGA-1	0.5176137152930566	0.3222482436288589	0.7277564896334008	0.7876735446376844	1401.0	918.0	56.0	56.0	1.0
								d															PP1						GSM7049134:GCTGCTCTCCGGACAC-1	GCTGCTCTCCGGACAC-1	0.2982037230422012	0.1052678924901666	0.3101137751597358	0.3421674934154253	846.0	1007.0	31.0	63.0	1.0
								d															PP1						GSM7049134:GCTGGCATATTCACCT-1	GCTGGCATATTCACCT-1	0.4200568425951967	0.2642515875649161	0.4821117814526092	0.3418472772297037	846.0	598.0	31.0	31.0	1.0
								d															PP1						GSM7049134:GCTGTATTACTGGCCC-1	GCTGTATTACTGGCCC-1	0.3263152737863004	0.1454699189250609	0.3702289158414538	0.4688242813043546	1179.0	688.0	46.0	38.0	1.0
								d															PP1						GSM7049134:GCTTATGAAGCAGGAA-1	GCTTATGAAGCAGGAA-1	0.2411162552015812	0.1578989574268768	0.3573434582127754	1.0543055275255235	934.0	1339.0	35.0	89.0	1.0
								d															PP1						GSM7049134:GCTTCCGTCCCTAGAC-1	GCTTCCGTCCCTAGAC-1	0.1972558592966066	0.0848295105877885	0.2622650964837648	0.0	801.0	1186.0	29.0	77.0	1.0
								d															PP1						GSM7049134:GCTTGATGATAATCAG-1	GCTTGATGATAATCAG-1	0.3495338952756738	0.1736409637427809	0.4054585110130484	0.5495573074714125	646.0	662.0	22.0	36.0	1.0
								d															PP1						GSM7049134:GCTTGGATCGATTAGG-1	GCTTGGATCGATTAGG-1	0.2881565025627702	0.1085924991735796	0.2483788364319356	0.0	846.0	1441.0	31.0	97.0	1.0
								d															PP1						GSM7049134:GCTTTCAGAGGAGGTG-1	GCTTTCAGAGGAGGTG-1	0.2470802269722699	0.1025236737142626	0.314571667425617	0.0	890.0	1416.0	33.0	95.0	1.0
								d															PP1						GSM7049134:GGAACCGTGTAAATTG-1	GGAACCGTGTAAATTG-1	0.395796407388994	0.2494948546814261	0.5175497087449905	0.5668874966422706	1246.0	803.0	49.0	47.0	1.0
								d															PP1						GSM7049134:GGAATGCGCTAGCGTG-1	GGAATGCGCTAGCGTG-1	0.1819165231743013	0.0773560688370834	0.1978409799267824	0.4613844166807042	868.0	1250.0	32.0	82.0	1.0
								d															PP1						GSM7049134:GGACAAGTTGCAGTGA-1	GGACAAGTTGCAGTGA-1	0.49893202383188	0.262356535131655	0.6789552405482002	0.6653647762580908	891.0	292.0	33.0	7.0	1.0
								d															PP1						GSM7049134:GGACCAACAGGATAAC-1	GGACCAACAGGATAAC-1	0.2949463566247705	0.14317888380705	0.3189537948840535	0.0	1290.0	1058.0	51.0	67.0	1.0
								d															PP1						GSM7049134:GGAGAAGTCATTGGCA-1	GGAGAAGTCATTGGCA-1	0.244603248596931	0.117307227662303	0.2269461561274134	0.3691953490455198	668.0	726.0	23.0	41.0	1.0
								d															PP1						GSM7049134:GGAGACGACACCTTTG-1	GGAGACGACACCTTTG-1	0.3773435029030627	0.2380641642989845	0.5715260659276816	1.4984525827620203	1112.0	1058.0	43.0	67.0	1.0
								d															PP1						GSM7049134:GGAGGGCTTGGTTGGC-1	GGAGGGCTTGGTTGGC-1	0.1804898141828222	0.0681771390797702	0.1248616668390816	0.4780418101839126	868.0	1199.0	32.0	78.0	1.0
								d															PP1						GSM7049134:GGAGTGCCGCCCTGGA-1	GGAGTGCCGCCCTGGA-1	0.3625293573179389	0.2452007577270981	0.4877977840356581	0.7332058046489517	579.0	879.0	19.0	53.0	1.0
								d															PP1						GSM7049134:GGATCCGGAATATACT-1	GGATCCGGAATATACT-1	0.2145344918472503	0.0898492406732904	0.2416294598049601	0.3729756904557854	912.0	1250.0	34.0	82.0	1.0
								d															PP1						GSM7049134:GGATGACGCGAGTTTA-1	GGATGACGCGAGTTTA-1	0.2775416073645778	0.1031211722627975	0.2580165272500219	0.0	979.0	777.0	37.0	45.0	1.0
								d															PP1						GSM7049134:GGATGCTGGCGTTCCT-1	GGATGCTGGCGTTCCT-1	0.3858886074092181	0.2464729633022793	0.4161610132259077	0.7817511241417642	1024.0	445.0	39.0	19.0	1.0
								d															PP1						GSM7049134:GGATGTCCTTACCGCA-1	GGATGTCCTTACCGCA-1	0.2777140772322843	0.1545450030226851	0.3958331144286964	0.3044390706258036	934.0	1365.0	35.0	91.0	1.0
								d															PP1						GSM7049134:GGATTTCACTTCTATA-1	GGATTTCACTTCTATA-1	0.222845453337925	0.1145551263485032	0.264736642793062	0.3196172949524634	846.0	1262.0	31.0	83.0	1.0
								d															PP1						GSM7049134:GGCAAAGGCGCCAATA-1	GGCAAAGGCGCCAATA-1	0.4300547018147699	0.282815499002233	0.6623882513717751	1.0556540823212828	1357.0	637.0	54.0	34.0	1.0
								d															PP1						GSM7049134:GGCAAATTACTTTACT-1	GGCAAATTACTTTACT-1	0.3505267980411049	0.1588896367568067	0.3714343133953379	0.2332691597619356	1068.0	880.0	41.0	53.0	1.0
								d															PP1						GSM7049134:GGCAATAGTCAATGAG-1	GGCAATAGTCAATGAG-1	0.2115858895565158	0.0713102571215372	0.2335534695106756	0.0	824.0	1096.0	30.0	70.0	1.0
								d															PP1						GSM7049134:GGCACTCCACTGGGCA-1	GGCACTCCACTGGGCA-1	0.2210098975866758	0.107568414596011	0.2351686349008842	0.0	913.0	790.0	34.0	46.0	1.0
								d															PP1						GSM7049134:GGCAGAGAGATCGGGA-1	GGCAGAGAGATCGGGA-1	0.4359983817125994	0.2362981325372533	0.5915860558042728	0.8415597771163912	935.0	241.0	35.0	3.0	1.0
								d															PP1						GSM7049134:GGCATACAGGTAGCGG-1	GGCATACAGGTAGCGG-1	0.3228827565630182	0.1474032052942282	0.4046272180218466	0.2873984814098551	913.0	611.0	34.0	32.0	1.0
								d															PP1						GSM7049134:GGCCCTCACCCACTTA-1	GGCCCTCACCCACTTA-1	0.3622145219908556	0.2173982735131795	0.5428389643201957	0.650279786025811	980.0	496.0	37.0	23.0	1.0
								d															PP1						GSM7049134:GGCCTTTGCAACTGGC-1	GGCCTTTGCAACTGGC-1	0.5508740140468654	0.3453729597249715	0.7388440232060038	0.8182385526730308	958.0	305.0	36.0	8.0	1.0
								d															PP1						GSM7049134:GGCGCAGGACATCTTC-1	GGCGCAGGACATCTTC-1	0.2563062557438225	0.1342237332756456	0.3002617891073543	0.3123754931006748	980.0	547.0	37.0	27.0	1.0
								d															PP1						GSM7049134:GGCGCATGAATTGATG-1	GGCGCATGAATTGATG-1	0.4375951593202192	0.2116959550929355	0.3966424254074973	0.5572515019920112	1090.0	892.0	42.0	54.0	1.0
								d															PP1						GSM7049134:GGCGCGTTCGAGTTTA-1	GGCGCGTTCGAGTTTA-1	0.3630583056220406	0.1611863389926588	0.4581849378417634	0.6416681678130669	1201.0	956.0	47.0	59.0	1.0
								d															PP1						GSM7049134:GGCGGAGTAATATTAG-1	GGCGGAGTAATATTAG-1	0.2607665451172574	0.1146902125155657	0.296021428199528	0.7479624959880073	868.0	790.0	32.0	46.0	1.0
								d															PP1						GSM7049134:GGCGGTAGGATCATTG-1	GGCGGTAGGATCATTG-1	0.252914980429772	0.0789567282333537	0.2162490147442933	0.0	846.0	1084.0	31.0	69.0	1.0
								d															PP1						GSM7049134:GGCGTCCTATCCGCTG-1	GGCGTCCTATCCGCTG-1	0.3272572815039169	0.1980283012915132	0.3783971807663924	0.2216522998754357	846.0	624.0	31.0	33.0	1.0
								d															PP1						GSM7049134:GGCTATTAAGTTGTAT-1	GGCTATTAAGTTGTAT-1	0.3315327405410128	0.1379663481194275	0.3786801808206937	0.0	891.0	726.0	33.0	41.0	1.0
								d															PP1						GSM7049134:GGCTCGCGTTGAGGTA-1	GGCTCGCGTTGAGGTA-1	0.2436872632434484	0.0975429266004474	0.2619791891482056	0.4385182215359736	846.0	1390.0	31.0	93.0	1.0
								d															PP1						GSM7049134:GGCTCGTGCCACCAGC-1	GGCTCGTGCCACCAGC-1	0.2166587875831188	0.091339239806418	0.2442069357961336	0.4249834986582066	602.0	688.0	20.0	38.0	1.0
								d															PP1						GSM7049134:GGCTCTGCTCCAACGC-1	GGCTCTGCTCCAACGC-1	0.3662954167148315	0.2840985058501053	0.5028121701815976	0.5818882507277431	735.0	1122.0	26.0	72.0	1.0
								d															PP1						GSM7049134:GGGAACGGGAGGTTAG-1	GGGAACGGGAGGTTAG-1	0.2222363670818565	0.1007164524391743	0.2295752145933241	0.0	1024.0	675.0	39.0	37.0	1.0
								d															PP1						GSM7049134:GGGACCCGTATATCTT-1	GGGACCCGTATATCTT-1	0.4724608183095968	0.3068910545606808	0.6876086964519845	1.0529404502401505	1424.0	880.0	57.0	53.0	1.0
								d															PP1						GSM7049134:GGGACTGCATAGATAG-1	GGGACTGCATAGATAG-1	0.4779373249329558	0.2274214520497077	0.5090750700108987	0.3933635191218819	868.0	969.0	32.0	60.0	1.0
								d															PP1						GSM7049134:GGGAGAACTCACAGTA-1	GGGAGAACTCACAGTA-1	0.3158420464867702	0.155853816889939	0.3033950830822695	0.2869186437195211	868.0	1020.0	32.0	64.0	1.0
								d															PP1						GSM7049134:GGGAGGATGCCCGAAA-1	GGGAGGATGCCCGAAA-1	0.3431000985375838	0.1685477140774851	0.3229396659625124	0.6475838926825894	979.0	854.0	37.0	51.0	1.0
								d															PP1						GSM7049134:GGGAGTTAATGAGGCG-1	GGGAGTTAATGAGGCG-1	0.2518015970637201	0.1010840013347647	0.2441492378500859	0.3615103408226643	890.0	1160.0	33.0	75.0	1.0
								d															PP1						GSM7049134:GGGATGGTCGTAACCG-1	GGGATGGTCGTAACCG-1	0.356198138038053	0.248753970162426	0.4536647245811008	0.2970255837096758	1202.0	752.0	47.0	43.0	1.0
								d															PP1						GSM7049134:GGGCAGAGCAATCGTT-1	GGGCAGAGCAATCGTT-1	0.4572482897669612	0.2760139404271595	0.6273712987065011	1.0519361213005158	1446.0	969.0	58.0	60.0	1.0
								d															PP1						GSM7049134:GGGCCCGTCTTAAACA-1	GGGCCCGTCTTAAACA-1	0.2981724987837136	0.1398257520444367	0.3710330519143432	0.2549587221367268	1090.0	867.0	42.0	52.0	1.0
								d															PP1						GSM7049134:GGGCCCTACGAAAGGG-1	GGGCCCTACGAAAGGG-1	0.4340847058768975	0.2948658080796694	0.5558641285356312	0.3395122816500622	1002.0	407.0	38.0	16.0	1.0
								d															PP1						GSM7049134:GGGCCCTTATCTATAC-1	GGGCCCTTATCTATAC-1	0.4909843857323101	0.2632727014583513	0.6496523316513485	0.7195244853131567	891.0	267.0	33.0	5.0	1.0
								d															PP1						GSM7049134:GGGCCGGCCGAAGTAC-1	GGGCCGGCCGAAGTAC-1	0.2144888469817551	0.1170375283037233	0.2671443476779226	0.0	957.0	1275.0	36.0	84.0	1.0
								d															PP1						GSM7049134:GGGCGATATGTGTGAA-1	GGGCGATATGTGTGAA-1	0.1643973770856756	0.0860544945011131	0.2159633235136853	0.0	779.0	943.0	28.0	58.0	1.0
								d															PP1						GSM7049134:GGGCGGCAAATGAATT-1	GGGCGGCAAATGAATT-1	0.4177633625775271	0.2590816647150424	0.549344151790377	0.5091413019340135	1246.0	778.0	49.0	45.0	1.0
								d															PP1						GSM7049134:GGGCGGGTTCCCTACG-1	GGGCGGGTTCCCTACG-1	0.3031920803074748	0.1504335743922712	0.4010910387775364	0.3281462916854815	1113.0	675.0	43.0	37.0	1.0
								d															PP1						GSM7049134:GGGCGTACATTTATAT-1	GGGCGTACATTTATAT-1	0.1792534775940374	0.0871058244351823	0.1745351897003587	0.0	690.0	892.0	24.0	54.0	1.0
								d															PP1						GSM7049134:GGGCGTCACCACGTAA-1	GGGCGTCACCACGTAA-1	0.4780438912238218	0.3090937986387241	0.6618297792258296	0.9943302920493567	1224.0	841.0	48.0	50.0	1.0
								d															PP1						GSM7049134:GGGCTATGATCGATGG-1	GGGCTATGATCGATGG-1	0.4666951737591341	0.3236128082245768	0.717476173205449	1.0606086780856	1424.0	854.0	57.0	51.0	1.0
								d															PP1						GSM7049134:GGGCTGCCTAGGGCGA-1	GGGCTGCCTAGGGCGA-1	0.2732006468194931	0.1102404260893121	0.3360008835721272	0.0	890.0	1084.0	33.0	69.0	1.0
								d															PP1						GSM7049134:GGGCTGGTTAGTCGCG-1	GGGCTGGTTAGTCGCG-1	0.2434799899194906	0.1203289088562167	0.2466830005098458	0.4034605253924845	846.0	854.0	31.0	51.0	1.0
								d															PP1						GSM7049134:GGGTACTTCATGAACT-1	GGGTACTTCATGAACT-1	0.3216359015878455	0.1777784417844398	0.4552253550715484	0.2532057656579376	979.0	701.0	37.0	39.0	1.0
								d															PP1						GSM7049134:GGGTATGTATGCACTT-1	GGGTATGTATGCACTT-1	0.4973168909127521	0.2775995373874111	0.5614700760129852	0.5349537354885143	780.0	560.0	28.0	28.0	1.0
								d															PP1						GSM7049134:GGGTCACCGTGACGGT-1	GGGTCACCGTGACGGT-1	0.2152160651434488	0.0951698123456889	0.3412777393333183	0.3826947296063999	935.0	803.0	35.0	47.0	1.0
								d															PP1						GSM7049134:GGGTCGTGGCAAGTGT-1	GGGTCGTGGCAAGTGT-1	0.2305792355146308	0.1343936573712421	0.2950972228164767	0.6830440318690888	712.0	1569.0	25.0	107.0	1.0
								d															PP1						GSM7049134:GGGTGACACCTTAACT-1	GGGTGACACCTTAACT-1	0.4633043221333728	0.2631057730138434	0.5499510004080951	0.5217084522348171	1179.0	918.0	46.0	56.0	1.0
								d															PP1						GSM7049134:GGGTTAACATTTGAGT-1	GGGTTAACATTTGAGT-1	0.4792523983033833	0.2877107083310788	0.6309768940801644	0.9379791522311132	1357.0	841.0	54.0	50.0	1.0
								d															PP1						GSM7049134:GGTACAAACATGCTAT-1	GGTACAAACATGCTAT-1	0.3986021473212382	0.2266072702391719	0.4617604320206083	0.2845116280617277	1046.0	892.0	40.0	54.0	1.0
								d															PP1						GSM7049134:GGTACATCTGGGACGA-1	GGTACATCTGGGACGA-1	0.4391418503772137	0.31981870052737	0.6201318945534535	0.3852666116795009	1002.0	433.0	38.0	18.0	1.0
								d															PP1						GSM7049134:GGTACCATTAAGACGG-1	GGTACCATTAAGACGG-1	0.2120644444136965	0.1123619900794203	0.3221881204480664	0.3573270113151352	801.0	1543.0	29.0	105.0	1.0
								d															PP1						GSM7049134:GGTAGACCGTTGGGCG-1	GGTAGACCGTTGGGCG-1	0.4616989499626402	0.2651393017034749	0.616808784500122	0.7070139530824211	1335.0	880.0	53.0	53.0	1.0
								d															PP1						GSM7049134:GGTAGTGCTCGCACCA-1	GGTAGTGCTCGCACCA-1	0.3242399988714	0.1732519425065514	0.3455541600038583	0.2778892497241314	912.0	1122.0	34.0	72.0	1.0
								d															PP1						GSM7049134:GGTATTGCCGAGTTTA-1	GGTATTGCCGAGTTTA-1	0.274171304852071	0.1049899794774442	0.2294528162205428	0.0	890.0	879.0	33.0	53.0	1.0
								d															PP1						GSM7049134:GGTCAGTGGGTCCCAC-1	GGTCAGTGGGTCCCAC-1	0.4169660551245275	0.2348069593466874	0.5122876145562337	0.6348084802500588	1224.0	995.0	48.0	62.0	1.0
								d															PP1						GSM7049134:GGTCGGATAAACGGCG-1	GGTCGGATAAACGGCG-1	0.2247620134725267	0.1841536402685692	0.3030886924682181	0.3166654839041548	668.0	1441.0	23.0	97.0	1.0
								d															PP1						GSM7049134:GGTCGGCCAGGAGCTT-1	GGTCGGCCAGGAGCTT-1	0.2186184323361679	0.0756148180587992	0.1770824207239116	0.0	868.0	1275.0	32.0	84.0	1.0
								d															PP1						GSM7049134:GGTCGGTCGTCCACAG-1	GGTCGGTCGTCCACAG-1	0.532156122334717	0.3194173676301674	0.7128297705190272	1.0508283573856392	1401.0	867.0	56.0	52.0	1.0
								d															PP1						GSM7049134:GGTCGTAAGCTCGCAC-1	GGTCGTAAGCTCGCAC-1	0.4656903611383658	0.2790059613643939	0.6379947991903793	0.8158708938086007	1246.0	446.0	49.0	19.0	1.0
								d															PP1						GSM7049134:GGTCTCTGAATGGACT-1	GGTCTCTGAATGGACT-1	0.4834155786959163	0.278975778574232	0.6454306010776341	0.6905786748297597	1313.0	637.0	52.0	34.0	1.0
								d															PP1						GSM7049134:GGTCTGAGAATCTGGA-1	GGTCTGAGAATCTGGA-1	0.146349867958333	0.0645604424701078	0.1186659856623213	0.0	823.0	1224.0	30.0	80.0	1.0
								d															PP1						GSM7049134:GGTGAAGTACAGGGAT-1	GGTGAAGTACAGGGAT-1	0.3631982498762983	0.2285412602622505	0.3854383100401465	0.2139451287587941	1202.0	675.0	47.0	37.0	1.0
								d															PP1						GSM7049134:GGTGATAAGGAGCAGT-1	GGTGATAAGGAGCAGT-1	0.2651106858786097	0.1398147651910527	0.3195998607253865	0.3135848691219898	979.0	1211.0	37.0	79.0	1.0
								d															PP1						GSM7049134:GGTGCGGATAAGTGGC-1	GGTGCGGATAAGTGGC-1	0.2150462013559943	0.1098956846853379	0.2085831282004304	0.0	513.0	790.0	16.0	46.0	1.0
								d															PP1						GSM7049134:GGTGCTGATCACAAAG-1	GGTGCTGATCACAAAG-1	0.365457524260496	0.2069316232287205	0.4295025500317331	0.0	757.0	471.0	27.0	21.0	1.0
								d															PP1						GSM7049134:GGTGCTGGTACACATT-1	GGTGCTGGTACACATT-1	0.3578734458498471	0.1700646802036257	0.4374136544854116	0.3781743771792028	1090.0	790.0	42.0	46.0	1.0
								d															PP1						GSM7049134:GGTTACCACCCTCGGG-1	GGTTACCACCCTCGGG-1	0.3217527712360391	0.134905241673552	0.3642632594524285	0.2577065757283785	1157.0	624.0	45.0	33.0	1.0
								d															PP1						GSM7049134:GGTTAGGCTTGGAGAA-1	GGTTAGGCTTGGAGAA-1	0.328017493839418	0.1788148622155786	0.4155286008936383	0.522810193611608	780.0	662.0	28.0	36.0	1.0
								d															PP1						GSM7049134:GGTTAGTTACGGCGCC-1	GGTTAGTTACGGCGCC-1	0.3826411036148564	0.27085953261132	0.5308515351380743	0.3914753673415055	757.0	496.0	27.0	23.0	1.0
								d															PP1						GSM7049134:GGTTCGGATTATACTA-1	GGTTCGGATTATACTA-1	0.3816796048915639	0.2326701692451309	0.5040482966630168	0.6649587962637661	1024.0	292.0	39.0	7.0	1.0
								d															PP1						GSM7049134:GGTTGTGTAGCCTGGC-1	GGTTGTGTAGCCTGGC-1	0.4714208029142456	0.3297595674132137	0.6013319022895259	0.8730496976769677	891.0	369.0	33.0	13.0	1.0
								d															PP1						GSM7049134:GGTTTCAATCGGTCAG-1	GGTTTCAATCGGTCAG-1	0.1715564372172888	0.0663495860956594	0.1204281557291747	0.0	890.0	1365.0	33.0	91.0	1.0
								d															PP1						GSM7049134:GTAAGCGGGCAGTCAG-1	GTAAGCGGGCAGTCAG-1	0.2517254151649174	0.1529232673930546	0.3054597825622428	0.0	668.0	1007.0	23.0	63.0	1.0
								d															PP1						GSM7049134:GTAAGTAACAGTCTGG-1	GTAAGTAACAGTCTGG-1	0.2946908933796475	0.1254285614352876	0.2709535323882697	0.654460909124458	1046.0	1250.0	40.0	82.0	1.0
								d															PP1						GSM7049134:GTAAGTAGGGTATACC-1	GTAAGTAGGGTATACC-1	0.3880273356991635	0.2306711472575223	0.4553311638998117	0.0	735.0	662.0	26.0	36.0	1.0
								d															PP1						GSM7049134:GTAATCTGATTCTTCG-1	GTAATCTGATTCTTCG-1	0.4242078397349835	0.3184375022557182	0.6415196501980873	0.4471461672012888	1268.0	765.0	50.0	44.0	1.0
								d															PP1						GSM7049134:GTACACTTACCTGAAG-1	GTACACTTACCTGAAG-1	0.515303858075148	0.2882873868239997	0.5272641508096072	0.3922993009223638	957.0	1020.0	36.0	64.0	1.0
								d															PP1						GSM7049134:GTACAGAGGCAAGGGT-1	GTACAGAGGCAAGGGT-1	0.2883783153651938	0.17987227787201	0.4321854728497559	0.4151240095676957	979.0	1263.0	37.0	83.0	1.0
								d															PP1						GSM7049134:GTACGAGATTGCGACA-1	GTACGAGATTGCGACA-1	0.2585765585819834	0.101939884046094	0.24247829467236	0.4545702014950685	624.0	930.0	21.0	57.0	1.0
								d															PP1						GSM7049134:GTACGCTTCATTGCAC-1	GTACGCTTCATTGCAC-1	0.3348114571938824	0.1932382351276872	0.4165097659339588	0.2511982530748246	1179.0	1122.0	46.0	72.0	1.0
								d															PP1						GSM7049134:GTACGTTTGCCCGTCA-1	GTACGTTTGCCCGTCA-1	0.3985053292403283	0.2396697618399579	0.4434538910015695	0.7105094305875088	1135.0	1071.0	44.0	68.0	1.0
								d															PP1						GSM7049134:GTACTAAGATTTGGAG-1	GTACTAAGATTTGGAG-1	0.2792640802800459	0.1001174492998877	0.2963004429132644	0.0	757.0	905.0	27.0	55.0	1.0
								d															PP1						GSM7049134:GTACTCCCTTATCGCT-1	GTACTCCCTTATCGCT-1	0.353059196831723	0.2536083709374072	0.3954155434611597	0.0	957.0	560.0	36.0	28.0	1.0
								d															PP1						GSM7049134:GTACTCCTGGGTATGC-1	GTACTCCTGGGTATGC-1	0.3183044259626976	0.2511746391713264	0.469473522076076	0.2359088145397445	734.0	1505.0	26.0	102.0	1.0
								d															PP1						GSM7049134:GTACTGGAGTTAGACC-1	GTACTGGAGTTAGACC-1	0.1704785746505156	0.0764368538556653	0.1849803724657009	0.8236440815996487	890.0	1237.0	33.0	81.0	1.0
								d															PP1						GSM7049134:GTAGAGGGAGACAAGT-1	GTAGAGGGAGACAAGT-1	0.4801687146028348	0.2768972814623847	0.6432920882989822	0.806035758230079	1291.0	599.0	51.0	31.0	1.0
								d															PP1						GSM7049134:GTAGCGGCTATACACT-1	GTAGCGGCTATACACT-1	0.3796576290362029	0.2181594614190939	0.3983648823051893	0.4589273060957506	1024.0	1084.0	39.0	69.0	1.0
								d															PP1						GSM7049134:GTAGCTTCCTCTTGTT-1	GTAGCTTCCTCTTGTT-1	0.1888284562433697	0.0808775296227923	0.2243829276983001	0.0	846.0	1339.0	31.0	89.0	1.0
								d															PP1						GSM7049134:GTATAGGACTCAGTAG-1	GTATAGGACTCAGTAG-1	0.1883544744624695	0.1150756059972799	0.2712291887773954	0.0	602.0	943.0	20.0	58.0	1.0
								d															PP1						GSM7049134:GTATTCTGAGAAACGA-1	GTATTCTGAGAAACGA-1	0.4026165824861267	0.2607100107642633	0.482735050045419	0.7425723266361585	1224.0	688.0	48.0	38.0	1.0
								d															PP1						GSM7049134:GTCAAGCGGACTCGGG-1	GTCAAGCGGACTCGGG-1	0.3485293028879667	0.1407254950844124	0.2932958419016755	0.6373204315746379	1023.0	1186.0	39.0	77.0	1.0
								d															PP1						GSM7049134:GTCACTCTCCAAATCT-1	GTCACTCTCCAAATCT-1	0.4186829463277418	0.2618869268293835	0.520652800167986	0.1457878347740092	668.0	598.0	23.0	31.0	1.0
								d															PP1						GSM7049134:GTCAGAATAGTCTATG-1	GTCAGAATAGTCTATG-1	0.3862662267648223	0.2274016195487955	0.5484986092450688	0.2036641115965266	824.0	611.0	30.0	32.0	1.0
								d															PP1						GSM7049134:GTCAGTTTGGTAGTCG-1	GTCAGTTTGGTAGTCG-1	0.4221193988001747	0.2401856825019431	0.4723913520096325	0.5555359950452005	802.0	369.0	29.0	13.0	1.0
								d															PP1						GSM7049134:GTCATGCACCTCCGTT-1	GTCATGCACCTCCGTT-1	0.2308539400084293	0.0940060690689631	0.21928983694547	0.0	801.0	981.0	29.0	61.0	1.0
								d															PP1						GSM7049134:GTCATGGACATGACTA-1	GTCATGGACATGACTA-1	0.2222069248400266	0.0942876027643427	0.3199286859681752	0.0	735.0	994.0	26.0	62.0	1.0
								d															PP1						GSM7049134:GTCATTAGAGCGAACG-1	GTCATTAGAGCGAACG-1	0.3403964104203888	0.0918877756188816	0.3491249298655808	0.3496459474169255	979.0	1058.0	37.0	67.0	1.0
								d															PP1						GSM7049134:GTCATTGCATTGACCC-1	GTCATTGCATTGACCC-1	0.4237141437710878	0.3174200262630777	0.5292722940760658	0.4725439330778583	846.0	420.0	31.0	17.0	1.0
								d															PP1						GSM7049134:GTCCCAACGTAAAGTA-1	GTCCCAACGTAAAGTA-1	0.2740063820791745	0.1113389533959992	0.2818328093073188	0.3473258804017329	890.0	1135.0	33.0	73.0	1.0
								d															PP1						GSM7049134:GTCCGAGAGCAATCAT-1	GTCCGAGAGCAATCAT-1	0.4259309262384741	0.2294414791837903	0.5495579133420883	0.8149352727025585	869.0	305.0	32.0	8.0	1.0
								d															PP1						GSM7049134:GTCCGGCTGAATTGCG-1	GTCCGGCTGAATTGCG-1	0.242051995088851	0.0999206145619697	0.2394903469202263	0.0	779.0	867.0	28.0	52.0	1.0
								d															PP1						GSM7049134:GTCGCCGTTGTGTGTT-1	GTCGCCGTTGTGTGTT-1	0.358384658818389	0.2383490373916015	0.5375350566004459	0.8708007304847001	1424.0	752.0	57.0	43.0	1.0
								d															PP1						GSM7049134:GTCGCGTAACCCGTTG-1	GTCGCGTAACCCGTTG-1	0.2598571219251104	0.1424527506194393	0.2524316191070313	0.0	1024.0	1160.0	39.0	75.0	1.0
								d															PP1						GSM7049134:GTCGGATATCTCAGAC-1	GTCGGATATCTCAGAC-1	0.2968579007558534	0.1154935402137337	0.2359129085466108	0.3482757727074913	868.0	662.0	32.0	36.0	1.0
								d															PP1						GSM7049134:GTCGTACCTACGATTG-1	GTCGTACCTACGATTG-1	0.5043633991189964	0.3203716796126394	0.7022826857173192	0.8016001502062062	980.0	318.0	37.0	9.0	1.0
								d															PP1						GSM7049134:GTCGTGTCTGGTCATC-1	GTCGTGTCTGGTCATC-1	0.0907460697547038	0.0138207403308419	0.0	0.7078193440866898	779.0	1607.0	28.0	110.0	1.0
								d															PP1						GSM7049134:GTCGTTATTCGCTTAT-1	GTCGTTATTCGCTTAT-1	0.2141039618625757	0.0735588979164501	0.1510949311509712	0.0	1179.0	1173.0	46.0	76.0	1.0
								d															PP1						GSM7049134:GTCTACTCAATTACAA-1	GTCTACTCAATTACAA-1	0.4688131099900406	0.375762372216796	0.6395298803705601	0.2961121017764731	980.0	369.0	37.0	13.0	1.0
								d															PP1						GSM7049134:GTCTATCTGAGTTTCT-1	GTCTATCTGAGTTTCT-1	0.2978276726702107	0.1124421222508961	0.3009659458426414	0.3368515644936152	1046.0	739.0	40.0	42.0	1.0
								d															PP1						GSM7049134:GTCTCGACTAAGTTTG-1	GTCTCGACTAAGTTTG-1	0.2523125312236134	0.1399000314969083	0.315971745779475	0.0	712.0	1620.0	25.0	111.0	1.0
								d															PP1						GSM7049134:GTCTGGGCGGTCGAGA-1	GTCTGGGCGGTCGAGA-1	0.4142860255066979	0.2764563899491388	0.5510023569880842	0.0	1179.0	765.0	46.0	44.0	1.0
								d															PP1						GSM7049134:GTGACTTCAGTAGTGC-1	GTGACTTCAGTAGTGC-1	0.3162640564787451	0.200373247902876	0.4014937353576437	0.2457814836401076	1179.0	841.0	46.0	50.0	1.0
								d															PP1						GSM7049134:GTGAGCGTGCTGCACT-1	GTGAGCGTGCTGCACT-1	0.3469226231733807	0.2015070339548222	0.3089248488501674	0.5683219287300273	891.0	522.0	33.0	25.0	1.0
								d															PP1						GSM7049134:GTGAGGACACTTAAGG-1	GTGAGGACACTTAAGG-1	0.2313566631605608	0.1007946883678954	0.2168361977952189	0.0	1068.0	1186.0	41.0	77.0	1.0
								d															PP1						GSM7049134:GTGAGTGGTACAACGC-1	GTGAGTGGTACAACGC-1	0.4122241499168529	0.2710900634636287	0.547427840724513	0.5236907262061606	1313.0	918.0	52.0	56.0	1.0
								d															PP1						GSM7049134:GTGATCATAGATCTGC-1	GTGATCATAGATCTGC-1	0.4853450535626311	0.2693273436774924	0.5667407313070947	0.675499677016366	1157.0	931.0	45.0	57.0	1.0
								d															PP1						GSM7049134:GTGATTCGCCGCTCAA-1	GTGATTCGCCGCTCAA-1	0.3724624730296461	0.2727152618871234	0.5302379408742822	0.1360531145764759	1224.0	714.0	48.0	40.0	1.0
								d															PP1						GSM7049134:GTGCCATCACACGGTG-1	GTGCCATCACACGGTG-1	0.2670160924824497	0.1189136965570813	0.2422598927612283	0.3283763782744482	1091.0	637.0	42.0	34.0	1.0
								d															PP1						GSM7049134:GTGCCGCTTCAAAGGT-1	GTGCCGCTTCAAAGGT-1	0.2351771892946551	0.1223415227848516	0.1653774088183846	0.0	1135.0	765.0	44.0	44.0	1.0
								d															PP1						GSM7049134:GTGCGAAATCGAACAC-1	GTGCGAAATCGAACAC-1	0.3107656514449596	0.1596115160737264	0.3251271908575898	0.2940907621564122	1157.0	752.0	45.0	43.0	1.0
								d															PP1						GSM7049134:GTGCGGGTCTCCAAAT-1	GTGCGGGTCTCCAAAT-1	0.23660964988738	0.1071515399668217	0.2728962765465567	0.4115948232488324	602.0	917.0	20.0	56.0	1.0
								d															PP1						GSM7049134:GTGCTCAAGTACTGTC-1	GTGCTCAAGTACTGTC-1	0.2689155982231989	0.1141828956342679	0.2856931484186433	0.0	913.0	867.0	34.0	52.0	1.0
								d															PP1						GSM7049134:GTGCTGCAGATAAGGA-1	GTGCTGCAGATAAGGA-1	0.492521881405467	0.2814709522634511	0.6683604180067774	0.8461348685639162	980.0	292.0	37.0	7.0	1.0
								d															PP1						GSM7049134:GTGGACCAACCCGATT-1	GTGGACCAACCCGATT-1	0.4117454862188732	0.184303082916021	0.5215017105434953	0.2969381476478433	1157.0	573.0	45.0	29.0	1.0
								d															PP1						GSM7049134:GTGGACGTGCTGAGAC-1	GTGGACGTGCTGAGAC-1	0.1768170849951559	0.0721276236102406	0.1242748755963544	0.0	535.0	700.0	17.0	39.0	1.0
								d															PP1						GSM7049134:GTGGAGTCGGCGGTTG-1	GTGGAGTCGGCGGTTG-1	0.4957273100822649	0.2975782273553221	0.6988292393888459	0.8350863109173055	1357.0	688.0	54.0	38.0	1.0
								d															PP1						GSM7049134:GTGGCGGTCCCAGCGT-1	GTGGCGGTCCCAGCGT-1	0.3590380503131534	0.2692721384002806	0.4260495549930762	0.2655670173963019	1046.0	458.0	40.0	20.0	1.0
								d															PP1						GSM7049134:GTGGGAAGACTGAATC-1	GTGGGAAGACTGAATC-1	0.4857405883563788	0.2793682011687478	0.6670189120029479	0.8756648530792511	1157.0	394.0	45.0	15.0	1.0
								d															PP1						GSM7049134:GTGGGCTTAGACACAC-1	GTGGGCTTAGACACAC-1	0.3037402663374397	0.150724440165942	0.3507519569012168	0.701677886709122	802.0	701.0	29.0	39.0	1.0
								d															PP1						GSM7049134:GTGGTATAGTCTGCCG-1	GTGGTATAGTCTGCCG-1	0.4048069122188559	0.2515260484421123	0.5492504907179346	1.0191125459699424	1424.0	727.0	57.0	41.0	1.0
								d															PP1						GSM7049134:GTGGTGGCCAAGTGAA-1	GTGGTGGCCAAGTGAA-1	0.233554991291865	0.1116326007974973	0.2227113774364248	0.4523750192177604	1157.0	1212.0	45.0	79.0	1.0
								d															PP1						GSM7049134:GTGGTTTCCGCCTTTC-1	GTGGTTTCCGCCTTTC-1	0.259078523520317	0.1310754209923239	0.3186470313720912	0.5752783874572255	1091.0	611.0	42.0	32.0	1.0
								d															PP1						GSM7049134:GTGTGAATAACTTAGG-1	GTGTGAATAACTTAGG-1	0.1735730828789099	0.0761549680461154	0.0928254767816712	0.0	890.0	1262.0	33.0	83.0	1.0
								d															PP1						GSM7049134:GTGTTACTATGCGTCC-1	GTGTTACTATGCGTCC-1	0.2936848754313978	0.1235633856602208	0.3988346501449883	0.3675873076908493	1068.0	1160.0	41.0	75.0	1.0
								d															PP1						GSM7049134:GTTACAATTGGTGACG-1	GTTACAATTGGTGACG-1	0.3208819801782056	0.1983269843000373	0.445826049119684	0.237428973531907	979.0	624.0	37.0	33.0	1.0
								d															PP1						GSM7049134:GTTACCTACAACTTGC-1	GTTACCTACAACTTGC-1	0.3187374861340318	0.1658238462463881	0.3592186077476059	0.3063240715526437	1201.0	1058.0	47.0	67.0	1.0
								d															PP1						GSM7049134:GTTACTTTGGGCCTAG-1	GTTACTTTGGGCCTAG-1	0.3896492143172922	0.179524508301719	0.3913970802550852	0.2653060326415581	1113.0	854.0	43.0	51.0	1.0
								d															PP1						GSM7049134:GTTATATTATCTCCCT-1	GTTATATTATCTCCCT-1	0.4848238220654623	0.2621095245143053	0.6075052404266503	0.5003818339869198	1224.0	918.0	48.0	56.0	1.0
								d															PP1						GSM7049134:GTTCACAGGAGTCTAG-1	GTTCACAGGAGTCTAG-1	0.3103325157854327	0.193527303148399	0.4440380719581849	0.5664627356404831	868.0	637.0	32.0	34.0	1.0
								d															PP1						GSM7049134:GTTCCAGTCTGACCAT-1	GTTCCAGTCTGACCAT-1	0.3747524035011371	0.1984221083513629	0.4814163224886454	0.2999502017564973	535.0	879.0	17.0	53.0	1.0
								d															PP1						GSM7049134:GTTCGCCATAAGTGCC-1	GTTCGCCATAAGTGCC-1	0.4482020837789483	0.2681503751767111	0.5094741109484332	0.0	979.0	879.0	37.0	53.0	1.0
								d															PP1						GSM7049134:GTTCTTCCCTCGATGT-1	GTTCTTCCCTCGATGT-1	0.3385847014887974	0.2585741051563032	0.4365684205765075	0.2198281630921953	491.0	854.0	15.0	51.0	1.0
								d															PP1						GSM7049134:GTTGAACCGGTTCCAT-1	GTTGAACCGGTTCCAT-1	0.2758430989351993	0.1094367014220638	0.3081863427635214	0.9879038490511975	1091.0	714.0	42.0	40.0	1.0
								d															PP1						GSM7049134:GTTGCACGGAGTTTCG-1	GTTGCACGGAGTTTCG-1	0.2471816501525116	0.0732171769959699	0.1858945185536227	0.4210136467454756	691.0	815.0	24.0	48.0	1.0
								d															PP1						GSM7049134:GTTGGATTGAGAACAC-1	GTTGGATTGAGAACAC-1	0.2294012274564764	0.1140239908579563	0.2829290613751891	0.0	868.0	1326.0	32.0	88.0	1.0
								d															PP1						GSM7049134:GTTGGATTTGCGTTGG-1	GTTGGATTTGCGTTGG-1	0.3305549113669559	0.1279326266889016	0.3071767729697717	0.5814699314694388	957.0	841.0	36.0	50.0	1.0
								d															PP1						GSM7049134:GTTGGTCATGCTATCC-1	GTTGGTCATGCTATCC-1	0.423759383795137	0.2433671126853686	0.5258807842776568	0.3170506586979043	1379.0	1007.0	55.0	63.0	1.0
								d															PP1						GSM7049134:GTTGTCGTGTTAGTTG-1	GTTGTCGTGTTAGTTG-1	0.2129988517717659	0.091879658301675	0.1736761066011317	0.0	491.0	802.0	15.0	47.0	1.0
								d															PP1						GSM7049134:GTTTACGTTCCATCTG-1	GTTTACGTTCCATCTG-1	0.3578871385820444	0.1684483022987457	0.3880184156600627	0.6770369572442735	1224.0	1020.0	48.0	64.0	1.0
								d															PP1						GSM7049134:GTTTCATATCGTCGCT-1	GTTTCATATCGTCGCT-1	0.3998127148069248	0.1696072641054306	0.4721071755659403	0.630931013338507	1024.0	548.0	39.0	27.0	1.0
								d															PP1						GSM7049134:GTTTCCTGGAGGGTGA-1	GTTTCCTGGAGGGTGA-1	0.2210716618827831	0.1615898009851054	0.2962567348999306	0.3635025924213581	713.0	828.0	25.0	49.0	1.0
								d															PP1						GSM7049134:GTTTCTGCAGTCTCCC-1	GTTTCTGCAGTCTCCC-1	0.2656816490158986	0.1081924947344216	0.2547128253029178	0.4637363816744565	1046.0	1122.0	40.0	72.0	1.0
								d															PP1						GSM7049134:GTTTGACCAAATCCTA-1	GTTTGACCAAATCCTA-1	0.2942646917464592	0.1066846176703981	0.3511411850073025	0.3504756199844872	824.0	943.0	30.0	58.0	1.0
								d															PP1						GSM7049134:GTTTGGGCTTGTGAGC-1	GTTTGGGCTTGTGAGC-1	0.2724134375861207	0.1626518509920806	0.2738989789856831	0.310683882402758	1290.0	1033.0	51.0	65.0	1.0
								d															PP1						GSM7049134:GTTTGGTAGGGTCAAC-1	GTTTGGTAGGGTCAAC-1	0.3100314431166334	0.1979656487868176	0.5020155872709344	0.6304350890044041	1335.0	956.0	53.0	59.0	1.0
								d															PP1						GSM7049134:TAAACCCAGGAGGGCA-1	TAAACCCAGGAGGGCA-1	0.4893714342384009	0.2762241988006464	0.6431994920985622	0.8459748931430021	1357.0	663.0	54.0	36.0	1.0
								d															PP1						GSM7049134:TAAATGAATCCGTTTC-1	TAAATGAATCCGTTTC-1	0.5225591474171889	0.3076445161927013	0.5713308974965512	0.4235350333580043	668.0	573.0	23.0	29.0	1.0
								d															PP1						GSM7049134:TAACAAAGGGAGAAGC-1	TAACAAAGGGAGAAGC-1	0.3114316759060065	0.1840585239587864	0.3929664843016195	0.0	624.0	649.0	21.0	35.0	1.0
								d															PP1						GSM7049134:TAACAATATTTGTTGC-1	TAACAATATTTGTTGC-1	0.3912330395275435	0.1842509864445869	0.4980111521610028	0.6633056370040704	780.0	407.0	28.0	16.0	1.0
								d															PP1						GSM7049134:TAACATACAATGTGGG-1	TAACATACAATGTGGG-1	0.3468253401945909	0.162895926966111	0.4264913594294277	0.2690204519916725	1001.0	1097.0	38.0	70.0	1.0
								d															PP1						GSM7049134:TAACATACACGCGATC-1	TAACATACACGCGATC-1	0.4274195796295912	0.2661687013556169	0.6032464780949908	0.6126936319407773	1379.0	522.0	55.0	25.0	1.0
								d															PP1						GSM7049134:TAACGCTTTGAGAGCG-1	TAACGCTTTGAGAGCG-1	0.4972163696185399	0.3027234004355882	0.5739799020525265	0.2624025990318206	757.0	573.0	27.0	29.0	1.0
								d															PP1						GSM7049134:TAACTATCGAAGGTCC-1	TAACTATCGAAGGTCC-1	0.4577485798372383	0.2506107611264506	0.4737737840506708	0.1894400386449992	691.0	637.0	24.0	34.0	1.0
								d															PP1						GSM7049134:TAACTATTACGCCAAA-1	TAACTATTACGCCAAA-1	0.2420932407362087	0.0879069773954277	0.277322261166153	0.0	801.0	1569.0	29.0	107.0	1.0
								d															PP1						GSM7049134:TAACTCATCCGCGCGG-1	TAACTCATCCGCGCGG-1	0.3403592991593836	0.134466094730347	0.3730171688793421	0.3250837614045184	1113.0	829.0	43.0	49.0	1.0
								d															PP1						GSM7049134:TAAGCAGGCGACACGC-1	TAAGCAGGCGACACGC-1	0.3743029838608139	0.2190605794780137	0.5115276328436982	0.4858725293927927	935.0	445.0	35.0	19.0	1.0
								d															PP1						GSM7049134:TAAGGAACTTGTGGGA-1	TAAGGAACTTGTGGGA-1	0.1849249940425976	0.0972495399883993	0.2375604466961384	0.0	513.0	713.0	16.0	40.0	1.0
								d															PP1						GSM7049134:TAAGGCATAACATCAA-1	TAAGGCATAACATCAA-1	0.4225483237362203	0.29651285448111	0.6851832905003004	1.019914107789784	1424.0	829.0	57.0	49.0	1.0
								d															PP1						GSM7049134:TAAGGGCTGGGAGAGG-1	TAAGGGCTGGGAGAGG-1	0.4123876859283375	0.2122805680805169	0.5081028922528464	0.6134548139491584	913.0	433.0	34.0	18.0	1.0
								d															PP1						GSM7049134:TAAGTAACATCTTGAC-1	TAAGTAACATCTTGAC-1	0.3553238361878088	0.1754661773927041	0.3605514620191691	0.0	1179.0	714.0	46.0	40.0	1.0
								d															PP1						GSM7049134:TAAGTCGCCGAGTATC-1	TAAGTCGCCGAGTATC-1	0.3792419784392972	0.278561194613414	0.6222910309259287	1.001270412427915	1357.0	612.0	54.0	32.0	1.0
								d															PP1						GSM7049134:TAATACACAGTAGTAT-1	TAATACACAGTAGTAT-1	0.2788355473407253	0.1315296866996723	0.2438496045044334	0.7572206858386854	601.0	1020.0	20.0	64.0	1.0
								d															PP1						GSM7049134:TAATAGAACAGAGTTA-1	TAATAGAACAGAGTTA-1	0.4595595197237728	0.2885196119616616	0.6178240692429643	0.8818423287939154	1268.0	688.0	50.0	38.0	1.0
								d															PP1						GSM7049134:TAATATTGAAATTCGC-1	TAATATTGAAATTCGC-1	0.2172459306101008	0.1109541269913826	0.1611889466838048	0.0	535.0	803.0	17.0	47.0	1.0
								d															PP1						GSM7049134:TAATCGATCCGTACGT-1	TAATCGATCCGTACGT-1	0.3795082163687907	0.2039529302965205	0.4892480074172211	0.2557872231227895	712.0	1390.0	25.0	93.0	1.0
								d															PP1						GSM7049134:TACAACGCACAACTCA-1	TACAACGCACAACTCA-1	0.3090729428378724	0.1731891543412882	0.3243688097764247	0.0	1068.0	828.0	41.0	49.0	1.0
								d															PP1						GSM7049134:TACAAGTCTCGTGCAT-1	TACAAGTCTCGTGCAT-1	0.3496922963207423	0.2279561872674647	0.3532392893905986	0.3148071860367414	846.0	547.0	31.0	27.0	1.0
								d															PP1						GSM7049134:TACATAGGCATACACC-1	TACATAGGCATACACC-1	0.4768173646501366	0.2805242894850714	0.5928772026749429	0.401411276061155	1046.0	969.0	40.0	60.0	1.0
								d															PP1						GSM7049134:TACATCCCTATCCCTG-1	TACATCCCTATCCCTG-1	0.4791207380159182	0.2742951145117641	0.6580072163186204	0.5531208102646316	1135.0	382.0	44.0	14.0	1.0
								d															PP1						GSM7049134:TACATTTCTAACGTGC-1	TACATTTCTAACGTGC-1	0.3700916391891471	0.2793896116008947	0.4720528382591124	0.1998392928536185	1024.0	905.0	39.0	55.0	1.0
								d															PP1						GSM7049134:TACCAGAAGTAGGTTC-1	TACCAGAAGTAGGTTC-1	0.4917622068492757	0.3256354274551444	0.6423699280541775	0.653179435144926	1246.0	854.0	49.0	51.0	1.0
								d															PP1						GSM7049134:TACCGCGGACTTGCAG-1	TACCGCGGACTTGCAG-1	0.2736468846513049	0.1261445006985233	0.25937253422244	0.0	890.0	1441.0	33.0	97.0	1.0
								d															PP1						GSM7049134:TACCGGCTCACTGCCC-1	TACCGGCTCACTGCCC-1	0.3731545231255151	0.2182194506583798	0.3237153396989811	0.4765456231112668	1201.0	1033.0	47.0	65.0	1.0
								d															PP1						GSM7049134:TACCGGTCGTTTCCAT-1	TACCGGTCGTTTCCAT-1	0.3267260333110601	0.1467000049210403	0.3889435792547978	0.2836951693644226	1135.0	637.0	44.0	34.0	1.0
								d															PP1						GSM7049134:TACCGTAGGTTAACTA-1	TACCGTAGGTTAACTA-1	0.4602233729955404	0.2368458860743134	0.5713581951044094	0.8688794742233157	1468.0	931.0	59.0	57.0	1.0
								d															PP1						GSM7049134:TACCTGCTGCACTGTG-1	TACCTGCTGCACTGTG-1	0.4213178917737836	0.2752675768799648	0.6091790115497178	0.6910780866124424	780.0	483.0	28.0	22.0	1.0
								d															PP1						GSM7049134:TACCTTAAGATTTCCC-1	TACCTTAAGATTTCCC-1	0.4939799853836699	0.2940216101360055	0.6996270336276492	0.7399568243190232	1246.0	573.0	49.0	29.0	1.0
								d															PP1						GSM7049134:TACGAACACGACTTCA-1	TACGAACACGACTTCA-1	0.2760112453006294	0.1144623216082856	0.2830735818972726	0.3876668847723476	846.0	879.0	31.0	53.0	1.0
								d															PP1						GSM7049134:TACGACGCTTGCTGCG-1	TACGACGCTTGCTGCG-1	0.3588667368660315	0.1868441254103126	0.459832820032432	0.4594740399660924	1179.0	892.0	46.0	54.0	1.0
								d															PP1						GSM7049134:TACGACTGCCTCTTAG-1	TACGACTGCCTCTTAG-1	0.4694468959380403	0.2751717518877979	0.6499644862745998	0.9072212206715538	1135.0	1046.0	44.0	66.0	1.0
								d															PP1						GSM7049134:TACGAGAACTTCACGT-1	TACGAGAACTTCACGT-1	0.3152951755794715	0.1487564866388839	0.2919843038966854	0.0	935.0	701.0	35.0	39.0	1.0
								d															PP1						GSM7049134:TACGATGTTGATCATC-1	TACGATGTTGATCATC-1	0.3673695598655564	0.1719806730817496	0.3092721647634338	0.2634332021251535	935.0	650.0	35.0	35.0	1.0
								d															PP1						GSM7049134:TACGCAGTTCTTTCCT-1	TACGCAGTTCTTTCCT-1	0.4115031992092746	0.1681600609965337	0.3072675184133455	0.6567367084305161	1068.0	854.0	41.0	51.0	1.0
								d															PP1						GSM7049134:TACGCCATATTCTAAT-1	TACGCCATATTCTAAT-1	0.4877620273193306	0.2613811185707452	0.5472464762352086	0.4693678229751316	1046.0	943.0	40.0	58.0	1.0
								d															PP1						GSM7049134:TACGCCGAGGGTACCC-1	TACGCCGAGGGTACCC-1	0.4202629442350858	0.2550918039587866	0.5735845845600452	0.5936798885888314	1402.0	637.0	56.0	34.0	1.0
								d															PP1						GSM7049134:TACGCCTCCATTCCGA-1	TACGCCTCCATTCCGA-1	0.4859151592159857	0.2982898314112138	0.6167470250351037	0.4807766569158991	1379.0	956.0	55.0	59.0	1.0
								d															PP1						GSM7049134:TACGTGCACTATGCTG-1	TACGTGCACTATGCTG-1	0.4494738367584152	0.2776525012118376	0.5451549244191647	0.3550000673743442	624.0	624.0	21.0	33.0	1.0
								d															PP1						GSM7049134:TACGTTTACCGGCAAT-1	TACGTTTACCGGCAAT-1	0.2298558249063002	0.1336023226789018	0.309210409058361	1.11643183428361	1046.0	611.0	40.0	32.0	1.0
								d															PP1						GSM7049134:TACTATGGTTCCTCAG-1	TACTATGGTTCCTCAG-1	0.3951988246715811	0.2608517511514196	0.6235618865928603	0.9992251620672032	1424.0	803.0	57.0	47.0	1.0
								d															PP1						GSM7049134:TACTCGGCACGCCGGG-1	TACTCGGCACGCCGGG-1	0.4397482461948539	0.2648340225596466	0.5068113839265234	1.092261233024919	957.0	407.0	36.0	16.0	1.0
								d															PP1						GSM7049134:TACTCTTTCGTCTTCA-1	TACTCTTTCGTCTTCA-1	0.4580843817009118	0.2673259886147708	0.6325252375182407	0.8865966972840365	1446.0	790.0	58.0	46.0	1.0
								d															PP1						GSM7049134:TACTGAACAGATTTAG-1	TACTGAACAGATTTAG-1	0.4345082736907451	0.2858599018020878	0.6558151587774644	0.8933054835268778	1402.0	765.0	56.0	44.0	1.0
								d															PP1						GSM7049134:TACTGCAATCAATTAC-1	TACTGCAATCAATTAC-1	0.2066938128966898	0.1256806819853372	0.2722332291294472	0.0	646.0	1505.0	22.0	102.0	1.0
								d															PP1						GSM7049134:TACTGGACAGCTCGGC-1	TACTGGACAGCTCGGC-1	0.3617850342918597	0.2140833633882259	0.453062462436922	0.5423662959334097	935.0	522.0	35.0	25.0	1.0
								d															PP1						GSM7049134:TACTTGTTAGTAGTCC-1	TACTTGTTAGTAGTCC-1	0.3218505590286101	0.1542273802005903	0.3607634828199733	0.2903225965862196	979.0	1314.0	37.0	87.0	1.0
								d															PP1						GSM7049134:TACTTTACTGAGCCGG-1	TACTTTACTGAGCCGG-1	0.2465249811026204	0.1327504906517722	0.2668986585712505	0.0	823.0	1428.0	30.0	96.0	1.0
								d															PP1						GSM7049134:TACTTTCCGCACGCCA-1	TACTTTCCGCACGCCA-1	0.3804330098887996	0.253770101647334	0.6243634877656171	0.812855250348887	1202.0	446.0	47.0	19.0	1.0
								d															PP1						GSM7049134:TAGAAAGGTGGCGCTA-1	TAGAAAGGTGGCGCTA-1	0.1874312300382614	0.1062778945563254	0.1826039126168218	0.0	846.0	1237.0	31.0	81.0	1.0
								d															PP1						GSM7049134:TAGAAATTCACGTATA-1	TAGAAATTCACGTATA-1	0.4960104196212136	0.3264869942719897	0.6883578508133079	0.7769818309586365	958.0	330.0	36.0	10.0	1.0
								d															PP1						GSM7049134:TAGACGCCCGTACCGG-1	TAGACGCCCGTACCGG-1	0.2343644842234627	0.0852505794256075	0.1414005319142872	0.0	868.0	1352.0	32.0	90.0	1.0
								d															PP1						GSM7049134:TAGAGATCATGCAACT-1	TAGAGATCATGCAACT-1	0.3657167616103839	0.2002479719177688	0.4816279699787234	0.1968081326311776	1135.0	535.0	44.0	26.0	1.0
								d															PP1						GSM7049134:TAGAGTCTAAGCGAAC-1	TAGAGTCTAAGCGAAC-1	0.1946581883630219	0.0721714601448219	0.2194987087362223	0.0	802.0	905.0	29.0	55.0	1.0
								d															PP1						GSM7049134:TAGATATGGACTGGAA-1	TAGATATGGACTGGAA-1	0.4599090481128123	0.283518774054369	0.6059304121419022	0.999539710419282	1246.0	880.0	49.0	53.0	1.0
								d															PP1						GSM7049134:TAGATTCCTGGTTATT-1	TAGATTCCTGGTTATT-1	0.3373026709620051	0.2320051989826947	0.4338302977458285	0.977763901422347	869.0	458.0	32.0	20.0	1.0
								d															PP1						GSM7049134:TAGCAACCTGTCACAA-1	TAGCAACCTGTCACAA-1	0.4954884674681051	0.3269850021397241	0.6214600435382214	0.430519226167203	646.0	534.0	22.0	26.0	1.0
								d															PP1						GSM7049134:TAGCCGGCGGTCAGCG-1	TAGCCGGCGGTCAGCG-1	0.2319684001749904	0.0905164339899045	0.2284535736161603	0.0	890.0	1288.0	33.0	85.0	1.0
								d															PP1						GSM7049134:TAGCGTCGAATATTGA-1	TAGCGTCGAATATTGA-1	0.4075893057849614	0.2169128482907442	0.5487948922087823	0.6367364283200206	913.0	254.0	34.0	4.0	1.0
								d															PP1						GSM7049134:TAGCGTTGGGTCTTAC-1	TAGCGTTGGGTCTTAC-1	0.3128767650841938	0.1683924866282342	0.4378184249357966	0.5046810369811505	1001.0	1071.0	38.0	68.0	1.0
								d															PP1						GSM7049134:TAGCTAAGTCCGGGAG-1	TAGCTAAGTCCGGGAG-1	0.1905431654776931	0.1038388082440981	0.1662068040710217	0.4272714574283514	802.0	930.0	29.0	57.0	1.0
								d															PP1						GSM7049134:TAGCTAGAAGGCATGA-1	TAGCTAGAAGGCATGA-1	0.4409215443069715	0.2727537352160433	0.5670936322761582	1.0953297843684828	1290.0	854.0	51.0	51.0	1.0
								d															PP1						GSM7049134:TAGCTCGCCTGATAAC-1	TAGCTCGCCTGATAAC-1	0.4700907888439319	0.2922539402164701	0.6403469344539005	0.993389385854089	1268.0	944.0	50.0	58.0	1.0
								d															PP1						GSM7049134:TAGCTGATGTGAAGCG-1	TAGCTGATGTGAAGCG-1	0.417678078450553	0.1984856358012783	0.5307254029140431	0.6970562989808028	1091.0	331.0	42.0	10.0	1.0
								d															PP1						GSM7049134:TAGGGAGCTTGGGATG-1	TAGGGAGCTTGGGATG-1	0.0537415168899752	0.047937692699987	0.0821162356956898	0.0	957.0	1429.0	36.0	96.0	1.0
								d															PP1						GSM7049134:TAGGGTGTTTCAAGAG-1	TAGGGTGTTTCAAGAG-1	0.2574172999298921	0.1680048695891033	0.4120140011602611	0.0	646.0	892.0	22.0	54.0	1.0
								d															PP1						GSM7049134:TAGGTCCAAGTAAGGA-1	TAGGTCCAAGTAAGGA-1	0.3584435521023298	0.2234823248787578	0.4327379124223156	0.2078434310609759	802.0	496.0	29.0	23.0	1.0
								d															PP1						GSM7049134:TAGGTGAGCCCTACTC-1	TAGGTGAGCCCTACTC-1	0.4262340998544751	0.2377733362388077	0.5342018286604991	0.4378289569620057	802.0	624.0	29.0	33.0	1.0
								d															PP1						GSM7049134:TAGGTTCGAGTTCGTC-1	TAGGTTCGAGTTCGTC-1	0.2848947866595215	0.1134082403541536	0.3379112920638489	0.0	935.0	1058.0	35.0	67.0	1.0
								d															PP1						GSM7049134:TAGTCCGCAGAGAATG-1	TAGTCCGCAGAGAATG-1	0.3502288941347362	0.2060822112148876	0.4398122832710739	0.2355688256532952	1024.0	880.0	39.0	53.0	1.0
								d															PP1						GSM7049134:TAGTCTAACAACGAGA-1	TAGTCTAACAACGAGA-1	0.2631612469122935	0.12398818796037	0.3437582815241031	0.0	1046.0	637.0	40.0	34.0	1.0
								d															PP1						GSM7049134:TAGTCTGTGACGTTGC-1	TAGTCTGTGACGTTGC-1	0.2246611804335036	0.1313392537990421	0.1991377815316023	0.3162499179639811	668.0	1518.0	23.0	103.0	1.0
								d															PP1						GSM7049134:TAGTGCCCTCCAGAGT-1	TAGTGCCCTCCAGAGT-1	0.2533890985729788	0.1234241013765981	0.171367524803136	0.6756918101552447	868.0	867.0	32.0	52.0	1.0
								d															PP1						GSM7049134:TATAAATCCACAAGCT-1	TATAAATCCACAAGCT-1	0.23224414296982	0.0996345546828034	0.1760482063969406	0.0	602.0	764.0	20.0	44.0	1.0
								d															PP1						GSM7049134:TATAAGTGAGGATAGC-1	TATAAGTGAGGATAGC-1	0.1721336014961687	0.0642690389222808	0.1514078058388652	0.0	624.0	700.0	21.0	39.0	1.0
								d															PP1						GSM7049134:TATACACAGACGCCTT-1	TATACACAGACGCCTT-1	0.4391217700145154	0.293813472309596	0.5810569735932177	0.6501003718352493	1268.0	969.0	50.0	60.0	1.0
								d															PP1						GSM7049134:TATAGGGTACTCATGA-1	TATAGGGTACTCATGA-1	0.358528528045694	0.1934481014896852	0.4958744793935434	0.3193506412566264	957.0	458.0	36.0	20.0	1.0
								d															PP1						GSM7049134:TATATCATTGATCAGT-1	TATATCATTGATCAGT-1	0.5237621480486918	0.26131175648862	0.6348370123209162	0.6986475930620768	824.0	279.0	30.0	6.0	1.0
								d															PP1						GSM7049134:TATCACCCAACCGACC-1	TATCACCCAACCGACC-1	0.2821788818037019	0.1813427411958871	0.4186775833423892	0.0	690.0	1479.0	24.0	100.0	1.0
								d															PP1						GSM7049134:TATCCATATCATGCGA-1	TATCCATATCATGCGA-1	0.3547477762718437	0.2311158456867255	0.4956306335603049	0.4292814134230287	557.0	866.0	18.0	52.0	1.0
								d															PP1						GSM7049134:TATCCGCACCGTCGGG-1	TATCCGCACCGTCGGG-1	0.3215251169144723	0.1961494844220918	0.4200566325282938	0.5775309771910434	1468.0	880.0	59.0	53.0	1.0
								d															PP1						GSM7049134:TATCGATGATTAAACG-1	TATCGATGATTAAACG-1	0.3254035506818269	0.1800442593432632	0.4593254318984263	0.0	668.0	828.0	23.0	49.0	1.0
								d															PP1						GSM7049134:TATCTACAGAGGTAAT-1	TATCTACAGAGGTAAT-1	0.3491273048937417	0.2487858343378568	0.5120951627658543	0.1964918956977481	824.0	509.0	30.0	24.0	1.0
								d															PP1						GSM7049134:TATCTACCACAGCGGG-1	TATCTACCACAGCGGG-1	0.5273750031955983	0.3211147750944513	0.6353375364416214	0.4144661331228484	1090.0	969.0	42.0	60.0	1.0
								d															PP1						GSM7049134:TATCTAGCCTAAAGGA-1	TATCTAGCCTAAAGGA-1	0.4425142730804191	0.3034105289877462	0.6126203662520356	0.9013163294129132	913.0	356.0	34.0	12.0	1.0
								d															PP1						GSM7049134:TATGAAGACAGGTGCG-1	TATGAAGACAGGTGCG-1	0.3852288650780923	0.2548686578102813	0.4879559176613727	0.2776692689738514	802.0	471.0	29.0	21.0	1.0
								d															PP1						GSM7049134:TATGATCCGGCACGCC-1	TATGATCCGGCACGCC-1	0.2443344089655482	0.1062343226421727	0.2945601844445809	0.0	734.0	1633.0	26.0	112.0	1.0
								d															PP1						GSM7049134:TATGCTCCCTACTTAC-1	TATGCTCCCTACTTAC-1	0.2946901048721037	0.1539249444576072	0.2890761276795279	0.0	713.0	981.0	25.0	61.0	1.0
								d															PP1						GSM7049134:TATGGATGTGCTACGC-1	TATGGATGTGCTACGC-1	0.2419183550623478	0.1140916714154129	0.2272327249555316	0.0	735.0	892.0	26.0	54.0	1.0
								d															PP1						GSM7049134:TATGGCCCGGCCTCGC-1	TATGGCCCGGCCTCGC-1	0.361219395560425	0.222539632167725	0.4414094885884949	0.2148737552647822	824.0	586.0	30.0	30.0	1.0
								d															PP1						GSM7049134:TATGGGACCGAGCAGG-1	TATGGGACCGAGCAGG-1	0.3540656003370762	0.204853277360331	0.3781197264714022	0.5728323725902532	957.0	918.0	36.0	56.0	1.0
								d															PP1						GSM7049134:TATGGGTACGTATCGT-1	TATGGGTACGTATCGT-1	0.460923268681112	0.2239589017170524	0.5255296961478761	0.3797691345794843	868.0	943.0	32.0	58.0	1.0
								d															PP1						GSM7049134:TATGGTCTGAGTAACA-1	TATGGTCTGAGTAACA-1	0.3618943024197374	0.1665804552612695	0.3539506913333455	0.238472428050033	957.0	943.0	36.0	58.0	1.0
								d															PP1						GSM7049134:TATGTCTCATTGTGCC-1	TATGTCTCATTGTGCC-1	0.1633244048658501	0.0727627110728012	0.1382629522931682	0.4252357224415233	823.0	1250.0	30.0	82.0	1.0
								d															PP1						GSM7049134:TATTAACCTGACCGCG-1	TATTAACCTGACCGCG-1	0.3832648586160809	0.2549356762108075	0.5967063987857432	0.8224996916878633	1424.0	778.0	57.0	45.0	1.0
								d															PP1						GSM7049134:TATTCAATTCTAATCC-1	TATTCAATTCTAATCC-1	0.2103504575459635	0.1045985239024717	0.1826018915166955	0.0	912.0	1148.0	34.0	74.0	1.0
								d															PP1						GSM7049134:TATTCCACTCAGCTCG-1	TATTCCACTCAGCTCG-1	0.4698841165999664	0.2703432427701639	0.5962275479752024	1.2364864057516831	1246.0	931.0	49.0	57.0	1.0
								d															PP1						GSM7049134:TATTCCTCCGCCCACT-1	TATTCCTCCGCCCACT-1	0.4478765111447553	0.2517504508829407	0.5364950336665696	0.2656808899923301	1224.0	612.0	48.0	32.0	1.0
								d															PP1						GSM7049134:TATTCGTGCCAGAATA-1	TATTCGTGCCAGAATA-1	0.4841090665382043	0.2438119795842893	0.4881090723084159	0.3961883025624392	913.0	1020.0	34.0	64.0	1.0
								d															PP1						GSM7049134:TATTTGTTACCCTTTA-1	TATTTGTTACCCTTTA-1	0.3126029171917971	0.1618164597956317	0.3480999391066819	0.7350757460209051	691.0	790.0	24.0	46.0	1.0
								d															PP1						GSM7049134:TCAAACAACCGCGTCG-1	TCAAACAACCGCGTCG-1	0.2242092138751752	0.0639462213534358	0.2211727453569584	0.4138853889952235	690.0	969.0	24.0	60.0	1.0
								d															PP1						GSM7049134:TCAAACTTAGATTGTT-1	TCAAACTTAGATTGTT-1	0.2692246362576167	0.1046798436508836	0.3201296578026427	0.3595501551925413	846.0	1033.0	31.0	65.0	1.0
								d															PP1						GSM7049134:TCAACAAAGATAATTC-1	TCAACAAAGATAATTC-1	0.4116962186390051	0.2507274992775493	0.5859661258594838	0.8305392271645845	1335.0	573.0	53.0	29.0	1.0
								d															PP1						GSM7049134:TCAACATAGCGCCCTA-1	TCAACATAGCGCCCTA-1	0.4554675938031683	0.2589785183925737	0.6219269138913018	0.8860928759152861	1446.0	765.0	58.0	44.0	1.0
								d															PP1						GSM7049134:TCAACATCGACCGAGA-1	TCAACATCGACCGAGA-1	0.4897920634051156	0.2771362277058341	0.669333091070392	0.8553335802091605	1135.0	407.0	44.0	16.0	1.0
								d															PP1						GSM7049134:TCAACCATGTTCGGGC-1	TCAACCATGTTCGGGC-1	0.2528789444130496	0.1401580648337154	0.2350632097714741	0.7668379098842494	713.0	854.0	25.0	51.0	1.0
								d															PP1						GSM7049134:TCAACGAGGAGACAAA-1	TCAACGAGGAGACAAA-1	0.4235282673695861	0.218969568053462	0.4673548286607457	0.4253288498079125	1090.0	918.0	42.0	56.0	1.0
								d															PP1						GSM7049134:TCAACGCAGGAAATAA-1	TCAACGCAGGAAATAA-1	0.4558484958289978	0.3087672420771162	0.6135700081339567	0.6577910313494588	1246.0	599.0	49.0	31.0	1.0
								d															PP1						GSM7049134:TCAACGCGACCGGCAG-1	TCAACGCGACCGGCAG-1	0.2831339396590141	0.1397718531391974	0.2941758156957631	0.5450427290985886	1024.0	496.0	39.0	23.0	1.0
								d															PP1						GSM7049134:TCAACTAACGTATAAC-1	TCAACTAACGTATAAC-1	0.4640843554327257	0.3375435429909259	0.5961985963754908	0.2750639973209915	846.0	445.0	31.0	19.0	1.0
								d															PP1						GSM7049134:TCACAGCAAACTCGAA-1	TCACAGCAAACTCGAA-1	0.4680012977867552	0.2880219295154102	0.6878832687210938	0.8323441535030467	1290.0	829.0	51.0	49.0	1.0
								d															PP1						GSM7049134:TCACAGGAGAATAAGA-1	TCACAGGAGAATAAGA-1	0.5404272035289434	0.3226672354126672	0.693809839265564	0.8868425814909658	1379.0	829.0	55.0	49.0	1.0
								d															PP1						GSM7049134:TCACAGGTTATTGGGC-1	TCACAGGTTATTGGGC-1	0.2324389398128072	0.0940275941650495	0.2341526583084761	0.4844226614933849	868.0	816.0	32.0	48.0	1.0
								d															PP1						GSM7049134:TCACATCTTATCTGAT-1	TCACATCTTATCTGAT-1	0.4249416413921041	0.2523878776650108	0.502055852354046	0.3184486072625856	780.0	458.0	28.0	20.0	1.0
								d															PP1						GSM7049134:TCACCCTCTTAAGATT-1	TCACCCTCTTAAGATT-1	0.5337574235350452	0.2960972020126025	0.6275003722664866	0.5557024199188426	1157.0	956.0	45.0	59.0	1.0
								d															PP1						GSM7049134:TCACGATGTCCGTGGA-1	TCACGATGTCCGTGGA-1	0.4269327708551438	0.2624352122939494	0.6523796537804407	0.922750288017756	1313.0	561.0	52.0	28.0	1.0
								d															PP1						GSM7049134:TCACGCATTGTAGATC-1	TCACGCATTGTAGATC-1	0.2696872500737427	0.1276449375069065	0.3690819929455319	1.0419776412051989	890.0	828.0	33.0	49.0	1.0
								d															PP1						GSM7049134:TCACGGTCATCGCACA-1	TCACGGTCATCGCACA-1	0.2125442438619267	0.1593178041519049	0.2735731831496444	0.3470558602502108	668.0	777.0	23.0	45.0	1.0
								d															PP1						GSM7049134:TCACGTGCCCGATTCA-1	TCACGTGCCCGATTCA-1	0.3345088236488872	0.1645199303696457	0.4058219504426966	0.4660654754769757	1001.0	994.0	38.0	62.0	1.0
								d															PP1						GSM7049134:TCAGACGCTATAGAAG-1	TCAGACGCTATAGAAG-1	0.2569521949736552	0.1618197079207029	0.3668738247810184	0.577701548614917	1223.0	1122.0	48.0	72.0	1.0
								d															PP1						GSM7049134:TCAGCAAATGCATCTC-1	TCAGCAAATGCATCTC-1	0.2906554468407817	0.1032430014941529	0.2795869373409363	0.0	846.0	1135.0	31.0	73.0	1.0
								d															PP1						GSM7049134:TCAGGGTGTAACGTAA-1	TCAGGGTGTAACGTAA-1	0.2878794410093957	0.1465449157314148	0.3629067694098761	0.6162889105132391	779.0	1122.0	28.0	72.0	1.0
								d															PP1						GSM7049134:TCAGGTTCTTTGAGAA-1	TCAGGTTCTTTGAGAA-1	0.2875951203523102	0.13221199352819	0.2759741486072472	0.3591022574306904	824.0	739.0	30.0	42.0	1.0
								d															PP1						GSM7049134:TCAGTACTGACCCGCG-1	TCAGTACTGACCCGCG-1	0.3710605847974181	0.2321330908860144	0.4336190466962867	0.4737922788352295	735.0	637.0	26.0	34.0	1.0
								d															PP1						GSM7049134:TCAGTAGGGACTATAA-1	TCAGTAGGGACTATAA-1	0.335266654344115	0.1767777764629492	0.3024753197679127	0.3854325493563795	1179.0	816.0	46.0	48.0	1.0
								d															PP1						GSM7049134:TCATACTTACAGATCC-1	TCATACTTACAGATCC-1	0.4772899118561435	0.2847877746357543	0.5720052549426327	0.6309749903064763	646.0	509.0	22.0	24.0	1.0
								d															PP1						GSM7049134:TCCAACTTTAAATTCT-1	TCCAACTTTAAATTCT-1	0.3091265726006543	0.1154751937761231	0.2940968151210481	0.4146968803052685	1046.0	714.0	40.0	40.0	1.0
								d															PP1						GSM7049134:TCCACAATGGTTTACG-1	TCCACAATGGTTTACG-1	0.3414707477240919	0.2020884681863986	0.3777123112490677	0.2328440180040764	824.0	662.0	30.0	36.0	1.0
								d															PP1						GSM7049134:TCCACTTTATCTAGGT-1	TCCACTTTATCTAGGT-1	0.1806368960508819	0.0650811392440385	0.127603473379902	0.0	846.0	1211.0	31.0	79.0	1.0
								d															PP1						GSM7049134:TCCAGAGCACCGGTTC-1	TCCAGAGCACCGGTTC-1	0.258423969280367	0.1860837962080991	0.3994653008481511	0.8064131393045554	1046.0	1097.0	40.0	70.0	1.0
								d															PP1						GSM7049134:TCCAGGCGAGTACGGT-1	TCCAGGCGAGTACGGT-1	0.3099842770856111	0.1696692084642759	0.286486940660779	0.7241340844936185	846.0	930.0	31.0	57.0	1.0
								d															PP1						GSM7049134:TCCCAAAGACGAAGGA-1	TCCCAAAGACGAAGGA-1	0.1554022127760218	0.070850501221187	0.0955896280638956	0.0	735.0	969.0	26.0	60.0	1.0
								d															PP1						GSM7049134:TCCCAGCTTTAGTCTG-1	TCCCAGCTTTAGTCTG-1	0.379424288108864	0.1794637782985134	0.3971145061897438	0.2186858159719745	913.0	918.0	34.0	56.0	1.0
								d															PP1						GSM7049134:TCCCAGGCTTAGCTAA-1	TCCCAGGCTTAGCTAA-1	0.2799905597399003	0.1323124181418879	0.3285645809221509	0.6960072115942726	824.0	816.0	30.0	48.0	1.0
								d															PP1						GSM7049134:TCCCGCGTACTCCTGG-1	TCCCGCGTACTCCTGG-1	0.3081030769023887	0.2163892161002876	0.4541447847638717	0.0	757.0	1084.0	27.0	69.0	1.0
								d															PP1						GSM7049134:TCCCGGGTGTGCTGCT-1	TCCCGGGTGTGCTGCT-1	0.3208362620218878	0.1714507563094194	0.3508943081395494	0.3010330005131533	913.0	637.0	34.0	34.0	1.0
								d															PP1						GSM7049134:TCCCGTCAGTCCCGCA-1	TCCCGTCAGTCCCGCA-1	0.454740475660682	0.3127598134929633	0.5871633068486615	0.6563491942439751	668.0	1160.0	23.0	75.0	1.0
								d															PP1						GSM7049134:TCCCGTGTGCAATTTG-1	TCCCGTGTGCAATTTG-1	0.2043550652845141	0.1041859719939031	0.2707857216823792	0.3728088917044932	1135.0	1224.0	44.0	80.0	1.0
								d															PP1						GSM7049134:TCCCTGGCTCGCTGGA-1	TCCCTGGCTCGCTGGA-1	0.3389298867443932	0.2123080176124379	0.5553257962434368	0.5632045883850566	891.0	547.0	33.0	27.0	1.0
								d															PP1						GSM7049134:TCCGAACTTGGCTTAC-1	TCCGAACTTGGCTTAC-1	0.340464560808945	0.210638923872509	0.4679613269640589	0.205816832222191	891.0	445.0	33.0	19.0	1.0
								d															PP1						GSM7049134:TCCGATGACTGAGCTC-1	TCCGATGACTGAGCTC-1	0.406925762690328	0.25674218249522	0.5455410769214011	0.2152635018219388	646.0	1173.0	22.0	76.0	1.0
								d															PP1						GSM7049134:TCCGATGGTGCGACAT-1	TCCGATGGTGCGACAT-1	0.2488254984622434	0.0841244104400715	0.2185605532319816	0.0	713.0	879.0	25.0	53.0	1.0
								d															PP1						GSM7049134:TCCGATTACATTGCCG-1	TCCGATTACATTGCCG-1	0.3911039189040711	0.2415568290545127	0.5272029207510877	0.7259673283950765	868.0	611.0	32.0	32.0	1.0
								d															PP1						GSM7049134:TCCGCGGCAGCATCTG-1	TCCGCGGCAGCATCTG-1	0.2308913731223986	0.1460785948052765	0.3184888003345117	0.0	912.0	1275.0	34.0	84.0	1.0
								d															PP1						GSM7049134:TCCGCTTATCCCATTA-1	TCCGCTTATCCCATTA-1	0.3101990650724606	0.1169060563655982	0.3815462660925029	0.6900998074378144	1268.0	1020.0	50.0	64.0	1.0
								d															PP1						GSM7049134:TCCGGCCTAGCGTACA-1	TCCGGCCTAGCGTACA-1	0.1960973261517749	0.1291349492525985	0.1648497865120661	0.4290794277725877	779.0	1454.0	28.0	98.0	1.0
								d															PP1						GSM7049134:TCCGGTTCGTCCGGTC-1	TCCGGTTCGTCCGGTC-1	0.4925538820423061	0.2946201281693854	0.6676759239998251	0.9658852059613706	1290.0	880.0	51.0	53.0	1.0
								d															PP1						GSM7049134:TCCTACATCCACGGCC-1	TCCTACATCCACGGCC-1	0.3141387324379462	0.1347424122084866	0.3128512141275554	0.3523635760365541	1179.0	1275.0	46.0	84.0	1.0
								d															PP1						GSM7049134:TCCTAGCAAAGAAGCT-1	TCCTAGCAAAGAAGCT-1	0.2960480458605213	0.1328300035393035	0.2461188980226306	0.0	1068.0	726.0	41.0	41.0	1.0
								d															PP1						GSM7049134:TCCTCCTAAGACATTC-1	TCCTCCTAAGACATTC-1	0.5264448845595532	0.3207701387369643	0.7340274456165005	0.7340066033574322	1202.0	471.0	47.0	21.0	1.0
								d															PP1						GSM7049134:TCCTCGGGCTGGGCTT-1	TCCTCGGGCTGGGCTT-1	0.2313044378029803	0.0883372956797316	0.3195606394549756	0.8159286327163588	1046.0	1173.0	40.0	76.0	1.0
								d															PP1						GSM7049134:TCCTCTACGAGATGGC-1	TCCTCTACGAGATGGC-1	0.4100032045772377	0.1953231733920591	0.3971229449319869	0.360348501313006	735.0	611.0	26.0	32.0	1.0
								d															PP1						GSM7049134:TCCTCTCCAGTTGTCC-1	TCCTCTCCAGTTGTCC-1	0.4527841157717915	0.2983652925505152	0.5313208940252782	0.1446942035326306	824.0	458.0	30.0	20.0	1.0
								d															PP1						GSM7049134:TCCTGCGTTGATACTC-1	TCCTGCGTTGATACTC-1	0.240820261517985	0.1593936627610482	0.3337020844072995	0.6398761910628634	1002.0	586.0	38.0	30.0	1.0
								d															PP1						GSM7049134:TCCTTTCTTACGCTTA-1	TCCTTTCTTACGCTTA-1	0.2637209375601356	0.1250475337096418	0.2839882746442326	0.0	824.0	994.0	30.0	62.0	1.0
								d															PP1						GSM7049134:TCGAAATTTAGGACCA-1	TCGAAATTTAGGACCA-1	0.2051947574349428	0.1039492140727707	0.2282395601047021	0.0	802.0	777.0	29.0	45.0	1.0
								d															PP1						GSM7049134:TCGAGACCAACACCGT-1	TCGAGACCAACACCGT-1	0.4521311355433859	0.2969266512957582	0.6053010372048729	0.1394080846203354	979.0	905.0	37.0	55.0	1.0
								d															PP1						GSM7049134:TCGCAAAGATGCATTT-1	TCGCAAAGATGCATTT-1	0.3128056450699899	0.1548900687817076	0.304052608990644	0.3044390706258036	1201.0	1161.0	47.0	75.0	1.0
								d															PP1						GSM7049134:TCGCCGAAGTTGCGTC-1	TCGCCGAAGTTGCGTC-1	0.2339090739373086	0.1080962471175923	0.3255407837613343	0.0	1157.0	675.0	45.0	37.0	1.0
								d															PP1						GSM7049134:TCGCGTCCAGAAGGTC-1	TCGCGTCCAGAAGGTC-1	0.3701763269695606	0.1668822348695235	0.350129178084557	0.5920225660846677	846.0	573.0	31.0	29.0	1.0
								d															PP1						GSM7049134:TCGCTCGATATATTCC-1	TCGCTCGATATATTCC-1	0.2177908626704368	0.0993674212579818	0.2034678830525562	0.5282984121893014	801.0	1007.0	29.0	63.0	1.0
								d															PP1						GSM7049134:TCGCTGGGCGGATTGT-1	TCGCTGGGCGGATTGT-1	0.2198768372419355	0.1100384126943304	0.2573097027821009	0.0	779.0	1147.0	28.0	74.0	1.0
								d															PP1						GSM7049134:TCGCTGTGCGTAAATC-1	TCGCTGTGCGTAAATC-1	0.1741463315907791	0.0891501313736612	0.1585933764416649	0.0	535.0	726.0	17.0	41.0	1.0
								d															PP1						GSM7049134:TCGGAATGCGCTCTGA-1	TCGGAATGCGCTCTGA-1	0.3663930326292524	0.1842809012827966	0.3794547638848468	0.0	824.0	560.0	30.0	28.0	1.0
								d															PP1						GSM7049134:TCGGACGCCCAGCCCA-1	TCGGACGCCCAGCCCA-1	0.21626393405392	0.079387173224071	0.1662068040710217	0.5226579096803297	890.0	1211.0	33.0	79.0	1.0
								d															PP1						GSM7049134:TCGGAGAGTATCGGGA-1	TCGGAGAGTATCGGGA-1	0.4897509662665046	0.3575806570755788	0.682677031091873	0.4633075092664477	1157.0	497.0	45.0	23.0	1.0
								d															PP1						GSM7049134:TCGGAGTACATGAGTA-1	TCGGAGTACATGAGTA-1	0.2318827501005406	0.0880699990102539	0.2657322356644502	0.8319651323191796	868.0	1148.0	32.0	74.0	1.0
								d															PP1						GSM7049134:TCGGGATTCAAACATA-1	TCGGGATTCAAACATA-1	0.4777587529316278	0.2995002984899858	0.6602672275116214	1.0082201721583544	1024.0	394.0	39.0	15.0	1.0
								d															PP1						GSM7049134:TCGTAAGACGACATTG-1	TCGTAAGACGACATTG-1	0.3645756685431689	0.1938670158059303	0.3559799643755664	0.0	757.0	1186.0	27.0	77.0	1.0
								d															PP1						GSM7049134:TCGTATTACCCATTGC-1	TCGTATTACCCATTGC-1	0.2809556934496842	0.161309832935264	0.3091541719609176	0.6368972145251712	980.0	522.0	37.0	25.0	1.0
								d															PP1						GSM7049134:TCGTCAAGTACGCGCA-1	TCGTCAAGTACGCGCA-1	0.3896958539912499	0.2628338540687159	0.5907802754287405	0.8610785632635836	1402.0	688.0	56.0	38.0	1.0
								d															PP1						GSM7049134:TCGTCACACTGTTAGC-1	TCGTCACACTGTTAGC-1	0.4289748884526959	0.2578839697724903	0.4205094711907622	0.4890660641868231	757.0	445.0	27.0	19.0	1.0
								d															PP1						GSM7049134:TCGTCCGCTGGCGTCT-1	TCGTCCGCTGGCGTCT-1	0.2616974223955376	0.1075330070346419	0.2626773161887379	0.4032477437494605	646.0	713.0	22.0	40.0	1.0
								d															PP1						GSM7049134:TCGTGTACTATGGATG-1	TCGTGTACTATGGATG-1	0.0843062270088776	0.0226283171024214	0.1210783833017622	0.772595398211245	1201.0	1186.0	47.0	77.0	1.0
								d															PP1						GSM7049134:TCGTGTCACGCTGACA-1	TCGTGTCACGCTGACA-1	0.2303078304466735	0.1345795434627277	0.3169717324771332	0.0	1113.0	497.0	43.0	23.0	1.0
								d															PP1						GSM7049134:TCGTTAGGAGTCCCTA-1	TCGTTAGGAGTCCCTA-1	0.4584478306074668	0.2797408786866067	0.5729161858390732	0.966049713909025	1313.0	893.0	52.0	54.0	1.0
								d															PP1						GSM7049134:TCGTTGCTATCCGGTC-1	TCGTTGCTATCCGGTC-1	0.4649131692432166	0.2561909038841372	0.6480445479675222	1.070801327132684	1357.0	790.0	54.0	46.0	1.0
								d															PP1						GSM7049134:TCTACCGTCCACAAGC-1	TCTACCGTCCACAAGC-1	0.3115043903737596	0.1624078067523214	0.341191323034351	0.0	757.0	1058.0	27.0	67.0	1.0
								d															PP1						GSM7049134:TCTAGCAATCTCCGCC-1	TCTAGCAATCTCCGCC-1	0.3715517528333695	0.1982210524579341	0.4683092467850429	0.1963657287096438	1179.0	586.0	46.0	30.0	1.0
								d															PP1						GSM7049134:TCTAGCATCTTCGATG-1	TCTAGCATCTTCGATG-1	0.2154985950387495	0.1196436218444716	0.3160519974226897	0.0	668.0	752.0	23.0	43.0	1.0
								d															PP1						GSM7049134:TCTAGCATGCCCAGAA-1	TCTAGCATGCCCAGAA-1	0.3177199772965456	0.1325360307544179	0.3175837349578687	1.0391503879397854	1224.0	1046.0	48.0	66.0	1.0
								d															PP1						GSM7049134:TCTAGGTGGCGACGCT-1	TCTAGGTGGCGACGCT-1	0.2226291490412243	0.083864138912855	0.3150266407467542	0.0	801.0	1467.0	29.0	99.0	1.0
								d															PP1						GSM7049134:TCTAGTTATCAGAAGA-1	TCTAGTTATCAGAAGA-1	0.2921919541637398	0.1775189493719522	0.2823969106721182	0.3093094404029718	913.0	892.0	34.0	54.0	1.0
								d															PP1						GSM7049134:TCTATCATGCAGTTAC-1	TCTATCATGCAGTTAC-1	0.2322578392944937	0.1146477398573957	0.1225215493238844	0.0	557.0	713.0	18.0	40.0	1.0
								d															PP1						GSM7049134:TCTATCGGTCGCAACA-1	TCTATCGGTCGCAACA-1	0.3324462996806758	0.236800305388966	0.3838399014879547	0.0	646.0	1020.0	22.0	64.0	1.0
								d															PP1						GSM7049134:TCTATTACTAGAGGAT-1	TCTATTACTAGAGGAT-1	0.4958133625326535	0.3183053114750026	0.673052011306189	0.8313770116001995	1069.0	394.0	41.0	15.0	1.0
								d															PP1						GSM7049134:TCTCTAATAGCTGGTA-1	TCTCTAATAGCTGGTA-1	0.3730429049120286	0.2519821232181574	0.35407071761556	0.4044031632430426	602.0	866.0	20.0	52.0	1.0
								d															PP1						GSM7049134:TCTGAACCGGTCGGCT-1	TCTGAACCGGTCGGCT-1	0.2227845890691931	0.092973554826858	0.3664870187040993	0.0	624.0	675.0	21.0	37.0	1.0
								d															PP1						GSM7049134:TCTGAATTCCGTACAA-1	TCTGAATTCCGTACAA-1	0.2383398285458328	0.0640018098638442	0.2289962917668207	0.3899418549041176	912.0	1403.0	34.0	94.0	1.0
								d															PP1						GSM7049134:TCTGCCAGAAACTGCA-1	TCTGCCAGAAACTGCA-1	0.300789494280142	0.1130405114556243	0.2437422505601923	0.3334358927239157	1068.0	1212.0	41.0	79.0	1.0
								d															PP1						GSM7049134:TCTGGCGCAAGCCGGG-1	TCTGGCGCAAGCCGGG-1	0.4361458459560077	0.2214300396058053	0.5984156567223295	0.6794907753431251	913.0	279.0	34.0	6.0	1.0
								d															PP1						GSM7049134:TCTGGGTAGCGCTCAT-1	TCTGGGTAGCGCTCAT-1	0.3056080843082108	0.138375064446889	0.2391914725393684	0.0	1046.0	662.0	40.0	36.0	1.0
								d															PP1						GSM7049134:TCTGTGCCATCATAGT-1	TCTGTGCCATCATAGT-1	0.2417116965507075	0.1004586781706127	0.2616670891365787	0.4293397852935601	868.0	1224.0	32.0	80.0	1.0
								d															PP1						GSM7049134:TCTGTTACCCAGCATA-1	TCTGTTACCCAGCATA-1	0.5341740319578729	0.311797022499663	0.6834174368966057	0.7512890305719191	1291.0	650.0	51.0	35.0	1.0
								d															PP1						GSM7049134:TCTTACAGAGGTACCG-1	TCTTACAGAGGTACCG-1	0.2945620486642126	0.2074445008440957	0.390204154769998	0.770407172748434	491.0	777.0	15.0	45.0	1.0
								d															PP1						GSM7049134:TCTTACGGCATCCGAC-1	TCTTACGGCATCCGAC-1	0.5024707243119536	0.3308955362168062	0.6323003227479966	0.4522934737765105	713.0	573.0	25.0	29.0	1.0
								d															PP1						GSM7049134:TCTTCCCATGGGCACA-1	TCTTCCCATGGGCACA-1	0.2034476518556237	0.0916198396185385	0.1876802974432691	0.4064775350154549	868.0	1428.0	32.0	96.0	1.0
								d															PP1						GSM7049134:TCTTCGAATAGACGTT-1	TCTTCGAATAGACGTT-1	0.3743417504792958	0.1907832547350238	0.3460675576667268	0.0	1024.0	1109.0	39.0	71.0	1.0
								d															PP1						GSM7049134:TCTTCGATACCAATAA-1	TCTTCGATACCAATAA-1	0.2972178773528585	0.1185796915011011	0.3209993698701951	0.0	868.0	1045.0	32.0	66.0	1.0
								d															PP1						GSM7049134:TCTTGATGCGTAGCGA-1	TCTTGATGCGTAGCGA-1	0.2555285735255004	0.0602960273410028	0.2697139406112671	0.0	868.0	1071.0	32.0	68.0	1.0
								d															PP1						GSM7049134:TCTTGGTAACACCAAA-1	TCTTGGTAACACCAAA-1	0.3341634173833327	0.1609163019073166	0.420631892110681	0.0	624.0	1032.0	21.0	65.0	1.0
								d															PP1						GSM7049134:TGAAAGGACCTGACTC-1	TGAAAGGACCTGACTC-1	0.2450196714632865	0.12008810638337	0.31981402004469	0.7534069265106974	935.0	1263.0	35.0	83.0	1.0
								d															PP1						GSM7049134:TGACCCACGTTAGACA-1	TGACCCACGTTAGACA-1	0.254670713631127	0.1213785189648118	0.2346101884352799	0.3664740953969607	890.0	803.0	33.0	47.0	1.0
								d															PP1						GSM7049134:TGACGAATATTTCCCT-1	TGACGAATATTTCCCT-1	0.428683108218848	0.3535863227430775	0.7066171771612176	0.4739747165234153	1135.0	484.0	44.0	22.0	1.0
								d															PP1						GSM7049134:TGACTATAATCCTTTC-1	TGACTATAATCCTTTC-1	0.4050095920237678	0.2256842238479769	0.4467393286567853	0.1958315952825129	1179.0	1071.0	46.0	68.0	1.0
								d															PP1						GSM7049134:TGAGAATGCTTTACCG-1	TGAGAATGCTTTACCG-1	0.3045933961325816	0.1821864176315354	0.3404346366451625	0.0	557.0	892.0	18.0	54.0	1.0
								d															PP1						GSM7049134:TGAGCCATACAGTCTC-1	TGAGCCATACAGTCTC-1	0.2713180478803303	0.1427268463921943	0.3156698451891568	0.3100927981240501	1091.0	688.0	42.0	38.0	1.0
								d															PP1						GSM7049134:TGAGGAGTGCCAGCTT-1	TGAGGAGTGCCAGCTT-1	0.4308276008426338	0.2498265456035548	0.5675144542521242	0.8960882727722854	1446.0	944.0	58.0	58.0	1.0
								d															PP1						GSM7049134:TGAGTAAATTAGCGTA-1	TGAGTAAATTAGCGTA-1	0.4490927564066487	0.2376611708814689	0.5733398315475136	0.6233145952628739	1201.0	931.0	47.0	57.0	1.0
								d															PP1						GSM7049134:TGAGTGCCTCTTAAAT-1	TGAGTGCCTCTTAAAT-1	0.3153942411939232	0.1571352313468208	0.5331022673454541	0.2617193813570268	1157.0	726.0	45.0	41.0	1.0
								d															PP1						GSM7049134:TGAGTGGTCCGTGACG-1	TGAGTGGTCCGTGACG-1	0.2619149035416007	0.0975798030307475	0.2767588813930297	0.3677471666480013	823.0	1275.0	30.0	84.0	1.0
								d															PP1						GSM7049134:TGATACATTTAGCCGT-1	TGATACATTTAGCCGT-1	0.4059363554896897	0.2686569230003499	0.619479564049141	1.1250186065459826	1379.0	752.0	55.0	43.0	1.0
								d															PP1						GSM7049134:TGATCAGGGAACTGCT-1	TGATCAGGGAACTGCT-1	0.3832669223750081	0.2184489847586738	0.4790099598798235	0.501150951239793	1091.0	509.0	42.0	24.0	1.0
								d															PP1						GSM7049134:TGATCCCAGCATTAGT-1	TGATCCCAGCATTAGT-1	0.2461148005373229	0.1791930593012099	0.3545290875210399	0.9685983421176244	757.0	1569.0	27.0	107.0	1.0
								d															PP1						GSM7049134:TGATCGGTTTGACCCT-1	TGATCGGTTTGACCCT-1	0.2274489811511509	0.088554084752019	0.1905329809562243	0.4439442811046271	779.0	892.0	28.0	54.0	1.0
								d															PP1						GSM7049134:TGATCTCCGGCGCCAG-1	TGATCTCCGGCGCCAG-1	0.2374195284703212	0.1116092359627166	0.2583554133150031	0.8992110489405304	779.0	841.0	28.0	50.0	1.0
								d															PP1						GSM7049134:TGATTCGTCTATCACT-1	TGATTCGTCTATCACT-1	0.3163979386241177	0.1864636111329267	0.4167322936695265	0.2694263411605894	846.0	726.0	31.0	41.0	1.0
								d															PP1						GSM7049134:TGATTCTGTCGCCGGT-1	TGATTCTGTCGCCGGT-1	0.4206985403380534	0.236618782276207	0.5017481809331347	0.639192104511582	1224.0	765.0	48.0	44.0	1.0
								d															PP1						GSM7049134:TGATTTATTAGCTGTG-1	TGATTTATTAGCTGTG-1	0.2616528652154246	0.1365789488262463	0.3002910750480734	0.9985087230531884	1002.0	637.0	38.0	34.0	1.0
								d															PP1						GSM7049134:TGCAAGAATGACGTAA-1	TGCAAGAATGACGTAA-1	0.3118652043307149	0.0842654370661793	0.2447546861825212	0.3618147296214747	824.0	969.0	30.0	60.0	1.0
								d															PP1						GSM7049134:TGCAGAACTATATCGT-1	TGCAGAACTATATCGT-1	0.4512355755993088	0.260543338558629	0.5943269762975442	0.1701452922178368	1091.0	484.0	42.0	22.0	1.0
								d															PP1						GSM7049134:TGCAGAGTACCGAGCA-1	TGCAGAGTACCGAGCA-1	0.256128690558227	0.0965863678856985	0.3186100557856653	0.0	1002.0	790.0	38.0	46.0	1.0
								d															PP1						GSM7049134:TGCAGATCGTCCTAGG-1	TGCAGATCGTCCTAGG-1	0.432473133173343	0.3249675420179435	0.6434814952090809	0.3169618273502149	1091.0	433.0	42.0	18.0	1.0
								d															PP1						GSM7049134:TGCAGCTACGTACTTC-1	TGCAGCTACGTACTTC-1	0.4823141686263901	0.3209459099438251	0.5947839296247629	0.6349962764868443	1091.0	407.0	42.0	16.0	1.0
								d															PP1						GSM7049134:TGCAGGATCGGCAAAG-1	TGCAGGATCGGCAAAG-1	0.2945587667966158	0.189574410437975	0.4014616138952607	0.0	690.0	1147.0	24.0	74.0	1.0
								d															PP1						GSM7049134:TGCATATGTCTGTCAC-1	TGCATATGTCTGTCAC-1	0.243137270341182	0.1236718617346622	0.3696479483257716	0.2903225965862196	935.0	1288.0	35.0	85.0	1.0
								d															PP1						GSM7049134:TGCATGGATCGGATCT-1	TGCATGGATCGGATCT-1	0.4078918156957188	0.2803244657872891	0.5215684169091092	0.2047338763761383	579.0	1058.0	19.0	67.0	1.0
								d															PP1						GSM7049134:TGCATGTGGTAATCTA-1	TGCATGTGGTAATCTA-1	0.1851859219012667	0.1044998974354604	0.098754163208203	0.3780873677114059	801.0	1237.0	29.0	81.0	1.0
								d															PP1						GSM7049134:TGCCAAAGTCAGACTT-1	TGCCAAAGTCAGACTT-1	0.4966668128475106	0.344014427457543	0.657721238639606	0.6988482651649944	1113.0	445.0	43.0	19.0	1.0
								d															PP1						GSM7049134:TGCCAATGGGTACTCT-1	TGCCAATGGGTACTCT-1	0.4777983495686997	0.2796516454386873	0.6412037811439391	1.0053113852618707	1357.0	867.0	54.0	52.0	1.0
								d															PP1						GSM7049134:TGCCACCTGGCGAAAC-1	TGCCACCTGGCGAAAC-1	0.3304265625709006	0.2129920470758851	0.4092092791613043	0.7590963714798631	601.0	1173.0	20.0	76.0	1.0
								d															PP1						GSM7049134:TGCCTGATCAAACGAT-1	TGCCTGATCAAACGAT-1	0.4429729434190902	0.2929114495496988	0.5014285771206239	0.1290955986786325	601.0	1096.0	20.0	70.0	1.0
								d															PP1						GSM7049134:TGCGAATATGGGATTT-1	TGCGAATATGGGATTT-1	0.4158069550779087	0.2206409350780657	0.5499264393144863	0.5862744099346473	1157.0	369.0	45.0	13.0	1.0
								d															PP1						GSM7049134:TGCGACACCCTAGTGC-1	TGCGACACCCTAGTGC-1	0.3043362855553346	0.2040410887356586	0.3490181449030848	0.618158389275502	1179.0	790.0	46.0	46.0	1.0
								d															PP1						GSM7049134:TGCGAGAATATTACCC-1	TGCGAGAATATTACCC-1	0.4634328389834674	0.2972578787715226	0.6027849902922314	0.5272512603297914	1268.0	714.0	50.0	40.0	1.0
								d															PP1						GSM7049134:TGCGCAAAGCATTTGG-1	TGCGCAAAGCATTTGG-1	0.2899115641752384	0.1177093975198089	0.2430149557329756	0.0	846.0	1058.0	31.0	67.0	1.0
								d															PP1						GSM7049134:TGCGCGATTAACGGAG-1	TGCGCGATTAACGGAG-1	0.301244407472659	0.1518648779790141	0.3733496825010564	0.6938421563734042	757.0	726.0	27.0	41.0	1.0
								d															PP1						GSM7049134:TGCGGAGTAAAGGTGC-1	TGCGGAGTAAAGGTGC-1	0.4136342418241369	0.265548412008554	0.5692563538400058	0.1697817405010039	646.0	1096.0	22.0	70.0	1.0
								d															PP1						GSM7049134:TGCGTAAGAACCTGAT-1	TGCGTAAGAACCTGAT-1	0.3730718839952727	0.1346078724228819	0.443642902362639	0.6341651197324838	1113.0	752.0	43.0	43.0	1.0
								d															PP1						GSM7049134:TGCGTTTGTTGACACT-1	TGCGTTTGTTGACACT-1	0.1863375468871304	0.0777376632409291	0.1895895163547631	0.8125192844816932	1090.0	1173.0	42.0	76.0	1.0
								d															PP1						GSM7049134:TGCTCGGCGAAACCCA-1	TGCTCGGCGAAACCCA-1	0.500263707911782	0.2923955435756579	0.6931559842559548	0.7147501702451098	1424.0	982.0	57.0	61.0	1.0
								d															PP1						GSM7049134:TGCTGGTTGGACAATT-1	TGCTGGTTGGACAATT-1	0.1852614055351902	0.0980757072203196	0.1390655701621315	0.4277854451014232	624.0	726.0	21.0	41.0	1.0
								d															PP1						GSM7049134:TGCTGTTGAAGAACTC-1	TGCTGTTGAAGAACTC-1	0.3454163863962159	0.1856699730865633	0.3433481623000821	0.866864241634927	1001.0	1045.0	38.0	66.0	1.0
								d															PP1						GSM7049134:TGGAACCACTGACACA-1	TGGAACCACTGACACA-1	0.2861766449109447	0.1705509169983048	0.3298924427944273	0.6302296338364578	690.0	1505.0	24.0	102.0	1.0
								d															PP1						GSM7049134:TGGAAGAAGGGAACGT-1	TGGAAGAAGGGAACGT-1	0.1966342806688725	0.0997054702841272	0.1687766397353622	0.0	1024.0	650.0	39.0	35.0	1.0
								d															PP1						GSM7049134:TGGAAGACGAACACCA-1	TGGAAGACGAACACCA-1	0.2278679633306771	0.1129268755972556	0.382232738493477	0.0	468.0	790.0	14.0	46.0	1.0
								d															PP1						GSM7049134:TGGAAGGATAAAGATG-1	TGGAAGGATAAAGATG-1	0.4204995609047974	0.2154421966654901	0.5009552740705446	0.5610270056502431	601.0	1071.0	20.0	68.0	1.0
								d															PP1						GSM7049134:TGGAATTAGACGCTTT-1	TGGAATTAGACGCTTT-1	0.4379883971018236	0.2456866701337576	0.584035838655915	0.3133189371489699	735.0	432.0	26.0	18.0	1.0
								d															PP1						GSM7049134:TGGACTGTTCGCTCAA-1	TGGACTGTTCGCTCAA-1	0.2937576849843548	0.1114244257412049	0.3488552891089742	0.6265626433617374	979.0	1135.0	37.0	73.0	1.0
								d															PP1						GSM7049134:TGGAGTGATGCGATGA-1	TGGAGTGATGCGATGA-1	0.1943870476932155	0.0957295412969158	0.2530019562723275	0.0	802.0	726.0	29.0	41.0	1.0
								d															PP1						GSM7049134:TGGCAGATTACGATCA-1	TGGCAGATTACGATCA-1	0.5022324935417535	0.2383479755384942	0.647520476888411	0.7829051963050258	1135.0	943.0	44.0	58.0	1.0
								d															PP1						GSM7049134:TGGCAGCAGTAATAGT-1	TGGCAGCAGTAATAGT-1	0.3358358332123526	0.1388938110583287	0.3650686948890674	0.0	1024.0	982.0	39.0	61.0	1.0
								d															PP1						GSM7049134:TGGCCAAACTGAAGTA-1	TGGCCAAACTGAAGTA-1	0.2368464463887603	0.0825785525076399	0.2175976216521559	0.7403407608476484	779.0	1173.0	28.0	76.0	1.0
								d															PP1						GSM7049134:TGGCCGTATATTGACC-1	TGGCCGTATATTGACC-1	0.2830031601602453	0.1332061924053017	0.26688664767895	0.3283763782744482	735.0	688.0	26.0	38.0	1.0
								d															PP1						GSM7049134:TGGCGACTGCTCCAAA-1	TGGCGACTGCTCCAAA-1	0.4992016858164559	0.2845988342664354	0.6511886195998791	0.7591853488246595	1379.0	803.0	55.0	47.0	1.0
								d															PP1						GSM7049134:TGGCGATCAAGTTATG-1	TGGCGATCAAGTTATG-1	0.4862242529906791	0.271519013611331	0.6152822397749723	1.1048533580593	1290.0	905.0	51.0	55.0	1.0
								d															PP1						GSM7049134:TGGCTCTTGTCGCGTA-1	TGGCTCTTGTCGCGTA-1	0.477355710676116	0.2717203612923171	0.6896069916008308	0.9869574588004336	1091.0	356.0	42.0	12.0	1.0
								d															PP1						GSM7049134:TGGCTTTGGGTAGACA-1	TGGCTTTGGGTAGACA-1	0.403108432014254	0.303434609419109	0.5889623712851123	0.5421600643795006	579.0	854.0	19.0	51.0	1.0
								d															PP1						GSM7049134:TGGGAAATGCCTTTCC-1	TGGGAAATGCCTTTCC-1	0.5089337075649993	0.3180543923529779	0.6177374974047642	0.7264160138382666	669.0	547.0	23.0	27.0	1.0
								d															PP1						GSM7049134:TGGTAAGCAGGATTGA-1	TGGTAAGCAGGATTGA-1	0.473853922138668	0.2627423220360856	0.6388086865563726	0.982944337144791	1069.0	343.0	41.0	11.0	1.0
								d															PP1						GSM7049134:TGGTCTGTTGGGCGTA-1	TGGTCTGTTGGGCGTA-1	0.3221325307636664	0.1748102076911855	0.3022245686004046	0.3049073730060495	980.0	573.0	37.0	29.0	1.0
								d															PP1						GSM7049134:TGGTTCGTAGCAAAGG-1	TGGTTCGTAGCAAAGG-1	0.2615445102994936	0.1056829173515939	0.3364787598954639	0.0	668.0	905.0	23.0	55.0	1.0
								d															PP1						GSM7049134:TGTAATGACCACAATA-1	TGTAATGACCACAATA-1	0.4331398739671338	0.2861925200305972	0.5611570387441855	0.8315191984955183	957.0	381.0	36.0	14.0	1.0
								d															PP1						GSM7049134:TGTACGAACAAATCCG-1	TGTACGAACAAATCCG-1	0.318083552531818	0.1589316440083663	0.3848627614629182	0.2820804860111353	1001.0	943.0	38.0	58.0	1.0
								d															PP1						GSM7049134:TGTAGGAGAAATTTCC-1	TGTAGGAGAAATTTCC-1	0.2034418387843491	0.0839123171215662	0.164046442937377	0.3738130849145345	912.0	1301.0	34.0	86.0	1.0
								d															PP1						GSM7049134:TGTAGTGATCTATAAT-1	TGTAGTGATCTATAAT-1	0.2937096110039167	0.1503767293794156	0.344318811857087	0.2820041944457927	935.0	624.0	35.0	33.0	1.0
								d															PP1						GSM7049134:TGTATAACAGATCCTG-1	TGTATAACAGATCCTG-1	0.2350952368701089	0.0776075568154476	0.3354942200117382	0.0	801.0	1211.0	29.0	79.0	1.0
								d															PP1						GSM7049134:TGTCCGTGGCGCCTTT-1	TGTCCGTGGCGCCTTT-1	0.4407057542012863	0.3122287185752657	0.5188504791853115	0.6666695504140875	824.0	432.0	30.0	18.0	1.0
								d															PP1						GSM7049134:TGTCCTAAGTCACCGC-1	TGTCCTAAGTCACCGC-1	0.449562645470088	0.2650118696979534	0.4477297300226336	0.3794033563262124	913.0	586.0	34.0	30.0	1.0
								d															PP1						GSM7049134:TGTGACTACGCCAGTC-1	TGTGACTACGCCAGTC-1	0.4548441852068613	0.2933349095457148	0.5235140650753	0.6058768246324562	624.0	1135.0	21.0	73.0	1.0
								d															PP1						GSM7049134:TGTGCTTTACGTAAGA-1	TGTGCTTTACGTAAGA-1	0.4307135490162729	0.258024637890837	0.5617133748247811	0.3904220351858423	957.0	433.0	36.0	18.0	1.0
								d															PP1						GSM7049134:TGTGTCGCGAGTTGCA-1	TGTGTCGCGAGTTGCA-1	0.3343748263230525	0.2049361279887272	0.3776783748801257	0.4881491403464409	691.0	662.0	24.0	36.0	1.0
								d															PP1						GSM7049134:TGTGTTCGTATCCAAG-1	TGTGTTCGTATCCAAG-1	0.3970214165730705	0.2390785287877806	0.4551724135470423	0.0	846.0	471.0	31.0	21.0	1.0
								d															PP1						GSM7049134:TGTTCCGCTTCCATGA-1	TGTTCCGCTTCCATGA-1	0.2591293077373086	0.1236248879098564	0.3127599626643602	0.3741496404954237	957.0	765.0	36.0	44.0	1.0
								d															PP1						GSM7049134:TGTTCGTATTGCGGTG-1	TGTTCGTATTGCGGTG-1	0.4700473107402286	0.2681742627991845	0.5835096165432219	1.1113078497077649	1246.0	982.0	49.0	61.0	1.0
								d															PP1						GSM7049134:TGTTCTTCCATTGACT-1	TGTTCTTCCATTGACT-1	0.2614852513625733	0.1283415279172283	0.2422868837858854	0.3653709118794683	891.0	752.0	33.0	43.0	1.0
								d															PP1						GSM7049134:TGTTTCGGTACTTCTC-1	TGTTTCGGTACTTCTC-1	0.3105336298229497	0.1818553263915754	0.3214245736676574	0.3235269689779927	557.0	917.0	18.0	56.0	1.0
								d															PP1						GSM7049134:TTAAACTCGAATTCAT-1	TTAAACTCGAATTCAT-1	0.2074910182414705	0.0909891907951713	0.2664137809797913	0.5367850979490437	846.0	1416.0	31.0	95.0	1.0
								d															PP1						GSM7049134:TTAACACCTCGAACAT-1	TTAACACCTCGAACAT-1	0.4690613154220358	0.2855842431740347	0.5933136532725233	0.578439556080552	691.0	483.0	24.0	22.0	1.0
								d															PP1						GSM7049134:TTAACCAACCCTCCCT-1	TTAACCAACCCTCCCT-1	0.2606840946500569	0.1526169675086652	0.3361235136753865	0.3415220159345444	579.0	905.0	19.0	55.0	1.0
								d															PP1						GSM7049134:TTAACGTTAAAGCCTG-1	TTAACGTTAAAGCCTG-1	0.4528874957494985	0.2221664042807924	0.5740198957047138	0.6054562690546046	958.0	254.0	36.0	4.0	1.0
								d															PP1						GSM7049134:TTAACTTCAGGTAGGA-1	TTAACTTCAGGTAGGA-1	0.3765142540299548	0.2483944494972882	0.577770603627102	0.7106195256122341	1180.0	535.0	46.0	26.0	1.0
								d															PP1						GSM7049134:TTAAGCGCCTGACCCA-1	TTAAGCGCCTGACCCA-1	0.2265860689087391	0.0994103941439115	0.2585354732745866	0.0	824.0	764.0	30.0	44.0	1.0
								d															PP1						GSM7049134:TTAATGTAGACCAGGT-1	TTAATGTAGACCAGGT-1	0.2537261168994231	0.1282968053170567	0.2595287621705204	0.0	824.0	1071.0	30.0	68.0	1.0
								d															PP1						GSM7049134:TTACAACTACGCATCC-1	TTACAACTACGCATCC-1	0.2146813356185077	0.0580624246735165	0.0929987057059324	0.421258208164108	690.0	866.0	24.0	52.0	1.0
								d															PP1						GSM7049134:TTACAGACCTAAATGA-1	TTACAGACCTAAATGA-1	0.2632166007387901	0.1830571147986169	0.2931963030848462	0.28876958334034	734.0	1428.0	26.0	96.0	1.0
								d															PP1						GSM7049134:TTACATCGTGGCCTGG-1	TTACATCGTGGCCTGG-1	0.2520280653863816	0.0923833551880418	0.2115250266560525	0.0	602.0	662.0	20.0	36.0	1.0
								d															PP1						GSM7049134:TTACCATTGATTACCC-1	TTACCATTGATTACCC-1	0.4345822484583052	0.2408040582418017	0.49317719849709	0.7187330196339553	913.0	560.0	34.0	28.0	1.0
								d															PP1						GSM7049134:TTACCCTAACAGTCCT-1	TTACCCTAACAGTCCT-1	0.4899792614732671	0.2882182276780197	0.5395715184564195	0.5449777289711083	691.0	509.0	24.0	24.0	1.0
								d															PP1						GSM7049134:TTACGGATGGTTCGAG-1	TTACGGATGGTTCGAG-1	0.2108526517097386	0.095908039030595	0.1944503561265996	0.4224880372178802	890.0	1390.0	33.0	93.0	1.0
								d															PP1						GSM7049134:TTACTATCGGCTTCTC-1	TTACTATCGGCTTCTC-1	0.4572949131763362	0.2746036564784899	0.5355981098862999	0.596236106364884	913.0	407.0	34.0	16.0	1.0
								d															PP1						GSM7049134:TTACTCCGGCCGGGAA-1	TTACTCCGGCCGGGAA-1	0.2484223801067982	0.1327705287519562	0.4223897538564964	0.3858021746592417	912.0	1199.0	34.0	78.0	1.0
								d															PP1						GSM7049134:TTACTCTGGTACGTAC-1	TTACTCTGGTACGTAC-1	0.3424768566315992	0.1912136549167407	0.4397941203926933	0.2511414776809051	1113.0	599.0	43.0	31.0	1.0
								d															PP1						GSM7049134:TTACTGGGATATTTCA-1	TTACTGGGATATTTCA-1	0.4292515795332175	0.2016803526663994	0.5025650655737693	0.6273977824905543	1135.0	892.0	44.0	54.0	1.0
								d															PP1						GSM7049134:TTAGAAGAACATGACT-1	TTAGAAGAACATGACT-1	0.2838312098097474	0.1291101191960956	0.2008530695151434	0.0	1312.0	1020.0	52.0	64.0	1.0
								d															PP1						GSM7049134:TTAGCTCTGTAATCCG-1	TTAGCTCTGTAATCCG-1	0.4559482245798833	0.2833507607722569	0.5112199131152652	0.3871744947181836	846.0	394.0	31.0	15.0	1.0
								d															PP1						GSM7049134:TTAGTAGGGCGGCGGG-1	TTAGTAGGGCGGCGGG-1	0.2492673904832081	0.1810377137702105	0.3751256914589949	0.2741389276176435	913.0	535.0	34.0	26.0	1.0
								d															PP1						GSM7049134:TTATATACGCTGTCAC-1	TTATATACGCTGTCAC-1	0.3608563453123938	0.1948808755022638	0.4003353908904865	0.5001375587843915	1001.0	1148.0	38.0	74.0	1.0
								d															PP1						GSM7049134:TTATATTTGGCAATCC-1	TTATATTTGGCAATCC-1	0.2534609141195556	0.1122547319932293	0.2733856889673462	0.0	735.0	1020.0	26.0	64.0	1.0
								d															PP1						GSM7049134:TTATCGCCTGCGAAGC-1	TTATCGCCTGCGAAGC-1	0.3942942700844013	0.2762053458850814	0.5641179607724963	0.5062306154803636	757.0	420.0	27.0	17.0	1.0
								d															PP1						GSM7049134:TTATCTGTATCATAAC-1	TTATCTGTATCATAAC-1	0.2895260102029779	0.1630050923399268	0.3450124895640222	0.2839278167260228	646.0	969.0	22.0	60.0	1.0
								d															PP1						GSM7049134:TTATGAATGAAAGGGA-1	TTATGAATGAAAGGGA-1	0.418424302079619	0.2083469872633582	0.4636049479115811	0.2979841227215912	1068.0	1007.0	41.0	63.0	1.0
								d															PP1						GSM7049134:TTATGACAAACTGGAT-1	TTATGACAAACTGGAT-1	0.3845552377402322	0.2308848404603787	0.4115463255963896	0.283889007476149	757.0	649.0	27.0	35.0	1.0
								d															PP1						GSM7049134:TTATGATCTTAACGAA-1	TTATGATCTTAACGAA-1	0.3541380022072156	0.1987984918256794	0.4101848552057059	0.0	1001.0	1250.0	38.0	82.0	1.0
								d															PP1						GSM7049134:TTATGTTTGCGATAGA-1	TTATGTTTGCGATAGA-1	0.4370561389700704	0.269312621649063	0.4729537689482123	0.7509505197417281	735.0	458.0	26.0	20.0	1.0
								d															PP1						GSM7049134:TTCAAAGTCTCTAGCC-1	TTCAAAGTCTCTAGCC-1	0.3297905232875927	0.1613448740567549	0.3184984629959313	0.6642623605621539	935.0	1160.0	35.0	75.0	1.0
								d															PP1						GSM7049134:TTCAACGACCCGACCG-1	TTCAACGACCCGACCG-1	0.2631568531434263	0.2344213390173976	0.3308276731488497	0.3511714145608847	602.0	815.0	20.0	48.0	1.0
								d															PP1						GSM7049134:TTCAATACTCTGAATC-1	TTCAATACTCTGAATC-1	0.2737378140866735	0.21802825333231	0.3789023513950031	0.2405423542503781	1001.0	1301.0	38.0	86.0	1.0
								d															PP1						GSM7049134:TTCACGAAAGGATCAC-1	TTCACGAAAGGATCAC-1	0.431210293624094	0.299575046563605	0.4643623814002019	0.8163845102717825	1001.0	892.0	38.0	54.0	1.0
								d															PP1						GSM7049134:TTCAGGCGTCAAAGCC-1	TTCAGGCGTCAAAGCC-1	0.4982272095385108	0.3268113048437925	0.6409699967372496	0.4936085398955773	1046.0	407.0	40.0	16.0	1.0
								d															PP1						GSM7049134:TTCCAATCAGAGCTAG-1	TTCCAATCAGAGCTAG-1	0.2857268016677638	0.1653864891938886	0.3755112230829914	0.0	668.0	1416.0	23.0	95.0	1.0
								d															PP1						GSM7049134:TTCCAATCTGGCTATC-1	TTCCAATCTGGCTATC-1	0.4270773492745848	0.2564844717786025	0.5004668571642105	0.253234734909167	1224.0	790.0	48.0	46.0	1.0
								d															PP1						GSM7049134:TTCCACACAGATTTGA-1	TTCCACACAGATTTGA-1	0.4661129960082302	0.3321064511529496	0.578072980082734	0.5497455530769075	1268.0	790.0	50.0	46.0	1.0
								d															PP1						GSM7049134:TTCCGCGTGAGGCGAT-1	TTCCGCGTGAGGCGAT-1	0.4709927222057751	0.1790070198841669	0.429753814770034	0.5338221844934502	1179.0	1020.0	46.0	64.0	1.0
								d															PP1						GSM7049134:TTCCGGCCTTGAGGCT-1	TTCCGGCCTTGAGGCT-1	0.4272371721067817	0.2528464908823069	0.6107741871957286	1.0636021158693532	1357.0	765.0	54.0	44.0	1.0
								d															PP1						GSM7049134:TTCCTCGAGGGTGTCT-1	TTCCTCGAGGGTGTCT-1	0.3222758272447583	0.2282001335947779	0.2848956798641612	0.5456018275783541	624.0	828.0	21.0	49.0	1.0
								d															PP1						GSM7049134:TTCCTCTGCCCGAATA-1	TTCCTCTGCCCGAATA-1	0.4690365241331154	0.2739002047873665	0.6004099554269883	0.6080337997582428	935.0	394.0	35.0	15.0	1.0
								d															PP1						GSM7049134:TTCGACGGGAAGGGCG-1	TTCGACGGGAAGGGCG-1	0.2075923651043246	0.0953039865452236	0.2259782538134507	0.0	691.0	764.0	24.0	44.0	1.0
								d															PP1						GSM7049134:TTCGCACTCGCGTGCT-1	TTCGCACTCGCGTGCT-1	0.2953702253411406	0.1289480994951251	0.3094455974004143	0.0	713.0	777.0	25.0	45.0	1.0
								d															PP1						GSM7049134:TTCGGGACTAATCGCG-1	TTCGGGACTAATCGCG-1	0.2432267963239994	0.1465150854676587	0.2237552578268002	0.388799203744281	957.0	1122.0	36.0	72.0	1.0
								d															PP1						GSM7049134:TTCGGGCGCTAGTCTT-1	TTCGGGCGCTAGTCTT-1	0.4367421188536238	0.3131166683461154	0.688806013214094	1.131809396782925	1379.0	675.0	55.0	37.0	1.0
								d															PP1						GSM7049134:TTCGTACTCCAGAACG-1	TTCGTACTCCAGAACG-1	0.37046391299274	0.2087903478415997	0.415216574578399	0.3448211240163252	802.0	573.0	29.0	29.0	1.0
								d															PP1						GSM7049134:TTCTAACCGAAGCTTA-1	TTCTAACCGAAGCTTA-1	0.1940506383049658	0.0813623060072119	0.2501189712626393	0.0	912.0	1352.0	34.0	90.0	1.0
								d															PP1						GSM7049134:TTCTACTTGCGAGGGC-1	TTCTACTTGCGAGGGC-1	0.4842364992390485	0.3305942067372744	0.6173543634840505	0.2332259356299866	646.0	611.0	22.0	32.0	1.0
								d															PP1						GSM7049134:TTCTAGGCCAATTGTG-1	TTCTAGGCCAATTGTG-1	0.2811176914911425	0.1546193449464794	0.3755976574053322	0.3545683414298445	646.0	764.0	22.0	44.0	1.0
								d															PP1						GSM7049134:TTCTGCCGCGCCTAGA-1	TTCTGCCGCGCCTAGA-1	0.3164468973617751	0.1570253516808464	0.2667537244579846	0.2772306588932151	1246.0	1084.0	49.0	69.0	1.0
								d															PP1						GSM7049134:TTCTGCGAGCGCCCTT-1	TTCTGCGAGCGCCCTT-1	0.3849983944878766	0.2338598827772989	0.4933458779564943	0.7172479187446498	891.0	420.0	33.0	17.0	1.0
								d															PP1						GSM7049134:TTCTGCGGGTTAGCGG-1	TTCTGCGGGTTAGCGG-1	0.2433364501189543	0.1264053122004383	0.2084010300237675	0.0	1046.0	1224.0	40.0	80.0	1.0
								d															PP1						GSM7049134:TTCTGCTAGACTCCAA-1	TTCTGCTAGACTCCAA-1	0.2095711052911757	0.1217576307815054	0.2444806525442564	0.0	779.0	1556.0	28.0	106.0	1.0
								d															PP1						GSM7049134:TTCTTGAGCCGCGCTA-1	TTCTTGAGCCGCGCTA-1	0.4113318973095716	0.1676265387515194	0.532991930782019	0.2233849231189155	1202.0	726.0	47.0	41.0	1.0
								d															PP1						GSM7049134:TTCTTGGACGATCTGC-1	TTCTTGGACGATCTGC-1	0.4811214159728382	0.2608382316404093	0.6336332944962823	0.7276212468685342	1313.0	612.0	52.0	32.0	1.0
								d															PP1						GSM7049134:TTCTTGTAACCTAATG-1	TTCTTGTAACCTAATG-1	0.4250599798239547	0.2430632603355308	0.5116101551784095	0.5388194018292289	668.0	649.0	23.0	35.0	1.0
								d															PP1						GSM7049134:TTCTTGTGTCCATCAG-1	TTCTTGTGTCCATCAG-1	0.5354220586785859	0.2887260878040035	0.6726147505055949	0.7416414348353397	824.0	305.0	30.0	8.0	1.0
								d															PP1						GSM7049134:TTCTTTGGTCGCGACG-1	TTCTTTGGTCGCGACG-1	0.2319430913670008	0.1010512764151527	0.2246310592716953	0.3736451506722094	690.0	1530.0	24.0	104.0	1.0
								d															PP1						GSM7049134:TTGAAGAATTCCCAGG-1	TTGAAGAATTCCCAGG-1	0.269988696463662	0.0901296233888626	0.1659171628795831	0.3782614477661026	868.0	841.0	32.0	50.0	1.0
								d															PP1						GSM7049134:TTGAATATGGACTTTC-1	TTGAATATGGACTTTC-1	0.2522461186669254	0.1361098842860208	0.3051259355489118	0.6433285064223501	912.0	1173.0	34.0	76.0	1.0
								d															PP1						GSM7049134:TTGACATGAACGTGGA-1	TTGACATGAACGTGGA-1	0.2869918314738113	0.1397656476815848	0.3723105140499977	0.3839649002117582	1135.0	611.0	44.0	32.0	1.0
								d															PP1						GSM7049134:TTGACCATGTTCTCCG-1	TTGACCATGTTCTCCG-1	0.3828875090446401	0.2273190341561317	0.4247741656953826	0.1783309343626047	690.0	1198.0	24.0	78.0	1.0
								d															PP1						GSM7049134:TTGACCGTGTTAATGA-1	TTGACCGTGTTAATGA-1	0.520913464693577	0.3370062689149881	0.7226026190945632	0.927459651208586	1268.0	637.0	50.0	34.0	1.0
								d															PP1						GSM7049134:TTGACTACCATATGGT-1	TTGACTACCATATGGT-1	0.2858782663719479	0.1595869257616503	0.3920608994577047	0.825621852946026	1113.0	726.0	43.0	41.0	1.0
								d															PP1						GSM7049134:TTGAGAGTACTGCTAA-1	TTGAGAGTACTGCTAA-1	0.3584188216053954	0.175111284437383	0.3889854684507818	0.2853342745493383	1135.0	688.0	44.0	38.0	1.0
								d															PP1						GSM7049134:TTGATCTAACTTTGTC-1	TTGATCTAACTTTGTC-1	0.2614308625325061	0.0825746382720907	0.2692364237800795	0.0	802.0	803.0	29.0	47.0	1.0
								d															PP1						GSM7049134:TTGATTAGCTGTTTCT-1	TTGATTAGCTGTTTCT-1	0.4567749418310458	0.2791353664384877	0.5973223003562242	0.4873822196617837	1224.0	637.0	48.0	34.0	1.0
								d															PP1						GSM7049134:TTGATTATGCAGATGA-1	TTGATTATGCAGATGA-1	0.467735610084117	0.2067953896040657	0.4772561857928509	0.0	757.0	624.0	27.0	33.0	1.0
								d															PP1						GSM7049134:TTGCACAATTCAGAAA-1	TTGCACAATTCAGAAA-1	0.5528805711509273	0.3119572621932098	0.5893193528726552	0.5187906617475474	1113.0	931.0	43.0	57.0	1.0
								d															PP1						GSM7049134:TTGCACGGAGCAGCAC-1	TTGCACGGAGCAGCAC-1	0.2327583514566157	0.1167086143379759	0.3328157652087684	0.0	624.0	956.0	21.0	59.0	1.0
								d															PP1						GSM7049134:TTGCATGCTGATCACG-1	TTGCATGCTGATCACG-1	0.2609222718823883	0.147962938135853	0.3113936705459091	0.3256448531561048	1068.0	650.0	41.0	35.0	1.0
								d															PP1						GSM7049134:TTGCCCTGATCACGGG-1	TTGCCCTGATCACGGG-1	0.379368959157527	0.1960487980934232	0.3848213002037426	0.4695923313349425	957.0	637.0	36.0	34.0	1.0
								d															PP1						GSM7049134:TTGCGGCATCAGAAAG-1	TTGCGGCATCAGAAAG-1	0.495921060116578	0.2767738590045986	0.6512340987510009	0.9078304022469011	1335.0	778.0	53.0	45.0	1.0
								d															PP1						GSM7049134:TTGCGTAGTTTGAGGA-1	TTGCGTAGTTTGAGGA-1	0.4281854846308727	0.2944616546400754	0.4837914497698459	0.4471802812788785	713.0	445.0	25.0	19.0	1.0
								d															PP1						GSM7049134:TTGCGTCGGCCAACCG-1	TTGCGTCGGCCAACCG-1	0.4593094972699021	0.3030007433472345	0.5300569045635337	0.7071579844755512	1290.0	727.0	51.0	41.0	1.0
								d															PP1						GSM7049134:TTGCTCCCATACCGGA-1	TTGCTCCCATACCGGA-1	0.4521936130495606	0.3155315210899997	0.6243373357289479	0.6318795479288425	646.0	1122.0	22.0	72.0	1.0
								d															PP1						GSM7049134:TTGCTGAAGGAACCAC-1	TTGCTGAAGGAACCAC-1	0.2461714554575088	0.0983125271116709	0.1186483594938082	0.0	579.0	930.0	19.0	57.0	1.0
								d															PP1						GSM7049134:TTGCTGATCATGTTCG-1	TTGCTGATCATGTTCG-1	0.4802322403757305	0.2090067923365036	0.524269604485522	0.4362516569993139	890.0	930.0	33.0	57.0	1.0
								d															PP1						GSM7049134:TTGGAAGAATACAGTC-1	TTGGAAGAATACAGTC-1	0.4464558001403958	0.2567958851104437	0.6379203961572313	0.799674972960901	1268.0	509.0	50.0	24.0	1.0
								d															PP1						GSM7049134:TTGGACATGTGGCTTA-1	TTGGACATGTGGCTTA-1	0.3099041615491905	0.1527419081335138	0.3259859920564673	0.5660004196761667	1068.0	573.0	41.0	29.0	1.0
								d															PP1						GSM7049134:TTGGATATCGTCTACG-1	TTGGATATCGTCTACG-1	0.4540130266282864	0.2880685366657174	0.5582033715871961	0.5415898909918085	1224.0	867.0	48.0	52.0	1.0
								d															PP1						GSM7049134:TTGGCTCGCATGAGAC-1	TTGGCTCGCATGAGAC-1	0.3254045931474598	0.147377925292015	0.3492482156662815	0.0	668.0	675.0	23.0	37.0	1.0
								d															PP1						GSM7049134:TTGGGACACTGCCCGC-1	TTGGGACACTGCCCGC-1	0.3493662958778674	0.1939761632545084	0.4067449653781058	0.0	779.0	1096.0	28.0	70.0	1.0
								d															PP1						GSM7049134:TTGGGCGGCGGTTGCC-1	TTGGGCGGCGGTTGCC-1	0.2306759013534166	0.0828233378038277	0.1764747733219259	0.0	824.0	1173.0	30.0	76.0	1.0
								d															PP1						GSM7049134:TTGGTCACACTCGTAA-1	TTGGTCACACTCGTAA-1	0.4135240390867967	0.1865207073171141	0.4440491878179282	0.515528398348306	1224.0	816.0	48.0	48.0	1.0
								d															PP1						GSM7049134:TTGTAAGGACCTAAGT-1	TTGTAAGGACCTAAGT-1	0.3010666025252025	0.1873148075905681	0.3068262112315872	0.5617287507535004	1179.0	611.0	46.0	32.0	1.0
								d															PP1						GSM7049134:TTGTAATCCGTACTCG-1	TTGTAATCCGTACTCG-1	0.4099493876080747	0.1945564104466859	0.4773978142492397	0.2484532580960431	935.0	905.0	35.0	55.0	1.0
								d															PP1						GSM7049134:TTGTCGTTCAGTTACC-1	TTGTCGTTCAGTTACC-1	0.2813183018930545	0.1478865316094415	0.3315428533330446	0.0	646.0	943.0	22.0	58.0	1.0
								d															PP1						GSM7049134:TTGTGAGGCATGACGC-1	TTGTGAGGCATGACGC-1	0.5430616759948813	0.2661813608260271	0.6853179822607518	0.9907250471006436	1113.0	369.0	43.0	13.0	1.0
								d															PP1						GSM7049134:TTGTGGTAGGAGGGAT-1	TTGTGGTAGGAGGGAT-1	0.5087007216292153	0.2829678093705492	0.6889701927948195	0.7702124344537257	1268.0	560.0	50.0	28.0	1.0
								d															PP1						GSM7049134:TTGTGTATGCCACCAA-1	TTGTGTATGCCACCAA-1	0.4945079487383793	0.3152422112508871	0.6839687228506861	0.6998045318165013	1401.0	969.0	56.0	60.0	1.0
								d															PP1						GSM7049134:TTGTGTTTCCCGAAAG-1	TTGTGTTTCCCGAAAG-1	0.3578305993742021	0.250306347004352	0.4771677320469364	0.7774077475136437	1290.0	956.0	51.0	59.0	1.0
								d															PP1						GSM7049134:TTGTTAGCAAATTCGA-1	TTGTTAGCAAATTCGA-1	0.2163852436525519	0.0874802152311585	0.1817249385184833	1.394271979591713	646.0	739.0	22.0	42.0	1.0
								d															PP1						GSM7049134:TTGTTCAGTGTGCTAC-1	TTGTTCAGTGTGCTAC-1	0.3798946255400766	0.2572391034538941	0.5247851630335525	0.4393516827163845	690.0	1020.0	24.0	64.0	1.0
								d															PP1						GSM7049134:TTGTTGTGTGTCAAGA-1	TTGTTGTGTGTCAAGA-1	0.1996393017680643	0.0714648889781249	0.0888025221076849	0.0	846.0	1186.0	31.0	77.0	1.0
								d															PP1						GSM7049134:TTGTTTCCATACAACT-1	TTGTTTCCATACAACT-1	0.3334487033401313	0.192855119710343	0.4623077375505289	0.2962121788321724	1157.0	548.0	45.0	27.0	1.0
