# MEAN_SAMPLE_SIZE = 82975
# TOTAL_GENES = 18005
# TEST_DIRECTION = one-sided, positive (set), two-sided (covar)
# CONDITIONED_INTERNAL = gene size, gene density, sample size, inverse mac, log(gene size), log(gene density), log(sample size), log(inverse mac)
VARIABLE          TYPE  NGENES         BETA     BETA_STD           SE            P
F1_NULL_0000       SET     252     0.075673    0.0088899     0.062521      0.11308
F1_NULL_0001       SET     252    0.0049308   0.00057926     0.061758      0.46818
F1_NULL_0002       SET     252     0.031959    0.0037545     0.062115      0.30345
F1_NULL_0003       SET     252     -0.10361    -0.012172     0.061032       0.9552
F1_NULL_0004       SET     252   -0.0073747  -0.00086636     0.061888      0.54743
F1_NULL_0005       SET     252   -0.0023175  -0.00027226     0.060302      0.51533
F1_NULL_0006       SET     252   -0.0084599  -0.00099385     0.061434      0.55476
F1_NULL_0007       SET     252   -0.0011195  -0.00013152     0.062133      0.50719
F1_NULL_0008       SET     252      0.13418     0.015763      0.06249     0.015896
F1_NULL_0009       SET     252    -0.049497   -0.0058147     0.061647      0.78898
F1_NULL_0010       SET     252      0.10013     0.011763     0.061949      0.05302
F1_NULL_0011       SET     252    0.0018046     0.000212     0.062116      0.48841
F1_NULL_0012       SET     252    0.0010054   0.00011811     0.062588      0.49359
F1_NULL_0013       SET     252     0.079932    0.0093902     0.060298     0.092492
F1_NULL_0014       SET     252    -0.023645   -0.0027777     0.062667      0.64702
F1_NULL_0015       SET     252    -0.035904   -0.0042179     0.062208      0.71808
F1_NULL_0016       SET     252     -0.11362    -0.013348     0.063015       0.9643
F1_NULL_0017       SET     252     0.068741    0.0080755     0.061588      0.13219
F1_NULL_0018       SET     252     -0.07684   -0.0090269     0.062436      0.89077
F1_NULL_0019       SET     252    -0.055109    -0.006474     0.061599       0.8145
F1_NULL_0020       SET     252      0.12133     0.014254     0.062304     0.025749
F1_NULL_0021       SET     252    -0.022599   -0.0026549     0.061429      0.64352
F1_NULL_0022       SET     252    -0.068261   -0.0080192     0.060087      0.87202
F1_NULL_0023       SET     252      0.07736    0.0090881     0.062277      0.10709
F1_NULL_0024       SET     252     0.092715     0.010892     0.061521      0.06591
F1_NULL_0025       SET     252     0.026718    0.0031388     0.061305      0.33149
F1_NULL_0026       SET     252    -0.073075   -0.0085846     0.060338      0.88706
F1_NULL_0027       SET     252    -0.045833   -0.0053844      0.06047      0.77576
F1_NULL_0028       SET     252    -0.014047   -0.0016502     0.060541      0.59174
F1_NULL_0029       SET     252   -0.0074596  -0.00087633     0.060619      0.54897
F1_NULL_0030       SET     252    -0.069314   -0.0081429     0.063627        0.862
F1_NULL_0031       SET     252     0.072583    0.0085269     0.060643      0.11568
F1_NULL_0032       SET     252     0.033076    0.0038857     0.060081      0.29099
F1_NULL_0033       SET     252    -0.065484   -0.0076929     0.059738      0.86349
F1_NULL_0034       SET     252    -0.046186   -0.0054258     0.060527      0.77728
F1_NULL_0035       SET     252    -0.020502   -0.0024085     0.061282      0.63102
F1_NULL_0036       SET     252     0.051831     0.006089     0.060242       0.1948
F1_NULL_0037       SET     252     0.073825    0.0086728     0.059291      0.10655
F1_NULL_0038       SET     252     0.015639    0.0018372     0.060773      0.39846
F1_NULL_0039       SET     252  -0.00084878  -9.9713e-05     0.061478      0.50551
F1_NULL_0040       SET     252     0.036414    0.0042779     0.061359      0.27644
F1_NULL_0041       SET     252     0.014147     0.001662     0.061549      0.40911
F1_NULL_0042       SET     252     -0.06578   -0.0077277     0.060718      0.86067
F1_NULL_0043       SET     252     -0.02913   -0.0034221     0.063441      0.67694
F1_NULL_0044       SET     252    -0.027003   -0.0031723     0.063403      0.66491
F1_NULL_0045       SET     252      0.10259     0.012052     0.061685     0.048155
F1_NULL_0046       SET     252    -0.014753   -0.0017332     0.060728      0.59597
F1_NULL_0047       SET     252     0.039028    0.0045849     0.061007      0.26118
F1_NULL_0048       SET     252      0.10223      0.01201     0.062165     0.050043
F1_NULL_0049       SET     252     0.044116    0.0051826     0.063619      0.24402
F1_NULL_0050       SET     252    -0.014466   -0.0016994      0.06044      0.59458
F1_NULL_0051       SET     252     -0.11636     -0.01367     0.062256      0.96919
F1_NULL_0052       SET     252    -0.036897   -0.0043346     0.062823       0.7215
F1_NULL_0053       SET     252    -0.021684   -0.0025474     0.062313      0.63608
F1_NULL_0054       SET     252      0.13582     0.015956     0.061328     0.013399
F1_NULL_0055       SET     252    0.0090034    0.0010577     0.062283      0.44253
F1_NULL_0056       SET     252       0.1063     0.012488     0.061059     0.040856
F1_NULL_0057       SET     252    -0.022374   -0.0026285      0.06118      0.64271
F1_NULL_0058       SET     252     0.016357    0.0019216     0.061842       0.3957
F1_NULL_0059       SET     252    -0.045468   -0.0053415     0.060512      0.77379
F1_NULL_0060       SET     252    0.0070969   0.00083373     0.059968       0.4529
F1_NULL_0061       SET     252    -0.046118   -0.0054179     0.061762      0.77238
F1_NULL_0062       SET     252     0.031369    0.0036852     0.060181       0.3011
F1_NULL_0063       SET     252    -0.019084    -0.002242     0.060293       0.6242
F1_NULL_0064       SET     252     0.069718    0.0081903     0.061138      0.12708
F1_NULL_0065       SET     252     0.028552    0.0033542     0.061591      0.32148
F1_NULL_0066       SET     252    -0.013728   -0.0016128      0.06154      0.58826
F1_NULL_0067       SET     252     0.051402    0.0060386     0.064217      0.21173
F1_NULL_0068       SET     252     0.091048     0.010696     0.060463     0.066064
F1_NULL_0069       SET     252    -0.070238   -0.0082513     0.062366      0.86996
F1_NULL_0070       SET     252     0.047816    0.0056173     0.060439      0.21443
F1_NULL_0071       SET     252    0.0016691   0.00019608     0.059966       0.4889
F1_NULL_0072       SET     252      0.04765    0.0055978     0.060419      0.21516
F1_NULL_0073       SET     252     0.033078    0.0038859     0.062597      0.29861
F1_NULL_0074       SET     252    -0.028689   -0.0033704     0.061048       0.6808
F1_NULL_0075       SET     252     0.052143    0.0061256     0.061102      0.19673
F1_NULL_0076       SET     252     0.031586    0.0037106     0.060516      0.30086
F1_NULL_0077       SET     252   -0.0067658  -0.00079483     0.063931      0.54214
F1_NULL_0078       SET     252    -0.064384   -0.0075637      0.06339       0.8451
F1_NULL_0079       SET     252   0.00060126   7.0635e-05     0.062262      0.49615
F1_NULL_0080       SET     252    -0.079254   -0.0093106      0.06139      0.90164
F1_NULL_0081       SET     252     0.097219     0.011421     0.060696     0.054616
F1_NULL_0082       SET     252     0.049517    0.0058172     0.062074      0.21253
F1_NULL_0083       SET     252    -0.039736    -0.004668     0.062373      0.73795
F1_NULL_0084       SET     252     0.051161    0.0060102     0.059489       0.1949
F1_NULL_0085       SET     252     -0.11002    -0.012925     0.061838      0.96239
F1_NULL_0086       SET     252     0.033401    0.0039239     0.062221       0.2957
F1_NULL_0087       SET     252    -0.031541   -0.0037053     0.061312      0.69652
F1_NULL_0088       SET     252   -0.0070436  -0.00082747     0.061271      0.54576
F1_NULL_0089       SET     252   -0.0019319  -0.00022695     0.060874      0.51266
F1_NULL_0090       SET     252    -0.039511   -0.0046417     0.061724      0.73895
F1_NULL_0091       SET     252     -0.02922   -0.0034326     0.063231        0.678
F1_NULL_0092       SET     252     0.032832     0.003857     0.060686      0.29425
F1_NULL_0093       SET     252    0.0016171   0.00018997     0.061801      0.48956
F1_NULL_0094       SET     252    -0.013397   -0.0015739     0.062375      0.58503
F1_NULL_0095       SET     252    -0.076844   -0.0090275     0.063172      0.88808
F1_NULL_0096       SET     252     0.048703    0.0057215     0.062729      0.21876
F1_NULL_0097       SET     252     -0.05505   -0.0064671     0.060003      0.82054
F1_NULL_0098       SET     252     0.040513    0.0047594     0.061579      0.25531
F1_NULL_0099       SET     252    -0.071063   -0.0083483     0.063473      0.86855
F1_NULL_0100       SET     252     0.021559    0.0025328      0.06049      0.36077
F1_NULL_0101       SET     252     0.013963    0.0016403     0.061143      0.40968
F1_NULL_0102       SET     252    -0.095635    -0.011235     0.062521      0.93694
F1_NULL_0103       SET     252     0.021299    0.0025022     0.061397      0.36433
F1_NULL_0104       SET     252     0.071229    0.0083678     0.061769      0.12443
F1_NULL_0105       SET     252    -0.016588   -0.0019487     0.060957      0.60723
F1_NULL_0106       SET     252     0.023394    0.0027483     0.061312       0.3514
F1_NULL_0107       SET     252    0.0021714   0.00025509     0.060212      0.48562
F1_NULL_0108       SET     252    -0.023048   -0.0027076     0.062035      0.64488
F1_NULL_0109       SET     252       0.1729     0.020312     0.062548    0.0028553
F1_NULL_0110       SET     252    -0.028539   -0.0033527     0.061602      0.67841
F1_NULL_0111       SET     252     -0.11386    -0.013376     0.059347      0.97247
F1_NULL_0112       SET     252     0.019076     0.002241     0.061204      0.37765
F1_NULL_0113       SET     252      0.04604    0.0054087       0.0606      0.22371
F1_NULL_0114       SET     252      0.10156     0.011931      0.06153     0.049419
F1_NULL_0115       SET     252     -0.10175    -0.011953     0.062178      0.94912
F1_NULL_0116       SET     252    -0.036511   -0.0042893     0.061707      0.72297
F1_NULL_0117       SET     252      0.10193     0.011975      0.06098      0.04731
F1_NULL_0118       SET     252     0.018989    0.0022307     0.061747      0.37922
F1_NULL_0119       SET     252     0.053862    0.0063276     0.061986      0.19244
F1_NULL_0120       SET     252      0.09077     0.010663     0.061511     0.070023
F1_NULL_0121       SET     252   -0.0090724   -0.0010658     0.062917      0.55733
F1_NULL_0122       SET     252    0.0014247   0.00016737      0.06222      0.49087
F1_NULL_0123       SET     252      0.11544     0.013561     0.060502     0.028206
F1_NULL_0124       SET     252    0.0074973   0.00088076     0.062452      0.45222
F1_NULL_0125       SET     252    0.0045536   0.00053494      0.05974      0.46962
F1_NULL_0126       SET     252    -0.068734   -0.0080747     0.061966      0.86632
F1_NULL_0127       SET     252   -0.0011942  -0.00014029     0.061945      0.50769
F1_NULL_0128       SET     252      0.00889    0.0010444     0.061246       0.4423
F1_NULL_0129       SET     252    -0.016737   -0.0019662     0.060889      0.60829
F1_NULL_0130       SET     252    -0.047476   -0.0055774     0.061729      0.77908
F1_NULL_0131       SET     252     -0.06979   -0.0081987     0.062228      0.86896
F1_NULL_0132       SET     252     0.032021    0.0037618     0.061984      0.30272
F1_NULL_0133       SET     252    -0.087244    -0.010249      0.06022      0.92629
F1_NULL_0134       SET     252    -0.017364   -0.0020399     0.060419      0.61309
F1_NULL_0135       SET     252      0.03947    0.0046368     0.062275      0.26311
F1_NULL_0136       SET     252    -0.068656   -0.0080655     0.062068      0.86566
F1_NULL_0137       SET     252    -0.022632   -0.0026588     0.059697       0.6477
F1_NULL_0138       SET     252    -0.064596   -0.0075885     0.060217      0.85829
F1_NULL_0139       SET     252    -0.024632   -0.0028937      0.06003      0.65921
F1_NULL_0140       SET     252     0.056039    0.0065833     0.059988      0.17511
F1_NULL_0141       SET     252    -0.027797   -0.0032655     0.061751      0.67369
F1_NULL_0142       SET     252     0.020896    0.0024548     0.061109       0.3662
F1_NULL_0143       SET     252     0.032574    0.0038267     0.060171      0.29413
F1_NULL_0144       SET     252     -0.04123   -0.0048436     0.059633      0.75534
F1_NULL_0145       SET     252    -0.087215    -0.010246     0.059982      0.92702
F1_NULL_0146       SET     252    0.0058227   0.00068404     0.061304      0.46217
F1_NULL_0147       SET     252    0.0026136   0.00030704      0.05928      0.48242
F1_NULL_0148       SET     252      0.14251     0.016742     0.060845    0.0095903
F1_NULL_0149       SET     252    -0.056261   -0.0066094     0.060692      0.82303
F1_NULL_0150       SET     252     0.027202    0.0031957     0.061019      0.32787
F1_NULL_0151       SET     252     -0.11698    -0.013743     0.064174      0.96583
F1_NULL_0152       SET     252    0.0048086    0.0005649     0.062213       0.4692
F1_NULL_0153       SET     252    -0.011608   -0.0013637     0.061632       0.5747
F1_NULL_0154       SET     252    -0.039399   -0.0046285     0.062066      0.73722
F1_NULL_0155       SET     252    -0.053062   -0.0062336     0.061254      0.80682
F1_NULL_0156       SET     252    -0.010696   -0.0012566     0.061186      0.56939
F1_NULL_0157       SET     252    -0.038879   -0.0045674     0.062772      0.73216
F1_NULL_0158       SET     252    -0.059612   -0.0070031     0.060002      0.83976
F1_NULL_0159       SET     252     0.082877    0.0097362     0.061699     0.089604
F1_NULL_0160       SET     252      0.11655     0.013692     0.060586     0.027207
F1_NULL_0161       SET     252    0.0022619   0.00026573     0.060894      0.48518
F1_NULL_0162       SET     252     0.031206     0.003666     0.061502      0.30594
F1_NULL_0163       SET     252    -0.029239   -0.0034349     0.061713      0.68217
F1_NULL_0164       SET     252    -0.040167   -0.0047188     0.060054       0.7482
F1_NULL_0165       SET     252     0.080145    0.0094153     0.059219     0.087977
F1_NULL_0166       SET     252     0.094897     0.011148     0.058356     0.051967
F1_NULL_0167       SET     252    -0.073802     -0.00867     0.063256      0.87833
F1_NULL_0168       SET     252    -0.085407    -0.010033     0.060788      0.91998
F1_NULL_0169       SET     252     0.031165    0.0036612     0.063063      0.31059
F1_NULL_0170       SET     252    -0.071394   -0.0083872     0.060834      0.87971
F1_NULL_0171       SET     252      0.04049    0.0047567     0.062171      0.25744
F1_NULL_0172       SET     252    -0.049656   -0.0058335      0.06249      0.78658
F1_NULL_0173       SET     252     0.038882    0.0045678     0.062354      0.26646
F1_NULL_0174       SET     252    0.0064289   0.00075525     0.062053      0.45874
F1_NULL_0175       SET     252    0.0031364   0.00036846     0.061085      0.47953
F1_NULL_0176       SET     252   -0.0011006  -0.00012929     0.063505      0.50691
F1_NULL_0177       SET     252    -0.025278   -0.0029696     0.062477      0.65711
F1_NULL_0178       SET     252     0.042745    0.0050216     0.060934       0.2415
F1_NULL_0179       SET     252      0.10529      0.01237     0.061621     0.043759
F1_NULL_0180       SET     252     0.025258    0.0029673      0.06079      0.33889
F1_NULL_0181       SET     252    -0.051459   -0.0060453     0.061141          0.8
F1_NULL_0182       SET     252     0.038916    0.0045718     0.062109      0.26547
F1_NULL_0183       SET     252    -0.011499   -0.0013509     0.061652      0.57398
F1_NULL_0184       SET     252    -0.030509   -0.0035842     0.061139      0.69111
F1_NULL_0185       SET     252    -0.083903   -0.0098567     0.059371      0.92119
F1_NULL_0186       SET     252      0.12617     0.014823     0.060117     0.017925
F1_NULL_0187       SET     252    0.0081526   0.00095774     0.061541      0.44731
F1_NULL_0188       SET     252     0.030004    0.0035248     0.063102      0.31722
F1_NULL_0189       SET     252    -0.027817   -0.0032679     0.060324      0.67764
F1_NULL_0190       SET     252    -0.024194   -0.0028422     0.060644      0.65503
F1_NULL_0191       SET     252    -0.036835   -0.0043273     0.061734      0.72463
F1_NULL_0192       SET     252      0.02133    0.0025058     0.062048      0.36551
F1_NULL_0193       SET     252     0.058396    0.0068602     0.060952      0.16902
F1_NULL_0194       SET     252    -0.091727    -0.010776     0.061885      0.93085
F1_NULL_0195       SET     252     0.052647    0.0061849     0.062137      0.19843
F1_NULL_0196       SET     252     0.074212    0.0087182     0.060339      0.10937
F1_NULL_0197       SET     252    -0.012162   -0.0014287     0.061696      0.57813
F1_NULL_0198       SET     252    -0.018861   -0.0022157     0.061569      0.62032
F1_NULL_0199       SET     252     0.079712    0.0093643     0.061763     0.098428
F1_NULL_0200       SET     252     0.020172    0.0023697     0.061037      0.37052
F1_NULL_0201       SET     252     0.060394    0.0070949     0.059689      0.15582
F1_NULL_0202       SET     252     0.043027    0.0050547     0.062687      0.24624
F1_NULL_0203       SET     252    -0.057911   -0.0068032     0.062297       0.8237
F1_NULL_0204       SET     252     0.062368    0.0073268     0.062928      0.16083
F1_NULL_0205       SET     252    -0.021175   -0.0024876     0.061461      0.63477
F1_NULL_0206       SET     252    -0.011231   -0.0013194     0.060481      0.57365
F1_NULL_0207       SET     252    -0.062772   -0.0073743      0.06155      0.84609
F1_NULL_0208       SET     252     0.079201    0.0093043     0.061251     0.098004
F1_NULL_0209       SET     252    0.0039789   0.00046743     0.060621      0.47383
F1_NULL_0210       SET     252     0.005043   0.00059244     0.061022      0.46707
F1_NULL_0211       SET     252    -0.081668   -0.0095942     0.064078      0.89875
F1_NULL_0212       SET     252     0.031632    0.0037161      0.06116      0.30251
F1_NULL_0213       SET     252     0.007417   0.00087134     0.062207      0.45255
F1_NULL_0214       SET     252     0.020113    0.0023629     0.060837      0.37047
F1_NULL_0215       SET     252    -0.078188   -0.0091853       0.0627       0.8938
F1_NULL_0216       SET     252    -0.072004   -0.0084588     0.060992       0.8811
F1_NULL_0217       SET     252    -0.031296   -0.0036766     0.062285      0.69233
F1_NULL_0218       SET     252    -0.017405   -0.0020447     0.059892      0.61432
F1_NULL_0219       SET     252     -0.12791    -0.015026     0.061839      0.98069
F1_NULL_0220       SET     252   -0.0091302   -0.0010726     0.060954      0.55953
F1_NULL_0221       SET     252    0.0053897   0.00063316     0.059877      0.46414
F1_NULL_0222       SET     252   -0.0018366  -0.00021575     0.061868      0.51184
F1_NULL_0223       SET     252     0.026576    0.0031221     0.062347      0.33496
F1_NULL_0224       SET     252     0.023439    0.0027536     0.062019      0.35274
F1_NULL_0225       SET     252     0.043303    0.0050871     0.059136      0.23201
F1_NULL_0226       SET     252    -0.096665    -0.011356     0.062038      0.94039
F1_NULL_0227       SET     252   -0.0011407    -0.000134     0.064795      0.50702
F1_NULL_0228       SET     252     0.065352    0.0076774     0.059485      0.13597
F1_NULL_0229       SET     252     0.015688     0.001843     0.062303       0.4006
F1_NULL_0230       SET     252     -0.07224   -0.0084866     0.060058      0.88547
F1_NULL_0231       SET     252    -0.077827    -0.009143      0.06184      0.89589
F1_NULL_0232       SET     252     0.059232    0.0069584     0.059459      0.15959
F1_NULL_0233       SET     252      0.10553     0.012398     0.064535     0.051002
F1_NULL_0234       SET     252     -0.15392    -0.018082     0.060135      0.99475
F1_NULL_0235       SET     252    -0.092501    -0.010867     0.063054       0.9288
F1_NULL_0236       SET     252     0.040245    0.0047279     0.061725       0.2572
F1_NULL_0237       SET     252     0.010267    0.0012062      0.06166      0.43388
F1_NULL_0238       SET     252     0.008577    0.0010076     0.060061      0.44322
F1_NULL_0239       SET     252     0.055271    0.0064931     0.059631        0.177
F1_NULL_0240       SET     252   -0.0092947   -0.0010919     0.061058       0.5605
F1_NULL_0241       SET     252    -0.041962   -0.0049296     0.060868      0.75471
F1_NULL_0242       SET     252    -0.020432   -0.0024003     0.062751      0.62763
F1_NULL_0243       SET     252     0.066699    0.0078356     0.060246      0.13413
F1_NULL_0244       SET     252    -0.043797   -0.0051451     0.062072      0.75977
F1_NULL_0245       SET     252    -0.085229    -0.010012     0.060352      0.92104
F1_NULL_0246       SET     252     0.043002    0.0050517     0.062049      0.24415
F1_NULL_0247       SET     252     0.060835    0.0071467     0.061386      0.16084
F1_NULL_0248       SET     252    -0.053117   -0.0062401     0.059813      0.81274
F1_NULL_0249       SET     252     0.028234    0.0033169     0.060577      0.32058
F1_NULL_0250       SET     252     0.074395    0.0087397     0.061414      0.11289
F1_NULL_0251       SET     252     0.025175    0.0029575     0.060972      0.33985
F1_NULL_0252       SET     252     0.057466     0.006751     0.060665      0.17176
F1_NULL_0253       SET     252    -0.018896   -0.0022199     0.062657      0.61851
F1_NULL_0254       SET     252     0.005074   0.00059608     0.060633      0.46665
F1_NULL_0255       SET     252    -0.025442   -0.0029889     0.059554      0.66538
F1_NULL_0256       SET     252    -0.080779   -0.0094897     0.061677      0.90485
F1_NULL_0257       SET     252   -0.0049709  -0.00058397     0.058713      0.53374
F1_NULL_0258       SET     252    -0.015288    -0.001796     0.061164      0.59868
F1_NULL_0259       SET     252    0.0047305   0.00055573     0.060392      0.46878
F1_NULL_0260       SET     252     0.062456    0.0073372     0.062008      0.15692
F1_NULL_0261       SET     252    -0.072654   -0.0085352     0.060242      0.88609
F1_NULL_0262       SET     252     0.064411    0.0075669     0.062494      0.15135
F1_NULL_0263       SET     252    -0.067848   -0.0079706     0.059855       0.8715
F1_NULL_0264       SET     252    -0.030374   -0.0035682     0.060526       0.6921
F1_NULL_0265       SET     252    -0.018412    -0.002163     0.062306       0.6162
F1_NULL_0266       SET     252    -0.081078   -0.0095248      0.06074      0.90903
F1_NULL_0267       SET     252    0.0096518    0.0011339     0.062289      0.43843
F1_NULL_0268       SET     252     0.045117    0.0053003     0.060543      0.22808
F1_NULL_0269       SET     252     0.048202    0.0056627     0.060642      0.21335
F1_NULL_0270       SET     252    -0.027951   -0.0032836     0.061757      0.67458
F1_NULL_0271       SET     252    -0.025016   -0.0029388     0.061787      0.65721
F1_NULL_0272       SET     252    -0.047101   -0.0055333     0.061523      0.77803
F1_NULL_0273       SET     252     0.016466    0.0019344     0.062711      0.39644
F1_NULL_0274       SET     252     -0.02188   -0.0025704     0.061816      0.63831
F1_NULL_0275       SET     252     -0.12812    -0.015051     0.063364       0.9784
F1_NULL_0276       SET     252    -0.011567   -0.0013589     0.061918      0.57409
F1_NULL_0277       SET     252     0.052698    0.0061908     0.060797      0.19303
F1_NULL_0278       SET     252     0.064005    0.0075191     0.060526      0.14515
F1_NULL_0279       SET     252   -0.0041956  -0.00049289      0.06051      0.52764
F1_NULL_0280       SET     252    -0.067392    -0.007917     0.061535      0.86327
F1_NULL_0281       SET     252   -0.0040304  -0.00047348     0.062238      0.52582
F1_NULL_0282       SET     252     -0.12889    -0.015142     0.063114      0.97942
F1_NULL_0283       SET     252    -0.032366   -0.0038023      0.06122      0.70148
F1_NULL_0284       SET     252     0.046144    0.0054209     0.061292      0.22577
F1_NULL_0285       SET     252    0.0028025   0.00032923     0.062193      0.48203
F1_NULL_0286       SET     252     0.023898    0.0028074     0.061832      0.34957
F1_NULL_0287       SET     252    -0.080145   -0.0094153     0.063044      0.89817
F1_NULL_0288       SET     252     0.055574    0.0065286     0.059696      0.17595
F1_NULL_0289       SET     252     0.017604    0.0020681     0.061467      0.38729
F1_NULL_0290       SET     252    0.0043873   0.00051541     0.063442      0.47243
F1_NULL_0291       SET     252     0.080103    0.0094104     0.061498     0.096375
F1_NULL_0292       SET     252    -0.081485   -0.0095727     0.061022      0.90911
F1_NULL_0293       SET     252     0.021872    0.0025695     0.061483      0.36102
F1_NULL_0294       SET     252     -0.11905    -0.013986     0.061879      0.97281
F1_NULL_0295       SET     252     0.018726    0.0021999     0.061406       0.3802
F1_NULL_0296       SET     252   -0.0074848   -0.0008793     0.061167       0.5487
F1_NULL_0297       SET     252    -0.074694   -0.0087749     0.061792      0.88662
F1_NULL_0298       SET     252     -0.12762    -0.014992     0.062816       0.9789
F1_NULL_0299       SET     252     -0.18239    -0.021427     0.061808      0.99841
F1_NULL_0300       SET     252     0.017289    0.0020311     0.060754      0.38799
F1_NULL_0301       SET     252    -0.053614   -0.0062985     0.060686       0.8115
F1_NULL_0302       SET     252    -0.091753    -0.010779     0.061285      0.93281
F1_NULL_0303       SET     252     -0.10443    -0.012268     0.061452      0.95537
F1_NULL_0304       SET     252     0.036379    0.0042737     0.059744      0.27129
F1_NULL_0305       SET     252    0.0077099   0.00090574     0.061559      0.45017
F1_NULL_0306       SET     252    0.0023752   0.00027903     0.061583      0.48462
F1_NULL_0307       SET     252    -0.040548   -0.0047635     0.060745      0.74777
F1_NULL_0308       SET     252    -0.052843   -0.0062079     0.061277      0.80575
F1_NULL_0309       SET     252     0.034657    0.0040715     0.059011       0.2785
F1_NULL_0310       SET     252    -0.081448   -0.0095683     0.061209      0.90834
F1_NULL_0311       SET     252    -0.051285   -0.0060249     0.061064       0.7995
F1_NULL_0312       SET     252     0.069543    0.0081697     0.059626      0.12175
F1_NULL_0313       SET     252     0.096865     0.011379      0.06175     0.058373
F1_NULL_0314       SET     252    -0.067018   -0.0078731     0.060838      0.86467
F1_NULL_0315       SET     252     0.004024   0.00047273      0.06168      0.47399
F1_NULL_0316       SET     252    -0.060129   -0.0070638      0.06114       0.8373
F1_NULL_0317       SET     252     0.063957    0.0075135     0.061066      0.14748
F1_NULL_0318       SET     252     0.036425    0.0042792     0.061134      0.27565
F1_NULL_0319       SET     252     -0.01234   -0.0014497     0.062505      0.57825
F1_NULL_0320       SET     252      0.03861    0.0045358     0.060592        0.262
F1_NULL_0321       SET     252    -0.075144   -0.0088277     0.063153      0.88294
F1_NULL_0322       SET     252    -0.055724   -0.0065464      0.06234       0.8143
F1_NULL_0323       SET     252    -0.045214   -0.0053116     0.059967      0.77456
F1_NULL_0324       SET     252     0.034492    0.0040521     0.062737      0.29124
F1_NULL_0325       SET     252    -0.010203   -0.0011987     0.060965      0.56646
F1_NULL_0326       SET     252    0.0061871   0.00072685      0.06068      0.45939
F1_NULL_0327       SET     252    -0.050444    -0.005926      0.05986      0.80029
F1_NULL_0328       SET     252      0.10713     0.012586     0.060757     0.038932
F1_NULL_0329       SET     252    -0.023624   -0.0027753     0.062116      0.64814
F1_NULL_0330       SET     252    -0.061646   -0.0072421      0.06213      0.83945
F1_NULL_0331       SET     252     0.015252    0.0017917     0.061542      0.40214
F1_NULL_0332       SET     252     0.022053    0.0025908     0.061148      0.35918
F1_NULL_0333       SET     252    -0.051387   -0.0060368     0.061692      0.79756
F1_NULL_0334       SET     252   -0.0023345  -0.00027426     0.062165      0.51498
F1_NULL_0335       SET     252     0.030153    0.0035423      0.06012        0.308
F1_NULL_0336       SET     252    -0.033602   -0.0039475     0.061635      0.70718
F1_NULL_0337       SET     252     0.086156     0.010121     0.059385     0.073426
F1_NULL_0338       SET     252    -0.025346   -0.0029776     0.061896      0.65891
F1_NULL_0339       SET     252     0.061424    0.0072159     0.064134      0.16911
F1_NULL_0340       SET     252   0.00085904   0.00010092     0.061395      0.49442
F1_NULL_0341       SET     252   -0.0062823  -0.00073803      0.06155      0.54065
F1_NULL_0342       SET     252     0.022347    0.0026253      0.06165       0.3585
F1_NULL_0343       SET     252    -0.025964   -0.0030501     0.061959       0.6624
F1_NULL_0344       SET     252     0.068578    0.0080564     0.059527      0.12466
F1_NULL_0345       SET     252    -0.024394   -0.0028657     0.063189      0.65026
F1_NULL_0346       SET     252    -0.056044   -0.0065839     0.060477      0.82295
F1_NULL_0347       SET     252      0.11431     0.013429     0.061958     0.032528
F1_NULL_0348       SET     252    0.0090404     0.001062     0.061014      0.44111
F1_NULL_0349       SET     252    -0.051021   -0.0059938     0.059043      0.80623
F1_NULL_0350       SET     252     0.034095    0.0040054     0.062545      0.29283
F1_NULL_0351       SET     252    -0.063442    -0.007453      0.06112      0.85036
F1_NULL_0352       SET     252    -0.066667   -0.0078318     0.062304      0.85769
F1_NULL_0353       SET     252    -0.011191   -0.0013147     0.061017      0.57276
F1_NULL_0354       SET     252    -0.056368   -0.0066219     0.060404      0.82463
F1_NULL_0355       SET     252   -0.0025265   -0.0002968     0.061778      0.51631
F1_NULL_0356       SET     252     0.066173    0.0077738     0.061611      0.14141
F1_NULL_0357       SET     252     0.022441    0.0026363     0.062786      0.36039
F1_NULL_0358       SET     252     0.067031    0.0078747     0.060984      0.13586
F1_NULL_0359       SET     252     0.057279     0.006729      0.05965      0.16847
F1_NULL_0360       SET     252      0.11808     0.013872     0.062286     0.029004
F1_NULL_0361       SET     252     -0.03575   -0.0041998     0.060115      0.72397
F1_NULL_0362       SET     252    -0.036263   -0.0042601     0.060245      0.72638
F1_NULL_0363       SET     252     -0.09231    -0.010844     0.062622      0.92976
F1_NULL_0364       SET     252    -0.035716   -0.0041958     0.062788      0.71526
F1_NULL_0365       SET     252     -0.09728    -0.011428     0.062345      0.94065
F1_NULL_0366       SET     252     0.037152    0.0043645     0.060319      0.26898
F1_NULL_0367       SET     252    -0.035904    -0.004218     0.061201      0.72128
F1_NULL_0368       SET     252     0.036952    0.0043411     0.061394      0.27363
F1_NULL_0369       SET     252     -0.11308    -0.013284     0.060301      0.96961
F1_NULL_0370       SET     252   -0.0052344  -0.00061492     0.060136      0.53468
F1_NULL_0371       SET     252    -0.082672   -0.0097121      0.06366      0.90296
F1_NULL_0372       SET     252     0.078649    0.0092396     0.062699      0.10486
F1_NULL_0373       SET     252      0.11719     0.013767     0.063564      0.03263
F1_NULL_0374       SET     252    -0.029292   -0.0034411     0.062459      0.68045
F1_NULL_0375       SET     252    -0.075932   -0.0089203     0.062372      0.88827
F1_NULL_0376       SET     252     0.084112    0.0098813     0.061535     0.085836
F1_NULL_0377       SET     252    0.0019654    0.0002309     0.059519      0.48683
F1_NULL_0378       SET     252     0.025059    0.0029439     0.064363      0.34851
F1_NULL_0379       SET     252    -0.022652   -0.0026612     0.061266      0.64421
F1_NULL_0380       SET     252     -0.12974    -0.015241     0.060792      0.98358
F1_NULL_0381       SET     252     0.053995    0.0063432     0.062102      0.19231
F1_NULL_0382       SET     252    -0.033068   -0.0038848     0.059936      0.70943
F1_NULL_0383       SET     252     -0.04065   -0.0047754     0.061405      0.74601
F1_NULL_0384       SET     252     -0.08501   -0.0099867     0.061812      0.91547
F1_NULL_0385       SET     252     0.093274     0.010958     0.061912     0.065972
F1_NULL_0386       SET     252   -0.0072334  -0.00084976     0.062434      0.54612
F1_NULL_0387       SET     252    -0.031541   -0.0037054     0.060113       0.7001
F1_NULL_0388       SET     252     0.021284    0.0025003     0.061924      0.36554
F1_NULL_0389       SET     252    -0.052066   -0.0061166     0.060207      0.80641
F1_NULL_0390       SET     252      0.13158     0.015458     0.058977     0.012842
F1_NULL_0391       SET     252    -0.060926   -0.0071575     0.061915      0.83744
F1_NULL_0392       SET     252    -0.034019   -0.0039965     0.061387      0.71027
F1_NULL_0393       SET     252    -0.067539   -0.0079343     0.059399      0.87223
F1_NULL_0394       SET     252    0.0033022   0.00038794     0.060529      0.47825
F1_NULL_0395       SET     252    -0.046586   -0.0054728     0.059621       0.7827
F1_NULL_0396       SET     252     0.042406    0.0049818     0.060773      0.24266
F1_NULL_0397       SET     252     0.028907    0.0033959     0.060377      0.31605
F1_NULL_0398       SET     252    -0.048469   -0.0056941     0.059691       0.7916
F1_NULL_0399       SET     252     0.021585    0.0025357     0.063187      0.36633
F1_NULL_0400       SET     252    0.0033907   0.00039833     0.060258      0.47756
F1_NULL_0401       SET     252    -0.069502   -0.0081649     0.060902       0.8731
F1_NULL_0402       SET     252    -0.067784   -0.0079631      0.06022      0.86983
F1_NULL_0403       SET     252    -0.060059   -0.0070556     0.060726      0.83866
F1_NULL_0404       SET     252      0.13535       0.0159     0.061161     0.013457
F1_NULL_0405       SET     252    -0.044779   -0.0052606     0.063166      0.76081
F1_NULL_0406       SET     252     0.010338    0.0012145      0.06022      0.43185
F1_NULL_0407       SET     252     0.034985    0.0041099     0.060652      0.28204
F1_NULL_0408       SET     252     0.031837    0.0037402     0.061707      0.30295
F1_NULL_0409       SET     252    -0.023247    -0.002731     0.060689      0.64916
F1_NULL_0410       SET     252    -0.084829   -0.0099655     0.060855      0.91832
F1_NULL_0411       SET     252     0.028585    0.0033581     0.062111      0.32268
F1_NULL_0412       SET     252     0.093479     0.010982     0.061776     0.065125
F1_NULL_0413       SET     252      0.04173    0.0049024     0.061891      0.25008
F1_NULL_0414       SET     252    0.0053749   0.00063143     0.061341      0.46509
F1_NULL_0415       SET     252    -0.039989   -0.0046979     0.060911      0.74425
F1_NULL_0416       SET     252    -0.020191    -0.002372     0.061118      0.62943
F1_NULL_0417       SET     252    -0.099347    -0.011671     0.062912      0.94284
F1_NULL_0418       SET     252     0.045896    0.0053918     0.061649       0.2283
F1_NULL_0419       SET     252    -0.050342    -0.005914     0.061004      0.79537
F1_NULL_0420       SET     252     0.045708    0.0053696     0.063437      0.23561
F1_NULL_0421       SET     252     -0.04526    -0.005317     0.061233      0.77008
F1_NULL_0422       SET     252     0.024203    0.0028433     0.062099      0.34836
F1_NULL_0423       SET     252    -0.024768   -0.0029097     0.059973      0.66019
F1_NULL_0424       SET     252      0.06555    0.0077006     0.060276      0.13842
F1_NULL_0425       SET     252     -0.14169    -0.016645     0.061394      0.98949
F1_NULL_0426       SET     252     0.012124    0.0014243     0.061166      0.42144
F1_NULL_0427       SET     252    -0.019394   -0.0022784     0.060783      0.62516
F1_NULL_0428       SET     252    -0.053571   -0.0062934     0.061675      0.80746
F1_NULL_0429       SET     252    -0.089289    -0.010489     0.061253      0.92753
F1_NULL_0430       SET     252     -0.14665    -0.017228     0.062605      0.99042
F1_NULL_0431       SET     252    -0.035641    -0.004187     0.061503      0.71887
F1_NULL_0432       SET     252    -0.038699   -0.0045463     0.059806      0.74121
F1_NULL_0433       SET     252     0.012218    0.0014354     0.061464      0.42122
F1_NULL_0434       SET     252    -0.034583   -0.0040627     0.060339      0.71672
F1_NULL_0435       SET     252    0.0018666   0.00021928     0.061874      0.48797
F1_NULL_0436       SET     252    -0.012381   -0.0014545     0.060559      0.58099
F1_NULL_0437       SET     252     0.097777     0.011487     0.060275     0.052391
F1_NULL_0438       SET     252    -0.041085   -0.0048266     0.058622       0.7583
F1_NULL_0439       SET     252    -0.017055   -0.0020036     0.062984      0.60672
F1_NULL_0440       SET     252     0.065043    0.0076411     0.061627      0.14562
F1_NULL_0441       SET     252    -0.023337   -0.0027416     0.062281      0.64606
F1_NULL_0442       SET     252    -0.028938   -0.0033996     0.061945       0.6798
F1_NULL_0443       SET     252    -0.021929   -0.0025762     0.061011      0.64036
F1_NULL_0444       SET     252    -0.014083   -0.0016545     0.062012      0.58983
F1_NULL_0445       SET     252     0.015559    0.0018278        0.061      0.39934
F1_NULL_0446       SET     252    -0.056664   -0.0066567     0.061386      0.82201
F1_NULL_0447       SET     252    -0.045108   -0.0052992     0.061536      0.76823
F1_NULL_0448       SET     252   -0.0089985   -0.0010571     0.061753      0.55793
F1_NULL_0449       SET     252    -0.095647    -0.011236     0.062293      0.93765
F1_NULL_0450       SET     252    -0.010763   -0.0012644     0.060874      0.57017
F1_NULL_0451       SET     252     0.023579      0.00277     0.060993      0.34953
F1_NULL_0452       SET     252   -0.0099291   -0.0011664       0.0625      0.56311
F1_NULL_0453       SET     252     0.065672     0.007715     0.061699      0.14359
F1_NULL_0454       SET     252    -0.015236   -0.0017899     0.060963      0.59868
F1_NULL_0455       SET     252    -0.042699   -0.0050161     0.060703      0.75909
F1_NULL_0456       SET     252    -0.067154   -0.0078891     0.061515       0.8625
F1_NULL_0457       SET     252     0.029385    0.0034521     0.061337      0.31595
F1_NULL_0458       SET     252     -0.07636   -0.0089706     0.060185      0.89773
F1_NULL_0459       SET     252     0.061594    0.0072359     0.061265      0.15736
F1_NULL_0460       SET     252  -0.00061128  -7.1811e-05     0.060653      0.50402
F1_NULL_0461       SET     252   -0.0033046  -0.00038822     0.061095      0.52157
F1_NULL_0462       SET     252    -0.019678   -0.0023118     0.060812      0.62688
F1_NULL_0463       SET     252     0.027195    0.0031949     0.061339      0.32875
F1_NULL_0464       SET     252   -0.0017803  -0.00020915     0.059807      0.51187
F1_NULL_0465       SET     252    -0.081857   -0.0096163     0.061184      0.90952
F1_NULL_0466       SET     252    -0.083502   -0.0098096     0.061821       0.9116
F1_NULL_0467       SET     252     0.012546    0.0014738     0.059179      0.41606
F1_NULL_0468       SET     252    -0.015746   -0.0018497     0.059472       0.6044
F1_NULL_0469       SET     252      0.04915     0.005774     0.061009      0.21024
F1_NULL_0470       SET     252   -0.0069168  -0.00081257     0.061635      0.54468
F1_NULL_0471       SET     252    -0.043648   -0.0051276     0.063252      0.75492
F1_NULL_0472       SET     252    -0.065141   -0.0076526     0.060753      0.85819
F1_NULL_0473       SET     252     0.013084    0.0015371     0.061122      0.41525
F1_NULL_0474       SET     252     0.034928    0.0041033     0.060232        0.281
F1_NULL_0475       SET     252    -0.026751   -0.0031426     0.063601      0.66297
F1_NULL_0476       SET     252   -0.0099115   -0.0011644      0.05945       0.5662
F1_NULL_0477       SET     252     0.036218    0.0042548     0.062324      0.28058
F1_NULL_0478       SET     252    -0.099937     -0.01174     0.060443      0.95087
F1_NULL_0479       SET     252    -0.016586   -0.0019485     0.062391      0.60482
F1_NULL_0480       SET     252    -0.016104   -0.0018919     0.061108      0.60393
F1_NULL_0481       SET     252     0.074438    0.0087448     0.059278      0.10461
F1_NULL_0482       SET     252     0.013509     0.001587     0.061907      0.41363
F1_NULL_0483       SET     252     0.029849    0.0035065     0.061715      0.31432
F1_NULL_0484       SET     252     0.059575    0.0069987     0.062198      0.16908
F1_NULL_0485       SET     252    -0.088533    -0.010401     0.061013      0.92661
F1_NULL_0486       SET     252       0.0205    0.0024083     0.061212      0.36885
F1_NULL_0487       SET     252      0.06933    0.0081447     0.059928      0.12367
F1_NULL_0488       SET     252    -0.072219   -0.0084841     0.064135      0.86992
F1_NULL_0489       SET     252    -0.065715     -0.00772     0.062159      0.85478
F1_NULL_0490       SET     252    -0.010714   -0.0012587     0.061459       0.5692
F1_NULL_0491       SET     252     0.017203     0.002021     0.060329      0.38777
F1_NULL_0492       SET     252    0.0072651   0.00085349     0.060371      0.45211
F1_NULL_0493       SET     252    -0.029068   -0.0034148     0.060996      0.68315
F1_NULL_0494       SET     252     0.027161    0.0031908     0.060252      0.32607
F1_NULL_0495       SET     252      0.12308     0.014459       0.0624     0.024286
F1_NULL_0496       SET     252    -0.013761   -0.0016166     0.060774      0.58956
F1_NULL_0497       SET     252     -0.09918    -0.011651     0.062892      0.94259
F1_NULL_0498       SET     252     0.011704     0.001375     0.061149      0.42411
F1_NULL_0499       SET     252     0.042598    0.0050043     0.061258      0.24341
F1_NULL_0500       SET     252        0.044    0.0051691       0.0632      0.24315
F1_NULL_0501       SET     252      0.10258     0.012051     0.061388     0.047365
F1_NULL_0502       SET     252     0.099172     0.011651     0.059442     0.047628
F1_NULL_0503       SET     252     0.059327    0.0069696     0.062319      0.17056
F1_NULL_0504       SET     252     -0.02034   -0.0023895      0.06169      0.62919
F1_NULL_0505       SET     252    -0.015418   -0.0018112     0.064456      0.59452
F1_NULL_0506       SET     252     0.021631    0.0025412     0.061747      0.36305
F1_NULL_0507       SET     252       0.0551     0.006473     0.061547      0.18533
F1_NULL_0508       SET     252     -0.10391    -0.012207      0.06274      0.95115
F1_NULL_0509       SET     252     -0.10476    -0.012307     0.063791      0.94972
F1_NULL_0510       SET     252    0.0095287    0.0011194     0.061321      0.43826
F1_NULL_0511       SET     252    0.0056875   0.00066815     0.063351      0.46423
F1_NULL_0512       SET     252    -0.015765    -0.001852     0.060597      0.60263
F1_NULL_0513       SET     252   0.00032643   3.8348e-05     0.064112      0.49797
F1_NULL_0514       SET     252     -0.07492   -0.0088014     0.062415      0.88499
F1_NULL_0515       SET     252     0.059847    0.0070306     0.059957      0.15911
F1_NULL_0516       SET     252     0.015853    0.0018624      0.06112      0.39767
F1_NULL_0517       SET     252    -0.060784   -0.0071408     0.060826      0.84117
F1_NULL_0518       SET     252     0.044811    0.0052642     0.062618      0.23712
F1_NULL_0519       SET     252     0.058911    0.0069207     0.061534       0.1692
F1_NULL_0520       SET     252    0.0035507   0.00041713     0.060882      0.47675
F1_NULL_0521       SET     252    -0.020306   -0.0023854     0.060014      0.63245
F1_NULL_0522       SET     252    -0.022473   -0.0026401     0.063462      0.63837
F1_NULL_0523       SET     252     0.058164     0.006833     0.059881       0.1657
F1_NULL_0524       SET     252    -0.032829   -0.0038567     0.060293      0.70695
F1_NULL_0525       SET     252    0.0011346   0.00013329     0.059716      0.49242
F1_NULL_0526       SET     252     0.010516    0.0012354     0.059489      0.42985
F1_NULL_0527       SET     252    -0.044886   -0.0052731     0.059583      0.77437
F1_NULL_0528       SET     252     0.012685    0.0014903     0.062675       0.4198
F1_NULL_0529       SET     252     0.090852     0.010673      0.06072     0.067304
F1_NULL_0530       SET     252     -0.02967   -0.0034855     0.059429       0.6912
F1_NULL_0531       SET     252     0.021845    0.0025663     0.061285      0.36075
F1_NULL_0532       SET     252    -0.018767   -0.0022047     0.060854      0.62111
F1_NULL_0533       SET     252     0.052179    0.0061299     0.062221      0.20085
F1_NULL_0534       SET     252    -0.064986   -0.0076344     0.062261       0.8517
F1_NULL_0535       SET     252     -0.03207   -0.0037675     0.060194       0.7029
F1_NULL_0536       SET     252      0.15304     0.017978     0.058629    0.0045276
F1_NULL_0537       SET     252     0.029748    0.0034947     0.059423      0.30832
F1_NULL_0538       SET     252      0.02522    0.0029628      0.05909      0.33476
F1_NULL_0539       SET     252   -0.0070987  -0.00083393     0.062446      0.54525
F1_NULL_0540       SET     252   -0.0047523  -0.00055829     0.062682      0.53022
F1_NULL_0541       SET     252    -0.042345   -0.0049745     0.062663       0.7504
F1_NULL_0542       SET     252   -0.0025248   -0.0002966     0.060737      0.51658
F1_NULL_0543       SET     252    0.0093454    0.0010979     0.059228      0.43731
F1_NULL_0544       SET     252     0.027764    0.0032616     0.060827      0.32404
F1_NULL_0545       SET     252    0.0026602   0.00031252     0.060031      0.48233
F1_NULL_0546       SET     252     0.059773     0.007022     0.060791      0.16275
F1_NULL_0547       SET     252    -0.015865   -0.0018638     0.060669      0.60315
F1_NULL_0548       SET     252     0.056792    0.0066718     0.062193      0.18059
F1_NULL_0549       SET     252   -0.0087498   -0.0010279     0.060632      0.55737
F1_NULL_0550       SET     252   -0.0025953  -0.00030489      0.06198       0.5167
F1_NULL_0551       SET     252     0.040821    0.0047955     0.062855      0.25803
F1_NULL_0552       SET     252    -0.031133   -0.0036574     0.062448      0.69094
F1_NULL_0553       SET     252     0.066423    0.0078033     0.060557      0.13636
F1_NULL_0554       SET     252    0.0023407   0.00027498     0.060035      0.48445
F1_NULL_0555       SET     252    0.0048546   0.00057031     0.059553      0.46752
F1_NULL_0556       SET     252     0.033155    0.0038949     0.063154       0.2998
F1_NULL_0557       SET     252     0.015337    0.0018017     0.058742      0.39701
F1_NULL_0558       SET     252     0.045186    0.0053084     0.060841      0.22884
F1_NULL_0559       SET     252    -0.062779   -0.0073752     0.059753      0.85328
F1_NULL_0560       SET     252     0.047614    0.0055935     0.060732      0.21653
F1_NULL_0561       SET     252    -0.023508   -0.0027616     0.060725      0.65066
F1_NULL_0562       SET     252     -0.01531   -0.0017986     0.061789      0.59785
F1_NULL_0563       SET     252     -0.13114    -0.015406     0.062867       0.9815
F1_NULL_0564       SET     252     0.018963    0.0022278      0.06041       0.3768
F1_NULL_0565       SET     252     0.033324    0.0039148     0.061047      0.29258
F1_NULL_0566       SET     252     0.085077    0.0099947     0.064953     0.095134
F1_NULL_0567       SET     252    -0.018449   -0.0021674     0.060477      0.61984
F1_NULL_0568       SET     252     0.068289    0.0080225     0.058861      0.12299
F1_NULL_0569       SET     252    0.0022219   0.00026102     0.061117       0.4855
F1_NULL_0570       SET     252      0.11233     0.013196     0.061482     0.033861
F1_NULL_0571       SET     252    0.0070212   0.00082483     0.062891      0.45555
F1_NULL_0572       SET     252     0.031345    0.0036823     0.060664      0.30269
F1_NULL_0573       SET     252   0.00086087   0.00010113     0.062208      0.49448
F1_NULL_0574       SET     252     0.079788    0.0093733     0.059598     0.090333
F1_NULL_0575       SET     252   -0.0017023  -0.00019998     0.060448      0.51123
F1_NULL_0576       SET     252     0.053781    0.0063181     0.058329      0.17826
F1_NULL_0577       SET     252     -0.11071    -0.013006      0.06158      0.96389
F1_NULL_0578       SET     252     0.011252    0.0013219     0.060501      0.42623
F1_NULL_0579       SET     252     0.038708    0.0045473     0.061022      0.26294
F1_NULL_0580       SET     252    -0.096597    -0.011348     0.061147      0.94291
F1_NULL_0581       SET     252      0.04741    0.0055696     0.061131      0.21901
F1_NULL_0582       SET     252    -0.033808   -0.0039717     0.060664      0.71134
F1_NULL_0583       SET     252       0.0554    0.0065083     0.061707      0.18465
F1_NULL_0584       SET     252    -0.055704    -0.006544     0.060078      0.82308
F1_NULL_0585       SET     252    -0.031401   -0.0036889     0.061708      0.69457
F1_NULL_0586       SET     252    -0.070694    -0.008305     0.061073      0.87647
F1_NULL_0587       SET     252     0.054724    0.0064289     0.063075      0.19281
F1_NULL_0588       SET     252     -0.10045    -0.011801     0.059681      0.95382
F1_NULL_0589       SET     252    -0.014452   -0.0016978     0.060171       0.5949
F1_NULL_0590       SET     252     0.068722    0.0080733     0.060038      0.12619
F1_NULL_0591       SET     252    -0.006042   -0.0007098     0.063038      0.53818
F1_NULL_0592       SET     252     0.034278    0.0040269     0.059776      0.28318
F1_NULL_0593       SET     252    -0.084418   -0.0099173     0.063533      0.90802
F1_NULL_0594       SET     252     -0.15407      -0.0181     0.061593      0.99381
F1_NULL_0595       SET     252   -0.0069039  -0.00081105     0.059699      0.54603
F1_NULL_0596       SET     252     0.060472    0.0071041     0.059865      0.15622
F1_NULL_0597       SET     252     -0.10729    -0.012604     0.058753      0.96607
F1_NULL_0598       SET     252     -0.02024   -0.0023777      0.06078      0.63043
F1_NULL_0599       SET     252     0.023837    0.0028003     0.061438      0.34902
F1_NULL_0600       SET     252   -0.0082601  -0.00097037      0.06101      0.55385
F1_NULL_0601       SET     252    -0.028885   -0.0033933     0.061951      0.67948
F1_NULL_0602       SET     252    0.0065672    0.0007715     0.059451      0.45602
F1_NULL_0603       SET     252    0.0081252   0.00095453      0.06258      0.44835
F1_NULL_0604       SET     252    -0.010446   -0.0012271     0.059296      0.56991
F1_NULL_0605       SET     252     0.030427    0.0035745     0.060266      0.30683
F1_NULL_0606       SET     252      0.10484     0.012316     0.060406     0.041327
F1_NULL_0607       SET     252     0.068633    0.0080628     0.061401      0.13184
F1_NULL_0608       SET     252    -0.019399    -0.002279     0.061802       0.6232
F1_NULL_0609       SET     252    -0.083613   -0.0098227     0.060939      0.91497
F1_NULL_0610       SET     252    0.0018669   0.00021931     0.060793      0.48775
F1_NULL_0611       SET     252     -0.13518    -0.015881     0.061069      0.98656
F1_NULL_0612       SET     252   -0.0069634  -0.00081804     0.062198      0.54457
F1_NULL_0613       SET     252     0.094258     0.011073     0.062833     0.066799
F1_NULL_0614       SET     252     0.046426     0.005454     0.060482      0.22137
F1_NULL_0615       SET     252    -0.028249   -0.0033187     0.062299      0.67488
F1_NULL_0616       SET     252   0.00058941   6.9242e-05     0.061335      0.49617
F1_NULL_0617       SET     252    -0.037068   -0.0043547     0.060638       0.7295
F1_NULL_0618       SET     252      0.19999     0.023495     0.061192   0.00054202
F1_NULL_0619       SET     252    -0.010215   -0.0012001     0.059856      0.56776
F1_NULL_0620       SET     252       0.0121    0.0014214      0.06208      0.42274
F1_NULL_0621       SET     252     0.010715    0.0012588      0.06378      0.43329
F1_NULL_0622       SET     252    0.0017648   0.00020732      0.06275      0.48878
F1_NULL_0623       SET     252      0.11191     0.013147     0.061928     0.035385
F1_NULL_0624       SET     252     0.053639    0.0063013     0.060838      0.18899
F1_NULL_0625       SET     252   -0.0064905  -0.00076248     0.063166      0.54092
F1_NULL_0626       SET     252      0.14934     0.017544     0.062183     0.008166
F1_NULL_0627       SET     252    -0.036009   -0.0042303     0.060327      0.72471
F1_NULL_0628       SET     252    -0.051106   -0.0060038      0.06081      0.79966
F1_NULL_0629       SET     252     0.084085    0.0098781     0.061753     0.086666
F1_NULL_0630       SET     252     0.024743    0.0029067     0.061265      0.34316
F1_NULL_0631       SET     252     -0.11791    -0.013852     0.060761      0.97384
F1_NULL_0632       SET     252     0.012617    0.0014823     0.060273      0.41709
F1_NULL_0633       SET     252    -0.011855   -0.0013927     0.062831      0.57483
F1_NULL_0634       SET     252    -0.026596   -0.0031244      0.06073      0.66928
F1_NULL_0635       SET     252     0.038125    0.0044788     0.061345      0.26714
F1_NULL_0636       SET     252     0.090617     0.010645     0.062089     0.072226
F1_NULL_0637       SET     252     0.012057    0.0014164     0.060706      0.42128
F1_NULL_0638       SET     252   -0.0040435  -0.00047502     0.061316      0.52629
F1_NULL_0639       SET     252     -0.13692    -0.016085     0.060518      0.98816
F1_NULL_0640       SET     252      0.03663    0.0043032     0.061018      0.27415
F1_NULL_0641       SET     252     -0.10591    -0.012442     0.062247      0.95556
F1_NULL_0642       SET     252     -0.10754    -0.012633     0.061237      0.96046
F1_NULL_0643       SET     252    -0.031609   -0.0037133     0.060821      0.69836
F1_NULL_0644       SET     252     0.040293    0.0047335     0.061444      0.25599
F1_NULL_0645       SET     252    -0.063724   -0.0074862     0.062285      0.84687
F1_NULL_0646       SET     252    -0.023275   -0.0027343     0.061068      0.64845
F1_NULL_0647       SET     252     0.011905    0.0013986     0.060835      0.42243
F1_NULL_0648       SET     252    -0.016587   -0.0019486     0.060914       0.6073
F1_NULL_0649       SET     252    -0.070442   -0.0082753     0.062405       0.8705
F1_NULL_0650       SET     252     0.029531    0.0034692     0.060876      0.31381
F1_NULL_0651       SET     252      -0.0395   -0.0046403     0.061124      0.74093
F1_NULL_0652       SET     252    -0.054446   -0.0063962     0.063752      0.80345
F1_NULL_0653       SET     252    -0.065056   -0.0076426     0.061758      0.85391
F1_NULL_0654       SET     252      0.12609     0.014813     0.062005     0.021007
F1_NULL_0655       SET     252    0.0045226    0.0005313     0.061693      0.47078
F1_NULL_0656       SET     252       0.0173    0.0020324     0.061844      0.38984
F1_NULL_0657       SET     252     0.012832    0.0015075     0.061574      0.41746
F1_NULL_0658       SET     252    -0.023633   -0.0027763     0.060771      0.65131
F1_NULL_0659       SET     252    -0.049898   -0.0058619     0.062819      0.78649
F1_NULL_0660       SET     252    0.0022928   0.00026935     0.060893      0.48498
F1_NULL_0661       SET     252     0.065926    0.0077448     0.061553      0.14208
F1_NULL_0662       SET     252   -0.0042102   -0.0004946      0.06051      0.52773
F1_NULL_0663       SET     252     -0.08242   -0.0096825     0.060758      0.91252
F1_NULL_0664       SET     252      0.01947    0.0022873     0.062059      0.37686
F1_NULL_0665       SET     252    -0.031283   -0.0036751      0.06324      0.68958
F1_NULL_0666       SET     252      0.05964    0.0070064     0.060339      0.16148
F1_NULL_0667       SET     252    -0.030671   -0.0036032     0.059971      0.69547
F1_NULL_0668       SET     252    -0.056875   -0.0066815     0.061857      0.82106
F1_NULL_0669       SET     252      0.15276     0.017945     0.061253     0.006323
F1_NULL_0670       SET     252     -0.08001   -0.0093994     0.062561      0.89953
F1_NULL_0671       SET     252      0.02805    0.0032953      0.06044      0.32129
F1_NULL_0672       SET     252     0.035457    0.0041654     0.061883      0.28333
F1_NULL_0673       SET     252    -0.036293   -0.0042636      0.06053      0.72561
F1_NULL_0674       SET     252    -0.088116    -0.010352      0.06067      0.92679
F1_NULL_0675       SET     252     -0.10321    -0.012124     0.062205      0.95144
F1_NULL_0676       SET     252    -0.050756   -0.0059627     0.060965      0.79744
F1_NULL_0677       SET     252     0.035468    0.0041667     0.062052      0.28381
F1_NULL_0678       SET     252    -0.028704   -0.0033721     0.059726       0.6846
F1_NULL_0679       SET     252      0.02232    0.0026221     0.062117      0.35968
F1_NULL_0680       SET     252     0.071968    0.0084546     0.062047      0.12306
F1_NULL_0681       SET     252     0.068016    0.0079904     0.062543      0.13841
F1_NULL_0682       SET     252    -0.037637   -0.0044215     0.062228      0.72735
F1_NULL_0683       SET     252     0.053691    0.0063075     0.060172      0.18613
F1_NULL_0684       SET     252    -0.035539    -0.004175      0.06404      0.71053
F1_NULL_0685       SET     252     -0.01698   -0.0019948     0.061248       0.6092
F1_NULL_0686       SET     252    -0.013144   -0.0015442     0.061496      0.58463
F1_NULL_0687       SET     252     0.020138    0.0023657     0.061547      0.37176
F1_NULL_0688       SET     252     0.031565    0.0037082     0.060263      0.30021
F1_NULL_0689       SET     252    -0.032514   -0.0038196     0.060671      0.70398
F1_NULL_0690       SET     252   -0.0036288   -0.0004263     0.060472      0.52392
F1_NULL_0691       SET     252    -0.005349  -0.00062839     0.061258      0.53479
F1_NULL_0692       SET     252    -0.044128   -0.0051841     0.060234       0.7681
F1_NULL_0693       SET     252     0.019934    0.0023418      0.06237      0.37464
F1_NULL_0694       SET     252    -0.093977     -0.01104     0.061974      0.93528
F1_NULL_0695       SET     252    -0.026518   -0.0031153      0.06235      0.66469
F1_NULL_0696       SET     252     0.058488    0.0068711     0.059957      0.16466
F1_NULL_0697       SET     252     0.025535    0.0029998     0.062048      0.34034
F1_NULL_0698       SET     252     -0.07569   -0.0088919     0.059084       0.8999
F1_NULL_0699       SET     252     0.010858    0.0012756     0.060676      0.42899
F1_NULL_0700       SET     252    -0.049606   -0.0058276     0.058437      0.80202
F1_NULL_0701       SET     252    0.0014235   0.00016723     0.061433      0.49076
F1_NULL_0702       SET     252    -0.021128   -0.0024821     0.060338      0.63689
F1_NULL_0703       SET     252    -0.040375   -0.0047432     0.061132      0.74551
F1_NULL_0704       SET     252     0.092551     0.010873     0.061336     0.065667
F1_NULL_0705       SET     252      0.08455    0.0099327     0.061225     0.083653
F1_NULL_0706       SET     252     0.018711    0.0021981     0.060783      0.37911
F1_NULL_0707       SET     252     0.036969     0.004343     0.063329       0.2797
F1_NULL_0708       SET     252     -0.16656    -0.019567     0.061173      0.99676
F1_NULL_0709       SET     252    0.0081822   0.00096123     0.059378       0.4452
F1_NULL_0710       SET     252    -0.042406   -0.0049818     0.061911      0.75331
F1_NULL_0711       SET     252    -0.071596   -0.0084109     0.059111      0.88708
F1_NULL_0712       SET     252    -0.024375   -0.0028635     0.058141      0.66247
F1_NULL_0713       SET     252     0.064137    0.0075346      0.05984      0.14191
F1_NULL_0714       SET     252     0.040167    0.0047187     0.062345      0.25971
F1_NULL_0715       SET     252     0.011065    0.0012999     0.060378       0.4273
F1_NULL_0716       SET     252    -0.034651   -0.0040707     0.061494      0.71344
F1_NULL_0717       SET     252     -0.10929     -0.01284      0.06094      0.96354
F1_NULL_0718       SET     252   -0.0063162  -0.00074201     0.059171       0.5425
F1_NULL_0719       SET     252    -0.034727   -0.0040797     0.060689      0.71641
F1_NULL_0720       SET     252     0.023021    0.0027044     0.059628      0.34973
F1_NULL_0721       SET     252     0.078343    0.0092036        0.061     0.099525
F1_NULL_0722       SET     252   0.00045521   5.3477e-05     0.060775      0.49701
F1_NULL_0723       SET     252    -0.032161   -0.0037782     0.061629      0.69911
F1_NULL_0724       SET     252     0.038285    0.0044976     0.059738      0.26081
F1_NULL_0725       SET     252     0.020175    0.0023701     0.063132      0.37465
F1_NULL_0726       SET     252     0.075994    0.0089275     0.060542      0.10471
F1_NULL_0727       SET     252     0.070533     0.008286     0.060334       0.1212
F1_NULL_0728       SET     252      0.06692    0.0078615     0.060958      0.13615
F1_NULL_0729       SET     252     0.058942    0.0069244     0.062754      0.17381
F1_NULL_0730       SET     252     0.042347    0.0049749     0.061533      0.24567
F1_NULL_0731       SET     252    -0.025171    -0.002957     0.062673      0.65602
F1_NULL_0732       SET     252     0.030153    0.0035424     0.061468      0.31187
F1_NULL_0733       SET     252     0.053347     0.006267     0.062874      0.19809
F1_NULL_0734       SET     252    0.0029034   0.00034108     0.061732      0.48124
F1_NULL_0735       SET     252    -0.081022   -0.0095182     0.061645      0.90562
F1_NULL_0736       SET     252     0.087555     0.010286     0.063201     0.082982
F1_NULL_0737       SET     252    -0.036759   -0.0043183     0.060646      0.72778
F1_NULL_0738       SET     252     -0.11247    -0.013213     0.061722      0.96578
F1_NULL_0739       SET     252    -0.046657   -0.0054811       0.0612      0.77707
F1_NULL_0740       SET     252     0.011338    0.0013319     0.060106      0.42519
F1_NULL_0741       SET     252     0.010899    0.0012803     0.059904      0.42782
F1_NULL_0742       SET     252      0.01889    0.0022192     0.062201      0.38068
F1_NULL_0743       SET     252    -0.010772   -0.0012655     0.059275       0.5721
F1_NULL_0744       SET     252     0.039367    0.0046248     0.062038      0.26286
F1_NULL_0745       SET     252     -0.10965    -0.012881     0.061673      0.96228
F1_NULL_0746       SET     252     0.036034    0.0042332     0.060979      0.27729
F1_NULL_0747       SET     252   -0.0032572  -0.00038265     0.060687       0.5214
F1_NULL_0748       SET     252      0.03869    0.0045452     0.060709      0.26197
F1_NULL_0749       SET     252    -0.091605    -0.010762     0.061758      0.93099
F1_NULL_0750       SET     252   -0.0053383  -0.00062713     0.061759      0.53444
F1_NULL_0751       SET     252   -0.0079658   -0.0009358     0.059941      0.55286
F1_NULL_0752       SET     252     0.010532    0.0012372     0.059753      0.43005
F1_NULL_0753       SET     252     -0.18714    -0.021985     0.060377      0.99903
F1_NULL_0754       SET     252     0.068492    0.0080463     0.060039      0.12699
F1_NULL_0755       SET     252    -0.047433   -0.0055723     0.061855       0.7784
F1_NULL_0756       SET     252      0.04853    0.0057012     0.061895       0.2165
F1_NULL_0757       SET     252    -0.039506   -0.0046411     0.061578      0.73942
F1_NULL_0758       SET     252    -0.048208   -0.0056633      0.06021      0.78833
F1_NULL_0759       SET     252    -0.022135   -0.0026003     0.060532      0.64269
F1_NULL_0760       SET     252    -0.065742   -0.0077233     0.061853      0.85608
F1_NULL_0761       SET     252    0.0045963   0.00053997     0.062122      0.47051
F1_NULL_0762       SET     252     0.011614    0.0013644     0.060124      0.42342
F1_NULL_0763       SET     252     0.025379    0.0029815       0.0614      0.33968
F1_NULL_0764       SET     252    -0.014573   -0.0017121     0.063436      0.59085
F1_NULL_0765       SET     252    0.0054536   0.00064068      0.06063      0.46416
F1_NULL_0766       SET     252    -0.017963   -0.0021102     0.060803      0.61616
F1_NULL_0767       SET     252     0.036443    0.0042813     0.060329       0.2729
F1_NULL_0768       SET     252     0.066358    0.0077956     0.061597      0.14068
F1_NULL_0769       SET     252     -0.05263   -0.0061829     0.059378      0.81228
F1_NULL_0770       SET     252     0.083045    0.0097559     0.061006     0.086726
F1_NULL_0771       SET     252      0.02628    0.0030874     0.061827       0.3354
F1_NULL_0772       SET     252    -0.064611   -0.0075903     0.059518      0.86116
F1_NULL_0773       SET     252     0.012055    0.0014162     0.061385      0.42215
F1_NULL_0774       SET     252    -0.021861   -0.0025682     0.061395       0.6391
F1_NULL_0775       SET     252    -0.032518   -0.0038202     0.060685      0.70397
F1_NULL_0776       SET     252     0.090873     0.010676     0.061681     0.070349
F1_NULL_0777       SET     252    -0.026916    -0.003162     0.062438      0.66679
F1_NULL_0778       SET     252     0.016362    0.0019222     0.061782      0.39557
F1_NULL_0779       SET     252    -0.028434   -0.0033404     0.059345      0.68407
F1_NULL_0780       SET     252    0.0022967   0.00026981     0.061278      0.48505
F1_NULL_0781       SET     252    -0.028752   -0.0033778      0.06088      0.68163
F1_NULL_0782       SET     252   -0.0075624  -0.00088842     0.059273      0.55076
F1_NULL_0783       SET     252    -0.084751   -0.0099563     0.062963      0.91085
F1_NULL_0784       SET     252     0.033066    0.0038845     0.059745      0.28998
F1_NULL_0785       SET     252     0.026407    0.0031023     0.060793      0.33201
F1_NULL_0786       SET     252     0.092578     0.010876     0.060824     0.064006
F1_NULL_0787       SET     252     0.062818    0.0073797     0.061644       0.1541
F1_NULL_0788       SET     252     -0.17433     -0.02048     0.062203      0.99746
F1_NULL_0789       SET     252     0.049409    0.0058044     0.062183      0.21344
F1_NULL_0790       SET     252    -0.029609   -0.0034784     0.063191      0.68031
F1_NULL_0791       SET     252    -0.023572   -0.0027692     0.060272      0.65214
F1_NULL_0792       SET     252     0.039246    0.0046105     0.062078      0.26363
F1_NULL_0793       SET     252    -0.069211   -0.0081307     0.062019      0.86777
F1_NULL_0794       SET     252   -0.0041642   -0.0004892     0.061898      0.52682
F1_NULL_0795       SET     252    -0.027095   -0.0031831     0.062727      0.66711
F1_NULL_0796       SET     252    -0.050025   -0.0058768     0.059999      0.79779
F1_NULL_0797       SET     252    -0.034089   -0.0040047     0.062584      0.70702
F1_NULL_0798       SET     252    -0.030802   -0.0036186     0.061644      0.69135
F1_NULL_0799       SET     252    -0.016044   -0.0018848     0.060997      0.60373
F1_NULL_0800       SET     252    -0.053811   -0.0063216     0.062525      0.80527
F1_NULL_0801       SET     252    -0.049227   -0.0057831     0.060249      0.79305
F1_NULL_0802       SET     252     0.042403    0.0049815     0.061964      0.24689
F1_NULL_0803       SET     252     0.077098    0.0090573     0.062868      0.11004
F1_NULL_0804       SET     252    -0.016079   -0.0018889     0.061465      0.60318
F1_NULL_0805       SET     252     0.082177     0.009654     0.061018     0.089037
F1_NULL_0806       SET     252     0.039419    0.0046309     0.062078      0.26272
F1_NULL_0807       SET     252    -0.095555    -0.011226     0.062307      0.93743
F1_NULL_0808       SET     252    -0.023876   -0.0028048     0.062306      0.64921
F1_NULL_0809       SET     252      0.05267    0.0061875     0.061118      0.19441
F1_NULL_0810       SET     252     -0.11345    -0.013328     0.062955      0.96422
F1_NULL_0811       SET     252     0.052476    0.0061647     0.062545      0.20074
F1_NULL_0812       SET     252      0.14577     0.017125      0.06165    0.0090334
F1_NULL_0813       SET     252     0.032634    0.0038338     0.062436       0.3006
F1_NULL_0814       SET     252   -0.0038909   -0.0004571     0.060843      0.52549
F1_NULL_0815       SET     252     0.012229    0.0014366     0.061839      0.42162
F1_NULL_0816       SET     252    -0.084129   -0.0098833     0.060648       0.9173
F1_NULL_0817       SET     252   -0.0067372  -0.00079147     0.062874      0.54267
F1_NULL_0818       SET     252     0.074995    0.0088102     0.060588      0.10791
F1_NULL_0819       SET     252      0.04632    0.0054415     0.061303      0.22496
F1_NULL_0820       SET     252     0.044254    0.0051989     0.061073      0.23435
F1_NULL_0821       SET     252     0.098709     0.011596     0.060921     0.052594
F1_NULL_0822       SET     252     0.006904   0.00081107     0.060292      0.45442
F1_NULL_0823       SET     252     0.022858    0.0026853     0.063107       0.3586
F1_NULL_0824       SET     252    0.0037738   0.00044334     0.061478      0.47553
F1_NULL_0825       SET     252      0.10068     0.011828     0.062958     0.054896
F1_NULL_0826       SET     252     0.081723    0.0096006     0.060531     0.088502
F1_NULL_0827       SET     252    -0.035464   -0.0041662     0.062066      0.71613
F1_NULL_0828       SET     252    -0.033387   -0.0039223      0.05917      0.71371
F1_NULL_0829       SET     252     0.070243     0.008252     0.063209      0.13323
F1_NULL_0830       SET     252    0.0026432   0.00031052     0.060195      0.48249
F1_NULL_0831       SET     252     -0.11931    -0.014016     0.061567      0.97368
F1_NULL_0832       SET     252     0.075591    0.0088803     0.061596      0.10988
F1_NULL_0833       SET     252     0.083424    0.0098004     0.061246     0.086592
F1_NULL_0834       SET     252   -0.0092596   -0.0010878     0.061012      0.56031
F1_NULL_0835       SET     252    -0.017594   -0.0020669     0.060819      0.61382
F1_NULL_0836       SET     252     -0.01176   -0.0013815     0.061626      0.57567
F1_NULL_0837       SET     252    -0.071504   -0.0084001     0.060683      0.88066
F1_NULL_0838       SET     252    0.0030103   0.00035364     0.061971      0.48063
F1_NULL_0839       SET     252     0.055185     0.006483     0.059715      0.17772
F1_NULL_0840       SET     252    -0.098774    -0.011604     0.059348      0.95197
F1_NULL_0841       SET     252    -0.031727   -0.0037272     0.059759      0.70226
F1_NULL_0842       SET     252     0.022335    0.0026239     0.061921      0.35916
F1_NULL_0843       SET     252     0.062126    0.0072985      0.06084       0.1536
F1_NULL_0844       SET     252     0.079506    0.0093401     0.059687     0.091431
F1_NULL_0845       SET     252     0.059617    0.0070037     0.060591      0.16258
F1_NULL_0846       SET     252     0.022841    0.0026833     0.061345      0.35482
F1_NULL_0847       SET     252    0.0099485    0.0011687     0.059637      0.43376
F1_NULL_0848       SET     252     0.071112     0.008354     0.060385      0.11948
F1_NULL_0849       SET     252   -0.0012479  -0.00014661     0.060305      0.50826
F1_NULL_0850       SET     252      0.12163     0.014289     0.062302     0.025461
F1_NULL_0851       SET     252    -0.098904    -0.011619     0.060826      0.94802
F1_NULL_0852       SET     252     0.036286    0.0042627     0.061407       0.2773
F1_NULL_0853       SET     252   -0.0054251  -0.00063732     0.062896      0.53437
F1_NULL_0854       SET     252   -0.0020521  -0.00024108     0.059924      0.51366
F1_NULL_0855       SET     252    -0.023912   -0.0028091     0.060803      0.65294
F1_NULL_0856       SET     252    -0.037291   -0.0043808     0.063279      0.72217
F1_NULL_0857       SET     252      0.10808     0.012697     0.061555     0.039569
F1_NULL_0858       SET     252    -0.054716   -0.0064279     0.060491      0.81714
F1_NULL_0859       SET     252     -0.12063    -0.014171     0.062449      0.97329
F1_NULL_0860       SET     252    -0.037619   -0.0044194     0.064308      0.72071
F1_NULL_0861       SET     252    -0.036124   -0.0042437     0.060508      0.72475
F1_NULL_0862       SET     252   -0.0067676  -0.00079505     0.061467      0.54383
F1_NULL_0863       SET     252     0.024592     0.002889       0.0607      0.34269
F1_NULL_0864       SET     252     0.051897    0.0060967      0.06193      0.20102
F1_NULL_0865       SET     252     0.018321    0.0021523     0.060553      0.38111
F1_NULL_0866       SET     252     0.018071    0.0021229     0.062467      0.38618
F1_NULL_0867       SET     252     -0.03539   -0.0041575     0.061434      0.71771
F1_NULL_0868       SET     252      0.01183    0.0013898     0.061766      0.42405
F1_NULL_0869       SET     252      -0.1051    -0.012347     0.062347      0.95407
F1_NULL_0870       SET     252    -0.037233    -0.004374     0.062515      0.72427
F1_NULL_0871       SET     252    -0.063767   -0.0074912     0.058917      0.86044
F1_NULL_0872       SET     252    0.0047008   0.00055224     0.062362      0.46996
F1_NULL_0873       SET     252    -0.043196   -0.0050745     0.058863      0.76847
F1_NULL_0874       SET     252    0.0029066   0.00034146     0.063467      0.48174
F1_NULL_0875       SET     252    -0.041941   -0.0049271     0.060248      0.75682
F1_NULL_0876       SET     252     0.052332    0.0061479     0.062081      0.19963
F1_NULL_0877       SET     252    -0.066106    -0.007766     0.063332       0.8517
F1_NULL_0878       SET     252     0.016062    0.0018869     0.062972      0.39934
F1_NULL_0879       SET     252  -0.00019956  -2.3444e-05     0.061878      0.50129
F1_NULL_0880       SET     252    0.0028376   0.00033335     0.062472      0.48189
F1_NULL_0881       SET     252    -0.084606   -0.0099393     0.061356      0.91603
F1_NULL_0882       SET     252    0.0036293   0.00042636     0.062483      0.47684
F1_NULL_0883       SET     252    -0.034344   -0.0040346     0.060345      0.71536
F1_NULL_0884       SET     252     0.027709    0.0032552     0.062696      0.32926
F1_NULL_0885       SET     252     0.048029    0.0056423     0.060077      0.21202
F1_NULL_0886       SET     252    -0.072515   -0.0085189     0.061261      0.88173
F1_NULL_0887       SET     252    0.0063996   0.00075181     0.061663      0.45867
F1_NULL_0888       SET     252     -0.02685   -0.0031543     0.059975      0.67281
F1_NULL_0889       SET     252     0.013938    0.0016374     0.061403      0.41021
F1_NULL_0890       SET     252     0.037046    0.0043521     0.060758      0.27102
F1_NULL_0891       SET     252     0.060038    0.0070531     0.059198      0.15525
F1_NULL_0892       SET     252    -0.042724   -0.0050191     0.060206      0.76103
F1_NULL_0893       SET     252     0.059218    0.0069568     0.060276      0.16295
F1_NULL_0894       SET     252     0.014672    0.0017236      0.05982      0.40313
F1_NULL_0895       SET     252      0.20092     0.023604     0.062763   0.00068547
F1_NULL_0896       SET     252     0.036664    0.0043072     0.062562      0.27893
F1_NULL_0897       SET     252    -0.078653   -0.0092399     0.060879       0.9018
F1_NULL_0898       SET     252     -0.09147    -0.010746     0.062641      0.92788
F1_NULL_0899       SET     252    -0.010603   -0.0012456     0.061529      0.56841
F1_NULL_0900       SET     252     0.037039    0.0043513     0.061771      0.27438
F1_NULL_0901       SET     252     0.067079    0.0078803     0.060222      0.13268
F1_NULL_0902       SET     252     0.048298    0.0056739       0.0615      0.21614
F1_NULL_0903       SET     252    -0.054799   -0.0064376     0.062116      0.81116
F1_NULL_0904       SET     252    -0.018016   -0.0021164     0.062184      0.61398
F1_NULL_0905       SET     252    -0.014858   -0.0017455     0.059619      0.59841
F1_NULL_0906       SET     252     0.080821    0.0094946     0.059926      0.08873
F1_NULL_0907       SET     252      0.12535     0.014726     0.062546     0.022533
F1_NULL_0908       SET     252    -0.044392   -0.0052151     0.060141      0.76978
F1_NULL_0909       SET     252    0.0041176   0.00048373     0.062094      0.47357
F1_NULL_0910       SET     252     0.089778     0.010547     0.060905      0.07024
F1_NULL_0911       SET     252     0.040906    0.0048056     0.062529       0.2565
F1_NULL_0912       SET     252     0.040189    0.0047213     0.062984      0.26172
F1_NULL_0913       SET     252    -0.054151   -0.0063616      0.05925      0.81962
F1_NULL_0914       SET     252     -0.01648   -0.0019361     0.061759      0.60521
F1_NULL_0915       SET     252     0.012133    0.0014254     0.060415      0.42042
F1_NULL_0916       SET     252    -0.046726   -0.0054892     0.061388      0.77671
F1_NULL_0917       SET     252     0.021503    0.0025261     0.059534      0.35898
F1_NULL_0918       SET     252     -0.03725    -0.004376     0.061339      0.72816
F1_NULL_0919       SET     252     0.087232     0.010248     0.061388     0.077668
F1_NULL_0920       SET     252    0.0016884   0.00019835     0.061154      0.48899
F1_NULL_0921       SET     252    -0.072257   -0.0084885     0.060427       0.8841
F1_NULL_0922       SET     252     0.036156    0.0042475     0.060097      0.27372
F1_NULL_0923       SET     252     -0.14597    -0.017149     0.059441      0.99297
F1_NULL_0924       SET     252   -0.0097119   -0.0011409     0.060267      0.56401
F1_NULL_0925       SET     252     -0.01357   -0.0015942      0.06051      0.58872
F1_NULL_0926       SET     252     0.058155    0.0068319     0.060348      0.16761
F1_NULL_0927       SET     252     0.010672    0.0012537     0.060149      0.42959
F1_NULL_0928       SET     252     0.088641     0.010413     0.060865     0.072658
F1_NULL_0929       SET     252     0.082663     0.009711     0.060088     0.084468
F1_NULL_0930       SET     252    -0.071326   -0.0083792     0.061272       0.8778
F1_NULL_0931       SET     252    -0.060338   -0.0070884     0.063265      0.82989
F1_NULL_0932       SET     252     0.044875    0.0052718     0.061872      0.23414
F1_NULL_0933       SET     252    -0.083556    -0.009816     0.059764      0.91895
F1_NULL_0934       SET     252    -0.041037   -0.0048209     0.062633      0.74383
F1_NULL_0935       SET     252    -0.046834   -0.0055019     0.060557      0.78035
F1_NULL_0936       SET     252     0.087735     0.010307     0.060482     0.073457
F1_NULL_0937       SET     252     0.035529    0.0041739     0.061098      0.28045
F1_NULL_0938       SET     252     0.026923    0.0031628      0.05984      0.32639
F1_NULL_0939       SET     252    -0.041065   -0.0048242     0.060988      0.74962
F1_NULL_0940       SET     252    -0.048294   -0.0056734     0.060221       0.7887
F1_NULL_0941       SET     252     0.034862    0.0040955     0.061802      0.28635
F1_NULL_0942       SET     252     0.050334    0.0059132     0.060197      0.20154
F1_NULL_0943       SET     252    -0.043597   -0.0051217     0.060441      0.76464
F1_NULL_0944       SET     252    -0.059307   -0.0069672     0.059823      0.83924
F1_NULL_0945       SET     252     0.034278    0.0040269     0.059798      0.28325
F1_NULL_0946       SET     252   0.00022967   2.6982e-05     0.062306      0.49853
F1_NULL_0947       SET     252    -0.061702   -0.0072485     0.063166      0.83566
F1_NULL_0948       SET     252     -0.03063   -0.0035983     0.060599      0.69338
F1_NULL_0949       SET     252    -0.058636   -0.0068884     0.062431      0.82618
F1_NULL_0950       SET     252     0.028122    0.0033037     0.058705      0.31596
F1_NULL_0951       SET     252    -0.092978    -0.010923     0.060938      0.93646
F1_NULL_0952       SET     252      0.02749    0.0032294     0.063197      0.33179
F1_NULL_0953       SET     252    -0.010774   -0.0012657     0.060659      0.57049
F1_NULL_0954       SET     252     0.046586    0.0054728     0.060581      0.22096
F1_NULL_0955       SET     252     0.059107    0.0069437      0.06279      0.17327
F1_NULL_0956       SET     252     0.038461    0.0045183     0.062016      0.26758
F1_NULL_0957       SET     252     0.027867    0.0032737     0.063286      0.32985
F1_NULL_0958       SET     252     0.031499    0.0037005     0.061775      0.30506
F1_NULL_0959       SET     252    -0.066446    -0.007806     0.061279      0.86088
F1_NULL_0960       SET     252    -0.049428   -0.0058067     0.061857      0.78787
F1_NULL_0961       SET     252     0.063356    0.0074429     0.060819      0.14878
F1_NULL_0962       SET     252    -0.068603   -0.0080593     0.059481      0.87561
F1_NULL_0963       SET     252     0.016281    0.0019127     0.059185      0.39162
F1_NULL_0964       SET     252      0.14825     0.017416     0.060726    0.0073223
F1_NULL_0965       SET     252      0.03808    0.0044735     0.059991       0.2628
F1_NULL_0966       SET     252     0.057281    0.0067292     0.061463      0.17569
F1_NULL_0967       SET     252     0.054272    0.0063758     0.058267      0.17582
F1_NULL_0968       SET     252     0.057584    0.0067648     0.062166      0.17715
F1_NULL_0969       SET     252     0.063592    0.0074706     0.061218      0.14946
F1_NULL_0970       SET     252   -0.0068714  -0.00080724      0.06142      0.54454
F1_NULL_0971       SET     252     0.041644    0.0048922     0.061343      0.24862
F1_NULL_0972       SET     252    -0.041701    -0.004899      0.06137      0.75159
F1_NULL_0973       SET     252     -0.07807   -0.0091715     0.060161      0.90279
F1_NULL_0974       SET     252    -0.012329   -0.0014483     0.061465      0.57948
F1_NULL_0975       SET     252   -0.0078161  -0.00091822     0.061528      0.55054
F1_NULL_0976       SET     252     0.028786    0.0033817     0.061558      0.32003
F1_NULL_0977       SET     252     -0.13838    -0.016257     0.061441      0.98784
F1_NULL_0978       SET     252     0.052262    0.0061396     0.061932      0.19938
F1_NULL_0979       SET     252    0.0046554    0.0005469     0.062466       0.4703
F1_NULL_0980       SET     252     0.054532    0.0064063     0.060761      0.18474
F1_NULL_0981       SET     252    -0.042887   -0.0050382     0.060649      0.76025
F1_NULL_0982       SET     252    -0.076069   -0.0089364     0.060617      0.89524
F1_NULL_0983       SET     252     0.042525    0.0049957     0.060124       0.2397
F1_NULL_0984       SET     252     -0.06344   -0.0074527     0.061197      0.85004
F1_NULL_0985       SET     252    -0.040192   -0.0047217     0.060139      0.74803
F1_NULL_0986       SET     252     0.097906     0.011502     0.060462       0.0527
F1_NULL_0987       SET     252     0.069902    0.0082119     0.062892      0.13319
F1_NULL_0988       SET     252    -0.010322   -0.0012126     0.063048      0.56502
F1_NULL_0989       SET     252     0.091053     0.010697     0.063053     0.074371
F1_NULL_0990       SET     252     0.067378    0.0079154     0.059056      0.12696
F1_NULL_0991       SET     252     0.016485    0.0019367     0.061239      0.39389
F1_NULL_0992       SET     252    -0.040389   -0.0047448     0.060758      0.74689
F1_NULL_0993       SET     252     0.038367    0.0045072     0.060867      0.26424
F1_NULL_0994       SET     252     -0.10438    -0.012262     0.062079      0.95364
F1_NULL_0995       SET     252   -0.0073092  -0.00085867     0.061273      0.54748
F1_NULL_0996       SET     252    -0.042373   -0.0049779     0.063756      0.74685
F1_NULL_0997       SET     252     0.033378    0.0039212     0.062875      0.29776
F1_NULL_0998       SET     252    -0.026519   -0.0031154     0.061808      0.66605
F1_NULL_0999       SET     252     0.058856    0.0069143     0.060322      0.16461
F1_NULL_1000       SET     252   -0.0025657  -0.00030142     0.064103      0.51596
F1_NULL_1001       SET     252    -0.037713   -0.0044304     0.061711      0.72944
F1_NULL_1002       SET     252    -0.073015   -0.0085776     0.061499      0.88243
F1_NULL_1003       SET     252     0.039545    0.0046457     0.060319      0.25604
F1_NULL_1004       SET     252    -0.021401   -0.0025142     0.059291      0.64093
F1_NULL_1005       SET     252    -0.056577   -0.0066465     0.060387      0.82559
F1_NULL_1006       SET     252    0.0092792    0.0010901     0.059864      0.43841
F1_NULL_1007       SET     252     0.067555    0.0079362     0.063713      0.14451
F1_NULL_1008       SET     252     -0.11441    -0.013441      0.06017      0.97137
F1_NULL_1009       SET     252     0.023382    0.0027469     0.062364      0.35386
F1_NULL_1010       SET     252    0.0010681   0.00012548     0.059676      0.49286
F1_NULL_1011       SET     252    -0.099236    -0.011658     0.060874      0.94846
F1_NULL_1012       SET     252     0.011724    0.0013773     0.061404      0.42429
F1_NULL_1013       SET     252    -0.011934    -0.001402     0.061625      0.57678
F1_NULL_1014       SET     252     0.024529    0.0028816     0.060914       0.3436
F1_NULL_1015       SET     252    -0.092018     -0.01081      0.06065      0.93538
F1_NULL_1016       SET     252    -0.059702   -0.0070137      0.05902      0.84412
F1_NULL_1017       SET     252     0.007228   0.00084913     0.060324      0.45231
F1_NULL_1018       SET     252     0.015878    0.0018653     0.060311      0.39617
F1_NULL_1019       SET     252     0.012632     0.001484     0.060996      0.41797
F1_NULL_1020       SET     252     0.031376     0.003686     0.059476      0.29891
F1_NULL_1021       SET     252     0.070227    0.0082501     0.062645      0.13114
F1_NULL_1022       SET     252      0.13066     0.015349     0.061019     0.016134
F1_NULL_1023       SET     252    -0.082355   -0.0096749     0.061788       0.9087
F1_NULL_1024       SET     252    0.0094565    0.0011109     0.063659      0.44096
F1_NULL_1025       SET     252     0.093334     0.010965     0.061156     0.063494
F1_NULL_1026       SET     252     0.016625    0.0019531     0.061116       0.3928
F1_NULL_1027       SET     252     0.037661    0.0044243     0.060814      0.26787
F1_NULL_1028       SET     252     0.017088    0.0020075     0.061999      0.39142
F1_NULL_1029       SET     252     -0.11867    -0.013941     0.060627      0.97484
F1_NULL_1030       SET     252     0.002121   0.00024917      0.05986      0.48587
F1_NULL_1031       SET     252    -0.046948   -0.0055153     0.059592      0.78459
F1_NULL_1032       SET     252     0.096804     0.011372     0.062971     0.062123
F1_NULL_1033       SET     252    -0.046236   -0.0054316     0.060198      0.77877
F1_NULL_1034       SET     252    -0.022124    -0.002599     0.059502      0.64498
F1_NULL_1035       SET     252     0.074368    0.0087366     0.060318      0.10881
F1_NULL_1036       SET     252    -0.099358    -0.011672     0.061734      0.94623
F1_NULL_1037       SET     252     0.033871    0.0039791     0.059362      0.28415
F1_NULL_1038       SET     252    -0.044219   -0.0051948      0.05919      0.77249
F1_NULL_1039       SET     252   -0.0031431  -0.00036925     0.065191      0.51923
F1_NULL_1040       SET     252    -0.016759   -0.0019688     0.062366      0.60592
F1_NULL_1041       SET     252    -0.048812   -0.0057343     0.063364      0.77945
F1_NULL_1042       SET     252    -0.048608   -0.0057103      0.06346      0.77815
F1_NULL_1043       SET     252      -0.1076    -0.012641     0.061003      0.96111
F1_NULL_1044       SET     252     0.034125    0.0040089     0.060705      0.28702
F1_NULL_1045       SET     252    -0.040898   -0.0048046     0.062306      0.74422
F1_NULL_1046       SET     252    -0.013046   -0.0015326     0.060311      0.58563
F1_NULL_1047       SET     252    0.0023629   0.00027759     0.060059      0.48431
F1_NULL_1048       SET     252    -0.013103   -0.0015394     0.060936      0.58513
F1_NULL_1049       SET     252      0.12394      0.01456     0.060078     0.019569
F1_NULL_1050       SET     252   -0.0027657  -0.00032491     0.062256      0.51772
F1_NULL_1051       SET     252      0.15275     0.017944     0.061247    0.0063206
F1_NULL_1052       SET     252    -0.083715   -0.0098346     0.061329      0.91387
F1_NULL_1053       SET     252    -0.023863   -0.0028034     0.060241      0.65399
F1_NULL_1054       SET     252     0.059803    0.0070255     0.061126      0.16396
F1_NULL_1055       SET     252   -0.0062061  -0.00072908     0.060556      0.54081
F1_NULL_1056       SET     252    -0.031337   -0.0036814     0.060998      0.69628
F1_NULL_1057       SET     252     0.030373    0.0035682     0.062226      0.31274
F1_NULL_1058       SET     252    -0.052644   -0.0061845     0.060454      0.80807
F1_NULL_1059       SET     252     0.044354    0.0052106     0.062973      0.24062
F1_NULL_1060       SET     252     0.020541    0.0024131     0.062083      0.37038
F1_NULL_1061       SET     252    -0.071903    -0.008447     0.060831      0.88139
F1_NULL_1062       SET     252     0.058605    0.0068848     0.060225      0.16526
F1_NULL_1063       SET     252     0.020553    0.0024145     0.062446      0.37103
F1_NULL_1064       SET     252      0.04549    0.0053441     0.061923      0.23129
F1_NULL_1065       SET     252   -0.0098872   -0.0011615     0.061585      0.56377
F1_NULL_1066       SET     252    -0.085211     -0.01001     0.061923      0.91559
F1_NULL_1067       SET     252     -0.03822     -0.00449     0.062239      0.73041
F1_NULL_1068       SET     252    -0.077072   -0.0090542     0.061987      0.89312
F1_NULL_1069       SET     252    -0.049345   -0.0057969     0.061128      0.79023
F1_NULL_1070       SET     252    -0.038337   -0.0045037      0.06189      0.73218
F1_NULL_1071       SET     252     0.044659    0.0052464     0.061929      0.23542
F1_NULL_1072       SET     252     0.018812    0.0022099      0.06228      0.38131
F1_NULL_1073       SET     252    -0.033635   -0.0039514     0.062636      0.70436
F1_NULL_1074       SET     252      0.12047     0.014153     0.062905     0.027743
F1_NULL_1075       SET     252     0.030793    0.0036175     0.061902      0.30944
F1_NULL_1076       SET     252      0.12778     0.015012     0.058964     0.015118
F1_NULL_1077       SET     252    0.0039312   0.00046183     0.061063      0.47433
F1_NULL_1078       SET     252      0.07217    0.0084784     0.062337      0.12349
F1_NULL_1079       SET     252      0.10849     0.012746     0.062399     0.041053
F1_NULL_1080       SET     252     -0.04493   -0.0052783     0.059853      0.77357
F1_NULL_1081       SET     252      0.02421    0.0028442     0.062981      0.35034
F1_NULL_1082       SET     252     0.017291    0.0020313     0.061415      0.38915
F1_NULL_1083       SET     252    -0.045712   -0.0053702     0.061966      0.76965
F1_NULL_1084       SET     252     0.020021     0.002352     0.061943      0.37327
F1_NULL_1085       SET     252    -0.056205   -0.0066029     0.061679      0.81891
F1_NULL_1086       SET     252    -0.023507   -0.0027615     0.060149      0.65203
F1_NULL_1087       SET     252     -0.08946     -0.01051     0.062011      0.92543
F1_NULL_1088       SET     252    -0.070434   -0.0082744     0.060989      0.87592
F1_NULL_1089       SET     252     0.015725    0.0018473     0.063327      0.40195
F1_NULL_1090       SET     252      0.14235     0.016723     0.062058     0.010905
F1_NULL_1091       SET     252    -0.016269   -0.0019113     0.061052      0.60506
F1_NULL_1092       SET     252    -0.048567   -0.0057056     0.063313      0.77848
F1_NULL_1093       SET     252    0.0073124   0.00085905     0.059722      0.45128
F1_NULL_1094       SET     252     0.024754    0.0029081     0.061017      0.34248
F1_NULL_1095       SET     252     0.065718    0.0077204     0.063517      0.15042
F1_NULL_1096       SET     252   -0.0071498  -0.00083995     0.061708      0.54612
F1_NULL_1097       SET     252      0.08906     0.010463     0.062723     0.077831
F1_NULL_1098       SET     252      0.06208     0.007293     0.062092      0.15871
F1_NULL_1099       SET     252     0.082948    0.0097445     0.062752     0.093119
F1_NULL_1100       SET     252    -0.060432   -0.0070994     0.063026      0.83117
F1_NULL_1101       SET     252     0.033612    0.0039487     0.064094          0.3
F1_NULL_1102       SET     252     0.029406    0.0034546     0.063273      0.32106
F1_NULL_1103       SET     252    -0.062069   -0.0072918     0.061762      0.84254
F1_NULL_1104       SET     252      0.03746    0.0044007     0.061502      0.27124
F1_NULL_1105       SET     252     -0.06474   -0.0076055     0.061137      0.85518
F1_NULL_1106       SET     252    -0.051905   -0.0060977     0.061876      0.79922
F1_NULL_1107       SET     252   -0.0082105  -0.00096455     0.058806      0.55552
F1_NULL_1108       SET     252     0.052967    0.0062224     0.062814      0.19955
F1_NULL_1109       SET     252     0.080182    0.0094195     0.061168     0.094966
F1_NULL_1110       SET     252      0.13011     0.015284     0.060246     0.015409
F1_NULL_1111       SET     252    -0.032989   -0.0038755     0.060831      0.70619
F1_NULL_1112       SET     252    -0.053213   -0.0062514     0.059586      0.81408
F1_NULL_1113       SET     252    -0.021188   -0.0024891     0.060911      0.63602
F1_NULL_1114       SET     252   0.00038893    4.569e-05     0.061573      0.49748
F1_NULL_1115       SET     252     0.058648    0.0068898     0.063046      0.17613
F1_NULL_1116       SET     252     0.016137    0.0018958     0.060477       0.3948
F1_NULL_1117       SET     252     -0.06236   -0.0073259     0.060127      0.85016
F1_NULL_1118       SET     252    0.0069214   0.00081311     0.060755      0.45465
F1_NULL_1119       SET     252    -0.040537   -0.0047621     0.059726      0.75133
F1_NULL_1120       SET     252     0.048248     0.005668     0.060853      0.21394
F1_NULL_1121       SET     252     0.028529    0.0033515     0.060768      0.31937
F1_NULL_1122       SET     252     0.065668    0.0077145     0.063235      0.14954
F1_NULL_1123       SET     252    0.0052922   0.00062171     0.059453      0.46454
F1_NULL_1124       SET     252    -0.014709   -0.0017279     0.059808      0.59713
F1_NULL_1125       SET     252    -0.091633    -0.010765     0.060841      0.93397
F1_NULL_1126       SET     252    -0.053908   -0.0063329     0.061732      0.80873
F1_NULL_1127       SET     252      0.06995    0.0082176     0.062084      0.12994
F1_NULL_1128       SET     252    0.0024282   0.00028526     0.061184      0.48417
F1_NULL_1129       SET     252     0.050396    0.0059205     0.061494      0.20625
F1_NULL_1130       SET     252     -0.10544    -0.012387     0.060903      0.95829
F1_NULL_1131       SET     252    -0.045967   -0.0054001     0.059062      0.78179
F1_NULL_1132       SET     252      0.12699     0.014918     0.060725     0.018261
F1_NULL_1133       SET     252    0.0080654   0.00094751     0.060308      0.44681
F1_NULL_1134       SET     252     -0.10647    -0.012508     0.062573      0.95557
F1_NULL_1135       SET     252    -0.056315   -0.0066158     0.062044      0.81797
F1_NULL_1136       SET     252    -0.054095    -0.006355     0.060801      0.81319
F1_NULL_1137       SET     252     0.081151    0.0095335     0.062159     0.095863
F1_NULL_1138       SET     252     0.067273    0.0079031     0.059975      0.13101
F1_NULL_1139       SET     252     -0.05792   -0.0068043     0.060994      0.82883
F1_NULL_1140       SET     252     0.077103    0.0090579     0.059174     0.096299
F1_NULL_1141       SET     252     0.022987    0.0027004     0.062216      0.35589
F1_NULL_1142       SET     252    -0.017778   -0.0020885     0.063118       0.6109
F1_NULL_1143       SET     252    -0.055437   -0.0065126     0.061895      0.81477
F1_NULL_1144       SET     252    -0.074288   -0.0087272     0.059809      0.89289
F1_NULL_1145       SET     252      0.05083    0.0059714     0.060927      0.20207
F1_NULL_1146       SET     252     0.084367    0.0099113     0.062479     0.088462
F1_NULL_1147       SET     252     0.049347    0.0057972     0.063211       0.2175
F1_NULL_1148       SET     252    -0.061433    -0.007217     0.061917      0.83944
F1_NULL_1149       SET     252    -0.030408   -0.0035723     0.059939      0.69403
F1_NULL_1150       SET     252    -0.035509   -0.0041715     0.061028      0.71966
F1_NULL_1151       SET     252     0.043492    0.0051093     0.061274      0.23892
F1_NULL_1152       SET     252  -0.00059461  -6.9853e-05     0.061697      0.50384
F1_NULL_1153       SET     252    -0.043136   -0.0050675     0.061956      0.75685
F1_NULL_1154       SET     252      0.02651    0.0031144     0.060537      0.33072
F1_NULL_1155       SET     252      0.10168     0.011945     0.060714     0.047007
F1_NULL_1156       SET     252     -0.21431    -0.025176     0.062872      0.99967
F1_NULL_1157       SET     252     0.057228     0.006723     0.063094      0.18221
F1_NULL_1158       SET     252    -0.065884   -0.0077398     0.060328      0.86259
F1_NULL_1159       SET     252    -0.037354   -0.0043882     0.060891      0.73021
F1_NULL_1160       SET     252   -0.0088875   -0.0010441     0.060087      0.55879
F1_NULL_1161       SET     252    -0.042018   -0.0049362     0.061557      0.75256
F1_NULL_1162       SET     252    -0.099208    -0.011655     0.060705      0.94889
F1_NULL_1163       SET     252    -0.087063    -0.010228     0.060808      0.92389
F1_NULL_1164       SET     252      0.01199    0.0014085      0.06196      0.42328
F1_NULL_1165       SET     252   -0.0048697  -0.00057208     0.061041      0.53179
F1_NULL_1166       SET     252    -0.051147   -0.0060086     0.062158       0.7947
F1_NULL_1167       SET     252    -0.022463    -0.002639     0.060838      0.64402
F1_NULL_1168       SET     252     0.058406    0.0068614     0.059067      0.16139
F1_NULL_1169       SET     252     0.065994    0.0077528     0.060512      0.13773
F1_NULL_1170       SET     252    -0.036949   -0.0043407     0.061242      0.72685
F1_NULL_1171       SET     252    -0.067133   -0.0078866     0.062442      0.85883
F1_NULL_1172       SET     252    0.0021714   0.00025509     0.061261      0.48586
F1_NULL_1173       SET     252     0.010173    0.0011951     0.060245      0.43295
F1_NULL_1174       SET     252     0.071063    0.0083483     0.061495      0.12393
F1_NULL_1175       SET     252     0.068465    0.0080431     0.061649      0.13338
F1_NULL_1176       SET     252    -0.072626    -0.008532     0.061059      0.88286
F1_NULL_1177       SET     252     0.028426    0.0033395     0.060208      0.31842
F1_NULL_1178       SET     252    -0.060497    -0.007107     0.065075      0.82371
F1_NULL_1179       SET     252     0.038205    0.0044883     0.061498      0.26722
F1_NULL_1180       SET     252    -0.090685    -0.010653     0.061942       0.9284
F1_NULL_1181       SET     252     0.087948     0.010332     0.062289     0.078994
F1_NULL_1182       SET     252    -0.018144   -0.0021315     0.061282      0.61641
F1_NULL_1183       SET     252     0.051079    0.0060007     0.061832      0.20438
F1_NULL_1184       SET     252     0.088019      0.01034      0.06144     0.075996
F1_NULL_1185       SET     252   -0.0072259  -0.00084888     0.059841      0.54805
F1_NULL_1186       SET     252     0.007359   0.00086452     0.061365      0.45227
F1_NULL_1187       SET     252      -0.0959    -0.011266     0.062337      0.93802
F1_NULL_1188       SET     252     -0.05658   -0.0066469     0.061204      0.82237
F1_NULL_1189       SET     252    -0.013882   -0.0016308     0.062214      0.58828
F1_NULL_1190       SET     252    -0.065056   -0.0076427     0.059082      0.86457
F1_NULL_1191       SET     252    -0.021778   -0.0025584     0.060857      0.63977
F1_NULL_1192       SET     252    0.0014758   0.00017338     0.059995      0.49019
F1_NULL_1193       SET     252    -0.040183   -0.0047206     0.060074      0.74821
F1_NULL_1194       SET     252     0.092066     0.010816     0.060011     0.062506
F1_NULL_1195       SET     252    -0.059873   -0.0070337     0.060659      0.83818
F1_NULL_1196       SET     252    -0.082761   -0.0097225      0.06039      0.91472
F1_NULL_1197       SET     252     0.069548    0.0081704     0.060742      0.12612
F1_NULL_1198       SET     252    -0.022082   -0.0025942     0.060029      0.64351
F1_NULL_1199       SET     252     0.075159    0.0088295     0.061831      0.11209
F1_NULL_1200       SET     252     -0.14237    -0.016725      0.06104      0.99015
F1_NULL_1201       SET     252     0.025792      0.00303     0.062762      0.34056
F1_NULL_1202       SET     252     0.051023    0.0059941     0.061076      0.20175
F1_NULL_1203       SET     252    -0.056895   -0.0066839     0.059346      0.83114
F1_NULL_1204       SET     252     0.026541     0.003118     0.059936      0.32895
F1_NULL_1205       SET     252     0.021737    0.0025536     0.060598      0.35991
F1_NULL_1206       SET     252      -0.1061    -0.012465     0.061756      0.95711
F1_NULL_1207       SET     252    -0.028774   -0.0033804     0.059518      0.68561
F1_NULL_1208       SET     252     0.037982    0.0044621     0.061864      0.26962
F1_NULL_1209       SET     252     0.058162    0.0068327      0.06198      0.17403
F1_NULL_1210       SET     252     -0.12065    -0.014174      0.06238      0.97344
F1_NULL_1211       SET     252    -0.042798   -0.0050278     0.059891      0.76257
F1_NULL_1212       SET     252    -0.067585   -0.0079397     0.060511      0.86797
F1_NULL_1213       SET     252    -0.039296   -0.0046165     0.060939      0.74048
F1_NULL_1214       SET     252     0.077464    0.0091003     0.060517      0.10028
F1_NULL_1215       SET     252     0.021749     0.002555     0.060951      0.36062
F1_NULL_1216       SET     252    -0.029577   -0.0034746     0.062018      0.68328
F1_NULL_1217       SET     252     0.030509    0.0035841     0.060424      0.30681
F1_NULL_1218       SET     252   -0.0085825   -0.0010083     0.062836      0.55432
F1_NULL_1219       SET     252     0.023214    0.0027271     0.059568      0.34838
F1_NULL_1220       SET     252     0.039919    0.0046896     0.062033      0.25995
F1_NULL_1221       SET     252   -0.0077002   -0.0009046     0.059891      0.55115
F1_NULL_1222       SET     252    -0.049613   -0.0058284     0.060066      0.79558
F1_NULL_1223       SET     252    -0.051044   -0.0059965     0.061189      0.79791
F1_NULL_1224       SET     252     0.086088     0.010113     0.062369     0.083753
F1_NULL_1225       SET     252     0.039484    0.0046385     0.062526      0.26387
F1_NULL_1226       SET     252     -0.11994     -0.01409     0.062903      0.97171
F1_NULL_1227       SET     252     0.022355    0.0026263     0.060199      0.35519
F1_NULL_1228       SET     252    -0.057582   -0.0067646     0.061442      0.82566
F1_NULL_1229       SET     252    -0.042399   -0.0049809     0.060175      0.75946
F1_NULL_1230       SET     252   -0.0021557  -0.00025324     0.063919      0.51345
F1_NULL_1231       SET     252     0.082979    0.0097482      0.06094     0.086665
F1_NULL_1232       SET     252     0.055637    0.0065361     0.059445      0.17466
F1_NULL_1233       SET     252      0.12649     0.014859     0.061821     0.020385
F1_NULL_1234       SET     252    -0.034398    -0.004041     0.063245      0.70674
F1_NULL_1235       SET     252     0.073788    0.0086684     0.060822      0.11254
F1_NULL_1236       SET     252    -0.069625   -0.0081794     0.061827      0.86993
F1_NULL_1237       SET     252    0.0049259   0.00057868     0.061871      0.46827
F1_NULL_1238       SET     252     0.032146    0.0037764     0.061066       0.2993
F1_NULL_1239       SET     252    0.0051598   0.00060616     0.060877      0.46623
F1_NULL_1240       SET     252     0.052049    0.0061146     0.061373       0.1982
F1_NULL_1241       SET     252   0.00091155   0.00010709     0.061049      0.49404
F1_NULL_1242       SET     252    -0.038286   -0.0044978     0.062213      0.73085
F1_NULL_1243       SET     252    -0.056405   -0.0066263     0.060997      0.82244
F1_NULL_1244       SET     252     0.009278      0.00109     0.061728      0.44026
F1_NULL_1245       SET     252      -0.0851   -0.0099974     0.061084       0.9182
F1_NULL_1246       SET     252    -0.043695   -0.0051332     0.062086      0.75921
F1_NULL_1247       SET     252     0.027426    0.0032219     0.061618      0.32813
F1_NULL_1248       SET     252     0.049163    0.0057755     0.062119      0.21435
F1_NULL_1249       SET     252    -0.010269   -0.0012064     0.059437      0.56858
F1_NULL_1250       SET     252     0.029124    0.0034214      0.05908      0.31102
F1_NULL_1251       SET     252     0.013021    0.0015297     0.059318      0.41313
F1_NULL_1252       SET     252      0.11199     0.013157     0.061127     0.033475
F1_NULL_1253       SET     252     -0.10985    -0.012905     0.060018      0.96639
F1_NULL_1254       SET     252    -0.057813   -0.0067917      0.06304      0.82044
F1_NULL_1255       SET     252     0.048277    0.0056715     0.060092      0.21088
F1_NULL_1256       SET     252    -0.053841   -0.0063251     0.062105        0.807
F1_NULL_1257       SET     252    -0.055687   -0.0065419     0.061271      0.81828
F1_NULL_1258       SET     252    -0.030472   -0.0035798     0.061186      0.69076
F1_NULL_1259       SET     252    -0.043304   -0.0050872      0.06293      0.75431
F1_NULL_1260       SET     252    -0.057648   -0.0067723      0.06283      0.82056
F1_NULL_1261       SET     252     0.037381    0.0043914     0.060962      0.26988
F1_NULL_1262       SET     252    -0.017519   -0.0020581     0.061222      0.61262
F1_NULL_1263       SET     252   -0.0052928  -0.00062179     0.061932      0.53405
F1_NULL_1264       SET     252    -0.026826   -0.0031514     0.060076      0.67239
F1_NULL_1265       SET     252      0.02988    0.0035102     0.061905      0.31467
F1_NULL_1266       SET     252     0.050934    0.0059836     0.061269       0.2029
F1_NULL_1267       SET     252      0.02781    0.0032671     0.061612      0.32586
F1_NULL_1268       SET     252     0.084603     0.009939     0.060433     0.080774
F1_NULL_1269       SET     252     0.015283    0.0017955     0.061142      0.40131
F1_NULL_1270       SET     252     -0.12556    -0.014751     0.060567      0.98091
F1_NULL_1271       SET     252   -0.0081819  -0.00096119     0.060859      0.55347
F1_NULL_1272       SET     252     0.085329     0.010024     0.061358     0.082171
F1_NULL_1273       SET     252     0.035634    0.0041862     0.060849      0.27907
F1_NULL_1274       SET     252    -0.020219   -0.0023753     0.061205      0.62943
F1_NULL_1275       SET     252    0.0096612     0.001135     0.060175      0.43622
F1_NULL_1276       SET     252    -0.059362   -0.0069737     0.061686      0.83205
F1_NULL_1277       SET     252     0.013977     0.001642     0.060461      0.40859
F1_NULL_1278       SET     252     0.039403    0.0046289     0.062116      0.26293
F1_NULL_1279       SET     252    -0.036951   -0.0043409     0.062042      0.72427
F1_NULL_1280       SET     252   -0.0097565   -0.0011462     0.061245      0.56328
F1_NULL_1281       SET     252     0.049505    0.0058157     0.061885      0.21187
F1_NULL_1282       SET     252    -0.029459   -0.0034608      0.06048       0.6869
F1_NULL_1283       SET     252      -0.1006    -0.011819     0.060037      0.95309
F1_NULL_1284       SET     252    0.0012239   0.00014379     0.062233      0.49215
F1_NULL_1285       SET     252     -0.18384    -0.021597     0.061522       0.9986
F1_NULL_1286       SET     252     0.070541    0.0082869     0.060185       0.1206
F1_NULL_1287       SET     252     -0.02867   -0.0033681     0.060151      0.68319
F1_NULL_1288       SET     252    -0.083546   -0.0098148     0.060015      0.91804
F1_NULL_1289       SET     252    -0.019091   -0.0022428     0.060129      0.62457
F1_NULL_1290       SET     252    -0.017287   -0.0020309     0.059901      0.61355
F1_NULL_1291       SET     252     -0.05116   -0.0060102     0.063171      0.79099
F1_NULL_1292       SET     252    -0.023878   -0.0028051     0.061045      0.65216
F1_NULL_1293       SET     252     -0.10071    -0.011832     0.061111      0.95032
F1_NULL_1294       SET     252     0.058009    0.0068147     0.061708       0.1736
F1_NULL_1295       SET     252    -0.031356   -0.0036836     0.062325      0.69255
F1_NULL_1296       SET     252      0.05745    0.0067491     0.061114       0.1736
F1_NULL_1297       SET     252     0.050423    0.0059236     0.061579      0.20645
F1_NULL_1298       SET     252     0.087771     0.010311     0.060644     0.073914
F1_NULL_1299       SET     252      0.01332    0.0015648     0.062674      0.41585
F1_NULL_1300       SET     252     0.059739     0.007018      0.05948      0.15761
F1_NULL_1301       SET     252    -0.076937   -0.0090384     0.061246      0.89547
F1_NULL_1302       SET     252     0.032448    0.0038119     0.059696      0.29338
F1_NULL_1303       SET     252    -0.038122   -0.0044784     0.061491      0.73235
F1_NULL_1304       SET     252    -0.014777   -0.0017359     0.060076      0.59714
F1_NULL_1305       SET     252     0.025461    0.0029911     0.060906      0.33796
F1_NULL_1306       SET     252     0.034009    0.0039953     0.062589      0.29344
F1_NULL_1307       SET     252    0.0087289    0.0010255     0.061432       0.4435
F1_NULL_1308       SET     252     0.014551    0.0017095     0.060662      0.40521
F1_NULL_1309       SET     252    -0.023101   -0.0027139     0.063532      0.64193
F1_NULL_1310       SET     252    -0.024666   -0.0028977     0.060223      0.65894
F1_NULL_1311       SET     252    -0.067958   -0.0079836      0.06107      0.86709
F1_NULL_1312       SET     252    0.0077611   0.00091175     0.060651      0.44909
F1_NULL_1313       SET     252     0.035212    0.0041366     0.060805      0.28127
F1_NULL_1314       SET     252    -0.053575   -0.0062939      0.05997      0.81416
F1_NULL_1315       SET     252    -0.073307    -0.008612     0.062124      0.88099
F1_NULL_1316       SET     252    -0.028827   -0.0033866      0.05912      0.68708
F1_NULL_1317       SET     252     0.025729    0.0030226     0.062507      0.34031
F1_NULL_1318       SET     252    -0.044645   -0.0052448     0.062004      0.76424
F1_NULL_1319       SET     252   -0.0035685  -0.00041922     0.060437      0.52354
F1_NULL_1320       SET     252     0.072425    0.0085084     0.061298       0.1187
F1_NULL_1321       SET     252     0.033784    0.0039688     0.061053      0.29002
F1_NULL_1322       SET     252     0.050998    0.0059911     0.061536      0.20363
F1_NULL_1323       SET     252    -0.014538   -0.0017079     0.060784      0.59452
F1_NULL_1324       SET     252     0.014246    0.0016736      0.05889      0.40442
F1_NULL_1325       SET     252   -0.0058947   -0.0006925     0.061341      0.53828
F1_NULL_1326       SET     252    -0.019147   -0.0022493     0.061078      0.62304
F1_NULL_1327       SET     252       0.1448      0.01701     0.062611     0.010377
F1_NULL_1328       SET     252    -0.027103    -0.003184     0.062628       0.6674
F1_NULL_1329       SET     252     0.032504    0.0038185     0.061552      0.29873
F1_NULL_1330       SET     252    0.0023878   0.00028051     0.060849      0.48435
F1_NULL_1331       SET     252     0.049236    0.0057842     0.063341      0.21849
F1_NULL_1332       SET     252      0.10653     0.012515     0.062804      0.04493
F1_NULL_1333       SET     252    -0.072977   -0.0085732     0.062006      0.88038
F1_NULL_1334       SET     252     0.059431    0.0069819     0.062441       0.1706
F1_NULL_1335       SET     252    -0.045613   -0.0053585     0.061745      0.76996
F1_NULL_1336       SET     252    -0.012135   -0.0014256     0.064629      0.57447
F1_NULL_1337       SET     252    -0.092376    -0.010852     0.060346      0.93708
F1_NULL_1338       SET     252      0.17412     0.020455     0.060898     0.002126
F1_NULL_1339       SET     252    -0.042314    -0.004971     0.061385      0.75469
F1_NULL_1340       SET     252   -0.0027588   -0.0003241     0.063553      0.51731
F1_NULL_1341       SET     252     -0.19608    -0.023036     0.060529       0.9994
F1_NULL_1342       SET     252    -0.080249   -0.0094275     0.060904      0.90618
F1_NULL_1343       SET     252   -0.0022497  -0.00026429     0.060904      0.51473
F1_NULL_1344       SET     252    -0.013835   -0.0016254     0.058914      0.59283
F1_NULL_1345       SET     252    -0.039943   -0.0046925     0.061443      0.74218
F1_NULL_1346       SET     252     0.010397    0.0012214      0.06229      0.43372
F1_NULL_1347       SET     252     0.026246    0.0030833     0.061224      0.33408
F1_NULL_1348       SET     252    0.0021552   0.00025319     0.061262      0.48597
F1_NULL_1349       SET     252    0.0081886   0.00096198     0.060737      0.44638
F1_NULL_1350       SET     252    -0.016235   -0.0019073     0.065005      0.59861
F1_NULL_1351       SET     252    -0.040768   -0.0047894     0.059808      0.75227
F1_NULL_1352       SET     252    -0.071418     -0.00839     0.062237      0.87441
F1_NULL_1353       SET     252    -0.018879   -0.0022178     0.061801         0.62
F1_NULL_1354       SET     252    -0.058644   -0.0068894     0.060158      0.83517
F1_NULL_1355       SET     252    -0.032863   -0.0038607     0.061234      0.70425
F1_NULL_1356       SET     252    0.0079313   0.00093175     0.063079      0.44997
F1_NULL_1357       SET     252    -0.085199    -0.010009     0.061521      0.91695
F1_NULL_1358       SET     252     0.016992    0.0019962     0.062669      0.39314
F1_NULL_1359       SET     252     0.029791    0.0034998     0.060378      0.31087
F1_NULL_1360       SET     252     0.022371    0.0026281     0.060535      0.35586
F1_NULL_1361       SET     252     0.098693     0.011594     0.060554     0.051578
F1_NULL_1362       SET     252   -0.0073361  -0.00086183     0.062787      0.54651
F1_NULL_1363       SET     252     0.070404    0.0082709     0.061439      0.12592
F1_NULL_1364       SET     252     0.028639    0.0033644     0.059285      0.31453
F1_NULL_1365       SET     252     0.048285    0.0056724      0.06107      0.21458
F1_NULL_1366       SET     252    -0.014593   -0.0017144     0.060605      0.59514
F1_NULL_1367       SET     252    -0.046419   -0.0054532     0.061965       0.7731
F1_NULL_1368       SET     252    -0.060629   -0.0071225     0.061542      0.83772
F1_NULL_1369       SET     252     -0.11288     -0.01326     0.060464      0.96903
F1_NULL_1370       SET     252     0.048773    0.0057298     0.059114      0.20467
F1_NULL_1371       SET     252     0.061881    0.0072696     0.061324      0.15647
F1_NULL_1372       SET     252    -0.021788   -0.0025596     0.061973      0.63742
F1_NULL_1373       SET     252       0.0398    0.0046757     0.061419      0.25849
F1_NULL_1374       SET     252    -0.062745   -0.0073711     0.060501      0.85014
F1_NULL_1375       SET     252    -0.038396   -0.0045107      0.06246      0.73063
F1_NULL_1376       SET     252    -0.043765   -0.0051414     0.062314      0.75876
F1_NULL_1377       SET     252    -0.020335   -0.0023889     0.062182      0.62817
F1_NULL_1378       SET     252     0.082798     0.009727     0.063014     0.094436
F1_NULL_1379       SET     252     0.094367     0.011086     0.062037     0.064122
F1_NULL_1380       SET     252     -0.11537    -0.013554     0.062602      0.96733
F1_NULL_1381       SET     252    -0.051026   -0.0059944      0.06156      0.79641
F1_NULL_1382       SET     252    -0.050214    -0.005899     0.061257      0.79381
F1_NULL_1383       SET     252    -0.040904   -0.0048053     0.063335       0.7408
F1_NULL_1384       SET     252     0.032727    0.0038447     0.061457      0.29719
F1_NULL_1385       SET     252    -0.035137   -0.0041278     0.060951      0.71785
F1_NULL_1386       SET     252     0.045202    0.0053103     0.063364      0.23781
F1_NULL_1387       SET     252     0.027193    0.0031946     0.062436      0.33159
F1_NULL_1388       SET     252    -0.049157   -0.0057749     0.063944      0.77897
F1_NULL_1389       SET     252   -0.0078185   -0.0009185     0.059759      0.55205
F1_NULL_1390       SET     252    -0.051711   -0.0060749     0.062413      0.79631
F1_NULL_1391       SET     252    -0.042928    -0.005043     0.060715      0.76022
F1_NULL_1392       SET     252    -0.080604   -0.0094692     0.059659      0.91166
F1_NULL_1393       SET     252    -0.038773    -0.004555     0.061647      0.73531
F1_NULL_1394       SET     252     0.035684    0.0041921     0.062113      0.28282
F1_NULL_1395       SET     252    -0.055437   -0.0065126     0.060045      0.82205
F1_NULL_1396       SET     252     0.071167    0.0083605     0.059816      0.11708
F1_NULL_1397       SET     252    -0.021939   -0.0025774      0.06005      0.64257
F1_NULL_1398       SET     252        0.167     0.019619     0.061869    0.0034784
F1_NULL_1399       SET     252    -0.090476    -0.010629      0.06232      0.92671
F1_NULL_1400       SET     252     0.013032     0.001531     0.061982      0.41674
F1_NULL_1401       SET     252     0.042906    0.0050405     0.060045      0.23744
F1_NULL_1402       SET     252      -0.0292   -0.0034304     0.061247      0.68323
F1_NULL_1403       SET     252    -0.013053   -0.0015335     0.061277      0.58434
F1_NULL_1404       SET     252    -0.064079   -0.0075279     0.061231      0.85233
F1_NULL_1405       SET     252     0.015643    0.0018377     0.061353      0.39938
F1_NULL_1406       SET     252     0.011667    0.0013706      0.06068      0.42377
F1_NULL_1407       SET     252    -0.061618   -0.0072388     0.060631      0.84525
F1_NULL_1408       SET     252     0.086867     0.010205     0.058627     0.069221
F1_NULL_1409       SET     252   -0.0092303   -0.0010844     0.062932       0.5583
F1_NULL_1410       SET     252     0.016145    0.0018967     0.062074       0.3974
F1_NULL_1411       SET     252    -0.086607    -0.010174     0.060095      0.92522
F1_NULL_1412       SET     252     0.021812    0.0025624     0.059579      0.35715
F1_NULL_1413       SET     252    -0.049621   -0.0058293     0.061245      0.79108
F1_NULL_1414       SET     252      0.13128     0.015423       0.0615       0.0164
F1_NULL_1415       SET     252    -0.012555   -0.0014749     0.061642      0.58069
F1_NULL_1416       SET     252    -0.018567   -0.0021812     0.062716       0.6164
F1_NULL_1417       SET     252    -0.016592   -0.0019492     0.061926      0.60562
F1_NULL_1418       SET     252    0.0020949    0.0002461      0.06017      0.48611
F1_NULL_1419       SET     252    -0.041839   -0.0049151     0.062384      0.74878
F1_NULL_1420       SET     252     -0.10479     -0.01231     0.059138      0.96178
F1_NULL_1421       SET     252    -0.018688   -0.0021955     0.060541      0.62122
F1_NULL_1422       SET     252     0.015317    0.0017994     0.059065      0.39769
F1_NULL_1423       SET     252     0.014186    0.0016665     0.062506      0.41023
F1_NULL_1424       SET     252     0.002176   0.00025563     0.062753      0.48617
F1_NULL_1425       SET     252     0.063318    0.0074384     0.062197      0.15434
F1_NULL_1426       SET     252     0.023105    0.0027143     0.060457      0.35117
F1_NULL_1427       SET     252    -0.010352   -0.0012161     0.060702       0.5677
F1_NULL_1428       SET     252      0.15777     0.018535     0.060588    0.0046103
F1_NULL_1429       SET     252   -0.0021666  -0.00025452     0.060228      0.51435
F1_NULL_1430       SET     252     0.066245    0.0077823     0.062721      0.14545
F1_NULL_1431       SET     252    0.0092786      0.00109     0.060756      0.43931
F1_NULL_1432       SET     252     -0.02703   -0.0031754     0.062516      0.66726
F1_NULL_1433       SET     252     0.056551    0.0066435     0.061698      0.17969
F1_NULL_1434       SET     252     0.061584    0.0072347     0.061124      0.15685
F1_NULL_1435       SET     252    -0.039182    -0.004603     0.060657      0.74084
F1_NULL_1436       SET     252      0.13387     0.015726     0.059348     0.012054
F1_NULL_1437       SET     252     0.083994    0.0098674     0.058964      0.07716
F1_NULL_1438       SET     252     0.087592      0.01029     0.062284     0.079822
F1_NULL_1439       SET     252     0.068785    0.0080807     0.061441      0.13146
F1_NULL_1440       SET     252    -0.015798    -0.001856     0.060171      0.60355
F1_NULL_1441       SET     252     0.017283    0.0020304     0.061979      0.39018
F1_NULL_1442       SET     252     0.011118    0.0013062     0.063213      0.43019
F1_NULL_1443       SET     252    -0.062321   -0.0073213     0.061151      0.84592
F1_NULL_1444       SET     252     0.088469     0.010393     0.062957     0.079986
F1_NULL_1445       SET     252     0.028456     0.003343     0.061415      0.32156
F1_NULL_1446       SET     252    -0.086975    -0.010218     0.061646      0.92085
F1_NULL_1447       SET     252    0.0023134   0.00027177      0.06087      0.48484
F1_NULL_1448       SET     252      0.01967    0.0023108     0.059808      0.37112
F1_NULL_1449       SET     252    -0.005272  -0.00061935     0.061007      0.53443
F1_NULL_1450       SET     252    -0.054508   -0.0064035     0.061865      0.81086
F1_NULL_1451       SET     252    -0.053147   -0.0062435     0.061178       0.8075
F1_NULL_1452       SET     252   -0.0033148  -0.00038941     0.058856      0.52246
F1_NULL_1453       SET     252    -0.016786    -0.001972     0.057962      0.61394
F1_NULL_1454       SET     252    0.0055112   0.00064745     0.062018       0.4646
F1_NULL_1455       SET     252     0.046302    0.0054395     0.059257       0.2173
F1_NULL_1456       SET     252     0.047456     0.005575     0.060379      0.21595
F1_NULL_1457       SET     252     0.031459    0.0036958     0.061222      0.30368
F1_NULL_1458       SET     252    -0.015886   -0.0018663     0.061335      0.60219
F1_NULL_1459       SET     252     0.034927    0.0041032     0.061737      0.28579
F1_NULL_1460       SET     252     0.011275    0.0013245     0.062239      0.42812
F1_NULL_1461       SET     252   -0.0064757  -0.00076075     0.060243       0.5428
F1_NULL_1462       SET     252    -0.049789   -0.0058491     0.062289      0.78794
F1_NULL_1463       SET     252     0.068773    0.0080793     0.061368      0.13123
F1_NULL_1464       SET     252  -0.00079315  -9.3178e-05      0.06029      0.50525
F1_NULL_1465       SET     252     0.024143    0.0028362     0.061379      0.34704
F1_NULL_1466       SET     252    -0.045114   -0.0052999     0.062537      0.76466
F1_NULL_1467       SET     252    -0.069669   -0.0081846     0.061202       0.8725
F1_NULL_1468       SET     252     0.070181    0.0082447     0.061194      0.12573
F1_NULL_1469       SET     252    -0.056142   -0.0065954     0.062467       0.8156
F1_NULL_1470       SET     252    -0.027672   -0.0032508     0.061953      0.67244
F1_NULL_1471       SET     252   0.00050739   5.9607e-05     0.061076      0.49669
F1_NULL_1472       SET     252     0.058282    0.0068468     0.062169      0.17426
F1_NULL_1473       SET     252     0.084055    0.0098746     0.059656     0.079425
F1_NULL_1474       SET     252     0.059253    0.0069609     0.064065      0.17752
F1_NULL_1475       SET     252      0.14204     0.016687     0.063145     0.012248
F1_NULL_1476       SET     252    -0.014303   -0.0016803     0.060987      0.59271
F1_NULL_1477       SET     252      -0.1066    -0.012524      0.06106      0.95958
F1_NULL_1478       SET     252     0.079815    0.0093765     0.062133     0.099476
F1_NULL_1479       SET     252    0.0048219   0.00056646     0.060445      0.46821
F1_NULL_1480       SET     252    -0.010594   -0.0012446      0.06202      0.56782
F1_NULL_1481       SET     252    0.0052587   0.00061778     0.061899      0.46615
F1_NULL_1482       SET     252    -0.044758   -0.0052581     0.060853      0.76898
F1_NULL_1483       SET     252     0.052875    0.0062116     0.059915      0.18876
F1_NULL_1484       SET     252   -0.0079501  -0.00093396     0.062191      0.55086
F1_NULL_1485       SET     252    -0.025276   -0.0029694      0.06138      0.65975
F1_NULL_1486       SET     252     -0.13067    -0.015351     0.061202      0.98361
F1_NULL_1487       SET     252     0.069523    0.0081674     0.060191      0.12404
F1_NULL_1488       SET     252     0.021031    0.0024707     0.061879      0.36698
F1_NULL_1489       SET     252     0.086107     0.010116     0.062087      0.08275
F1_NULL_1490       SET     252     0.084179    0.0098892     0.059291     0.077847
F1_NULL_1491       SET     252     0.097732     0.011481     0.062629     0.059331
F1_NULL_1492       SET     252     -0.02787   -0.0032742     0.060564       0.6773
F1_NULL_1493       SET     252     0.033689    0.0039577     0.062521        0.295
F1_NULL_1494       SET     252     0.010545    0.0012388     0.060852      0.43122
F1_NULL_1495       SET     252     0.037515    0.0044072     0.059174      0.26305
F1_NULL_1496       SET     252       0.1448     0.017011     0.062087    0.0098491
F1_NULL_1497       SET     252     0.052493    0.0061668     0.061966      0.19847
F1_NULL_1498       SET     252     0.064587    0.0075875     0.061267      0.14591
F1_NULL_1499       SET     252    -0.009321    -0.001095     0.059428      0.56232
F1_NULL_1500       SET     252   -0.0035046  -0.00041171     0.062893      0.52222
F1_NULL_1501       SET     252     0.035283     0.004145     0.062157      0.28514
F1_NULL_1502       SET     252     0.040215    0.0047244     0.060047      0.25152
F1_NULL_1503       SET     252     0.017082    0.0020068     0.060797      0.38937
F1_NULL_1504       SET     252     0.020299    0.0023847     0.063398      0.37442
F1_NULL_1505       SET     252     -0.12588    -0.014788     0.059942      0.98213
F1_NULL_1506       SET     252     0.048257    0.0056691     0.060245      0.21157
F1_NULL_1507       SET     252    0.0075832   0.00089085     0.062077      0.45139
F1_NULL_1508       SET     252    -0.055834   -0.0065593     0.060688      0.82122
F1_NULL_1509       SET     252    -0.012084   -0.0014196     0.061164      0.57831
F1_NULL_1510       SET     252    -0.038564   -0.0045304     0.062479      0.73145
F1_NULL_1511       SET     252    -0.087872    -0.010323     0.061137      0.92467
F1_NULL_1512       SET     252    -0.031807   -0.0037366      0.06173      0.69681
F1_NULL_1513       SET     252    -0.074462   -0.0087476     0.061039      0.88874
F1_NULL_1514       SET     252    -0.061943    -0.007277     0.061607      0.84265
F1_NULL_1515       SET     252      0.03227     0.003791     0.061682      0.30043
F1_NULL_1516       SET     252     0.093339     0.010965     0.061035     0.063109
F1_NULL_1517       SET     252     0.043982    0.0051669     0.061668      0.23786
F1_NULL_1518       SET     252     0.061705     0.007249     0.061684      0.15858
F1_NULL_1519       SET     252     0.027165    0.0031913     0.060099      0.32563
F1_NULL_1520       SET     252    -0.022208   -0.0026089     0.061279      0.64147
F1_NULL_1521       SET     252     0.067237    0.0078988     0.061378      0.13667
F1_NULL_1522       SET     252     0.026777    0.0031457      0.05969      0.32687
F1_NULL_1523       SET     252     0.049326    0.0057947     0.062788      0.21606
F1_NULL_1524       SET     252     0.046264     0.005435     0.059862      0.21981
F1_NULL_1525       SET     252     0.061916    0.0072737      0.06062      0.15354
F1_NULL_1526       SET     252     -0.10826    -0.012718     0.061292      0.96131
F1_NULL_1527       SET     252    -0.011676   -0.0013716     0.059508      0.57777
F1_NULL_1528       SET     252    0.0018973   0.00022289     0.062305      0.48785
F1_NULL_1529       SET     252   -0.0057821  -0.00067927     0.061606      0.53739
F1_NULL_1530       SET     252    -0.017845   -0.0020964     0.059336      0.61819
F1_NULL_1531       SET     252     0.026485    0.0031113     0.059848      0.32906
F1_NULL_1532       SET     252     -0.05274   -0.0061958     0.060408      0.80868
F1_NULL_1533       SET     252    -0.073403   -0.0086232      0.06025      0.88844
F1_NULL_1534       SET     252      0.10833     0.012726       0.0593     0.033875
F1_NULL_1535       SET     252    -0.030937   -0.0036344     0.061768      0.69176
F1_NULL_1536       SET     252   -0.0045974  -0.00054009     0.063118      0.52903
F1_NULL_1537       SET     252     0.018587    0.0021836      0.06153       0.3813
F1_NULL_1538       SET     252    -0.028238   -0.0033173     0.062113      0.67531
F1_NULL_1539       SET     252     0.099256      0.01166     0.061261     0.052602
F1_NULL_1540       SET     252     0.031961    0.0037547     0.059844      0.29665
F1_NULL_1541       SET     252    -0.091789    -0.010783     0.060367       0.9358
F1_NULL_1542       SET     252    -0.050031   -0.0058776      0.06107      0.79367
F1_NULL_1543       SET     252    -0.010673   -0.0012538      0.06231        0.568
F1_NULL_1544       SET     252     -0.13911    -0.016343      0.06247      0.98702
F1_NULL_1545       SET     252     0.052903    0.0062149     0.063023      0.20062
F1_NULL_1546       SET     252   0.00045463   5.3409e-05     0.060768      0.49702
F1_NULL_1547       SET     252   -0.0023727  -0.00027874     0.061089      0.51549
F1_NULL_1548       SET     252       0.1189     0.013968     0.059929     0.023638
F1_NULL_1549       SET     252    -0.041142   -0.0048333     0.062589      0.74451
F1_NULL_1550       SET     252     0.028768    0.0033796      0.06227      0.32205
F1_NULL_1551       SET     252     0.023552    0.0027669     0.059097      0.34512
F1_NULL_1552       SET     252     -0.05083   -0.0059713     0.061706      0.79495
F1_NULL_1553       SET     252    -0.095997    -0.011278      0.06029      0.94433
F1_NULL_1554       SET     252    -0.036532   -0.0042917     0.061152      0.72487
F1_NULL_1555       SET     252     -0.10047    -0.011803      0.06095      0.95035
F1_NULL_1556       SET     252      0.14023     0.016474     0.061146      0.01092
F1_NULL_1557       SET     252    -0.055819   -0.0065575      0.06219      0.81528
F1_NULL_1558       SET     252     -0.01228   -0.0014426     0.063435      0.57675
F1_NULL_1559       SET     252    0.0016048   0.00018853     0.060219      0.48937
F1_NULL_1560       SET     252     0.036773      0.00432     0.061054      0.27349
F1_NULL_1561       SET     252      0.12089     0.014202     0.063337     0.028162
F1_NULL_1562       SET     252    -0.065188   -0.0076581     0.063625      0.84721
F1_NULL_1563       SET     252    -0.043962   -0.0051645     0.060874       0.7649
F1_NULL_1564       SET     252     0.092736     0.010894     0.062304     0.068328
F1_NULL_1565       SET     252     0.070708    0.0083066     0.060826      0.12253
F1_NULL_1566       SET     252    -0.052688   -0.0061896     0.060651      0.80749
F1_NULL_1567       SET     252    -0.041063    -0.004824     0.060906       0.7499
F1_NULL_1568       SET     252     0.081882    0.0096193     0.060743     0.088838
F1_NULL_1569       SET     252   -0.0071973  -0.00084552     0.062699      0.54569
F1_NULL_1570       SET     252    -0.020255   -0.0023795      0.05995      0.63226
F1_NULL_1571       SET     252     0.055732    0.0065472     0.061546       0.1826
F1_NULL_1572       SET     252     0.038015    0.0044659     0.061545       0.2684
F1_NULL_1573       SET     252   -0.0015437  -0.00018134     0.061061      0.51008
F1_NULL_1574       SET     252    -0.059875    -0.007034     0.060353      0.83941
F1_NULL_1575       SET     252     0.051531    0.0060538     0.061916      0.20263
F1_NULL_1576       SET     252    -0.047245   -0.0055502     0.061591      0.77848
F1_NULL_1577       SET     252    -0.050038   -0.0058784     0.063265       0.7855
F1_NULL_1578       SET     252    -0.070059   -0.0082303     0.060562      0.87632
F1_NULL_1579       SET     252      0.04236    0.0049764     0.060813      0.24304
F1_NULL_1580       SET     252    -0.058486   -0.0068708     0.061801      0.82801
F1_NULL_1581       SET     252    -0.092541    -0.010872     0.061339       0.9343
F1_NULL_1582       SET     252    -0.045647   -0.0053625     0.063283      0.76464
F1_NULL_1583       SET     252     0.085602     0.010056     0.061403     0.081651
F1_NULL_1584       SET     252     0.064741    0.0076057     0.060114      0.14075
F1_NULL_1585       SET     252       0.0558    0.0065552     0.059571      0.17446
F1_NULL_1586       SET     252    -0.082556   -0.0096985     0.060256      0.91466
F1_NULL_1587       SET     252    -0.087902    -0.010326     0.060905      0.92552
F1_NULL_1588       SET     252    -0.014989   -0.0017609     0.060066      0.59853
F1_NULL_1589       SET     252     0.099148     0.011648     0.059361     0.047444
F1_NULL_1590       SET     252    -0.019401   -0.0022792     0.062811      0.62129
F1_NULL_1591       SET     252      0.10021     0.011773     0.062896     0.055557
F1_NULL_1592       SET     252    -0.039725   -0.0046668     0.059897       0.7464
F1_NULL_1593       SET     252     -0.13537    -0.015903     0.062913      0.98428
F1_NULL_1594       SET     252     -0.01769   -0.0020782     0.060395       0.6152
F1_NULL_1595       SET     252    -0.010936   -0.0012847     0.060928      0.57122
F1_NULL_1596       SET     252    -0.024426   -0.0028695     0.061306      0.65484
F1_NULL_1597       SET     252    -0.050783   -0.0059659     0.061183      0.79673
F1_NULL_1598       SET     252    -0.099434    -0.011681     0.061776      0.94625
F1_NULL_1599       SET     252     0.020643     0.002425     0.060416       0.3663
F1_NULL_1600       SET     252   -0.0022177  -0.00026053     0.061332      0.51442
F1_NULL_1601       SET     252     0.045901    0.0053923     0.062005      0.22957
F1_NULL_1602       SET     252     0.056756    0.0066675     0.061733      0.17896
F1_NULL_1603       SET     252    -0.018878   -0.0022178     0.060515      0.62246
F1_NULL_1604       SET     252    -0.047187   -0.0055434     0.060625      0.78181
F1_NULL_1605       SET     252     0.045191    0.0053089     0.060025      0.22577
F1_NULL_1606       SET     252     0.059054    0.0069375     0.061505      0.16849
F1_NULL_1607       SET     252     0.069583    0.0081745     0.060729      0.12595
F1_NULL_1608       SET     252    -0.011936   -0.0014022     0.061126      0.57741
F1_NULL_1609       SET     252    -0.056718   -0.0066632     0.060925      0.82406
F1_NULL_1610       SET     252    0.0085038     0.000999     0.062805      0.44615
F1_NULL_1611       SET     252    -0.012134   -0.0014254     0.062093      0.57746
F1_NULL_1612       SET     252    -0.038413   -0.0045126     0.062056      0.73204
F1_NULL_1613       SET     252      0.10706     0.012577     0.060085     0.037397
F1_NULL_1614       SET     252    -0.011756   -0.0013811     0.061426      0.57589
F1_NULL_1615       SET     252    -0.095251     -0.01119     0.060637      0.94188
F1_NULL_1616       SET     252     0.047642    0.0055968      0.06163      0.21976
F1_NULL_1617       SET     252     0.074185     0.008715      0.05908      0.10463
F1_NULL_1618       SET     252      0.10256     0.012048     0.059359     0.042025
F1_NULL_1619       SET     252    -0.043321   -0.0050893     0.063545      0.75229
F1_NULL_1620       SET     252    -0.059295   -0.0069658     0.061099      0.83409
F1_NULL_1621       SET     252    -0.023648   -0.0027782      0.06291       0.6465
F1_NULL_1622       SET     252     0.092757     0.010897     0.059957     0.060934
F1_NULL_1623       SET     252    0.0097157    0.0011414     0.061406      0.43714
F1_NULL_1624       SET     252    -0.028842   -0.0033883      0.06144      0.68062
F1_NULL_1625       SET     252    0.0043193   0.00050742     0.060306      0.47145
F1_NULL_1626       SET     252   -0.0047528  -0.00055835     0.061696       0.5307
F1_NULL_1627       SET     252    -0.085946    -0.010097     0.061207      0.91986
F1_NULL_1628       SET     252    -0.044135   -0.0051848     0.062083      0.76142
F1_NULL_1629       SET     252    -0.011896   -0.0013976     0.061889      0.57621
F1_NULL_1630       SET     252     0.020801    0.0024437     0.062449      0.36954
F1_NULL_1631       SET     252     0.071957    0.0084533     0.060329      0.11649
F1_NULL_1632       SET     252     0.012846    0.0015092     0.060675      0.41616
F1_NULL_1633       SET     252    -0.063987    -0.007517     0.063884      0.84172
F1_NULL_1634       SET     252     0.083287    0.0097843     0.061016     0.086134
F1_NULL_1635       SET     252    -0.046283   -0.0054373     0.060339      0.77847
F1_NULL_1636       SET     252    -0.025724    -0.003022     0.060618      0.66435
F1_NULL_1637       SET     252     0.017054    0.0020034     0.062061      0.39174
F1_NULL_1638       SET     252     0.072853    0.0085586     0.060897      0.11579
F1_NULL_1639       SET     252    -0.039082   -0.0045912      0.06145      0.73761
F1_NULL_1640       SET     252     0.018213    0.0021396     0.062439      0.38526
F1_NULL_1641       SET     252      0.04022    0.0047249      0.06205      0.25844
F1_NULL_1642       SET     252    -0.053067   -0.0062341      0.06079      0.80865
F1_NULL_1643       SET     252    -0.078145   -0.0091802     0.061747      0.89716
F1_NULL_1644       SET     252    -0.018977   -0.0022294     0.058754      0.62665
F1_NULL_1645       SET     252     0.078117     0.009177     0.060619     0.098768
F1_NULL_1646       SET     252   0.00082238   9.6611e-05     0.062961      0.49479
F1_NULL_1647       SET     252    -0.042305   -0.0049698     0.062764      0.74985
F1_NULL_1648       SET     252     0.039397    0.0046283     0.060728      0.25826
F1_NULL_1649       SET     252    -0.025786   -0.0030293     0.061661      0.66209
F1_NULL_1650       SET     252   -0.0088506   -0.0010397     0.064215      0.55481
F1_NULL_1651       SET     252     0.046855    0.0055044     0.062615      0.22714
F1_NULL_1652       SET     252    -0.083394   -0.0097969     0.060112      0.91732
F1_NULL_1653       SET     252     0.024239    0.0028475     0.061326      0.34633
F1_NULL_1654       SET     252      0.11742     0.013795     0.063039      0.03126
F1_NULL_1655       SET     252     0.077091    0.0090564      0.06006     0.099657
F1_NULL_1656       SET     252     -0.10971    -0.012888     0.060638      0.96478
F1_NULL_1657       SET     252    -0.014202   -0.0016684     0.059776       0.5939
F1_NULL_1658       SET     252     -0.10372    -0.012185     0.061464      0.95424
F1_NULL_1659       SET     252    0.0099423     0.001168     0.063162      0.43746
F1_NULL_1660       SET     252     0.013778    0.0016186     0.061388      0.41121
F1_NULL_1661       SET     252     0.013181    0.0015485     0.060869      0.41428
F1_NULL_1662       SET     252    -0.011812   -0.0013876     0.061361      0.57632
F1_NULL_1663       SET     252     0.045124    0.0053011     0.061361      0.23105
F1_NULL_1664       SET     252      -0.1044    -0.012264     0.060718      0.95721
F1_NULL_1665       SET     252     0.080036    0.0094024     0.061476     0.096485
F1_NULL_1666       SET     252    -0.059816    -0.007027     0.061048      0.83641
F1_NULL_1667       SET     252     0.014744    0.0017321     0.060509      0.40375
F1_NULL_1668       SET     252     -0.07371   -0.0086593     0.062225       0.8819
F1_NULL_1669       SET     252    -0.055758   -0.0065503     0.064072      0.80791
F1_NULL_1670       SET     252    -0.012111   -0.0014227     0.062611      0.57669
F1_NULL_1671       SET     252     0.020703    0.0024322     0.062225      0.36968
F1_NULL_1672       SET     252    -0.025181   -0.0029583     0.061965      0.65777
F1_NULL_1673       SET     252    -0.050101   -0.0058857     0.059944      0.79836
F1_NULL_1674       SET     252    -0.036405   -0.0042768     0.061795      0.72211
F1_NULL_1675       SET     252     0.015224    0.0017884     0.060578      0.40079
F1_NULL_1676       SET     252     0.014427    0.0016948     0.061551      0.40735
F1_NULL_1677       SET     252    -0.028985   -0.0034051      0.06026      0.68474
F1_NULL_1678       SET     252    -0.032709   -0.0038426     0.062387      0.69996
F1_NULL_1679       SET     252     0.059391    0.0069771     0.062312      0.17027
F1_NULL_1680       SET     252     0.031233    0.0036692     0.060708      0.30346
F1_NULL_1681       SET     252    -0.013032    -0.001531     0.059933      0.58607
F1_NULL_1682       SET     252     0.064115    0.0075321     0.061185      0.14735
F1_NULL_1683       SET     252     0.019932    0.0023416     0.060215      0.37032
F1_NULL_1684       SET     252     0.010579    0.0012427     0.061475      0.43169
F1_NULL_1685       SET     252    -0.013072   -0.0015357     0.059915      0.58635
F1_NULL_1686       SET     252    -0.049174   -0.0057768     0.062604      0.78391
F1_NULL_1687       SET     252     0.015121    0.0017764     0.064066      0.40671
F1_NULL_1688       SET     252    -0.015666   -0.0018404     0.059332      0.60413
F1_NULL_1689       SET     252    -0.011566   -0.0013587     0.062218      0.57373
F1_NULL_1690       SET     252    -0.065704   -0.0077187     0.060722      0.86038
F1_NULL_1691       SET     252   -0.0091668   -0.0010769     0.060798      0.55992
F1_NULL_1692       SET     252    -0.053309   -0.0062626     0.060329      0.81155
F1_NULL_1693       SET     252     0.014345    0.0016852     0.060128      0.40572
F1_NULL_1694       SET     252     -0.02717   -0.0031918     0.063688      0.66516
F1_NULL_1695       SET     252    -0.029955    -0.003519     0.060791       0.6889
F1_NULL_1696       SET     252    -0.048264     -0.00567     0.058744      0.79434
F1_NULL_1697       SET     252    -0.098789    -0.011605     0.062889      0.94188
F1_NULL_1698       SET     252     0.018155    0.0021328     0.061316      0.38359
F1_NULL_1699       SET     252    -0.055623   -0.0065344     0.060671      0.82037
F1_NULL_1700       SET     252     0.031249     0.003671     0.060155      0.30172
F1_NULL_1701       SET     252     0.010186    0.0011967     0.060971      0.43366
F1_NULL_1702       SET     252     0.036986     0.004345     0.061272      0.27305
F1_NULL_1703       SET     252    -0.021261   -0.0024977     0.060634      0.63707
F1_NULL_1704       SET     252     -0.13676    -0.016066     0.060154       0.9885
F1_NULL_1705       SET     252    -0.075971   -0.0089249     0.061622      0.89118
F1_NULL_1706       SET     252    -0.013589   -0.0015964     0.060251      0.58922
F1_NULL_1707       SET     252    -0.039175   -0.0046021     0.061035      0.73951
F1_NULL_1708       SET     252     0.058097    0.0068251     0.061624      0.17291
F1_NULL_1709       SET     252    -0.077764   -0.0091355     0.061319      0.89762
F1_NULL_1710       SET     252     -0.10143    -0.011915     0.060543      0.95305
F1_NULL_1711       SET     252     0.077447    0.0090982     0.061091      0.10246
F1_NULL_1712       SET     252     0.061239    0.0071943     0.061976      0.16156
F1_NULL_1713       SET     252    -0.081245   -0.0095444     0.058927        0.916
F1_NULL_1714       SET     252     0.016324    0.0019177      0.05988      0.39258
F1_NULL_1715       SET     252    -0.004936  -0.00057987     0.059812      0.53289
F1_NULL_1716       SET     252    -0.016487   -0.0019369     0.062476      0.60407
F1_NULL_1717       SET     252     0.012006    0.0014105     0.059327      0.41981
F1_NULL_1718       SET     252   -0.0094678   -0.0011123     0.057875      0.56497
F1_NULL_1719       SET     252     0.062113    0.0072968     0.063337      0.16339
F1_NULL_1720       SET     252    -0.036161   -0.0042481      0.06295      0.71716
F1_NULL_1721       SET     252     0.039634    0.0046561     0.063381      0.26588
F1_NULL_1722       SET     252     0.058583    0.0068822     0.062626      0.17479
F1_NULL_1723       SET     252    0.0092874    0.0010911     0.061101      0.43959
F1_NULL_1724       SET     252    0.0012937   0.00015198     0.060811      0.49151
F1_NULL_1725       SET     252   -0.0052383  -0.00061538     0.058175      0.53587
F1_NULL_1726       SET     252     -0.04268   -0.0050139     0.059843      0.76213
F1_NULL_1727       SET     252      0.10443     0.012268     0.061171     0.043909
F1_NULL_1728       SET     252    -0.054898   -0.0064493     0.062148      0.81147
F1_NULL_1729       SET     252     -0.02974   -0.0034938     0.060324      0.68899
F1_NULL_1730       SET     252    -0.018611   -0.0021863     0.060481      0.62085
F1_NULL_1731       SET     252        0.011    0.0012923     0.060287      0.42761
F1_NULL_1732       SET     252    -0.033912   -0.0039839     0.059847      0.71452
F1_NULL_1733       SET     252      0.10199     0.011982     0.062021     0.050048
F1_NULL_1734       SET     252    0.0054585   0.00064125     0.059922      0.46371
F1_NULL_1735       SET     252     0.050256    0.0059039     0.060418      0.20277
F1_NULL_1736       SET     252    -0.024727   -0.0029048     0.062197      0.65452
F1_NULL_1737       SET     252    -0.007729  -0.00090799     0.059453      0.55172
F1_NULL_1738       SET     252     -0.10647    -0.012508     0.062255      0.95638
F1_NULL_1739       SET     252    -0.075111   -0.0088238     0.061906      0.88748
F1_NULL_1740       SET     252     0.015317    0.0017994     0.060983      0.40085
F1_NULL_1741       SET     252    -0.011431   -0.0013429     0.060652      0.57475
F1_NULL_1742       SET     252     0.020652    0.0024261     0.062244      0.37003
F1_NULL_1743       SET     252     0.022667    0.0026629     0.062745      0.35895
F1_NULL_1744       SET     252     -0.02019   -0.0023718     0.060621      0.63045
F1_NULL_1745       SET     252      0.12249      0.01439     0.061189     0.022661
F1_NULL_1746       SET     252   -0.0022156  -0.00026028     0.059529      0.51484
F1_NULL_1747       SET     252     0.031259    0.0036723     0.061037      0.30428
F1_NULL_1748       SET     252      0.04629     0.005438     0.061162      0.22458
F1_NULL_1749       SET     252    -0.048573   -0.0057062     0.060227      0.79001
F1_NULL_1750       SET     252    -0.060084   -0.0070585     0.061664      0.83506
F1_NULL_1751       SET     252    -0.037258    -0.004377     0.059524      0.73432
F1_NULL_1752       SET     252     0.098503     0.011572     0.062969     0.058882
F1_NULL_1753       SET     252    -0.094594    -0.011113     0.061113      0.93916
F1_NULL_1754       SET     252    -0.041607   -0.0048878      0.06254      0.74706
F1_NULL_1755       SET     252     0.016163    0.0018988     0.063113      0.39894
F1_NULL_1756       SET     252     0.018203    0.0021384      0.06013      0.38105
F1_NULL_1757       SET     252    -0.055991   -0.0065777     0.060465      0.82277
F1_NULL_1758       SET     252    0.0081023   0.00095183     0.061739       0.4478
F1_NULL_1759       SET     252    -0.043806   -0.0051462     0.061874      0.76052
F1_NULL_1760       SET     252    -0.043529   -0.0051137     0.060921      0.76254
F1_NULL_1761       SET     252    -0.021301   -0.0025024      0.06101      0.63651
F1_NULL_1762       SET     252    -0.034691   -0.0040754     0.060341      0.71732
F1_NULL_1763       SET     252      0.11902     0.013982     0.058331     0.020666
F1_NULL_1764       SET     252   -0.0069511   -0.0008166     0.061239      0.54518
F1_NULL_1765       SET     252     0.022043    0.0025896     0.060318      0.35739
F1_NULL_1766       SET     252    0.0075588   0.00088799     0.063858      0.45289
F1_NULL_1767       SET     252     0.092919     0.010916     0.061759      0.06623
F1_NULL_1768       SET     252     0.032866    0.0038611     0.060495      0.29347
F1_NULL_1769       SET     252     0.049179    0.0057774      0.05995      0.20602
F1_NULL_1770       SET     252    -0.039285   -0.0046151      0.06212      0.73644
F1_NULL_1771       SET     252    -0.044354   -0.0052106      0.06308      0.75901
F1_NULL_1772       SET     252     0.040696    0.0047808     0.062063      0.25601
F1_NULL_1773       SET     252     0.017742    0.0020843     0.060649      0.38494
F1_NULL_1774       SET     252     0.075848    0.0089105     0.062103      0.11099
F1_NULL_1775       SET     252      0.08508     0.009995     0.061607     0.083646
F1_NULL_1776       SET     252      0.06844    0.0080401     0.061674      0.13357
F1_NULL_1777       SET     252     -0.10674     -0.01254     0.060734      0.96058
F1_NULL_1778       SET     252    -0.034642   -0.0040696     0.062245      0.71108
F1_NULL_1779       SET     252    0.0042505   0.00049934     0.060735       0.4721
F1_NULL_1780       SET     252    -0.049023   -0.0057591     0.061538      0.78716
F1_NULL_1781       SET     252    -0.015026   -0.0017652     0.063587       0.5934
F1_NULL_1782       SET     252     0.047004    0.0055219     0.062877      0.22737
F1_NULL_1783       SET     252    0.0032489   0.00038167      0.06069      0.47865
F1_NULL_1784       SET     252     0.010389    0.0012205     0.059933      0.43119
F1_NULL_1785       SET     252     0.021583    0.0025355     0.060263      0.36012
F1_NULL_1786       SET     252     -0.08413   -0.0098834      0.06035      0.91834
F1_NULL_1787       SET     252     0.085342     0.010026     0.062685     0.086697
F1_NULL_1788       SET     252    -0.027601   -0.0032425     0.063069      0.66917
F1_NULL_1789       SET     252     0.077358    0.0090878     0.060852      0.10183
F1_NULL_1790       SET     252     0.054115    0.0063573     0.062072      0.19166
F1_NULL_1791       SET     252   -0.0012262  -0.00014405     0.060777      0.50805
F1_NULL_1792       SET     252    -0.024713   -0.0029033     0.061938      0.65505
F1_NULL_1793       SET     252     0.008111   0.00095286     0.061887      0.44786
F1_NULL_1794       SET     252    -0.032054   -0.0037656     0.059753      0.70417
F1_NULL_1795       SET     252    -0.074842   -0.0087922        0.061      0.89006
F1_NULL_1796       SET     252    -0.061927    -0.007275     0.062522      0.83902
F1_NULL_1797       SET     252     0.071854    0.0084413     0.060571      0.11777
F1_NULL_1798       SET     252     -0.08547    -0.010041     0.059408      0.92487
F1_NULL_1799       SET     252    -0.070177   -0.0082443     0.061806       0.8719
F1_NULL_1800       SET     252     0.089889      0.01056     0.062361     0.074742
F1_NULL_1801       SET     252    -0.023161   -0.0027209     0.061542      0.64667
F1_NULL_1802       SET     252     -0.02351   -0.0027618       0.0623      0.64705
F1_NULL_1803       SET     252     0.002413   0.00028347     0.060422      0.48407
F1_NULL_1804       SET     252     -0.03161   -0.0037135     0.060128      0.70045
F1_NULL_1805       SET     252    -0.050288   -0.0059077      0.06216      0.79074
F1_NULL_1806       SET     252    0.0015008   0.00017631     0.063676       0.4906
F1_NULL_1807       SET     252    -0.021457   -0.0025207     0.061633      0.63613
F1_NULL_1808       SET     252    0.0069458   0.00081598     0.062258      0.45558
F1_NULL_1809       SET     252     0.052591    0.0061783     0.060863      0.19378
F1_NULL_1810       SET     252     0.020952    0.0024614     0.060265      0.36405
F1_NULL_1811       SET     252     0.050196     0.005897     0.061053      0.20549
F1_NULL_1812       SET     252      0.11588     0.013613     0.060931     0.028609
F1_NULL_1813       SET     252    -0.076933   -0.0090379     0.059975       0.9002
F1_NULL_1814       SET     252    -0.013427   -0.0015774     0.062034      0.58568
F1_NULL_1815       SET     252     0.053984     0.006342     0.058384      0.17758
F1_NULL_1816       SET     252    -0.040594   -0.0047689     0.062574      0.74174
F1_NULL_1817       SET     252      0.04956    0.0058222     0.059892      0.20399
F1_NULL_1818       SET     252     -0.10556    -0.012401     0.060885      0.95851
F1_NULL_1819       SET     252    -0.089391    -0.010501     0.061796      0.92598
F1_NULL_1820       SET     252     0.015909    0.0018689     0.060668      0.39658
F1_NULL_1821       SET     252     0.024873     0.002922     0.061343      0.34257
F1_NULL_1822       SET     252     -0.05678   -0.0066704     0.060519      0.82593
F1_NULL_1823       SET     252     -0.10167    -0.011944     0.062868      0.94708
F1_NULL_1824       SET     252    -0.084631   -0.0099423     0.059992      0.92082
F1_NULL_1825       SET     252    0.0070811   0.00083187     0.062236      0.45471
F1_NULL_1826       SET     252     0.066523     0.007815     0.061958      0.14149
F1_NULL_1827       SET     252   -0.0026454  -0.00031078     0.060985       0.5173
F1_NULL_1828       SET     252     0.048481    0.0056955     0.060243      0.21048
F1_NULL_1829       SET     252  -0.00012025  -1.4126e-05     0.060541      0.50079
F1_NULL_1830       SET     252     0.083587    0.0098196      0.06253     0.090661
F1_NULL_1831       SET     252    0.0010806   0.00012695     0.062058      0.49305
F1_NULL_1832       SET     252    -0.049531   -0.0058188     0.060723      0.79265
F1_NULL_1833       SET     252    -0.046843    -0.005503     0.060573      0.78033
F1_NULL_1834       SET     252     0.013857    0.0016279     0.061866      0.41139
F1_NULL_1835       SET     252      0.16596     0.019497     0.064498    0.0050431
F1_NULL_1836       SET     252      0.02198    0.0025822     0.062299      0.36212
F1_NULL_1837       SET     252    -0.060833   -0.0071466     0.060512      0.84262
F1_NULL_1838       SET     252   -0.0049535  -0.00058193     0.062798      0.53144
F1_NULL_1839       SET     252     0.041407    0.0048644     0.059984        0.245
F1_NULL_1840       SET     252      0.08242    0.0096826     0.061854     0.091358
F1_NULL_1841       SET     252    -0.058222   -0.0068398       0.0605      0.83206
F1_NULL_1842       SET     252     0.061506    0.0072256     0.060953      0.15648
F1_NULL_1843       SET     252    -0.020849   -0.0024493     0.061137      0.63345
F1_NULL_1844       SET     252    0.0039756   0.00046704     0.061753      0.47433
F1_NULL_1845       SET     252    -0.047814   -0.0056171     0.061535      0.78142
F1_NULL_1846       SET     252     0.020602    0.0024203     0.060558      0.36685
F1_NULL_1847       SET     252     0.053707    0.0063094     0.060653      0.18795
F1_NULL_1848       SET     252     0.067379    0.0079156     0.061222      0.13555
F1_NULL_1849       SET     252     0.011599    0.0013626     0.061534      0.42524
F1_NULL_1850       SET     252     0.058283    0.0068469     0.062515       0.1756
F1_NULL_1851       SET     252    0.0096381    0.0011323     0.061366       0.4376
F1_NULL_1852       SET     252     0.015213    0.0017872     0.061962      0.40303
F1_NULL_1853       SET     252    -0.086849    -0.010203     0.061297      0.92173
F1_NULL_1854       SET     252      0.06088     0.007152     0.063491      0.16882
F1_NULL_1855       SET     252    -0.055843   -0.0065603     0.061918      0.81643
F1_NULL_1856       SET     252   -0.0073903   -0.0008682     0.062481      0.54708
F1_NULL_1857       SET     252    -0.032685   -0.0038397      0.06159      0.70218
F1_NULL_1858       SET     252     0.011646    0.0013681     0.062454      0.42604
F1_NULL_1859       SET     252    -0.010205   -0.0011989     0.062691      0.56465
F1_NULL_1860       SET     252    -0.017067   -0.0020049     0.060719      0.61067
F1_NULL_1861       SET     252    -0.068876   -0.0080914     0.061094       0.8702
F1_NULL_1862       SET     252   -0.0026227  -0.00030811     0.062144      0.51683
F1_NULL_1863       SET     252    -0.017807   -0.0020919     0.061126      0.61459
F1_NULL_1864       SET     252     -0.13595    -0.015971     0.061653      0.98627
F1_NULL_1865       SET     252     0.051456     0.006045     0.060551      0.19772
F1_NULL_1866       SET     252   -0.0075049  -0.00088166      0.05967      0.55004
F1_NULL_1867       SET     252    0.0091565    0.0010757     0.061677      0.44099
F1_NULL_1868       SET     252     0.017109    0.0020099     0.060456      0.38859
F1_NULL_1869       SET     252     -0.09339    -0.010971     0.060912      0.93738
F1_NULL_1870       SET     252    -0.032434   -0.0038103     0.060498      0.70406
F1_NULL_1871       SET     252  -0.00057746  -6.7838e-05     0.061769      0.50373
F1_NULL_1872       SET     252   -0.0092447    -0.001086     0.061118      0.56011
F1_NULL_1873       SET     252      0.02004    0.0023543     0.061025      0.37131
F1_NULL_1874       SET     252     0.070854    0.0083238     0.062185      0.12728
F1_NULL_1875       SET     252     0.041961    0.0049295     0.060597      0.24433
F1_NULL_1876       SET     252   0.00047126   5.5362e-05     0.062444      0.49699
F1_NULL_1877       SET     252    -0.025595   -0.0030069     0.061786      0.66066
F1_NULL_1878       SET     252    -0.014659   -0.0017221     0.062866      0.59219
F1_NULL_1879       SET     252    -0.072894   -0.0085634     0.061777      0.88098
F1_NULL_1880       SET     252     0.048749    0.0057269     0.061022      0.21219
F1_NULL_1881       SET     252     0.038117    0.0044779     0.062155      0.26986
F1_NULL_1882       SET     252     0.053759    0.0063155     0.062056      0.19317
F1_NULL_1883       SET     252   -0.0045457  -0.00053402     0.060262      0.53006
F1_NULL_1884       SET     252    0.0070348   0.00082643     0.061733      0.45464
F1_NULL_1885       SET     252      0.12605     0.014808     0.060789     0.019066
F1_NULL_1886       SET     252     0.021686    0.0025476     0.061122      0.36137
F1_NULL_1887       SET     252     0.041855     0.004917      0.06155      0.24825
F1_NULL_1888       SET     252      0.13415     0.015759     0.059466     0.012046
F1_NULL_1889       SET     252    -0.020059   -0.0023565      0.06283      0.62523
F1_NULL_1890       SET     252    -0.051861   -0.0060925     0.061656      0.79986
F1_NULL_1891       SET     252    -0.066459   -0.0078074     0.062787      0.85508
F1_NULL_1892       SET     252     0.055409    0.0065094     0.063818      0.19264
F1_NULL_1893       SET     252     0.046474    0.0054596     0.061252      0.22401
F1_NULL_1894       SET     252    0.0088013     0.001034     0.059404      0.44111
F1_NULL_1895       SET     252      0.10431     0.012254     0.060435     0.042181
F1_NULL_1896       SET     252     0.018441    0.0021664     0.063266      0.38534
F1_NULL_1897       SET     252   -0.0063146  -0.00074183     0.061891      0.54063
F1_NULL_1898       SET     252    0.0056208   0.00066032     0.059834      0.46258
F1_NULL_1899       SET     252      0.11452     0.013453     0.060174     0.028524
F1_NULL_1900       SET     252    -0.042429   -0.0049844     0.061915      0.75341
F1_NULL_1901       SET     252    0.0093897    0.0011031      0.06018      0.43801
F1_NULL_1902       SET     252    -0.014588   -0.0017138     0.063182       0.5913
F1_NULL_1903       SET     252    -0.029236   -0.0034346     0.062277      0.68062
F1_NULL_1904       SET     252    -0.040081   -0.0047086     0.061547      0.74255
F1_NULL_1905       SET     252      0.04704    0.0055262      0.06091      0.21997
F1_NULL_1906       SET     252    -0.013239   -0.0015553     0.062012      0.58453
F1_NULL_1907       SET     252      0.10895       0.0128     0.059978      0.03465
F1_NULL_1908       SET     252     0.053491     0.006284     0.061814      0.19343
F1_NULL_1909       SET     252     0.023653    0.0027787     0.061124      0.34939
F1_NULL_1910       SET     252  -0.00078341  -9.2034e-05     0.062096      0.50503
F1_NULL_1911       SET     252   -0.0026247  -0.00030834     0.060699      0.51725
F1_NULL_1912       SET     252    -0.084308   -0.0099043     0.061394      0.91515
F1_NULL_1913       SET     252   -0.0062156   -0.0007302      0.06107      0.54053
F1_NULL_1914       SET     252      0.16675     0.019589     0.061729    0.0034569
F1_NULL_1915       SET     252     0.080397    0.0094449     0.063791      0.10378
F1_NULL_1916       SET     252      0.12972     0.015239     0.060527      0.01606
F1_NULL_1917       SET     252    -0.085596    -0.010056     0.060449       0.9216
F1_NULL_1918       SET     252     0.013169     0.001547     0.061882      0.41574
F1_NULL_1919       SET     252     0.019346    0.0022728     0.060701      0.37497
F1_NULL_1920       SET     252    -0.044457   -0.0052227     0.061197      0.76622
F1_NULL_1921       SET     252    -0.042481   -0.0049906     0.061473      0.75523
F1_NULL_1922       SET     252     0.059112    0.0069443     0.062064      0.17044
F1_NULL_1923       SET     252    -0.088832    -0.010436     0.062216      0.92332
F1_NULL_1924       SET     252      0.14382     0.016895     0.062225     0.010415
F1_NULL_1925       SET     252     0.023679    0.0027818     0.060774      0.34841
F1_NULL_1926       SET     252    -0.036903   -0.0043352      0.06147      0.72585
F1_NULL_1927       SET     252    -0.010264   -0.0012058     0.062293      0.56544
F1_NULL_1928       SET     252    0.0090873    0.0010676     0.061447      0.44122
F1_NULL_1929       SET     252    0.0080601   0.00094688     0.060712      0.44719
F1_NULL_1930       SET     252    -0.038547   -0.0045284     0.060186      0.73906
F1_NULL_1931       SET     252     0.014161    0.0016636     0.061218      0.40854
F1_NULL_1932       SET     252     0.039454     0.004635      0.06142      0.26032
F1_NULL_1933       SET     252     0.020345    0.0023901     0.061773      0.37095
F1_NULL_1934       SET     252     -0.04595   -0.0053981     0.059102      0.78155
F1_NULL_1935       SET     252       0.1124     0.013205     0.060355     0.031283
F1_NULL_1936       SET     252     0.043031    0.0050551     0.063334      0.24844
F1_NULL_1937       SET     252   -0.0026082   -0.0003064     0.060398      0.51722
F1_NULL_1938       SET     252     0.034395    0.0040407     0.060667      0.28538
F1_NULL_1939       SET     252    -0.047948   -0.0056329     0.061583      0.78188
F1_NULL_1940       SET     252     0.053549    0.0062908     0.059862      0.18553
F1_NULL_1941       SET     252     0.069332     0.008145     0.060402      0.12552
F1_NULL_1942       SET     252    -0.059736   -0.0070177     0.062101      0.83195
F1_NULL_1943       SET     252    -0.026873    -0.003157     0.062031      0.66757
F1_NULL_1944       SET     252    -0.043584   -0.0051201      0.06317      0.75488
F1_NULL_1945       SET     252    -0.026706   -0.0031374      0.06116      0.66882
F1_NULL_1946       SET     252     0.046711    0.0054875     0.061638      0.22428
F1_NULL_1947       SET     252    -0.098013    -0.011514     0.062533      0.94148
F1_NULL_1948       SET     252     0.025186    0.0029588      0.06181      0.34183
F1_NULL_1949       SET     252    -0.068346   -0.0080292     0.059265      0.87558
F1_NULL_1950       SET     252    -0.019119   -0.0022461     0.061424       0.6222
F1_NULL_1951       SET     252     0.022494    0.0026425     0.062204      0.35882
F1_NULL_1952       SET     252    -0.084765    -0.009958     0.061799       0.9149
F1_NULL_1953       SET     252    0.0029189   0.00034291     0.061479      0.48107
F1_NULL_1954       SET     252     0.098084     0.011523     0.059283     0.049022
F1_NULL_1955       SET     252    -0.029371   -0.0034504      0.06365      0.67776
F1_NULL_1956       SET     252     0.089995     0.010572     0.061557     0.071882
F1_NULL_1957       SET     252     0.035326      0.00415     0.061262       0.2821
F1_NULL_1958       SET     252     -0.12836    -0.015079     0.059961      0.98384
F1_NULL_1959       SET     252     0.034527    0.0040562      0.06436      0.29582
F1_NULL_1960       SET     252     0.063117    0.0074149     0.060528      0.14853
F1_NULL_1961       SET     252    -0.067659   -0.0079484     0.062352      0.86105
F1_NULL_1962       SET     252     0.016778     0.001971      0.05942      0.38883
F1_NULL_1963       SET     252     -0.03594   -0.0042221     0.060429      0.72399
F1_NULL_1964       SET     252    0.0027843   0.00032709     0.059804      0.48143
F1_NULL_1965       SET     252      0.12935     0.015196      0.06008     0.015664
F1_NULL_1966       SET     252     0.051478    0.0060475     0.060207      0.19628
F1_NULL_1967       SET     252     0.049701    0.0058388     0.061223      0.20846
F1_NULL_1968       SET     252    -0.019073   -0.0022406     0.063375      0.61827
F1_NULL_1969       SET     252      0.11639     0.013673     0.061831     0.029904
F1_NULL_1970       SET     252    -0.082045   -0.0096384     0.061551      0.90872
F1_NULL_1971       SET     252    -0.062635   -0.0073583     0.058787      0.85666
F1_NULL_1972       SET     252    -0.029698   -0.0034889     0.060917      0.68705
F1_NULL_1973       SET     252   -0.0086874   -0.0010206     0.062029      0.55569
F1_NULL_1974       SET     252     0.014085    0.0016546       0.0621      0.41029
F1_NULL_1975       SET     252     0.018662    0.0021924      0.06108      0.37998
F1_NULL_1976       SET     252    -0.059496   -0.0069895     0.062736      0.82852
F1_NULL_1977       SET     252     0.046301    0.0054393      0.06161      0.22618
F1_NULL_1978       SET     252    -0.041213   -0.0048416     0.059431      0.75598
F1_NULL_1979       SET     252    -0.010024   -0.0011776     0.059126      0.56731
F1_NULL_1980       SET     252     0.044319    0.0052065     0.061976      0.23728
F1_NULL_1981       SET     252     0.038762    0.0045537     0.062061      0.26613
F1_NULL_1982       SET     252   -0.0045052  -0.00052926       0.0604      0.52973
F1_NULL_1983       SET     252     0.043244    0.0050802     0.061209      0.23995
F1_NULL_1984       SET     252    -0.022212   -0.0026095     0.062546      0.63875
F1_NULL_1985       SET     252     0.037475    0.0044025      0.06038      0.26742
F1_NULL_1986       SET     252     -0.05543   -0.0065117      0.06103      0.81812
F1_NULL_1987       SET     252    -0.019039   -0.0022367     0.061229      0.62208
F1_NULL_1988       SET     252   -0.0095723   -0.0011245     0.059965      0.56341
F1_NULL_1989       SET     252    -0.051028   -0.0059947     0.061427      0.79693
F1_NULL_1990       SET     252     0.045632    0.0053608     0.060533      0.22548
F1_NULL_1991       SET     252    -0.037588   -0.0044157     0.060689      0.73215
F1_NULL_1992       SET     252     0.060059    0.0070556     0.062143      0.16691
F1_NULL_1993       SET     252      0.06356    0.0074669     0.060449      0.14653
F1_NULL_1994       SET     252     0.070809    0.0083184     0.061994       0.1267
F1_NULL_1995       SET     252    -0.056578   -0.0066467     0.060189      0.82639
F1_NULL_1996       SET     252     -0.02834   -0.0033293     0.062091      0.67595
F1_NULL_1997       SET     252     0.018778    0.0022059     0.058379      0.37386
F1_NULL_1998       SET     252     0.020793    0.0024427     0.061265      0.36716
F1_NULL_1999       SET     252    -0.012566   -0.0014763     0.061161       0.5814
F2_NULL_0000       SET     674    -0.011093   -0.0021058     0.038775      0.61259
F2_NULL_0001       SET     674     0.014886    0.0028257     0.039219      0.35214
F2_NULL_0002       SET     674    -0.016981   -0.0032235     0.038851      0.66897
F2_NULL_0003       SET     674    -0.066085    -0.012545     0.039462      0.95299
F2_NULL_0004       SET     674     0.066153     0.012558     0.038898     0.044508
F2_NULL_0005       SET     674    -0.028942   -0.0054941     0.039072      0.77057
F2_NULL_0006       SET     674     -0.01274   -0.0024184     0.039028      0.62795
F2_NULL_0007       SET     674    -0.025526   -0.0048456     0.039102      0.74306
F2_NULL_0008       SET     674     0.017104    0.0032468     0.038704      0.32928
F2_NULL_0009       SET     674      0.01183    0.0022457     0.039215      0.38145
F2_NULL_0010       SET     674     0.034112    0.0064755     0.039263      0.19248
F2_NULL_0011       SET     674     0.044723    0.0084897     0.038902      0.12515
F2_NULL_0012       SET     674   -0.0059144   -0.0011227     0.038309      0.56135
F2_NULL_0013       SET     674   -0.0044841  -0.00085121     0.039683      0.54498
F2_NULL_0014       SET     674     0.010439    0.0019815     0.039482      0.39574
F2_NULL_0015       SET     674    -0.043498   -0.0082571     0.039102      0.86702
F2_NULL_0016       SET     674     0.054193     0.010287     0.038838      0.08146
F2_NULL_0017       SET     674   -0.0088487   -0.0016797     0.038762      0.59029
F2_NULL_0018       SET     674    -0.012828   -0.0024352      0.03975      0.62655
F2_NULL_0019       SET     674    -0.025304   -0.0048035     0.038833      0.74267
F2_NULL_0020       SET     674    0.0020414   0.00038751     0.039282      0.47928
F2_NULL_0021       SET     674     0.022551    0.0042809     0.038564      0.27935
F2_NULL_0022       SET     674     0.070426     0.013369     0.039637     0.037809
F2_NULL_0023       SET     674     0.063693     0.012091      0.04001     0.055707
F2_NULL_0024       SET     674      0.06797     0.012903     0.039125     0.041183
F2_NULL_0025       SET     674     0.019272    0.0036583     0.039437      0.31254
F2_NULL_0026       SET     674     0.034372    0.0065248     0.038812      0.18792
F2_NULL_0027       SET     674       0.0085    0.0016135     0.039459      0.41472
F2_NULL_0028       SET     674    0.0063693    0.0012091     0.038861      0.43491
F2_NULL_0029       SET     674    -0.019336   -0.0036705     0.039443      0.68801
F2_NULL_0030       SET     674    -0.045494   -0.0086361     0.039075      0.87783
F2_NULL_0031       SET     674   0.00054583   0.00010361     0.039081      0.49443
F2_NULL_0032       SET     674     0.038441    0.0072971     0.038958       0.1619
F2_NULL_0033       SET     674    -0.060811    -0.011544     0.038686      0.94201
F2_NULL_0034       SET     674     0.049937    0.0094795     0.039079      0.10066
F2_NULL_0035       SET     674     0.051446    0.0097659      0.03892     0.093119
F2_NULL_0036       SET     674   0.00016568   3.1452e-05     0.038932       0.4983
F2_NULL_0037       SET     674     -0.02059   -0.0039085     0.039766      0.69769
F2_NULL_0038       SET     674     0.095789     0.018183     0.038861    0.0068565
F2_NULL_0039       SET     674   -0.0071679   -0.0013607      0.03895        0.573
F2_NULL_0040       SET     674     0.012221    0.0023199     0.039264      0.37781
F2_NULL_0041       SET     674    0.0016631    0.0003157     0.039132      0.48305
F2_NULL_0042       SET     674   -0.0091672   -0.0017402     0.039304      0.59221
F2_NULL_0043       SET     674     0.049474    0.0093916      0.03904      0.10254
F2_NULL_0044       SET     674     0.038553    0.0073185     0.038641      0.15921
F2_NULL_0045       SET     674     0.019278    0.0036594     0.039016      0.31062
F2_NULL_0046       SET     674    -0.093189     -0.01769     0.038967       0.9916
F2_NULL_0047       SET     674    0.0028665   0.00054414     0.038906      0.47063
F2_NULL_0048       SET     674     0.055021     0.010444     0.039025     0.079294
F2_NULL_0049       SET     674     0.025798    0.0048972     0.039859      0.25874
F2_NULL_0050       SET     674    -0.019855    -0.003769     0.038817      0.69549
F2_NULL_0051       SET     674    -0.052054   -0.0098812     0.038358      0.91261
F2_NULL_0052       SET     674   -0.0068845   -0.0013069     0.038699       0.5706
F2_NULL_0053       SET     674   -0.0054192   -0.0010287     0.039197      0.55498
F2_NULL_0054       SET     674      0.05476     0.010395     0.038146     0.075575
F2_NULL_0055       SET     674     0.010328    0.0019606     0.038686      0.39474
F2_NULL_0056       SET     674     0.062868     0.011934     0.038914     0.053104
F2_NULL_0057       SET     674     0.035084      0.00666     0.038722      0.18246
F2_NULL_0058       SET     674     0.012305    0.0023359     0.038221      0.37375
F2_NULL_0059       SET     674    -0.019134   -0.0036322     0.038692      0.68953
F2_NULL_0060       SET     674     0.038264    0.0072636     0.039772      0.16801
F2_NULL_0061       SET     674    0.0012402   0.00023542     0.038174      0.48704
F2_NULL_0062       SET     674     0.003481   0.00066078     0.039753      0.46511
F2_NULL_0063       SET     674     0.009705    0.0018423     0.039105        0.402
F2_NULL_0064       SET     674   0.00063923   0.00012134     0.039192      0.49349
F2_NULL_0065       SET     674    -0.011954   -0.0022693     0.038361      0.62234
F2_NULL_0066       SET     674     0.015968    0.0030311     0.039496      0.34301
F2_NULL_0067       SET     674    -0.025167   -0.0047775     0.038874      0.74131
F2_NULL_0068       SET     674     -0.02087   -0.0039616     0.038941      0.70399
F2_NULL_0069       SET     674    0.0030196    0.0005732     0.038242      0.46853
F2_NULL_0070       SET     674     0.011238    0.0021333     0.039564      0.38819
F2_NULL_0071       SET     674     0.056497     0.010725     0.039171     0.074615
F2_NULL_0072       SET     674     0.032656     0.006199     0.038583      0.19867
F2_NULL_0073       SET     674     0.029958    0.0056868     0.039208      0.22242
F2_NULL_0074       SET     674     0.048987    0.0092991     0.038871       0.1038
F2_NULL_0075       SET     674    -0.015857   -0.0030102      0.04022      0.65331
F2_NULL_0076       SET     674     0.036227    0.0068769     0.038885      0.17576
F2_NULL_0077       SET     674     -0.01824   -0.0034625     0.039864      0.67636
F2_NULL_0078       SET     674     0.075416     0.014316     0.038324      0.02455
F2_NULL_0079       SET     674    -0.028403   -0.0053917     0.039089      0.76627
F2_NULL_0080       SET     674   -0.0049674  -0.00094296     0.039247      0.55036
F2_NULL_0081       SET     674     0.012999    0.0024676     0.039754      0.37184
F2_NULL_0082       SET     674    -0.064156    -0.012179     0.038989      0.95006
F2_NULL_0083       SET     674    -0.011064   -0.0021002      0.03918      0.61117
F2_NULL_0084       SET     674     0.023863    0.0045299     0.038563      0.26802
F2_NULL_0085       SET     674    -0.035049   -0.0066532     0.039042      0.81532
F2_NULL_0086       SET     674      0.04222    0.0080146     0.038388      0.13571
F2_NULL_0087       SET     674     0.019599    0.0037204      0.03876      0.30656
F2_NULL_0088       SET     674     -0.02773    -0.005264      0.03951      0.75861
F2_NULL_0089       SET     674    -0.035908   -0.0068164     0.039676      0.81727
F2_NULL_0090       SET     674    -0.023072   -0.0043797      0.03918      0.72202
F2_NULL_0091       SET     674    -0.023804   -0.0045187     0.039382      0.72722
F2_NULL_0092       SET     674    -0.029466   -0.0055935     0.039243      0.77363
F2_NULL_0093       SET     674     0.052797     0.010022      0.03912     0.088581
F2_NULL_0094       SET     674   -0.0088693   -0.0016836     0.039462      0.58891
F2_NULL_0095       SET     674   -0.0083438   -0.0015839     0.039797      0.58303
F2_NULL_0096       SET     674    -0.061239    -0.011625     0.038727      0.94309
F2_NULL_0097       SET     674      0.10824     0.020546     0.038171    0.0022901
F2_NULL_0098       SET     674     0.021034    0.0039929     0.038444      0.29214
F2_NULL_0099       SET     674     0.056241     0.010676     0.039166     0.075518
F2_NULL_0100       SET     674     0.076346     0.014493     0.039145     0.025574
F2_NULL_0101       SET     674     0.020027    0.0038016     0.039096      0.30424
F2_NULL_0102       SET     674     0.041238    0.0078281      0.03873      0.14351
F2_NULL_0103       SET     674     0.073324     0.013919     0.038761     0.029276
F2_NULL_0104       SET     674     0.023367    0.0044358       0.0389      0.27402
F2_NULL_0105       SET     674    -0.052085   -0.0098871     0.039819      0.90456
F2_NULL_0106       SET     674     -0.02431   -0.0046148     0.039388      0.73145
F2_NULL_0107       SET     674    -0.029463   -0.0055929     0.039108      0.77438
F2_NULL_0108       SET     674      0.01263    0.0023976     0.038664      0.37196
F2_NULL_0109       SET     674    -0.013199   -0.0025055     0.040165      0.62878
F2_NULL_0110       SET     674    -0.011222   -0.0021303     0.039068      0.61304
F2_NULL_0111       SET     674     0.012305    0.0023358     0.039001      0.37619
F2_NULL_0112       SET     674    -0.032234    -0.006119     0.039813      0.79092
F2_NULL_0113       SET     674    0.0055356    0.0010508     0.038749       0.4432
F2_NULL_0114       SET     674     0.054921     0.010426     0.039021     0.079649
F2_NULL_0115       SET     674    -0.022833   -0.0043344     0.040207      0.71494
F2_NULL_0116       SET     674    -0.021511   -0.0040834      0.03874      0.71064
F2_NULL_0117       SET     674    -0.016346    -0.003103     0.039022      0.66235
F2_NULL_0118       SET     674   -0.0075055   -0.0014247     0.038544      0.57719
F2_NULL_0119       SET     674     0.013663    0.0025936     0.039594      0.36502
F2_NULL_0120       SET     674    -0.032982   -0.0062609     0.039237      0.79971
F2_NULL_0121       SET     674     0.010226    0.0019412     0.039558      0.39801
F2_NULL_0122       SET     674      0.00693    0.0013155     0.038426      0.42844
F2_NULL_0123       SET     674    -0.023461   -0.0044535     0.038731      0.72765
F2_NULL_0124       SET     674     0.036131    0.0068587     0.038864      0.17627
F2_NULL_0125       SET     674      0.06906     0.013109     0.039803     0.041376
F2_NULL_0126       SET     674     0.037388    0.0070972     0.038911      0.16832
F2_NULL_0127       SET     674    -0.004987  -0.00094667     0.038979       0.5509
F2_NULL_0128       SET     674     0.036633     0.006954     0.038796      0.17253
F2_NULL_0129       SET     674    -0.048699   -0.0092445     0.038349      0.89793
F2_NULL_0130       SET     674    -0.016281   -0.0030906     0.039366      0.66041
F2_NULL_0131       SET     674   -0.0053358   -0.0010129     0.038346      0.55533
F2_NULL_0132       SET     674      -0.0154   -0.0029234     0.039044      0.65337
F2_NULL_0133       SET     674    -0.026668   -0.0050624     0.038918       0.7534
F2_NULL_0134       SET     674    -0.040863    -0.007757     0.039315      0.85068
F2_NULL_0135       SET     674     0.026442    0.0050195     0.039776       0.2531
F2_NULL_0136       SET     674    0.0086524    0.0016425     0.039047      0.41232
F2_NULL_0137       SET     674     0.070071     0.013301     0.038926      0.03593
F2_NULL_0138       SET     674    -0.042615   -0.0080896     0.038562      0.86544
F2_NULL_0139       SET     674  -0.00010991  -2.0865e-05     0.039075      0.50112
F2_NULL_0140       SET     674     0.032385    0.0061476     0.039396      0.20553
F2_NULL_0141       SET     674     0.014567    0.0027652     0.039605      0.35651
F2_NULL_0142       SET     674     0.045574    0.0086512     0.039701      0.12551
F2_NULL_0143       SET     674     0.044005    0.0083533     0.039083      0.13011
F2_NULL_0144       SET     674      0.03793    0.0072001     0.039924      0.17105
F2_NULL_0145       SET     674     0.021681    0.0041157     0.038564      0.28699
F2_NULL_0146       SET     674     0.015677    0.0029759     0.039111      0.34428
F2_NULL_0147       SET     674     0.025439     0.004829     0.039684      0.26076
F2_NULL_0148       SET     674     0.010496    0.0019925     0.038925      0.39371
F2_NULL_0149       SET     674     0.015897    0.0030177     0.040163      0.34612
F2_NULL_0150       SET     674    0.0072391    0.0013742     0.039655      0.42758
F2_NULL_0151       SET     674    -0.019498   -0.0037012      0.03996       0.6872
F2_NULL_0152       SET     674   0.00040069   7.6062e-05     0.038548      0.49585
F2_NULL_0153       SET     674     0.010269    0.0019493     0.039276      0.39687
F2_NULL_0154       SET     674     0.024124    0.0045794     0.038663      0.26633
F2_NULL_0155       SET     674    -0.007179   -0.0013628     0.038882      0.57324
F2_NULL_0156       SET     674    0.0073699     0.001399     0.038585      0.42426
F2_NULL_0157       SET     674    0.0088573    0.0016814     0.039451      0.41118
F2_NULL_0158       SET     674     0.042203    0.0080113     0.039544      0.14294
F2_NULL_0159       SET     674    -0.034155   -0.0064835     0.038884      0.81012
F2_NULL_0160       SET     674     0.017534    0.0033285     0.039542      0.32873
F2_NULL_0161       SET     674    0.0095019    0.0018037     0.038683      0.40298
F2_NULL_0162       SET     674     -0.03686   -0.0069971     0.038866      0.82853
F2_NULL_0163       SET     674    -0.044333   -0.0084156     0.038573      0.87478
F2_NULL_0164       SET     674     0.057653     0.010944     0.038885     0.069091
F2_NULL_0165       SET     674    -0.019202    -0.003645     0.039406      0.68697
F2_NULL_0166       SET     674     0.025783    0.0048943     0.039509      0.25702
F2_NULL_0167       SET     674    0.0098296    0.0018659     0.039215      0.40104
F2_NULL_0168       SET     674    -0.033033   -0.0062707     0.038929      0.80193
F2_NULL_0169       SET     674    -0.038292   -0.0072689     0.039398      0.83445
F2_NULL_0170       SET     674   0.00051929   9.8576e-05     0.038583      0.49463
F2_NULL_0171       SET     674     0.035844    0.0068041     0.039226      0.18042
F2_NULL_0172       SET     674     -0.07051    -0.013385     0.039495      0.96288
F2_NULL_0173       SET     674    0.0033998   0.00064538     0.037449      0.46383
F2_NULL_0174       SET     674     0.017908    0.0033995     0.038768      0.32207
F2_NULL_0175       SET     674    -0.025357   -0.0048135     0.039845      0.73774
F2_NULL_0176       SET     674     0.064721     0.012286     0.038355      0.04577
F2_NULL_0177       SET     674     0.019787     0.003756     0.038492      0.30361
F2_NULL_0178       SET     674     0.025729     0.004884     0.039098      0.25526
F2_NULL_0179       SET     674    0.0035854   0.00068062     0.039078      0.46345
F2_NULL_0180       SET     674     0.049289    0.0093564     0.039338      0.10512
F2_NULL_0181       SET     674     0.019036    0.0036136     0.039197      0.31361
F2_NULL_0182       SET     674     0.013121    0.0024907     0.039537         0.37
F2_NULL_0183       SET     674    -0.010651   -0.0020218     0.038697      0.60843
F2_NULL_0184       SET     674     0.079643     0.015118     0.039633      0.02225
F2_NULL_0185       SET     674     0.051853    0.0098432     0.038378     0.088337
F2_NULL_0186       SET     674    0.0030199   0.00057326     0.038773      0.46896
F2_NULL_0187       SET     674     0.010537    0.0020003     0.038598      0.39243
F2_NULL_0188       SET     674     0.056164     0.010662       0.0396     0.078062
F2_NULL_0189       SET     674     0.022924    0.0043515     0.038843      0.27755
F2_NULL_0190       SET     674    -0.022092   -0.0041936     0.039593      0.71156
F2_NULL_0191       SET     674     0.053075     0.010075     0.039135     0.087525
F2_NULL_0192       SET     674   0.00025763   4.8905e-05     0.039274      0.49738
F2_NULL_0193       SET     674     0.025416    0.0048248     0.038774      0.25608
F2_NULL_0194       SET     674     0.056137     0.010656     0.039276      0.07647
F2_NULL_0195       SET     674      0.03448    0.0065452      0.03977      0.19299
F2_NULL_0196       SET     674    -0.054147    -0.010279     0.039329       0.9157
F2_NULL_0197       SET     674     0.010976    0.0020835     0.039096      0.38946
F2_NULL_0198       SET     674  -0.00031714  -6.0201e-05     0.039393      0.50321
F2_NULL_0199       SET     674  -0.00027359  -5.1936e-05     0.039879      0.50274
F2_NULL_0200       SET     674    -0.010844   -0.0020585     0.039982      0.60689
F2_NULL_0201       SET     674    -0.028612   -0.0054314     0.039234      0.76708
F2_NULL_0202       SET     674     0.039228    0.0074465     0.037799      0.14969
F2_NULL_0203       SET     674     0.034586    0.0065654     0.039489      0.19057
F2_NULL_0204       SET     674     0.059638     0.011321     0.039645     0.066263
F2_NULL_0205       SET     674     0.063844     0.012119     0.039031      0.05096
F2_NULL_0206       SET     674  -0.00082927  -0.00015742     0.038353      0.50863
F2_NULL_0207       SET     674     0.033855    0.0064267     0.039465      0.19549
F2_NULL_0208       SET     674   -0.0074191   -0.0014084     0.038942      0.57555
F2_NULL_0209       SET     674     0.015351     0.002914     0.039502      0.34878
F2_NULL_0210       SET     674   -0.0073099   -0.0013876     0.039001      0.57434
F2_NULL_0211       SET     674      0.03668    0.0069628     0.039529      0.17673
F2_NULL_0212       SET     674   -0.0029466  -0.00055935     0.039032      0.53009
F2_NULL_0213       SET     674   -0.0063553   -0.0012064     0.039293      0.56424
F2_NULL_0214       SET     674    -0.039183   -0.0074381     0.038934      0.84288
F2_NULL_0215       SET     674     0.034782    0.0066025     0.039214      0.18755
F2_NULL_0216       SET     674     0.035306    0.0067022     0.038956      0.18239
F2_NULL_0217       SET     674   -0.0051444  -0.00097654     0.038724      0.55284
F2_NULL_0218       SET     674     0.032584    0.0061854     0.038146       0.1965
F2_NULL_0219       SET     674    -0.053492    -0.010154     0.039869      0.91015
F2_NULL_0220       SET     674    -0.021448   -0.0040715     0.039845      0.70481
F2_NULL_0221       SET     674     0.030783    0.0058435     0.039847      0.21991
F2_NULL_0222       SET     674    -0.016046    -0.003046     0.039467      0.65784
F2_NULL_0223       SET     674    -0.036305   -0.0068918     0.038635      0.82631
F2_NULL_0224       SET     674     0.044082     0.008368     0.038608      0.12678
F2_NULL_0225       SET     674     0.043057    0.0081735     0.039305      0.13666
F2_NULL_0226       SET     674    -0.017676   -0.0033553     0.039247      0.67377
F2_NULL_0227       SET     674   -0.0080959   -0.0015368     0.039131      0.58195
F2_NULL_0228       SET     674   -0.0085734   -0.0016275      0.03979       0.5853
F2_NULL_0229       SET     674     0.014011    0.0026596     0.038407      0.35764
F2_NULL_0230       SET     674     0.018153     0.003446     0.038886      0.32031
F2_NULL_0231       SET     674     0.032014    0.0060771     0.039491      0.20879
F2_NULL_0232       SET     674    -0.077497    -0.014711     0.038973      0.97661
F2_NULL_0233       SET     674    -0.040109   -0.0076138     0.039607      0.84439
F2_NULL_0234       SET     674     0.039547    0.0075072     0.038756      0.15377
F2_NULL_0235       SET     674    -0.031952   -0.0060654     0.039785      0.78904
F2_NULL_0236       SET     674    0.0072621    0.0013785     0.039705      0.42744
F2_NULL_0237       SET     674    -0.014039    -0.002665     0.039042      0.64042
F2_NULL_0238       SET     674    -0.073342    -0.013922     0.038478      0.97167
F2_NULL_0239       SET     674    -0.083286     -0.01581     0.039605      0.98226
F2_NULL_0240       SET     674   -0.0052843   -0.0010031     0.038639      0.55439
F2_NULL_0241       SET     674    0.0027564   0.00052325       0.0394      0.47211
F2_NULL_0242       SET     674    0.0096224    0.0018266     0.038965      0.40247
F2_NULL_0243       SET     674     -0.02501   -0.0047477      0.03891      0.73981
F2_NULL_0244       SET     674    0.0017346   0.00032927     0.038773      0.48216
F2_NULL_0245       SET     674    -0.013895   -0.0026376     0.039595      0.63717
F2_NULL_0246       SET     674    -0.034898   -0.0066246     0.040627      0.80482
F2_NULL_0247       SET     674    -0.024896   -0.0047261     0.039287      0.73686
F2_NULL_0248       SET     674   -0.0020273  -0.00038484     0.039259      0.52059
F2_NULL_0249       SET     674     0.046283    0.0087859     0.039097      0.11825
F2_NULL_0250       SET     674     0.018939    0.0035952     0.039134      0.31421
F2_NULL_0251       SET     674     -0.03051   -0.0057916      0.03986      0.77799
F2_NULL_0252       SET     674    0.0065876    0.0012505     0.038413      0.43192
F2_NULL_0253       SET     674     0.014233    0.0027019     0.038391      0.35542
F2_NULL_0254       SET     674    -0.039287   -0.0074578     0.039524      0.83988
F2_NULL_0255       SET     674     0.011432    0.0021701     0.038651       0.3837
F2_NULL_0256       SET     674    -0.024996    -0.004745     0.039758      0.73523
F2_NULL_0257       SET     674    -0.008053   -0.0015287     0.039609      0.58055
F2_NULL_0258       SET     674     0.076261     0.014477     0.039692     0.027352
F2_NULL_0259       SET     674    -0.046021    -0.008736     0.039141      0.88015
F2_NULL_0260       SET     674   9.0883e-05   1.7252e-05     0.039056      0.49907
F2_NULL_0261       SET     674    0.0023357   0.00044339     0.038756      0.47597
F2_NULL_0262       SET     674    0.0093695    0.0017786     0.038801       0.4046
F2_NULL_0263       SET     674    -0.062539    -0.011872     0.039456      0.94351
F2_NULL_0264       SET     674     0.046752    0.0088748     0.038912      0.11479
F2_NULL_0265       SET     674     0.054867     0.010415     0.039067     0.080105
F2_NULL_0266       SET     674     0.013636    0.0025884     0.039177       0.3639
F2_NULL_0267       SET     674    -0.014358   -0.0027256     0.039172      0.64302
F2_NULL_0268       SET     674      0.09233     0.017527     0.038206    0.0078375
F2_NULL_0269       SET     674     0.079869     0.015161     0.039328     0.021143
F2_NULL_0270       SET     674     0.046332    0.0087951     0.039122      0.11816
F2_NULL_0271       SET     674     0.037114    0.0070454     0.038824      0.16955
F2_NULL_0272       SET     674    -0.011318   -0.0021486     0.038782       0.6148
F2_NULL_0273       SET     674   -0.0060857   -0.0011552     0.038797      0.56232
F2_NULL_0274       SET     674   -0.0046215  -0.00087729     0.039256      0.54686
F2_NULL_0275       SET     674     0.064753     0.012292     0.038876     0.047903
F2_NULL_0276       SET     674     0.062825     0.011926     0.039663     0.056611
F2_NULL_0277       SET     674    0.0097484    0.0018505     0.039219      0.40185
F2_NULL_0278       SET     674     0.076832     0.014585     0.038934     0.024234
F2_NULL_0279       SET     674   -0.0014449  -0.00027428     0.039287      0.51467
F2_NULL_0280       SET     674    0.0084681    0.0016075     0.038371      0.41267
F2_NULL_0281       SET     674    -0.068831    -0.013066     0.038969      0.96132
F2_NULL_0282       SET     674     0.016148    0.0030654     0.039732      0.34222
F2_NULL_0283       SET     674    -0.028307   -0.0053734     0.039043      0.76577
F2_NULL_0284       SET     674     0.065486     0.012431     0.038949      0.04636
F2_NULL_0285       SET     674   -0.0021929  -0.00041627     0.039275      0.52226
F2_NULL_0286       SET     674    -0.041555   -0.0078882     0.040447      0.84787
F2_NULL_0287       SET     674     0.028098    0.0053337     0.039401      0.23789
F2_NULL_0288       SET     674     0.067764     0.012864     0.040321     0.046428
F2_NULL_0289       SET     674     0.059542     0.011303     0.038853     0.062707
F2_NULL_0290       SET     674    -0.022172   -0.0042089     0.038902      0.71564
F2_NULL_0291       SET     674     0.026042    0.0049435     0.039345      0.25403
F2_NULL_0292       SET     674     0.025721    0.0048826     0.039069      0.25516
F2_NULL_0293       SET     674    -0.038047   -0.0072224     0.039715      0.83096
F2_NULL_0294       SET     674    -0.036669   -0.0069608     0.039133      0.82562
F2_NULL_0295       SET     674    0.0030138   0.00057211      0.03877      0.46902
F2_NULL_0296       SET     674     0.054014     0.010253     0.039204     0.084149
F2_NULL_0297       SET     674     0.024647    0.0046787     0.039578      0.26673
F2_NULL_0298       SET     674     0.010917    0.0020723     0.038656      0.38882
F2_NULL_0299       SET     674    -0.055367     -0.01051     0.039256      0.92078
F2_NULL_0300       SET     674    -0.018182   -0.0034514     0.039071      0.67916
F2_NULL_0301       SET     674     0.030674    0.0058227     0.039447      0.21841
F2_NULL_0302       SET     674   -0.0057619   -0.0010938     0.039195      0.55844
F2_NULL_0303       SET     674   -0.0093425   -0.0017735       0.0388      0.59514
F2_NULL_0304       SET     674    0.0092179    0.0017498     0.039236      0.40713
F2_NULL_0305       SET     674    -0.015227   -0.0028906     0.039886      0.64868
F2_NULL_0306       SET     674    -0.020763   -0.0039414      0.03867      0.70434
F2_NULL_0307       SET     674    0.0081457    0.0015463     0.038765      0.41679
F2_NULL_0308       SET     674    -0.040003   -0.0075937     0.039291      0.84568
F2_NULL_0309       SET     674     0.011282    0.0021417     0.038449       0.3846
F2_NULL_0310       SET     674     0.044976    0.0085377      0.03974      0.12888
F2_NULL_0311       SET     674     0.029295    0.0055609     0.039456      0.22891
F2_NULL_0312       SET     674     0.029712    0.0056401     0.037861       0.2163
F2_NULL_0313       SET     674    0.0075234    0.0014281      0.03916      0.42383
F2_NULL_0314       SET     674     0.064108      0.01217      0.03889     0.049641
F2_NULL_0315       SET     674    -0.029101   -0.0055241     0.040126      0.76584
F2_NULL_0316       SET     674     0.011092    0.0021055     0.038671      0.38713
F2_NULL_0317       SET     674     0.049282    0.0093551     0.039497      0.10608
F2_NULL_0318       SET     674     0.026946    0.0051151     0.038773      0.24354
F2_NULL_0319       SET     674    -0.075391    -0.014311     0.038307      0.97546
F2_NULL_0320       SET     674     0.046324    0.0087936      0.03862      0.11518
F2_NULL_0321       SET     674    -0.033171   -0.0062968     0.038918      0.80298
F2_NULL_0322       SET     674     0.016449    0.0031225     0.039368      0.33804
F2_NULL_0323       SET     674    -0.010458   -0.0019853     0.038897      0.60598
F2_NULL_0324       SET     674    -0.048108   -0.0091322     0.039043      0.89105
F2_NULL_0325       SET     674    -0.012343   -0.0023431     0.038981      0.62424
F2_NULL_0326       SET     674    -0.068987    -0.013096     0.038695      0.96268
F2_NULL_0327       SET     674    -0.017108   -0.0032476      0.03831       0.6724
F2_NULL_0328       SET     674    -0.023883   -0.0045336     0.038678      0.73153
F2_NULL_0329       SET     674     0.059578      0.01131     0.038746     0.062075
F2_NULL_0330       SET     674    -0.032218   -0.0061158     0.039489      0.79271
F2_NULL_0331       SET     674     0.040415    0.0076719     0.039085      0.15057
F2_NULL_0332       SET     674      0.01146    0.0021754     0.039891      0.38695
F2_NULL_0333       SET     674    -0.033227   -0.0063074     0.038948       0.8032
F2_NULL_0334       SET     674     -0.03373    -0.006403     0.038878      0.80719
F2_NULL_0335       SET     674    -0.035076   -0.0066584     0.039578      0.81225
F2_NULL_0336       SET     674     0.072835     0.013826     0.038503     0.029274
F2_NULL_0337       SET     674     0.029608    0.0056204     0.039496      0.22674
F2_NULL_0338       SET     674     0.035776    0.0067912     0.039205      0.18075
F2_NULL_0339       SET     674      0.02364    0.0044876     0.039296      0.27372
F2_NULL_0340       SET     674     0.029738    0.0056451     0.038668      0.22094
F2_NULL_0341       SET     674     0.041451    0.0078685     0.038804      0.14272
F2_NULL_0342       SET     674    -0.013454    -0.002554     0.039714      0.63261
F2_NULL_0343       SET     674    -0.011861   -0.0022515     0.040324      0.61567
F2_NULL_0344       SET     674     0.036826    0.0069906     0.039163      0.17354
F2_NULL_0345       SET     674     0.026136    0.0049614     0.039275      0.25288
F2_NULL_0346       SET     674     0.023027    0.0043712     0.038772      0.27629
F2_NULL_0347       SET     674    -0.019399   -0.0036824     0.039292      0.68924
F2_NULL_0348       SET     674    -0.014506   -0.0027536     0.039024      0.64495
F2_NULL_0349       SET     674   -0.0045799  -0.00086939     0.039213      0.54649
F2_NULL_0350       SET     674     0.015019     0.002851     0.038999      0.35008
F2_NULL_0351       SET     674    -0.049638   -0.0094228     0.038974      0.89859
F2_NULL_0352       SET     674     0.043066    0.0081752     0.039381      0.13708
F2_NULL_0353       SET     674     0.029508    0.0056014     0.038827      0.22364
F2_NULL_0354       SET     674     0.021086    0.0040027     0.039016      0.29445
F2_NULL_0355       SET     674   -0.0084539   -0.0016048     0.038834      0.58617
F2_NULL_0356       SET     674    -0.036411   -0.0069118     0.038686      0.82669
F2_NULL_0357       SET     674    -0.009601   -0.0018225     0.039811      0.59528
F2_NULL_0358       SET     674     0.051352     0.009748     0.039581     0.097258
F2_NULL_0359       SET     674   -0.0050755  -0.00096347     0.039017      0.55175
F2_NULL_0360       SET     674     -0.01903   -0.0036125     0.039606      0.68456
F2_NULL_0361       SET     674    -0.013857   -0.0026305     0.038195      0.64162
F2_NULL_0362       SET     674    -0.012732   -0.0024168     0.039385      0.62675
F2_NULL_0363       SET     674    -0.024091   -0.0045732     0.038437      0.73459
F2_NULL_0364       SET     674    0.0046438   0.00088153     0.039059      0.45268
F2_NULL_0365       SET     674    -0.015754   -0.0029905     0.039047      0.65669
F2_NULL_0366       SET     674    0.0046248   0.00087793      0.03989      0.45385
F2_NULL_0367       SET     674    -0.039195   -0.0074403     0.038483      0.84577
F2_NULL_0368       SET     674   -0.0068972   -0.0013093     0.038541      0.57101
F2_NULL_0369       SET     674     0.024226    0.0045988     0.039217      0.26838
F2_NULL_0370       SET     674     0.012899    0.0024486     0.039412      0.37173
F2_NULL_0371       SET     674     0.011657    0.0022128     0.039034      0.38261
F2_NULL_0372       SET     674     0.023776    0.0045134      0.03908      0.27147
F2_NULL_0373       SET     674    -0.033665   -0.0063906     0.040141      0.79917
F2_NULL_0374       SET     674    0.0025013   0.00047482     0.039144      0.47452
F2_NULL_0375       SET     674     0.046557    0.0088378     0.038927      0.11586
F2_NULL_0376       SET     674    -0.011975   -0.0022731     0.038983      0.62064
F2_NULL_0377       SET     674    -0.064137    -0.012175     0.039576      0.94744
F2_NULL_0378       SET     674    -0.048105   -0.0091317     0.039329      0.88936
F2_NULL_0379       SET     674   -0.0024263  -0.00046059      0.03766      0.52568
F2_NULL_0380       SET     674    -0.042865   -0.0081371     0.038709      0.86593
F2_NULL_0381       SET     674     0.043117    0.0081849     0.039418      0.13702
F2_NULL_0382       SET     674   -0.0030405  -0.00057717     0.038392      0.53156
F2_NULL_0383       SET     674     0.017713    0.0033624     0.038724      0.32369
F2_NULL_0384       SET     674    -0.011874   -0.0022541     0.039546      0.61801
F2_NULL_0385       SET     674    -0.059631     -0.01132      0.03903      0.93671
F2_NULL_0386       SET     674    -0.058338    -0.011074      0.03882      0.93354
F2_NULL_0387       SET     674     0.021542    0.0040892      0.03841      0.28746
F2_NULL_0388       SET     674    -0.036161   -0.0068644       0.0395      0.82002
F2_NULL_0389       SET     674    -0.027562   -0.0052321     0.038708      0.76178
F2_NULL_0390       SET     674     0.044118    0.0083749     0.039679       0.1331
F2_NULL_0391       SET     674      0.04091    0.0077658     0.038679      0.14511
F2_NULL_0392       SET     674    -0.021076   -0.0040008     0.038087      0.70999
F2_NULL_0393       SET     674    -0.032784   -0.0062234     0.039277      0.79805
F2_NULL_0394       SET     674    0.0016553   0.00031422      0.03902      0.48308
F2_NULL_0395       SET     674    -0.032483   -0.0061662     0.039077      0.79708
F2_NULL_0396       SET     674    -0.037392    -0.007098     0.039083      0.83064
F2_NULL_0397       SET     674    -0.031259   -0.0059339     0.039096      0.78801
F2_NULL_0398       SET     674    -0.059804    -0.011352      0.03988      0.93313
F2_NULL_0399       SET     674    -0.028723   -0.0054524     0.038968      0.76946
F2_NULL_0400       SET     674     -0.03238   -0.0061466     0.038643      0.79896
F2_NULL_0401       SET     674     0.025385    0.0048188     0.040149      0.26361
F2_NULL_0402       SET     674     0.024445    0.0046403     0.039597      0.26851
F2_NULL_0403       SET     674     0.041118    0.0078054     0.038845      0.14492
F2_NULL_0404       SET     674     0.038223    0.0072558     0.039896      0.16902
F2_NULL_0405       SET     674     0.085122     0.016159     0.039222     0.015001
F2_NULL_0406       SET     674    -0.062588    -0.011881     0.039728      0.94241
F2_NULL_0407       SET     674    0.0098692    0.0018735       0.0393      0.40086
F2_NULL_0408       SET     674     0.038227    0.0072565     0.039269      0.16517
F2_NULL_0409       SET     674    -0.036274   -0.0068858     0.039151       0.8229
F2_NULL_0410       SET     674    -0.023869    -0.004531     0.038957      0.72996
F2_NULL_0411       SET     674     0.012889    0.0024466      0.03939      0.37176
F2_NULL_0412       SET     674   -0.0098057   -0.0018614     0.039093      0.59902
F2_NULL_0413       SET     674   -0.0023443  -0.00044501     0.038896      0.52403
F2_NULL_0414       SET     674   -0.0093024   -0.0017658     0.038864      0.59458
F2_NULL_0415       SET     674    0.0076666    0.0014553     0.039519      0.42309
F2_NULL_0416       SET     674     0.028243    0.0053613     0.039414      0.23683
F2_NULL_0417       SET     674    -0.025236   -0.0047905     0.038393       0.7445
F2_NULL_0418       SET     674     0.037657    0.0071484     0.039694       0.1714
F2_NULL_0419       SET     674  -0.00093331  -0.00017717     0.038428      0.50969
F2_NULL_0420       SET     674    -0.054946     -0.01043     0.039453      0.91813
F2_NULL_0421       SET     674    -0.030513   -0.0057923     0.039342        0.781
F2_NULL_0422       SET     674    -0.018967   -0.0036005     0.038547      0.68866
F2_NULL_0423       SET     674    -0.029521   -0.0056039     0.039167      0.77448
F2_NULL_0424       SET     674    0.0056764    0.0010775     0.038598      0.44154
F2_NULL_0425       SET     674    -0.042565     -0.00808     0.039217      0.86111
F2_NULL_0426       SET     674     0.072766     0.013813     0.038989     0.031005
F2_NULL_0427       SET     674     0.034411    0.0065322     0.039069      0.18923
F2_NULL_0428       SET     674    -0.032629   -0.0061939     0.039877      0.79339
F2_NULL_0429       SET     674      0.01925    0.0036542     0.039526      0.31313
F2_NULL_0430       SET     674      0.01906    0.0036181     0.039641      0.31533
F2_NULL_0431       SET     674     0.029557    0.0056108     0.039233      0.22562
F2_NULL_0432       SET     674    -0.020583   -0.0039073     0.039438      0.69913
F2_NULL_0433       SET     674    -0.032379   -0.0061465     0.039064      0.79641
F2_NULL_0434       SET     674     -0.01035   -0.0019647      0.03932      0.60381
F2_NULL_0435       SET     674      -0.0373   -0.0070806     0.040029      0.82428
F2_NULL_0436       SET     674     0.022523    0.0042755     0.038008      0.27673
F2_NULL_0437       SET     674      -0.0307   -0.0058276     0.038774      0.78575
F2_NULL_0438       SET     674     0.028861    0.0054786     0.039096       0.2302
F2_NULL_0439       SET     674    -0.014498   -0.0027521     0.039747      0.64235
F2_NULL_0440       SET     674    -0.024639   -0.0046772     0.039259      0.73487
F2_NULL_0441       SET     674    -0.044938   -0.0085306     0.038766      0.87681
F2_NULL_0442       SET     674   -0.0043626  -0.00082814     0.039471        0.544
F2_NULL_0443       SET     674    -0.048271   -0.0091633     0.038943      0.89242
F2_NULL_0444       SET     674     -0.02473   -0.0046945     0.039187      0.73601
F2_NULL_0445       SET     674     0.018285    0.0034709     0.039086      0.31996
F2_NULL_0446       SET     674     0.017207    0.0032664     0.040054      0.33374
F2_NULL_0447       SET     674     0.011281    0.0021415     0.039591      0.38785
F2_NULL_0448       SET     674    0.0083396    0.0015831     0.038636      0.41455
F2_NULL_0449       SET     674     0.053448     0.010146     0.039511     0.088075
F2_NULL_0450       SET     674    -0.048488   -0.0092044     0.039805      0.88841
F2_NULL_0451       SET     674      0.03125    0.0059321     0.038232      0.20686
F2_NULL_0452       SET     674     0.048401    0.0091878     0.038952      0.10702
F2_NULL_0453       SET     674    -0.023928   -0.0045423     0.039695      0.72668
F2_NULL_0454       SET     674    0.0038717   0.00073495     0.039972      0.46142
F2_NULL_0455       SET     674      0.01528    0.0029006     0.038714      0.34654
F2_NULL_0456       SET     674    -0.034411   -0.0065321     0.039087      0.81066
F2_NULL_0457       SET     674      0.02934    0.0055695     0.038925       0.2255
F2_NULL_0458       SET     674   -0.0092256   -0.0017513     0.038911      0.59371
F2_NULL_0459       SET     674     0.012881    0.0024452     0.039332      0.37165
F2_NULL_0460       SET     674    -0.029318   -0.0055654     0.038781      0.77517
F2_NULL_0461       SET     674    -0.062812    -0.011923     0.039362      0.94472
F2_NULL_0462       SET     674    -0.060417    -0.011469      0.03952      0.93683
F2_NULL_0463       SET     674    0.0040502   0.00076885     0.039212      0.45887
F2_NULL_0464       SET     674     0.058258     0.011059     0.039627      0.07077
F2_NULL_0465       SET     674     -0.00574   -0.0010896     0.038846      0.55873
F2_NULL_0466       SET     674      0.04119     0.007819     0.038591      0.14291
F2_NULL_0467       SET     674      0.01901    0.0036087     0.038819      0.31217
F2_NULL_0468       SET     674     0.016971    0.0032215     0.039351      0.33314
F2_NULL_0469       SET     674    -0.015617   -0.0029645     0.039048       0.6554
F2_NULL_0470       SET     674    -0.041237   -0.0078279     0.039093      0.85425
F2_NULL_0471       SET     674    -0.020497   -0.0038909     0.039253      0.69922
F2_NULL_0472       SET     674   -0.0093438   -0.0017737     0.039045      0.59457
F2_NULL_0473       SET     674    -0.017362   -0.0032957     0.038592       0.6736
F2_NULL_0474       SET     674     0.016877    0.0032037     0.038931      0.33232
F2_NULL_0475       SET     674    -0.040756   -0.0077367     0.039955      0.84614
F2_NULL_0476       SET     674     0.013233     0.002512     0.039177      0.36777
F2_NULL_0477       SET     674     0.019952    0.0037874     0.039536      0.30691
F2_NULL_0478       SET     674    -0.009018   -0.0017119     0.039302      0.59074
F2_NULL_0479       SET     674     0.014217    0.0026988     0.038829      0.35713
F2_NULL_0480       SET     674    -0.041079   -0.0077979      0.03964      0.84996
F2_NULL_0481       SET     674    0.0083065    0.0015768     0.039497      0.41672
F2_NULL_0482       SET     674    0.0079407    0.0015074     0.039569      0.42048
F2_NULL_0483       SET     674    -0.065742     -0.01248      0.03865      0.95552
F2_NULL_0484       SET     674   0.00055581   0.00010551     0.038769      0.49428
F2_NULL_0485       SET     674     0.034057    0.0064651     0.038538      0.18842
F2_NULL_0486       SET     674     0.084848     0.016107     0.039543     0.015955
F2_NULL_0487       SET     674    -0.014425   -0.0027383     0.039207      0.64353
F2_NULL_0488       SET     674     0.017536    0.0033288     0.039097      0.32689
F2_NULL_0489       SET     674     0.047936    0.0090997     0.039156      0.11044
F2_NULL_0490       SET     674    -0.021715   -0.0041221     0.039142      0.71047
F2_NULL_0491       SET     674    -0.040156   -0.0076227     0.039235      0.84695
F2_NULL_0492       SET     674     -0.02745   -0.0052108     0.038611      0.76144
F2_NULL_0493       SET     674    -0.042094   -0.0079907     0.039725      0.85534
F2_NULL_0494       SET     674   -0.0016203  -0.00030757     0.038412      0.51682
F2_NULL_0495       SET     674     0.049475    0.0093918     0.040268      0.10961
F2_NULL_0496       SET     674     0.020984    0.0039833     0.039038      0.29546
F2_NULL_0497       SET     674     0.042666    0.0080991     0.039187      0.13814
F2_NULL_0498       SET     674    -0.025653   -0.0048697     0.038573      0.74699
F2_NULL_0499       SET     674     0.030143     0.005722     0.038549      0.21713
F2_NULL_0500       SET     674     0.061873     0.011745      0.03921      0.05729
F2_NULL_0501       SET     674     0.019901    0.0037778     0.039234        0.306
F2_NULL_0502       SET     674  -0.00023123  -4.3893e-05     0.038766      0.50238
F2_NULL_0503       SET     674     0.010268    0.0019492     0.039972      0.39863
F2_NULL_0504       SET     674    -0.010222   -0.0019404     0.040372      0.59994
F2_NULL_0505       SET     674     -0.02935   -0.0055715     0.039325      0.77227
F2_NULL_0506       SET     674      0.05623     0.010674     0.038494     0.072049
F2_NULL_0507       SET     674    0.0051789   0.00098311     0.038965      0.44713
F2_NULL_0508       SET     674     0.064034     0.012155     0.039281     0.051545
F2_NULL_0509       SET     674    -0.038903   -0.0073849       0.0396      0.83704
F2_NULL_0510       SET     674    0.0080781    0.0015335     0.039256      0.41848
F2_NULL_0511       SET     674    -0.083949    -0.015936      0.03836      0.98567
F2_NULL_0512       SET     674       0.1069     0.020293     0.039232    0.0032196
F2_NULL_0513       SET     674    0.0089258    0.0016944     0.039392      0.41037
F2_NULL_0514       SET     674     0.020506    0.0038926     0.038698      0.29809
F2_NULL_0515       SET     674    -0.042139   -0.0079992     0.039699      0.85575
F2_NULL_0516       SET     674     0.038503     0.007309     0.038431      0.15821
F2_NULL_0517       SET     674    -0.015638   -0.0029685     0.039901      0.65243
F2_NULL_0518       SET     674   -0.0051002  -0.00096817     0.039042      0.55197
F2_NULL_0519       SET     674     0.019975    0.0037918     0.039092      0.30469
F2_NULL_0520       SET     674    -0.040098   -0.0076117     0.039107      0.84739
F2_NULL_0521       SET     674    -0.051891   -0.0098504      0.03896      0.90855
F2_NULL_0522       SET     674    0.0050467     0.000958     0.038778      0.44823
F2_NULL_0523       SET     674     0.020249    0.0038439     0.038538      0.29964
F2_NULL_0524       SET     674    -0.019216   -0.0036477     0.038919      0.68925
F2_NULL_0525       SET     674    0.0073394    0.0013932      0.04003      0.42726
F2_NULL_0526       SET     674     0.013901    0.0026388     0.038512      0.35907
F2_NULL_0527       SET     674    -0.044402   -0.0084287     0.038889      0.87321
F2_NULL_0528       SET     674    -0.044454   -0.0084387     0.039866      0.86759
F2_NULL_0529       SET     674     0.022276    0.0042287     0.039256      0.28521
F2_NULL_0530       SET     674     0.029159    0.0055353     0.039586      0.23068
F2_NULL_0531       SET     674   0.00060295   0.00011446     0.039262      0.49387
F2_NULL_0532       SET     674     0.027571    0.0052338     0.038697      0.23808
F2_NULL_0533       SET     674    -0.040941   -0.0077717     0.038941      0.85344
F2_NULL_0534       SET     674     0.030122     0.005718     0.039526      0.22301
F2_NULL_0535       SET     674    -0.088812    -0.016859      0.03887      0.98883
F2_NULL_0536       SET     674     0.015298     0.002904      0.03942      0.34898
F2_NULL_0537       SET     674    -0.011725   -0.0022257     0.039788      0.61588
F2_NULL_0538       SET     674    -0.027236   -0.0051703     0.039144      0.75672
F2_NULL_0539       SET     674     0.036509    0.0069305     0.039513      0.17775
F2_NULL_0540       SET     674     0.043769    0.0083086     0.038757      0.12939
F2_NULL_0541       SET     674     0.044538    0.0084546      0.03873      0.12509
F2_NULL_0542       SET     674     0.050955    0.0096728     0.038804     0.094577
F2_NULL_0543       SET     674      0.01841    0.0034947     0.039853      0.32207
F2_NULL_0544       SET     674     0.052024    0.0098756     0.039885     0.096068
F2_NULL_0545       SET     674     0.020448    0.0038816      0.03959      0.30276
F2_NULL_0546       SET     674    -0.010511   -0.0019954       0.0392      0.60571
F2_NULL_0547       SET     674     -0.04428   -0.0084056     0.039043      0.87162
F2_NULL_0548       SET     674     0.043495    0.0082567     0.039173      0.13344
F2_NULL_0549       SET     674     0.017576    0.0033364     0.039108      0.32656
F2_NULL_0550       SET     674    -0.051208   -0.0097207     0.039719      0.90134
F2_NULL_0551       SET     674    -0.026037   -0.0049425     0.039417      0.74554
F2_NULL_0552       SET     674    -0.014333   -0.0027208     0.038846      0.64392
F2_NULL_0553       SET     674    0.0041178   0.00078168     0.038624      0.45755
F2_NULL_0554       SET     674    -0.027598   -0.0052388     0.039403      0.75816
F2_NULL_0555       SET     674    -0.047116    -0.008944     0.038879      0.88721
F2_NULL_0556       SET     674   -0.0098706   -0.0018737     0.038467      0.60125
F2_NULL_0557       SET     674    0.0088547    0.0016809     0.039473      0.41125
F2_NULL_0558       SET     674     0.039203    0.0074418     0.039098      0.15801
F2_NULL_0559       SET     674     0.038942    0.0073923     0.039909       0.1646
F2_NULL_0560       SET     674   -0.0031988  -0.00060723     0.039267      0.53246
F2_NULL_0561       SET     674     0.018968    0.0036008     0.038828      0.31259
F2_NULL_0562       SET     674    0.0078229     0.001485      0.03857      0.41964
F2_NULL_0563       SET     674     0.017781    0.0033753      0.03954      0.32647
F2_NULL_0564       SET     674     -0.01555   -0.0029519     0.038402      0.65723
F2_NULL_0565       SET     674    -0.015238   -0.0028927     0.039136       0.6515
F2_NULL_0566       SET     674   -0.0094909   -0.0018016     0.039557      0.59481
F2_NULL_0567       SET     674     -0.02789   -0.0052944     0.038899      0.76331
F2_NULL_0568       SET     674   -0.0026764  -0.00050806      0.03907      0.52731
F2_NULL_0569       SET     674     0.050034    0.0094978     0.039296      0.10147
F2_NULL_0570       SET     674     0.043065    0.0081749     0.039493      0.13777
F2_NULL_0571       SET     674     0.088292      0.01676     0.039721     0.013122
F2_NULL_0572       SET     674     0.011586    0.0021993      0.03892      0.38298
F2_NULL_0573       SET     674    -0.036214   -0.0068743     0.039309      0.82154
F2_NULL_0574       SET     674     0.017964      0.00341     0.039054      0.32277
F2_NULL_0575       SET     674    -0.025584   -0.0048566     0.038468      0.74699
F2_NULL_0576       SET     674     0.033686    0.0063945     0.039579      0.19736
F2_NULL_0577       SET     674   -0.0012943  -0.00024569     0.038916      0.51327
F2_NULL_0578       SET     674     0.036275     0.006886     0.039005      0.17619
F2_NULL_0579       SET     674   -0.0039239  -0.00074486     0.039712      0.53935
F2_NULL_0580       SET     674    -0.024421   -0.0046357     0.038958      0.73461
F2_NULL_0581       SET     674    -0.029012   -0.0055073     0.038827      0.77253
F2_NULL_0582       SET     674    -0.025249   -0.0047929     0.038878      0.74197
F2_NULL_0583       SET     674     0.022383     0.004249     0.039311      0.28455
F2_NULL_0584       SET     674     0.038363    0.0072823     0.039028      0.16282
F2_NULL_0585       SET     674     0.039702    0.0075366     0.039486      0.15734
F2_NULL_0586       SET     674   -0.0061701   -0.0011713     0.038736      0.56328
F2_NULL_0587       SET     674     0.020096    0.0038149      0.03982      0.30689
F2_NULL_0588       SET     674    -0.024215   -0.0045967     0.038916      0.73311
F2_NULL_0589       SET     674     0.025449    0.0048309     0.038984      0.25694
F2_NULL_0590       SET     674    -0.011185   -0.0021231     0.039723      0.61086
F2_NULL_0591       SET     674    -0.013433     -0.00255     0.038616      0.63603
F2_NULL_0592       SET     674     0.033239    0.0063097     0.039588      0.20057
F2_NULL_0593       SET     674     0.032139    0.0061008     0.039803      0.20971
F2_NULL_0594       SET     674      0.08354     0.015858     0.039921     0.018199
F2_NULL_0595       SET     674     0.043996    0.0083516     0.039145      0.13054
F2_NULL_0596       SET     674    0.0066196    0.0012566     0.039834      0.43401
F2_NULL_0597       SET     674    0.0066862    0.0012692     0.038948      0.43185
F2_NULL_0598       SET     674  -0.00017717  -3.3632e-05     0.039738      0.50178
F2_NULL_0599       SET     674    -0.020977   -0.0039821     0.040201       0.6991
F2_NULL_0600       SET     674     0.003194   0.00060632     0.039475      0.46776
F2_NULL_0601       SET     674    -0.010282   -0.0019519     0.038981      0.60402
F2_NULL_0602       SET     674    -0.040898   -0.0077636     0.038891       0.8535
F2_NULL_0603       SET     674     0.014248    0.0027046     0.038262      0.35481
F2_NULL_0604       SET     674    -0.025878   -0.0049124      0.03854      0.74903
F2_NULL_0605       SET     674     -0.01946   -0.0036941     0.039504      0.68885
F2_NULL_0606       SET     674   -0.0083512   -0.0015853     0.039652       0.5834
F2_NULL_0607       SET     674   0.00066431    0.0001261     0.038811      0.49317
F2_NULL_0608       SET     674     0.025131    0.0047706       0.0391       0.2602
F2_NULL_0609       SET     674    -0.012076   -0.0022923     0.039228      0.62089
F2_NULL_0610       SET     674     0.022797    0.0043274      0.03912      0.28004
F2_NULL_0611       SET     674     0.027216    0.0051663     0.038446      0.23951
F2_NULL_0612       SET     674     -0.05591    -0.010613     0.038851      0.92493
F2_NULL_0613       SET     674     0.077782     0.014765     0.039216     0.023667
F2_NULL_0614       SET     674    -0.010909   -0.0020708     0.039072      0.60995
F2_NULL_0615       SET     674     0.060561     0.011496      0.03923     0.061335
F2_NULL_0616       SET     674   -0.0095548   -0.0018138     0.039336      0.59596
F2_NULL_0617       SET     674     0.082373     0.015637     0.038994      0.01733
F2_NULL_0618       SET     674     0.035584    0.0067549     0.038977      0.18064
F2_NULL_0619       SET     674     0.011252    0.0021359     0.039808      0.38873
F2_NULL_0620       SET     674    -0.050746   -0.0096331     0.039452      0.90082
F2_NULL_0621       SET     674     0.076949     0.014607     0.040225     0.027884
F2_NULL_0622       SET     674     0.030819    0.0058503     0.039265      0.21626
F2_NULL_0623       SET     674    -0.028433   -0.0053974     0.039032      0.76683
F2_NULL_0624       SET     674     0.055121     0.010464     0.039551     0.081716
F2_NULL_0625       SET     674      0.07362     0.013975     0.039925     0.032603
F2_NULL_0626       SET     674    0.0099541    0.0018896     0.038727      0.39858
F2_NULL_0627       SET     674   -0.0095506    -0.001813      0.03978      0.59487
F2_NULL_0628       SET     674    -0.017244   -0.0032733     0.039375      0.66928
F2_NULL_0629       SET     674    -0.075005    -0.014238     0.038999      0.97277
F2_NULL_0630       SET     674    -0.028984   -0.0055021     0.038729      0.77288
F2_NULL_0631       SET     674    -0.054133    -0.010276      0.03951      0.91467
F2_NULL_0632       SET     674     0.025409    0.0048233     0.038755      0.25604
F2_NULL_0633       SET     674    -0.082442     -0.01565     0.039722      0.98102
F2_NULL_0634       SET     674   -0.0011087  -0.00021047     0.039151       0.5113
F2_NULL_0635       SET     674    -0.054517    -0.010349     0.039184      0.91792
F2_NULL_0636       SET     674     0.047318    0.0089822     0.039539      0.11571
F2_NULL_0637       SET     674    -0.017923   -0.0034022     0.038982      0.67716
F2_NULL_0638       SET     674    -0.046602   -0.0088463     0.039454      0.88122
F2_NULL_0639       SET     674    -0.019777   -0.0037543     0.039517      0.69163
F2_NULL_0640       SET     674    0.0041548   0.00078869     0.039372      0.45798
F2_NULL_0641       SET     674   -0.0069607   -0.0013213     0.038722      0.57133
F2_NULL_0642       SET     674    -0.017501   -0.0033221     0.039698      0.67033
F2_NULL_0643       SET     674    -0.018619   -0.0035345     0.038421      0.68602
F2_NULL_0644       SET     674    -0.013048   -0.0024768     0.039725      0.62871
F2_NULL_0645       SET     674     0.048655     0.009236     0.039263      0.10764
F2_NULL_0646       SET     674     0.011554    0.0021933     0.038111      0.38088
F2_NULL_0647       SET     674   -0.0083263   -0.0015806      0.03879      0.58498
F2_NULL_0648       SET     674    -0.028067   -0.0053279     0.039025      0.76399
F2_NULL_0649       SET     674    -0.016508   -0.0031337     0.039375      0.66248
F2_NULL_0650       SET     674      0.03417    0.0064865     0.038397      0.18676
F2_NULL_0651       SET     674    -0.027167   -0.0051571     0.039225      0.75571
F2_NULL_0652       SET     674     0.036498    0.0069283     0.038626      0.17236
F2_NULL_0653       SET     674     0.033251     0.006312     0.039466      0.19975
F2_NULL_0654       SET     674     0.058225     0.011053     0.039033     0.067899
F2_NULL_0655       SET     674    -0.038449   -0.0072988     0.038956      0.83817
F2_NULL_0656       SET     674   -0.0098522   -0.0018702     0.039214      0.59918
F2_NULL_0657       SET     674    0.0023773   0.00045128     0.038693       0.4755
F2_NULL_0658       SET     674     0.012225    0.0023207     0.039185      0.37753
F2_NULL_0659       SET     674     -0.03272   -0.0062111     0.038866      0.80006
F2_NULL_0660       SET     674     0.042958    0.0081546     0.038681      0.13339
F2_NULL_0661       SET     674     -0.01201   -0.0022798     0.039712      0.61883
F2_NULL_0662       SET     674    -0.047892   -0.0090913     0.039349      0.88821
F2_NULL_0663       SET     674    -0.031752   -0.0060275     0.039704      0.78806
F2_NULL_0664       SET     674     0.014839    0.0028168     0.038711      0.35075
F2_NULL_0665       SET     674    0.0046719   0.00088685     0.039539      0.45297
F2_NULL_0666       SET     674     0.041349    0.0078492     0.039285      0.14628
F2_NULL_0667       SET     674     0.010127    0.0019224     0.039545      0.39894
F2_NULL_0668       SET     674    -0.029236   -0.0055499     0.038728      0.77485
F2_NULL_0669       SET     674    -0.050459   -0.0095786     0.039462      0.89949
F2_NULL_0670       SET     674    -0.053735      -0.0102     0.038548      0.91833
F2_NULL_0671       SET     674      0.08127     0.015427     0.039561     0.019981
F2_NULL_0672       SET     674    -0.054106    -0.010271      0.03921      0.91618
F2_NULL_0673       SET     674    -0.022307   -0.0042345     0.039224      0.71522
F2_NULL_0674       SET     674    -0.044284   -0.0084063     0.039279      0.87021
F2_NULL_0675       SET     674   -0.0045879  -0.00087092     0.038931       0.5469
F2_NULL_0676       SET     674     0.013759    0.0026118      0.03954      0.36393
F2_NULL_0677       SET     674     0.048343    0.0091768     0.039073      0.10801
F2_NULL_0678       SET     674     0.029279    0.0055579     0.038807      0.22529
F2_NULL_0679       SET     674     0.027361     0.005194     0.039241      0.24282
F2_NULL_0680       SET     674    -0.045028   -0.0085476     0.039355      0.87371
F2_NULL_0681       SET     674   -0.0088133    -0.001673     0.039023      0.58934
F2_NULL_0682       SET     674    0.0031596   0.00059978      0.03919      0.46787
F2_NULL_0683       SET     674     0.014858    0.0028204     0.039041      0.35177
F2_NULL_0684       SET     674     0.052673    0.0099988     0.039145     0.089225
F2_NULL_0685       SET     674     0.054793     0.010401     0.039145     0.080804
F2_NULL_0686       SET     674     0.017584    0.0033379     0.038653      0.32459
F2_NULL_0687       SET     674     0.059748     0.011342     0.039214     0.063806
F2_NULL_0688       SET     674    -0.011358   -0.0021561     0.038879      0.61491
F2_NULL_0689       SET     674      0.05831     0.011069     0.039418     0.069542
F2_NULL_0690       SET     674     0.016209     0.003077     0.039003      0.33886
F2_NULL_0691       SET     674    -0.030235   -0.0057395     0.038904      0.78146
F2_NULL_0692       SET     674    -0.026234   -0.0049799     0.038853      0.75022
F2_NULL_0693       SET     674    -0.027463   -0.0052133      0.03939      0.75716
F2_NULL_0694       SET     674    -0.037242   -0.0070696     0.038802      0.83142
F2_NULL_0695       SET     674     0.048486    0.0092039     0.039707      0.11103
F2_NULL_0696       SET     674    0.0061153    0.0011609     0.039447       0.4384
F2_NULL_0697       SET     674    -0.020959   -0.0039786     0.039986      0.69992
F2_NULL_0698       SET     674   -0.0089958   -0.0017076     0.039818      0.58937
F2_NULL_0699       SET     674     0.028491    0.0054083      0.03915       0.2334
F2_NULL_0700       SET     674     0.043625    0.0082813     0.039334      0.13371
F2_NULL_0701       SET     674    -0.048845   -0.0092722     0.038899      0.89538
F2_NULL_0702       SET     674     0.005541    0.0010518     0.038542      0.44284
F2_NULL_0703       SET     674     -0.02029   -0.0038516     0.039815      0.69483
F2_NULL_0704       SET     674     0.036947    0.0070136     0.039222       0.1731
F2_NULL_0705       SET     674    -0.026493   -0.0050291     0.038998      0.75154
F2_NULL_0706       SET     674      0.02245    0.0042616     0.039463      0.28472
F2_NULL_0707       SET     674   -0.0012683  -0.00024076     0.038813      0.51303
F2_NULL_0708       SET     674    -0.039494   -0.0074971     0.039098      0.84378
F2_NULL_0709       SET     674     0.027807    0.0052785     0.039987      0.24341
F2_NULL_0710       SET     674    -0.030318   -0.0057552     0.038349       0.7854
F2_NULL_0711       SET     674     0.042852    0.0081345     0.039038      0.13617
F2_NULL_0712       SET     674     0.012239    0.0023233     0.039191      0.37741
F2_NULL_0713       SET     674     0.001566   0.00029727     0.038971      0.48397
F2_NULL_0714       SET     674     0.010887    0.0020666     0.038577      0.38889
F2_NULL_0715       SET     674   -0.0094054   -0.0017854     0.039197      0.59481
F2_NULL_0716       SET     674    -0.033616   -0.0063812     0.039191      0.80447
F2_NULL_0717       SET     674  -0.00024134  -4.5814e-05     0.039263      0.50245
F2_NULL_0718       SET     674     0.014968    0.0028413     0.039786      0.35338
F2_NULL_0719       SET     674    -0.020452   -0.0038823     0.039149      0.69931
F2_NULL_0720       SET     674    -0.029091   -0.0055223     0.039743       0.7679
F2_NULL_0721       SET     674    0.0083555    0.0015861     0.038764      0.41467
F2_NULL_0722       SET     674     0.032745     0.006216     0.039208      0.20182
F2_NULL_0723       SET     674    -0.022353   -0.0042432     0.039698       0.7133
F2_NULL_0724       SET     674    -0.021547   -0.0040902     0.039601      0.70681
F2_NULL_0725       SET     674      0.02333    0.0044286     0.039987       0.2798
F2_NULL_0726       SET     674    -0.026933   -0.0051126     0.039493      0.75236
F2_NULL_0727       SET     674     0.067791     0.012869     0.039231     0.042001
F2_NULL_0728       SET     674     0.044486    0.0084446     0.039767      0.13165
F2_NULL_0729       SET     674       0.1009     0.019154      0.03973    0.0055513
F2_NULL_0730       SET     674     0.010628    0.0020174     0.038925      0.39242
F2_NULL_0731       SET     674    0.0060481    0.0011481     0.038863      0.43816
F2_NULL_0732       SET     674     0.024585    0.0046668     0.040023      0.26953
F2_NULL_0733       SET     674    -0.020424    -0.003877     0.039401      0.69789
F2_NULL_0734       SET     674     0.057323     0.010882     0.039086     0.071254
F2_NULL_0735       SET     674     0.014523    0.0027568     0.038786      0.35404
F2_NULL_0736       SET     674     0.036349       0.0069     0.039165      0.17669
F2_NULL_0737       SET     674     0.017052     0.003237     0.039068      0.33125
F2_NULL_0738       SET     674   -0.0055443   -0.0010525     0.039369        0.556
F2_NULL_0739       SET     674    -0.012781   -0.0024262     0.039512      0.62683
F2_NULL_0740       SET     674     0.035583    0.0067547     0.039046      0.18107
F2_NULL_0741       SET     674     0.024661    0.0046813     0.039235      0.26483
F2_NULL_0742       SET     674    0.0038694   0.00073452     0.039666      0.46115
F2_NULL_0743       SET     674    -0.007512    -0.001426     0.038836      0.57669
F2_NULL_0744       SET     674    -0.025118   -0.0047681     0.038937      0.74056
F2_NULL_0745       SET     674     0.021263    0.0040363     0.039863      0.29688
F2_NULL_0746       SET     674     0.024691     0.004687     0.039376      0.26532
F2_NULL_0747       SET     674    -0.039434   -0.0074857     0.038852      0.84494
F2_NULL_0748       SET     674       0.0226      0.00429     0.039162      0.28195
F2_NULL_0749       SET     674     0.045982    0.0087287     0.038241      0.11461
F2_NULL_0750       SET     674    -0.036399   -0.0069096     0.039175      0.82358
F2_NULL_0751       SET     674   -0.0073864   -0.0014022     0.039336      0.57447
F2_NULL_0752       SET     674     0.016662    0.0031629     0.038538      0.33275
F2_NULL_0753       SET     674     0.010489     0.001991     0.039649      0.39569
F2_NULL_0754       SET     674    -0.029823   -0.0056613     0.039268      0.77621
F2_NULL_0755       SET     674     0.052565    0.0099783     0.039583     0.092101
F2_NULL_0756       SET     674    0.0036839   0.00069931     0.039452       0.4628
F2_NULL_0757       SET     674   -0.0055932   -0.0010617     0.039393      0.55645
F2_NULL_0758       SET     674     0.016461    0.0031249     0.039122      0.33696
F2_NULL_0759       SET     674    -0.029077   -0.0055196      0.03911      0.77139
F2_NULL_0760       SET     674    -0.046845   -0.0088926     0.039495       0.8822
F2_NULL_0761       SET     674     -0.03021   -0.0057347     0.039449       0.7781
F2_NULL_0762       SET     674  -0.00073289  -0.00013912     0.039374      0.50743
F2_NULL_0763       SET     674    -0.018505   -0.0035127     0.039131      0.68185
F2_NULL_0764       SET     674    -0.050085   -0.0095075     0.039412      0.89809
F2_NULL_0765       SET     674   -0.0054068   -0.0010264     0.039543      0.55438
F2_NULL_0766       SET     674     0.032538    0.0061767     0.039205      0.20329
F2_NULL_0767       SET     674     0.072153     0.013697     0.038895     0.031804
F2_NULL_0768       SET     674    0.0052219   0.00099127     0.039425      0.44731
F2_NULL_0769       SET     674     0.011863     0.002252      0.03954      0.38208
F2_NULL_0770       SET     674   -0.0028283  -0.00053688     0.038473       0.5293
F2_NULL_0771       SET     674    -0.041714   -0.0079185     0.038721      0.85932
F2_NULL_0772       SET     674    0.0018728   0.00035551     0.038592      0.48065
F2_NULL_0773       SET     674    -0.025198   -0.0047834      0.03924      0.73961
F2_NULL_0774       SET     674     0.059314     0.011259      0.03823       0.0604
F2_NULL_0775       SET     674     -0.02802    -0.005319     0.038672      0.76563
F2_NULL_0776       SET     674    -0.020111   -0.0038176     0.038404      0.69974
F2_NULL_0777       SET     674    -0.027885   -0.0052935     0.039401      0.76044
F2_NULL_0778       SET     674     0.028935    0.0054927     0.038923      0.22863
F2_NULL_0779       SET     674    0.0018634   0.00035372     0.039733       0.4813
F2_NULL_0780       SET     674     0.061713     0.011715     0.038864     0.056162
F2_NULL_0781       SET     674    -0.032313   -0.0061338     0.039707      0.79211
F2_NULL_0782       SET     674    -0.048662   -0.0092374     0.039173      0.89291
F2_NULL_0783       SET     674     0.011241    0.0021339     0.039077       0.3868
F2_NULL_0784       SET     674     0.058176     0.011043     0.039253     0.069171
F2_NULL_0785       SET     674    0.0027872    0.0005291     0.039148      0.47162
F2_NULL_0786       SET     674    -0.043148   -0.0081906     0.039633      0.86184
F2_NULL_0787       SET     674    -0.044741   -0.0084931      0.03887      0.87513
F2_NULL_0788       SET     674     -0.03435   -0.0065206     0.039947      0.80507
F2_NULL_0789       SET     674     0.014843    0.0028176     0.038434      0.34968
F2_NULL_0790       SET     674     0.020426    0.0038775     0.039028      0.30036
F2_NULL_0791       SET     674     0.025614    0.0048622     0.039534      0.25853
F2_NULL_0792       SET     674     0.023476    0.0044564     0.039891       0.2781
F2_NULL_0793       SET     674     0.053763     0.010206     0.039079     0.084458
F2_NULL_0794       SET     674     0.015063    0.0028593     0.039028      0.34977
F2_NULL_0795       SET     674     0.010383     0.001971     0.039117      0.39534
F2_NULL_0796       SET     674    -0.098566    -0.018711     0.038883      0.99437
F2_NULL_0797       SET     674   -0.0044535   -0.0008454     0.039737      0.54462
F2_NULL_0798       SET     674     0.098584     0.018714     0.038199    0.0049327
F2_NULL_0799       SET     674    -0.022096   -0.0041944     0.039449      0.71229
F2_NULL_0800       SET     674     0.019477    0.0036972     0.038885      0.30823
F2_NULL_0801       SET     674     0.082677     0.015694     0.039183     0.017434
F2_NULL_0802       SET     674     0.024407    0.0046332     0.039096      0.26622
F2_NULL_0803       SET     674     0.018738     0.003557     0.039646      0.31824
F2_NULL_0804       SET     674    -0.026002   -0.0049358     0.038832      0.74844
F2_NULL_0805       SET     674     -0.03764   -0.0071451     0.039163      0.83174
F2_NULL_0806       SET     674    -0.013852   -0.0026296     0.039552      0.63692
F2_NULL_0807       SET     674     0.014101    0.0026767     0.039376      0.36013
F2_NULL_0808       SET     674     0.010123    0.0019217     0.039674       0.3993
F2_NULL_0809       SET     674    -0.047295   -0.0089779       0.0394        0.885
F2_NULL_0810       SET     674   -0.0043811  -0.00083165     0.038657      0.54512
F2_NULL_0811       SET     674    -0.076203    -0.014465     0.039957      0.97174
F2_NULL_0812       SET     674     0.067737     0.012858     0.038975     0.041118
F2_NULL_0813       SET     674     0.046104    0.0087518     0.039674      0.12262
F2_NULL_0814       SET     674   -0.0013196   -0.0002505     0.039323      0.51338
F2_NULL_0815       SET     674     0.039812    0.0075575     0.038133      0.14824
F2_NULL_0816       SET     674    -0.011581   -0.0021985      0.03922      0.61611
F2_NULL_0817       SET     674    -0.036039   -0.0068411     0.039375      0.81997
F2_NULL_0818       SET     674    -0.015915   -0.0030211     0.039191      0.65766
F2_NULL_0819       SET     674     0.066147     0.012557     0.038403     0.042503
F2_NULL_0820       SET     674   -0.0036316  -0.00068937      0.03883      0.53726
F2_NULL_0821       SET     674    -0.053407    -0.010138     0.038462      0.91751
F2_NULL_0822       SET     674     0.042971     0.008157     0.038493      0.13215
F2_NULL_0823       SET     674    -0.088175    -0.016738     0.039527      0.98714
F2_NULL_0824       SET     674     0.090207     0.017124     0.040006     0.012078
F2_NULL_0825       SET     674     0.062186     0.011805     0.038802     0.054515
F2_NULL_0826       SET     674    0.0023158   0.00043961     0.039305      0.47651
F2_NULL_0827       SET     674     -0.02805   -0.0053247     0.038861      0.76478
F2_NULL_0828       SET     674      0.06272     0.011906     0.039315     0.055329
F2_NULL_0829       SET     674      -0.0177   -0.0033599     0.038909      0.67541
F2_NULL_0830       SET     674   -0.0018175  -0.00034501     0.039629      0.51829
F2_NULL_0831       SET     674     0.034586    0.0065655      0.03839      0.18382
F2_NULL_0832       SET     674    -0.034151   -0.0064829     0.038948      0.80971
F2_NULL_0833       SET     674     0.062769     0.011915     0.039766      0.05724
F2_NULL_0834       SET     674    -0.004035  -0.00076596     0.039505      0.54068
F2_NULL_0835       SET     674     0.019249     0.003654     0.038825      0.31003
F2_NULL_0836       SET     674   -0.0060345   -0.0011455     0.039515      0.56069
F2_NULL_0837       SET     674   -0.0051547   -0.0009785     0.038772      0.55288
F2_NULL_0838       SET     674    -0.049761    -0.009446     0.039679      0.89508
F2_NULL_0839       SET     674    -0.027204   -0.0051641     0.038845      0.75813
F2_NULL_0840       SET     674     0.029824    0.0056614     0.039146      0.22308
F2_NULL_0841       SET     674    0.0088102    0.0016724     0.039865      0.41255
F2_NULL_0842       SET     674    -0.016284   -0.0030912     0.039379      0.66039
F2_NULL_0843       SET     674    -0.020944   -0.0039758     0.038608      0.70625
F2_NULL_0844       SET     674    -0.013634   -0.0025882     0.039229      0.63591
F2_NULL_0845       SET     674     0.022498    0.0042708     0.039063      0.28233
F2_NULL_0846       SET     674     0.042808    0.0081262     0.039073      0.13663
F2_NULL_0847       SET     674     0.043771    0.0083089     0.039297      0.13268
F2_NULL_0848       SET     674    -0.062152    -0.011798     0.039012      0.94443
F2_NULL_0849       SET     674   -0.0053256   -0.0010109     0.038627      0.55483
F2_NULL_0850       SET     674     0.057457     0.010907     0.040093     0.075922
F2_NULL_0851       SET     674     0.026449    0.0050208     0.039332      0.25065
F2_NULL_0852       SET     674     0.000383   7.2704e-05      0.03917       0.4961
F2_NULL_0853       SET     674     0.010357    0.0019661     0.039323      0.39613
F2_NULL_0854       SET     674     0.034994    0.0066429     0.039442      0.18748
F2_NULL_0855       SET     674     0.018642    0.0035387     0.039397      0.31805
F2_NULL_0856       SET     674     0.054974     0.010436     0.038576     0.077075
F2_NULL_0857       SET     674     0.056458     0.010717     0.038497      0.07126
F2_NULL_0858       SET     674    -0.021745   -0.0041278     0.038629      0.71325
F2_NULL_0859       SET     674    -0.022013   -0.0041786     0.039148      0.71304
F2_NULL_0860       SET     674    -0.014253   -0.0027057     0.039328      0.64148
F2_NULL_0861       SET     674     0.027753    0.0052683     0.038868      0.23761
F2_NULL_0862       SET     674     0.041215    0.0078238     0.038044      0.13933
F2_NULL_0863       SET     674    -0.011615   -0.0022049     0.039806      0.61478
F2_NULL_0864       SET     674   0.00099642   0.00018915     0.039026      0.48982
F2_NULL_0865       SET     674     0.035543     0.006747      0.03952      0.18424
F2_NULL_0866       SET     674      0.02293    0.0043528     0.038398       0.2752
F2_NULL_0867       SET     674    -0.016831    -0.003195     0.039019      0.66689
F2_NULL_0868       SET     674    -0.017811    -0.003381     0.039519      0.67389
F2_NULL_0869       SET     674     0.055518     0.010539     0.038955     0.077064
F2_NULL_0870       SET     674   -0.0032724  -0.00062119     0.039455      0.53305
F2_NULL_0871       SET     674    -0.030062   -0.0057067     0.038987      0.77967
F2_NULL_0872       SET     674    -0.021198   -0.0040239      0.03937      0.70485
F2_NULL_0873       SET     674    -0.022122   -0.0041994     0.038691      0.71626
F2_NULL_0874       SET     674    -0.077231    -0.014661     0.039956      0.97337
F2_NULL_0875       SET     674   -0.0010909  -0.00020709     0.039373      0.51105
F2_NULL_0876       SET     674   -0.0010922  -0.00020733     0.039858      0.51093
F2_NULL_0877       SET     674     0.041012    0.0077853     0.038954      0.14622
F2_NULL_0878       SET     674   0.00081517   0.00015474     0.039075      0.49168
F2_NULL_0879       SET     674    -0.024981   -0.0047422     0.038622      0.74112
F2_NULL_0880       SET     674    -0.031064   -0.0058967     0.039066      0.78674
F2_NULL_0881       SET     674    -0.023216   -0.0044071     0.038962      0.72436
F2_NULL_0882       SET     674    -0.022552   -0.0042809     0.038738      0.71977
F2_NULL_0883       SET     674      0.03002    0.0056987     0.039589      0.22415
F2_NULL_0884       SET     674    0.0099114    0.0018815     0.039416      0.40073
F2_NULL_0885       SET     674     0.049343    0.0093666     0.039645      0.10665
F2_NULL_0886       SET     674     0.013347    0.0025336     0.039092       0.3664
F2_NULL_0887       SET     674     0.020252    0.0038443     0.038763      0.30068
F2_NULL_0888       SET     674    -0.041547   -0.0078868     0.038818      0.85775
F2_NULL_0889       SET     674    0.0025743   0.00048868     0.038984      0.47368
F2_NULL_0890       SET     674    0.0061969    0.0011763     0.039838      0.43819
F2_NULL_0891       SET     674    -0.021414    -0.004065      0.03876      0.70968
F2_NULL_0892       SET     674     0.036489    0.0069267     0.038909      0.17418
F2_NULL_0893       SET     674    -0.043399   -0.0082383     0.039387      0.86473
F2_NULL_0894       SET     674     -0.02858   -0.0054252     0.038872      0.76889
F2_NULL_0895       SET     674     0.027287    0.0051798     0.039309      0.24379
F2_NULL_0896       SET     674     0.012531    0.0023787     0.038691      0.37302
F2_NULL_0897       SET     674    -0.029841   -0.0056647     0.039147      0.77705
F2_NULL_0898       SET     674     -0.02147   -0.0040755     0.039806      0.70517
F2_NULL_0899       SET     674    -0.019696   -0.0037388     0.038636      0.69489
F2_NULL_0900       SET     674      0.10291     0.019535     0.039212    0.0043444
F2_NULL_0901       SET     674   -0.0056715   -0.0010766     0.039682      0.55682
F2_NULL_0902       SET     674    -0.022302   -0.0042336     0.040163      0.71065
F2_NULL_0903       SET     674    0.0019292   0.00036622      0.03899      0.48027
F2_NULL_0904       SET     674    -0.035442   -0.0067278     0.039029      0.81808
F2_NULL_0905       SET     674    -0.015699   -0.0029801     0.039586      0.65416
F2_NULL_0906       SET     674  -0.00080733  -0.00015325     0.039038      0.50825
F2_NULL_0907       SET     674    -0.037811   -0.0071777     0.039161      0.83285
F2_NULL_0908       SET     674    -0.036595   -0.0069468     0.038957      0.82622
F2_NULL_0909       SET     674    -0.062726    -0.011907      0.03859      0.94796
F2_NULL_0910       SET     674   -0.0099542   -0.0018896     0.038976      0.60079
F2_NULL_0911       SET     674     0.019714    0.0037422     0.039221      0.30762
F2_NULL_0912       SET     674     0.039282    0.0074568     0.038822      0.15582
F2_NULL_0913       SET     674    -0.023752   -0.0045088     0.038359      0.73211
F2_NULL_0914       SET     674  -0.00081156  -0.00015406     0.039646      0.50817
F2_NULL_0915       SET     674     0.090792     0.017235     0.039953     0.011536
F2_NULL_0916       SET     674    -0.023015   -0.0043689     0.038515      0.72493
F2_NULL_0917       SET     674     0.037093    0.0070413      0.03965      0.17477
F2_NULL_0918       SET     674      0.02167    0.0041136     0.039178      0.29009
F2_NULL_0919       SET     674     0.015375    0.0029186     0.040171      0.35096
F2_NULL_0920       SET     674     0.016195    0.0030742     0.039082       0.3393
F2_NULL_0921       SET     674    -0.010645   -0.0020208     0.039352      0.60662
F2_NULL_0922       SET     674     0.022178      0.00421     0.039231      0.28593
F2_NULL_0923       SET     674     0.049187     0.009337     0.039192      0.10475
F2_NULL_0924       SET     674    0.0088578    0.0016815     0.039406      0.41108
F2_NULL_0925       SET     674    -0.047986   -0.0091091     0.038758      0.89215
F2_NULL_0926       SET     674      0.03349    0.0063573     0.038604      0.19283
F2_NULL_0927       SET     674    -0.060583      -0.0115     0.039669      0.93664
F2_NULL_0928       SET     674     0.013511    0.0025647     0.039448      0.36599
F2_NULL_0929       SET     674     0.012942    0.0024568     0.039056      0.37018
F2_NULL_0930       SET     674   -0.0032969  -0.00062584     0.038709      0.53394
F2_NULL_0931       SET     674     0.047333    0.0089852     0.038666      0.11045
F2_NULL_0932       SET     674    -0.048907    -0.009284     0.038945       0.8954
F2_NULL_0933       SET     674     0.052711     0.010006     0.039816     0.092786
F2_NULL_0934       SET     674    -0.025411   -0.0048238     0.039076      0.74224
F2_NULL_0935       SET     674    -0.027991   -0.0053135     0.039311      0.76177
F2_NULL_0936       SET     674   0.00077471   0.00014706     0.039414      0.49216
F2_NULL_0937       SET     674      0.04677    0.0088783     0.038669      0.11324
F2_NULL_0938       SET     674    0.0073271    0.0013909      0.03941      0.42626
F2_NULL_0939       SET     674    -0.040594   -0.0077059     0.039082      0.85052
F2_NULL_0940       SET     674    0.0022849   0.00043374     0.039453      0.47691
F2_NULL_0941       SET     674     0.011049    0.0020974     0.038931      0.38828
F2_NULL_0942       SET     674    -0.033454   -0.0063505     0.039468      0.80167
F2_NULL_0943       SET     674     0.027695    0.0052573     0.039329      0.24066
F2_NULL_0944       SET     674   -0.0044248  -0.00083995     0.038665      0.54556
F2_NULL_0945       SET     674    -0.026312   -0.0049947     0.039571      0.74695
F2_NULL_0946       SET     674     0.019798    0.0037581     0.039192      0.30673
F2_NULL_0947       SET     674   -0.0044558  -0.00084584      0.03899      0.54549
F2_NULL_0948       SET     674     0.077992     0.014805     0.039212     0.023358
F2_NULL_0949       SET     674     0.022358    0.0042442      0.03868      0.28163
F2_NULL_0950       SET     674     0.034949    0.0066342     0.038889      0.18442
F2_NULL_0951       SET     674    -0.042961   -0.0081553     0.039377      0.86236
F2_NULL_0952       SET     674      -0.0507   -0.0096242     0.039321      0.90136
F2_NULL_0953       SET     674     0.032766    0.0062199      0.03919      0.20156
F2_NULL_0954       SET     674    0.0022997   0.00043655     0.039087      0.47654
F2_NULL_0955       SET     674    0.0016302   0.00030946     0.039156       0.4834
F2_NULL_0956       SET     674    -0.051594   -0.0097941     0.039031      0.90689
F2_NULL_0957       SET     674    -0.048184   -0.0091467     0.038585      0.89412
F2_NULL_0958       SET     674   0.00083789   0.00015906     0.038618      0.49134
F2_NULL_0959       SET     674     0.030158    0.0057248     0.039368      0.22183
F2_NULL_0960       SET     674   -0.0085874   -0.0016301     0.039389      0.58629
F2_NULL_0961       SET     674   -0.0037686  -0.00071538     0.038934      0.53855
F2_NULL_0962       SET     674     0.051862    0.0098448     0.039373     0.093897
F2_NULL_0963       SET     674    -0.032949   -0.0062547     0.039136      0.80008
F2_NULL_0964       SET     674   -0.0087756   -0.0016659     0.039249      0.58846
F2_NULL_0965       SET     674    -0.009759   -0.0018525      0.03849      0.60007
F2_NULL_0966       SET     674     0.017959    0.0034091     0.039015      0.32265
F2_NULL_0967       SET     674     0.054505     0.010347     0.039301     0.082753
F2_NULL_0968       SET     674     0.010526    0.0019981     0.039176      0.39409
F2_NULL_0969       SET     674     0.067814     0.012873     0.039284     0.042158
F2_NULL_0970       SET     674     0.033198    0.0063019      0.03901      0.19739
F2_NULL_0971       SET     674     0.044221    0.0083945     0.039367      0.13066
F2_NULL_0972       SET     674     0.020994    0.0039853     0.039601      0.29801
F2_NULL_0973       SET     674    -0.020502   -0.0038919     0.038211      0.70421
F2_NULL_0974       SET     674     0.036125    0.0068575     0.039381       0.1795
F2_NULL_0975       SET     674     0.097536     0.018515     0.039052    0.0062564
F2_NULL_0976       SET     674    0.0085596    0.0016249     0.039123      0.41341
F2_NULL_0977       SET     674    0.0076375    0.0014498     0.039059      0.42249
F2_NULL_0978       SET     674     0.047603    0.0090364     0.039395      0.11346
F2_NULL_0979       SET     674    -0.036574   -0.0069427     0.039118      0.82509
F2_NULL_0980       SET     674    -0.051482   -0.0097727      0.03928        0.905
F2_NULL_0981       SET     674   -0.0049759  -0.00094456     0.039253      0.55044
F2_NULL_0982       SET     674     0.015226    0.0028904     0.039412      0.34963
F2_NULL_0983       SET     674      0.10041     0.019061     0.039022    0.0050418
F2_NULL_0984       SET     674     -0.05165   -0.0098047      0.03892      0.90775
F2_NULL_0985       SET     674    0.0079343    0.0015062     0.039189      0.41978
F2_NULL_0986       SET     674    -0.054227    -0.010294     0.039353      0.91589
F2_NULL_0987       SET     674     0.073039     0.013865     0.038512     0.028953
F2_NULL_0988       SET     674    -0.047605   -0.0090367     0.038674      0.89081
F2_NULL_0989       SET     674     0.033429    0.0063459     0.040035      0.20186
F2_NULL_0990       SET     674    -0.007957   -0.0015105     0.038855      0.58113
F2_NULL_0991       SET     674     0.012222    0.0023201     0.039037      0.37711
F2_NULL_0992       SET     674    0.0039202   0.00074417     0.038599      0.45955
F2_NULL_0993       SET     674    0.0069557    0.0013204      0.03842      0.42817
F2_NULL_0994       SET     674     0.014353    0.0027246     0.039013      0.35648
F2_NULL_0995       SET     674     0.005649    0.0010723     0.039684       0.4434
F2_NULL_0996       SET     674     0.019401    0.0036829     0.039653      0.31232
F2_NULL_0997       SET     674     0.010834    0.0020566     0.040238      0.39387
F2_NULL_0998       SET     674     0.023434    0.0044485     0.039573      0.27687
F2_NULL_0999       SET     674     0.042273    0.0080247     0.040302      0.14712
F2_NULL_1000       SET     674     0.055188     0.010476      0.03912     0.079168
F2_NULL_1001       SET     674     0.016336    0.0031011     0.039864      0.34098
F2_NULL_1002       SET     674     0.043825    0.0083193     0.039944      0.13629
F2_NULL_1003       SET     674   -0.0083607   -0.0015871     0.038725      0.58547
F2_NULL_1004       SET     674     0.022888    0.0043447     0.040231      0.28471
F2_NULL_1005       SET     674    -0.015552   -0.0029522     0.039157      0.65438
F2_NULL_1006       SET     674     0.030581    0.0058051     0.039344      0.21851
F2_NULL_1007       SET     674    0.0036257   0.00068827     0.039614      0.46354
F2_NULL_1008       SET     674    -0.018422   -0.0034969     0.039372      0.68007
F2_NULL_1009       SET     674     -0.03964   -0.0075248      0.03973      0.84079
F2_NULL_1010       SET     674     0.028276    0.0053675     0.038128      0.22917
F2_NULL_1011       SET     674    -0.033017   -0.0062676     0.038774      0.80276
F2_NULL_1012       SET     674   -0.0097794   -0.0018564     0.038709      0.59973
F2_NULL_1013       SET     674    0.0029016    0.0005508     0.038723      0.47014
F2_NULL_1014       SET     674    -0.023873   -0.0045317     0.038963      0.72996
F2_NULL_1015       SET     674       0.0174    0.0033031     0.039698      0.33058
F2_NULL_1016       SET     674    0.0030105   0.00057148     0.039895      0.46992
F2_NULL_1017       SET     674    -0.081844    -0.015536     0.038896      0.98231
F2_NULL_1018       SET     674    -0.026548   -0.0050396     0.039442      0.74955
F2_NULL_1019       SET     674  -0.00051461  -9.7687e-05     0.039089      0.50525
F2_NULL_1020       SET     674     -0.03239   -0.0061486     0.039516       0.7938
F2_NULL_1021       SET     674   -0.0063428    -0.001204     0.038821      0.56489
F2_NULL_1022       SET     674    -0.012354   -0.0023451     0.039267      0.62347
F2_NULL_1023       SET     674     0.060433     0.011472     0.039786     0.064393
F2_NULL_1024       SET     674     0.041859    0.0079461      0.03885      0.14065
F2_NULL_1025       SET     674     0.051641     0.009803     0.039481     0.095446
F2_NULL_1026       SET     674     0.083147     0.015784     0.040028     0.018897
F2_NULL_1027       SET     674    -0.019053   -0.0036167     0.038562      0.68937
F2_NULL_1028       SET     674     0.013302    0.0025251     0.039618      0.36853
F2_NULL_1029       SET     674    -0.045567     -0.00865     0.039309      0.87681
F2_NULL_1030       SET     674   -0.0011137  -0.00021141     0.039764      0.51117
F2_NULL_1031       SET     674    -0.049402    -0.009378      0.03901      0.89731
F2_NULL_1032       SET     674    -0.090449     -0.01717     0.038851      0.99004
F2_NULL_1033       SET     674     0.012566    0.0023853     0.040542       0.3783
F2_NULL_1034       SET     674      0.05284     0.010031     0.039321     0.089514
F2_NULL_1035       SET     674      0.02504    0.0047532     0.039447      0.26279
F2_NULL_1036       SET     674    -0.011292   -0.0021435     0.039096      0.61364
F2_NULL_1037       SET     674    -0.036246   -0.0068805     0.038588      0.82621
F2_NULL_1038       SET     674     0.035942    0.0068229     0.038189      0.17332
F2_NULL_1039       SET     674    -0.047351   -0.0089885     0.038587       0.8901
F2_NULL_1040       SET     674    0.0068258    0.0012957     0.039488      0.43138
F2_NULL_1041       SET     674     0.016072    0.0030509     0.039007      0.34016
F2_NULL_1042       SET     674    -0.029287   -0.0055594     0.038773      0.77497
F2_NULL_1043       SET     674     0.008988    0.0017062     0.039137      0.40918
F2_NULL_1044       SET     674     0.026806    0.0050885     0.039209       0.2471
F2_NULL_1045       SET     674    0.0036607    0.0006949     0.038861      0.46248
F2_NULL_1046       SET     674   -0.0060147   -0.0011418      0.04023      0.55942
F2_NULL_1047       SET     674     0.049061    0.0093131     0.039844      0.10911
F2_NULL_1048       SET     674    -0.039443   -0.0074874     0.039712      0.83969
F2_NULL_1049       SET     674     0.030744    0.0058361     0.038981      0.21515
F2_NULL_1050       SET     674    -0.008193   -0.0015553     0.039675       0.5818
F2_NULL_1051       SET     674     0.029983    0.0056916     0.038535      0.21827
F2_NULL_1052       SET     674     0.027781    0.0052736     0.039392      0.24033
F2_NULL_1053       SET     674     0.026807    0.0050888     0.039099      0.24648
F2_NULL_1054       SET     674   -0.0098849   -0.0018764     0.039064      0.59988
F2_NULL_1055       SET     674    -0.025562   -0.0048523     0.038552      0.74634
F2_NULL_1056       SET     674    -0.034463    -0.006542     0.039601      0.80791
F2_NULL_1057       SET     674    -0.032791   -0.0062247     0.038477      0.80295
F2_NULL_1058       SET     674   -0.0010761  -0.00020428      0.03928      0.51093
F2_NULL_1059       SET     674    -0.027129   -0.0051499     0.038974      0.75681
F2_NULL_1060       SET     674     0.099303      0.01885     0.039209    0.0056645
F2_NULL_1061       SET     674    -0.019647   -0.0037296     0.039536      0.69038
F2_NULL_1062       SET     674    -0.038229    -0.007257     0.039049      0.83621
F2_NULL_1063       SET     674     0.045351     0.008609     0.038365      0.11859
F2_NULL_1064       SET     674    -0.066007     -0.01253     0.039257      0.95365
F2_NULL_1065       SET     674      0.01439    0.0027316     0.039447      0.35763
F2_NULL_1066       SET     674   -0.0044763  -0.00084973     0.038887      0.54582
F2_NULL_1067       SET     674     0.069115      0.01312     0.039316     0.039387
F2_NULL_1068       SET     674     0.066389     0.012602     0.039384     0.045938
F2_NULL_1069       SET     674    0.0092024    0.0017469     0.038908      0.40652
F2_NULL_1070       SET     674    -0.043012   -0.0081648     0.039204       0.8637
F2_NULL_1071       SET     674     0.066781     0.012677     0.039543     0.045637
F2_NULL_1072       SET     674     0.027019    0.0051289     0.039532      0.24716
F2_NULL_1073       SET     674   -0.0097365   -0.0018483     0.039163      0.59817
F2_NULL_1074       SET     674    -0.046416   -0.0088111     0.038988      0.88307
F2_NULL_1075       SET     674     0.017995     0.003416     0.039615      0.32482
F2_NULL_1076       SET     674    -0.053375    -0.010132     0.039578      0.91126
F2_NULL_1077       SET     674     0.035434    0.0067264     0.039312      0.18371
F2_NULL_1078       SET     674    -0.019899   -0.0037775     0.039493      0.69282
F2_NULL_1079       SET     674     0.032415    0.0061532     0.040256      0.21035
F2_NULL_1080       SET     674     0.073343     0.013923     0.039373     0.031255
F2_NULL_1081       SET     674     0.018879    0.0035837     0.039545      0.31654
F2_NULL_1082       SET     674    -0.026954   -0.0051166     0.038331      0.75902
F2_NULL_1083       SET     674     0.013795    0.0026186     0.039829      0.36454
F2_NULL_1084       SET     674     0.050419    0.0095709     0.039142     0.098863
F2_NULL_1085       SET     674     0.084855     0.016108     0.039456     0.015759
F2_NULL_1086       SET     674    -0.044204   -0.0083911     0.039016      0.87138
F2_NULL_1087       SET     674     0.016624    0.0031557     0.039856       0.3383
F2_NULL_1088       SET     674     0.039939    0.0075816     0.039073      0.15336
F2_NULL_1089       SET     674    -0.024843   -0.0047158     0.039066      0.73758
F2_NULL_1090       SET     674   9.0351e-05   1.7151e-05     0.038533      0.49906
F2_NULL_1091       SET     674    -0.029804   -0.0056577     0.039492      0.77478
F2_NULL_1092       SET     674    -0.031471    -0.005974     0.039519      0.78708
F2_NULL_1093       SET     674     0.037402    0.0070999     0.039178      0.16988
F2_NULL_1094       SET     674     0.036694    0.0069656     0.039219      0.17474
F2_NULL_1095       SET     674   -0.0097332   -0.0018476     0.038876      0.59885
F2_NULL_1096       SET     674    0.0017047    0.0003236     0.039132      0.48263
F2_NULL_1097       SET     674    -0.039434   -0.0074856     0.039131       0.8432
F2_NULL_1098       SET     674    -0.071118      -0.0135      0.03833      0.96822
F2_NULL_1099       SET     674     0.054405     0.010328     0.039168     0.082427
F2_NULL_1100       SET     674     0.045998    0.0087318     0.039575      0.12257
F2_NULL_1101       SET     674   -0.0060055     -0.00114     0.039594      0.56028
F2_NULL_1102       SET     674     -0.01505    -0.002857     0.039627      0.64795
F2_NULL_1103       SET     674     0.041189    0.0078188     0.040102      0.15219
F2_NULL_1104       SET     674     0.086618     0.016443     0.039045      0.01327
F2_NULL_1105       SET     674     0.040491    0.0076863     0.039231      0.15102
F2_NULL_1106       SET     674    -0.019586   -0.0037179     0.038899      0.69269
F2_NULL_1107       SET     674     0.035915    0.0068177       0.0391      0.17917
F2_NULL_1108       SET     674    -0.034271   -0.0065057     0.038456      0.81358
F2_NULL_1109       SET     674    -0.001229  -0.00023331      0.03931      0.51247
F2_NULL_1110       SET     674     0.024288    0.0046105     0.039447      0.26905
F2_NULL_1111       SET     674    -0.015055   -0.0028579     0.039959      0.64683
F2_NULL_1112       SET     674    0.0081985    0.0015563     0.039253      0.41728
F2_NULL_1113       SET     674    -0.069796    -0.013249     0.039056      0.96303
F2_NULL_1114       SET     674    -0.044842   -0.0085122     0.039347      0.87278
F2_NULL_1115       SET     674     0.033335    0.0063279     0.038369      0.19249
F2_NULL_1116       SET     674    -0.014498    -0.002752      0.03869      0.64606
F2_NULL_1117       SET     674    -0.034519   -0.0065527     0.039023       0.8118
F2_NULL_1118       SET     674      0.11385     0.021612     0.039107    0.0018023
F2_NULL_1119       SET     674     0.090991     0.017273     0.039633     0.010849
F2_NULL_1120       SET     674    -0.025252   -0.0047935     0.039609      0.73811
F2_NULL_1121       SET     674    -0.054034    -0.010257     0.038399       0.9203
F2_NULL_1122       SET     674    -0.010701   -0.0020314     0.039495      0.60679
F2_NULL_1123       SET     674     0.026991    0.0051237     0.039442      0.24689
F2_NULL_1124       SET     674    -0.045399    -0.008618     0.038943      0.87814
F2_NULL_1125       SET     674    -0.011621   -0.0022061     0.038967      0.61724
F2_NULL_1126       SET     674    -0.036553   -0.0069388     0.039533      0.82241
F2_NULL_1127       SET     674    0.0078091    0.0014824     0.039456      0.42155
F2_NULL_1128       SET     674     0.057101     0.010839     0.038604     0.069558
F2_NULL_1129       SET     674     0.013887    0.0026361     0.039102      0.36124
F2_NULL_1130       SET     674     0.024805    0.0047087     0.039135       0.2631
F2_NULL_1131       SET     674     0.069485      0.01319     0.039356     0.038746
F2_NULL_1132       SET     674     0.048304    0.0091696     0.038248      0.10332
F2_NULL_1133       SET     674    -0.051346    -0.009747     0.038818      0.90703
F2_NULL_1134       SET     674    -0.025639    -0.004867     0.039558      0.74155
F2_NULL_1135       SET     674     -0.03646   -0.0069212     0.039237      0.82361
F2_NULL_1136       SET     674     0.041847    0.0079438      0.03912      0.14238
F2_NULL_1137       SET     674    -0.096085     -0.01824     0.039292      0.99276
F2_NULL_1138       SET     674   -0.0075806    -0.001439     0.038954      0.57715
F2_NULL_1139       SET     674    -0.037013   -0.0070261     0.039445      0.82596
F2_NULL_1140       SET     674     0.026067    0.0049483     0.038221      0.24762
F2_NULL_1141       SET     674    -0.043954   -0.0083438     0.039403      0.86768
F2_NULL_1142       SET     674   -0.0015094  -0.00028654     0.039493      0.51524
F2_NULL_1143       SET     674     0.061808     0.011733     0.039876      0.06058
F2_NULL_1144       SET     674    -0.042963   -0.0081555     0.039306       0.8628
F2_NULL_1145       SET     674     0.023103    0.0043855     0.039881       0.2812
F2_NULL_1146       SET     674    -0.078249    -0.014854     0.039408      0.97645
F2_NULL_1147       SET     674    0.0069654    0.0013222      0.03835      0.42794
F2_NULL_1148       SET     674    -0.022123   -0.0041996     0.039247      0.71351
F2_NULL_1149       SET     674    -0.014706   -0.0027917     0.039418      0.64546
F2_NULL_1150       SET     674     0.085442     0.016219     0.039116     0.014476
F2_NULL_1151       SET     674     0.052701     0.010004     0.039294     0.089937
F2_NULL_1152       SET     674    -0.039248   -0.0074504     0.038292      0.84731
F2_NULL_1153       SET     674    -0.035623   -0.0067623      0.03837       0.8234
F2_NULL_1154       SET     674     0.059395     0.011275     0.039111     0.064435
F2_NULL_1155       SET     674     -0.03049   -0.0057879     0.038454      0.78608
F2_NULL_1156       SET     674    -0.054601    -0.010365     0.039771       0.9151
F2_NULL_1157       SET     674     0.063158     0.011989     0.039638     0.055549
F2_NULL_1158       SET     674    -0.033594    -0.006377     0.039197      0.80428
F2_NULL_1159       SET     674    -0.015036   -0.0028542     0.039581      0.64798
F2_NULL_1160       SET     674    -0.008784   -0.0016674     0.039242      0.58856
F2_NULL_1161       SET     674    -0.019086   -0.0036231     0.039856      0.68398
F2_NULL_1162       SET     674     0.029698    0.0056375     0.039277      0.22479
F2_NULL_1163       SET     674     0.036135    0.0068594     0.039434      0.17975
F2_NULL_1164       SET     674    -0.017436   -0.0033099     0.039733       0.6696
F2_NULL_1165       SET     674    -0.038224    -0.007256     0.038842      0.83746
F2_NULL_1166       SET     674   -0.0028778  -0.00054629     0.038771      0.52958
F2_NULL_1167       SET     674    0.0032951   0.00062549      0.03943       0.4667
F2_NULL_1168       SET     674     0.069283     0.013152     0.038777     0.037001
F2_NULL_1169       SET     674   0.00046366   8.8016e-05     0.040036      0.49538
F2_NULL_1170       SET     674    -0.019743   -0.0037477     0.039078      0.69329
F2_NULL_1171       SET     674     0.024836    0.0047145     0.039601      0.26528
F2_NULL_1172       SET     674     0.024638    0.0046769     0.038998      0.26377
F2_NULL_1173       SET     674    -0.057571    -0.010929     0.039212      0.92896
F2_NULL_1174       SET     674    -0.015692   -0.0029787     0.039834      0.65318
F2_NULL_1175       SET     674     0.024204    0.0045946     0.039493      0.26999
F2_NULL_1176       SET     674     0.024926    0.0047317     0.038962      0.26117
F2_NULL_1177       SET     674    0.0048734    0.0009251     0.039145      0.45046
F2_NULL_1178       SET     674      0.01784    0.0033865     0.038455      0.32136
F2_NULL_1179       SET     674      0.02909    0.0055221      0.03909      0.22839
F2_NULL_1180       SET     674     0.019999    0.0037964     0.038499      0.30172
F2_NULL_1181       SET     674    0.0056009    0.0010632     0.039681      0.44388
F2_NULL_1182       SET     674     0.035904    0.0068155     0.039205      0.17989
F2_NULL_1183       SET     674    -0.027943   -0.0053043     0.039055      0.76284
F2_NULL_1184       SET     674     0.045651    0.0086658     0.039506      0.12395
F2_NULL_1185       SET     674    0.0005725   0.00010868     0.039075      0.49416
F2_NULL_1186       SET     674     0.057726     0.010958     0.038566     0.067232
F2_NULL_1187       SET     674  -0.00069598  -0.00013212     0.039445      0.50704
F2_NULL_1188       SET     674      0.04903    0.0093073     0.038915      0.10386
F2_NULL_1189       SET     674     0.013434    0.0025501     0.039576      0.36714
F2_NULL_1190       SET     674   -0.0021838  -0.00041455     0.039122      0.52226
F2_NULL_1191       SET     674     0.018176    0.0034503     0.039175      0.32134
F2_NULL_1192       SET     674    -0.045036   -0.0085491     0.039324      0.87394
F2_NULL_1193       SET     674     0.012212    0.0023182     0.039132       0.3775
F2_NULL_1194       SET     674    -0.020431   -0.0038784     0.040413      0.69341
F2_NULL_1195       SET     674    0.0078483    0.0014898     0.038283      0.41878
F2_NULL_1196       SET     674   -0.0014416  -0.00027366     0.038426      0.51496
F2_NULL_1197       SET     674     0.030201    0.0057329     0.040441       0.2276
F2_NULL_1198       SET     674    -0.057421      -0.0109     0.038823      0.93042
F2_NULL_1199       SET     674     0.054682      0.01038     0.039911      0.08534
F2_NULL_1200       SET     674     0.043074    0.0081767     0.038811      0.13354
F2_NULL_1201       SET     674    -0.050582   -0.0096018     0.039453      0.90008
F2_NULL_1202       SET     674   -0.0052603  -0.00099855       0.0389      0.55378
F2_NULL_1203       SET     674     0.044829    0.0085099     0.039139      0.12603
F2_NULL_1204       SET     674      0.07391      0.01403     0.039811     0.031699
F2_NULL_1205       SET     674   -0.0015595  -0.00029604     0.039241      0.51585
F2_NULL_1206       SET     674     0.015387    0.0029208     0.039079      0.34689
F2_NULL_1207       SET     674     0.017716    0.0033631     0.038226      0.32152
F2_NULL_1208       SET     674    -0.025294   -0.0048015     0.039321      0.73997
F2_NULL_1209       SET     674     0.015863    0.0030113     0.039685      0.34468
F2_NULL_1210       SET     674    0.0098116    0.0018625     0.039197      0.40117
F2_NULL_1211       SET     674    -0.032156   -0.0061041     0.039093      0.79461
F2_NULL_1212       SET     674     0.010045    0.0019067     0.039076      0.39857
F2_NULL_1213       SET     674     0.048857    0.0092744     0.039212       0.1064
F2_NULL_1214       SET     674    -0.031569   -0.0059927     0.039017      0.79076
F2_NULL_1215       SET     674     0.040562    0.0076997     0.039213      0.15049
F2_NULL_1216       SET     674   -0.0069089   -0.0013115     0.038955      0.57038
F2_NULL_1217       SET     674    -0.011317   -0.0021483     0.039574      0.61255
F2_NULL_1218       SET     674     0.043981    0.0083488     0.039452      0.13248
F2_NULL_1219       SET     674    0.0042731   0.00081115     0.038255      0.45553
F2_NULL_1220       SET     674    -0.030763   -0.0058396     0.039452      0.78222
F2_NULL_1221       SET     674     0.053098     0.010079     0.038567     0.084299
F2_NULL_1222       SET     674     0.042329    0.0080352     0.038999      0.13889
F2_NULL_1223       SET     674     0.045563    0.0086492     0.038916      0.12085
F2_NULL_1224       SET     674     0.044936    0.0085301     0.039746      0.12913
F2_NULL_1225       SET     674     0.014605    0.0027725     0.038992      0.35399
F2_NULL_1226       SET     674     0.033506    0.0063604      0.03902      0.19526
F2_NULL_1227       SET     674    -0.029925   -0.0056806     0.038526      0.78134
F2_NULL_1228       SET     674    0.0042507    0.0008069     0.038682      0.45625
F2_NULL_1229       SET     674    -0.023919   -0.0045405     0.039468      0.72775
F2_NULL_1230       SET     674     0.011926    0.0022639     0.038956      0.37975
F2_NULL_1231       SET     674      0.03167    0.0060118     0.039397      0.21075
F2_NULL_1232       SET     674    -0.039322   -0.0074645     0.039531      0.84006
F2_NULL_1233       SET     674     0.052503    0.0099666     0.038781     0.087905
F2_NULL_1234       SET     674     0.018544    0.0035201     0.038786      0.31629
F2_NULL_1235       SET     674     -0.01506   -0.0028588     0.039436      0.64872
F2_NULL_1236       SET     674   -0.0027312  -0.00051846     0.039193      0.52778
F2_NULL_1237       SET     674    0.0018134   0.00034423      0.03949      0.48169
F2_NULL_1238       SET     674     -0.02122   -0.0040282     0.039966      0.70227
F2_NULL_1239       SET     674   -0.0092302   -0.0017522     0.038799      0.59402
F2_NULL_1240       SET     674     0.034311    0.0065131     0.039179      0.19059
F2_NULL_1241       SET     674     0.033194    0.0063012     0.038615      0.19501
F2_NULL_1242       SET     674   0.00031905   6.0564e-05     0.039165      0.49675
F2_NULL_1243       SET     674   -0.0033001  -0.00062646     0.039202      0.53354
F2_NULL_1244       SET     674     0.039968     0.007587     0.038914       0.1522
F2_NULL_1245       SET     674     0.044246    0.0083991      0.03926      0.12988
F2_NULL_1246       SET     674     0.040564    0.0077002      0.03865      0.14698
F2_NULL_1247       SET     674    -0.019302    -0.003664     0.038536      0.69176
F2_NULL_1248       SET     674     0.060562     0.011496     0.039798     0.064047
F2_NULL_1249       SET     674      0.10858     0.020611     0.038981    0.0026756
F2_NULL_1250       SET     674    -0.039948   -0.0075832     0.038491      0.85032
F2_NULL_1251       SET     674     0.021288    0.0040411     0.038901      0.29211
F2_NULL_1252       SET     674     0.044855    0.0085148     0.039149      0.12596
F2_NULL_1253       SET     674      0.01182    0.0022438     0.039444      0.38222
F2_NULL_1254       SET     674    -0.023297   -0.0044224     0.039087      0.72441
F2_NULL_1255       SET     674     0.064106     0.012169     0.038697     0.048811
F2_NULL_1256       SET     674    -0.021259   -0.0040355     0.039421      0.70515
F2_NULL_1257       SET     674   -0.0059705   -0.0011334      0.03913      0.56063
F2_NULL_1258       SET     674      0.02504    0.0047533     0.039271      0.26187
F2_NULL_1259       SET     674    -0.020081   -0.0038119     0.038852      0.69737
F2_NULL_1260       SET     674    -0.047392   -0.0089963     0.038826      0.88888
F2_NULL_1261       SET     674    -0.068493    -0.013002       0.0392       0.9597
F2_NULL_1262       SET     674      0.02805    0.0053247     0.038927      0.23559
F2_NULL_1263       SET     674      0.03347    0.0063535     0.038959      0.19515
F2_NULL_1264       SET     674   -0.0048292  -0.00091672     0.039491      0.54866
F2_NULL_1265       SET     674     0.032435    0.0061571     0.038879      0.20208
F2_NULL_1266       SET     674     0.045308    0.0086007     0.039367      0.12489
F2_NULL_1267       SET     674    0.0036431   0.00069155       0.0391      0.46288
F2_NULL_1268       SET     674     0.038186    0.0072488     0.039605      0.16748
F2_NULL_1269       SET     674      0.08281      0.01572     0.039439     0.017885
F2_NULL_1270       SET     674    0.0050736   0.00096312     0.038663       0.4478
F2_NULL_1271       SET     674     0.029286    0.0055593     0.039633      0.22998
F2_NULL_1272       SET     674     0.032512    0.0061717      0.03924      0.20368
F2_NULL_1273       SET     674      0.10181     0.019326     0.039333    0.0048262
F2_NULL_1274       SET     674     0.043657    0.0082874      0.03935      0.13363
F2_NULL_1275       SET     674    -0.004368  -0.00082917     0.040363      0.54309
F2_NULL_1276       SET     674     0.014192    0.0026941     0.038905      0.35763
F2_NULL_1277       SET     674     0.067721     0.012855     0.039047     0.041436
F2_NULL_1278       SET     674     0.058842      0.01117     0.039416     0.067745
F2_NULL_1279       SET     674    -0.016695   -0.0031691     0.038684      0.66697
F2_NULL_1280       SET     674     0.045907    0.0087145     0.038638       0.1174
F2_NULL_1281       SET     674     0.042588    0.0080843     0.038707      0.13562
F2_NULL_1282       SET     674     0.010252    0.0019461      0.03942      0.39741
F2_NULL_1283       SET     674     0.034988    0.0066416      0.03998      0.19076
F2_NULL_1284       SET     674     0.017117    0.0032493     0.038159      0.32687
F2_NULL_1285       SET     674    -0.040494   -0.0076869     0.039053       0.8501
F2_NULL_1286       SET     674   -0.0086424   -0.0016406     0.038121      0.58967
F2_NULL_1287       SET     674      0.04682    0.0088877     0.039477      0.11782
F2_NULL_1288       SET     674   0.00055185   0.00010476      0.03848      0.49428
F2_NULL_1289       SET     674     0.029944    0.0056843     0.039546      0.22447
F2_NULL_1290       SET     674     0.044801    0.0085045     0.038986      0.12525
F2_NULL_1291       SET     674    -0.035381   -0.0067164     0.039742      0.81333
F2_NULL_1292       SET     674    -0.021511   -0.0040834     0.039388      0.70751
F2_NULL_1293       SET     674    -0.021254   -0.0040346     0.038837       0.7079
F2_NULL_1294       SET     674     0.012246    0.0023247     0.039102      0.37707
F2_NULL_1295       SET     674     0.014851    0.0028191     0.039175      0.35231
F2_NULL_1296       SET     674    -0.006412   -0.0012172     0.039164      0.56502
F2_NULL_1297       SET     674    -0.022892   -0.0043455      0.03932      0.71978
F2_NULL_1298       SET     674     0.071884     0.013646      0.03942     0.034121
F2_NULL_1299       SET     674    0.0097979    0.0018599     0.037976       0.3982
F2_NULL_1300       SET     674    0.0096489    0.0018316     0.038626      0.40137
F2_NULL_1301       SET     674    -0.062595    -0.011882     0.039497      0.94349
F2_NULL_1302       SET     674    0.0058074    0.0011024     0.039667       0.4418
F2_NULL_1303       SET     674     0.025619    0.0048633     0.039034      0.25581
F2_NULL_1304       SET     674    -0.053257     -0.01011     0.038462      0.91691
F2_NULL_1305       SET     674     0.027678    0.0052541     0.038429      0.23569
F2_NULL_1306       SET     674      0.00148   0.00028094     0.039634      0.48511
F2_NULL_1307       SET     674    -0.018285   -0.0034711     0.039775      0.67714
F2_NULL_1308       SET     674     0.074045     0.014056     0.038287     0.026569
F2_NULL_1309       SET     674     0.045203    0.0085808     0.039078       0.1237
F2_NULL_1310       SET     674   -0.0033756  -0.00064079     0.039438       0.5341
F2_NULL_1311       SET     674     0.011156    0.0021177     0.039468      0.38872
F2_NULL_1312       SET     674       0.0399    0.0075742     0.038569      0.15046
F2_NULL_1313       SET     674    -0.016633   -0.0031574     0.039382      0.66361
F2_NULL_1314       SET     674    -0.035855   -0.0068063     0.038543      0.82388
F2_NULL_1315       SET     674    -0.042798   -0.0081243     0.038683      0.86571
F2_NULL_1316       SET     674    -0.059371     -0.01127     0.039151      0.93529
F2_NULL_1317       SET     674   -0.0052559  -0.00099771     0.038622      0.55412
F2_NULL_1318       SET     674     0.049977     0.009487     0.039223      0.10131
F2_NULL_1319       SET     674    -0.057048    -0.010829     0.039317      0.92659
F2_NULL_1320       SET     674     0.021389    0.0040602     0.038666      0.29008
F2_NULL_1321       SET     674    -0.024066   -0.0045685     0.039163      0.73056
F2_NULL_1322       SET     674    -0.026222   -0.0049777     0.038958      0.74955
F2_NULL_1323       SET     674   -0.0056869   -0.0010795     0.039684      0.55697
F2_NULL_1324       SET     674   -0.0017506  -0.00033232     0.039864      0.51751
F2_NULL_1325       SET     674    -0.010515   -0.0019961     0.039781      0.60424
F2_NULL_1326       SET     674     0.051117    0.0097034     0.039268      0.09651
F2_NULL_1327       SET     674     0.012295     0.002334     0.039226      0.37697
F2_NULL_1328       SET     674     0.013661    0.0025932     0.039211      0.36378
F2_NULL_1329       SET     674    -0.031538   -0.0059868     0.037955      0.79699
F2_NULL_1330       SET     674    -0.041524   -0.0078825      0.03962      0.85269
F2_NULL_1331       SET     674    -0.047656   -0.0090464     0.039687      0.88507
F2_NULL_1332       SET     674    -0.025943   -0.0049248     0.040115      0.74109
F2_NULL_1333       SET     674    -0.082846    -0.015727     0.039587      0.98181
F2_NULL_1334       SET     674     0.013101    0.0024869     0.039022      0.36854
F2_NULL_1335       SET     674    -0.046732    -0.008871     0.039187      0.88347
F2_NULL_1336       SET     674    -0.015604    -0.002962     0.038902      0.65582
F2_NULL_1337       SET     674     0.015758    0.0029914     0.039604      0.34536
F2_NULL_1338       SET     674   -0.0089525   -0.0016994     0.038663      0.59156
F2_NULL_1339       SET     674     0.030887    0.0058632     0.038725      0.21256
F2_NULL_1340       SET     674    0.0097742    0.0018554     0.039515      0.40232
F2_NULL_1341       SET     674      0.03784    0.0071831     0.039552      0.16936
F2_NULL_1342       SET     674    -0.022528   -0.0042765     0.039629      0.71514
F2_NULL_1343       SET     674     0.094817     0.017999     0.039322    0.0079537
F2_NULL_1344       SET     674     0.025329    0.0048082     0.038759      0.25672
F2_NULL_1345       SET     674     0.039545    0.0075067     0.039386      0.15769
F2_NULL_1346       SET     674     0.025594    0.0048585     0.038867      0.25511
F2_NULL_1347       SET     674    -0.032223   -0.0061167     0.040292      0.78806
F2_NULL_1348       SET     674    -0.010488   -0.0019909      0.03985      0.60379
F2_NULL_1349       SET     674    0.0077729    0.0014755     0.039335      0.42168
F2_NULL_1350       SET     674     0.045056    0.0085528     0.038586      0.12148
F2_NULL_1351       SET     674    -0.082223    -0.015608      0.03902      0.98244
F2_NULL_1352       SET     674     0.024221    0.0045978      0.03995      0.27217
F2_NULL_1353       SET     674    0.0033372   0.00063349     0.039885      0.46666
F2_NULL_1354       SET     674    -0.020677    -0.003925     0.039511      0.69962
F2_NULL_1355       SET     674   -0.0027688  -0.00052559     0.039072      0.52825
F2_NULL_1356       SET     674   -0.0029271  -0.00055564     0.039481      0.52955
F2_NULL_1357       SET     674     0.015799    0.0029992     0.039447      0.34439
F2_NULL_1358       SET     674    -0.021159   -0.0040166      0.03905      0.70604
F2_NULL_1359       SET     674     0.050395    0.0095664     0.039291     0.099819
F2_NULL_1360       SET     674     0.031566    0.0059922     0.038628      0.20691
F2_NULL_1361       SET     674     0.011701    0.0022212     0.040372      0.38597
F2_NULL_1362       SET     674    -0.053561    -0.010167     0.039186      0.91415
F2_NULL_1363       SET     674     0.042915    0.0081465     0.039024      0.13573
F2_NULL_1364       SET     674     0.020365    0.0038659     0.038777      0.29973
F2_NULL_1365       SET     674     0.013729    0.0026062     0.039273      0.36333
F2_NULL_1366       SET     674     -0.05842     -0.01109     0.039281      0.93151
F2_NULL_1367       SET     674     0.017662    0.0033528     0.039052      0.32554
F2_NULL_1368       SET     674   -0.0077942   -0.0014796     0.039276      0.57865
F2_NULL_1369       SET     674     0.035945    0.0068234     0.038985      0.17826
F2_NULL_1370       SET     674    0.0073292    0.0013913      0.03941      0.42623
F2_NULL_1371       SET     674     0.016138    0.0030634     0.040208      0.34408
F2_NULL_1372       SET     674    -0.033505   -0.0063602     0.039478      0.80197
F2_NULL_1373       SET     674      0.06025     0.011437     0.039233     0.062318
F2_NULL_1374       SET     674    -0.015859   -0.0030106     0.039072      0.65759
F2_NULL_1375       SET     674    -0.032608   -0.0061899     0.039529      0.79528
F2_NULL_1376       SET     674    -0.016209   -0.0030769     0.039351       0.6598
F2_NULL_1377       SET     674     0.014891    0.0028268     0.038168      0.34821
F2_NULL_1378       SET     674     0.036989    0.0070215       0.0388      0.17022
F2_NULL_1379       SET     674    0.0015986   0.00030346     0.039462      0.48384
F2_NULL_1380       SET     674    -0.015504   -0.0029432     0.039541      0.65251
F2_NULL_1381       SET     674     0.032579    0.0061845     0.039722      0.20606
F2_NULL_1382       SET     674    -0.013689   -0.0025985       0.0394      0.63587
F2_NULL_1383       SET     674     0.061629     0.011699     0.039149     0.057729
F2_NULL_1384       SET     674    -0.056969    -0.010814     0.039889      0.92337
F2_NULL_1385       SET     674    -0.014672   -0.0027851     0.038821      0.64726
F2_NULL_1386       SET     674    -0.051311   -0.0097402     0.039448      0.90331
F2_NULL_1387       SET     674     0.041561    0.0078894     0.038678       0.1413
F2_NULL_1388       SET     674    -0.012742   -0.0024188     0.039788      0.62561
F2_NULL_1389       SET     674     0.019784    0.0037555     0.038671      0.30447
F2_NULL_1390       SET     674     0.017521     0.003326     0.038204      0.32326
F2_NULL_1391       SET     674     0.037698    0.0071562     0.039936       0.1726
F2_NULL_1392       SET     674     0.045885    0.0087102     0.039499       0.1227
F2_NULL_1393       SET     674    0.0076028    0.0014432     0.039267      0.42324
F2_NULL_1394       SET     674    0.0058324    0.0011072     0.038147      0.43924
F2_NULL_1395       SET     674       0.0464     0.008808     0.038918      0.11659
F2_NULL_1396       SET     674   -0.0058904   -0.0011182     0.038288      0.56113
F2_NULL_1397       SET     674     0.032715    0.0062103     0.039213      0.20206
F2_NULL_1398       SET     674    -0.014011   -0.0026596      0.03994      0.63713
F2_NULL_1399       SET     674     0.021184    0.0040214      0.03858      0.29147
F2_NULL_1400       SET     674     -0.01878    -0.003565     0.039589      0.68238
F2_NULL_1401       SET     674     0.013308    0.0025263     0.038991      0.36643
F2_NULL_1402       SET     674     0.027766    0.0052707     0.038982      0.23816
F2_NULL_1403       SET     674    -0.059126    -0.011224     0.039633      0.93212
F2_NULL_1404       SET     674    -0.028304   -0.0053729     0.039431      0.76356
F2_NULL_1405       SET     674      0.10638     0.020194     0.039369    0.0034484
F2_NULL_1406       SET     674     0.060768     0.011536     0.038733     0.058346
F2_NULL_1407       SET     674     0.031822    0.0060408     0.038739       0.2057
F2_NULL_1408       SET     674     0.017203    0.0032657     0.038217      0.32631
F2_NULL_1409       SET     674     0.034189      0.00649     0.039213      0.19164
F2_NULL_1410       SET     674    0.0051204   0.00097199     0.038963      0.44772
F2_NULL_1411       SET     674   -0.0094983    -0.001803     0.039497      0.59502
F2_NULL_1412       SET     674    -0.002801  -0.00053171      0.03895      0.52866
F2_NULL_1413       SET     674    -0.016573   -0.0031461     0.039369      0.66311
F2_NULL_1414       SET     674     0.038964    0.0073965     0.039324      0.16089
F2_NULL_1415       SET     674    -0.021364   -0.0040554     0.039333      0.70648
F2_NULL_1416       SET     674     0.025973    0.0049304     0.038818      0.25172
F2_NULL_1417       SET     674    0.0061758    0.0011723     0.039729      0.43824
F2_NULL_1418       SET     674     0.041878    0.0079496     0.038921      0.14098
F2_NULL_1419       SET     674      -0.0209   -0.0039675     0.039523      0.70153
F2_NULL_1420       SET     674    -0.023761   -0.0045105     0.039244      0.72756
F2_NULL_1421       SET     674     0.028048    0.0053244     0.038654      0.23404
F2_NULL_1422       SET     674    -0.026123   -0.0049588     0.039171      0.74757
F2_NULL_1423       SET     674     -0.01968   -0.0037359     0.039596      0.69041
F2_NULL_1424       SET     674    -0.010625   -0.0020168      0.03816      0.60965
F2_NULL_1425       SET     674     0.027235    0.0051699     0.038971      0.24233
F2_NULL_1426       SET     674     0.093257     0.017703     0.039928    0.0097609
F2_NULL_1427       SET     674     -0.02078   -0.0039447     0.039756       0.6994
F2_NULL_1428       SET     674    0.0015648   0.00029705     0.038744      0.48389
F2_NULL_1429       SET     674     0.013378    0.0025396     0.039347      0.36693
F2_NULL_1430       SET     674     0.063922     0.012134     0.038722     0.049401
F2_NULL_1431       SET     674     0.057716     0.010956     0.038723     0.068055
F2_NULL_1432       SET     674    0.0079455    0.0015083     0.039204       0.4197
F2_NULL_1433       SET     674    -0.041656   -0.0079076     0.038992       0.8573
F2_NULL_1434       SET     674     0.050252    0.0095393     0.038904     0.098237
F2_NULL_1435       SET     674    0.0010101   0.00019175     0.038561      0.48955
F2_NULL_1436       SET     674    -0.011676   -0.0022164     0.039294      0.61682
F2_NULL_1437       SET     674     0.027754    0.0052685     0.039243      0.23971
F2_NULL_1438       SET     674      -0.0481   -0.0091308     0.039883      0.88609
F2_NULL_1439       SET     674   -0.0021186  -0.00040217     0.039359      0.52146
F2_NULL_1440       SET     674     0.040398    0.0076687     0.039529       0.1534
F2_NULL_1441       SET     674     0.011941    0.0022667     0.039885      0.38233
F2_NULL_1442       SET     674    -0.056208     -0.01067     0.039136      0.92452
F2_NULL_1443       SET     674     0.034151    0.0064828     0.038259      0.18604
F2_NULL_1444       SET     674     0.029384     0.005578     0.039473      0.22832
F2_NULL_1445       SET     674     0.025962    0.0049283     0.039188      0.25383
F2_NULL_1446       SET     674    -0.003625  -0.00068812     0.038925       0.5371
F2_NULL_1447       SET     674     0.010186    0.0019336     0.039671      0.39868
F2_NULL_1448       SET     674    0.0015999    0.0003037     0.039484      0.48384
F2_NULL_1449       SET     674     0.015957    0.0030291     0.038979      0.34114
F2_NULL_1450       SET     674   -0.0049751  -0.00094442     0.039687      0.54988
F2_NULL_1451       SET     674     0.023893    0.0045356      0.03914      0.27078
F2_NULL_1452       SET     674    -0.023448    -0.004451     0.039582       0.7232
F2_NULL_1453       SET     674    -0.010008   -0.0018998     0.038461      0.60265
F2_NULL_1454       SET     674     0.054304     0.010308     0.038786     0.080752
F2_NULL_1455       SET     674    0.0003659   6.9459e-05     0.039578      0.49631
F2_NULL_1456       SET     674    -0.032611   -0.0061904     0.038667      0.80048
F2_NULL_1457       SET     674     -0.03639   -0.0069078     0.040621      0.81482
F2_NULL_1458       SET     674    -0.010139   -0.0019246      0.03909      0.60232
F2_NULL_1459       SET     674     0.035723    0.0067812     0.039466       0.1827
F2_NULL_1460       SET     674     -0.03423   -0.0064978     0.038257      0.81453
F2_NULL_1461       SET     674  -0.00065187  -0.00012374     0.038461      0.50676
F2_NULL_1462       SET     674    -0.019755   -0.0037501      0.03872      0.69505
F2_NULL_1463       SET     674     0.036509    0.0069305     0.039355      0.17679
F2_NULL_1464       SET     674   -0.0035493  -0.00067375     0.040313      0.53508
F2_NULL_1465       SET     674     0.070122     0.013311      0.03973     0.038795
F2_NULL_1466       SET     674    -0.031277   -0.0059372      0.03904      0.78847
F2_NULL_1467       SET     674     0.060488     0.011482     0.039107     0.060975
F2_NULL_1468       SET     674     0.048917    0.0092858     0.039149      0.10575
F2_NULL_1469       SET     674    -0.022185   -0.0042114      0.03921      0.71424
F2_NULL_1470       SET     674    -0.034238   -0.0064994     0.038904      0.81058
F2_NULL_1471       SET     674    0.0076776    0.0014574     0.039247      0.42245
F2_NULL_1472       SET     674    -0.039857   -0.0075659     0.039618      0.84279
F2_NULL_1473       SET     674    0.0015025   0.00028521     0.039279      0.48474
F2_NULL_1474       SET     674      0.04939    0.0093755     0.039224      0.10399
F2_NULL_1475       SET     674    -0.020042   -0.0038046     0.038958      0.69653
F2_NULL_1476       SET     674     -0.03713   -0.0070482     0.038412      0.83312
F2_NULL_1477       SET     674    -0.011697   -0.0022205     0.038591       0.6191
F2_NULL_1478       SET     674     0.015472     0.002937     0.038805      0.34506
F2_NULL_1479       SET     674     0.038382    0.0072861     0.039294      0.16434
F2_NULL_1480       SET     674    -0.010887   -0.0020667     0.039341      0.60901
F2_NULL_1481       SET     674     0.012322    0.0023391     0.039188       0.3766
F2_NULL_1482       SET     674    0.0021857   0.00041492     0.038545      0.47739
F2_NULL_1483       SET     674     0.002088   0.00039636     0.038807      0.47855
F2_NULL_1484       SET     674     0.031538    0.0059869     0.038527      0.20651
F2_NULL_1485       SET     674     0.016315    0.0030971     0.039324      0.33911
F2_NULL_1486       SET     674    -0.003623  -0.00068774     0.039169      0.53685
F2_NULL_1487       SET     674     0.042526    0.0080726     0.039592       0.1414
F2_NULL_1488       SET     674    -0.021544   -0.0040896     0.038782      0.71072
F2_NULL_1489       SET     674    -0.025492   -0.0048392     0.038849      0.74415
F2_NULL_1490       SET     674    -0.018229   -0.0034604     0.038952       0.6801
F2_NULL_1491       SET     674      0.01491    0.0028304      0.03873      0.35013
F2_NULL_1492       SET     674    -0.012161   -0.0023084     0.039643      0.62048
F2_NULL_1493       SET     674   0.00089891   0.00017064     0.038952      0.49079
F2_NULL_1494       SET     674   -0.0069026   -0.0013103     0.038837      0.57053
F2_NULL_1495       SET     674     0.073926     0.014033     0.040147      0.03279
F2_NULL_1496       SET     674    -0.033011   -0.0062664      0.03952      0.79822
F2_NULL_1497       SET     674     0.037896    0.0071936     0.039443      0.16834
F2_NULL_1498       SET     674     0.058202     0.011048     0.039029     0.067955
F2_NULL_1499       SET     674     0.047574    0.0090309     0.038801      0.11009
F2_NULL_1500       SET     674   -0.0020568  -0.00039044     0.039268      0.52089
F2_NULL_1501       SET     674   0.00048332   9.1748e-05     0.039889      0.49517
F2_NULL_1502       SET     674    -0.026589   -0.0050473     0.039211      0.75114
F2_NULL_1503       SET     674    -0.034302   -0.0065115      0.03909      0.80989
F2_NULL_1504       SET     674     0.012948    0.0024579      0.03919      0.37055
F2_NULL_1505       SET     674    0.0074313    0.0014107     0.038874       0.4242
F2_NULL_1506       SET     674     0.010178     0.001932      0.03902      0.39711
F2_NULL_1507       SET     674     0.009388    0.0017821      0.03799      0.40241
F2_NULL_1508       SET     674    -0.026549   -0.0050397     0.038774      0.75323
F2_NULL_1509       SET     674    0.0026115   0.00049574     0.039188      0.47343
F2_NULL_1510       SET     674    0.0059093    0.0011217     0.038622       0.4392
F2_NULL_1511       SET     674     0.032796    0.0062257     0.039261      0.20177
F2_NULL_1512       SET     674    0.0021144   0.00040137     0.039298      0.47855
F2_NULL_1513       SET     674      0.03887    0.0073786     0.040207      0.16684
F2_NULL_1514       SET     674     0.037274    0.0070756     0.038438       0.1661
F2_NULL_1515       SET     674     0.023737    0.0045059     0.039013      0.27146
F2_NULL_1516       SET     674    -0.048136   -0.0091375     0.039392      0.88913
F2_NULL_1517       SET     674    -0.099422    -0.018873     0.039368      0.99422
F2_NULL_1518       SET     674    -0.014412   -0.0027358     0.038465      0.64605
F2_NULL_1519       SET     674     0.001186   0.00022514     0.040087       0.4882
F2_NULL_1520       SET     674    -0.039906   -0.0075752     0.039338       0.8448
F2_NULL_1521       SET     674     0.053086     0.010077     0.039238     0.088047
F2_NULL_1522       SET     674    -0.023735   -0.0045056     0.038593      0.73073
F2_NULL_1523       SET     674    -0.041876   -0.0079493     0.038588      0.86108
F2_NULL_1524       SET     674    -0.024416   -0.0046348     0.039271      0.73293
F2_NULL_1525       SET     674     0.074052     0.014057     0.040226     0.032827
F2_NULL_1526       SET     674     0.016807    0.0031904      0.03955      0.33544
F2_NULL_1527       SET     674    -0.024094   -0.0045738     0.039161      0.73081
F2_NULL_1528       SET     674     0.011663     0.002214     0.039028      0.38253
F2_NULL_1529       SET     674    0.0043822   0.00083187     0.039281      0.45559
F2_NULL_1530       SET     674    -0.012082   -0.0022936     0.039173      0.62112
F2_NULL_1531       SET     674    -0.018715   -0.0035526     0.039571      0.68187
F2_NULL_1532       SET     674     0.035864     0.006808     0.039289      0.18068
F2_NULL_1533       SET     674     0.026257    0.0049843     0.039077      0.25082
F2_NULL_1534       SET     674    -0.042459   -0.0080599     0.039621      0.85805
F2_NULL_1535       SET     674     0.044292    0.0084078     0.039153      0.12898
F2_NULL_1536       SET     674     0.033127    0.0062884     0.038989      0.19777
F2_NULL_1537       SET     674   0.00021387   4.0598e-05     0.038792       0.4978
F2_NULL_1538       SET     674    -0.047086   -0.0089383     0.039408      0.88392
F2_NULL_1539       SET     674     0.034516    0.0065522     0.039454      0.19083
F2_NULL_1540       SET     674    -0.010932   -0.0020751     0.039386      0.60932
F2_NULL_1541       SET     674     0.043703     0.008296     0.039245      0.13274
F2_NULL_1542       SET     674    -0.044886   -0.0085206     0.039496      0.87211
F2_NULL_1543       SET     674    -0.039672   -0.0075309     0.039208      0.84419
F2_NULL_1544       SET     674    -0.022436   -0.0042589     0.039544      0.71476
F2_NULL_1545       SET     674   -0.0087807   -0.0016668      0.03902      0.58902
F2_NULL_1546       SET     674    -0.060634     -0.01151     0.038886      0.94052
F2_NULL_1547       SET     674   -0.0085294   -0.0016191     0.039296      0.58592
F2_NULL_1548       SET     674   -0.0093599   -0.0017768     0.038998      0.59484
F2_NULL_1549       SET     674     0.020485    0.0038886     0.038767      0.29861
F2_NULL_1550       SET     674    -0.011182   -0.0021227     0.039271      0.61208
F2_NULL_1551       SET     674    -0.020298   -0.0038532     0.039045      0.69842
F2_NULL_1552       SET     674   -0.0051971  -0.00098656     0.039154       0.5528
F2_NULL_1553       SET     674     0.067381     0.012791     0.039096     0.042408
F2_NULL_1554       SET     674    -0.037098   -0.0070423     0.039221      0.82789
F2_NULL_1555       SET     674     0.038013     0.007216     0.038668       0.1628
F2_NULL_1556       SET     674     0.018127    0.0034411     0.038359      0.31826
F2_NULL_1557       SET     674      0.03007    0.0057081     0.039306      0.22213
F2_NULL_1558       SET     674     0.040801    0.0077452     0.039045      0.14803
F2_NULL_1559       SET     674    -0.030591   -0.0058071     0.039413      0.78117
F2_NULL_1560       SET     674     0.077232     0.014661     0.038551     0.022577
F2_NULL_1561       SET     674    -0.041361   -0.0078515     0.039031      0.85535
F2_NULL_1562       SET     674     0.028161    0.0053458     0.038548      0.23253
F2_NULL_1563       SET     674     0.003151   0.00059814     0.039039      0.46784
F2_NULL_1564       SET     674     0.041084    0.0077989     0.038988      0.14601
F2_NULL_1565       SET     674      0.04917    0.0093338     0.038527      0.10094
F2_NULL_1566       SET     674   -0.0048945  -0.00092911     0.039703      0.54906
F2_NULL_1567       SET     674     0.028493    0.0054088     0.039921       0.2377
F2_NULL_1568       SET     674     0.016476    0.0031276     0.039646      0.33886
F2_NULL_1569       SET     674     0.029196    0.0055423     0.038469      0.22394
F2_NULL_1570       SET     674    -0.059693    -0.011331     0.038758      0.93823
F2_NULL_1571       SET     674   -0.0089302   -0.0016952     0.040004      0.58832
F2_NULL_1572       SET     674     0.031703    0.0060182     0.039129      0.20891
F2_NULL_1573       SET     674   -0.0071307   -0.0013536     0.039588      0.57147
F2_NULL_1574       SET     674    0.0016455   0.00031237     0.038274      0.48285
F2_NULL_1575       SET     674    -0.041908   -0.0079553     0.038406      0.86239
F2_NULL_1576       SET     674   -0.0090526   -0.0017184     0.039385      0.59089
F2_NULL_1577       SET     674     0.036337    0.0068978     0.039722      0.18016
F2_NULL_1578       SET     674     0.049603    0.0094161     0.039114      0.10238
F2_NULL_1579       SET     674     0.042272    0.0080244     0.038401       0.1355
F2_NULL_1580       SET     674     -0.09608    -0.018239     0.038954      0.99317
F2_NULL_1581       SET     674    0.0083374    0.0015827     0.038877       0.4151
F2_NULL_1582       SET     674     0.031422    0.0059647     0.039017      0.21032
F2_NULL_1583       SET     674    -0.020861     -0.00396     0.039161      0.70288
F2_NULL_1584       SET     674    0.0026797   0.00050868     0.038938      0.47257
F2_NULL_1585       SET     674      0.03313     0.006289     0.039386      0.20013
F2_NULL_1586       SET     674    0.0040947    0.0007773     0.038717      0.45789
F2_NULL_1587       SET     674   -0.0095738   -0.0018174     0.039308      0.59621
F2_NULL_1588       SET     674   -0.0046903  -0.00089035     0.038822      0.54808
F2_NULL_1589       SET     674       0.0256    0.0048597     0.039361      0.25772
F2_NULL_1590       SET     674       0.0605     0.011485     0.038614     0.058592
F2_NULL_1591       SET     674      -0.1028    -0.019514      0.03949      0.99538
F2_NULL_1592       SET     674      0.01716    0.0032575     0.039057       0.3302
F2_NULL_1593       SET     674    -0.086779    -0.016473     0.039357      0.98626
F2_NULL_1594       SET     674     0.014518     0.002756     0.038927      0.35459
F2_NULL_1595       SET     674    0.0018466   0.00035053     0.038264      0.48076
F2_NULL_1596       SET     674     0.011126    0.0021121     0.038362       0.3859
F2_NULL_1597       SET     674     0.023362    0.0044348     0.039089      0.27504
F2_NULL_1598       SET     674    0.0047411   0.00089999     0.038917      0.45152
F2_NULL_1599       SET     674    -0.045484   -0.0086341     0.039386      0.87591
F2_NULL_1600       SET     674     0.018339    0.0034813     0.038662      0.31763
F2_NULL_1601       SET     674    -0.036892   -0.0070031     0.038866      0.82873
F2_NULL_1602       SET     674     0.045506    0.0086384     0.038812      0.12051
F2_NULL_1603       SET     674     0.038535    0.0073151     0.039203      0.16282
F2_NULL_1604       SET     674     0.015426    0.0029284     0.038906      0.34587
F2_NULL_1605       SET     674    -0.043319   -0.0082232     0.039581      0.86311
F2_NULL_1606       SET     674     0.051365    0.0097504     0.038768      0.09261
F2_NULL_1607       SET     674    -0.090454    -0.017171     0.038897      0.98997
F2_NULL_1608       SET     674    -0.024789   -0.0047057     0.039402      0.73536
F2_NULL_1609       SET     674   -0.0023889  -0.00045348     0.039328      0.52422
F2_NULL_1610       SET     674   -0.0079512   -0.0015094     0.038251      0.58233
F2_NULL_1611       SET     674    0.0013736   0.00026074     0.039161      0.48601
F2_NULL_1612       SET     674      0.03922     0.007445      0.03927      0.15897
F2_NULL_1613       SET     674     0.040022    0.0075972      0.03878      0.15104
F2_NULL_1614       SET     674    -0.050825   -0.0096481     0.038854      0.90457
F2_NULL_1615       SET     674     0.020007    0.0037979     0.039174      0.30478
F2_NULL_1616       SET     674     0.030979    0.0058808     0.039507      0.21648
F2_NULL_1617       SET     674     0.047268    0.0089728     0.038803      0.11159
F2_NULL_1618       SET     674    -0.076823    -0.014583     0.038715      0.97638
F2_NULL_1619       SET     674     0.003368   0.00063934     0.039469        0.466
F2_NULL_1620       SET     674     0.038348    0.0072796     0.038552      0.15994
F2_NULL_1621       SET     674     0.020845    0.0039569     0.038407      0.29366
F2_NULL_1622       SET     674    -0.043142   -0.0081896       0.0395      0.86262
F2_NULL_1623       SET     674    -0.014263   -0.0027075     0.039423      0.64124
F2_NULL_1624       SET     674  -0.00046821   -8.888e-05     0.039633      0.50471
F2_NULL_1625       SET     674    0.0063032    0.0011965     0.038954      0.43573
F2_NULL_1626       SET     674     0.084861     0.016109     0.039814     0.016535
F2_NULL_1627       SET     674      0.12211     0.023181     0.039687    0.0010475
F2_NULL_1628       SET     674     0.081453     0.015462     0.039524     0.019668
F2_NULL_1629       SET     674     0.017096    0.0032452     0.038848      0.32995
F2_NULL_1630       SET     674    -0.051998   -0.0098706     0.039141      0.90798
F2_NULL_1631       SET     674     0.044887    0.0085208     0.039105      0.12552
F2_NULL_1632       SET     674    -0.037935   -0.0072012     0.039018      0.83453
F2_NULL_1633       SET     674    -0.036173   -0.0068667     0.038365      0.82712
F2_NULL_1634       SET     674   -0.0018916  -0.00035909     0.039146      0.51927
F2_NULL_1635       SET     674   -0.0031661  -0.00060102     0.039287      0.53212
F2_NULL_1636       SET     674    -0.032014   -0.0060771     0.038857      0.79499
F2_NULL_1637       SET     674    -0.011959   -0.0022702     0.039591       0.6187
F2_NULL_1638       SET     674    0.0081038    0.0015383     0.039142      0.41799
F2_NULL_1639       SET     674    -0.056074    -0.010644     0.039635      0.92142
F2_NULL_1640       SET     674   0.00023214   4.4066e-05     0.038586       0.4976
F2_NULL_1641       SET     674  -6.2548e-05  -1.1873e-05      0.03919      0.50064
F2_NULL_1642       SET     674    0.0055406    0.0010518      0.03928      0.44391
F2_NULL_1643       SET     674    0.0090107    0.0017105     0.038908      0.40843
F2_NULL_1644       SET     674     0.015781    0.0029956     0.039338      0.34415
F2_NULL_1645       SET     674    -0.045621   -0.0086601     0.039388      0.87661
F2_NULL_1646       SET     674      0.04406    0.0083639     0.039004      0.12932
F2_NULL_1647       SET     674    -0.048321   -0.0091727     0.039272      0.89072
F2_NULL_1648       SET     674     0.097889     0.018582     0.039348     0.006432
F2_NULL_1649       SET     674     0.042449     0.008058     0.039109      0.13888
F2_NULL_1650       SET     674    -0.010188   -0.0019339     0.039291      0.60229
F2_NULL_1651       SET     674    0.0086442    0.0016409     0.039108      0.41253
F2_NULL_1652       SET     674     0.013422    0.0025479     0.039718      0.36771
F2_NULL_1653       SET     674     -0.01273   -0.0024164     0.039152      0.62746
F2_NULL_1654       SET     674   -0.0091696   -0.0017406     0.038336      0.59452
F2_NULL_1655       SET     674     0.017854    0.0033892     0.039301      0.32481
F2_NULL_1656       SET     674    -0.043013    -0.008165     0.039629      0.86111
F2_NULL_1657       SET     674    -0.061098    -0.011598     0.039443       0.9393
F2_NULL_1658       SET     674     0.015708    0.0029818     0.039195       0.3443
F2_NULL_1659       SET     674       0.0355    0.0067389     0.039568      0.18481
F2_NULL_1660       SET     674     0.087958     0.016697     0.039799     0.013558
F2_NULL_1661       SET     674       0.0306    0.0058088     0.039339      0.21833
F2_NULL_1662       SET     674     0.039866    0.0075676     0.039311      0.15527
F2_NULL_1663       SET     674       0.0107    0.0020311     0.039476      0.39318
F2_NULL_1664       SET     674     0.013062    0.0024795     0.039175      0.36941
F2_NULL_1665       SET     674    -0.051757   -0.0098249     0.039052      0.90746
F2_NULL_1666       SET     674    0.0029752   0.00056477     0.039219      0.46977
F2_NULL_1667       SET     674    -0.024217    -0.004597     0.039017      0.73259
F2_NULL_1668       SET     674     0.023626    0.0044848     0.038579      0.27014
F2_NULL_1669       SET     674     0.024432     0.004638     0.039379      0.26749
F2_NULL_1670       SET     674     0.077106     0.014637     0.038658     0.023053
F2_NULL_1671       SET     674     0.035066    0.0066565     0.039671      0.18838
F2_NULL_1672       SET     674    -0.054628     -0.01037     0.038588      0.92156
F2_NULL_1673       SET     674    -0.014285   -0.0027117     0.039108      0.64254
F2_NULL_1674       SET     674    -0.056247    -0.010677     0.038934      0.92572
F2_NULL_1675       SET     674     0.051403    0.0097578     0.039425     0.096155
F2_NULL_1676       SET     674   -0.0045255  -0.00085907     0.038939      0.54626
F2_NULL_1677       SET     674    0.0059797    0.0011351     0.039403      0.43969
F2_NULL_1678       SET     674     0.027594    0.0052381     0.038809      0.23854
F2_NULL_1679       SET     674    -0.019329   -0.0036691     0.038813      0.69075
F2_NULL_1680       SET     674     0.011711     0.002223     0.038899      0.38169
F2_NULL_1681       SET     674    -0.014484   -0.0027496      0.03868      0.64597
F2_NULL_1682       SET     674     0.056014     0.010633     0.039491     0.078047
F2_NULL_1683       SET     674    0.0056004    0.0010631     0.038981      0.44288
F2_NULL_1684       SET     674      0.02272    0.0043129     0.038676      0.27846
F2_NULL_1685       SET     674      0.01653    0.0031378      0.03934      0.33718
F2_NULL_1686       SET     674     0.027434    0.0052078     0.039002      0.24091
F2_NULL_1687       SET     674     -0.01334   -0.0025323     0.038946      0.63402
F2_NULL_1688       SET     674     0.039083     0.007419     0.038973      0.15798
F2_NULL_1689       SET     674    0.0072404    0.0013744     0.038594       0.4256
F2_NULL_1690       SET     674     0.024769    0.0047019     0.039652       0.2661
F2_NULL_1691       SET     674     -0.01113   -0.0021128     0.039043       0.6122
F2_NULL_1692       SET     674    -0.037357   -0.0070914     0.039329       0.8289
F2_NULL_1693       SET     674   -0.0005826  -0.00011059     0.039577      0.50587
F2_NULL_1694       SET     674    -0.011095   -0.0021062      0.03924      0.61132
F2_NULL_1695       SET     674     0.011154    0.0021174     0.039561      0.38899
F2_NULL_1696       SET     674   -0.0037416  -0.00071025     0.039748       0.5375
F2_NULL_1697       SET     674     0.019321    0.0036677     0.039771      0.31356
F2_NULL_1698       SET     674    -0.017639   -0.0033484      0.03951      0.67236
F2_NULL_1699       SET     674     0.044275    0.0084046     0.039198      0.12935
F2_NULL_1700       SET     674     0.045197    0.0085796     0.038994      0.12322
F2_NULL_1701       SET     674     0.021833    0.0041446     0.038639      0.28602
F2_NULL_1702       SET     674    -0.012813   -0.0024323     0.039719       0.6265
F2_NULL_1703       SET     674     0.021564    0.0040934     0.038984      0.29008
F2_NULL_1704       SET     674    0.0024303   0.00046134     0.038812      0.47504
F2_NULL_1705       SET     674    -0.024402   -0.0046322     0.039641      0.73091
F2_NULL_1706       SET     674    -0.012657   -0.0024028     0.039581      0.62543
F2_NULL_1707       SET     674     -0.01313   -0.0024925     0.038647      0.63297
F2_NULL_1708       SET     674     0.010902    0.0020695     0.038539      0.38864
F2_NULL_1709       SET     674     0.092541     0.017567     0.039051    0.0089061
F2_NULL_1710       SET     674      0.02256    0.0042826     0.038901      0.28098
F2_NULL_1711       SET     674    -0.022952   -0.0043569     0.039042      0.72169
F2_NULL_1712       SET     674     0.016521    0.0031361     0.039154      0.33654
F2_NULL_1713       SET     674     0.074708     0.014182     0.039615     0.029665
F2_NULL_1714       SET     674     0.015122    0.0028705     0.039488      0.35088
F2_NULL_1715       SET     674    0.0086767    0.0016471     0.039276      0.41258
F2_NULL_1716       SET     674     0.039022    0.0074075      0.03932       0.1605
F2_NULL_1717       SET     674     0.038181    0.0072479     0.039509      0.16693
F2_NULL_1718       SET     674     0.031106    0.0059049      0.03832      0.20847
F2_NULL_1719       SET     674     -0.10083     -0.01914     0.039318      0.99483
F2_NULL_1720       SET     674    -0.031337   -0.0059486     0.039212      0.78789
F2_NULL_1721       SET     674    0.0021305   0.00040442     0.039273      0.47837
F2_NULL_1722       SET     674    0.0019623    0.0003725     0.038887      0.47988
F2_NULL_1723       SET     674     0.030415    0.0057737     0.039691      0.22175
F2_NULL_1724       SET     674    -0.028863    -0.005479     0.039421      0.76796
F2_NULL_1725       SET     674    -0.012433   -0.0023601      0.03913      0.62465
F2_NULL_1726       SET     674     0.085444      0.01622     0.039613     0.015511
F2_NULL_1727       SET     674   -0.0086671   -0.0016453      0.03939      0.58707
F2_NULL_1728       SET     674    -0.029686   -0.0056352     0.039118      0.77603
F2_NULL_1729       SET     674      -0.0256   -0.0048595      0.04031      0.73731
F2_NULL_1730       SET     674    -0.016158   -0.0030673     0.038483      0.66271
F2_NULL_1731       SET     674     0.072527     0.013768     0.040027     0.035005
F2_NULL_1732       SET     674    -0.053953    -0.010242     0.039884      0.91193
F2_NULL_1733       SET     674      0.02873    0.0054538     0.039393      0.23291
F2_NULL_1734       SET     674     0.018377    0.0034884     0.039032      0.31889
F2_NULL_1735       SET     674     0.045207    0.0085816     0.039884      0.12852
F2_NULL_1736       SET     674     0.035044    0.0066524     0.038872      0.18366
F2_NULL_1737       SET     674     0.007023    0.0013332     0.039199      0.42891
F2_NULL_1738       SET     674     0.081628     0.015495     0.039203      0.01867
F2_NULL_1739       SET     674   0.00097214   0.00018454     0.038437      0.48991
F2_NULL_1740       SET     674    0.0014192   0.00026941     0.038991      0.48548
F2_NULL_1741       SET     674    -0.036514   -0.0069315     0.039158      0.82445
F2_NULL_1742       SET     674    -0.014385   -0.0027307     0.038821      0.64451
F2_NULL_1743       SET     674     0.033735    0.0064039     0.038442       0.1901
F2_NULL_1744       SET     674    -0.026689   -0.0050663      0.03871      0.75473
F2_NULL_1745       SET     674     0.068426     0.012989     0.039653     0.042218
F2_NULL_1746       SET     674      0.01982    0.0037624     0.038652      0.30406
F2_NULL_1747       SET     674     0.027435     0.005208     0.039239      0.24222
F2_NULL_1748       SET     674   -0.0042624  -0.00080912     0.040267      0.54215
F2_NULL_1749       SET     674    0.0016266   0.00030877     0.039019      0.48337
F2_NULL_1750       SET     674    -0.018315   -0.0034767     0.039545      0.67836
F2_NULL_1751       SET     674    -0.033552   -0.0063691     0.038446      0.80858
F2_NULL_1752       SET     674     0.035221     0.006686     0.039287        0.185
F2_NULL_1753       SET     674   -0.0065806   -0.0012492     0.039514      0.56613
F2_NULL_1754       SET     674    -0.014469   -0.0027466     0.038869      0.64514
F2_NULL_1755       SET     674    -0.026256   -0.0049842     0.038427      0.75278
F2_NULL_1756       SET     674     0.015356     0.002915     0.039854      0.35001
F2_NULL_1757       SET     674    -0.021315   -0.0040462      0.03924       0.7065
F2_NULL_1758       SET     674   -0.0053955   -0.0010242     0.039273      0.55464
F2_NULL_1759       SET     674     -0.10323    -0.019596     0.040052      0.99502
F2_NULL_1760       SET     674     -0.02557   -0.0048538       0.0396      0.74076
F2_NULL_1761       SET     674    -0.056942    -0.010809     0.039353      0.92604
F2_NULL_1762       SET     674    -0.075822    -0.014393     0.039242      0.97332
F2_NULL_1763       SET     674    -0.032603    -0.006189      0.03885      0.79932
F2_NULL_1764       SET     674    -0.062222    -0.011811      0.03892      0.94505
F2_NULL_1765       SET     674     0.023879    0.0045329      0.03917      0.27106
F2_NULL_1766       SET     674    -0.020985   -0.0039835     0.038686      0.70623
F2_NULL_1767       SET     674     0.030739    0.0058351       0.0383      0.21112
F2_NULL_1768       SET     674    -0.030893   -0.0058644     0.039799      0.78119
F2_NULL_1769       SET     674    0.0045579   0.00086521     0.038421      0.45278
F2_NULL_1770       SET     674    -0.043543   -0.0082658     0.039869      0.86261
F2_NULL_1771       SET     674    -0.018313   -0.0034763     0.039092      0.68027
F2_NULL_1772       SET     674     0.017283    0.0032808     0.039007      0.32886
F2_NULL_1773       SET     674     0.067508     0.012815     0.039043     0.041907
F2_NULL_1774       SET     674    0.0062388    0.0011843      0.03859      0.43578
F2_NULL_1775       SET     674    -0.040694   -0.0077249     0.038553       0.8544
F2_NULL_1776       SET     674     0.011535    0.0021896     0.039692      0.38568
F2_NULL_1777       SET     674    -0.031823   -0.0060408     0.038416      0.79626
F2_NULL_1778       SET     674    -0.030142   -0.0057219     0.038798      0.78139
F2_NULL_1779       SET     674     0.021315    0.0040462     0.039101      0.29283
F2_NULL_1780       SET     674     0.057738      0.01096     0.038892     0.068835
F2_NULL_1781       SET     674    -0.044614    -0.008469      0.03847      0.87691
F2_NULL_1782       SET     674    -0.017206   -0.0032663     0.039514      0.66838
F2_NULL_1783       SET     674     0.039469    0.0074923     0.038999      0.15576
F2_NULL_1784       SET     674     0.021892    0.0041556     0.038678       0.2857
F2_NULL_1785       SET     674     0.049726    0.0094394     0.038957      0.10091
F2_NULL_1786       SET     674     0.018689    0.0035477     0.039078      0.31624
F2_NULL_1787       SET     674     0.015814    0.0030019       0.0388      0.34179
F2_NULL_1788       SET     674    -0.017087   -0.0032435     0.038747      0.67038
F2_NULL_1789       SET     674    -0.035199   -0.0066817     0.039394       0.8142
F2_NULL_1790       SET     674   -0.0076575   -0.0014536     0.038907      0.57801
F2_NULL_1791       SET     674    -0.031447   -0.0059695     0.038938      0.79034
F2_NULL_1792       SET     674    -0.006015   -0.0011418     0.038744      0.56169
F2_NULL_1793       SET     674    -0.039552   -0.0075082     0.039564      0.84127
F2_NULL_1794       SET     674    -0.036851   -0.0069954     0.039077      0.82717
F2_NULL_1795       SET     674     0.016153    0.0030662     0.039056       0.3396
F2_NULL_1796       SET     674   -0.0059721   -0.0011337     0.038947      0.56093
F2_NULL_1797       SET     674     0.018043     0.003425     0.039446      0.32369
F2_NULL_1798       SET     674     0.011767    0.0022337     0.039639      0.38329
F2_NULL_1799       SET     674    -0.011511   -0.0021851     0.039632      0.61426
F2_NULL_1800       SET     674     0.011131     0.002113      0.03895      0.38752
F2_NULL_1801       SET     674     0.021437    0.0040693      0.03928      0.29263
F2_NULL_1802       SET     674   -0.0077769   -0.0014763     0.039238      0.57855
F2_NULL_1803       SET     674     0.041573    0.0078916     0.039306      0.14511
F2_NULL_1804       SET     674     0.029394    0.0055799     0.039026      0.22567
F2_NULL_1805       SET     674     0.038798    0.0073649     0.039129      0.16072
F2_NULL_1806       SET     674    -0.010691   -0.0020295     0.038999      0.60801
F2_NULL_1807       SET     674      0.02357    0.0044742     0.039511      0.27541
F2_NULL_1808       SET     674     -0.02868   -0.0054443     0.039234       0.7676
F2_NULL_1809       SET     674     0.041977    0.0079685      0.03952      0.14408
F2_NULL_1810       SET     674     0.093538     0.017756      0.03921    0.0085324
F2_NULL_1811       SET     674     0.011198    0.0021257     0.039335      0.38795
F2_NULL_1812       SET     674    0.0052592   0.00099834     0.039661      0.44725
F2_NULL_1813       SET     674    -0.016995   -0.0032261     0.038924       0.6688
F2_NULL_1814       SET     674     -0.00319  -0.00060554     0.039045      0.53256
F2_NULL_1815       SET     674    0.0048129   0.00091363     0.039655       0.4517
F2_NULL_1816       SET     674    0.0054235    0.0010295     0.040136      0.44626
F2_NULL_1817       SET     674    -0.014357   -0.0027254     0.039591      0.64156
F2_NULL_1818       SET     674     -0.03426   -0.0065035     0.039622      0.80639
F2_NULL_1819       SET     674     0.031387    0.0059581     0.039669      0.21442
F2_NULL_1820       SET     674    -0.026908   -0.0051079     0.038847      0.75574
F2_NULL_1821       SET     674     0.031364    0.0059537     0.039236      0.21205
F2_NULL_1822       SET     674    0.0047024   0.00089265     0.039373      0.45247
F2_NULL_1823       SET     674     -0.02263   -0.0042957     0.039478      0.71675
F2_NULL_1824       SET     674     0.018588    0.0035285     0.039408      0.31858
F2_NULL_1825       SET     674     0.011073     0.002102      0.03924       0.3889
F2_NULL_1826       SET     674     0.019673    0.0037344     0.039781      0.31047
F2_NULL_1827       SET     674     0.047987    0.0091093      0.03971      0.11345
F2_NULL_1828       SET     674    -0.020166   -0.0038281     0.039166      0.69668
F2_NULL_1829       SET     674    0.0045148   0.00085703     0.039044      0.45397
F2_NULL_1830       SET     674     0.038928    0.0073896     0.039171      0.16017
F2_NULL_1831       SET     674    0.0086044    0.0016334     0.038584      0.41177
F2_NULL_1832       SET     674    -0.026374   -0.0050065     0.038724      0.75208
F2_NULL_1833       SET     674    -0.038691   -0.0073446     0.039229        0.838
F2_NULL_1834       SET     674      0.10787     0.020476     0.039058    0.0028785
F2_NULL_1835       SET     674     0.048452    0.0091976     0.038633       0.1049
F2_NULL_1836       SET     674     0.045813    0.0086966     0.038862      0.11923
F2_NULL_1837       SET     674    -0.028533   -0.0054163     0.039422      0.76539
F2_NULL_1838       SET     674    -0.049434    -0.009384     0.039822      0.89276
F2_NULL_1839       SET     674     0.017372    0.0032977      0.03837      0.32536
F2_NULL_1840       SET     674    -0.016135   -0.0030628     0.039084      0.66013
F2_NULL_1841       SET     674     0.028684     0.005445     0.039323      0.23287
F2_NULL_1842       SET     674    -0.030717   -0.0058309     0.038863      0.78534
F2_NULL_1843       SET     674    -0.012027   -0.0022831     0.039141      0.62068
F2_NULL_1844       SET     674   -0.0054461   -0.0010338     0.039123      0.55535
F2_NULL_1845       SET     674     0.023438    0.0044492     0.038964      0.27374
F2_NULL_1846       SET     674     0.048157    0.0091416     0.038888       0.1078
F2_NULL_1847       SET     674    -0.027928   -0.0053016     0.039222      0.76178
F2_NULL_1848       SET     674      0.02457    0.0046641     0.039286      0.26585
F2_NULL_1849       SET     674     0.018697    0.0035493      0.03933      0.31726
F2_NULL_1850       SET     674     -0.01959   -0.0037187     0.039838      0.68854
F2_NULL_1851       SET     674     0.075223     0.014279     0.038688     0.025935
F2_NULL_1852       SET     674     0.094256     0.017892     0.040204    0.0095338
F2_NULL_1853       SET     674     0.094474     0.017934     0.039809    0.0088226
F2_NULL_1854       SET     674     0.024342    0.0046207     0.039297      0.26782
F2_NULL_1855       SET     674    -0.029385   -0.0055782     0.039609      0.77092
F2_NULL_1856       SET     674     0.021094    0.0040043     0.038915      0.29389
F2_NULL_1857       SET     674     0.036711    0.0069688     0.038898      0.17265
F2_NULL_1858       SET     674   -0.0089638   -0.0017016     0.039122      0.59061
F2_NULL_1859       SET     674     0.022108    0.0041967      0.03924      0.28659
F2_NULL_1860       SET     674    0.0021689   0.00041171     0.039575      0.47815
F2_NULL_1861       SET     674    -0.019765    -0.003752      0.03958      0.69124
F2_NULL_1862       SET     674     0.030102    0.0057141     0.040067      0.22625
F2_NULL_1863       SET     674    0.0099747    0.0018935     0.038844      0.39867
F2_NULL_1864       SET     674     0.091055     0.017285     0.040054      0.01151
F2_NULL_1865       SET     674    -0.008661   -0.0016441     0.039892      0.58594
F2_NULL_1866       SET     674    -0.060448    -0.011475     0.039343      0.93777
F2_NULL_1867       SET     674     0.042369    0.0080429     0.039292      0.14045
F2_NULL_1868       SET     674      0.01714    0.0032537     0.039032      0.33028
F2_NULL_1869       SET     674    0.0076002    0.0014427     0.038957      0.42266
F2_NULL_1870       SET     674     0.016498    0.0031317     0.039698      0.33886
F2_NULL_1871       SET     674     0.016774    0.0031841     0.039137      0.33411
F2_NULL_1872       SET     674     0.020665    0.0039228     0.039369      0.29983
F2_NULL_1873       SET     674     0.032574    0.0061834     0.038481      0.19865
F2_NULL_1874       SET     674    -0.018696   -0.0035489     0.039217      0.68322
F2_NULL_1875       SET     674        0.077     0.014617     0.039658     0.026099
F2_NULL_1876       SET     674    -0.021362   -0.0040551     0.038725       0.7094
F2_NULL_1877       SET     674    -0.052753    -0.010014      0.03869      0.91362
F2_NULL_1878       SET     674     0.045362     0.008611     0.039133       0.1232
F2_NULL_1879       SET     674      0.03499     0.006642     0.039049      0.18512
F2_NULL_1880       SET     674     -0.02867   -0.0054424     0.039579      0.76557
F2_NULL_1881       SET     674     -0.05575    -0.010583     0.039556      0.92063
F2_NULL_1882       SET     674    0.0042729   0.00081112       0.0393      0.45671
F2_NULL_1883       SET     674    -0.067888    -0.012887       0.0387       0.9603
F2_NULL_1884       SET     674    -0.028445   -0.0053996     0.038863      0.76789
F2_NULL_1885       SET     674     0.010947    0.0020781     0.038879      0.38914
F2_NULL_1886       SET     674     0.087321     0.016576     0.038996     0.012578
F2_NULL_1887       SET     674     0.042864    0.0081367     0.039386      0.13824
F2_NULL_1888       SET     674   -0.0034233  -0.00064984     0.039261      0.53474
F2_NULL_1889       SET     674     -0.01084   -0.0020577     0.039264      0.60875
F2_NULL_1890       SET     674  -0.00077219  -0.00014658     0.039591      0.50778
F2_NULL_1891       SET     674    -0.014278   -0.0027104     0.039523      0.64104
F2_NULL_1892       SET     674     0.020387    0.0038699     0.040071      0.30546
F2_NULL_1893       SET     674    -0.012814   -0.0024325     0.039503      0.62717
F2_NULL_1894       SET     674     0.034413    0.0065326     0.039097      0.18938
F2_NULL_1895       SET     674      0.02698    0.0051216      0.03941       0.2468
F2_NULL_1896       SET     674    0.0075638    0.0014358     0.038842       0.4228
F2_NULL_1897       SET     674      0.11791     0.022382     0.038432    0.0010791
F2_NULL_1898       SET     674    -0.016904   -0.0032089     0.038955      0.66783
F2_NULL_1899       SET     674    -0.021389   -0.0040602     0.039474      0.70603
F2_NULL_1900       SET     674     0.045824    0.0086987     0.039528      0.12318
F2_NULL_1901       SET     674    -0.042424   -0.0080533     0.038993      0.86169
F2_NULL_1902       SET     674     0.013615    0.0025846     0.038802      0.36284
F2_NULL_1903       SET     674     0.031096    0.0059029     0.039322      0.21453
F2_NULL_1904       SET     674     0.029695    0.0056369     0.039541      0.22633
F2_NULL_1905       SET     674     0.029885     0.005673     0.038928      0.22134
F2_NULL_1906       SET     674    -0.050153   -0.0095205     0.039799      0.89619
F2_NULL_1907       SET     674    -0.014054   -0.0026678     0.039409       0.6393
F2_NULL_1908       SET     674    0.0030297   0.00057512     0.039308      0.46928
F2_NULL_1909       SET     674    -0.012345   -0.0023434     0.039611      0.62234
F2_NULL_1910       SET     674     0.012904    0.0024496     0.040331       0.3745
F2_NULL_1911       SET     674    0.0014812   0.00028117     0.038738      0.48475
F2_NULL_1912       SET     674     0.020204    0.0038353     0.039613      0.30502
F2_NULL_1913       SET     674     0.040946    0.0077727     0.038884      0.14617
F2_NULL_1914       SET     674    -0.017292   -0.0032825     0.039426      0.66952
F2_NULL_1915       SET     674    -0.056128    -0.010655     0.039332       0.9232
F2_NULL_1916       SET     674    -0.051157   -0.0097109     0.039345      0.90322
F2_NULL_1917       SET     674   -0.0034602  -0.00065684     0.039882      0.53457
F2_NULL_1918       SET     674   -0.0057793   -0.0010971     0.038519      0.55963
F2_NULL_1919       SET     674    -0.069457    -0.013185     0.038888      0.96295
F2_NULL_1920       SET     674   -0.0017923  -0.00034023     0.038116      0.51875
F2_NULL_1921       SET     674    -0.041381   -0.0078553     0.038989      0.85573
F2_NULL_1922       SET     674    -0.022956   -0.0043577     0.039526       0.7193
F2_NULL_1923       SET     674     0.043596    0.0082758     0.039226       0.1332
F2_NULL_1924       SET     674     0.021418    0.0040658     0.038775      0.29035
F2_NULL_1925       SET     674    0.0018137   0.00034429     0.040348      0.48207
F2_NULL_1926       SET     674     -0.05503    -0.010446     0.039214      0.91973
F2_NULL_1927       SET     674     0.011745    0.0022295     0.039486      0.38307
F2_NULL_1928       SET     674     0.025421    0.0048256     0.038797      0.25616
F2_NULL_1929       SET     674     0.082407     0.015643     0.039696     0.018956
F2_NULL_1930       SET     674    -0.017088   -0.0032438     0.038671      0.67071
F2_NULL_1931       SET     674    -0.024703   -0.0046893     0.038428      0.73983
F2_NULL_1932       SET     674     0.061424      0.01166     0.039424     0.059621
F2_NULL_1933       SET     674     0.036576    0.0069432     0.038214      0.16925
F2_NULL_1934       SET     674     0.039254    0.0074514     0.039131      0.15791
F2_NULL_1935       SET     674      0.04927    0.0093529     0.039643      0.10697
F2_NULL_1936       SET     674    -0.011975   -0.0022731     0.039089      0.62033
F2_NULL_1937       SET     674  -0.00088841  -0.00016865     0.039411      0.50899
F2_NULL_1938       SET     674     0.070002     0.013288     0.038933     0.036097
F2_NULL_1939       SET     674   -0.0026509  -0.00050322     0.039112      0.52702
F2_NULL_1940       SET     674    -0.018636   -0.0035376     0.039441      0.68171
F2_NULL_1941       SET     674    -0.014455   -0.0027439     0.039306      0.64347
F2_NULL_1942       SET     674    0.0031629    0.0006004     0.039422      0.46803
F2_NULL_1943       SET     674    0.0056846    0.0010791     0.039931       0.4434
F2_NULL_1944       SET     674   0.00031618    6.002e-05     0.038514      0.49673
F2_NULL_1945       SET     674    -0.074079    -0.014062     0.039589      0.96933
F2_NULL_1946       SET     674     0.066714     0.012664     0.038339     0.040931
F2_NULL_1947       SET     674     0.026712    0.0050706     0.038567      0.24428
F2_NULL_1948       SET     674    -0.018371   -0.0034873     0.039015      0.68113
F2_NULL_1949       SET     674    -0.019779   -0.0037546     0.039524      0.69161
F2_NULL_1950       SET     674    0.0040628   0.00077123     0.038839      0.45834
F2_NULL_1951       SET     674     0.023446    0.0044507     0.039081      0.27428
F2_NULL_1952       SET     674   -0.0048031  -0.00091177       0.0396      0.54827
F2_NULL_1953       SET     674    -0.029781   -0.0056533     0.040096      0.77118
F2_NULL_1954       SET     674     0.033742    0.0064052      0.03931      0.19535
F2_NULL_1955       SET     674     0.020485    0.0038886     0.038462      0.29716
F2_NULL_1956       SET     674    0.0035725   0.00067816     0.038671       0.4632
F2_NULL_1957       SET     674     0.014232    0.0027017     0.039761      0.36019
F2_NULL_1958       SET     674     0.029742    0.0056458     0.038339      0.21895
F2_NULL_1959       SET     674     0.044174    0.0083856     0.039162      0.12967
F2_NULL_1960       SET     674    -0.014555   -0.0027629     0.039499      0.64374
F2_NULL_1961       SET     674     0.013508    0.0025642     0.039161      0.36507
F2_NULL_1962       SET     674     0.014053    0.0026676     0.038872      0.35886
F2_NULL_1963       SET     674     0.036741    0.0069745     0.039327      0.17509
F2_NULL_1964       SET     674     0.060545     0.011493      0.03892     0.059909
F2_NULL_1965       SET     674    0.0053351    0.0010128     0.038925      0.44549
F2_NULL_1966       SET     674   -0.0054806   -0.0010404     0.039724      0.55487
F2_NULL_1967       SET     674     0.031419    0.0059643     0.038106      0.20483
F2_NULL_1968       SET     674    -0.031383   -0.0059574     0.039229      0.78814
F2_NULL_1969       SET     674     0.036092    0.0068513     0.039445       0.1801
F2_NULL_1970       SET     674    -0.013629   -0.0025872     0.039572      0.63473
F2_NULL_1971       SET     674  -0.00025671  -4.8731e-05     0.039534      0.50259
F2_NULL_1972       SET     674    -0.015425   -0.0029281      0.03809      0.65725
F2_NULL_1973       SET     674     0.098605     0.018718     0.038799    0.0055245
F2_NULL_1974       SET     674     0.029128    0.0055293     0.039101      0.22816
F2_NULL_1975       SET     674    -0.062296    -0.011826     0.038913      0.94529
F2_NULL_1976       SET     674    -0.005645   -0.0010716     0.039279      0.55714
F2_NULL_1977       SET     674     0.016553    0.0031423     0.039228      0.33652
F2_NULL_1978       SET     674    0.0036022   0.00068379     0.038946      0.46315
F2_NULL_1979       SET     674      0.02701    0.0051272     0.039266      0.24577
F2_NULL_1980       SET     674    0.0041044   0.00077913     0.039922      0.45906
F2_NULL_1981       SET     674     0.032115    0.0060964     0.039448       0.2078
F2_NULL_1982       SET     674    -0.010073    -0.001912     0.038554      0.60305
F2_NULL_1983       SET     674    -0.022785   -0.0043253     0.038477      0.72313
F2_NULL_1984       SET     674     0.050846     0.009652     0.038966     0.095976
F2_NULL_1985       SET     674    -0.026843   -0.0050955      0.03966      0.75074
F2_NULL_1986       SET     674   -0.0036352  -0.00069007     0.038841      0.53728
F2_NULL_1987       SET     674    -0.084653     -0.01607     0.038524        0.986
F2_NULL_1988       SET     674    -0.017114   -0.0032488     0.039241      0.66863
F2_NULL_1989       SET     674     0.049207     0.009341     0.038693      0.10174
F2_NULL_1990       SET     674     0.025067    0.0047584       0.0392      0.26126
F2_NULL_1991       SET     674    0.0046954   0.00089132     0.040337      0.45367
F2_NULL_1992       SET     674     0.029706     0.005639     0.038698      0.22136
F2_NULL_1993       SET     674     0.044675    0.0084805      0.03964      0.12988
F2_NULL_1994       SET     674    -0.045651   -0.0086659     0.039324      0.87715
F2_NULL_1995       SET     674    -0.040375   -0.0076643     0.040222      0.84226
F2_NULL_1996       SET     674     0.015506    0.0029434     0.039155      0.34605
F2_NULL_1997       SET     674     0.074237     0.014092       0.0391     0.028815
F2_NULL_1998       SET     674   0.00038319   7.2741e-05     0.039903      0.49617
F2_NULL_1999       SET     674     0.011989    0.0022758     0.038913      0.37901
F6_NULL_0000       SET     128    -0.015097   -0.0012684     0.084278      0.57108
F6_NULL_0001       SET     128    -0.039673   -0.0033333     0.085522      0.67864
F6_NULL_0002       SET     128    -0.062029   -0.0052115      0.08463       0.7682
F6_NULL_0003       SET     128      0.12291     0.010327     0.082616     0.068417
F6_NULL_0004       SET     128      0.13466     0.011314       0.0813     0.048837
F6_NULL_0005       SET     128      0.01517    0.0012745     0.085057      0.42923
F6_NULL_0006       SET     128     0.052513     0.004412     0.083234      0.26405
F6_NULL_0007       SET     128    -0.097064   -0.0081551     0.081411      0.88341
F6_NULL_0008       SET     128     0.041067    0.0034504     0.080391      0.30473
F6_NULL_0009       SET     128    -0.018747   -0.0015751     0.087277      0.58504
F6_NULL_0010       SET     128      0.10105    0.0084896     0.080445      0.10455
F6_NULL_0011       SET     128      -0.1359    -0.011418     0.085257      0.94452
F6_NULL_0012       SET     128      0.17592      0.01478     0.084964      0.01921
F6_NULL_0013       SET     128    0.0015516   0.00013036     0.082813      0.49253
F6_NULL_0014       SET     128      0.12007     0.010088     0.086932     0.083617
F6_NULL_0015       SET     128    -0.031365   -0.0026352     0.083211      0.64689
F6_NULL_0016       SET     128     -0.11167   -0.0093826     0.086104      0.90267
F6_NULL_0017       SET     128     0.029918    0.0025137     0.085948      0.36389
F6_NULL_0018       SET     128       0.1123    0.0094351     0.084489     0.091907
F6_NULL_0019       SET     128   -0.0083786  -0.00070395     0.081222      0.54108
F6_NULL_0020       SET     128      0.14413      0.01211     0.080527     0.036749
F6_NULL_0021       SET     128     0.035648     0.002995     0.085643      0.33862
F6_NULL_0022       SET     128     0.076966    0.0064665     0.086413      0.18656
F6_NULL_0023       SET     128       0.1531     0.012863     0.083653     0.033616
F6_NULL_0024       SET     128     0.084385    0.0070898     0.086202      0.16382
F6_NULL_0025       SET     128      0.15214     0.012783     0.080061     0.028701
F6_NULL_0026       SET     128    -0.037601   -0.0031592      0.08252      0.67568
F6_NULL_0027       SET     128      0.13233     0.011118     0.087386      0.06498
F6_NULL_0028       SET     128      0.01257    0.0010561     0.085504      0.44156
F6_NULL_0029       SET     128     0.091439    0.0076825     0.086994      0.14662
F6_NULL_0030       SET     128     0.026952    0.0022644     0.083366      0.37324
F6_NULL_0031       SET     128    -0.010878  -0.00091391     0.085344      0.55071
F6_NULL_0032       SET     128    -0.022462   -0.0018872     0.082607      0.60716
F6_NULL_0033       SET     128      -0.1151   -0.0096703     0.083626      0.91563
F6_NULL_0034       SET     128     0.090487    0.0076025     0.085503      0.14497
F6_NULL_0035       SET     128     0.029169    0.0024507     0.085487      0.36647
F6_NULL_0036       SET     128     0.044171    0.0037111     0.081381      0.29365
F6_NULL_0037       SET     128    -0.070701   -0.0059401     0.086405      0.79339
F6_NULL_0038       SET     128    0.0034556   0.00029033     0.086618      0.48409
F6_NULL_0039       SET     128     0.035238    0.0029607     0.083891      0.33723
F6_NULL_0040       SET     128      0.10985    0.0092293     0.085667     0.099881
F6_NULL_0041       SET     128      0.12926      0.01086     0.086305      0.06712
F6_NULL_0042       SET     128    -0.044481   -0.0037372     0.083449      0.70299
F6_NULL_0043       SET     128     0.036749    0.0030876     0.085297       0.3333
F6_NULL_0044       SET     128    -0.043328   -0.0036403     0.083838      0.69735
F6_NULL_0045       SET     128     0.029345    0.0024655     0.085917      0.36635
F6_NULL_0046       SET     128     0.077159    0.0064827     0.086427        0.186
F6_NULL_0047       SET     128     0.018001    0.0015124     0.088673      0.41957
F6_NULL_0048       SET     128     0.083186    0.0069891     0.087465      0.17079
F6_NULL_0049       SET     128     0.017549    0.0014745     0.085288      0.41849
F6_NULL_0050       SET     128     0.045432    0.0038171     0.083311      0.29277
F6_NULL_0051       SET     128     0.013439    0.0011291     0.086501      0.43827
F6_NULL_0052       SET     128      0.10323    0.0086733     0.084875      0.11195
F6_NULL_0053       SET     128    -0.035204   -0.0029578     0.085534      0.65967
F6_NULL_0054       SET     128     0.064889    0.0054519     0.084234      0.22055
F6_NULL_0055       SET     128     0.008535   0.00071709     0.083745      0.45941
F6_NULL_0056       SET     128      0.16675      0.01401      0.08069     0.019397
F6_NULL_0057       SET     128      0.05323    0.0044723        0.085      0.26558
F6_NULL_0058       SET     128     0.072746     0.006112     0.083745      0.19252
F6_NULL_0059       SET     128      0.12711     0.010679     0.083481     0.063941
F6_NULL_0060       SET     128      0.19396     0.016296     0.085405     0.011577
F6_NULL_0061       SET     128    -0.064671   -0.0054335     0.086402      0.77291
F6_NULL_0062       SET     128    0.0084705   0.00071167     0.083714       0.4597
F6_NULL_0063       SET     128     0.041785    0.0035107      0.08503      0.31157
F6_NULL_0064       SET     128    -0.011563  -0.00097147     0.083947      0.55478
F6_NULL_0065       SET     128     0.098929    0.0083118     0.081682      0.11293
F6_NULL_0066       SET     128      0.14076     0.011826     0.084852     0.048578
F6_NULL_0067       SET     128    -0.025192   -0.0021166     0.083928      0.61797
F6_NULL_0068       SET     128     -0.15673    -0.013168     0.080841      0.97373
F6_NULL_0069       SET     128      0.13561     0.011394     0.084383     0.054026
F6_NULL_0070       SET     128      -0.1365    -0.011469     0.085518      0.94477
F6_NULL_0071       SET     128    -0.021119   -0.0017744     0.086374      0.59658
F6_NULL_0072       SET     128       -0.157    -0.013191     0.085382      0.96702
F6_NULL_0073       SET     128    -0.017778   -0.0014937     0.083577      0.58423
F6_NULL_0074       SET     128      0.10983    0.0092279     0.085918      0.10057
F6_NULL_0075       SET     128    -0.084652   -0.0071123     0.086588      0.83587
F6_NULL_0076       SET     128     0.057795    0.0048558     0.083089      0.24335
F6_NULL_0077       SET     128     0.082705    0.0069487        0.083      0.15952
F6_NULL_0078       SET     128     -0.12556    -0.010549     0.082517      0.93593
F6_NULL_0079       SET     128    -0.086555   -0.0072722     0.082558      0.85277
F6_NULL_0080       SET     128      -0.1219    -0.010241     0.080808      0.93427
F6_NULL_0081       SET     128     0.042412    0.0035633     0.086529      0.31202
F6_NULL_0082       SET     128    0.0008945   7.5154e-05     0.081296      0.49561
F6_NULL_0083       SET     128     0.045066    0.0037863     0.088558      0.30542
F6_NULL_0084       SET     128   -0.0081718  -0.00068658     0.083541      0.53896
F6_NULL_0085       SET     128    -0.074892   -0.0062923     0.086924      0.80553
F6_NULL_0086       SET     128      0.10092    0.0084788     0.087381      0.12407
F6_NULL_0087       SET     128    -0.022227   -0.0018674     0.084237      0.60405
F6_NULL_0088       SET     128    -0.024172   -0.0020309     0.083325      0.61412
F6_NULL_0089       SET     128    -0.079076   -0.0066438     0.084807      0.82443
F6_NULL_0090       SET     128     -0.08394   -0.0070525     0.085679      0.83638
F6_NULL_0091       SET     128       0.1357     0.011401     0.084181     0.053494
F6_NULL_0092       SET     128     0.042607    0.0035797     0.084615       0.3073
F6_NULL_0093       SET     128    -0.016869   -0.0014173     0.082321      0.58118
F6_NULL_0094       SET     128    -0.052854   -0.0044407     0.087306      0.72753
F6_NULL_0095       SET     128    -0.026386   -0.0022169     0.081102      0.62754
F6_NULL_0096       SET     128      0.21553     0.018108     0.086179    0.0061982
F6_NULL_0097       SET     128     0.088515    0.0074368      0.08597       0.1516
F6_NULL_0098       SET     128     0.035412    0.0029753      0.08218      0.33327
F6_NULL_0099       SET     128     0.058652    0.0049278     0.081474       0.2358
F6_NULL_0100       SET     128      0.12088     0.010156     0.085649     0.079082
F6_NULL_0101       SET     128     0.039264    0.0032988     0.085809      0.32363
F6_NULL_0102       SET     128     0.019028    0.0015987     0.087688      0.41411
F6_NULL_0103       SET     128     0.020578    0.0017289     0.082023      0.40095
F6_NULL_0104       SET     128     0.081963    0.0068864     0.084039      0.16471
F6_NULL_0105       SET     128     -0.13693    -0.011505     0.083991      0.94847
F6_NULL_0106       SET     128    -0.015195   -0.0012767     0.086306      0.56988
F6_NULL_0107       SET     128    -0.030025   -0.0025226     0.086838      0.63524
F6_NULL_0108       SET     128      0.09344    0.0078506     0.082782      0.12951
F6_NULL_0109       SET     128    -0.040673   -0.0034173     0.084833      0.68419
F6_NULL_0110       SET     128      0.12104      0.01017     0.080462     0.066255
F6_NULL_0111       SET     128     0.074382    0.0062494     0.086928       0.1961
F6_NULL_0112       SET     128     0.017487    0.0014692     0.081098      0.41464
F6_NULL_0113       SET     128    -0.032427   -0.0027245     0.084272       0.6498
F6_NULL_0114       SET     128     0.097689    0.0082076     0.086577       0.1296
F6_NULL_0115       SET     128    -0.059545   -0.0050029     0.082254      0.76544
F6_NULL_0116       SET     128    -0.026919   -0.0022617     0.084608      0.62482
F6_NULL_0117       SET     128     0.020153    0.0016932     0.083539      0.40469
F6_NULL_0118       SET     128     0.061994    0.0052086     0.086176      0.23596
F6_NULL_0119       SET     128     -0.11369   -0.0095521     0.085028       0.9094
F6_NULL_0120       SET     128    -0.023564   -0.0019798     0.082455      0.61247
F6_NULL_0121       SET     128     0.035833    0.0030106     0.085662      0.33786
F6_NULL_0122       SET     128      0.13242     0.011125     0.087124     0.064283
F6_NULL_0123       SET     128    -0.018102   -0.0015209     0.081039      0.58838
F6_NULL_0124       SET     128     0.039159      0.00329     0.088421      0.32893
F6_NULL_0125       SET     128       0.1143    0.0096032     0.087159     0.094872
F6_NULL_0126       SET     128    -0.072783   -0.0061151     0.087605      0.79695
F6_NULL_0127       SET     128     -0.10176   -0.0085498     0.086001      0.88164
F6_NULL_0128       SET     128     0.009637   0.00080968     0.084141      0.45441
F6_NULL_0129       SET     128     0.011787   0.00099032     0.087953       0.4467
F6_NULL_0130       SET     128    -0.050496   -0.0042425     0.083834      0.72652
F6_NULL_0131       SET     128   -0.0087629  -0.00073624       0.0867      0.54025
F6_NULL_0132       SET     128    -0.030223   -0.0025392     0.081632      0.64439
F6_NULL_0133       SET     128     0.065677    0.0055181     0.083293       0.2152
F6_NULL_0134       SET     128    -0.031927   -0.0026825      0.08628      0.64432
F6_NULL_0135       SET     128     0.095631    0.0080347     0.081044      0.11901
F6_NULL_0136       SET     128     0.010924   0.00091778     0.085574      0.44921
F6_NULL_0137       SET     128    -0.010312  -0.00086636     0.084798      0.54839
F6_NULL_0138       SET     128     0.019153    0.0016092      0.08337      0.40915
F6_NULL_0139       SET     128    -0.072257   -0.0060708     0.082887      0.80832
F6_NULL_0140       SET     128    -0.041133   -0.0034559      0.08278      0.69036
F6_NULL_0141       SET     128    -0.026306   -0.0022102     0.084684      0.62196
F6_NULL_0142       SET     128    -0.073007   -0.0061339     0.085751      0.80272
F6_NULL_0143       SET     128     0.083007    0.0069741     0.084786      0.16379
F6_NULL_0144       SET     128     -0.10862   -0.0091262       0.0846      0.90041
F6_NULL_0145       SET     128     0.016931    0.0014225     0.084309      0.42042
F6_NULL_0146       SET     128   -0.0075017  -0.00063028     0.087534      0.53415
F6_NULL_0147       SET     128     0.028033    0.0023553     0.082917      0.36765
F6_NULL_0148       SET     128     0.055776    0.0046862     0.086577      0.25972
F6_NULL_0149       SET     128    -0.017246    -0.001449     0.084528      0.58083
F6_NULL_0150       SET     128     0.098603    0.0082844     0.085149      0.12344
F6_NULL_0151       SET     128      0.17131     0.014393     0.083042     0.019569
F6_NULL_0152       SET     128    -0.053632    -0.004506     0.083887      0.73869
F6_NULL_0153       SET     128     0.013093    0.0011001     0.083547      0.43773
F6_NULL_0154       SET     128     0.067152    0.0056419     0.085724      0.21672
F6_NULL_0155       SET     128    -0.028387    -0.002385     0.081599      0.63604
F6_NULL_0156       SET     128    -0.036269   -0.0030472     0.086526      0.66245
F6_NULL_0157       SET     128      0.10125    0.0085069     0.088524      0.12637
F6_NULL_0158       SET     128    -0.068118   -0.0057231     0.087908      0.78079
F6_NULL_0159       SET     128    -0.036022   -0.0030265     0.080813       0.6721
F6_NULL_0160       SET     128    -0.026992   -0.0022678     0.084514      0.62528
F6_NULL_0161       SET     128     0.025464    0.0021394     0.082685      0.37906
F6_NULL_0162       SET     128   0.00061671   5.1814e-05      0.08829      0.49721
F6_NULL_0163       SET     128    -0.064591   -0.0054268     0.082949      0.78191
F6_NULL_0164       SET     128    -0.038757   -0.0032563     0.089318      0.66783
F6_NULL_0165       SET     128    -0.032938   -0.0027673     0.085656      0.64971
F6_NULL_0166       SET     128    -0.055678   -0.0046779     0.081366       0.7531
F6_NULL_0167       SET     128    0.0023642   0.00019863     0.085542      0.48898
F6_NULL_0168       SET     128     0.055001    0.0046211     0.084446      0.25742
F6_NULL_0169       SET     128    -0.047705   -0.0040081     0.085492      0.71158
F6_NULL_0170       SET     128     0.048426    0.0040686     0.086449      0.28769
F6_NULL_0171       SET     128    -0.013703   -0.0011513     0.083662      0.56505
F6_NULL_0172       SET     128     0.053756    0.0045165     0.084434      0.26218
F6_NULL_0173       SET     128     0.013703    0.0011513     0.084598      0.43566
F6_NULL_0174       SET     128    -0.049509   -0.0041596     0.085918      0.71777
F6_NULL_0175       SET     128    -0.045645    -0.003835     0.085174      0.70399
F6_NULL_0176       SET     128     0.038999    0.0032766     0.085254      0.32368
F6_NULL_0177       SET     128     0.044709    0.0037563     0.082126      0.29309
F6_NULL_0178       SET     128    -0.020687    -0.001738     0.084581      0.59661
F6_NULL_0179       SET     128     0.069352    0.0058268      0.08461      0.20621
F6_NULL_0180       SET     128      0.11221    0.0094279     0.086067     0.096161
F6_NULL_0181       SET     128    -0.011547  -0.00097013     0.083386      0.55507
F6_NULL_0182       SET     128    -0.047742   -0.0040111     0.081149      0.72184
F6_NULL_0183       SET     128     0.079312    0.0066636     0.083283      0.17047
F6_NULL_0184       SET     128     0.038381    0.0032247     0.087225      0.32996
F6_NULL_0185       SET     128    -0.091453   -0.0076836      0.08474      0.85975
F6_NULL_0186       SET     128     0.088108    0.0074026      0.08232      0.14225
F6_NULL_0187       SET     128    -0.085968   -0.0072229     0.085946       0.8414
F6_NULL_0188       SET     128     0.066009     0.005546     0.086108      0.22167
F6_NULL_0189       SET     128    -0.041299   -0.0034698     0.082007      0.69273
F6_NULL_0190       SET     128    -0.030465   -0.0025596     0.080119      0.64812
F6_NULL_0191       SET     128    -0.062941   -0.0052882     0.082509      0.77721
F6_NULL_0192       SET     128    -0.015353   -0.0012899     0.084429      0.57215
F6_NULL_0193       SET     128     0.021201    0.0017812      0.08316      0.39939
F6_NULL_0194       SET     128    -0.024517   -0.0020599     0.084301      0.61441
F6_NULL_0195       SET     128    -0.034942   -0.0029357     0.086044      0.65766
F6_NULL_0196       SET     128    -0.024717   -0.0020767     0.088279      0.61026
F6_NULL_0197       SET     128     0.019576    0.0016447     0.084653      0.40856
F6_NULL_0198       SET     128    -0.073685   -0.0061909     0.084295      0.80897
F6_NULL_0199       SET     128     0.075119    0.0063114     0.086194      0.19174
F6_NULL_0200       SET     128    -0.024574   -0.0020647     0.085765      0.61276
F6_NULL_0201       SET     128   -0.0069847  -0.00058684      0.08206      0.53392
F6_NULL_0202       SET     128    -0.032438   -0.0027254     0.089219      0.64191
F6_NULL_0203       SET     128     0.010493   0.00088158     0.085194      0.45099
F6_NULL_0204       SET     128     0.032257    0.0027101     0.083083      0.34892
F6_NULL_0205       SET     128    0.0077228   0.00064885     0.084248      0.46348
F6_NULL_0206       SET     128     0.094333    0.0079257     0.088012      0.14191
F6_NULL_0207       SET     128      0.11081    0.0093103     0.081122     0.085976
F6_NULL_0208       SET     128    -0.056224   -0.0047239     0.087415      0.73994
F6_NULL_0209       SET     128    -0.070894   -0.0059563     0.085564      0.79631
F6_NULL_0210       SET     128      0.12301     0.010335     0.082933     0.069016
F6_NULL_0211       SET     128     0.063327    0.0053206     0.085093      0.22838
F6_NULL_0212       SET     128      0.14517     0.012197      0.08838     0.050249
F6_NULL_0213       SET     128     -0.01819   -0.0015283     0.084102      0.58562
F6_NULL_0214       SET     128     0.097585    0.0081989      0.08555      0.12701
F6_NULL_0215       SET     128     0.011462   0.00096302     0.082707      0.44489
F6_NULL_0216       SET     128     0.016784    0.0014101     0.085555      0.42224
F6_NULL_0217       SET     128     0.023416    0.0019673     0.086391      0.39318
F6_NULL_0218       SET     128      0.14346     0.012054     0.083726     0.043319
F6_NULL_0219       SET     128     0.035193    0.0029569     0.084325      0.33821
F6_NULL_0220       SET     128    -0.052444   -0.0044062     0.081097      0.74107
F6_NULL_0221       SET     128  -0.00095594  -8.0316e-05     0.080659      0.50473
F6_NULL_0222       SET     128     0.078125    0.0065639     0.085702        0.181
F6_NULL_0223       SET     128    -0.029772   -0.0025014     0.083326      0.63956
F6_NULL_0224       SET     128    0.0027682   0.00023258     0.083779      0.48682
F6_NULL_0225       SET     128     0.032944    0.0027679     0.084368      0.34809
F6_NULL_0226       SET     128     -0.14738    -0.012382     0.081502      0.96471
F6_NULL_0227       SET     128     0.052413    0.0044037     0.083077      0.26406
F6_NULL_0228       SET     128    0.0030933   0.00025989     0.083005      0.48514
F6_NULL_0229       SET     128     -0.00585   -0.0004915      0.08479       0.5275
F6_NULL_0230       SET     128    -0.074089   -0.0062248     0.084792      0.80887
F6_NULL_0231       SET     128      0.10836    0.0091038     0.084425     0.099676
F6_NULL_0232       SET     128     -0.24812    -0.020847     0.088395       0.9975
F6_NULL_0233       SET     128    0.0023445   0.00019698     0.085132      0.48901
F6_NULL_0234       SET     128    -0.032379   -0.0027204     0.083966      0.65011
F6_NULL_0235       SET     128    -0.097581   -0.0081986     0.086403      0.87062
F6_NULL_0236       SET     128    -0.042198   -0.0035454     0.083691      0.69294
F6_NULL_0237       SET     128    -0.010247  -0.00086094     0.086238      0.54729
F6_NULL_0238       SET     128    -0.033677   -0.0028295     0.087524       0.6498
F6_NULL_0239       SET     128     0.014735     0.001238      0.08154       0.4283
F6_NULL_0240       SET     128      0.23128     0.019431     0.084494    0.0031015
F6_NULL_0241       SET     128     0.059605    0.0050078     0.084682      0.24076
F6_NULL_0242       SET     128    -0.057896   -0.0048643     0.085741      0.75023
F6_NULL_0243       SET     128    -0.052461   -0.0044076     0.083223      0.73577
F6_NULL_0244       SET     128      0.10027    0.0084243     0.080849      0.10746
F6_NULL_0245       SET     128      0.12708     0.010677     0.083634     0.064326
F6_NULL_0246       SET     128     0.046749    0.0039278     0.085032      0.29124
F6_NULL_0247       SET     128   -0.0028458   -0.0002391     0.083351      0.51362
F6_NULL_0248       SET     128      0.15171     0.012746     0.082932     0.033684
F6_NULL_0249       SET     128   -0.0020869  -0.00017533     0.084727      0.50982
F6_NULL_0250       SET     128     0.018507    0.0015549     0.086006      0.41481
F6_NULL_0251       SET     128     -0.01218   -0.0010233     0.082206      0.55889
F6_NULL_0252       SET     128     0.011732    0.0009857     0.082522      0.44347
F6_NULL_0253       SET     128     0.017628     0.001481     0.081766      0.41466
F6_NULL_0254       SET     128    -0.066836   -0.0056154     0.079976      0.79833
F6_NULL_0255       SET     128     0.045038     0.003784     0.079963      0.28664
F6_NULL_0256       SET     128     0.075163     0.006315     0.087298      0.19463
F6_NULL_0257       SET     128     0.053775    0.0045181     0.082119      0.25629
F6_NULL_0258       SET     128     0.044356    0.0037267     0.085123      0.30116
F6_NULL_0259       SET     128     0.027925    0.0023462     0.091261      0.37981
F6_NULL_0260       SET     128     0.050154    0.0042139     0.087619      0.28352
F6_NULL_0261       SET     128     0.048833    0.0041029     0.086001      0.28508
F6_NULL_0262       SET     128   -0.0015873  -0.00013336      0.07903      0.50801
F6_NULL_0263       SET     128      0.13324     0.011195     0.082546     0.053254
F6_NULL_0264       SET     128     0.026812    0.0022527      0.08423      0.37512
F6_NULL_0265       SET     128       0.1784     0.014989     0.085504     0.018476
F6_NULL_0266       SET     128    0.0031801   0.00026718     0.085244      0.48512
F6_NULL_0267       SET     128    -0.090588    -0.007611      0.08374      0.86032
F6_NULL_0268       SET     128     0.058683    0.0049304     0.083746      0.24174
F6_NULL_0269       SET     128      0.14967     0.012575     0.083018     0.035711
F6_NULL_0270       SET     128     -0.06831   -0.0057393     0.083185      0.79422
F6_NULL_0271       SET     128     -0.12024    -0.010102     0.082321      0.92793
F6_NULL_0272       SET     128     0.013556     0.001139     0.086494      0.43773
F6_NULL_0273       SET     128    -0.017055   -0.0014329     0.084739      0.57975
F6_NULL_0274       SET     128    -0.016254   -0.0013656     0.083267      0.57738
F6_NULL_0275       SET     128     0.037658    0.0031639     0.087362      0.33322
F6_NULL_0276       SET     128      0.02301    0.0019333     0.082659      0.39036
F6_NULL_0277       SET     128     0.040597    0.0034109     0.088206      0.32267
F6_NULL_0278       SET     128     0.037033    0.0031114     0.083321      0.32836
F6_NULL_0279       SET     128    -0.010214  -0.00085815     0.079991       0.5508
F6_NULL_0280       SET     128     0.014394    0.0012094     0.085462      0.43312
F6_NULL_0281       SET     128     0.011328   0.00095171     0.082948      0.44569
F6_NULL_0282       SET     128    0.0032493     0.000273     0.086647      0.48504
F6_NULL_0283       SET     128     0.013971    0.0011738     0.087195      0.43635
F6_NULL_0284       SET     128      0.05268    0.0044261     0.088997      0.27695
F6_NULL_0285       SET     128    -0.094803   -0.0079652     0.082153      0.87574
F6_NULL_0286       SET     128     0.073682    0.0061906      0.08389      0.18989
F6_NULL_0287       SET     128      0.13721     0.011528     0.084439     0.052091
F6_NULL_0288       SET     128    -0.067816   -0.0056977     0.084358      0.78927
F6_NULL_0289       SET     128      0.13082     0.010991       0.0852     0.062351
F6_NULL_0290       SET     128       0.1265     0.010629     0.081468     0.060244
F6_NULL_0291       SET     128      0.11519    0.0096782     0.085379     0.088646
F6_NULL_0292       SET     128     0.053517    0.0044964     0.082564      0.25844
F6_NULL_0293       SET     128  -0.00010688  -8.9797e-06     0.083843      0.50051
F6_NULL_0294       SET     128    -0.053992   -0.0045363     0.086337      0.73413
F6_NULL_0295       SET     128       0.1185    0.0099565     0.084543      0.08051
F6_NULL_0296       SET     128    -0.085481   -0.0071819     0.083443      0.84717
F6_NULL_0297       SET     128    -0.083027   -0.0069757     0.089984      0.82191
F6_NULL_0298       SET     128     0.079892    0.0067124     0.084516      0.17226
F6_NULL_0299       SET     128     0.068682    0.0057705     0.081975      0.20106
F6_NULL_0300       SET     128    -0.092235   -0.0077493      0.08458      0.86225
F6_NULL_0301       SET     128     0.011351   0.00095369     0.084468      0.44655
F6_NULL_0302       SET     128     0.046265    0.0038871     0.087979      0.29949
F6_NULL_0303       SET     128    -0.041003    -0.003445     0.082601      0.69019
F6_NULL_0304       SET     128     0.066615    0.0055969     0.088034      0.22462
F6_NULL_0305       SET     128      0.18299     0.015375     0.088955     0.019845
F6_NULL_0306       SET     128      0.03738    0.0031406     0.083713      0.32761
F6_NULL_0307       SET     128     0.035109    0.0029497     0.081122      0.33259
F6_NULL_0308       SET     128       0.1038    0.0087207      0.08654      0.11519
F6_NULL_0309       SET     128      0.19559     0.016433     0.090882     0.015701
F6_NULL_0310       SET     128      0.17859     0.015004     0.085426     0.018293
F6_NULL_0311       SET     128     -0.17177    -0.014432      0.08409      0.97945
F6_NULL_0312       SET     128    -0.067065   -0.0056347     0.079756      0.79979
F6_NULL_0313       SET     128    -0.027112   -0.0022779     0.084866      0.62531
F6_NULL_0314       SET     128     -0.08161   -0.0068567     0.083354      0.83622
F6_NULL_0315       SET     128    -0.039681   -0.0033339     0.085734      0.67826
F6_NULL_0316       SET     128    -0.077216   -0.0064875     0.082627      0.82497
F6_NULL_0317       SET     128    -0.056936   -0.0047836     0.079978      0.76173
F6_NULL_0318       SET     128     -0.14996    -0.012599     0.083524      0.96369
F6_NULL_0319       SET     128     0.032524    0.0027326     0.080893      0.34382
F6_NULL_0320       SET     128    -0.042163   -0.0035424     0.084783      0.69051
F6_NULL_0321       SET     128    -0.041104   -0.0034535      0.08101      0.69406
F6_NULL_0322       SET     128     0.058388    0.0049056     0.083847      0.24311
F6_NULL_0323       SET     128    -0.022638    -0.001902     0.083671      0.60663
F6_NULL_0324       SET     128     0.067223     0.005648     0.083967      0.21169
F6_NULL_0325       SET     128     0.033325    0.0027999     0.082743      0.34357
F6_NULL_0326       SET     128      -0.1127   -0.0094692     0.084207      0.90961
F6_NULL_0327       SET     128       0.1106    0.0092924     0.087998      0.10441
F6_NULL_0328       SET     128     0.076378    0.0064171     0.085786      0.18665
F6_NULL_0329       SET     128     0.075538    0.0063465     0.085529      0.18857
F6_NULL_0330       SET     128    -0.040523   -0.0034046      0.08478      0.68366
F6_NULL_0331       SET     128     0.036462    0.0030635     0.084123      0.33235
F6_NULL_0332       SET     128     0.034992    0.0029399      0.08404      0.33857
F6_NULL_0333       SET     128     0.044723    0.0037575     0.086005      0.30153
F6_NULL_0334       SET     128      0.11545    0.0096998     0.083032      0.08221
F6_NULL_0335       SET     128    0.0036601   0.00030751     0.087672      0.48335
F6_NULL_0336       SET     128     0.020088    0.0016878      0.08421      0.40573
F6_NULL_0337       SET     128     0.038482    0.0032332     0.085183      0.32573
F6_NULL_0338       SET     128      0.10815    0.0090866     0.083826     0.098501
F6_NULL_0339       SET     128     0.047639    0.0040025     0.090167      0.29864
F6_NULL_0340       SET     128       0.1746     0.014669      0.08755     0.023069
F6_NULL_0341       SET     128     0.079844    0.0067083     0.083577      0.16971
F6_NULL_0342       SET     128     0.043804    0.0036803     0.077258      0.28537
F6_NULL_0343       SET     128     0.026398    0.0022179     0.084121      0.37684
F6_NULL_0344       SET     128     0.044341    0.0037255     0.082181      0.29476
F6_NULL_0345       SET     128     0.036619    0.0030767     0.086071      0.33525
F6_NULL_0346       SET     128     0.078931    0.0066316     0.082093      0.16816
F6_NULL_0347       SET     128     0.045753     0.003844      0.08444      0.29397
F6_NULL_0348       SET     128    -0.049196   -0.0041333     0.083719       0.7216
F6_NULL_0349       SET     128    -0.039484   -0.0033174     0.081781      0.68538
F6_NULL_0350       SET     128    -0.022768   -0.0019129      0.08684      0.60341
F6_NULL_0351       SET     128     0.075097    0.0063095     0.087123      0.19436
F6_NULL_0352       SET     128    -0.071347   -0.0059944     0.079734      0.81455
F6_NULL_0353       SET     128       0.1113    0.0093509     0.085876     0.097495
F6_NULL_0354       SET     128     0.031438    0.0026414     0.086304      0.35783
F6_NULL_0355       SET     128    -0.048862   -0.0041053     0.085892      0.71528
F6_NULL_0356       SET     128    -0.062739   -0.0052712     0.085368       0.7688
F6_NULL_0357       SET     128      0.08152    0.0068491      0.08332      0.16395
F6_NULL_0358       SET     128     0.085907    0.0072178     0.084742      0.15536
F6_NULL_0359       SET     128    -0.052531   -0.0044135     0.083668      0.73495
F6_NULL_0360       SET     128     0.025553    0.0021469     0.084414      0.38106
F6_NULL_0361       SET     128     0.060148    0.0050535      0.08689       0.2444
F6_NULL_0362       SET     128       0.1103    0.0092674     0.087845      0.10463
F6_NULL_0363       SET     128     -0.06541   -0.0054956     0.084044       0.7818
F6_NULL_0364       SET     128     -0.04365   -0.0036674     0.082464       0.7017
F6_NULL_0365       SET     128   -0.0093701  -0.00078725      0.08583      0.54347
F6_NULL_0366       SET     128    -0.052255   -0.0043903      0.08156      0.73913
F6_NULL_0367       SET     128     -0.11583    -0.009732     0.082761      0.91918
F6_NULL_0368       SET     128     0.043752    0.0036759     0.083423      0.29999
F6_NULL_0369       SET     128     0.036645    0.0030788     0.086845      0.33653
F6_NULL_0370       SET     128    -0.014327   -0.0012037     0.085659      0.56641
F6_NULL_0371       SET     128      0.10915    0.0091707     0.085379      0.10056
F6_NULL_0372       SET     128     0.052679     0.004426     0.086872      0.27213
F6_NULL_0373       SET     128     -0.11831   -0.0099398     0.080382      0.92945
F6_NULL_0374       SET     128      -0.0407   -0.0034195     0.087972      0.67819
F6_NULL_0375       SET     128    -0.014541   -0.0012217     0.084992      0.56792
F6_NULL_0376       SET     128      0.06737    0.0056602     0.081441      0.20406
F6_NULL_0377       SET     128     0.041478    0.0034849     0.080992      0.30428
F6_NULL_0378       SET     128      0.17874     0.015017     0.088224     0.021394
F6_NULL_0379       SET     128     0.010817   0.00090883     0.090523      0.45244
F6_NULL_0380       SET     128     0.006118   0.00051402     0.086802      0.47191
F6_NULL_0381       SET     128      0.19971     0.016779     0.086046     0.010151
F6_NULL_0382       SET     128     -0.08464   -0.0071113     0.084087      0.84293
F6_NULL_0383       SET     128     0.066437    0.0055819     0.084693       0.2164
F6_NULL_0384       SET     128      0.03345    0.0028104     0.085926      0.34854
F6_NULL_0385       SET     128    -0.093764   -0.0078778     0.078197      0.88474
F6_NULL_0386       SET     128     0.050607    0.0042519     0.082634      0.27013
F6_NULL_0387       SET     128      0.02229    0.0018727     0.080135      0.39045
F6_NULL_0388       SET     128     -0.17143    -0.014403      0.08705      0.97553
F6_NULL_0389       SET     128     0.057783    0.0048548     0.082322      0.24137
F6_NULL_0390       SET     128      0.18095     0.015203     0.088372     0.020309
F6_NULL_0391       SET     128      0.02338    0.0019643     0.081549      0.38718
F6_NULL_0392       SET     128     -0.11276   -0.0094739     0.084885      0.90797
F6_NULL_0393       SET     128   -0.0074701  -0.00062762     0.085205      0.53493
F6_NULL_0394       SET     128     0.075832    0.0063713     0.082682      0.17954
F6_NULL_0395       SET     128     -0.12352    -0.010378     0.086942      0.92229
F6_NULL_0396       SET     128    0.0092819   0.00077985     0.087626      0.45782
F6_NULL_0397       SET     128    -0.050715   -0.0042609     0.083802      0.72746
F6_NULL_0398       SET     128     -0.10109   -0.0084936     0.083226      0.88775
F6_NULL_0399       SET     128     0.041557    0.0034916     0.088812      0.31992
F6_NULL_0400       SET     128     0.012627    0.0010609     0.083688      0.44004
F6_NULL_0401       SET     128    -0.018128   -0.0015231     0.086757      0.58276
F6_NULL_0402       SET     128    -0.037925   -0.0031864     0.081663      0.67882
F6_NULL_0403       SET     128      0.11037    0.0092727     0.082428     0.090302
F6_NULL_0404       SET     128     0.019586    0.0016456      0.08588       0.4098
F6_NULL_0405       SET     128      0.11151    0.0093687     0.084286      0.09293
F6_NULL_0406       SET     128     0.045639    0.0038345     0.083024      0.29126
F6_NULL_0407       SET     128   0.00014952   1.2562e-05     0.084563      0.49929
F6_NULL_0408       SET     128     0.023273    0.0019553      0.08575      0.39304
F6_NULL_0409       SET     128     0.043816    0.0036813     0.083736       0.3004
F6_NULL_0410       SET     128     0.031037    0.0026077     0.081237      0.35121
F6_NULL_0411       SET     128      -0.0837   -0.0070323     0.087561      0.83043
F6_NULL_0412       SET     128     0.078752    0.0066166     0.085401      0.17823
F6_NULL_0413       SET     128    -0.019876   -0.0016699     0.087038      0.59032
F6_NULL_0414       SET     128      0.14968     0.012575      0.08551     0.040035
F6_NULL_0415       SET     128     -0.10464   -0.0087915     0.081234      0.90114
F6_NULL_0416       SET     128    0.0014916   0.00012532     0.084941      0.49299
F6_NULL_0417       SET     128      0.11362    0.0095462      0.08169     0.082139
F6_NULL_0418       SET     128      0.11785    0.0099018     0.085587     0.084264
F6_NULL_0419       SET     128    0.0056788   0.00047712     0.084253      0.47313
F6_NULL_0420       SET     128     0.094736    0.0079595     0.083616      0.12862
F6_NULL_0421       SET     128      0.01011   0.00084941     0.086034      0.45323
F6_NULL_0422       SET     128      0.10855    0.0091202      0.08745      0.10726
F6_NULL_0423       SET     128    -0.073838   -0.0062037     0.086665      0.80289
F6_NULL_0424       SET     128   -0.0031924  -0.00026822     0.079097       0.5161
F6_NULL_0425       SET     128      0.20876     0.017539        0.084    0.0064785
F6_NULL_0426       SET     128     0.041197    0.0034613     0.083018      0.30986
F6_NULL_0427       SET     128    -0.031877   -0.0026782      0.08403      0.64778
F6_NULL_0428       SET     128     0.039922    0.0033541     0.083848        0.317
F6_NULL_0429       SET     128    -0.053722   -0.0045136     0.083282      0.74055
F6_NULL_0430       SET     128     -0.16248    -0.013651     0.086857      0.96929
F6_NULL_0431       SET     128     0.048935    0.0041114     0.089514      0.29231
F6_NULL_0432       SET     128      0.12594     0.010582     0.086264     0.072157
F6_NULL_0433       SET     128     0.017858    0.0015004     0.083546      0.41537
F6_NULL_0434       SET     128     0.011771   0.00098897     0.085648      0.44534
F6_NULL_0435       SET     128    -0.073366   -0.0061641     0.085812      0.80371
F6_NULL_0436       SET     128     0.023736    0.0019943     0.086654      0.39208
F6_NULL_0437       SET     128     0.004246   0.00035674     0.086601      0.48045
F6_NULL_0438       SET     128    -0.044422   -0.0037322     0.083383      0.70289
F6_NULL_0439       SET     128     0.021481    0.0018048     0.081622      0.39621
F6_NULL_0440       SET     128     0.050244    0.0042214     0.087431      0.28276
F6_NULL_0441       SET     128     -0.12253    -0.010294     0.086337      0.92206
F6_NULL_0442       SET     128     0.048213    0.0040507      0.08275      0.28007
F6_NULL_0443       SET     128     0.043603    0.0036634     0.081014      0.29522
F6_NULL_0444       SET     128    -0.047697   -0.0040074     0.084036      0.71484
F6_NULL_0445       SET     128     0.075439    0.0063382     0.084777      0.18678
F6_NULL_0446       SET     128   -0.0073076  -0.00061397     0.085738      0.53396
F6_NULL_0447       SET     128     0.020576    0.0017288     0.083759      0.40298
F6_NULL_0448       SET     128    -0.035801   -0.0030079     0.079674      0.67341
F6_NULL_0449       SET     128      0.13498     0.011341     0.082906     0.051758
F6_NULL_0450       SET     128     0.079583    0.0066864     0.083375      0.16992
F6_NULL_0451       SET     128     0.076207    0.0064028     0.085332      0.18592
F6_NULL_0452       SET     128    0.0081974   0.00068873     0.083879      0.46107
F6_NULL_0453       SET     128     0.055603    0.0046716     0.082569      0.25035
F6_NULL_0454       SET     128      0.12049     0.010123     0.082016     0.070919
F6_NULL_0455       SET     128   -0.0096397   -0.0008099     0.086522      0.54436
F6_NULL_0456       SET     128     0.040914    0.0034375     0.080656      0.30599
F6_NULL_0457       SET     128    -0.045153   -0.0037936     0.087128      0.69785
F6_NULL_0458       SET     128    -0.085762   -0.0072056     0.084915      0.84374
F6_NULL_0459       SET     128    -0.044739   -0.0037588     0.082229       0.7068
F6_NULL_0460       SET     128     0.031239    0.0026246     0.083478      0.35412
F6_NULL_0461       SET     128     0.030193    0.0025368     0.085456      0.36193
F6_NULL_0462       SET     128    0.0080856   0.00067934      0.08101      0.46025
F6_NULL_0463       SET     128     0.021379    0.0017962     0.083901      0.39944
F6_NULL_0464       SET     128      0.13581      0.01141     0.087796     0.060955
F6_NULL_0465       SET     128     0.045295    0.0038056      0.08421      0.29533
F6_NULL_0466       SET     128     0.063978    0.0053753     0.085571      0.22734
F6_NULL_0467       SET     128    -0.055647   -0.0046753     0.085649      0.74205
F6_NULL_0468       SET     128     0.099122     0.008328     0.082377      0.11444
F6_NULL_0469       SET     128    -0.098146    -0.008246     0.084863      0.87626
F6_NULL_0470       SET     128     0.060565    0.0050885     0.087907      0.24543
F6_NULL_0471       SET     128    0.0048225   0.00040518     0.086644      0.47781
F6_NULL_0472       SET     128     0.031447    0.0026421     0.084816      0.35541
F6_NULL_0473       SET     128     0.028164    0.0023662     0.086626      0.37255
F6_NULL_0474       SET     128      0.20725     0.017413     0.081068    0.0052912
F6_NULL_0475       SET     128    -0.016493   -0.0013857     0.080483      0.58118
F6_NULL_0476       SET     128      0.15141     0.012722     0.082453      0.03316
F6_NULL_0477       SET     128      0.14773     0.012412     0.085702      0.04238
F6_NULL_0478       SET     128     0.097834    0.0082198       0.0901      0.13878
F6_NULL_0479       SET     128     0.027123    0.0022788      0.08544      0.37545
F6_NULL_0480       SET     128     0.032313    0.0027149     0.080101      0.34333
F6_NULL_0481       SET     128   -0.0089965  -0.00075586     0.085223      0.54204
F6_NULL_0482       SET     128     0.062936    0.0052877     0.082943        0.224
F6_NULL_0483       SET     128      0.13184     0.011077     0.082874     0.055834
F6_NULL_0484       SET     128      0.15167     0.012743     0.083422     0.034535
F6_NULL_0485       SET     128      0.17598     0.014786     0.086217     0.020625
F6_NULL_0486       SET     128     0.045088    0.0037882     0.083519      0.29465
F6_NULL_0487       SET     128      0.15125     0.012707     0.087608     0.042147
F6_NULL_0488       SET     128   -0.0040615  -0.00034124     0.080867      0.52003
F6_NULL_0489       SET     128    -0.060537   -0.0050862     0.084287      0.76369
F6_NULL_0490       SET     128     0.045912    0.0038574     0.085709       0.2961
F6_NULL_0491       SET     128    -0.072363   -0.0060798     0.083765      0.80617
F6_NULL_0492       SET     128     0.036814    0.0030931     0.086838      0.33581
F6_NULL_0493       SET     128     -0.01938   -0.0016282     0.080515       0.5951
F6_NULL_0494       SET     128    -0.022073   -0.0018545      0.08156      0.60666
F6_NULL_0495       SET     128     -0.11092   -0.0093192     0.082142      0.91154
F6_NULL_0496       SET     128     0.034225    0.0028755     0.084107      0.34203
F6_NULL_0497       SET     128     0.047083    0.0039558     0.083694      0.28687
F6_NULL_0498       SET     128      0.16767     0.014087     0.081605     0.019962
F6_NULL_0499       SET     128     0.093945     0.007893     0.087163      0.14057
F6_NULL_0500       SET     128    -0.089976   -0.0075596     0.084117      0.85761
F6_NULL_0501       SET     128    0.0013094   0.00011002     0.084633      0.49383
F6_NULL_0502       SET     128    -0.050602   -0.0042514     0.082034      0.73133
F6_NULL_0503       SET     128     0.045148    0.0037932     0.083045      0.29334
F6_NULL_0504       SET     128    -0.046148   -0.0038772     0.087167      0.70174
F6_NULL_0505       SET     128    -0.083837   -0.0070438     0.081424       0.8484
F6_NULL_0506       SET     128    -0.057081   -0.0047959      0.08309      0.75395
F6_NULL_0507       SET     128     0.065606     0.005512     0.083647      0.21643
F6_NULL_0508       SET     128     0.061022    0.0051269     0.077557      0.21571
F6_NULL_0509       SET     128     0.030757    0.0025842     0.081256      0.35252
F6_NULL_0510       SET     128    -0.016382   -0.0013764      0.08257      0.57863
F6_NULL_0511       SET     128    0.0075359   0.00063315     0.083161       0.4639
F6_NULL_0512       SET     128     -0.13049    -0.010964     0.085362      0.93682
F6_NULL_0513       SET     128      0.16051     0.013486     0.081694     0.024729
F6_NULL_0514       SET     128      0.11244    0.0094471     0.080462     0.081147
F6_NULL_0515       SET     128      0.04436     0.003727     0.086944      0.30496
F6_NULL_0516       SET     128    0.0090416   0.00075966     0.087221      0.45872
F6_NULL_0517       SET     128    -0.013379    -0.001124     0.083587      0.56358
F6_NULL_0518       SET     128      0.12101     0.010167     0.084799     0.076799
F6_NULL_0519       SET     128    -0.028403   -0.0023863     0.080331      0.63817
F6_NULL_0520       SET     128      0.12529     0.010527     0.084231     0.068458
F6_NULL_0521       SET     128    -0.087732   -0.0073711     0.084591      0.85016
F6_NULL_0522       SET     128     0.097909    0.0082261     0.086553      0.12899
F6_NULL_0523       SET     128     0.043168    0.0036269     0.081935      0.29915
F6_NULL_0524       SET     128     0.025154    0.0021134     0.080692      0.37762
F6_NULL_0525       SET     128      -0.1692    -0.014216     0.087421      0.97353
F6_NULL_0526       SET     128    -0.063307   -0.0053189     0.085876      0.76949
F6_NULL_0527       SET     128   -0.0009499  -7.9808e-05     0.082326       0.5046
F6_NULL_0528       SET     128      0.13875     0.011658     0.087493     0.056394
F6_NULL_0529       SET     128    -0.050479   -0.0042411     0.085296      0.72301
F6_NULL_0530       SET     128    -0.071294     -0.00599      0.08364        0.803
F6_NULL_0531       SET     128    -0.056385   -0.0047374     0.080822       0.7573
F6_NULL_0532       SET     128   -0.0028203  -0.00023696     0.082848      0.51358
F6_NULL_0533       SET     128      0.12213     0.010261     0.089139     0.085327
F6_NULL_0534       SET     128      0.18076     0.015187     0.083253     0.014966
F6_NULL_0535       SET     128    -0.023624   -0.0019849     0.086011      0.60821
F6_NULL_0536       SET     128     0.043551     0.003659     0.083011      0.29992
F6_NULL_0537       SET     128    -0.046935   -0.0039434     0.088239       0.7026
F6_NULL_0538       SET     128    -0.044778   -0.0037622     0.084674      0.70154
F6_NULL_0539       SET     128     0.031842    0.0026753     0.086152      0.35584
F6_NULL_0540       SET     128     0.065395    0.0054943     0.084329      0.21903
F6_NULL_0541       SET     128    -0.050296   -0.0042258     0.083143      0.72739
F6_NULL_0542       SET     128     -0.25996    -0.021841     0.085864      0.99877
F6_NULL_0543       SET     128     0.028162    0.0023661     0.085385      0.37077
F6_NULL_0544       SET     128     0.038185    0.0032082     0.088864      0.33371
F6_NULL_0545       SET     128    -0.089795   -0.0075444     0.084261      0.85671
F6_NULL_0546       SET     128    0.0047982   0.00040314     0.080297      0.47618
F6_NULL_0547       SET     128     -0.03412   -0.0028667     0.084279       0.6572
F6_NULL_0548       SET     128     0.052962    0.0044497     0.081658      0.25831
F6_NULL_0549       SET     128     -0.02326   -0.0019543     0.085327      0.60742
F6_NULL_0550       SET     128   -0.0089929  -0.00075556     0.084748      0.54225
F6_NULL_0551       SET     128    -0.054532   -0.0045817     0.085486      0.73823
F6_NULL_0552       SET     128     0.027311    0.0022946     0.084124      0.37272
F6_NULL_0553       SET     128     0.011339   0.00095271     0.083442      0.44595
F6_NULL_0554       SET     128      0.20783     0.017461      0.08491    0.0071957
F6_NULL_0555       SET     128      0.13096     0.011003     0.085999     0.063907
F6_NULL_0556       SET     128    -0.055699   -0.0046797     0.086246       0.7408
F6_NULL_0557       SET     128      0.11974      0.01006     0.083388     0.075526
F6_NULL_0558       SET     128      -0.0105  -0.00088216     0.082948      0.55036
F6_NULL_0559       SET     128     0.012657    0.0010634     0.084499      0.44047
F6_NULL_0560       SET     128    -0.075025   -0.0063035     0.083775      0.81475
F6_NULL_0561       SET     128     0.039372    0.0033079     0.081779       0.3151
F6_NULL_0562       SET     128     0.011452   0.00096218     0.086648      0.44743
F6_NULL_0563       SET     128     -0.16811    -0.014125     0.085303      0.97562
F6_NULL_0564       SET     128      0.11713    0.0098414     0.086684      0.08831
F6_NULL_0565       SET     128     -0.15551    -0.013065     0.084548      0.96705
F6_NULL_0566       SET     128    -0.035486   -0.0029814     0.082444      0.66655
F6_NULL_0567       SET     128      0.10721    0.0090074     0.085033       0.1037
F6_NULL_0568       SET     128     0.062181    0.0052243     0.081805       0.2236
F6_NULL_0569       SET     128    0.0098222   0.00082524     0.086131       0.4546
F6_NULL_0570       SET     128    -0.095562   -0.0080289     0.083919      0.87259
F6_NULL_0571       SET     128   -0.0036383  -0.00030569     0.080657      0.51799
F6_NULL_0572       SET     128     0.031825    0.0026739     0.084919      0.35392
F6_NULL_0573       SET     128    0.0099819   0.00083866     0.086753       0.4542
F6_NULL_0574       SET     128  -0.00027075  -2.2748e-05     0.086042      0.50126
F6_NULL_0575       SET     128    -0.025447    -0.002138     0.082449       0.6212
F6_NULL_0576       SET     128     0.014991    0.0012595     0.089771      0.43369
F6_NULL_0577       SET     128      0.15075     0.012666     0.083739     0.035921
F6_NULL_0578       SET     128    -0.049736   -0.0041787     0.086965       0.7163
F6_NULL_0579       SET     128     0.095585    0.0080308     0.083362      0.12578
F6_NULL_0580       SET     128     0.042795    0.0035956     0.083532      0.30422
F6_NULL_0581       SET     128     0.090277    0.0075849     0.081961      0.13535
F6_NULL_0582       SET     128     0.024299    0.0020415     0.088844      0.39224
F6_NULL_0583       SET     128     -0.11778    -0.009896     0.085699      0.91533
F6_NULL_0584       SET     128      0.18575     0.015606     0.087147     0.016535
F6_NULL_0585       SET     128     0.046005    0.0038653     0.086995      0.29847
F6_NULL_0586       SET     128     0.065212    0.0054789     0.084553      0.22028
F6_NULL_0587       SET     128     0.049384    0.0041491     0.087315      0.28584
F6_NULL_0588       SET     128     0.062446    0.0052466     0.079119      0.21498
F6_NULL_0589       SET     128      0.13456     0.011306     0.086849     0.060652
F6_NULL_0590       SET     128     0.052035    0.0043719     0.083983      0.26777
F6_NULL_0591       SET     128     0.063995    0.0053767     0.086521      0.22976
F6_NULL_0592       SET     128     -0.03386   -0.0028449     0.087196      0.65111
F6_NULL_0593       SET     128     0.028962    0.0024333     0.081742      0.36155
F6_NULL_0594       SET     128    -0.013991   -0.0011755     0.085498      0.56499
F6_NULL_0595       SET     128     0.029799    0.0025037     0.084874      0.36276
F6_NULL_0596       SET     128    -0.086146   -0.0072378     0.084881      0.84492
F6_NULL_0597       SET     128    -0.094282   -0.0079214     0.086917      0.86097
F6_NULL_0598       SET     128      0.11463    0.0096309     0.083218     0.084193
F6_NULL_0599       SET     128    -0.021439   -0.0018013     0.081083      0.60427
F6_NULL_0600       SET     128      0.10466     0.008793     0.078955      0.09251
F6_NULL_0601       SET     128     -0.11405   -0.0095819     0.085348      0.90926
F6_NULL_0602       SET     128     0.020382    0.0017124     0.080879      0.40052
F6_NULL_0603       SET     128     0.043493    0.0036542     0.089919      0.31431
F6_NULL_0604       SET     128    -0.021953   -0.0018444     0.083752      0.60338
F6_NULL_0605       SET     128      0.14379     0.012081     0.084502     0.044427
F6_NULL_0606       SET     128     0.071153    0.0059781     0.083715      0.19768
F6_NULL_0607       SET     128       0.1739     0.014611     0.079138        0.014
F6_NULL_0608       SET     128    0.0041782   0.00035104     0.085022       0.4804
F6_NULL_0609       SET     128    -0.022111   -0.0018578     0.086088      0.60135
F6_NULL_0610       SET     128    -0.016427   -0.0013802     0.083131      0.57832
F6_NULL_0611       SET     128    -0.080714   -0.0067814     0.089626      0.81609
F6_NULL_0612       SET     128    -0.060428    -0.005077      0.08586      0.75922
F6_NULL_0613       SET     128    -0.063334   -0.0053212      0.08245      0.77879
F6_NULL_0614       SET     128     0.080499    0.0067633     0.087205      0.17798
F6_NULL_0615       SET     128     0.012378      0.00104     0.082283      0.44021
F6_NULL_0616       SET     128    -0.038486   -0.0032335     0.083399      0.67777
F6_NULL_0617       SET     128    -0.023337   -0.0019607     0.085434      0.60763
F6_NULL_0618       SET     128    -0.093862   -0.0078861      0.08619      0.86192
F6_NULL_0619       SET     128     0.063939     0.005372     0.084525      0.22469
F6_NULL_0620       SET     128     0.085552    0.0071879     0.083071      0.15154
F6_NULL_0621       SET     128      0.11353    0.0095389     0.086253     0.094045
F6_NULL_0622       SET     128      0.12746     0.010709     0.083261     0.062908
F6_NULL_0623       SET     128     -0.09987   -0.0083908     0.081418      0.89001
F6_NULL_0624       SET     128     0.018637    0.0015658     0.081099      0.40912
F6_NULL_0625       SET     128      0.11147    0.0093652     0.085793     0.096938
F6_NULL_0626       SET     128     0.081242    0.0068258     0.084393      0.16787
F6_NULL_0627       SET     128    -0.031491   -0.0026458     0.082539      0.64859
F6_NULL_0628       SET     128   -0.0069436  -0.00058339     0.082684      0.53346
F6_NULL_0629       SET     128     0.086182    0.0072408     0.087058      0.16111
F6_NULL_0630       SET     128    -0.014767   -0.0012407     0.083079      0.57054
F6_NULL_0631       SET     128    -0.052971   -0.0044505     0.086015        0.731
F6_NULL_0632       SET     128     0.053116    0.0044627     0.085576      0.26741
F6_NULL_0633       SET     128      0.14711      0.01236     0.081345     0.035273
F6_NULL_0634       SET     128     0.019876      0.00167     0.087698      0.41035
F6_NULL_0635       SET     128    -0.072123   -0.0060596     0.086138      0.79878
F6_NULL_0636       SET     128    -0.031647   -0.0026589     0.084466      0.64605
F6_NULL_0637       SET     128     0.079944    0.0067167     0.086407      0.17744
F6_NULL_0638       SET     128    -0.038579   -0.0032413     0.082215      0.68055
F6_NULL_0639       SET     128   0.00058934   4.9515e-05     0.087442      0.49731
F6_NULL_0640       SET     128      -0.1183    -0.009939     0.085879      0.91581
F6_NULL_0641       SET     128    0.0068186   0.00057288     0.085414      0.46819
F6_NULL_0642       SET     128     -0.02795   -0.0023483     0.082921      0.63196
F6_NULL_0643       SET     128     0.035612     0.002992     0.085641      0.33877
F6_NULL_0644       SET     128     0.011218    0.0009425     0.084427      0.44715
F6_NULL_0645       SET     128     0.058558    0.0049199     0.083553       0.2417
F6_NULL_0646       SET     128      0.16986     0.014272     0.082298     0.019516
F6_NULL_0647       SET     128    -0.002865  -0.00024071     0.086161      0.51326
F6_NULL_0648       SET     128     -0.19919    -0.016735     0.091226      0.98549
F6_NULL_0649       SET     128    -0.019436    -0.001633     0.083132      0.59243
F6_NULL_0650       SET     128     -0.02476   -0.0020803        0.082      0.61865
F6_NULL_0651       SET     128    -0.037209   -0.0031263     0.082801      0.67342
F6_NULL_0652       SET     128     0.027937    0.0023472     0.082824      0.36795
F6_NULL_0653       SET     128      0.11904     0.010001     0.082483      0.07449
F6_NULL_0654       SET     128     0.023423     0.001968     0.087421      0.39438
F6_NULL_0655       SET     128      0.11558    0.0097111     0.085883     0.089188
F6_NULL_0656       SET     128    0.0086894   0.00073006     0.083702      0.45866
F6_NULL_0657       SET     128      0.12781     0.010738     0.086966     0.070839
F6_NULL_0658       SET     128     -0.04309   -0.0036203     0.084495      0.69496
F6_NULL_0659       SET     128     0.029847    0.0025076     0.087882      0.36707
F6_NULL_0660       SET     128     0.092883    0.0078038     0.085124      0.13761
F6_NULL_0661       SET     128       0.1178    0.0098969     0.083731     0.079746
F6_NULL_0662       SET     128      0.13296     0.011171     0.084365     0.057523
F6_NULL_0663       SET     128    -0.079804    -0.006705      0.08267      0.83281
F6_NULL_0664       SET     128     -0.11295   -0.0094895     0.083287      0.91246
F6_NULL_0665       SET     128     -0.11856   -0.0099614     0.084878      0.91876
F6_NULL_0666       SET     128      0.09845    0.0082716     0.082396      0.11608
F6_NULL_0667       SET     128     0.076561    0.0064325     0.085266      0.18462
F6_NULL_0668       SET     128      0.10833    0.0091014     0.085701      0.10312
F6_NULL_0669       SET     128     0.085919    0.0072188     0.082941      0.15013
F6_NULL_0670       SET     128     -0.04924   -0.0041371     0.083654      0.72194
F6_NULL_0671       SET     128     0.011692   0.00098233     0.077565      0.44009
F6_NULL_0672       SET     128    -0.020106   -0.0016893      0.08183      0.59704
F6_NULL_0673       SET     128     0.059557    0.0050038     0.083931      0.23898
F6_NULL_0674       SET     128     0.053889    0.0045276     0.083478      0.25929
F6_NULL_0675       SET     128    -0.027428   -0.0023044     0.087038      0.62366
F6_NULL_0676       SET     128    -0.011326  -0.00095159     0.084719      0.55318
F6_NULL_0677       SET     128      0.10718     0.009005     0.081106      0.09318
F6_NULL_0678       SET     128    -0.013527   -0.0011365     0.082528       0.5651
F6_NULL_0679       SET     128    -0.034093   -0.0028644     0.082574      0.66015
F6_NULL_0680       SET     128     0.018744    0.0015748     0.085565       0.4133
F6_NULL_0681       SET     128    -0.028115   -0.0023621     0.082857      0.63281
F6_NULL_0682       SET     128      0.04992    0.0041942     0.080783      0.26831
F6_NULL_0683       SET     128     0.023781     0.001998     0.089569      0.39531
F6_NULL_0684       SET     128    -0.047626   -0.0040015     0.084231       0.7141
F6_NULL_0685       SET     128    -0.040423   -0.0033962     0.083667       0.6855
F6_NULL_0686       SET     128     0.028817    0.0024212      0.08562      0.36822
F6_NULL_0687       SET     128     0.034063    0.0028619     0.085148      0.34456
F6_NULL_0688       SET     128     0.086425    0.0072613     0.083663      0.15081
F6_NULL_0689       SET     128      0.11223    0.0094291     0.089634      0.10528
F6_NULL_0690       SET     128    -0.046593   -0.0039146     0.087621      0.70255
F6_NULL_0691       SET     128     0.027787    0.0023346     0.080263       0.3646
F6_NULL_0692       SET     128     0.077452    0.0065073     0.084547      0.17982
F6_NULL_0693       SET     128     0.060861    0.0051134     0.083167      0.23215
F6_NULL_0694       SET     128     0.044081    0.0037036     0.084683      0.30135
F6_NULL_0695       SET     128    -0.050345   -0.0042299     0.085203       0.7227
F6_NULL_0696       SET     128     0.041394    0.0034779     0.080774      0.30416
F6_NULL_0697       SET     128     0.015501    0.0013024     0.084716      0.42741
F6_NULL_0698       SET     128     0.068692    0.0057714     0.087494       0.2162
F6_NULL_0699       SET     128     0.066488    0.0055861     0.080899      0.20558
F6_NULL_0700       SET     128     0.065562    0.0055083     0.084659      0.21935
F6_NULL_0701       SET     128    -0.093241   -0.0078339     0.082732      0.87013
F6_NULL_0702       SET     128    -0.035588     -0.00299      0.08569      0.66104
F6_NULL_0703       SET     128     0.062483    0.0052497     0.084521      0.22988
F6_NULL_0704       SET     128    -0.071665   -0.0060211     0.085798      0.79821
F6_NULL_0705       SET     128    -0.030869   -0.0025935     0.081691      0.64724
F6_NULL_0706       SET     128    -0.062581    -0.005258     0.083681      0.77272
F6_NULL_0707       SET     128    -0.030423   -0.0025561     0.085325      0.63929
F6_NULL_0708       SET     128      0.15957     0.013406       0.0827     0.026845
F6_NULL_0709       SET     128   -0.0043745  -0.00036753     0.089924       0.5194
F6_NULL_0710       SET     128    -0.041059   -0.0034497     0.079584      0.69704
F6_NULL_0711       SET     128     -0.01202   -0.0010099     0.085957       0.5556
F6_NULL_0712       SET     128     0.020207    0.0016978     0.084976      0.40602
F6_NULL_0713       SET     128     0.011308   0.00095009     0.084882      0.44701
F6_NULL_0714       SET     128    -0.038576   -0.0032411     0.084072      0.67682
F6_NULL_0715       SET     128    0.0079234    0.0006657     0.083646      0.46227
F6_NULL_0716       SET     128     0.086113    0.0072351     0.079557      0.13954
F6_NULL_0717       SET     128     0.083034    0.0069763     0.085454      0.16561
F6_NULL_0718       SET     128     0.050607    0.0042519      0.08532      0.27655
F6_NULL_0719       SET     128      0.08851    0.0074364       0.0888      0.15945
F6_NULL_0720       SET     128    -0.052081   -0.0043758      0.08715      0.72495
F6_NULL_0721       SET     128      0.16777     0.014095     0.085001     0.024215
F6_NULL_0722       SET     128      0.15263     0.012823     0.088443     0.042207
F6_NULL_0723       SET     128     -0.13651    -0.011469     0.084885      0.94609
F6_NULL_0724       SET     128     0.061949    0.0052048     0.083406      0.22883
F6_NULL_0725       SET     128      0.19375     0.016279     0.088094     0.013932
F6_NULL_0726       SET     128     -0.12581    -0.010571     0.085813      0.92869
F6_NULL_0727       SET     128     -0.12335    -0.010363      0.08309      0.93115
F6_NULL_0728       SET     128      0.10204    0.0085734     0.086022      0.11777
F6_NULL_0729       SET     128     0.019253    0.0016176     0.087727      0.41315
F6_NULL_0730       SET     128    -0.038813   -0.0032609     0.081825      0.68237
F6_NULL_0731       SET     128    0.0014084   0.00011833     0.087993      0.49362
F6_NULL_0732       SET     128     0.072487    0.0060902       0.0851      0.19717
F6_NULL_0733       SET     128      0.10684    0.0089761      0.08695       0.1096
F6_NULL_0734       SET     128     0.015269    0.0012829     0.087156      0.43046
F6_NULL_0735       SET     128    -0.004726  -0.00039707      0.08379      0.52249
F6_NULL_0736       SET     128       0.1149    0.0096538     0.085272     0.088923
F6_NULL_0737       SET     128      0.19482     0.016368      0.08725     0.012786
F6_NULL_0738       SET     128        0.143     0.012015     0.085907     0.048006
F6_NULL_0739       SET     128     0.077802    0.0065367     0.084038      0.17728
F6_NULL_0740       SET     128       0.0882    0.0074104     0.085265      0.15048
F6_NULL_0741       SET     128     0.041503     0.003487     0.083083      0.30871
F6_NULL_0742       SET     128    -0.024035   -0.0020194     0.088425      0.60712
F6_NULL_0743       SET     128     0.090849    0.0076329     0.082158      0.13442
F6_NULL_0744       SET     128     0.010736   0.00090205     0.081723      0.44774
F6_NULL_0745       SET     128     0.027345    0.0022974     0.088533      0.37871
F6_NULL_0746       SET     128     0.041297    0.0034696     0.085071      0.31369
F6_NULL_0747       SET     128       0.0467    0.0039236     0.080537      0.28101
F6_NULL_0748       SET     128     0.023537    0.0019775      0.08345      0.38896
F6_NULL_0749       SET     128   -0.0094478  -0.00079378     0.081104      0.54637
F6_NULL_0750       SET     128       0.1525     0.012813     0.085987     0.038075
F6_NULL_0751       SET     128     0.046549    0.0039109     0.080809       0.2823
F6_NULL_0752       SET     128       0.1645     0.013821     0.083711     0.024707
F6_NULL_0753       SET     128    -0.073682   -0.0061906     0.084682      0.80787
F6_NULL_0754       SET     128    -0.050944   -0.0042802     0.082479       0.7316
F6_NULL_0755       SET     128     0.078111    0.0065627     0.084616      0.17798
F6_NULL_0756       SET     128      0.18329       0.0154       0.0826     0.013248
F6_NULL_0757       SET     128      0.12503     0.010505     0.082886     0.065732
F6_NULL_0758       SET     128    -0.010053  -0.00084459     0.083577      0.54787
F6_NULL_0759       SET     128     0.082827     0.006959     0.085155      0.16537
F6_NULL_0760       SET     128    -0.035768   -0.0030052     0.083708      0.66542
F6_NULL_0761       SET     128    -0.098219   -0.0082521     0.083845      0.87928
F6_NULL_0762       SET     128    -0.042162   -0.0035424     0.084012      0.69211
F6_NULL_0763       SET     128    0.0010784   9.0608e-05     0.081534      0.49472
F6_NULL_0764       SET     128   -0.0016456  -0.00013826     0.086617      0.50758
F6_NULL_0765       SET     128    -0.052464   -0.0044079     0.080505      0.74269
F6_NULL_0766       SET     128      0.10472    0.0087982      0.08355      0.10505
F6_NULL_0767       SET     128      0.19486     0.016372     0.083363    0.0097118
F6_NULL_0768       SET     128    -0.078501   -0.0065955     0.081881      0.83114
F6_NULL_0769       SET     128     0.041613    0.0034963     0.082509      0.30701
F6_NULL_0770       SET     128    0.0096721   0.00081263     0.081846      0.45297
F6_NULL_0771       SET     128      0.04397    0.0036942     0.086275      0.30515
F6_NULL_0772       SET     128     0.048555    0.0040795     0.086094      0.28639
F6_NULL_0773       SET     128      0.12906     0.010843     0.086576     0.068031
F6_NULL_0774       SET     128   -0.0064638  -0.00054308     0.089236      0.52887
F6_NULL_0775       SET     128     0.096956     0.008146      0.08541      0.12816
F6_NULL_0776       SET     128  -0.00023227  -1.9515e-05     0.082801      0.50112
F6_NULL_0777       SET     128    -0.037485   -0.0031494     0.083906      0.67247
F6_NULL_0778       SET     128    -0.020864    -0.001753     0.083774      0.59834
F6_NULL_0779       SET     128    -0.021133   -0.0017755     0.085533      0.59757
F6_NULL_0780       SET     128    -0.096863   -0.0081382     0.086694      0.86806
F6_NULL_0781       SET     128     0.074434    0.0062538     0.083841      0.18733
F6_NULL_0782       SET     128    -0.063018   -0.0052947     0.080818      0.78223
F6_NULL_0783       SET     128    -0.062585   -0.0052583     0.080144      0.78257
F6_NULL_0784       SET     128      0.13512     0.011353     0.081472     0.048613
F6_NULL_0785       SET     128     0.029001    0.0024366     0.081253      0.36057
F6_NULL_0786       SET     128      0.11404    0.0095814       0.0845     0.088584
F6_NULL_0787       SET     128    -0.049167   -0.0041309     0.086668      0.71474
F6_NULL_0788       SET     128     -0.18489    -0.015534     0.083157       0.9869
F6_NULL_0789       SET     128   -0.0045949  -0.00038606     0.083485      0.52195
F6_NULL_0790       SET     128      0.13537     0.011374     0.082012     0.049412
F6_NULL_0791       SET     128     0.088336    0.0074218     0.087193      0.15551
F6_NULL_0792       SET     128    -0.026737   -0.0022464     0.081184      0.62905
F6_NULL_0793       SET     128     -0.10771   -0.0090496     0.084935      0.89762
F6_NULL_0794       SET     128       0.1349     0.011334     0.083689     0.053505
F6_NULL_0795       SET     128     0.032765    0.0027528     0.083013      0.34654
F6_NULL_0796       SET     128    -0.054589   -0.0045865     0.084537      0.74077
F6_NULL_0797       SET     128   -0.0021847  -0.00018355     0.086996      0.51002
F6_NULL_0798       SET     128      0.17842      0.01499     0.084485     0.017357
F6_NULL_0799       SET     128     -0.16191    -0.013603     0.087192      0.96833
F6_NULL_0800       SET     128      0.10889    0.0091491     0.082722      0.09403
F6_NULL_0801       SET     128    -0.031601   -0.0026551     0.082854      0.64855
F6_NULL_0802       SET     128    -0.098761   -0.0082977     0.081713      0.88659
F6_NULL_0803       SET     128     0.068345    0.0057422     0.083364      0.20616
F6_NULL_0804       SET     128     -0.20889     -0.01755      0.08638       0.9922
F6_NULL_0805       SET     128      0.09413    0.0079086     0.085823      0.13637
F6_NULL_0806       SET     128      0.09843    0.0082699     0.081881      0.11467
F6_NULL_0807       SET     128     -0.10942   -0.0091931     0.081534      0.91019
F6_NULL_0808       SET     128     -0.10635   -0.0089352     0.084956      0.89467
F6_NULL_0809       SET     128     0.089189    0.0074934     0.086032      0.14995
F6_NULL_0810       SET     128     0.022032    0.0018511       0.0816      0.39358
F6_NULL_0811       SET     128      0.13772     0.011571     0.087815     0.058418
F6_NULL_0812       SET     128      0.12765     0.010725     0.083598     0.063396
F6_NULL_0813       SET     128    -0.040453   -0.0033987     0.083889      0.68517
F6_NULL_0814       SET     128     -0.15053    -0.012648     0.081851      0.96704
F6_NULL_0815       SET     128     0.079735    0.0066992     0.083227      0.16903
F6_NULL_0816       SET     128      0.16573     0.013924     0.087394     0.028964
F6_NULL_0817       SET     128     0.077473    0.0065091     0.085678      0.18294
F6_NULL_0818       SET     128      0.10881     0.009142     0.085502      0.10159
F6_NULL_0819       SET     128    0.0076627   0.00064381     0.087081      0.46494
F6_NULL_0820       SET     128    -0.028967   -0.0024337     0.085634      0.63242
F6_NULL_0821       SET     128     0.053294    0.0044776      0.08458      0.26432
F6_NULL_0822       SET     128     0.081582    0.0068543     0.083968      0.16564
F6_NULL_0823       SET     128     -0.10343   -0.0086903     0.083078      0.89343
F6_NULL_0824       SET     128     0.030501    0.0025626     0.084096      0.35842
F6_NULL_0825       SET     128    -0.016752   -0.0014074     0.083203      0.57978
F6_NULL_0826       SET     128     0.055438    0.0046578     0.084002      0.25464
F6_NULL_0827       SET     128    -0.089443   -0.0075148     0.087041      0.84792
F6_NULL_0828       SET     128    -0.073341    -0.006162     0.082316      0.81352
F6_NULL_0829       SET     128      0.11034    0.0092708     0.085469     0.098354
F6_NULL_0830       SET     128      0.17048     0.014323     0.080274     0.016854
F6_NULL_0831       SET     128     0.019344    0.0016252      0.08159       0.4063
F6_NULL_0832       SET     128    -0.059892    -0.005032      0.08321      0.76416
F6_NULL_0833       SET     128     0.088917    0.0074706     0.081749      0.13838
F6_NULL_0834       SET     128     0.062684    0.0052666     0.081589      0.22116
F6_NULL_0835       SET     128   -0.0015651   -0.0001315     0.085432      0.50731
F6_NULL_0836       SET     128     -0.02631   -0.0022105     0.082511      0.62508
F6_NULL_0837       SET     128     0.032674    0.0027452     0.083509       0.3478
F6_NULL_0838       SET     128    -0.098936   -0.0083124     0.083464      0.88206
F6_NULL_0839       SET     128    -0.072831   -0.0061191     0.084207      0.80645
F6_NULL_0840       SET     128     0.042756    0.0035923     0.082844       0.3029
F6_NULL_0841       SET     128     -0.11873   -0.0099752     0.085677      0.91708
F6_NULL_0842       SET     128      0.12949     0.010879     0.084581     0.062902
F6_NULL_0843       SET     128    0.0052924   0.00044465     0.082711      0.47449
F6_NULL_0844       SET     128     0.056859    0.0047772     0.082585      0.24557
F6_NULL_0845       SET     128    -0.027288   -0.0022927     0.083902       0.6275
F6_NULL_0846       SET     128     0.047336    0.0039771     0.081915      0.28168
F6_NULL_0847       SET     128    -0.089959   -0.0075582     0.084759      0.85573
F6_NULL_0848       SET     128     0.054069    0.0045427     0.086301      0.26549
F6_NULL_0849       SET     128      0.16599     0.013946     0.083337     0.023207
F6_NULL_0850       SET     128    -0.073431   -0.0061695     0.087727      0.79871
F6_NULL_0851       SET     128     -0.18592    -0.015621      0.08108      0.98907
F6_NULL_0852       SET     128   -0.0063067  -0.00052988     0.079137      0.53176
F6_NULL_0853       SET     128       0.1197     0.010057     0.085901     0.081751
F6_NULL_0854       SET     128     0.051428    0.0043209     0.085093       0.2728
F6_NULL_0855       SET     128   0.00016911   1.4209e-05     0.080951      0.49917
F6_NULL_0856       SET     128    -0.095212   -0.0079995     0.080289      0.88215
F6_NULL_0857       SET     128     0.083435      0.00701     0.084593        0.162
F6_NULL_0858       SET     128    0.0048087   0.00040402     0.082999       0.4769
F6_NULL_0859       SET     128      0.04512    0.0037909     0.083962       0.2955
F6_NULL_0860       SET     128     0.010914   0.00091697     0.082327      0.44727
F6_NULL_0861       SET     128     0.081332    0.0068334     0.084151       0.1669
F6_NULL_0862       SET     128    -0.051468   -0.0043242     0.089777      0.71677
F6_NULL_0863       SET     128     0.045918     0.003858     0.086505      0.29778
F6_NULL_0864       SET     128     0.050376    0.0042325     0.084597      0.27576
F6_NULL_0865       SET     128    -0.069371   -0.0058284      0.08134      0.80312
F6_NULL_0866       SET     128        0.114    0.0095784     0.084853     0.089557
F6_NULL_0867       SET     128     0.068118    0.0057232     0.083994      0.20869
F6_NULL_0868       SET     128     0.027466    0.0023077     0.079985      0.36565
F6_NULL_0869       SET     128     0.062571    0.0052571     0.082992      0.22545
F6_NULL_0870       SET     128    -0.084547   -0.0071034     0.081688      0.84966
F6_NULL_0871       SET     128    0.0025641   0.00021543     0.083825       0.4878
F6_NULL_0872       SET     128     0.049735    0.0041786     0.082979      0.27447
F6_NULL_0873       SET     128     -0.01522   -0.0012788     0.077599      0.57775
F6_NULL_0874       SET     128     -0.11721   -0.0098477     0.085108      0.91576
F6_NULL_0875       SET     128     -0.15802    -0.013276     0.084453      0.96932
F6_NULL_0876       SET     128     0.045059    0.0037857     0.083953      0.29574
F6_NULL_0877       SET     128     0.056169    0.0047192     0.080234      0.24195
F6_NULL_0878       SET     128     0.067006    0.0056297     0.082876      0.20941
F6_NULL_0879       SET     128    -0.068034   -0.0057161     0.084514      0.78959
F6_NULL_0880       SET     128      0.15193     0.012765      0.08239     0.032597
F6_NULL_0881       SET     128    -0.074066   -0.0062229     0.083027      0.81382
F6_NULL_0882       SET     128     -0.11658   -0.0097952     0.081012      0.92493
F6_NULL_0883       SET     128     0.028044    0.0023562     0.088036      0.37503
F6_NULL_0884       SET     128     0.020296    0.0017052     0.083328      0.40378
F6_NULL_0885       SET     128     0.036067    0.0030303     0.084432      0.33463
F6_NULL_0886       SET     128    -0.029656   -0.0024916     0.083632      0.63855
F6_NULL_0887       SET     128    -0.086263   -0.0072476     0.082874      0.85103
F6_NULL_0888       SET     128      0.13853     0.011639     0.086153     0.053938
F6_NULL_0889       SET     128    0.0071792   0.00060318     0.086464      0.46691
F6_NULL_0890       SET     128      0.11011    0.0092513     0.082058     0.089827
F6_NULL_0891       SET     128   -0.0044449  -0.00037345     0.080268      0.52208
F6_NULL_0892       SET     128     0.029961    0.0025173     0.084281      0.36111
F6_NULL_0893       SET     128      0.00954   0.00080153     0.081436      0.45337
F6_NULL_0894       SET     128     0.079829     0.006707     0.084712      0.17301
F6_NULL_0895       SET     128     0.062355    0.0052389     0.085173      0.23206
F6_NULL_0896       SET     128    -0.016949    -0.001424     0.084459      0.57952
F6_NULL_0897       SET     128     0.040663    0.0034164     0.084037      0.31424
F6_NULL_0898       SET     128      -0.1117   -0.0093847     0.085049      0.90546
F6_NULL_0899       SET     128      0.02481    0.0020845     0.082368      0.38163
F6_NULL_0900       SET     128      0.13543     0.011379     0.083439     0.052288
F6_NULL_0901       SET     128    -0.036479   -0.0030649      0.08163      0.67252
F6_NULL_0902       SET     128      0.10414    0.0087499      0.08306      0.10496
F6_NULL_0903       SET     128      0.08369    0.0070315     0.085308      0.16329
F6_NULL_0904       SET     128     0.042249    0.0035497     0.082331      0.30392
F6_NULL_0905       SET     128     0.010757   0.00090376     0.085337      0.44985
F6_NULL_0906       SET     128  -0.00061719  -5.1855e-05     0.086547      0.50284
F6_NULL_0907       SET     128    -0.099875   -0.0083913     0.086382      0.87619
F6_NULL_0908       SET     128     0.047809    0.0040168     0.081436      0.27858
F6_NULL_0909       SET     128     -0.10903   -0.0091608     0.087666       0.8932
F6_NULL_0910       SET     128      0.11809    0.0099213     0.088572      0.09124
F6_NULL_0911       SET     128        0.229      0.01924     0.086076    0.0039058
F6_NULL_0912       SET     128     -0.14578    -0.012248     0.082026      0.96223
F6_NULL_0913       SET     128    0.0028563   0.00023998     0.083849      0.48641
F6_NULL_0914       SET     128     -0.11137   -0.0093573     0.083797      0.90808
F6_NULL_0915       SET     128    0.0065466   0.00055003     0.089193      0.47075
F6_NULL_0916       SET     128     0.011261    0.0009461     0.083574      0.44641
F6_NULL_0917       SET     128    -0.035592   -0.0029904     0.082585      0.66676
F6_NULL_0918       SET     128     -0.10241   -0.0086041     0.086664      0.88132
F6_NULL_0919       SET     128    -0.041188   -0.0034606     0.080976       0.6945
F6_NULL_0920       SET     128    -0.032214   -0.0027066     0.083015      0.65101
F6_NULL_0921       SET     128      0.12854       0.0108     0.086091     0.067718
F6_NULL_0922       SET     128     0.032379    0.0027204     0.084615      0.35099
F6_NULL_0923       SET     128    -0.057226    -0.004808     0.082464      0.75614
F6_NULL_0924       SET     128    -0.019055    -0.001601     0.082995      0.59079
F6_NULL_0925       SET     128     0.052505    0.0044113     0.084043      0.26608
F6_NULL_0926       SET     128    -0.065131   -0.0054721     0.085517      0.77685
F6_NULL_0927       SET     128    -0.013368   -0.0011232     0.082417      0.56443
F6_NULL_0928       SET     128    -0.054763   -0.0046011     0.082651       0.7462
F6_NULL_0929       SET     128      0.18077     0.015188     0.083635     0.015336
F6_NULL_0930       SET     128    -0.014796   -0.0012431     0.084008       0.5699
F6_NULL_0931       SET     128    -0.056441    -0.004742     0.085858      0.74452
F6_NULL_0932       SET     128     0.080642    0.0067754     0.083615      0.16742
F6_NULL_0933       SET     128      0.02772     0.002329     0.082701      0.36874
F6_NULL_0934       SET     128    -0.057156   -0.0048021     0.084335      0.75102
F6_NULL_0935       SET     128    -0.006641  -0.00055796     0.085752      0.53086
F6_NULL_0936       SET     128     -0.11282   -0.0094791     0.084748      0.90844
F6_NULL_0937       SET     128      0.17789     0.014946     0.081442     0.014479
F6_NULL_0938       SET     128    -0.029047   -0.0024404     0.084658      0.63424
F6_NULL_0939       SET     128    -0.095434   -0.0080181     0.086323      0.86553
F6_NULL_0940       SET     128     0.043855    0.0036846     0.082377      0.29724
F6_NULL_0941       SET     128    -0.058741   -0.0049352     0.087112      0.74994
F6_NULL_0942       SET     128     0.020214    0.0016983     0.082111      0.40277
F6_NULL_0943       SET     128    -0.080407   -0.0067557     0.087771      0.82019
F6_NULL_0944       SET     128     -0.10169   -0.0085437     0.085203      0.88366
F6_NULL_0945       SET     128    -0.065973   -0.0055429     0.085302      0.78036
F6_NULL_0946       SET     128    -0.032868   -0.0027615      0.08494       0.6506
F6_NULL_0947       SET     128     0.052431    0.0044051      0.08785      0.27532
F6_NULL_0948       SET     128     0.020395    0.0017136     0.083697      0.40374
F6_NULL_0949       SET     128      0.20975     0.017622     0.082486    0.0055023
F6_NULL_0950       SET     128    -0.015084   -0.0012673     0.084971      0.57045
F6_NULL_0951       SET     128     0.056986    0.0047878      0.08742      0.25725
F6_NULL_0952       SET     128    -0.035331   -0.0029684     0.084875      0.66139
F6_NULL_0953       SET     128     0.013669    0.0011485     0.084488      0.43574
F6_NULL_0954       SET     128      0.20255     0.017018     0.085998    0.0092588
F6_NULL_0955       SET     128     0.071926    0.0060431     0.084836      0.19827
F6_NULL_0956       SET     128     0.011351   0.00095369     0.088287      0.44885
F6_NULL_0957       SET     128     0.097012    0.0081507     0.083239      0.12193
F6_NULL_0958       SET     128      0.04958    0.0041656     0.085163      0.28023
F6_NULL_0959       SET     128    -0.023163   -0.0019461      0.08454      0.60795
F6_NULL_0960       SET     128    -0.089828   -0.0075472     0.087262      0.84835
F6_NULL_0961       SET     128     0.057478    0.0048292     0.082785      0.24375
F6_NULL_0962       SET     128     -0.23339    -0.019609     0.084043      0.99725
F6_NULL_0963       SET     128     -0.14599    -0.012266     0.083033      0.96064
F6_NULL_0964       SET     128    -0.075164   -0.0063151     0.084491      0.81316
F6_NULL_0965       SET     128    -0.001656  -0.00013913     0.082375      0.50802
F6_NULL_0966       SET     128       0.1255     0.010544      0.08506     0.070056
F6_NULL_0967       SET     128     0.018435    0.0015489     0.082452      0.41154
F6_NULL_0968       SET     128     -0.10342   -0.0086888     0.084991      0.88815
F6_NULL_0969       SET     128    -0.045583   -0.0038297     0.087675      0.69843
F6_NULL_0970       SET     128     -0.01465   -0.0012309     0.085722      0.56785
F6_NULL_0971       SET     128    -0.010704  -0.00089933      0.08085      0.55266
F6_NULL_0972       SET     128    -0.023428   -0.0019684     0.086529      0.60671
F6_NULL_0973       SET     128     0.018341     0.001541     0.080225      0.40958
F6_NULL_0974       SET     128     -0.22317     -0.01875     0.083527      0.99622
F6_NULL_0975       SET     128    -0.039537   -0.0033218      0.08364      0.68179
F6_NULL_0976       SET     128      0.13613     0.011438     0.085471     0.055619
F6_NULL_0977       SET     128      0.10246    0.0086087     0.085265      0.11475
F6_NULL_0978       SET     128   -0.0012975  -0.00010901     0.087638      0.50591
F6_NULL_0979       SET     128    -0.091146   -0.0076579     0.083553      0.86233
F6_NULL_0980       SET     128    -0.034543   -0.0029023     0.084132      0.65931
F6_NULL_0981       SET     128     0.049114    0.0041265      0.08171       0.2739
F6_NULL_0982       SET     128     -0.08102   -0.0068071       0.0834      0.83433
F6_NULL_0983       SET     128      0.12133     0.010194     0.087873      0.08368
F6_NULL_0984       SET     128     0.019547    0.0016423     0.084195      0.40821
F6_NULL_0985       SET     128     -0.07198   -0.0060476     0.080326      0.81489
F6_NULL_0986       SET     128    -0.029227   -0.0024556     0.082366      0.63864
F6_NULL_0987       SET     128    -0.065304   -0.0054867     0.088794      0.76896
F6_NULL_0988       SET     128    -0.038684   -0.0032501     0.087844      0.67016
F6_NULL_0989       SET     128    -0.022197   -0.0018649     0.087649      0.59996
F6_NULL_0990       SET     128    -0.086229   -0.0072448     0.084801      0.84538
F6_NULL_0991       SET     128    -0.068011   -0.0057142     0.085201      0.78763
F6_NULL_0992       SET     128    -0.044113   -0.0037062     0.087684      0.69255
F6_NULL_0993       SET     128     -0.07936   -0.0066677     0.086534      0.82045
F6_NULL_0994       SET     128   0.00029769   2.5011e-05     0.084987       0.4986
F6_NULL_0995       SET     128    -0.071528   -0.0060096     0.084027      0.80268
F6_NULL_0996       SET     128     0.019903    0.0016722     0.082765      0.40498
F6_NULL_0997       SET     128      0.06652    0.0055888     0.084591      0.21583
F6_NULL_0998       SET     128     0.017853       0.0015      0.08481      0.41664
F6_NULL_0999       SET     128    -0.008874  -0.00074557     0.082669      0.54274
F6_NULL_1000       SET     128     0.042369    0.0035598     0.081409      0.30138
F6_NULL_1001       SET     128     0.064828    0.0054467     0.083782      0.21954
F6_NULL_1002       SET     128      0.02206    0.0018534     0.085241       0.3979
F6_NULL_1003       SET     128      0.07133     0.005993     0.083869      0.19753
F6_NULL_1004       SET     128     -0.14316    -0.012028     0.082922      0.95786
F6_NULL_1005       SET     128      0.01937    0.0016274     0.083994      0.40881
F6_NULL_1006       SET     128     0.015245    0.0012809      0.08393      0.42793
F6_NULL_1007       SET     128     0.043337    0.0036411     0.083859      0.30265
F6_NULL_1008       SET     128    -0.015995   -0.0013439     0.086096      0.57369
F6_NULL_1009       SET     128    -0.060257   -0.0050627     0.085767      0.75883
F6_NULL_1010       SET     128    0.0056445   0.00047424     0.083412      0.47302
F6_NULL_1011       SET     128      0.14255     0.011977     0.081912     0.040913
F6_NULL_1012       SET     128    -0.039401   -0.0033104     0.085813      0.67693
F6_NULL_1013       SET     128    -0.095592   -0.0080315     0.087217      0.86346
F6_NULL_1014       SET     128     -0.02201   -0.0018493     0.083884      0.60349
F6_NULL_1015       SET     128      0.03839    0.0032255     0.084631      0.32505
F6_NULL_1016       SET     128    -0.068593    -0.005763     0.081468      0.80009
F6_NULL_1017       SET     128     0.079566     0.006685     0.083139      0.16928
F6_NULL_1018       SET     128      0.10238     0.008602     0.086218      0.11752
F6_NULL_1019       SET     128      0.11401    0.0095789     0.087099      0.09528
F6_NULL_1020       SET     128     0.085831    0.0072113     0.083409      0.15174
F6_NULL_1021       SET     128     0.088957     0.007474     0.084659      0.14669
F6_NULL_1022       SET     128    -0.059244   -0.0049776      0.08326      0.76163
F6_NULL_1023       SET     128    -0.054569   -0.0045847     0.086918      0.73493
F6_NULL_1024       SET     128      0.10024    0.0084219     0.086432      0.12308
F6_NULL_1025       SET     128    -0.024262   -0.0020385     0.082016      0.61632
F6_NULL_1026       SET     128     0.091931    0.0077239     0.083305       0.1349
F6_NULL_1027       SET     128    -0.059886   -0.0050315     0.080835       0.7706
F6_NULL_1028       SET     128      0.10252    0.0086134     0.082402      0.10673
F6_NULL_1029       SET     128     -0.12004    -0.010085     0.087598       0.9147
F6_NULL_1030       SET     128     0.053182    0.0044682     0.084089      0.26355
F6_NULL_1031       SET     128    -0.037946   -0.0031881     0.084185      0.67391
F6_NULL_1032       SET     128    -0.032663   -0.0027443     0.086064      0.64785
F6_NULL_1033       SET     128   5.1422e-05   4.3203e-06     0.080979      0.49975
F6_NULL_1034       SET     128     0.047278    0.0039722     0.083042      0.28457
F6_NULL_1035       SET     128     0.084441    0.0070946     0.090687       0.1759
F6_NULL_1036       SET     128    -0.089987   -0.0075605     0.082304      0.86287
F6_NULL_1037       SET     128    -0.020622   -0.0017326     0.082774      0.59837
F6_NULL_1038       SET     128    -0.096615   -0.0081174     0.081713      0.88146
F6_NULL_1039       SET     128     0.077092    0.0064771     0.082152      0.17402
F6_NULL_1040       SET     128    -0.017503   -0.0014706     0.082954      0.58355
F6_NULL_1041       SET     128      0.01288    0.0010822     0.086687      0.44094
F6_NULL_1042       SET     128    -0.082521   -0.0069333     0.086291      0.83054
F6_NULL_1043       SET     128    -0.025131   -0.0021115     0.084099      0.61746
F6_NULL_1044       SET     128      0.02679    0.0022508     0.082646      0.37291
F6_NULL_1045       SET     128    -0.045651   -0.0038355     0.083739      0.70718
F6_NULL_1046       SET     128     0.086922     0.007303     0.082798      0.14691
F6_NULL_1047       SET     128    -0.014633   -0.0012294     0.084615      0.56865
F6_NULL_1048       SET     128    -0.097831   -0.0082195     0.083733      0.87866
F6_NULL_1049       SET     128     0.062033    0.0052119     0.084714      0.23201
F6_NULL_1050       SET     128     0.093275    0.0078368     0.083143      0.13097
F6_NULL_1051       SET     128     0.027958    0.0023489     0.082935      0.36802
F6_NULL_1052       SET     128     0.026494    0.0022259     0.086757      0.38004
F6_NULL_1053       SET     128   0.00059776   5.0222e-05     0.086326      0.49724
F6_NULL_1054       SET     128     0.028088    0.0023599     0.087415      0.37399
F6_NULL_1055       SET     128     0.024464    0.0020554     0.086997      0.38928
F6_NULL_1056       SET     128     0.039405    0.0033107     0.082819      0.31711
F6_NULL_1057       SET     128     0.093127    0.0078243     0.085828      0.13896
F6_NULL_1058       SET     128    0.0085382   0.00071736     0.084987      0.45999
F6_NULL_1059       SET     128     -0.13781    -0.011579     0.086015      0.94543
F6_NULL_1060       SET     128     0.041146     0.003457      0.08483      0.31383
F6_NULL_1061       SET     128    -0.010042   -0.0008437      0.08684      0.54603
F6_NULL_1062       SET     128     -0.04493   -0.0037749     0.086506      0.69825
F6_NULL_1063       SET     128    0.0013728   0.00011534     0.082938       0.4934
F6_NULL_1064       SET     128      0.10843    0.0091104     0.086218      0.10426
F6_NULL_1065       SET     128    -0.014966   -0.0012574     0.081772      0.57261
F6_NULL_1066       SET     128      -0.1108    -0.009309     0.083673      0.90727
F6_NULL_1067       SET     128     0.040325     0.003388     0.079996       0.3071
F6_NULL_1068       SET     128      0.19675     0.016531     0.086448      0.01143
F6_NULL_1069       SET     128    -0.088995   -0.0074771     0.081718      0.86193
F6_NULL_1070       SET     128     0.049694    0.0041752     0.081637      0.27136
F6_NULL_1071       SET     128    0.0079737   0.00066993     0.082282       0.4614
F6_NULL_1072       SET     128    -0.044076   -0.0037032     0.082275      0.70392
F6_NULL_1073       SET     128     0.027088    0.0022759     0.089241      0.38074
F6_NULL_1074       SET     128    -0.041317   -0.0034713     0.081617      0.69365
F6_NULL_1075       SET     128     -0.14964    -0.012572     0.086719      0.95778
F6_NULL_1076       SET     128    -0.058693   -0.0049312     0.084327      0.75678
F6_NULL_1077       SET     128    -0.037636   -0.0031621     0.080007      0.68097
F6_NULL_1078       SET     128    -0.020362   -0.0017107     0.081892      0.59818
F6_NULL_1079       SET     128    -0.082474   -0.0069292     0.086191      0.83068
F6_NULL_1080       SET     128     0.078217    0.0065716     0.087127      0.18467
F6_NULL_1081       SET     128     0.032679    0.0027456     0.084035      0.34869
F6_NULL_1082       SET     128      0.04367    0.0036691     0.084794      0.30327
F6_NULL_1083       SET     128      0.15125     0.012708     0.078499      0.02701
F6_NULL_1084       SET     128    0.0028468   0.00023918     0.085512      0.48672
F6_NULL_1085       SET     128    -0.036237   -0.0030445     0.083865      0.66716
F6_NULL_1086       SET     128     0.020928    0.0017583     0.084212      0.40187
F6_NULL_1087       SET     128     0.048956    0.0041132     0.082262      0.27588
F6_NULL_1088       SET     128     0.079007     0.006638      0.08939       0.1884
F6_NULL_1089       SET     128     0.027231    0.0022879     0.082897      0.37127
F6_NULL_1090       SET     128     0.093854    0.0078854     0.081818      0.12568
F6_NULL_1091       SET     128     0.021703    0.0018234     0.084594      0.39876
F6_NULL_1092       SET     128     0.032299    0.0027137     0.084523      0.35119
F6_NULL_1093       SET     128     -0.10107   -0.0084919      0.08549      0.88144
F6_NULL_1094       SET     128    -0.025591   -0.0021501      0.08373      0.62006
F6_NULL_1095       SET     128      0.11013    0.0092533     0.084216     0.095484
F6_NULL_1096       SET     128     0.090013    0.0075627     0.088516      0.15461
F6_NULL_1097       SET     128    -0.039037   -0.0032798     0.082614      0.68172
F6_NULL_1098       SET     128    -0.059625   -0.0050096     0.086884      0.75372
F6_NULL_1099       SET     128     0.055669    0.0046772      0.08636      0.25959
F6_NULL_1100       SET     128      0.12711      0.01068     0.086979     0.071961
F6_NULL_1101       SET     128     0.011134   0.00093544     0.082509      0.44633
F6_NULL_1102       SET     128    0.0031978   0.00026867     0.088205      0.48554
F6_NULL_1103       SET     128    -0.058031   -0.0048757     0.082444      0.75924
F6_NULL_1104       SET     128    -0.029138   -0.0024481      0.07977      0.64254
F6_NULL_1105       SET     128    -0.040884    -0.003435     0.085699      0.68334
F6_NULL_1106       SET     128     0.036727    0.0030858     0.080762      0.32464
F6_NULL_1107       SET     128    -0.049829   -0.0041865     0.080202      0.73279
F6_NULL_1108       SET     128     0.058832    0.0049429     0.080745      0.23312
F6_NULL_1109       SET     128    -0.052379   -0.0044007     0.082936      0.73616
F6_NULL_1110       SET     128     -0.11258   -0.0094583     0.082813      0.91298
F6_NULL_1111       SET     128      0.02736    0.0022988      0.08757      0.37736
F6_NULL_1112       SET     128      0.19394     0.016294     0.086358     0.012367
F6_NULL_1113       SET     128    -0.027214   -0.0022864     0.082128      0.62981
F6_NULL_1114       SET     128    -0.057025   -0.0047911      0.08561      0.74732
F6_NULL_1115       SET     128    0.0029296   0.00024614     0.087451      0.48664
F6_NULL_1116       SET     128     -0.10959   -0.0092071     0.080587      0.91305
F6_NULL_1117       SET     128    -0.016852   -0.0014158     0.080418      0.58299
F6_NULL_1118       SET     128    -0.035955   -0.0030208     0.085199      0.66349
F6_NULL_1119       SET     128    -0.056397   -0.0047384     0.082953       0.7517
F6_NULL_1120       SET     128      0.03536    0.0029708     0.082634      0.33436
F6_NULL_1121       SET     128     0.003003    0.0002523     0.085743      0.48603
F6_NULL_1122       SET     128     0.053674    0.0045096     0.084518       0.2627
F6_NULL_1123       SET     128     0.080886    0.0067958     0.082503      0.16345
F6_NULL_1124       SET     128      0.11393    0.0095722      0.08937       0.1012
F6_NULL_1125       SET     128      0.11897    0.0099957     0.085494     0.082036
F6_NULL_1126       SET     128    -0.029615   -0.0024882     0.084015      0.63776
F6_NULL_1127       SET     128     0.070832    0.0059512     0.088297      0.21122
F6_NULL_1128       SET     128    -0.046589   -0.0039143     0.085349      0.70742
F6_NULL_1129       SET     128    -0.039217   -0.0032949     0.081494      0.68482
F6_NULL_1130       SET     128    -0.025717   -0.0021607     0.088465      0.61436
F6_NULL_1131       SET     128      0.10909    0.0091651      0.08501     0.099719
F6_NULL_1132       SET     128     0.043716    0.0036729     0.087768      0.30922
F6_NULL_1133       SET     128     0.056937    0.0047837     0.085919      0.25377
F6_NULL_1134       SET     128      0.06465    0.0054318     0.086149       0.2265
F6_NULL_1135       SET     128     0.015505    0.0013027     0.081266      0.42434
F6_NULL_1136       SET     128     -0.12159    -0.010216     0.086372      0.92039
F6_NULL_1137       SET     128     0.070095    0.0058892     0.084134      0.20239
F6_NULL_1138       SET     128     0.075475    0.0063412     0.085357      0.18829
F6_NULL_1139       SET     128     0.062588    0.0052585     0.084095      0.22837
F6_NULL_1140       SET     128     -0.02729   -0.0022928     0.082838      0.62908
F6_NULL_1141       SET     128    -0.077986   -0.0065522      0.08546      0.81925
F6_NULL_1142       SET     128     0.035627    0.0029933     0.079814      0.32767
F6_NULL_1143       SET     128     0.064832    0.0054471     0.087026      0.22815
F6_NULL_1144       SET     128    -0.052863   -0.0044414     0.083231      0.73733
F6_NULL_1145       SET     128      0.12739     0.010703     0.082811     0.061988
F6_NULL_1146       SET     128     -0.11681   -0.0098138     0.080549      0.92648
F6_NULL_1147       SET     128     0.052114    0.0043785     0.088377      0.27771
F6_NULL_1148       SET     128     -0.08974   -0.0075398     0.084318       0.8564
F6_NULL_1149       SET     128     0.044487    0.0037377     0.085253       0.3009
F6_NULL_1150       SET     128      0.06408    0.0053839     0.085187      0.22596
F6_NULL_1151       SET     128      0.10846    0.0091122     0.086112      0.10394
F6_NULL_1152       SET     128    -0.026704   -0.0022436     0.084846      0.62352
F6_NULL_1153       SET     128      0.12135     0.010195     0.083054     0.072012
F6_NULL_1154       SET     128    -0.030287   -0.0025446     0.085347      0.63865
F6_NULL_1155       SET     128    -0.033954   -0.0028527      0.08364      0.65761
F6_NULL_1156       SET     128     -0.10575    -0.008885     0.088001      0.88525
F6_NULL_1157       SET     128   -0.0012169  -0.00010224     0.090139      0.50539
F6_NULL_1158       SET     128    -0.066712    -0.005605     0.085535      0.78228
F6_NULL_1159       SET     128      0.14007     0.011769     0.080316     0.040586
F6_NULL_1160       SET     128     -0.02226   -0.0018702      0.08774      0.60014
F6_NULL_1161       SET     128    -0.062982   -0.0052916     0.084421      0.77217
F6_NULL_1162       SET     128     0.050999    0.0042849     0.085032      0.27434
F6_NULL_1163       SET     128    -0.087031   -0.0073122     0.079126      0.86431
F6_NULL_1164       SET     128    -0.095264   -0.0080039     0.082888      0.87478
F6_NULL_1165       SET     128      0.03045    0.0025583     0.083176      0.35715
F6_NULL_1166       SET     128  -0.00088951  -7.4734e-05     0.083566      0.50425
F6_NULL_1167       SET     128      0.16103      0.01353     0.089615     0.036181
F6_NULL_1168       SET     128    -0.045167   -0.0037948     0.085763      0.70078
F6_NULL_1169       SET     128    -0.033935   -0.0028511     0.081457      0.66151
F6_NULL_1170       SET     128     0.034492     0.002898     0.082106      0.33721
F6_NULL_1171       SET     128    -0.096903   -0.0081416     0.081642      0.88236
F6_NULL_1172       SET     128      0.10158    0.0085345     0.085485      0.11737
F6_NULL_1173       SET     128     -0.11452   -0.0096218      0.08633      0.90766
F6_NULL_1174       SET     128     0.035521    0.0029844     0.080616      0.32975
F6_NULL_1175       SET     128     0.068336    0.0057414     0.080843      0.19898
F6_NULL_1176       SET     128      0.10161    0.0085372     0.083331      0.11136
F6_NULL_1177       SET     128     -0.13298    -0.011173     0.083429      0.94452
F6_NULL_1178       SET     128    -0.019535   -0.0016413     0.083594      0.59238
F6_NULL_1179       SET     128     0.019202    0.0016133     0.082976       0.4085
F6_NULL_1180       SET     128    0.0056738    0.0004767     0.083815      0.47301
F6_NULL_1181       SET     128     -0.04856   -0.0040799     0.085709      0.71449
F6_NULL_1182       SET     128     -0.18646    -0.015666     0.084909      0.98595
F6_NULL_1183       SET     128     0.011144    0.0009363     0.081278      0.44547
F6_NULL_1184       SET     128     -0.07422   -0.0062358     0.085696      0.80677
F6_NULL_1185       SET     128    -0.097048   -0.0081538     0.086842      0.86811
F6_NULL_1186       SET     128    -0.062812   -0.0052773     0.080417      0.78261
F6_NULL_1187       SET     128    -0.011328  -0.00095171     0.087548      0.55147
F6_NULL_1188       SET     128    -0.029977   -0.0025186     0.087202      0.63449
F6_NULL_1189       SET     128     -0.10666   -0.0089615     0.081952      0.90345
F6_NULL_1190       SET     128     0.035227    0.0029597     0.086344      0.34165
F6_NULL_1191       SET     128    -0.029441   -0.0024736     0.087126      0.63228
F6_NULL_1192       SET     128     0.022353    0.0018781     0.084362      0.39552
F6_NULL_1193       SET     128     0.046782    0.0039305      0.08305      0.28662
F6_NULL_1194       SET     128     0.056288    0.0047292     0.086882      0.25854
F6_NULL_1195       SET     128     0.087955    0.0073898     0.085235      0.15106
F6_NULL_1196       SET     128   -0.0057769  -0.00048536     0.083709      0.52751
F6_NULL_1197       SET     128     0.084531    0.0071021     0.081831      0.15081
F6_NULL_1198       SET     128    -0.052961   -0.0044497     0.085415      0.73238
F6_NULL_1199       SET     128     0.054326    0.0045644     0.080547      0.25001
F6_NULL_1200       SET     128     0.098321    0.0082607     0.082085      0.11551
F6_NULL_1201       SET     128     0.018094    0.0015202     0.084294      0.41502
F6_NULL_1202       SET     128       0.1197     0.010057     0.084692     0.078792
F6_NULL_1203       SET     128    -0.056693   -0.0047632     0.086079      0.74492
F6_NULL_1204       SET     128     -0.10485   -0.0088096     0.085891      0.88891
F6_NULL_1205       SET     128   -0.0017052  -0.00014327     0.079657      0.50854
F6_NULL_1206       SET     128    -0.031909   -0.0026809     0.083887      0.64817
F6_NULL_1207       SET     128     0.023758    0.0019961     0.083713      0.38828
F6_NULL_1208       SET     128      0.12341     0.010369     0.081228     0.064345
F6_NULL_1209       SET     128     0.033558    0.0028194     0.083661      0.34417
F6_NULL_1210       SET     128    -0.072089   -0.0060568     0.083809      0.80514
F6_NULL_1211       SET     128      0.18435     0.015488     0.087288     0.017354
F6_NULL_1212       SET     128     0.036334    0.0030527     0.083628      0.33198
F6_NULL_1213       SET     128     0.020394    0.0017135     0.090405      0.41076
F6_NULL_1214       SET     128     -0.05898   -0.0049554     0.084141      0.75833
F6_NULL_1215       SET     128    -0.096679   -0.0081228     0.084075       0.8749
F6_NULL_1216       SET     128    -0.064818   -0.0054459     0.088346      0.76842
F6_NULL_1217       SET     128     0.080798    0.0067884     0.083687      0.16716
F6_NULL_1218       SET     128    -0.056842   -0.0047758     0.080421      0.76015
F6_NULL_1219       SET     128    -0.065342   -0.0054899     0.085918      0.77652
F6_NULL_1220       SET     128    -0.091082   -0.0076525     0.086497      0.85382
F6_NULL_1221       SET     128    0.0083764   0.00070377     0.080675      0.45865
F6_NULL_1222       SET     128     0.029469    0.0024759     0.087619      0.36831
F6_NULL_1223       SET     128      0.11347    0.0095333      0.08369     0.087589
F6_NULL_1224       SET     128     0.046829    0.0039345     0.080788      0.28108
F6_NULL_1225       SET     128      0.13216     0.011104     0.088076     0.066745
F6_NULL_1226       SET     128    -0.018335   -0.0015404     0.085764      0.58464
F6_NULL_1227       SET     128     0.029259    0.0024583     0.084138      0.36402
F6_NULL_1228       SET     128     -0.07718   -0.0064845     0.084744      0.81878
F6_NULL_1229       SET     128     0.054492    0.0045783     0.085558       0.2621
F6_NULL_1230       SET     128    0.0057234   0.00048086     0.086006      0.47347
F6_NULL_1231       SET     128   -0.0049248  -0.00041377     0.082969      0.52367
F6_NULL_1232       SET     128     0.024818    0.0020851      0.08352      0.38318
F6_NULL_1233       SET     128    -0.030288   -0.0025447     0.087239      0.63577
F6_NULL_1234       SET     128    -0.026764   -0.0022487     0.085379      0.62304
F6_NULL_1235       SET     128     0.068516    0.0057566     0.085015      0.21015
F6_NULL_1236       SET     128      0.10025    0.0084228     0.080239      0.10577
F6_NULL_1237       SET     128     0.010929   0.00091824     0.081589      0.44672
F6_NULL_1238       SET     128    -0.089512   -0.0075206     0.083615       0.8578
F6_NULL_1239       SET     128    -0.010637  -0.00089366     0.078512      0.55388
F6_NULL_1240       SET     128      0.11632    0.0097729     0.084659     0.084733
F6_NULL_1241       SET     128    -0.033592   -0.0028223     0.084411      0.65466
F6_NULL_1242       SET     128   -0.0065673  -0.00055177     0.086824      0.53015
F6_NULL_1243       SET     128    -0.037422   -0.0031441     0.083858      0.67229
F6_NULL_1244       SET     128    0.0036005   0.00030251     0.085068      0.48312
F6_NULL_1245       SET     128    -0.082193   -0.0069056     0.080443      0.84654
F6_NULL_1246       SET     128     -0.10745   -0.0090273     0.086882      0.89189
F6_NULL_1247       SET     128     -0.11368   -0.0095511     0.087825      0.90223
F6_NULL_1248       SET     128     0.044874    0.0037702     0.084332      0.29733
F6_NULL_1249       SET     128     -0.10728   -0.0090134     0.084997      0.89655
F6_NULL_1250       SET     128     0.016699     0.001403     0.089828      0.42626
F6_NULL_1251       SET     128    -0.026051   -0.0021888      0.08709      0.61758
F6_NULL_1252       SET     128     -0.10286   -0.0086423     0.083857      0.89001
F6_NULL_1253       SET     128     0.030429    0.0025566     0.084871      0.35998
F6_NULL_1254       SET     128     0.078905    0.0066295     0.084252       0.1745
F6_NULL_1255       SET     128     0.066988    0.0056282     0.085627      0.21702
F6_NULL_1256       SET     128      0.04563    0.0038337     0.084696      0.29503
F6_NULL_1257       SET     128    -0.014088   -0.0011837     0.085624      0.56534
F6_NULL_1258       SET     128     0.069661    0.0058527     0.084592      0.20512
F6_NULL_1259       SET     128      0.06347    0.0053326     0.083386      0.22329
F6_NULL_1260       SET     128     0.028692    0.0024106     0.085909       0.3692
F6_NULL_1261       SET     128     0.013948    0.0011719     0.088317      0.43726
F6_NULL_1262       SET     128     0.060279    0.0050645     0.083205       0.2344
F6_NULL_1263       SET     128     0.058122    0.0048833     0.080535      0.23524
F6_NULL_1264       SET     128     0.067564    0.0056766     0.086519      0.21743
F6_NULL_1265       SET     128   0.00093838   7.8841e-05     0.083077      0.49549
F6_NULL_1266       SET     128      0.04142      0.00348     0.085509      0.31405
F6_NULL_1267       SET     128    -0.057591   -0.0048387     0.083076      0.75592
F6_NULL_1268       SET     128    -0.052473   -0.0044086     0.086043      0.72901
F6_NULL_1269       SET     128     0.011381   0.00095624     0.089166      0.44922
F6_NULL_1270       SET     128      0.12654     0.010632     0.084741     0.067692
F6_NULL_1271       SET     128       -0.191    -0.016048     0.084384      0.98819
F6_NULL_1272       SET     128    -0.053939   -0.0045319     0.080486      0.74862
F6_NULL_1273       SET     128    -0.055117   -0.0046308     0.082106      0.74898
F6_NULL_1274       SET     128      0.12728     0.010694     0.081625     0.059474
F6_NULL_1275       SET     128    -0.067075   -0.0056355      0.08223      0.79266
F6_NULL_1276       SET     128   0.00023027   1.9347e-05     0.085017      0.49892
F6_NULL_1277       SET     128      0.12801     0.010755     0.087276     0.071236
F6_NULL_1278       SET     128      0.11308    0.0095009     0.087145     0.097217
F6_NULL_1279       SET     128     0.067323    0.0056564     0.081182      0.20348
F6_NULL_1280       SET     128     0.047825    0.0040181     0.087184      0.29166
F6_NULL_1281       SET     128     0.000101   8.4859e-06     0.083832      0.49952
F6_NULL_1282       SET     128     0.013241    0.0011125     0.091277      0.44233
F6_NULL_1283       SET     128     0.074404    0.0062512     0.082312      0.18302
F6_NULL_1284       SET     128     0.088349    0.0074229     0.085451      0.15059
F6_NULL_1285       SET     128     0.072214    0.0060672      0.08656      0.20207
F6_NULL_1286       SET     128     0.092414    0.0077645     0.085483      0.13984
F6_NULL_1287       SET     128     0.077651     0.006524     0.085173      0.18098
F6_NULL_1288       SET     128     0.025394    0.0021335     0.083228      0.38014
F6_NULL_1289       SET     128    -0.018817   -0.0015809     0.083628      0.58901
F6_NULL_1290       SET     128     0.033788    0.0028388     0.084728      0.34503
F6_NULL_1291       SET     128     0.075168    0.0063154     0.086579      0.19265
F6_NULL_1292       SET     128    -0.044757   -0.0037604     0.083017       0.7051
F6_NULL_1293       SET     128    -0.026781   -0.0022501     0.084099      0.62492
F6_NULL_1294       SET     128    -0.054841   -0.0046077     0.087524      0.73453
F6_NULL_1295       SET     128    -0.016054   -0.0013488     0.084722      0.57514
F6_NULL_1296       SET     128      0.10315    0.0086661     0.082747      0.10629
F6_NULL_1297       SET     128     0.023039    0.0019357     0.085117      0.39332
F6_NULL_1298       SET     128     0.011998     0.001008     0.083074      0.44258
F6_NULL_1299       SET     128    -0.039484   -0.0033173       0.0841      0.68063
F6_NULL_1300       SET     128     -0.14613    -0.012277     0.082241      0.96219
F6_NULL_1301       SET     128    -0.054037   -0.0045401     0.081699      0.74582
F6_NULL_1302       SET     128     -0.05171   -0.0043445     0.082656      0.73421
F6_NULL_1303       SET     128    -0.034589   -0.0029061     0.083654      0.66037
F6_NULL_1304       SET     128     0.098818    0.0083025     0.085945      0.12512
F6_NULL_1305       SET     128    -0.020734    -0.001742     0.082126      0.59966
F6_NULL_1306       SET     128     0.075793     0.006368     0.085595      0.18795
F6_NULL_1307       SET     128     0.019802    0.0016637      0.08294      0.40565
F6_NULL_1308       SET     128     0.099295    0.0083425     0.083743      0.11788
F6_NULL_1309       SET     128      0.07791    0.0065458      0.08795      0.18786
F6_NULL_1310       SET     128      0.13197     0.011088      0.08474     0.059706
F6_NULL_1311       SET     128     -0.02138   -0.0017963     0.085698       0.5985
F6_NULL_1312       SET     128      0.14738     0.012383     0.080463     0.033507
F6_NULL_1313       SET     128    -0.027199   -0.0022852     0.086851      0.62292
F6_NULL_1314       SET     128     -0.12864    -0.010808     0.084218      0.93667
F6_NULL_1315       SET     128      0.11275    0.0094734     0.085986     0.094884
F6_NULL_1316       SET     128     0.079498    0.0066793     0.086851      0.18001
F6_NULL_1317       SET     128    -0.011296  -0.00094907     0.082593      0.55439
F6_NULL_1318       SET     128      0.13168     0.011063     0.083596     0.057617
F6_NULL_1319       SET     128      0.11704    0.0098332     0.082541     0.078114
F6_NULL_1320       SET     128    -0.099333   -0.0083457     0.081543      0.88841
F6_NULL_1321       SET     128     0.006012   0.00050512     0.086926      0.47243
F6_NULL_1322       SET     128     -0.06503   -0.0054637     0.083191       0.7828
F6_NULL_1323       SET     128     0.013783     0.001158     0.085092      0.43566
F6_NULL_1324       SET     128    -0.039216   -0.0032949     0.083944      0.67981
F6_NULL_1325       SET     128      0.17884     0.015025     0.082259     0.014856
F6_NULL_1326       SET     128    -0.091071   -0.0076516     0.086379      0.85412
F6_NULL_1327       SET     128     0.075147    0.0063137     0.085247      0.18902
F6_NULL_1328       SET     128      0.14153     0.011891     0.087741     0.053382
F6_NULL_1329       SET     128     0.091052      0.00765     0.087179      0.14815
F6_NULL_1330       SET     128     0.085131    0.0071525     0.085242      0.15898
F6_NULL_1331       SET     128     -0.05851   -0.0049159     0.084835       0.7548
F6_NULL_1332       SET     128    -0.014758   -0.0012399      0.08055      0.57268
F6_NULL_1333       SET     128    -0.041218    -0.003463     0.086278      0.68358
F6_NULL_1334       SET     128   0.00030917   2.5976e-05     0.085334      0.49855
F6_NULL_1335       SET     128   -0.0013915  -0.00011691     0.084172      0.50659
F6_NULL_1336       SET     128    -0.030013   -0.0025216     0.083501      0.64036
F6_NULL_1337       SET     128     0.037825     0.003178     0.086932      0.33174
F6_NULL_1338       SET     128     0.070218    0.0058995     0.083633      0.20057
F6_NULL_1339       SET     128   -0.0068139  -0.00057249     0.084014      0.53232
F6_NULL_1340       SET     128     0.039566    0.0033243     0.081433      0.31353
F6_NULL_1341       SET     128    -0.001116  -9.3766e-05     0.087837      0.50507
F6_NULL_1342       SET     128    -0.011656   -0.0009793     0.085856      0.55399
F6_NULL_1343       SET     128     0.056088    0.0047124     0.085511      0.25594
F6_NULL_1344       SET     128   -0.0055023  -0.00046229     0.084944      0.52582
F6_NULL_1345       SET     128      0.10609    0.0089136     0.082913      0.10036
F6_NULL_1346       SET     128    -0.016989   -0.0014274     0.084029      0.58011
F6_NULL_1347       SET     128      0.12224      0.01027     0.087086      0.08022
F6_NULL_1348       SET     128   -0.0085454  -0.00071796     0.080381      0.54233
F6_NULL_1349       SET     128     0.082584    0.0069385     0.087278      0.17203
F6_NULL_1350       SET     128     -0.11112    -0.009336     0.084792      0.90498
F6_NULL_1351       SET     128     -0.10685   -0.0089771     0.084294      0.89751
F6_NULL_1352       SET     128     0.035019    0.0029422     0.085108      0.34037
F6_NULL_1353       SET     128     0.023291    0.0019568     0.082651      0.38905
F6_NULL_1354       SET     128    -0.014423   -0.0012117     0.081755      0.57001
F6_NULL_1355       SET     128    -0.067472   -0.0056689     0.085805      0.78416
F6_NULL_1356       SET     128     -0.13394    -0.011253     0.084803      0.94287
F6_NULL_1357       SET     128     0.047545    0.0039947     0.086082      0.29037
F6_NULL_1358       SET     128     0.067643    0.0056832     0.082197      0.20528
F6_NULL_1359       SET     128   -0.0036778    -0.000309     0.082511      0.51778
F6_NULL_1360       SET     128    -0.064027   -0.0053794     0.081706      0.78336
F6_NULL_1361       SET     128      0.10803    0.0090769     0.086491      0.10583
F6_NULL_1362       SET     128    -0.028864   -0.0024251     0.086547      0.63062
F6_NULL_1363       SET     128     -0.02688   -0.0022584     0.085248      0.62374
F6_NULL_1364       SET     128      -0.1103   -0.0092675     0.082208      0.91016
F6_NULL_1365       SET     128      0.10775    0.0090529     0.081119      0.09205
F6_NULL_1366       SET     128     0.032684    0.0027461     0.082891      0.34668
F6_NULL_1367       SET     128      0.11412    0.0095881      0.09087      0.10459
F6_NULL_1368       SET     128      0.15554     0.013068     0.087257     0.037338
F6_NULL_1369       SET     128      0.16393     0.013773     0.081753     0.022477
F6_NULL_1370       SET     128    0.0040126   0.00033713     0.086023       0.4814
F6_NULL_1371       SET     128      0.12702     0.010672     0.089414     0.077731
F6_NULL_1372       SET     128     0.038396    0.0032259      0.08379      0.32339
F6_NULL_1373       SET     128      0.12843      0.01079     0.084075     0.063326
F6_NULL_1374       SET     128    -0.021743   -0.0018268     0.083417      0.60282
F6_NULL_1375       SET     128    -0.061067   -0.0051307      0.08927      0.75303
F6_NULL_1376       SET     128     0.024594    0.0020663     0.085091      0.38628
F6_NULL_1377       SET     128      0.01069   0.00089814     0.084837      0.44986
F6_NULL_1378       SET     128    -0.020468   -0.0017197     0.083431       0.5969
F6_NULL_1379       SET     128   -0.0028688  -0.00024103     0.083194      0.51375
F6_NULL_1380       SET     128    -0.038851   -0.0032642     0.083393      0.67935
F6_NULL_1381       SET     128     0.015869    0.0013332      0.08441      0.42544
F6_NULL_1382       SET     128    -0.011615  -0.00097584     0.085496      0.55403
F6_NULL_1383       SET     128     0.033703    0.0028316     0.082466      0.34139
F6_NULL_1384       SET     128    -0.053091   -0.0044606     0.083028      0.73873
F6_NULL_1385       SET     128    -0.017255   -0.0014497     0.083696      0.58166
F6_NULL_1386       SET     128     0.050338    0.0042293     0.086508      0.28032
F6_NULL_1387       SET     128       0.1029    0.0086456     0.083118      0.10786
F6_NULL_1388       SET     128      0.10228    0.0085931     0.088419       0.1237
F6_NULL_1389       SET     128   -0.0083705  -0.00070327     0.084539      0.53944
F6_NULL_1390       SET     128       0.1132    0.0095106     0.088256     0.099823
F6_NULL_1391       SET     128    -0.090803   -0.0076291     0.088803      0.84673
F6_NULL_1392       SET     128   -0.0096802  -0.00081331      0.08304       0.5464
F6_NULL_1393       SET     128     0.028341    0.0023811     0.083461      0.36709
F6_NULL_1394       SET     128      0.14074     0.011824     0.084993     0.048885
F6_NULL_1395       SET     128     -0.10859   -0.0091235      0.08487      0.89963
F6_NULL_1396       SET     128    -0.067594   -0.0056791     0.084388      0.78843
F6_NULL_1397       SET     128     0.047342    0.0039776     0.083368      0.28507
F6_NULL_1398       SET     128     0.042113    0.0035382     0.083113      0.30619
F6_NULL_1399       SET     128      0.19951     0.016763     0.089743     0.013108
F6_NULL_1400       SET     128     0.083033    0.0069763     0.087668      0.17179
F6_NULL_1401       SET     128     0.038175    0.0032073     0.085709      0.32802
F6_NULL_1402       SET     128    0.0081376   0.00068371     0.088021      0.46317
F6_NULL_1403       SET     128      0.07918    0.0066525      0.08414      0.17335
F6_NULL_1404       SET     128     0.026084    0.0021915     0.080448      0.37288
F6_NULL_1405       SET     128     0.034515    0.0028999     0.083609      0.33987
F6_NULL_1406       SET     128    -0.042899   -0.0036043     0.080527      0.70288
F6_NULL_1407       SET     128     0.084806    0.0071252     0.089398      0.17141
F6_NULL_1408       SET     128    -0.013704   -0.0011514     0.082146      0.56625
F6_NULL_1409       SET     128    -0.028917   -0.0024295     0.083366      0.63565
F6_NULL_1410       SET     128     -0.12554    -0.010548     0.084808       0.9306
F6_NULL_1411       SET     128     0.039052    0.0032811     0.087626      0.32792
F6_NULL_1412       SET     128    -0.073752   -0.0061965     0.083481       0.8115
F6_NULL_1413       SET     128    -0.034874     -0.00293     0.082766      0.66325
F6_NULL_1414       SET     128     0.028844    0.0024234     0.082107      0.36268
F6_NULL_1415       SET     128    -0.050785   -0.0042668      0.08122       0.7341
F6_NULL_1416       SET     128     0.065172    0.0054756     0.086234       0.2249
F6_NULL_1417       SET     128    -0.011595  -0.00097419     0.083341      0.55532
F6_NULL_1418       SET     128    -0.044493   -0.0037382     0.085703      0.69817
F6_NULL_1419       SET     128     0.023025    0.0019345     0.083597      0.39149
F6_NULL_1420       SET     128    -0.095968    -0.008063     0.088113      0.86195
F6_NULL_1421       SET     128     -0.06268   -0.0052662     0.081676      0.77858
F6_NULL_1422       SET     128     0.050785    0.0042669     0.088434       0.2829
F6_NULL_1423       SET     128     0.041063      0.00345     0.089016       0.3223
F6_NULL_1424       SET     128    -0.020131   -0.0016914      0.08463      0.59401
F6_NULL_1425       SET     128    -0.089822   -0.0075466     0.079874       0.8696
F6_NULL_1426       SET     128     -0.10493    -0.008816     0.085629      0.88978
F6_NULL_1427       SET     128      0.10851     0.009117     0.082012     0.092906
F6_NULL_1428       SET     128    -0.065592   -0.0055109     0.082996      0.78532
F6_NULL_1429       SET     128    -0.041851   -0.0035162     0.082538      0.69394
F6_NULL_1430       SET     128     0.049787     0.004183     0.084663      0.27825
F6_NULL_1431       SET     128      0.13689     0.011502     0.083788     0.051158
F6_NULL_1432       SET     128     0.021767    0.0018288     0.082339      0.39575
F6_NULL_1433       SET     128    -0.064089   -0.0053846     0.086826      0.76978
F6_NULL_1434       SET     128     0.020644    0.0017345      0.08494      0.40399
F6_NULL_1435       SET     128    0.0012326   0.00010356     0.086572      0.49432
F6_NULL_1436       SET     128    -0.016284   -0.0013681     0.084085      0.57678
F6_NULL_1437       SET     128     -0.12201    -0.010251     0.085788      0.92251
F6_NULL_1438       SET     128     0.010562    0.0008874     0.082405      0.44901
F6_NULL_1439       SET     128    0.0050478    0.0004241     0.081924      0.47543
F6_NULL_1440       SET     128     -0.12052    -0.010126     0.085189      0.92141
F6_NULL_1441       SET     128     0.049691     0.004175     0.081598      0.27127
F6_NULL_1442       SET     128      0.13757     0.011559     0.087981     0.058956
F6_NULL_1443       SET     128    -0.016467   -0.0013835     0.082953      0.57867
F6_NULL_1444       SET     128     0.080921    0.0067988      0.08389      0.16738
F6_NULL_1445       SET     128      0.10513    0.0088327     0.087371      0.11445
F6_NULL_1446       SET     128     -0.10464   -0.0087918     0.084159      0.89313
F6_NULL_1447       SET     128    -0.045485   -0.0038216     0.085547      0.70253
F6_NULL_1448       SET     128     0.021815    0.0018329     0.082291      0.39547
F6_NULL_1449       SET     128     0.039599     0.003327     0.081482      0.31349
F6_NULL_1450       SET     128      0.01177   0.00098885     0.082827       0.4435
F6_NULL_1451       SET     128      0.10685    0.0089771     0.084503      0.10305
F6_NULL_1452       SET     128    -0.079603    -0.006688     0.081665      0.83515
F6_NULL_1453       SET     128    -0.015779   -0.0013257     0.085974      0.57281
F6_NULL_1454       SET     128     0.030462    0.0025594     0.084184      0.35873
F6_NULL_1455       SET     128    -0.038594   -0.0032426     0.082616       0.6798
F6_NULL_1456       SET     128    -0.049953   -0.0041969      0.08346      0.72525
F6_NULL_1457       SET     128   -0.0076661  -0.00064409     0.086315      0.53539
F6_NULL_1458       SET     128   -0.0084388  -0.00070901     0.085568      0.53928
F6_NULL_1459       SET     128    -0.017196   -0.0014447     0.083077      0.58199
F6_NULL_1460       SET     128     0.022914    0.0019252     0.082477      0.39057
F6_NULL_1461       SET     128      0.12804     0.010757      0.08747     0.071636
F6_NULL_1462       SET     128    -0.003005  -0.00025248     0.083951      0.51428
F6_NULL_1463       SET     128       0.0367    0.0030835     0.083715      0.33055
F6_NULL_1464       SET     128      0.14883     0.012504     0.085141     0.040241
F6_NULL_1465       SET     128     0.053317    0.0044796     0.087185      0.27043
F6_NULL_1466       SET     128    -0.076091    -0.006393     0.085218      0.81404
F6_NULL_1467       SET     128    -0.058425   -0.0049087     0.087885       0.7469
F6_NULL_1468       SET     128     0.040128    0.0033715     0.084953      0.31834
F6_NULL_1469       SET     128    -0.068853   -0.0057849     0.084561      0.79224
F6_NULL_1470       SET     128    -0.055818   -0.0046897      0.08434      0.74595
F6_NULL_1471       SET     128     0.032582    0.0027375     0.086271      0.35284
F6_NULL_1472       SET     128      0.12211      0.01026     0.082295     0.068936
F6_NULL_1473       SET     128     0.039127    0.0032874     0.081964      0.31655
F6_NULL_1474       SET     128    -0.056034   -0.0047079      0.08061      0.75651
F6_NULL_1475       SET     128    -0.074498   -0.0062592     0.083967      0.81252
F6_NULL_1476       SET     128     -0.15865     -0.01333     0.087635      0.96487
F6_NULL_1477       SET     128    -0.048515   -0.0040761     0.084293      0.71754
F6_NULL_1478       SET     128    -0.056833    -0.004775     0.083907       0.7509
F6_NULL_1479       SET     128      0.16887     0.014188     0.090827     0.031509
F6_NULL_1480       SET     128    -0.084473   -0.0070972     0.084209      0.84209
F6_NULL_1481       SET     128      0.04302    0.0036144     0.087904      0.31228
F6_NULL_1482       SET     128    -0.082795   -0.0069562     0.084264      0.83708
F6_NULL_1483       SET     128     0.057655    0.0048441     0.085238       0.2494
F6_NULL_1484       SET     128    -0.016283    -0.001368     0.080765      0.57989
F6_NULL_1485       SET     128    -0.052935   -0.0044474     0.084594      0.73426
F6_NULL_1486       SET     128     0.047372    0.0039801      0.08676      0.29253
F6_NULL_1487       SET     128      0.12402      0.01042     0.084928     0.072115
F6_NULL_1488       SET     128     0.089367    0.0075084     0.082636      0.13975
F6_NULL_1489       SET     128     0.037801    0.0031759     0.086315      0.33072
F6_NULL_1490       SET     128     -0.17362    -0.014587     0.084039      0.98057
F6_NULL_1491       SET     128    -0.016281   -0.0013679     0.081741      0.57894
F6_NULL_1492       SET     128     0.018674    0.0015689     0.088916      0.41683
F6_NULL_1493       SET     128     0.067768    0.0056937     0.083546      0.20865
F6_NULL_1494       SET     128     0.042635    0.0035821     0.083309      0.30441
F6_NULL_1495       SET     128   -0.0054714   -0.0004597     0.086136      0.52532
F6_NULL_1496       SET     128     0.063104    0.0053019     0.083662      0.22535
F6_NULL_1497       SET     128   -0.0025813  -0.00021687     0.084136      0.51224
F6_NULL_1498       SET     128   -0.0027795  -0.00023352     0.084099      0.51318
F6_NULL_1499       SET     128    -0.023191   -0.0019485     0.082935      0.61012
F6_NULL_1500       SET     128    -0.033158   -0.0027859     0.083256      0.65478
F6_NULL_1501       SET     128      -0.1272    -0.010687     0.086107      0.93018
F6_NULL_1502       SET     128     0.063581     0.005342     0.086219      0.23043
F6_NULL_1503       SET     128    -0.040574   -0.0034089     0.086982      0.67956
F6_NULL_1504       SET     128    -0.073163    -0.006147     0.082841      0.81142
F6_NULL_1505       SET     128     0.046014     0.003866     0.081152      0.28536
F6_NULL_1506       SET     128     0.025067    0.0021061     0.085747      0.38502
F6_NULL_1507       SET     128    -0.036853   -0.0030963     0.085499      0.66677
F6_NULL_1508       SET     128     0.035739    0.0030027     0.082443      0.33233
F6_NULL_1509       SET     128    -0.038318   -0.0032194     0.082075       0.6797
F6_NULL_1510       SET     128    -0.045329   -0.0038084     0.084536      0.70409
F6_NULL_1511       SET     128     0.046329    0.0038925     0.086133      0.29533
F6_NULL_1512       SET     128      0.11561    0.0097133     0.083881     0.084071
F6_NULL_1513       SET     128    -0.081008   -0.0068061     0.084302       0.8317
F6_NULL_1514       SET     128     0.050757    0.0042645     0.086815       0.2794
F6_NULL_1515       SET     128      0.14178     0.011912     0.087254     0.052102
F6_NULL_1516       SET     128     0.037846    0.0031798      0.08349      0.32517
F6_NULL_1517       SET     128     -0.11923    -0.010018     0.084557      0.92074
F6_NULL_1518       SET     128    -0.054226    -0.004556     0.085612      0.73676
F6_NULL_1519       SET     128     0.077172    0.0064838     0.085085      0.18221
F6_NULL_1520       SET     128     0.041614    0.0034963     0.085945      0.31413
F6_NULL_1521       SET     128     -0.01504   -0.0012637     0.085658      0.56969
F6_NULL_1522       SET     128     0.062788    0.0052753     0.085346      0.23097
F6_NULL_1523       SET     128    -0.082213   -0.0069073     0.083987      0.83617
F6_NULL_1524       SET     128     0.087609    0.0073607     0.084575      0.15014
F6_NULL_1525       SET     128   -0.0074727  -0.00062784     0.083182      0.53579
F6_NULL_1526       SET     128    0.0060741   0.00051033     0.086539      0.47202
F6_NULL_1527       SET     128     0.067587    0.0056785     0.083016      0.20779
F6_NULL_1528       SET     128     0.018068     0.001518     0.084795      0.41564
F6_NULL_1529       SET     128     0.044182    0.0037121     0.083687      0.29877
F6_NULL_1530       SET     128      0.15707     0.013197     0.084357      0.03131
F6_NULL_1531       SET     128     0.030494     0.002562      0.08491      0.35975
F6_NULL_1532       SET     128    0.0073759   0.00061971     0.084948       0.4654
F6_NULL_1533       SET     128    -0.019889    -0.001671     0.084617      0.59291
F6_NULL_1534       SET     128    -0.025738   -0.0021625     0.084268      0.61998
F6_NULL_1535       SET     128       0.1906     0.016014     0.084561     0.012103
F6_NULL_1536       SET     128     0.017332    0.0014562     0.082874      0.41717
F6_NULL_1537       SET     128     -0.11291   -0.0094862     0.083541      0.91172
F6_NULL_1538       SET     128     0.014549    0.0012224     0.081729      0.42936
F6_NULL_1539       SET     128      0.04943     0.004153      0.08363      0.27724
F6_NULL_1540       SET     128     0.067024    0.0056312     0.083072      0.20989
F6_NULL_1541       SET     128    -0.059401   -0.0049907     0.084772      0.75825
F6_NULL_1542       SET     128     -0.05297   -0.0044504     0.082481      0.73963
F6_NULL_1543       SET     128      0.11319      0.00951     0.086278     0.094782
F6_NULL_1544       SET     128   -0.0061358  -0.00051552     0.080801      0.53027
F6_NULL_1545       SET     128    -0.026171   -0.0021989     0.086292      0.61916
F6_NULL_1546       SET     128    -0.080701   -0.0067803     0.080404      0.84223
F6_NULL_1547       SET     128     0.057145    0.0048012      0.08714      0.25599
F6_NULL_1548       SET     128    -0.028252   -0.0023736      0.08587      0.62892
F6_NULL_1549       SET     128    -0.018181   -0.0015275     0.088805      0.58111
F6_NULL_1550       SET     128     0.055481    0.0046614      0.08236      0.25028
F6_NULL_1551       SET     128     0.066286    0.0055692     0.082741      0.21153
F6_NULL_1552       SET     128     0.023517    0.0019759     0.083404      0.38899
F6_NULL_1553       SET     128      0.14185     0.011918     0.084433     0.046483
F6_NULL_1554       SET     128   -0.0040146   -0.0003373     0.084833      0.51887
F6_NULL_1555       SET     128    0.0084936   0.00071362     0.079909      0.45768
F6_NULL_1556       SET     128    -0.034207    -0.002874      0.08836      0.65067
F6_NULL_1557       SET     128    -0.057917   -0.0048661     0.083254      0.75668
F6_NULL_1558       SET     128     -0.13485     -0.01133     0.084115      0.94554
F6_NULL_1559       SET     128      -0.0421   -0.0035372     0.082179      0.69577
F6_NULL_1560       SET     128     -0.11438   -0.0096102     0.088974       0.9007
F6_NULL_1561       SET     128      0.18091       0.0152     0.083804     0.015442
F6_NULL_1562       SET     128     0.037853    0.0031803     0.083132      0.32444
F6_NULL_1563       SET     128     -0.10588   -0.0088962     0.084092        0.896
F6_NULL_1564       SET     128     0.028836    0.0024228     0.080333      0.35982
F6_NULL_1565       SET     128     0.083658    0.0070288     0.082189      0.15437
F6_NULL_1566       SET     128     0.052204    0.0043861     0.083601      0.26617
F6_NULL_1567       SET     128     0.072318     0.006076     0.086234      0.20085
F6_NULL_1568       SET     128     0.053221    0.0044715     0.088709      0.27427
F6_NULL_1569       SET     128      0.12765     0.010725     0.082358     0.060586
F6_NULL_1570       SET     128   -0.0092525  -0.00077737     0.085485      0.54309
F6_NULL_1571       SET     128     0.051227     0.004304     0.081628      0.26515
F6_NULL_1572       SET     128     0.028228    0.0023717     0.087379      0.37333
F6_NULL_1573       SET     128     0.043105    0.0036216     0.082558       0.3008
F6_NULL_1574       SET     128    -0.064758   -0.0054408     0.091464      0.76053
F6_NULL_1575       SET     128    0.0062475    0.0005249     0.086156       0.4711
F6_NULL_1576       SET     128    -0.047707   -0.0040082      0.08219      0.71919
F6_NULL_1577       SET     128   -0.0014042  -0.00011798     0.082156      0.50682
F6_NULL_1578       SET     128     0.090013    0.0075627     0.083696      0.14109
F6_NULL_1579       SET     128   -0.0083866  -0.00070462     0.087293      0.53827
F6_NULL_1580       SET     128    -0.069224    -0.005816     0.085698      0.79038
F6_NULL_1581       SET     128     0.051458    0.0043234     0.081764      0.26456
F6_NULL_1582       SET     128    -0.021388    -0.001797     0.087478      0.59658
F6_NULL_1583       SET     128     -0.10188   -0.0085594     0.083921      0.88761
F6_NULL_1584       SET     128      0.12623     0.010606     0.081294     0.060251
F6_NULL_1585       SET     128    -0.022678   -0.0019054     0.081777      0.60923
F6_NULL_1586       SET     128      0.10305    0.0086576      0.08998      0.12607
F6_NULL_1587       SET     128    -0.074954   -0.0062975     0.086615      0.80658
F6_NULL_1588       SET     128      0.08726    0.0073314     0.085781      0.15453
F6_NULL_1589       SET     128     0.053545    0.0044988     0.082744      0.25878
F6_NULL_1590       SET     128      0.18982     0.015948     0.090981     0.018481
F6_NULL_1591       SET     128     0.073029    0.0061357     0.085283      0.19592
F6_NULL_1592       SET     128    -0.076535   -0.0064303     0.084061      0.81871
F6_NULL_1593       SET     128    -0.017637   -0.0014818     0.084425      0.58274
F6_NULL_1594       SET     128      0.02932    0.0024634     0.084021      0.36356
F6_NULL_1595       SET     128      0.11731    0.0098557     0.087275      0.08947
F6_NULL_1596       SET     128      0.02211    0.0018576     0.083494      0.39558
F6_NULL_1597       SET     128     0.077259    0.0064911     0.083307      0.17687
F6_NULL_1598       SET     128     0.022385    0.0018808     0.085106      0.39627
F6_NULL_1599       SET     128     0.094755    0.0079611     0.086914      0.13782
F6_NULL_1600       SET     128     -0.11055   -0.0092883     0.082845      0.90896
F6_NULL_1601       SET     128    -0.085206   -0.0071588     0.083738      0.84554
F6_NULL_1602       SET     128      0.19555      0.01643     0.083941    0.0099184
F6_NULL_1603       SET     128     0.074921    0.0062947      0.08097      0.17741
F6_NULL_1604       SET     128     0.076208    0.0064028     0.081559      0.17506
F6_NULL_1605       SET     128     0.033633    0.0028258     0.084456      0.34523
F6_NULL_1606       SET     128     -0.11333    -0.009522     0.082673      0.91478
F6_NULL_1607       SET     128      0.17942     0.015074     0.085821     0.018287
F6_NULL_1608       SET     128      0.12266     0.010305     0.082436     0.068398
F6_NULL_1609       SET     128    -0.018251   -0.0015334     0.087401       0.5827
F6_NULL_1610       SET     128       0.1098    0.0092249     0.087272      0.10419
F6_NULL_1611       SET     128     0.001425   0.00011973     0.083347      0.49318
F6_NULL_1612       SET     128    -0.020011   -0.0016813     0.083891      0.59427
F6_NULL_1613       SET     128      0.07486    0.0062896     0.083633      0.18537
F6_NULL_1614       SET     128     0.046785    0.0039307      0.08421      0.28926
F6_NULL_1615       SET     128      0.12148     0.010206     0.084469     0.075205
F6_NULL_1616       SET     128    0.0090721   0.00076222     0.086332      0.45816
F6_NULL_1617       SET     128    -0.064752   -0.0054403     0.088008      0.76906
F6_NULL_1618       SET     128     0.014112    0.0011857     0.084077      0.43335
F6_NULL_1619       SET     128     0.051074    0.0042911      0.08548      0.27509
F6_NULL_1620       SET     128     -0.12401    -0.010419     0.086316      0.92458
F6_NULL_1621       SET     128    -0.094145   -0.0079099     0.082475      0.87316
F6_NULL_1622       SET     128     0.043446    0.0036502      0.08358       0.3016
F6_NULL_1623       SET     128    -0.032205   -0.0027058     0.084688      0.64813
F6_NULL_1624       SET     128    -0.084584   -0.0071066     0.088549      0.83026
F6_NULL_1625       SET     128    -0.041879   -0.0035186     0.086279       0.6863
F6_NULL_1626       SET     128     0.041131    0.0034558     0.083668       0.3115
F6_NULL_1627       SET     128    -0.065706   -0.0055204     0.087213      0.77439
F6_NULL_1628       SET     128      0.13077     0.010987      0.08292       0.0574
F6_NULL_1629       SET     128     0.056016    0.0047064     0.085829        0.257
F6_NULL_1630       SET     128     0.055827    0.0046905     0.087721      0.26226
F6_NULL_1631       SET     128     0.053249    0.0044738     0.084616      0.26458
F6_NULL_1632       SET     128    -0.033999   -0.0028565     0.084715      0.65591
F6_NULL_1633       SET     128    -0.065069    -0.005467     0.085405      0.77693
F6_NULL_1634       SET     128     0.060152    0.0050538     0.082231      0.23224
F6_NULL_1635       SET     128      0.16492     0.013856     0.087112     0.029172
F6_NULL_1636       SET     128     0.030377    0.0025522     0.083974      0.35877
F6_NULL_1637       SET     128     0.076181    0.0064006     0.084258      0.18297
F6_NULL_1638       SET     128    0.0076326   0.00064127     0.086482      0.46484
F6_NULL_1639       SET     128     0.072753    0.0061125     0.083285      0.19119
F6_NULL_1640       SET     128     0.082582    0.0069383     0.085236      0.16631
F6_NULL_1641       SET     128     0.040119    0.0033707     0.084243      0.31696
F6_NULL_1642       SET     128    -0.061689    -0.005183     0.084426      0.76751
F6_NULL_1643       SET     128     0.020382    0.0017124     0.082064      0.40193
F6_NULL_1644       SET     128    -0.022451   -0.0018863     0.086756       0.6021
F6_NULL_1645       SET     128      0.23661     0.019879     0.084443    0.0025422
F6_NULL_1646       SET     128      0.11822    0.0099323     0.084392     0.080645
F6_NULL_1647       SET     128     0.011044   0.00092793      0.08482       0.4482
F6_NULL_1648       SET     128    -0.034221   -0.0028751     0.087238      0.65257
F6_NULL_1649       SET     128     0.068462     0.005752      0.08819      0.21879
F6_NULL_1650       SET     128      0.10638    0.0089379      0.08789      0.11307
F6_NULL_1651       SET     128       0.1064    0.0089396     0.084284      0.10341
F6_NULL_1652       SET     128     0.023837    0.0020027     0.084184      0.38853
F6_NULL_1653       SET     128      0.10186    0.0085584     0.082424      0.10826
F6_NULL_1654       SET     128      0.03139    0.0026373     0.082979      0.35261
F6_NULL_1655       SET     128      0.07948    0.0066778     0.087486      0.18181
F6_NULL_1656       SET     128     0.062985    0.0052919     0.085521      0.23072
F6_NULL_1657       SET     128     0.015026    0.0012624     0.082018      0.42732
F6_NULL_1658       SET     128     0.059365    0.0049877     0.087248      0.24812
F6_NULL_1659       SET     128      0.10629    0.0089302     0.089553      0.11764
F6_NULL_1660       SET     128     0.009719   0.00081657     0.083972      0.45393
F6_NULL_1661       SET     128     0.043558    0.0036596     0.085552      0.30533
F6_NULL_1662       SET     128     0.063234    0.0053127     0.080604      0.21638
F6_NULL_1663       SET     128    -0.071996   -0.0060489     0.082013      0.80998
F6_NULL_1664       SET     128    -0.015195   -0.0012766      0.08894      0.56782
F6_NULL_1665       SET     128    -0.022551   -0.0018947     0.084087      0.60572
F6_NULL_1666       SET     128    -0.094291   -0.0079221     0.084295      0.86833
F6_NULL_1667       SET     128     0.027333    0.0022964     0.083004      0.37097
F6_NULL_1668       SET     128     -0.10928   -0.0091817     0.084567      0.90186
F6_NULL_1669       SET     128     0.031824    0.0026738     0.083355      0.35131
F6_NULL_1670       SET     128     -0.00744   -0.0006251     0.082193      0.53606
F6_NULL_1671       SET     128     0.098568    0.0082814     0.082786      0.11691
F6_NULL_1672       SET     128     0.045201    0.0037977     0.085755      0.29907
F6_NULL_1673       SET     128     0.073522    0.0061772     0.083668      0.18978
F6_NULL_1674       SET     128     0.029797    0.0025035     0.086254      0.36488
F6_NULL_1675       SET     128     0.070876    0.0059549     0.086091      0.20518
F6_NULL_1676       SET     128      0.01771    0.0014879     0.083953      0.41647
F6_NULL_1677       SET     128     -0.03925   -0.0032977     0.082386      0.68311
F6_NULL_1678       SET     128     0.014358    0.0012063     0.081368      0.42997
F6_NULL_1679       SET     128     -0.01298   -0.0010906     0.081891      0.56297
F6_NULL_1680       SET     128     -0.01792   -0.0015056     0.081056      0.58748
F6_NULL_1681       SET     128     0.015953    0.0013403     0.085321      0.42584
F6_NULL_1682       SET     128     0.091004    0.0076459     0.088807      0.15275
F6_NULL_1683       SET     128     0.041143    0.0034567     0.081113        0.306
F6_NULL_1684       SET     128     -0.13127    -0.011029     0.084841      0.93909
F6_NULL_1685       SET     128      0.13457     0.011306     0.082225     0.050869
F6_NULL_1686       SET     128     0.020087    0.0016876     0.081456      0.40261
F6_NULL_1687       SET     128    -0.097055   -0.0081544     0.084642      0.87423
F6_NULL_1688       SET     128    0.0064341   0.00054058     0.085516      0.47001
F6_NULL_1689       SET     128    -0.099839   -0.0083882     0.083011      0.88545
F6_NULL_1690       SET     128    0.0057593   0.00048388     0.087232      0.47368
F6_NULL_1691       SET     128     0.062637    0.0052626     0.080742      0.21895
F6_NULL_1692       SET     128    -0.071992   -0.0060486     0.084616      0.80256
F6_NULL_1693       SET     128    -0.053159   -0.0044663     0.084007      0.73656
F6_NULL_1694       SET     128    -0.020854   -0.0017521     0.086789      0.59494
F6_NULL_1695       SET     128    0.0035683    0.0002998     0.082322      0.48271
F6_NULL_1696       SET     128    -0.013152    -0.001105     0.082349      0.56344
F6_NULL_1697       SET     128    -0.019841    -0.001667     0.082237      0.59532
F6_NULL_1698       SET     128      0.11752    0.0098741     0.086228     0.086457
F6_NULL_1699       SET     128  -0.00072056   -6.054e-05     0.083157      0.50346
F6_NULL_1700       SET     128     -0.01725   -0.0014493     0.083053      0.58227
F6_NULL_1701       SET     128       0.1049    0.0088131     0.081431     0.098854
F6_NULL_1702       SET     128     0.044002    0.0036969     0.086834      0.30617
F6_NULL_1703       SET     128     -0.10526   -0.0088439     0.088155      0.88376
F6_NULL_1704       SET     128    -0.013923   -0.0011698     0.084569      0.56538
F6_NULL_1705       SET     128     0.018167    0.0015263     0.083906       0.4143
F6_NULL_1706       SET     128    -0.020574   -0.0017286     0.084246      0.59647
F6_NULL_1707       SET     128      0.16307     0.013701     0.081851     0.023177
F6_NULL_1708       SET     128     -0.13506    -0.011347     0.085229      0.94347
F6_NULL_1709       SET     128     0.079175    0.0066521     0.084415      0.17415
F6_NULL_1710       SET     128     0.034926    0.0029344     0.085846      0.34207
F6_NULL_1711       SET     128     0.027668    0.0023246     0.077428      0.36042
F6_NULL_1712       SET     128     -0.05692   -0.0047823     0.082794      0.75411
F6_NULL_1713       SET     128   -0.0024381  -0.00020484     0.081065        0.512
F6_NULL_1714       SET     128      0.16159     0.013576     0.085345     0.029163
F6_NULL_1715       SET     128       0.1334     0.011208     0.086992     0.062585
F6_NULL_1716       SET     128      0.13558     0.011391     0.077972     0.041046
F6_NULL_1717       SET     128     0.085477    0.0071816     0.079685      0.14171
F6_NULL_1718       SET     128     0.050439    0.0042378     0.084138      0.27443
F6_NULL_1719       SET     128     -0.03365   -0.0028272     0.083378      0.65674
F6_NULL_1720       SET     128     -0.05585   -0.0046924     0.083222      0.74891
F6_NULL_1721       SET     128    -0.013469   -0.0011316     0.083579      0.56401
F6_NULL_1722       SET     128     0.088687    0.0074513     0.085439      0.14964
F6_NULL_1723       SET     128     0.063088    0.0053005     0.078256      0.21007
F6_NULL_1724       SET     128     0.027339     0.002297     0.085164       0.3741
F6_NULL_1725       SET     128    -0.034616   -0.0029084     0.082108      0.66334
F6_NULL_1726       SET     128     0.029769    0.0025011     0.081907      0.35814
F6_NULL_1727       SET     128     -0.13506    -0.011348      0.08459      0.94482
F6_NULL_1728       SET     128    -0.014194   -0.0011926     0.088631      0.56362
F6_NULL_1729       SET     128    -0.023389   -0.0019651     0.080688      0.61404
F6_NULL_1730       SET     128     -0.14751    -0.012393     0.084701      0.95919
F6_NULL_1731       SET     128     -0.11028   -0.0092655     0.085032      0.90266
F6_NULL_1732       SET     128     0.023997    0.0020161     0.084942      0.38878
F6_NULL_1733       SET     128      0.17227     0.014474     0.087892     0.025004
F6_NULL_1734       SET     128     0.021883    0.0018386     0.088048      0.40186
F6_NULL_1735       SET     128    -0.011796  -0.00099108     0.083178      0.55639
F6_NULL_1736       SET     128     0.035796    0.0030075     0.082758      0.33268
F6_NULL_1737       SET     128    -0.077485   -0.0065101     0.083473      0.82336
F6_NULL_1738       SET     128       0.1257     0.010561     0.086897     0.074028
F6_NULL_1739       SET     128     0.033077     0.002779     0.083319      0.34569
F6_NULL_1740       SET     128     0.038409    0.0032271     0.085233      0.32613
F6_NULL_1741       SET     128     0.086514    0.0072688     0.081879      0.14535
F6_NULL_1742       SET     128     0.022286    0.0018724       0.0813        0.392
F6_NULL_1743       SET     128      0.13657     0.011474     0.080532     0.044969
F6_NULL_1744       SET     128     -0.11145   -0.0093639      0.08781      0.89781
F6_NULL_1745       SET     128    -0.067915   -0.0057061     0.082874      0.79374
F6_NULL_1746       SET     128    -0.025862   -0.0021729     0.084879       0.6197
F6_NULL_1747       SET     128     0.081406    0.0068396     0.083364      0.16441
F6_NULL_1748       SET     128    -0.025551   -0.0021467     0.082475      0.62164
F6_NULL_1749       SET     128     -0.18296    -0.015372     0.085569      0.98374
F6_NULL_1750       SET     128    -0.065365   -0.0054918     0.086898      0.77403
F6_NULL_1751       SET     128    -0.017597   -0.0014784     0.086617      0.58049
F6_NULL_1752       SET     128    -0.029459   -0.0024751     0.085836      0.63427
F6_NULL_1753       SET     128  -0.00048932  -4.1112e-05     0.086121      0.50227
F6_NULL_1754       SET     128     0.032909    0.0027649      0.08524      0.34972
F6_NULL_1755       SET     128   -0.0093602  -0.00078643     0.082839      0.54498
F6_NULL_1756       SET     128     0.061701     0.005184     0.082913      0.22839
F6_NULL_1757       SET     128     0.070352    0.0059108      0.08507      0.20413
F6_NULL_1758       SET     128     0.026538    0.0022296     0.082772      0.37425
F6_NULL_1759       SET     128   -0.0015727  -0.00013214     0.083586      0.50751
F6_NULL_1760       SET     128     0.050896    0.0042762     0.084324      0.27307
F6_NULL_1761       SET     128     0.026204    0.0022016     0.081302      0.37361
F6_NULL_1762       SET     128     0.064567    0.0054248     0.083469      0.21961
F6_NULL_1763       SET     128     0.092347    0.0077588     0.083229       0.1336
F6_NULL_1764       SET     128     0.053306    0.0044786     0.083599      0.26186
F6_NULL_1765       SET     128      0.14575     0.012245     0.083322     0.040139
F6_NULL_1766       SET     128     0.095694      0.00804     0.079599      0.11465
F6_NULL_1767       SET     128     0.031767     0.002669     0.090423      0.36268
F6_NULL_1768       SET     128    -0.012274   -0.0010313     0.083576      0.55838
F6_NULL_1769       SET     128     0.012465    0.0010473     0.086641       0.4428
F6_NULL_1770       SET     128     0.050519    0.0042445     0.085513      0.27734
F6_NULL_1771       SET     128    -0.062486   -0.0052499     0.083716      0.77228
F6_NULL_1772       SET     128      0.01912    0.0016064     0.086432      0.41247
F6_NULL_1773       SET     128     0.067928    0.0057071      0.08345      0.20783
F6_NULL_1774       SET     128    -0.057433   -0.0048254     0.087606      0.74395
F6_NULL_1775       SET     128    -0.095705   -0.0080409     0.086685      0.86521
F6_NULL_1776       SET     128    -0.011848  -0.00099541     0.083911      0.55614
F6_NULL_1777       SET     128     0.062625    0.0052617     0.084063      0.22815
F6_NULL_1778       SET     128     0.023842    0.0020032     0.083202      0.38723
F6_NULL_1779       SET     128     0.061078    0.0051316     0.083334      0.23181
F6_NULL_1780       SET     128     0.061054    0.0051297     0.084333      0.23455
F6_NULL_1781       SET     128     0.054232    0.0045565     0.086544      0.26545
F6_NULL_1782       SET     128     0.029025    0.0024386     0.081936      0.36158
F6_NULL_1783       SET     128    -0.075757    -0.006365     0.081311      0.82425
F6_NULL_1784       SET     128     0.094897    0.0079731     0.086171       0.1354
F6_NULL_1785       SET     128      0.04598    0.0038632     0.083562      0.29107
F6_NULL_1786       SET     128    -0.099584   -0.0083668     0.081061      0.89036
F6_NULL_1787       SET     128     -0.14349    -0.012055     0.085798      0.95276
F6_NULL_1788       SET     128     0.046058    0.0038697     0.088086      0.30053
F6_NULL_1789       SET     128      0.21088     0.017717     0.086217    0.0072297
F6_NULL_1790       SET     128      0.16589     0.013937     0.085213     0.025792
F6_NULL_1791       SET     128    -0.053476    -0.004493     0.083182      0.73985
F6_NULL_1792       SET     128      0.15794      0.01327      0.08223     0.027392
F6_NULL_1793       SET     128    -0.088377   -0.0074252     0.086028      0.84785
F6_NULL_1794       SET     128     -0.12928    -0.010861     0.079336      0.94838
F6_NULL_1795       SET     128     0.026534    0.0022293     0.087974      0.38148
F6_NULL_1796       SET     128    0.0027295   0.00022933     0.086726      0.48745
F6_NULL_1797       SET     128   -0.0030051  -0.00025248     0.082291      0.51456
F6_NULL_1798       SET     128      0.16843     0.014151     0.080409     0.018107
F6_NULL_1799       SET     128     -0.06289   -0.0052839     0.085149      0.76992
F6_NULL_1800       SET     128     -0.11889   -0.0099886     0.083147      0.92361
F6_NULL_1801       SET     128     0.091742     0.007708     0.082285      0.13245
F6_NULL_1802       SET     128   -0.0040717  -0.00034209     0.086677      0.51873
F6_NULL_1803       SET     128     0.050307    0.0042267     0.081382      0.26824
F6_NULL_1804       SET     128      -0.1057   -0.0088806     0.086528      0.88905
F6_NULL_1805       SET     128     0.022453    0.0018865     0.088706      0.40009
F6_NULL_1806       SET     128     0.075951    0.0063812     0.084786      0.18519
F6_NULL_1807       SET     128    -0.045978    -0.003863     0.080772       0.7154
F6_NULL_1808       SET     128    0.0053053   0.00044574     0.084129      0.47486
F6_NULL_1809       SET     128     0.042992    0.0036121      0.08408      0.30456
F6_NULL_1810       SET     128     -0.13431    -0.011284     0.083862      0.94536
F6_NULL_1811       SET     128    -0.058788   -0.0049393     0.082128      0.76294
F6_NULL_1812       SET     128     -0.05304   -0.0044563     0.084759      0.73426
F6_NULL_1813       SET     128     0.097453    0.0081878     0.087573       0.1329
F6_NULL_1814       SET     128    -0.038067   -0.0031983     0.083007      0.67674
F6_NULL_1815       SET     128    -0.098871   -0.0083069     0.089937      0.86418
F6_NULL_1816       SET     128      0.03572    0.0030011     0.082784      0.33306
F6_NULL_1817       SET     128    -0.059206   -0.0049743     0.087203      0.75141
F6_NULL_1818       SET     128     0.055847    0.0046922     0.082193      0.24843
F6_NULL_1819       SET     128     -0.15079    -0.012669     0.087144       0.9582
F6_NULL_1820       SET     128    0.0022986   0.00019313     0.086166      0.48936
F6_NULL_1821       SET     128     0.049752    0.0041801      0.08507      0.27933
F6_NULL_1822       SET     128     0.013773    0.0011572     0.086674      0.43687
F6_NULL_1823       SET     128     0.053686    0.0045106     0.083363      0.25979
F6_NULL_1824       SET     128    -0.093274   -0.0078367     0.087293      0.85735
F6_NULL_1825       SET     128     0.044769    0.0037614     0.085709      0.30072
F6_NULL_1826       SET     128     0.037392    0.0031416     0.087297      0.33421
F6_NULL_1827       SET     128     -0.04688   -0.0039388     0.086218      0.70669
F6_NULL_1828       SET     128        0.056     0.004705     0.083287      0.25068
F6_NULL_1829       SET     128     0.022814    0.0019168     0.085349      0.39462
F6_NULL_1830       SET     128    -0.082013   -0.0068906     0.086841      0.82751
F6_NULL_1831       SET     128       -0.156    -0.013107     0.086062      0.96505
F6_NULL_1832       SET     128     -0.10873   -0.0091354     0.085738      0.89763
F6_NULL_1833       SET     128     0.067495    0.0056708     0.084942      0.21343
F6_NULL_1834       SET     128      0.14178     0.011912     0.085636      0.04891
F6_NULL_1835       SET     128      0.10074    0.0084639     0.085823      0.12025
F6_NULL_1836       SET     128     -0.12198    -0.010249     0.086725      0.92021
F6_NULL_1837       SET     128      0.10609     0.008913      0.08486      0.10564
F6_NULL_1838       SET     128     0.011836   0.00099445     0.083796      0.44384
F6_NULL_1839       SET     128     0.029518    0.0024801     0.078709      0.35382
F6_NULL_1840       SET     128    -0.068582   -0.0057621     0.084994      0.79013
F6_NULL_1841       SET     128     -0.05206   -0.0043739     0.085309      0.72915
F6_NULL_1842       SET     128    -0.054888   -0.0046116     0.086038      0.73824
F6_NULL_1843       SET     128     -0.02707   -0.0022744     0.083002      0.62784
F6_NULL_1844       SET     128    -0.042917   -0.0036058     0.087904       0.6873
F6_NULL_1845       SET     128     -0.10918   -0.0091732     0.087685      0.89346
F6_NULL_1846       SET     128      0.17288     0.014525     0.084539     0.020438
F6_NULL_1847       SET     128     0.017934    0.0015068      0.08408      0.41555
F6_NULL_1848       SET     128    -0.035387   -0.0029731     0.086882       0.6581
F6_NULL_1849       SET     128   -0.0053139  -0.00044646     0.080366      0.52636
F6_NULL_1850       SET     128     -0.19534    -0.016412     0.084973      0.98924
F6_NULL_1851       SET     128    -0.016211    -0.001362      0.08404      0.57648
F6_NULL_1852       SET     128     0.022583    0.0018974     0.085967      0.39639
F6_NULL_1853       SET     128     -0.09396   -0.0078943     0.088504       0.8558
F6_NULL_1854       SET     128     0.063639    0.0053468     0.081365      0.21707
F6_NULL_1855       SET     128    -0.064285   -0.0054011     0.088424      0.76638
F6_NULL_1856       SET     128    -0.066605    -0.005596     0.082627       0.7899
F6_NULL_1857       SET     128     0.036616    0.0030764      0.08178      0.32717
F6_NULL_1858       SET     128       0.0643    0.0054023     0.086607      0.22892
F6_NULL_1859       SET     128     0.055957    0.0047014     0.084717      0.25447
F6_NULL_1860       SET     128     0.011929    0.0010023     0.084321      0.44375
F6_NULL_1861       SET     128      0.14083     0.011832     0.084667     0.048128
F6_NULL_1862       SET     128    -0.065369   -0.0054921     0.083288      0.78372
F6_NULL_1863       SET     128    -0.012282   -0.0010319     0.087928      0.55554
F6_NULL_1864       SET     128    -0.090591   -0.0076113     0.081488      0.86686
F6_NULL_1865       SET     128     0.011205   0.00094142     0.087221      0.44889
F6_NULL_1866       SET     128      0.19699     0.016551     0.082061     0.008191
F6_NULL_1867       SET     128   -0.0083073  -0.00069796     0.086626       0.5382
F6_NULL_1868       SET     128    -0.045877   -0.0038545     0.084509      0.70639
F6_NULL_1869       SET     128     0.073838    0.0062037     0.083458      0.18816
F6_NULL_1870       SET     128    -0.010047  -0.00084416     0.083385      0.54795
F6_NULL_1871       SET     128     0.060871    0.0051142     0.079558      0.22211
F6_NULL_1872       SET     128      0.15286     0.012843     0.083736     0.033975
F6_NULL_1873       SET     128    -0.078808   -0.0066213     0.082746      0.82955
F6_NULL_1874       SET     128      0.10358    0.0087025     0.083786      0.10819
F6_NULL_1875       SET     128     0.040868    0.0034337     0.086129      0.31757
F6_NULL_1876       SET     128    -0.099854   -0.0083895     0.083776      0.88335
F6_NULL_1877       SET     128     0.044424    0.0037324      0.08559      0.30187
F6_NULL_1878       SET     128    -0.084199   -0.0070742     0.080511      0.85217
F6_NULL_1879       SET     128      0.12979     0.010904     0.081583     0.055829
F6_NULL_1880       SET     128     0.018602    0.0015629     0.080637      0.40878
F6_NULL_1881       SET     128     0.020612    0.0017318     0.085657      0.40492
F6_NULL_1882       SET     128    -0.021249   -0.0017853     0.080752      0.60378
F6_NULL_1883       SET     128    0.0063911   0.00053697     0.084803      0.46996
F6_NULL_1884       SET     128     0.039726    0.0033377     0.085292      0.32069
F6_NULL_1885       SET     128     0.091755    0.0077091     0.088212      0.14914
F6_NULL_1886       SET     128     0.076111    0.0063946     0.082453      0.17799
F6_NULL_1887       SET     128      0.06493    0.0054553      0.08518      0.22295
F6_NULL_1888       SET     128    -0.044987   -0.0037797     0.086907      0.69764
F6_NULL_1889       SET     128     0.045138    0.0037924     0.081037      0.28877
F6_NULL_1890       SET     128    -0.010754  -0.00090352     0.080961      0.55283
F6_NULL_1891       SET     128     0.017292    0.0014528     0.085684      0.42003
F6_NULL_1892       SET     128    0.0080507    0.0006764     0.081293      0.46056
F6_NULL_1893       SET     128     0.067893    0.0057043     0.083652      0.20851
F6_NULL_1894       SET     128     -0.14416    -0.012112     0.082309      0.96006
F6_NULL_1895       SET     128    -0.036086   -0.0030319     0.085717      0.66312
F6_NULL_1896       SET     128    -0.051266   -0.0043072     0.085909      0.72466
F6_NULL_1897       SET     128     0.014576    0.0012246     0.083411      0.43064
F6_NULL_1898       SET     128     0.058777    0.0049383     0.085087      0.24485
F6_NULL_1899       SET     128      0.02717    0.0022827     0.086759      0.37708
F6_NULL_1900       SET     128     0.019747    0.0016591     0.080596      0.40323
F6_NULL_1901       SET     128   -0.0038613  -0.00032442     0.087395      0.51762
F6_NULL_1902       SET     128    -0.024413   -0.0020511     0.083419      0.61511
F6_NULL_1903       SET     128    -0.041674   -0.0035014     0.082402      0.69348
F6_NULL_1904       SET     128    -0.080297   -0.0067464     0.083159      0.83287
F6_NULL_1905       SET     128      0.10651    0.0089487     0.081665     0.096086
F6_NULL_1906       SET     128     -0.14624    -0.012287     0.086472      0.95459
F6_NULL_1907       SET     128      0.10265    0.0086248     0.085223       0.1142
F6_NULL_1908       SET     128    0.0073562   0.00061805     0.085351      0.46566
F6_NULL_1909       SET     128      0.15717     0.013205     0.081257      0.02655
F6_NULL_1910       SET     128    -0.010059  -0.00084516     0.085199      0.54699
F6_NULL_1911       SET     128     0.032212    0.0027064     0.085656      0.35344
F6_NULL_1912       SET     128    -0.029016   -0.0024378     0.083794      0.63543
F6_NULL_1913       SET     128   -0.0070183  -0.00058966     0.086041      0.53251
F6_NULL_1914       SET     128      0.11127    0.0093486     0.085269     0.095969
F6_NULL_1915       SET     128     0.033489    0.0028136     0.085095      0.34696
F6_NULL_1916       SET     128    -0.032024   -0.0026906     0.086365       0.6446
F6_NULL_1917       SET     128     -0.11307   -0.0094995     0.084067      0.91067
F6_NULL_1918       SET     128     0.067045     0.005633     0.087747      0.22242
F6_NULL_1919       SET     128    -0.044998   -0.0037806      0.08377      0.70442
F6_NULL_1920       SET     128     -0.05447   -0.0045764     0.085921      0.73694
F6_NULL_1921       SET     128     0.097366    0.0081804     0.084337      0.12416
F6_NULL_1922       SET     128    -0.012378     -0.00104     0.080763      0.56091
F6_NULL_1923       SET     128      -0.0352   -0.0029575      0.08462      0.66129
F6_NULL_1924       SET     128   -0.0077242  -0.00064897     0.082709       0.5372
F6_NULL_1925       SET     128      0.05098    0.0042833     0.079919      0.26177
F6_NULL_1926       SET     128     0.071183    0.0059806     0.084664      0.20024
F6_NULL_1927       SET     128   -0.0045058  -0.00037857     0.086164      0.52085
F6_NULL_1928       SET     128      0.10228    0.0085937     0.085825      0.11668
F6_NULL_1929       SET     128     0.030808    0.0025884     0.080505      0.35098
F6_NULL_1930       SET     128    -0.055836   -0.0046912     0.083524      0.74809
F6_NULL_1931       SET     128    -0.056237   -0.0047249     0.082131      0.75324
F6_NULL_1932       SET     128     0.039951    0.0033566     0.084228      0.31764
F6_NULL_1933       SET     128      0.10326    0.0086755     0.082048      0.10411
F6_NULL_1934       SET     128     -0.23212    -0.019502     0.083566      0.99726
F6_NULL_1935       SET     128     0.022924     0.001926     0.085888      0.39477
F6_NULL_1936       SET     128     0.013563    0.0011395     0.083072      0.43516
F6_NULL_1937       SET     128     0.017163     0.001442      0.08631      0.42119
F6_NULL_1938       SET     128     -0.07935   -0.0066668     0.083539       0.8289
F6_NULL_1939       SET     128    0.0033518   0.00028161     0.084556      0.48419
F6_NULL_1940       SET     128     0.082354    0.0069192     0.086051      0.16928
F6_NULL_1941       SET     128     0.063281    0.0053167     0.088617      0.23759
F6_NULL_1942       SET     128      0.11235    0.0094398     0.082376     0.086305
F6_NULL_1943       SET     128    -0.062445   -0.0052465     0.083807      0.77189
F6_NULL_1944       SET     128   -0.0023713  -0.00019923     0.083399      0.51134
F6_NULL_1945       SET     128    -0.041255   -0.0034661     0.080813      0.69515
F6_NULL_1946       SET     128   0.00096175   8.0804e-05       0.0867      0.49557
F6_NULL_1947       SET     128      0.11625    0.0097673     0.083883     0.082898
F6_NULL_1948       SET     128     0.080284    0.0067453     0.087133      0.17843
F6_NULL_1949       SET     128    -0.035612   -0.0029921     0.082825      0.66639
F6_NULL_1950       SET     128       0.1083    0.0090993     0.076948     0.079652
F6_NULL_1951       SET     128     0.044473    0.0037365     0.080998      0.29148
F6_NULL_1952       SET     128     -0.16356    -0.013742     0.084947       0.9729
F6_NULL_1953       SET     128   -0.0066873  -0.00056185     0.080776      0.53299
F6_NULL_1954       SET     128    -0.039712   -0.0033365     0.081475      0.68701
F6_NULL_1955       SET     128    -0.041492    -0.003486     0.083003      0.69142
F6_NULL_1956       SET     128     0.005327   0.00044757     0.084277       0.4748
F6_NULL_1957       SET     128     0.081732     0.006867     0.086281      0.17175
F6_NULL_1958       SET     128      0.15466     0.012994     0.083431     0.031901
F6_NULL_1959       SET     128     -0.10201   -0.0085711     0.086547      0.88074
F6_NULL_1960       SET     128     0.014891    0.0012511       0.0883      0.43304
F6_NULL_1961       SET     128     0.041359    0.0034749     0.089448      0.32191
F6_NULL_1962       SET     128      0.05611    0.0047142     0.081976      0.24684
F6_NULL_1963       SET     128    -0.085625   -0.0071941     0.085585      0.84145
F6_NULL_1964       SET     128     0.089231     0.007497     0.081346      0.13634
F6_NULL_1965       SET     128      0.16904     0.014202      0.08156     0.019113
F6_NULL_1966       SET     128    -0.037819   -0.0031775     0.080371      0.68102
F6_NULL_1967       SET     128      0.16961      0.01425      0.08377     0.021457
F6_NULL_1968       SET     128     0.023676    0.0019892     0.080929      0.38493
F6_NULL_1969       SET     128     -0.01052  -0.00088387     0.081721      0.55121
F6_NULL_1970       SET     128    -0.024433   -0.0020528     0.083717       0.6148
F6_NULL_1971       SET     128     0.091307    0.0076714     0.082614      0.13454
F6_NULL_1972       SET     128     0.020138     0.001692     0.079947      0.40056
F6_NULL_1973       SET     128   0.00080239   6.7415e-05     0.084046      0.49619
F6_NULL_1974       SET     128     0.041142    0.0034567     0.086537      0.31725
F6_NULL_1975       SET     128   -0.0092938  -0.00078084     0.088153      0.54198
F6_NULL_1976       SET     128     0.053515    0.0044962     0.083303      0.26031
F6_NULL_1977       SET     128     0.085467    0.0071808     0.086265      0.16091
F6_NULL_1978       SET     128    -0.049739   -0.0041789     0.085044      0.72067
F6_NULL_1979       SET     128    -0.053121   -0.0044631     0.085874       0.7319
F6_NULL_1980       SET     128     -0.01974   -0.0016585     0.084863      0.59197
F6_NULL_1981       SET     128     0.049413    0.0041516     0.082798      0.27533
F6_NULL_1982       SET     128    0.0087637   0.00073631     0.082654      0.45778
F6_NULL_1983       SET     128    -0.095077   -0.0079882     0.082334       0.8759
F6_NULL_1984       SET     128      0.18108     0.015214     0.087214     0.018943
F6_NULL_1985       SET     128     -0.11834   -0.0099426     0.085555      0.91669
F6_NULL_1986       SET     128   -0.0092651  -0.00077844     0.088305      0.54178
F6_NULL_1987       SET     128     0.015822    0.0013293     0.085876      0.42691
F6_NULL_1988       SET     128     0.074623    0.0062697       0.0853      0.19084
F6_NULL_1989       SET     128     -0.14182    -0.011916     0.087665      0.94713
F6_NULL_1990       SET     128  -0.00060887  -5.1156e-05     0.085052      0.50286
F6_NULL_1991       SET     128    -0.053071   -0.0044589     0.083147      0.73835
F6_NULL_1992       SET     128     0.072013    0.0060504     0.083949       0.1955
F6_NULL_1993       SET     128     0.076757    0.0064489     0.083219      0.17818
F6_NULL_1994       SET     128     0.026736    0.0022463     0.080699      0.37021
F6_NULL_1995       SET     128       0.1013    0.0085113     0.084626      0.11565
F6_NULL_1996       SET     128    -0.079012   -0.0066384     0.083899      0.82683
F6_NULL_1997       SET     128      0.11354    0.0095396     0.084605     0.089801
F6_NULL_1998       SET     128    -0.021154   -0.0017773      0.08419      0.59919
F6_NULL_1999       SET     128      0.11612    0.0097566     0.087364     0.091898
F7_NULL_0000       SET     203     -0.01031   -0.0010886     0.068412      0.55989
F7_NULL_0001       SET     203    -0.037547   -0.0039644     0.066649       0.7134
F7_NULL_0002       SET     203  -0.00019394  -2.0477e-05     0.067817      0.50114
F7_NULL_0003       SET     203    -0.084491    -0.008921     0.067841       0.8935
F7_NULL_0004       SET     203     -0.19009    -0.020071     0.066669      0.99782
F7_NULL_0005       SET     203    -0.097081     -0.01025     0.065012      0.93231
F7_NULL_0006       SET     203    -0.064608   -0.0068216     0.068987      0.82549
F7_NULL_0007       SET     203     0.045446    0.0047984     0.068567      0.25373
F7_NULL_0008       SET     203     0.030142    0.0031825     0.066507       0.3252
F7_NULL_0009       SET     203    -0.018574   -0.0019611     0.067213      0.60886
F7_NULL_0010       SET     203     0.068642    0.0072475      0.06861      0.15855
F7_NULL_0011       SET     203    -0.038475   -0.0040624     0.067853      0.71465
F7_NULL_0012       SET     203    -0.020049   -0.0021168     0.070531      0.61189
F7_NULL_0013       SET     203     -0.14087    -0.014874      0.06891      0.97953
F7_NULL_0014       SET     203     -0.01496   -0.0015795     0.070955      0.58349
F7_NULL_0015       SET     203    -0.096096    -0.010146     0.068953      0.91828
F7_NULL_0016       SET     203    -0.079057   -0.0083472     0.067199      0.88029
F7_NULL_0017       SET     203     0.031153    0.0032892      0.07013      0.32845
F7_NULL_0018       SET     203    -0.032269   -0.0034071     0.068952       0.6801
F7_NULL_0019       SET     203    0.0039778   0.00041999     0.067454      0.47649
F7_NULL_0020       SET     203    -0.021498   -0.0022698      0.06896      0.62238
F7_NULL_0021       SET     203    -0.027595   -0.0029136     0.068484       0.6565
F7_NULL_0022       SET     203    -0.061755   -0.0065204     0.068091      0.81778
F7_NULL_0023       SET     203     0.012783    0.0013497     0.068014      0.42546
F7_NULL_0024       SET     203     -0.13082    -0.013813     0.066944      0.97465
F7_NULL_0025       SET     203    -0.071377   -0.0075364     0.071065       0.8424
F7_NULL_0026       SET     203    -0.003395  -0.00035846     0.067139      0.52016
F7_NULL_0027       SET     203     0.038689     0.004085     0.069188      0.28802
F7_NULL_0028       SET     203     0.042817    0.0045209     0.068059      0.26464
F7_NULL_0029       SET     203     0.099662     0.010523     0.067886     0.071049
F7_NULL_0030       SET     203     0.015474    0.0016338     0.069415       0.4118
F7_NULL_0031       SET     203     0.069455    0.0073334     0.067521      0.15183
F7_NULL_0032       SET     203     0.055723    0.0058835      0.06683       0.2022
F7_NULL_0033       SET     203     0.084466    0.0089183     0.069759      0.11299
F7_NULL_0034       SET     203    -0.061753   -0.0065201     0.067458      0.82001
F7_NULL_0035       SET     203    -0.032194   -0.0033992     0.066309      0.68634
F7_NULL_0036       SET     203     -0.09536    -0.010069     0.069081      0.91626
F7_NULL_0037       SET     203    -0.028279   -0.0029859     0.068085      0.66106
F7_NULL_0038       SET     203   -0.0018448  -0.00019479     0.065571      0.51122
F7_NULL_0039       SET     203    -0.028222   -0.0029798     0.066637      0.66404
F7_NULL_0040       SET     203    -0.012599   -0.0013303      0.06627      0.57539
F7_NULL_0041       SET     203    -0.028105   -0.0029675     0.068755      0.65864
F7_NULL_0042       SET     203    -0.034406   -0.0036328     0.069332      0.69014
F7_NULL_0043       SET     203    -0.029108   -0.0030733     0.068838      0.66379
F7_NULL_0044       SET     203     0.015044    0.0015884     0.067915      0.41235
F7_NULL_0045       SET     203     -0.04314   -0.0045549     0.068122      0.73672
F7_NULL_0046       SET     203     0.048506    0.0051215     0.067376      0.23579
F7_NULL_0047       SET     203    -0.044951   -0.0047461     0.066487       0.7505
F7_NULL_0048       SET     203    -0.034531    -0.003646     0.069263      0.69095
F7_NULL_0049       SET     203     0.018923     0.001998     0.071065      0.39501
F7_NULL_0050       SET     203     0.051457    0.0054331     0.068473      0.22618
F7_NULL_0051       SET     203     0.092044    0.0097185     0.070375     0.095461
F7_NULL_0052       SET     203    -0.042797   -0.0045188     0.068465      0.73404
F7_NULL_0053       SET     203    -0.019896   -0.0021007     0.069885      0.61206
F7_NULL_0054       SET     203     -0.24897    -0.026288     0.067933      0.99988
F7_NULL_0055       SET     203     -0.13339    -0.014084     0.067228      0.97637
F7_NULL_0056       SET     203     0.054366    0.0057402     0.067804      0.21134
F7_NULL_0057       SET     203    0.0010256   0.00010828     0.067849      0.49397
F7_NULL_0058       SET     203      0.01275    0.0013462     0.068178      0.42583
F7_NULL_0059       SET     203     -0.13533    -0.014289     0.069184      0.97477
F7_NULL_0060       SET     203     0.017899    0.0018899     0.067782      0.39587
F7_NULL_0061       SET     203     0.079471    0.0083909     0.067589      0.11984
F7_NULL_0062       SET     203     -0.14086    -0.014872     0.069863       0.9781
F7_NULL_0063       SET     203    -0.098985    -0.010451     0.067968      0.92734
F7_NULL_0064       SET     203     0.021617    0.0022824     0.066211      0.37203
F7_NULL_0065       SET     203   0.00081986   8.6565e-05     0.067619      0.49516
F7_NULL_0066       SET     203     -0.12432    -0.013127     0.067513      0.96722
F7_NULL_0067       SET     203    -0.025789   -0.0027229     0.066659      0.65057
F7_NULL_0068       SET     203     0.026211    0.0027675     0.070145      0.35433
F7_NULL_0069       SET     203    -0.020805   -0.0021967     0.068595      0.61917
F7_NULL_0070       SET     203     -0.04415   -0.0046616     0.067631      0.74305
F7_NULL_0071       SET     203     0.057239    0.0060436     0.067469      0.19812
F7_NULL_0072       SET     203     -0.02087   -0.0022036     0.065434      0.62512
F7_NULL_0073       SET     203    -0.069386   -0.0073262     0.068829      0.84329
F7_NULL_0074       SET     203    -0.028874   -0.0030486     0.069878      0.66027
F7_NULL_0075       SET     203    -0.014551   -0.0015364     0.068509       0.5841
F7_NULL_0076       SET     203    -0.031075    -0.003281     0.069043      0.67367
F7_NULL_0077       SET     203    -0.060012   -0.0063363     0.068577      0.80923
F7_NULL_0078       SET     203     0.067853    0.0071643     0.067403      0.15705
F7_NULL_0079       SET     203      0.06043    0.0063805     0.068381      0.18843
F7_NULL_0080       SET     203    -0.013674   -0.0014437     0.068016      0.57966
F7_NULL_0081       SET     203    -0.011581   -0.0012227     0.067817      0.56779
F7_NULL_0082       SET     203    -0.055351   -0.0058442     0.070671      0.78325
F7_NULL_0083       SET     203     -0.11533    -0.012177     0.068786      0.95318
F7_NULL_0084       SET     203     0.060822    0.0064219     0.067395      0.18341
F7_NULL_0085       SET     203    -0.088437   -0.0093376     0.067343      0.90544
F7_NULL_0086       SET     203   -0.0080762  -0.00085272      0.06872      0.54678
F7_NULL_0087       SET     203    -0.045708   -0.0048261      0.07055      0.74147
F7_NULL_0088       SET     203     -0.19271    -0.020347     0.069215      0.99731
F7_NULL_0089       SET     203    0.0018611   0.00019651     0.068497      0.48916
F7_NULL_0090       SET     203     0.078881    0.0083287     0.069723      0.12896
F7_NULL_0091       SET     203    -0.045406   -0.0047942     0.066092      0.75396
F7_NULL_0092       SET     203   -0.0073975  -0.00078106     0.066612      0.54421
F7_NULL_0093       SET     203     0.037307    0.0039391     0.067957      0.29151
F7_NULL_0094       SET     203    -0.027814   -0.0029368     0.065628      0.66415
F7_NULL_0095       SET     203    -0.020407   -0.0021547     0.065151      0.62294
F7_NULL_0096       SET     203   -0.0027575  -0.00029115     0.067852      0.51621
F7_NULL_0097       SET     203    -0.044063   -0.0046523     0.070266      0.73469
F7_NULL_0098       SET     203     0.053836    0.0056843     0.067797      0.21358
F7_NULL_0099       SET     203      0.03283    0.0034663     0.069343      0.31795
F7_NULL_0100       SET     203     0.031791    0.0033567      0.06872      0.32182
F7_NULL_0101       SET     203    -0.070814   -0.0074769     0.065137      0.86151
F7_NULL_0102       SET     203    -0.011678    -0.001233     0.067102      0.56908
F7_NULL_0103       SET     203    0.0049063   0.00051803     0.065145      0.46998
F7_NULL_0104       SET     203    -0.035137     -0.00371       0.0691      0.69445
F7_NULL_0105       SET     203    -0.045367   -0.0047901     0.067646      0.74877
F7_NULL_0106       SET     203     -0.07413    -0.007827       0.0686      0.86006
F7_NULL_0107       SET     203   -0.0001053  -1.1118e-05     0.070279       0.5006
F7_NULL_0108       SET     203       0.0338    0.0035688     0.068091      0.30981
F7_NULL_0109       SET     203      0.02967    0.0031327     0.066818      0.32851
F7_NULL_0110       SET     203    -0.045574   -0.0048119     0.066813      0.75241
F7_NULL_0111       SET     203    -0.081551   -0.0086106      0.06783      0.88537
F7_NULL_0112       SET     203    -0.023829    -0.002516     0.068101      0.63679
F7_NULL_0113       SET     203     0.016061    0.0016958     0.071294      0.41088
F7_NULL_0114       SET     203     -0.10031    -0.010591     0.069526      0.92544
F7_NULL_0115       SET     203    -0.046331   -0.0048918     0.068817       0.7496
F7_NULL_0116       SET     203     0.032582    0.0034401     0.066698       0.3126
F7_NULL_0117       SET     203    0.0042014   0.00044361     0.066022      0.47463
F7_NULL_0118       SET     203     0.028917    0.0030532      0.06776      0.33478
F7_NULL_0119       SET     203   -0.0066739  -0.00070466     0.068662      0.53872
F7_NULL_0120       SET     203      0.02296    0.0024242     0.066435      0.36482
F7_NULL_0121       SET     203    -0.023634   -0.0024954     0.068105      0.63571
F7_NULL_0122       SET     203   -0.0065894  -0.00069574     0.067693      0.53877
F7_NULL_0123       SET     203   -0.0040555   -0.0004282     0.068351      0.52366
F7_NULL_0124       SET     203     -0.10812    -0.011415     0.066812      0.94718
F7_NULL_0125       SET     203    -0.031122    -0.003286     0.068193      0.67594
F7_NULL_0126       SET     203     0.022811    0.0024085     0.066224      0.36525
F7_NULL_0127       SET     203      0.10694     0.011292     0.065417     0.051054
F7_NULL_0128       SET     203    0.0035522   0.00037506     0.068971      0.47946
F7_NULL_0129       SET     203     0.043678    0.0046117     0.068828      0.26285
F7_NULL_0130       SET     203    -0.097373    -0.010281     0.068415      0.92266
F7_NULL_0131       SET     203     0.034959    0.0036911        0.069       0.3062
F7_NULL_0132       SET     203     0.053031    0.0055993     0.066762      0.21351
F7_NULL_0133       SET     203     0.032172    0.0033969     0.068041      0.31817
F7_NULL_0134       SET     203    0.0016984   0.00017932     0.067417      0.48995
F7_NULL_0135       SET     203     0.011192    0.0011817      0.06911      0.43568
F7_NULL_0136       SET     203    -0.017684   -0.0018672     0.070489      0.59904
F7_NULL_0137       SET     203     -0.02152   -0.0022722     0.069277      0.62196
F7_NULL_0138       SET     203    -0.020008   -0.0021126     0.068636      0.61467
F7_NULL_0139       SET     203    -0.076047   -0.0080294     0.065688       0.8765
F7_NULL_0140       SET     203   -0.0098008   -0.0010348     0.068196      0.55714
F7_NULL_0141       SET     203  -0.00018329  -1.9353e-05     0.066587       0.5011
F7_NULL_0142       SET     203     -0.12192    -0.012873     0.067348      0.96487
F7_NULL_0143       SET     203     0.023851    0.0025183     0.069965      0.36659
F7_NULL_0144       SET     203    0.0016266   0.00017175       0.0687      0.49056
F7_NULL_0145       SET     203    -0.054516   -0.0057561     0.069575      0.78335
F7_NULL_0146       SET     203    -0.089051   -0.0094024     0.067735      0.90569
F7_NULL_0147       SET     203     0.045013    0.0047526     0.066509      0.24928
F7_NULL_0148       SET     203     0.046079    0.0048652     0.065851      0.24205
F7_NULL_0149       SET     203    -0.096246    -0.010162     0.068197      0.92091
F7_NULL_0150       SET     203    -0.024261   -0.0025616     0.067248      0.64086
F7_NULL_0151       SET     203     0.068823    0.0072666     0.069114      0.15968
F7_NULL_0152       SET     203   -0.0073187  -0.00077274     0.066733      0.54366
F7_NULL_0153       SET     203     0.035796    0.0037795     0.068418      0.30042
F7_NULL_0154       SET     203   -0.0077109  -0.00081416     0.068611      0.54474
F7_NULL_0155       SET     203     0.060771    0.0064165      0.06818      0.18638
F7_NULL_0156       SET     203     0.022767    0.0024038     0.068813      0.37038
F7_NULL_0157       SET     203     0.083631    0.0088302     0.067004        0.106
F7_NULL_0158       SET     203   -0.0023863  -0.00025196     0.068515      0.51389
F7_NULL_0159       SET     203     -0.12507    -0.013206     0.067813      0.96743
F7_NULL_0160       SET     203     -0.15163     -0.01601     0.067765      0.98737
F7_NULL_0161       SET     203     -0.07292   -0.0076992     0.068268      0.85726
F7_NULL_0162       SET     203    -0.014835   -0.0015664     0.065891      0.58907
F7_NULL_0163       SET     203     0.014225    0.0015019      0.06801      0.41716
F7_NULL_0164       SET     203     0.068776    0.0072617     0.066973      0.15224
F7_NULL_0165       SET     203     0.077382    0.0081703     0.067658      0.12638
F7_NULL_0166       SET     203    -0.065677   -0.0069345     0.069344       0.8282
F7_NULL_0167       SET     203      0.14769     0.015594     0.067012     0.013769
F7_NULL_0168       SET     203    -0.015137   -0.0015983     0.064366      0.59296
F7_NULL_0169       SET     203    0.0096324     0.001017     0.069343      0.44476
F7_NULL_0170       SET     203    -0.040461    -0.004272     0.068561      0.72245
F7_NULL_0171       SET     203    -0.037557   -0.0039655     0.066919      0.71268
F7_NULL_0172       SET     203    -0.017693   -0.0018682     0.066062      0.60558
F7_NULL_0173       SET     203    -0.030333   -0.0032027     0.066466      0.67593
F7_NULL_0174       SET     203    -0.077256   -0.0081571     0.066271      0.87814
F7_NULL_0175       SET     203      0.01582    0.0016703     0.067509      0.40736
F7_NULL_0176       SET     203     0.056038    0.0059168     0.067597      0.20356
F7_NULL_0177       SET     203    -0.036592   -0.0038636     0.068434      0.70357
F7_NULL_0178       SET     203    -0.046792   -0.0049405     0.068814      0.75174
F7_NULL_0179       SET     203    -0.065889   -0.0069569     0.068925      0.83045
F7_NULL_0180       SET     203     0.040553    0.0042818     0.069188       0.2789
F7_NULL_0181       SET     203    -0.012294    -0.001298     0.068477      0.57124
F7_NULL_0182       SET     203     -0.10396    -0.010976     0.065754      0.94305
F7_NULL_0183       SET     203    -0.093245   -0.0098453     0.066315      0.92014
F7_NULL_0184       SET     203    -0.037778   -0.0039888     0.066073      0.71626
F7_NULL_0185       SET     203    -0.055714   -0.0058825     0.067829      0.79428
F7_NULL_0186       SET     203    -0.071683   -0.0075686     0.068144      0.85358
F7_NULL_0187       SET     203    -0.085675    -0.009046     0.069693      0.89052
F7_NULL_0188       SET     203     0.021212    0.0022396      0.06938      0.37991
F7_NULL_0189       SET     203    0.0081088   0.00085617     0.068427      0.45284
F7_NULL_0190       SET     203    0.0061977   0.00065439     0.066436      0.46284
F7_NULL_0191       SET     203     0.021523    0.0022726     0.067287      0.37453
F7_NULL_0192       SET     203     0.053368    0.0056348     0.066185      0.21003
F7_NULL_0193       SET     203     0.061215    0.0064633     0.067024      0.18054
F7_NULL_0194       SET     203    -0.085545   -0.0090322     0.067253       0.8983
F7_NULL_0195       SET     203     0.066731    0.0070457     0.067547       0.1616
F7_NULL_0196       SET     203     0.030715     0.003243     0.067648       0.3249
F7_NULL_0197       SET     203    -0.041636   -0.0043962     0.066988      0.73288
F7_NULL_0198       SET     203    -0.083051   -0.0087689     0.066717      0.89339
F7_NULL_0199       SET     203    -0.013618   -0.0014378     0.067353      0.58011
F7_NULL_0200       SET     203    -0.022701   -0.0023969     0.066594       0.6334
F7_NULL_0201       SET     203    -0.016555   -0.0017479     0.067097      0.59744
F7_NULL_0202       SET     203     0.026063    0.0027519     0.066091      0.34666
F7_NULL_0203       SET     203     0.058792    0.0062075     0.069733      0.19959
F7_NULL_0204       SET     203     0.056436    0.0059588     0.069033      0.20682
F7_NULL_0205       SET     203     0.023941    0.0025278     0.066514      0.35945
F7_NULL_0206       SET     203   -0.0054917  -0.00057984     0.067925      0.53222
F7_NULL_0207       SET     203    -0.076196   -0.0080452     0.068056      0.86855
F7_NULL_0208       SET     203   -0.0019245   -0.0002032      0.06963      0.51102
F7_NULL_0209       SET     203     0.083866     0.008855     0.067912      0.10844
F7_NULL_0210       SET     203      0.10732     0.011332     0.066868     0.054255
F7_NULL_0211       SET     203     -0.10196    -0.010766     0.067278      0.93518
F7_NULL_0212       SET     203    -0.016254   -0.0017162     0.068263       0.5941
F7_NULL_0213       SET     203    -0.039861   -0.0042087     0.066828      0.72457
F7_NULL_0214       SET     203      0.10088     0.010651     0.066955     0.065962
F7_NULL_0215       SET     203     0.051231    0.0054092     0.068633       0.2277
F7_NULL_0216       SET     203     0.018952     0.002001     0.066987      0.38862
F7_NULL_0217       SET     203     -0.12649    -0.013355     0.068228      0.96812
F7_NULL_0218       SET     203     0.089765    0.0094779     0.066497     0.088531
F7_NULL_0219       SET     203     -0.05938   -0.0062696     0.070644      0.79969
F7_NULL_0220       SET     203     0.024649    0.0026026     0.069243      0.36093
F7_NULL_0221       SET     203    -0.005281  -0.00055759     0.066596       0.5316
F7_NULL_0222       SET     203     0.023891    0.0025226     0.066953      0.36061
F7_NULL_0223       SET     203     0.030113    0.0031795      0.06701      0.32658
F7_NULL_0224       SET     203    -0.040964   -0.0043252     0.068592      0.72481
F7_NULL_0225       SET     203    -0.012582   -0.0013284     0.069179      0.57216
F7_NULL_0226       SET     203    -0.018312   -0.0019335     0.069812      0.60346
F7_NULL_0227       SET     203    -0.094528   -0.0099808     0.068857      0.91509
F7_NULL_0228       SET     203     0.059384    0.0062701     0.066083      0.18443
F7_NULL_0229       SET     203     0.010611    0.0011204     0.068577      0.43851
F7_NULL_0230       SET     203     -0.16854    -0.017796     0.069566      0.99229
F7_NULL_0231       SET     203    -0.051022   -0.0053872     0.069936      0.76717
F7_NULL_0232       SET     203    -0.049327   -0.0052082     0.068552       0.7641
F7_NULL_0233       SET     203     0.021018    0.0022192     0.067555      0.37786
F7_NULL_0234       SET     203     0.059589    0.0062917      0.06839       0.1918
F7_NULL_0235       SET     203     0.043798    0.0046244     0.066909      0.25637
F7_NULL_0236       SET     203      0.06353    0.0067079     0.067046      0.17168
F7_NULL_0237       SET     203    -0.078956   -0.0083366     0.067109       0.8803
F7_NULL_0238       SET     203    -0.039947   -0.0042178     0.067965      0.72165
F7_NULL_0239       SET     203    -0.035465   -0.0037445     0.067213      0.70112
F7_NULL_0240       SET     203    -0.071592   -0.0075591     0.068638      0.85153
F7_NULL_0241       SET     203     0.017938     0.001894     0.067555       0.3953
F7_NULL_0242       SET     203   -0.0071045  -0.00075013     0.066845      0.54232
F7_NULL_0243       SET     203     0.035213     0.003718     0.067771      0.30168
F7_NULL_0244       SET     203     0.011059    0.0011677     0.067738      0.43516
F7_NULL_0245       SET     203     0.070673     0.007462      0.06506      0.13868
F7_NULL_0246       SET     203     0.045208    0.0047733     0.070243      0.25993
F7_NULL_0247       SET     203     0.055169     0.005825     0.069337      0.21312
F7_NULL_0248       SET     203     -0.07275   -0.0076812     0.065133      0.86798
F7_NULL_0249       SET     203     -0.20252    -0.021383     0.067396      0.99867
F7_NULL_0250       SET     203    -0.041194   -0.0043494       0.0654      0.73561
F7_NULL_0251       SET     203    -0.060122    -0.006348     0.066578      0.81674
F7_NULL_0252       SET     203     0.013176    0.0013912     0.067118      0.42219
F7_NULL_0253       SET     203     -0.12638    -0.013344      0.06882      0.96684
F7_NULL_0254       SET     203     0.052146    0.0055058     0.068725      0.22401
F7_NULL_0255       SET     203    -0.057907   -0.0061141      0.06759       0.8042
F7_NULL_0256       SET     203    -0.022981   -0.0024265     0.067739      0.63279
F7_NULL_0257       SET     203     0.019055    0.0020119     0.067059      0.38815
F7_NULL_0258       SET     203     -0.02802   -0.0029585     0.067875      0.66013
F7_NULL_0259       SET     203  -4.0925e-05   -4.321e-06     0.066394      0.50025
F7_NULL_0260       SET     203     0.031528    0.0033289     0.069261      0.32448
F7_NULL_0261       SET     203    -0.043334   -0.0045754     0.068592      0.73622
F7_NULL_0262       SET     203       0.1056      0.01115     0.065924     0.054607
F7_NULL_0263       SET     203    -0.019197   -0.0020269     0.067446      0.61203
F7_NULL_0264       SET     203    -0.047459    -0.005011     0.066893      0.76098
F7_NULL_0265       SET     203     0.038418    0.0040563     0.069345      0.28979
F7_NULL_0266       SET     203    -0.049695   -0.0052471     0.065866      0.77472
F7_NULL_0267       SET     203    -0.039672   -0.0041888     0.065487      0.72768
F7_NULL_0268       SET     203      0.01663    0.0017559     0.066432      0.40117
F7_NULL_0269       SET     203    -0.048075   -0.0050759     0.070294      0.75298
F7_NULL_0270       SET     203    -0.068141   -0.0071947     0.069618      0.83615
F7_NULL_0271       SET     203     -0.10167    -0.010735     0.067397      0.93429
F7_NULL_0272       SET     203    -0.033593   -0.0035469     0.069116      0.68653
F7_NULL_0273       SET     203    -0.047594   -0.0050252     0.066065      0.76436
F7_NULL_0274       SET     203    -0.031803   -0.0033579     0.070791      0.67337
F7_NULL_0275       SET     203     -0.03803   -0.0040154     0.066905      0.71512
F7_NULL_0276       SET     203    -0.048846   -0.0051574     0.068883      0.76087
F7_NULL_0277       SET     203    -0.022629   -0.0023893     0.068275      0.62984
F7_NULL_0278       SET     203    -0.030428   -0.0032128     0.067841      0.67311
F7_NULL_0279       SET     203     0.084103      0.00888     0.068255      0.10895
F7_NULL_0280       SET     203     0.062201    0.0065675     0.065843      0.17242
F7_NULL_0281       SET     203     0.046578     0.004918     0.066318      0.24124
F7_NULL_0282       SET     203    -0.095788    -0.010114     0.067021      0.92352
F7_NULL_0283       SET     203   -0.0075375  -0.00079584     0.065571      0.54576
F7_NULL_0284       SET     203     0.076386    0.0080652     0.068598      0.13275
F7_NULL_0285       SET     203    -0.036159   -0.0038179     0.065071      0.71079
F7_NULL_0286       SET     203     0.082263    0.0086857     0.066182      0.10694
F7_NULL_0287       SET     203    -0.045546   -0.0048089     0.068788      0.74605
F7_NULL_0288       SET     203      0.12835     0.013551     0.068473     0.030446
F7_NULL_0289       SET     203    -0.013638     -0.00144     0.068275      0.57916
F7_NULL_0290       SET     203     0.075163    0.0079361      0.06633      0.12858
F7_NULL_0291       SET     203     0.070985    0.0074949     0.066078      0.14136
F7_NULL_0292       SET     203    -0.022726   -0.0023995     0.067294      0.63221
F7_NULL_0293       SET     203    -0.068496   -0.0072321     0.067321      0.84552
F7_NULL_0294       SET     203    0.0038734   0.00040897     0.068481      0.47745
F7_NULL_0295       SET     203     0.015861    0.0016747     0.069544       0.4098
F7_NULL_0296       SET     203    -0.058748   -0.0062028     0.067449      0.80812
F7_NULL_0297       SET     203      0.01288      0.00136      0.06622      0.42289
F7_NULL_0298       SET     203    -0.051408   -0.0054279     0.068495      0.77353
F7_NULL_0299       SET     203     -0.03129   -0.0033038     0.067228      0.67919
F7_NULL_0300       SET     203     0.044043    0.0046503     0.066496      0.25388
F7_NULL_0301       SET     203     0.050182    0.0052985     0.069019       0.2336
F7_NULL_0302       SET     203     0.030078    0.0031758      0.06759      0.32816
F7_NULL_0303       SET     203     0.023688    0.0025011      0.06858       0.3649
F7_NULL_0304       SET     203   0.00017338   1.8306e-05     0.068006      0.49898
F7_NULL_0305       SET     203    -0.015043   -0.0015883     0.067588      0.58806
F7_NULL_0306       SET     203    0.0059641   0.00062972     0.067526      0.46481
F7_NULL_0307       SET     203     -0.03712   -0.0039193     0.068525      0.70599
F7_NULL_0308       SET     203    0.0091824   0.00096952     0.066911      0.44542
F7_NULL_0309       SET     203     0.068062    0.0071864     0.071145      0.16937
F7_NULL_0310       SET     203     -0.10056    -0.010618     0.068206      0.92981
F7_NULL_0311       SET     203      0.05522    0.0058304     0.067889        0.208
F7_NULL_0312       SET     203    -0.042518   -0.0044893     0.068626      0.73222
F7_NULL_0313       SET     203     0.038882    0.0041054     0.065819      0.27735
F7_NULL_0314       SET     203    -0.020688   -0.0021843     0.069642      0.61679
F7_NULL_0315       SET     203     0.030499    0.0032203     0.066269      0.32268
F7_NULL_0316       SET     203     0.024264    0.0025619     0.067255      0.35913
F7_NULL_0317       SET     203     -0.11737    -0.012392     0.068226       0.9573
F7_NULL_0318       SET     203   -0.0021376   -0.0002257     0.067479      0.51264
F7_NULL_0319       SET     203     -0.10027    -0.010587     0.066811      0.93329
F7_NULL_0320       SET     203    -0.091112     -0.00962     0.069435      0.90526
F7_NULL_0321       SET     203     -0.11745    -0.012401     0.070021      0.95325
F7_NULL_0322       SET     203    -0.038015   -0.0040138     0.069571      0.70761
F7_NULL_0323       SET     203     0.056249    0.0059391     0.069257      0.20835
F7_NULL_0324       SET     203    -0.092994   -0.0098187     0.065769       0.9213
F7_NULL_0325       SET     203     0.060183    0.0063544     0.070158       0.1955
F7_NULL_0326       SET     203     -0.13055    -0.013785     0.068632      0.97142
F7_NULL_0327       SET     203     0.016472    0.0017392     0.066061      0.40155
F7_NULL_0328       SET     203     0.069172    0.0073035     0.067635      0.15323
F7_NULL_0329       SET     203     0.023944    0.0025281     0.068346      0.36304
F7_NULL_0330       SET     203    -0.063517   -0.0067064     0.068009      0.82483
F7_NULL_0331       SET     203     0.011923    0.0012589      0.06793      0.43033
F7_NULL_0332       SET     203    -0.065523   -0.0069182     0.067934       0.8326
F7_NULL_0333       SET     203     -0.02493   -0.0026322     0.069595      0.63991
F7_NULL_0334       SET     203     0.097006     0.010242     0.066504     0.072341
F7_NULL_0335       SET     203   -0.0082959  -0.00087592     0.066234      0.54984
F7_NULL_0336       SET     203     0.045227    0.0047753     0.068155      0.25348
F7_NULL_0337       SET     203    -0.058108   -0.0061353     0.066884      0.80751
F7_NULL_0338       SET     203     -0.10754    -0.011355     0.065371      0.95002
F7_NULL_0339       SET     203     0.053921    0.0056932     0.067258      0.21137
F7_NULL_0340       SET     203     -0.05467   -0.0057724     0.068709      0.78688
F7_NULL_0341       SET     203    0.0094791    0.0010008     0.068876      0.44527
F7_NULL_0342       SET     203    -0.040278   -0.0042528     0.068388      0.72205
F7_NULL_0343       SET     203    -0.070237    -0.007416     0.067406      0.85129
F7_NULL_0344       SET     203     -0.12887    -0.013607     0.064733      0.97674
F7_NULL_0345       SET     203     -0.10767    -0.011369     0.068303      0.94252
F7_NULL_0346       SET     203    -0.024963   -0.0026357     0.066186      0.64697
F7_NULL_0347       SET     203    -0.015278   -0.0016131     0.066608      0.59071
F7_NULL_0348       SET     203      0.01725    0.0018213     0.068397      0.40044
F7_NULL_0349       SET     203    -0.072288   -0.0076325     0.068421      0.85463
F7_NULL_0350       SET     203    -0.053745   -0.0056747     0.066833      0.78935
F7_NULL_0351       SET     203     0.011395    0.0012032     0.069305       0.4347
F7_NULL_0352       SET     203     0.065851    0.0069529     0.066371      0.16057
F7_NULL_0353       SET     203     -0.12403    -0.013096     0.070051      0.96168
F7_NULL_0354       SET     203    -0.062413   -0.0065899     0.068314      0.81954
F7_NULL_0355       SET     203    0.0032755   0.00034584     0.069718      0.48126
F7_NULL_0356       SET     203    -0.034034   -0.0035935       0.0668      0.69479
F7_NULL_0357       SET     203    -0.053407    -0.005639     0.066105      0.79042
F7_NULL_0358       SET     203     0.019536    0.0020627     0.067649      0.38637
F7_NULL_0359       SET     203    -0.075872   -0.0080109     0.069283      0.86326
F7_NULL_0360       SET     203      0.09535     0.010067     0.067574     0.079126
F7_NULL_0361       SET     203    -0.086824   -0.0091673      0.06886      0.89631
F7_NULL_0362       SET     203      0.10112     0.010676     0.067707     0.067669
F7_NULL_0363       SET     203     -0.11298    -0.011929     0.065583      0.95753
F7_NULL_0364       SET     203    -0.089805    -0.009482     0.067738      0.90753
F7_NULL_0365       SET     203     0.012827    0.0013543     0.066833       0.4239
F7_NULL_0366       SET     203      0.11659      0.01231     0.066575      0.03996
F7_NULL_0367       SET     203    -0.067964    -0.007176     0.066027      0.84833
F7_NULL_0368       SET     203     0.021915    0.0023138     0.066005      0.36994
F7_NULL_0369       SET     203     0.087377    0.0092257     0.068336      0.10052
F7_NULL_0370       SET     203    0.0067651   0.00071429     0.066179      0.45929
F7_NULL_0371       SET     203    -0.098828    -0.010435     0.069337      0.92296
F7_NULL_0372       SET     203      -0.0598    -0.006314     0.066212      0.81677
F7_NULL_0373       SET     203    -0.053023   -0.0055984     0.068862      0.77934
F7_NULL_0374       SET     203    -0.038317   -0.0040457     0.068099      0.71316
F7_NULL_0375       SET     203     0.048478    0.0051186     0.067578      0.23658
F7_NULL_0376       SET     203    -0.052651   -0.0055592     0.068218      0.77988
F7_NULL_0377       SET     203      0.09377    0.0099007     0.065848     0.077226
F7_NULL_0378       SET     203    -0.083754   -0.0088431     0.070207      0.88355
F7_NULL_0379       SET     203  -0.00012568   -1.327e-05     0.065325      0.50077
F7_NULL_0380       SET     203    -0.088658   -0.0093609     0.067671      0.90492
F7_NULL_0381       SET     203     0.094844     0.010014     0.069563     0.086384
F7_NULL_0382       SET     203    -0.014663   -0.0015482     0.065665      0.58835
F7_NULL_0383       SET     203    -0.041922   -0.0044264     0.067241      0.73351
F7_NULL_0384       SET     203     0.037328    0.0039412     0.066738      0.28798
F7_NULL_0385       SET     203     -0.11519    -0.012162     0.066249      0.95895
F7_NULL_0386       SET     203     -0.11024     -0.01164     0.065803      0.95306
F7_NULL_0387       SET     203     0.022032    0.0023262     0.069508      0.37563
F7_NULL_0388       SET     203     0.057396    0.0060602     0.064682      0.18745
F7_NULL_0389       SET     203   -0.0082575  -0.00087187     0.065435      0.55021
F7_NULL_0390       SET     203     -0.04143   -0.0043744      0.06799      0.72885
F7_NULL_0391       SET     203     0.047353    0.0049998     0.067739      0.24227
F7_NULL_0392       SET     203    -0.082852   -0.0087479      0.06766      0.88962
F7_NULL_0393       SET     203     0.011387    0.0012023     0.067712      0.43323
F7_NULL_0394       SET     203    -0.048255    -0.005095     0.070217      0.75403
F7_NULL_0395       SET     203    -0.057904   -0.0061138     0.066937      0.80649
F7_NULL_0396       SET     203      0.05697    0.0060152     0.067661       0.1999
F7_NULL_0397       SET     203     -0.13629     -0.01439      0.06802      0.97744
F7_NULL_0398       SET     203     0.038563    0.0040716     0.066766      0.28178
F7_NULL_0399       SET     203    -0.025265   -0.0026676     0.068564      0.64374
F7_NULL_0400       SET     203     0.058816    0.0062101     0.068053      0.19372
F7_NULL_0401       SET     203     -0.13257    -0.013998     0.068068      0.97426
F7_NULL_0402       SET     203     -0.03554   -0.0037525     0.068607      0.69778
F7_NULL_0403       SET     203     -0.03579   -0.0037788     0.066354      0.70518
F7_NULL_0404       SET     203      0.12219     0.012902     0.066316     0.032705
F7_NULL_0405       SET     203      0.09465    0.0099936     0.068459     0.083408
F7_NULL_0406       SET     203     0.070616     0.007456     0.066333      0.14354
F7_NULL_0407       SET     203      0.13038     0.013766     0.067636     0.026961
F7_NULL_0408       SET     203    0.0067234   0.00070989     0.068033      0.46064
F7_NULL_0409       SET     203   -0.0047957  -0.00050636     0.067248      0.52843
F7_NULL_0410       SET     203   -0.0082597   -0.0008721     0.068065      0.54829
F7_NULL_0411       SET     203     0.030301    0.0031993      0.06763      0.32707
F7_NULL_0412       SET     203     0.046036    0.0048607     0.068138      0.24964
F7_NULL_0413       SET     203   -0.0026595  -0.00028081     0.070452      0.51506
F7_NULL_0414       SET     203    -0.024979   -0.0026374     0.067915      0.64348
F7_NULL_0415       SET     203    -0.018018   -0.0019025     0.065243      0.60879
F7_NULL_0416       SET     203    -0.067522   -0.0071293     0.069204      0.83539
F7_NULL_0417       SET     203    -0.066994   -0.0070736     0.067731      0.83869
F7_NULL_0418       SET     203    -0.026086   -0.0027543     0.066178      0.65327
F7_NULL_0419       SET     203    -0.012529   -0.0013229     0.067777      0.57333
F7_NULL_0420       SET     203     -0.06826   -0.0072072     0.065167      0.85255
F7_NULL_0421       SET     203     -0.03386   -0.0035751     0.066878      0.69367
F7_NULL_0422       SET     203    -0.077074   -0.0081378     0.066604       0.8764
F7_NULL_0423       SET     203    -0.090653   -0.0095716     0.066316      0.91418
F7_NULL_0424       SET     203     0.060805    0.0064201     0.069055      0.18929
F7_NULL_0425       SET     203      0.14138     0.014928      0.06907      0.02034
F7_NULL_0426       SET     203    -0.053669   -0.0056667     0.069156      0.78114
F7_NULL_0427       SET     203    -0.078688   -0.0083082     0.067549      0.87796
F7_NULL_0428       SET     203     0.060276    0.0063643     0.068672      0.19005
F7_NULL_0429       SET     203     0.025821    0.0027263      0.06615      0.34815
F7_NULL_0430       SET     203   -0.0011264  -0.00011893     0.071426      0.50629
F7_NULL_0431       SET     203     0.052314    0.0055235      0.06706      0.21767
F7_NULL_0432       SET     203     -0.11708    -0.012361     0.068549      0.95616
F7_NULL_0433       SET     203     0.076667    0.0080948      0.06665      0.12502
F7_NULL_0434       SET     203     0.047258    0.0049897     0.068632      0.24555
F7_NULL_0435       SET     203    -0.064057   -0.0067634     0.065848      0.83466
F7_NULL_0436       SET     203    -0.001146    -0.000121     0.069776      0.50655
F7_NULL_0437       SET     203     0.016936    0.0017882     0.067705      0.40124
F7_NULL_0438       SET     203    -0.075427    -0.007964     0.068709      0.86384
F7_NULL_0439       SET     203    -0.039145   -0.0041331     0.064906      0.72677
F7_NULL_0440       SET     203     0.070863    0.0074821     0.065641      0.14018
F7_NULL_0441       SET     203     0.019094    0.0020161     0.066029      0.38622
F7_NULL_0442       SET     203    -0.073509   -0.0077614     0.068759      0.85748
F7_NULL_0443       SET     203     -0.12452    -0.013147     0.068744      0.96494
F7_NULL_0444       SET     203     0.094087    0.0099342     0.069787     0.088806
F7_NULL_0445       SET     203     0.035495    0.0037477      0.06875      0.30283
F7_NULL_0446       SET     203    -0.089711   -0.0094722     0.066807      0.91033
F7_NULL_0447       SET     203    -0.081846   -0.0086417     0.065791      0.89325
F7_NULL_0448       SET     203    -0.081109   -0.0085639     0.066765      0.88778
F7_NULL_0449       SET     203   -0.0086532  -0.00091365     0.067623      0.55091
F7_NULL_0450       SET     203     -0.14091    -0.014878     0.068368      0.98034
F7_NULL_0451       SET     203    -0.009464  -0.00099925     0.067564       0.5557
F7_NULL_0452       SET     203     0.028562    0.0030157     0.066362      0.33345
F7_NULL_0453       SET     203    -0.046822   -0.0049436     0.069502      0.74973
F7_NULL_0454       SET     203     0.031332    0.0033082     0.068395      0.32344
F7_NULL_0455       SET     203    -0.043674   -0.0046113     0.067485      0.74123
F7_NULL_0456       SET     203     0.022801    0.0024074     0.069571      0.37156
F7_NULL_0457       SET     203    -0.023783   -0.0025111     0.066265      0.64017
F7_NULL_0458       SET     203     0.021799    0.0023017     0.065652      0.36993
F7_NULL_0459       SET     203     -0.09561    -0.010095     0.068312      0.91917
F7_NULL_0460       SET     203    -0.013697   -0.0014462     0.069953      0.57762
F7_NULL_0461       SET     203     0.019704    0.0020804     0.069111      0.38778
F7_NULL_0462       SET     203    -0.040866   -0.0043149     0.066441      0.73075
F7_NULL_0463       SET     203    -0.016472   -0.0017392     0.067435      0.59648
F7_NULL_0464       SET     203   -0.0098293   -0.0010378      0.07082      0.55519
F7_NULL_0465       SET     203    -0.085106   -0.0089859     0.068468      0.89306
F7_NULL_0466       SET     203    -0.028034     -0.00296     0.067572      0.66088
F7_NULL_0467       SET     203    -0.046861   -0.0049478     0.067337      0.75675
F7_NULL_0468       SET     203    -0.014709    -0.001553     0.069264      0.58409
F7_NULL_0469       SET     203     -0.13949    -0.014729     0.065871      0.98289
F7_NULL_0470       SET     203     0.069878    0.0073781     0.067783       0.1513
F7_NULL_0471       SET     203     0.076354    0.0080618     0.067534      0.12912
F7_NULL_0472       SET     203     0.039072    0.0041254      0.06771      0.28196
F7_NULL_0473       SET     203   -0.0055657  -0.00058765     0.067873      0.53268
F7_NULL_0474       SET     203     0.063877    0.0067444     0.068926      0.17703
F7_NULL_0475       SET     203    -0.018958   -0.0020017     0.066748       0.6118
F7_NULL_0476       SET     203     0.032688    0.0034513     0.068045      0.31548
F7_NULL_0477       SET     203     0.033303    0.0035163     0.068289      0.31289
F7_NULL_0478       SET     203    -0.038961   -0.0041137     0.064182      0.72808
F7_NULL_0479       SET     203      0.17864     0.018861     0.068095    0.0043571
F7_NULL_0480       SET     203    -0.036047    -0.003806     0.069615       0.6977
F7_NULL_0481       SET     203     0.018948    0.0020006     0.068501      0.39104
F7_NULL_0482       SET     203    -0.056759   -0.0059929     0.066794      0.80227
F7_NULL_0483       SET     203    -0.013953   -0.0014732     0.068644      0.58054
F7_NULL_0484       SET     203    -0.048711   -0.0051431     0.067711      0.76404
F7_NULL_0485       SET     203     -0.02722    -0.002874     0.067242      0.65719
F7_NULL_0486       SET     203     0.076843    0.0081134     0.066751      0.12484
F7_NULL_0487       SET     203    -0.014739   -0.0015562     0.068365      0.58534
F7_NULL_0488       SET     203    -0.049959   -0.0052749     0.065233      0.77811
F7_NULL_0489       SET     203    -0.042938   -0.0045336     0.066083      0.74207
F7_NULL_0490       SET     203    0.0079106   0.00083523     0.066772      0.45285
F7_NULL_0491       SET     203   -0.0087474  -0.00092359     0.068852      0.55055
F7_NULL_0492       SET     203     -0.15593    -0.016464     0.067239       0.9898
F7_NULL_0493       SET     203    0.0085071   0.00089822      0.06537      0.44823
F7_NULL_0494       SET     203    0.0089645   0.00094651      0.06951      0.44869
F7_NULL_0495       SET     203     0.045873    0.0048435     0.067525      0.24846
F7_NULL_0496       SET     203   -0.0076952   -0.0008125     0.068715      0.54458
F7_NULL_0497       SET     203    -0.078875    -0.008328     0.070321      0.86899
F7_NULL_0498       SET     203    0.0052413    0.0005534     0.068872      0.46967
F7_NULL_0499       SET     203     -0.02057   -0.0021719     0.067338      0.61999
F7_NULL_0500       SET     203    -0.037443   -0.0039535     0.069044      0.70619
F7_NULL_0501       SET     203    -0.067073   -0.0070818     0.066665      0.84281
F7_NULL_0502       SET     203      0.11085     0.011704     0.067388     0.049997
F7_NULL_0503       SET     203    -0.031489   -0.0033247     0.067818      0.67878
F7_NULL_0504       SET     203    -0.014102    -0.001489     0.067371       0.5829
F7_NULL_0505       SET     203   -0.0004447  -4.6953e-05     0.067212      0.50264
F7_NULL_0506       SET     203    -0.063158   -0.0066685     0.067735      0.82444
F7_NULL_0507       SET     203      0.03875    0.0040914     0.066144      0.27899
F7_NULL_0508       SET     203      0.06747    0.0071238     0.066539       0.1553
F7_NULL_0509       SET     203     0.074522    0.0078684       0.0705      0.14525
F7_NULL_0510       SET     203    -0.086292   -0.0091112     0.066612      0.90241
F7_NULL_0511       SET     203    -0.074896   -0.0079079     0.066937       0.8684
F7_NULL_0512       SET     203      0.09376    0.0098996     0.067394     0.082088
F7_NULL_0513       SET     203     0.064905     0.006853     0.065576      0.16115
F7_NULL_0514       SET     203     0.026614    0.0028101      0.06948      0.35084
F7_NULL_0515       SET     203     0.030692    0.0032406     0.071231      0.33328
F7_NULL_0516       SET     203    -0.094868    -0.010017     0.068501      0.91695
F7_NULL_0517       SET     203     -0.10637    -0.011231      0.06602      0.94641
F7_NULL_0518       SET     203   -0.0020076  -0.00021197       0.0672      0.51192
F7_NULL_0519       SET     203    -0.043617   -0.0046053     0.067563      0.74072
F7_NULL_0520       SET     203     0.061493    0.0064927     0.067531      0.18126
F7_NULL_0521       SET     203    -0.016482   -0.0017402     0.067188      0.59689
F7_NULL_0522       SET     203     0.094681    0.0099969     0.068192     0.082507
F7_NULL_0523       SET     203     -0.10713    -0.011311     0.066045       0.9476
F7_NULL_0524       SET     203     -0.11658    -0.012309      0.06881      0.95488
F7_NULL_0525       SET     203     0.029248    0.0030882     0.068486      0.33467
F7_NULL_0526       SET     203    -0.091328   -0.0096429     0.070092       0.9037
F7_NULL_0527       SET     203     0.046739    0.0049349     0.067006      0.24274
F7_NULL_0528       SET     203    -0.056679   -0.0059845     0.067769      0.79852
F7_NULL_0529       SET     203    -0.047027   -0.0049653     0.067764      0.75615
F7_NULL_0530       SET     203      0.02959    0.0031243     0.068358      0.33256
F7_NULL_0531       SET     203     0.058186    0.0061436     0.067968      0.19598
F7_NULL_0532       SET     203     0.043762    0.0046206     0.067543      0.25852
F7_NULL_0533       SET     203    -0.074058   -0.0078194     0.066928      0.86574
F7_NULL_0534       SET     203    -0.053521    -0.005651     0.069295      0.78005
F7_NULL_0535       SET     203      0.13985     0.014766     0.066132     0.017235
F7_NULL_0536       SET     203   -0.0026036   -0.0002749     0.068967      0.51506
F7_NULL_0537       SET     203     0.065702    0.0069371     0.066949      0.16321
F7_NULL_0538       SET     203    -0.015649   -0.0016523     0.068778      0.58999
F7_NULL_0539       SET     203    0.0084632   0.00089359     0.067194      0.44989
F7_NULL_0540       SET     203     0.052109    0.0055019     0.069121      0.22547
F7_NULL_0541       SET     203    0.0033253   0.00035111     0.066889      0.48018
F7_NULL_0542       SET     203      0.06204    0.0065505     0.067922      0.18052
F7_NULL_0543       SET     203     0.063797     0.006736     0.067755      0.17321
F7_NULL_0544       SET     203    -0.034678   -0.0036614     0.067592      0.69604
F7_NULL_0545       SET     203      0.00961    0.0010147     0.064191       0.4405
F7_NULL_0546       SET     203   -0.0082362  -0.00086962     0.066699      0.54914
F7_NULL_0547       SET     203     -0.06557   -0.0069232     0.067876      0.83298
F7_NULL_0548       SET     203     0.020221     0.002135     0.069316      0.38525
F7_NULL_0549       SET     203    -0.039343    -0.004154     0.070015      0.71291
F7_NULL_0550       SET     203    -0.014651    -0.001547     0.069446      0.58354
F7_NULL_0551       SET     203     -0.10225    -0.010796     0.069513      0.92934
F7_NULL_0552       SET     203     0.024715    0.0026095     0.066602      0.35529
F7_NULL_0553       SET     203      0.13219     0.013957      0.06966      0.02888
F7_NULL_0554       SET     203    0.0010299   0.00010874     0.067866      0.49395
F7_NULL_0555       SET     203     -0.15747    -0.016626     0.069479      0.98828
F7_NULL_0556       SET     203     0.069904    0.0073808     0.068724      0.15454
F7_NULL_0557       SET     203    -0.068225   -0.0072035     0.066361      0.84804
F7_NULL_0558       SET     203     0.006703   0.00070774      0.06705      0.46018
F7_NULL_0559       SET     203      0.03008     0.003176     0.069381      0.33231
F7_NULL_0560       SET     203    -0.012466   -0.0013162     0.065669      0.57528
F7_NULL_0561       SET     203    0.0034758   0.00036699     0.065689       0.4789
F7_NULL_0562       SET     203    -0.033936   -0.0035831     0.070931      0.68383
F7_NULL_0563       SET     203    -0.060952   -0.0064356        0.069      0.81147
F7_NULL_0564       SET     203    -0.053723   -0.0056723     0.065866      0.79264
F7_NULL_0565       SET     203     0.058203    0.0061453     0.067819      0.19539
F7_NULL_0566       SET     203    -0.088537   -0.0093481     0.068677      0.90132
F7_NULL_0567       SET     203    0.0018158   0.00019172     0.066665      0.48914
F7_NULL_0568       SET     203    0.0080468   0.00084962     0.066921      0.45215
F7_NULL_0569       SET     203    0.0051352    0.0005422     0.069381       0.4705
F7_NULL_0570       SET     203    -0.013539   -0.0014295     0.067019      0.58004
F7_NULL_0571       SET     203     0.052253    0.0055172     0.068924      0.22419
F7_NULL_0572       SET     203    -0.031696   -0.0033466     0.070231      0.67412
F7_NULL_0573       SET     203    -0.077521   -0.0081851     0.066647      0.87761
F7_NULL_0574       SET     203    -0.040887    -0.004317     0.068508      0.72468
F7_NULL_0575       SET     203      0.03851    0.0040661     0.068468      0.28691
F7_NULL_0576       SET     203    -0.070319   -0.0074246     0.066321      0.85549
F7_NULL_0577       SET     203     -0.05971   -0.0063045     0.068511      0.80827
F7_NULL_0578       SET     203    -0.092293   -0.0097447     0.069936      0.90652
F7_NULL_0579       SET     203    -0.085976   -0.0090778     0.068723      0.89453
F7_NULL_0580       SET     203     0.004389   0.00046341     0.066832      0.47382
F7_NULL_0581       SET     203    -0.071292   -0.0075273     0.070693      0.84338
F7_NULL_0582       SET     203     -0.06285    -0.006636     0.067712      0.82334
F7_NULL_0583       SET     203     0.041707    0.0044036     0.069109       0.2731
F7_NULL_0584       SET     203     -0.10023    -0.010583     0.068009      0.92972
F7_NULL_0585       SET     203    -0.081999   -0.0086579     0.067986      0.88611
F7_NULL_0586       SET     203      -0.1015    -0.010717     0.068043      0.93211
F7_NULL_0587       SET     203      -0.1233    -0.013018     0.069187      0.96263
F7_NULL_0588       SET     203     0.047209    0.0049846     0.065936        0.237
F7_NULL_0589       SET     203     0.030383     0.003208     0.068553      0.32881
F7_NULL_0590       SET     203      0.12601     0.013305     0.067972     0.031886
F7_NULL_0591       SET     203     0.068655    0.0072489      0.06625      0.15004
F7_NULL_0592       SET     203    -0.021818   -0.0023037     0.068329      0.62525
F7_NULL_0593       SET     203    -0.049298   -0.0052051     0.066447      0.77092
F7_NULL_0594       SET     203    -0.056645   -0.0059809     0.069371       0.7929
F7_NULL_0595       SET     203     0.096419      0.01018     0.069049     0.081309
F7_NULL_0596       SET     203    -0.078319   -0.0082693     0.067821       0.8759
F7_NULL_0597       SET     203     -0.14714    -0.015536     0.066516      0.98652
F7_NULL_0598       SET     203   -0.0075483  -0.00079699     0.069886        0.543
F7_NULL_0599       SET     203    -0.035541   -0.0037526      0.06606      0.70472
F7_NULL_0600       SET     203     0.037748    0.0039856     0.069018      0.29222
F7_NULL_0601       SET     203     -0.11554    -0.012199     0.069793      0.95107
F7_NULL_0602       SET     203    -0.053213   -0.0056184     0.067793      0.78375
F7_NULL_0603       SET     203    -0.072334   -0.0076373     0.067623      0.85761
F7_NULL_0604       SET     203     0.014103     0.001489     0.069191      0.41925
F7_NULL_0605       SET     203     0.030039    0.0031716     0.065668      0.32368
F7_NULL_0606       SET     203     0.052409    0.0055336     0.068545      0.22226
F7_NULL_0607       SET     203    -0.048933   -0.0051666     0.066604      0.76873
F7_NULL_0608       SET     203     0.037925    0.0040043      0.06677      0.28502
F7_NULL_0609       SET     203     0.059001    0.0062296     0.065946      0.18548
F7_NULL_0610       SET     203    -0.018019   -0.0019025     0.069055      0.60293
F7_NULL_0611       SET     203     0.060945    0.0064349     0.066399      0.17935
F7_NULL_0612       SET     203   -0.0023557  -0.00024873     0.066846      0.51406
F7_NULL_0613       SET     203    -0.061903    -0.006536     0.069005      0.81516
F7_NULL_0614       SET     203    -0.043789   -0.0046234     0.066116      0.74611
F7_NULL_0615       SET     203     0.059779    0.0063118     0.065419      0.18042
F7_NULL_0616       SET     203    -0.025602   -0.0027032     0.068067      0.64659
F7_NULL_0617       SET     203   -0.0083057  -0.00087695     0.066603      0.54962
F7_NULL_0618       SET     203    -0.063247   -0.0066779     0.068086      0.82353
F7_NULL_0619       SET     203    -0.032033   -0.0033822     0.068221      0.68066
F7_NULL_0620       SET     203    -0.014119   -0.0014908     0.066884       0.5836
F7_NULL_0621       SET     203     0.022252    0.0023495     0.066847      0.36961
F7_NULL_0622       SET     203    -0.080085   -0.0084557     0.069411       0.8757
F7_NULL_0623       SET     203    -0.036372   -0.0038403     0.067004      0.70638
F7_NULL_0624       SET     203       0.0605    0.0063879     0.067756      0.18596
F7_NULL_0625       SET     203     0.080988    0.0085511       0.0696       0.1223
F7_NULL_0626       SET     203     0.004056   0.00042825     0.067204      0.47594
F7_NULL_0627       SET     203     0.078274    0.0082646     0.069323      0.12943
F7_NULL_0628       SET     203    -0.020344   -0.0021481     0.068691      0.61645
F7_NULL_0629       SET     203    -0.073117     -0.00772     0.066796      0.86315
F7_NULL_0630       SET     203     0.063742    0.0067302     0.065868       0.1666
F7_NULL_0631       SET     203     0.041476    0.0043793     0.065683      0.26387
F7_NULL_0632       SET     203     -0.10828    -0.011433      0.06696      0.94707
F7_NULL_0633       SET     203    -0.044504    -0.004699     0.068819      0.74108
F7_NULL_0634       SET     203    -0.022223   -0.0023464     0.065665      0.63248
F7_NULL_0635       SET     203    -0.038701   -0.0040862     0.065459      0.72281
F7_NULL_0636       SET     203    -0.077401   -0.0081724     0.068145      0.87198
F7_NULL_0637       SET     203    -0.052283   -0.0055203     0.068396      0.77769
F7_NULL_0638       SET     203     -0.18219    -0.019236     0.068656      0.99601
F7_NULL_0639       SET     203     0.079519     0.008396     0.068423      0.12259
F7_NULL_0640       SET     203     0.082805     0.008743      0.06881      0.11442
F7_NULL_0641       SET     203    -0.070781   -0.0074734     0.069055      0.84731
F7_NULL_0642       SET     203     -0.15745    -0.016624     0.067423      0.99023
F7_NULL_0643       SET     203      0.02138    0.0022574      0.06952      0.37922
F7_NULL_0644       SET     203    -0.035793   -0.0037792      0.06723      0.70277
F7_NULL_0645       SET     203    -0.028838   -0.0030449     0.068127      0.66396
F7_NULL_0646       SET     203    -0.041323    -0.004363     0.068559      0.72665
F7_NULL_0647       SET     203    -0.065406   -0.0069059     0.066987      0.83556
F7_NULL_0648       SET     203     -0.10068    -0.010631     0.067631      0.93171
F7_NULL_0649       SET     203    -0.027394   -0.0028924     0.064901      0.66352
F7_NULL_0650       SET     203    0.0055656   0.00058764     0.070423       0.4685
F7_NULL_0651       SET     203    -0.012482   -0.0013179     0.067272       0.5736
F7_NULL_0652       SET     203     0.026746    0.0028239     0.069585      0.35036
F7_NULL_0653       SET     203      0.11017     0.011632     0.066164     0.047961
F7_NULL_0654       SET     203    -0.012587    -0.001329     0.067286      0.57419
F7_NULL_0655       SET     203     0.048581    0.0051294     0.068772      0.23997
F7_NULL_0656       SET     203     0.045338     0.004787     0.065667      0.24497
F7_NULL_0657       SET     203     0.031184    0.0032926     0.067559      0.32219
F7_NULL_0658       SET     203    0.0011762   0.00012419     0.067607      0.49306
F7_NULL_0659       SET     203   -0.0079529   -0.0008397     0.067028      0.54722
F7_NULL_0660       SET     203    0.0072757    0.0007682      0.06956      0.45835
F7_NULL_0661       SET     203    -0.029215   -0.0030846     0.068016      0.66623
F7_NULL_0662       SET     203     0.088801     0.009376     0.068849     0.098569
F7_NULL_0663       SET     203     -0.14573    -0.015387     0.069098      0.98253
F7_NULL_0664       SET     203     0.013793    0.0014563     0.070977      0.42296
F7_NULL_0665       SET     203    -0.052212   -0.0055128     0.068201      0.77802
F7_NULL_0666       SET     203  -0.00051601  -5.4482e-05     0.067101      0.50307
F7_NULL_0667       SET     203     0.057045    0.0060231     0.066168      0.19432
F7_NULL_0668       SET     203     -0.05743   -0.0060637     0.068368      0.79954
F7_NULL_0669       SET     203     0.016633    0.0017561     0.070426      0.40665
F7_NULL_0670       SET     203     0.061268     0.006469     0.068585      0.18585
F7_NULL_0671       SET     203    -0.070501   -0.0074438     0.067833      0.85067
F7_NULL_0672       SET     203     0.058037    0.0061278     0.065347      0.18724
F7_NULL_0673       SET     203    -0.013173   -0.0013908      0.06641      0.57861
F7_NULL_0674       SET     203     0.026931    0.0028435     0.068172      0.34641
F7_NULL_0675       SET     203    -0.039398   -0.0041598     0.069106      0.71569
F7_NULL_0676       SET     203    -0.052218   -0.0055135     0.066777      0.78288
F7_NULL_0677       SET     203     0.023757    0.0025084     0.069208       0.3657
F7_NULL_0678       SET     203     0.015976    0.0016868     0.068333      0.40757
F7_NULL_0679       SET     203      0.10987       0.0116      0.06529      0.04622
F7_NULL_0680       SET     203    -0.055324   -0.0058414     0.067139      0.79503
F7_NULL_0681       SET     203      0.05304    0.0056002     0.064792      0.20651
F7_NULL_0682       SET     203  -0.00090516  -9.5572e-05     0.065968      0.50547
F7_NULL_0683       SET     203    0.0069723   0.00073617     0.067842      0.45907
F7_NULL_0684       SET     203     -0.18338    -0.019363     0.068393      0.99633
F7_NULL_0685       SET     203     -0.07356   -0.0077668     0.069268      0.85587
F7_NULL_0686       SET     203    -0.040847   -0.0043128      0.06833      0.72501
F7_NULL_0687       SET     203     -0.11351    -0.011985     0.064441      0.96091
F7_NULL_0688       SET     203    -0.066138   -0.0069832     0.066107      0.84145
F7_NULL_0689       SET     203     -0.13425    -0.014174     0.069164      0.97386
F7_NULL_0690       SET     203    -0.072364   -0.0076405     0.066485      0.86179
F7_NULL_0691       SET     203     0.012847    0.0013564     0.068932      0.42608
F7_NULL_0692       SET     203   -0.0021746  -0.00022961     0.067689      0.51281
F7_NULL_0693       SET     203     0.071692    0.0075696     0.066176      0.13933
F7_NULL_0694       SET     203     0.046586    0.0049188     0.066904      0.24312
F7_NULL_0695       SET     203    -0.074114   -0.0078253     0.066725      0.86665
F7_NULL_0696       SET     203  -0.00095837  -0.00010119     0.069631      0.50549
F7_NULL_0697       SET     203     0.038941    0.0041116     0.065334      0.27558
F7_NULL_0698       SET     203     0.036002    0.0038012     0.069203      0.30145
F7_NULL_0699       SET     203    -0.015732   -0.0016611     0.066201      0.59392
F7_NULL_0700       SET     203    -0.086729   -0.0091573     0.071453      0.88758
F7_NULL_0701       SET     203    -0.073988    -0.007812     0.069352      0.85697
F7_NULL_0702       SET     203     0.092477    0.0097641     0.064999     0.077414
F7_NULL_0703       SET     203    -0.086606   -0.0091443     0.066815      0.90254
F7_NULL_0704       SET     203     0.017392    0.0018363     0.065702      0.39562
F7_NULL_0705       SET     203     0.077104    0.0081411     0.070144      0.13584
F7_NULL_0706       SET     203      0.10574     0.011165     0.066544     0.056032
F7_NULL_0707       SET     203      0.04062    0.0042888     0.065867      0.26872
F7_NULL_0708       SET     203     0.060464     0.006384     0.066108       0.1802
F7_NULL_0709       SET     203   0.00058121   6.1367e-05     0.067999      0.49659
F7_NULL_0710       SET     203     0.019326    0.0020406     0.067616      0.38751
F7_NULL_0711       SET     203     0.033035     0.003488     0.067097      0.31124
F7_NULL_0712       SET     203     0.061973    0.0065434     0.066051      0.17406
F7_NULL_0713       SET     203    -0.065028    -0.006866     0.068472      0.82886
F7_NULL_0714       SET     203     0.027697    0.0029243     0.065121      0.33531
F7_NULL_0715       SET     203      0.12728     0.013439     0.067522     0.029719
F7_NULL_0716       SET     203   -0.0076547  -0.00080822     0.070131      0.54346
F7_NULL_0717       SET     203    -0.019965    -0.002108     0.066526      0.61795
F7_NULL_0718       SET     203    -0.050794    -0.005363     0.071617      0.76091
F7_NULL_0719       SET     203   -0.0070031  -0.00073942     0.069611      0.54007
F7_NULL_0720       SET     203    0.0089091   0.00094067     0.067616      0.44759
F7_NULL_0721       SET     203    -0.074093   -0.0078231     0.068037      0.86192
F7_NULL_0722       SET     203    -0.016132   -0.0017033      0.07155      0.58919
F7_NULL_0723       SET     203     0.025784    0.0027224      0.06988      0.35607
F7_NULL_0724       SET     203       0.1006     0.010622     0.068161     0.069985
F7_NULL_0725       SET     203     -0.03187    -0.003365     0.068301      0.67961
F7_NULL_0726       SET     203     0.021873    0.0023095     0.068305       0.3744
F7_NULL_0727       SET     203    -0.083566   -0.0088233     0.068935      0.88728
F7_NULL_0728       SET     203    -0.085824   -0.0090617     0.065492      0.90497
F7_NULL_0729       SET     203   -0.0078221  -0.00082589     0.066596      0.54675
F7_NULL_0730       SET     203    -0.055869   -0.0058989     0.065526      0.80306
F7_NULL_0731       SET     203     0.070905    0.0074865     0.066004      0.14136
F7_NULL_0732       SET     203    -0.022347   -0.0023595      0.06626      0.63204
F7_NULL_0733       SET     203     -0.10237    -0.010809     0.069273      0.93026
F7_NULL_0734       SET     203     0.049487     0.005225     0.069566      0.23843
F7_NULL_0735       SET     203     0.019893    0.0021004     0.066789      0.38291
F7_NULL_0736       SET     203   -0.0041679  -0.00044007     0.065139      0.52551
F7_NULL_0737       SET     203    0.0064831   0.00068452     0.067997      0.46202
F7_NULL_0738       SET     203     0.067937    0.0071731     0.065438       0.1496
F7_NULL_0739       SET     203    -0.038351   -0.0040492     0.066187      0.71885
F7_NULL_0740       SET     203    -0.038511   -0.0040661      0.06727       0.7165
F7_NULL_0741       SET     203    -0.033548   -0.0035421     0.070122      0.68382
F7_NULL_0742       SET     203     0.080162    0.0084639      0.06829      0.12024
F7_NULL_0743       SET     203    -0.020124   -0.0021248     0.065608      0.62047
F7_NULL_0744       SET     203    -0.034971   -0.0036924     0.065044      0.70459
F7_NULL_0745       SET     203     -0.10844     -0.01145     0.067328      0.94636
F7_NULL_0746       SET     203    -0.096967    -0.010238     0.068419      0.92179
F7_NULL_0747       SET     203    -0.055991   -0.0059118     0.068949      0.79162
F7_NULL_0748       SET     203   -0.0012635  -0.00013341     0.067519      0.50747
F7_NULL_0749       SET     203    -0.079233   -0.0083658     0.069511      0.87282
F7_NULL_0750       SET     203     0.035008    0.0036963     0.070417      0.30954
F7_NULL_0751       SET     203     0.050436    0.0053253     0.069309       0.2334
F7_NULL_0752       SET     203     0.065531    0.0069191      0.06706      0.16424
F7_NULL_0753       SET     203     0.053239    0.0056212     0.068954      0.22004
F7_NULL_0754       SET     203    -0.011303   -0.0011934     0.068336      0.56568
F7_NULL_0755       SET     203    -0.028496   -0.0030087     0.067766      0.66294
F7_NULL_0756       SET     203    -0.041317   -0.0043625     0.067532      0.72967
F7_NULL_0757       SET     203     -0.01565   -0.0016524      0.07088      0.58737
F7_NULL_0758       SET     203    -0.014339    -0.001514      0.06927        0.582
F7_NULL_0759       SET     203    -0.035099   -0.0037059     0.069064      0.69434
F7_NULL_0760       SET     203     0.038617    0.0040774     0.068232      0.28571
F7_NULL_0761       SET     203     0.022058     0.002329     0.070144      0.37659
F7_NULL_0762       SET     203    -0.007869  -0.00083084     0.067755      0.54623
F7_NULL_0763       SET     203    -0.024004   -0.0025344     0.067593      0.63875
F7_NULL_0764       SET     203     0.058131    0.0061378     0.068846      0.19924
F7_NULL_0765       SET     203     0.038942    0.0041117     0.067486      0.28196
F7_NULL_0766       SET     203   -0.0066854  -0.00070588     0.068325      0.53897
F7_NULL_0767       SET     203   0.00044693   4.7188e-05     0.069853      0.49745
F7_NULL_0768       SET     203    -0.062063   -0.0065529     0.069284      0.81481
F7_NULL_0769       SET     203       0.1055     0.011139     0.066159      0.05541
F7_NULL_0770       SET     203    -0.031925   -0.0033708     0.067814       0.6811
F7_NULL_0771       SET     203    -0.052556   -0.0055491     0.068922      0.77713
F7_NULL_0772       SET     203     0.013319    0.0014063     0.067777       0.4221
F7_NULL_0773       SET     203      0.11564      0.01221       0.0658      0.03943
F7_NULL_0774       SET     203    -0.010059    -0.001062     0.066812      0.55983
F7_NULL_0775       SET     203   -0.0095764   -0.0010111     0.067625      0.55631
F7_NULL_0776       SET     203    -0.050192   -0.0052995     0.064295      0.78249
F7_NULL_0777       SET     203    -0.046901   -0.0049521     0.068299      0.75386
F7_NULL_0778       SET     203     0.071465    0.0075456     0.069627      0.15236
F7_NULL_0779       SET     203     -0.10896    -0.011505     0.067323      0.94721
F7_NULL_0780       SET     203     0.010479    0.0011064     0.065109      0.43607
F7_NULL_0781       SET     203    0.0011692   0.00012345     0.065984      0.49293
F7_NULL_0782       SET     203     -0.11011    -0.011626     0.066935      0.95001
F7_NULL_0783       SET     203   -0.0063816   -0.0006738     0.068474      0.53713
F7_NULL_0784       SET     203     0.040978    0.0043266     0.067499       0.2719
F7_NULL_0785       SET     203     0.046743    0.0049353     0.070053      0.25231
F7_NULL_0786       SET     203     0.079847    0.0084306     0.070534      0.12882
F7_NULL_0787       SET     203     0.022097    0.0023331     0.065443      0.36782
F7_NULL_0788       SET     203     0.051822    0.0054716     0.067248      0.22048
F7_NULL_0789       SET     203     0.061354    0.0064781     0.068717      0.18598
F7_NULL_0790       SET     203     -0.11397    -0.012033     0.068529      0.95184
F7_NULL_0791       SET     203     0.090899    0.0095976     0.065122     0.081391
F7_NULL_0792       SET     203    -0.083567   -0.0088234     0.067598      0.89181
F7_NULL_0793       SET     203    -0.005025  -0.00053056     0.065417      0.53061
F7_NULL_0794       SET     203     0.015971    0.0016863     0.069085      0.40859
F7_NULL_0795       SET     203     0.050087    0.0052884     0.067995      0.23068
F7_NULL_0796       SET     203    -0.022967   -0.0024249     0.067596      0.63298
F7_NULL_0797       SET     203      0.07403    0.0078164     0.067168       0.1352
F7_NULL_0798       SET     203     -0.13989     -0.01477      0.06554      0.98359
F7_NULL_0799       SET     203    -0.096589    -0.010198     0.065647      0.92939
F7_NULL_0800       SET     203     0.002243   0.00023683     0.066777       0.4866
F7_NULL_0801       SET     203    -0.013186   -0.0013923     0.067731      0.57718
F7_NULL_0802       SET     203    0.0029534   0.00031184     0.064242      0.48167
F7_NULL_0803       SET     203     0.012991    0.0013717      0.06668      0.42276
F7_NULL_0804       SET     203     -0.06339    -0.006693     0.068383      0.82303
F7_NULL_0805       SET     203    -0.094534   -0.0099814     0.066786      0.92153
F7_NULL_0806       SET     203     0.082149    0.0086737     0.067597      0.11214
F7_NULL_0807       SET     203     -0.12523    -0.013223     0.066457      0.97024
F7_NULL_0808       SET     203     0.060636    0.0064023     0.067789      0.18554
F7_NULL_0809       SET     203   -0.0053909   -0.0005692     0.068189      0.53151
F7_NULL_0810       SET     203     0.026665    0.0028155     0.067974      0.34743
F7_NULL_0811       SET     203     0.036668    0.0038716     0.068543      0.29634
F7_NULL_0812       SET     203     0.055179    0.0058261     0.068704      0.21095
F7_NULL_0813       SET     203     0.047094    0.0049725     0.068172      0.24485
F7_NULL_0814       SET     203    -0.042383    -0.004475     0.068047       0.7333
F7_NULL_0815       SET     203     -0.10394    -0.010975     0.070661      0.92935
F7_NULL_0816       SET     203    -0.027722   -0.0029271     0.067151      0.66013
F7_NULL_0817       SET     203      0.10879     0.011487      0.06941     0.058518
F7_NULL_0818       SET     203     0.059079    0.0062378     0.067578        0.191
F7_NULL_0819       SET     203     -0.08979   -0.0094805     0.066929      0.91012
F7_NULL_0820       SET     203      0.01032    0.0010896     0.066652      0.43848
F7_NULL_0821       SET     203     -0.13488    -0.014241     0.069168      0.97441
F7_NULL_0822       SET     203    0.0098733    0.0010425     0.068924      0.44305
F7_NULL_0823       SET     203    -0.030286   -0.0031977     0.067456      0.67327
F7_NULL_0824       SET     203   -0.0092438    -0.000976     0.067475      0.55448
F7_NULL_0825       SET     203    0.0040123   0.00042363     0.065803      0.47569
F7_NULL_0826       SET     203    -0.010063   -0.0010625     0.064765      0.56174
F7_NULL_0827       SET     203      0.10274     0.010847     0.064916     0.056763
F7_NULL_0828       SET     203    -0.046912   -0.0049532     0.067204      0.75742
F7_NULL_0829       SET     203     0.015533      0.00164     0.065831      0.40674
F7_NULL_0830       SET     203    -0.057061   -0.0060248     0.068859      0.79635
F7_NULL_0831       SET     203     0.070081    0.0073995     0.066477       0.1459
F7_NULL_0832       SET     203    -0.056751   -0.0059921     0.068195      0.79735
F7_NULL_0833       SET     203    -0.011778   -0.0012436     0.068684      0.56808
F7_NULL_0834       SET     203     -0.12529    -0.013228     0.070076      0.96309
F7_NULL_0835       SET     203    -0.077474   -0.0081801     0.068901      0.86958
F7_NULL_0836       SET     203    -0.078524   -0.0082909     0.065548      0.88452
F7_NULL_0837       SET     203    -0.057468   -0.0060677     0.064978      0.81176
F7_NULL_0838       SET     203   -0.0057715  -0.00060939     0.070724      0.53252
F7_NULL_0839       SET     203     0.068586    0.0072416     0.066203      0.15011
F7_NULL_0840       SET     203    -0.071988   -0.0076008     0.067993      0.85514
F7_NULL_0841       SET     203     0.019037    0.0020101     0.068148      0.38999
F7_NULL_0842       SET     203      0.03917    0.0041358     0.065345      0.27444
F7_NULL_0843       SET     203     0.085211     0.008997     0.069096      0.10875
F7_NULL_0844       SET     203     0.057752    0.0060977     0.066793      0.19362
F7_NULL_0845       SET     203     0.087881    0.0092789     0.067814     0.097511
F7_NULL_0846       SET     203     0.049941     0.005273     0.067316      0.22908
F7_NULL_0847       SET     203     0.018197    0.0019214     0.068003      0.39451
F7_NULL_0848       SET     203    -0.030921   -0.0032647     0.067031       0.6777
F7_NULL_0849       SET     203     0.053867    0.0056876     0.067104      0.21107
F7_NULL_0850       SET     203     0.052121    0.0055032     0.065159      0.21189
F7_NULL_0851       SET     203    -0.057692   -0.0060914      0.06926      0.79757
F7_NULL_0852       SET     203     0.041386    0.0043698     0.067438      0.26971
F7_NULL_0853       SET     203    -0.020823   -0.0021986     0.066782       0.6224
F7_NULL_0854       SET     203    0.0021878     0.000231     0.067311      0.48704
F7_NULL_0855       SET     203    -0.023558   -0.0024873     0.068639      0.63428
F7_NULL_0856       SET     203      -0.1501    -0.015848     0.070741      0.98307
F7_NULL_0857       SET     203     0.086396    0.0091221     0.069339      0.10639
F7_NULL_0858       SET     203       0.0178    0.0018794     0.069555      0.39901
F7_NULL_0859       SET     203     -0.11568    -0.012215     0.067229      0.95734
F7_NULL_0860       SET     203    -0.086258   -0.0091075     0.068217      0.89696
F7_NULL_0861       SET     203    -0.091231   -0.0096326     0.065278      0.91887
F7_NULL_0862       SET     203     -0.08406   -0.0088755     0.069582      0.88648
F7_NULL_0863       SET     203    -0.051502   -0.0054378       0.0683      0.77459
F7_NULL_0864       SET     203     0.012571    0.0013273     0.066533      0.42507
F7_NULL_0865       SET     203     0.037249     0.003933     0.069189      0.29516
F7_NULL_0866       SET     203   -0.0064684  -0.00068297      0.06701      0.53845
F7_NULL_0867       SET     203      0.02768    0.0029226     0.068444      0.34295
F7_NULL_0868       SET     203   -0.0067853  -0.00071642     0.068775      0.53929
F7_NULL_0869       SET     203      -0.1028    -0.010855     0.068403      0.93356
F7_NULL_0870       SET     203    -0.081199   -0.0085734     0.070275      0.87604
F7_NULL_0871       SET     203    -0.084039   -0.0088733     0.070341       0.8839
F7_NULL_0872       SET     203    -0.017825   -0.0018821     0.069768      0.60083
F7_NULL_0873       SET     203     -0.01133   -0.0011963      0.06806       0.5661
F7_NULL_0874       SET     203      0.10116     0.010681     0.070221     0.074866
F7_NULL_0875       SET     203    -0.059927   -0.0063273     0.068898      0.80779
F7_NULL_0876       SET     203     0.043272    0.0045689     0.066176      0.25659
F7_NULL_0877       SET     203     0.096535     0.010193     0.070603     0.085776
F7_NULL_0878       SET     203     0.046385    0.0048975     0.064685      0.23666
F7_NULL_0879       SET     203    -0.074612   -0.0078778     0.067678      0.86486
F7_NULL_0880       SET     203     0.064979    0.0068608     0.067724      0.16867
F7_NULL_0881       SET     203     0.023007    0.0024292     0.070272      0.37168
F7_NULL_0882       SET     203     0.023324    0.0024627     0.069051      0.36777
F7_NULL_0883       SET     203     0.093467    0.0098687     0.068187     0.085235
F7_NULL_0884       SET     203      0.11357     0.011992      0.06861     0.048938
F7_NULL_0885       SET     203     -0.01155   -0.0012195     0.066605      0.56883
F7_NULL_0886       SET     203     -0.02328   -0.0024581     0.068585      0.63286
F7_NULL_0887       SET     203     -0.12587     -0.01329     0.067284       0.9693
F7_NULL_0888       SET     203    -0.014399   -0.0015204      0.06713      0.58492
F7_NULL_0889       SET     203     -0.05015    -0.005295     0.066743      0.77378
F7_NULL_0890       SET     203    -0.027528   -0.0029066     0.070963      0.65096
F7_NULL_0891       SET     203     0.019015    0.0020077     0.067708      0.38942
F7_NULL_0892       SET     203     -0.10437     -0.01102      0.06885      0.93521
F7_NULL_0893       SET     203    -0.060006   -0.0063357     0.068435       0.8097
F7_NULL_0894       SET     203      0.09049    0.0095544     0.066248      0.08599
F7_NULL_0895       SET     203    -0.019279   -0.0020356     0.067521      0.61238
F7_NULL_0896       SET     203     -0.05588   -0.0059001     0.069443       0.7895
F7_NULL_0897       SET     203    -0.072174   -0.0076205      0.06821      0.85499
F7_NULL_0898       SET     203     0.027605    0.0029147     0.068374       0.3432
F7_NULL_0899       SET     203     0.062997    0.0066516     0.069152      0.18115
F7_NULL_0900       SET     203    -0.063415   -0.0066956     0.067927      0.82473
F7_NULL_0901       SET     203     0.011943     0.001261     0.066411      0.42864
F7_NULL_0902       SET     203     0.050783    0.0053619     0.067481      0.22586
F7_NULL_0903       SET     203     0.058831    0.0062116     0.066388      0.18777
F7_NULL_0904       SET     203     -0.11203    -0.011828     0.067393      0.95176
F7_NULL_0905       SET     203   -0.0021576  -0.00022781     0.065769      0.51309
F7_NULL_0906       SET     203     0.025046    0.0026444     0.069515      0.35932
F7_NULL_0907       SET     203    -0.059038   -0.0062335     0.068093      0.80703
F7_NULL_0908       SET     203    -0.022346   -0.0023594      0.06606      0.63242
F7_NULL_0909       SET     203    -0.052572   -0.0055508     0.066045      0.78698
F7_NULL_0910       SET     203     -0.19605      -0.0207     0.068339      0.99794
F7_NULL_0911       SET     203     0.059905    0.0063251     0.066659      0.18442
F7_NULL_0912       SET     203      0.07143    0.0075419     0.065791      0.13881
F7_NULL_0913       SET     203    -0.043745   -0.0046188     0.065851      0.74675
F7_NULL_0914       SET     203    -0.091774   -0.0096899     0.069726      0.90594
F7_NULL_0915       SET     203     -0.15684     -0.01656     0.068396      0.98908
F7_NULL_0916       SET     203     0.075202    0.0079401     0.068862      0.13741
F7_NULL_0917       SET     203    -0.015822   -0.0016706      0.06876      0.59099
F7_NULL_0918       SET     203    0.0076654   0.00080935     0.066633      0.45421
F7_NULL_0919       SET     203    -0.065768   -0.0069441     0.069182       0.8291
F7_NULL_0920       SET     203    -0.058336   -0.0061593      0.06786        0.805
F7_NULL_0921       SET     203    -0.028271    -0.002985     0.066303      0.66508
F7_NULL_0922       SET     203    -0.052767   -0.0055714     0.069218      0.77706
F7_NULL_0923       SET     203    -0.021578   -0.0022783      0.06881      0.62308
F7_NULL_0924       SET     203     0.019663    0.0020761     0.066881      0.38438
F7_NULL_0925       SET     203     0.034715    0.0036653     0.069058       0.3076
F7_NULL_0926       SET     203     -0.14436    -0.015243     0.066946      0.98447
F7_NULL_0927       SET     203    -0.054923    -0.005799     0.067604      0.79172
F7_NULL_0928       SET     203    -0.052285   -0.0055205     0.070008      0.77242
F7_NULL_0929       SET     203    -0.077987   -0.0082342     0.067769      0.87508
F7_NULL_0930       SET     203     0.078421    0.0082801     0.068908      0.12756
F7_NULL_0931       SET     203     -0.04773   -0.0050396     0.069028      0.75536
F7_NULL_0932       SET     203    -0.036204   -0.0038226     0.066233      0.70768
F7_NULL_0933       SET     203     0.061028    0.0064437     0.067582      0.18326
F7_NULL_0934       SET     203    -0.022153    -0.002339     0.067805      0.62806
F7_NULL_0935       SET     203     -0.15438      -0.0163     0.066569       0.9898
F7_NULL_0936       SET     203     0.050194    0.0052998     0.066603      0.22554
F7_NULL_0937       SET     203      0.10284     0.010858     0.066343     0.060565
F7_NULL_0938       SET     203     0.063018    0.0066538     0.067015      0.17353
F7_NULL_0939       SET     203      0.04502    0.0047534     0.068681      0.25608
F7_NULL_0940       SET     203   -0.0010927  -0.00011538     0.066884      0.50652
F7_NULL_0941       SET     203     0.024418    0.0025782     0.065841      0.35537
F7_NULL_0942       SET     203    -0.049845   -0.0052629     0.066929      0.77178
F7_NULL_0943       SET     203   -0.0048698  -0.00051417     0.069437      0.52796
F7_NULL_0944       SET     203     0.021765    0.0022981     0.067029       0.3727
F7_NULL_0945       SET     203     -0.12297    -0.012983     0.069191      0.96222
F7_NULL_0946       SET     203    -0.048268   -0.0050963     0.067529      0.76262
F7_NULL_0947       SET     203    -0.086121    -0.009093     0.067398      0.89933
F7_NULL_0948       SET     203     0.052527    0.0055461     0.068739      0.22239
F7_NULL_0949       SET     203    -0.025106   -0.0026508      0.06622       0.6477
F7_NULL_0950       SET     203     0.037856     0.003997     0.066964      0.28593
F7_NULL_0951       SET     203      0.10795     0.011398     0.066849     0.053184
F7_NULL_0952       SET     203     -0.17614    -0.018598     0.067083      0.99567
F7_NULL_0953       SET     203     0.072896    0.0076967     0.067462      0.13996
F7_NULL_0954       SET     203    -0.027077   -0.0028589     0.065648      0.65999
F7_NULL_0955       SET     203     0.042253    0.0044613     0.066425      0.26236
F7_NULL_0956       SET     203    -0.054948   -0.0058017     0.068084      0.79018
F7_NULL_0957       SET     203    -0.023547   -0.0024862      0.06868      0.63414
F7_NULL_0958       SET     203    -0.048434   -0.0051139     0.069243      0.75787
F7_NULL_0959       SET     203     0.075986     0.008023     0.067999      0.13191
F7_NULL_0960       SET     203   -0.0007749  -8.1818e-05     0.065972      0.50469
F7_NULL_0961       SET     203     -0.15814    -0.016697     0.069883      0.98817
F7_NULL_0962       SET     203    0.0081434   0.00085982     0.065341      0.45041
F7_NULL_0963       SET     203     0.035712    0.0037706     0.067346      0.29796
F7_NULL_0964       SET     203     -0.14147    -0.014937     0.067796      0.98154
F7_NULL_0965       SET     203    -0.025239   -0.0026649     0.067381      0.64601
F7_NULL_0966       SET     203       0.0152    0.0016049     0.069474      0.41341
F7_NULL_0967       SET     203    -0.066736   -0.0070463      0.06836      0.83552
F7_NULL_0968       SET     203   -0.0080571  -0.00085071     0.068442      0.54686
F7_NULL_0969       SET     203    -0.032713    -0.003454     0.067316       0.6865
F7_NULL_0970       SET     203   -0.0099783   -0.0010536     0.067632      0.55864
F7_NULL_0971       SET     203     -0.10115    -0.010679     0.065679      0.93821
F7_NULL_0972       SET     203    -0.054643   -0.0057694      0.06816      0.78862
F7_NULL_0973       SET     203      0.09125    0.0096346     0.064392     0.078234
F7_NULL_0974       SET     203     0.060073    0.0063428     0.065271       0.1787
F7_NULL_0975       SET     203    -0.046855   -0.0049472     0.066537      0.75934
F7_NULL_0976       SET     203    -0.052261   -0.0055179     0.065412      0.78783
F7_NULL_0977       SET     203     -0.10057    -0.010619     0.068208      0.92982
F7_NULL_0978       SET     203    -0.037423   -0.0039513     0.065516      0.71607
F7_NULL_0979       SET     203    -0.023476   -0.0024787     0.068025      0.63499
F7_NULL_0980       SET     203     0.094745     0.010004     0.067059     0.078858
F7_NULL_0981       SET     203    0.0080862   0.00085378     0.068179       0.4528
F7_NULL_0982       SET     203     0.053536    0.0056526     0.065816      0.20799
F7_NULL_0983       SET     203    -0.071236   -0.0075215     0.066466      0.85808
F7_NULL_0984       SET     203     -0.11608    -0.012256     0.068227      0.95556
F7_NULL_0985       SET     203     0.006329   0.00066825     0.066348        0.462
F7_NULL_0986       SET     203      0.11801      0.01246     0.068948     0.043492
F7_NULL_0987       SET     203     0.053182    0.0056152     0.068789      0.21973
F7_NULL_0988       SET     203    -0.033128   -0.0034978     0.067322      0.68867
F7_NULL_0989       SET     203    -0.024258   -0.0025613     0.068044      0.63927
F7_NULL_0990       SET     203    -0.048388    -0.005109     0.065603      0.76961
F7_NULL_0991       SET     203    -0.047076   -0.0049705     0.069742      0.75016
F7_NULL_0992       SET     203    -0.091904   -0.0097037     0.067396      0.91365
F7_NULL_0993       SET     203     0.031422    0.0033177     0.069222      0.32494
F7_NULL_0994       SET     203      0.07592     0.008016     0.067863      0.13164
F7_NULL_0995       SET     203     0.064726    0.0068341     0.067123      0.16746
F7_NULL_0996       SET     203     0.019042    0.0020106     0.066137       0.3867
F7_NULL_0997       SET     203    -0.096841    -0.010225     0.068274      0.92196
F7_NULL_0998       SET     203     0.037658    0.0039761     0.068688      0.29177
F7_NULL_0999       SET     203    -0.090894   -0.0095971     0.066515       0.9141
F7_NULL_1000       SET     203     -0.07215    -0.007618     0.067746      0.85656
F7_NULL_1001       SET     203     0.076766    0.0081054     0.067272      0.12691
F7_NULL_1002       SET     203    -0.058414   -0.0061677       0.0682      0.80414
F7_NULL_1003       SET     203      0.12379     0.013071      0.06828     0.034923
F7_NULL_1004       SET     203      0.10706     0.011303     0.069425     0.061542
F7_NULL_1005       SET     203    -0.065052   -0.0068685      0.06738      0.83283
F7_NULL_1006       SET     203     0.077704    0.0082044     0.067878      0.12616
F7_NULL_1007       SET     203     -0.18036    -0.019043     0.066953      0.99646
F7_NULL_1008       SET     203    -0.096824    -0.010223      0.06584      0.92929
F7_NULL_1009       SET     203     0.029525    0.0031174     0.068244      0.33264
F7_NULL_1010       SET     203    -0.039588   -0.0041799     0.068711      0.71774
F7_NULL_1011       SET     203    0.0020248   0.00021379     0.068399      0.48819
F7_NULL_1012       SET     203     0.068307    0.0072122     0.068732      0.16016
F7_NULL_1013       SET     203    -0.025256   -0.0026666     0.069746      0.64136
F7_NULL_1014       SET     203    -0.036462   -0.0038498      0.06922      0.70081
F7_NULL_1015       SET     203     -0.17404    -0.018376      0.06895       0.9942
F7_NULL_1016       SET     203    -0.044588   -0.0047078      0.06673      0.74798
F7_NULL_1017       SET     203    -0.051636    -0.005452     0.068922      0.77312
F7_NULL_1018       SET     203      -0.1031    -0.010886     0.066519      0.93941
F7_NULL_1019       SET     203    0.0086505   0.00091336     0.067477        0.449
F7_NULL_1020       SET     203     0.013378    0.0014125     0.067907      0.42191
F7_NULL_1021       SET     203    -0.041642   -0.0043968     0.071088      0.72098
F7_NULL_1022       SET     203    -0.068376   -0.0072195     0.068573      0.84064
F7_NULL_1023       SET     203     0.057661    0.0060881     0.068979      0.20161
F7_NULL_1024       SET     203     -0.12814    -0.013529      0.06751      0.97115
F7_NULL_1025       SET     203     0.018816    0.0019866     0.065961      0.38773
F7_NULL_1026       SET     203     -0.10123    -0.010689     0.068975       0.9289
F7_NULL_1027       SET     203   0.00011363   1.1998e-05      0.06652      0.49932
F7_NULL_1028       SET     203    -0.040285   -0.0042535     0.067199      0.72557
F7_NULL_1029       SET     203    -0.083215   -0.0087862      0.06718      0.89226
F7_NULL_1030       SET     203    -0.018545   -0.0019581     0.065028      0.61225
F7_NULL_1031       SET     203    -0.081794   -0.0086362     0.066772       0.8897
F7_NULL_1032       SET     203     0.022732    0.0024001     0.065668      0.36461
F7_NULL_1033       SET     203     -0.17654     -0.01864     0.067695      0.99544
F7_NULL_1034       SET     203     -0.12957     -0.01368     0.070684      0.96659
F7_NULL_1035       SET     203     0.061957    0.0065417     0.066761       0.1767
F7_NULL_1036       SET     203     0.053811    0.0056816       0.0678       0.2137
F7_NULL_1037       SET     203      0.11561     0.012207     0.066785     0.041728
F7_NULL_1038       SET     203     -0.10356    -0.010935     0.067704      0.93694
F7_NULL_1039       SET     203    0.0042904     0.000453     0.066141      0.47414
F7_NULL_1040       SET     203    -0.069866   -0.0073767     0.069261      0.84344
F7_NULL_1041       SET     203    -0.037889   -0.0040005     0.067016      0.71409
F7_NULL_1042       SET     203   0.00053102   5.6068e-05     0.067382      0.49686
F7_NULL_1043       SET     203    -0.083557   -0.0088224     0.069256      0.88618
F7_NULL_1044       SET     203    -0.010411   -0.0010992     0.067526      0.56126
F7_NULL_1045       SET     203    -0.090516   -0.0095571     0.068418      0.90707
F7_NULL_1046       SET     203    -0.049859   -0.0052644     0.068417      0.76692
F7_NULL_1047       SET     203    -0.050932   -0.0053777     0.067096       0.7761
F7_NULL_1048       SET     203     -0.07061   -0.0074553     0.065773      0.85848
F7_NULL_1049       SET     203    -0.035051   -0.0037008     0.066097      0.70204
F7_NULL_1050       SET     203    -0.052362   -0.0055286     0.067506      0.78102
F7_NULL_1051       SET     203     0.040942    0.0043229      0.06793      0.27335
F7_NULL_1052       SET     203    -0.021312   -0.0022502     0.065237      0.62804
F7_NULL_1053       SET     203    0.0010548   0.00011137     0.067147      0.49373
F7_NULL_1054       SET     203     0.059728    0.0063063     0.069134      0.19382
F7_NULL_1055       SET     203    -0.029957    -0.003163     0.065064      0.67739
F7_NULL_1056       SET     203    -0.018098   -0.0019109     0.067063      0.60637
F7_NULL_1057       SET     203    -0.055166   -0.0058247     0.068784      0.78873
F7_NULL_1058       SET     203    -0.083105   -0.0087746     0.069425      0.88435
F7_NULL_1059       SET     203    -0.092604   -0.0097776     0.068284      0.91247
F7_NULL_1060       SET     203    -0.098394    -0.010389     0.065889      0.93231
F7_NULL_1061       SET     203    0.0015464   0.00016328     0.067353      0.49084
F7_NULL_1062       SET     203     -0.03765   -0.0039753      0.06626      0.71505
F7_NULL_1063       SET     203  -0.00010025  -1.0585e-05     0.068417      0.50058
F7_NULL_1064       SET     203     -0.12009    -0.012679     0.067226      0.96297
F7_NULL_1065       SET     203     -0.10293    -0.010867     0.067763       0.9356
F7_NULL_1066       SET     203      0.12143     0.012822     0.067284      0.03556
F7_NULL_1067       SET     203    -0.078158   -0.0082523     0.067227       0.8775
F7_NULL_1068       SET     203    -0.087634   -0.0092529     0.068429      0.89983
F7_NULL_1069       SET     203   -0.0061818  -0.00065271     0.068305      0.53606
F7_NULL_1070       SET     203     0.029038     0.003066     0.065993      0.32996
F7_NULL_1071       SET     203     0.035658     0.003765     0.065905      0.29424
F7_NULL_1072       SET     203   -0.0073959  -0.00078089     0.067024      0.54393
F7_NULL_1073       SET     203    -0.013418   -0.0014168     0.067601      0.57867
F7_NULL_1074       SET     203     -0.10715    -0.011313     0.068774      0.94037
F7_NULL_1075       SET     203    0.0095789    0.0010114     0.068059      0.44404
F7_NULL_1076       SET     203     0.019593    0.0020687     0.068281      0.38708
F7_NULL_1077       SET     203     -0.10202    -0.010772     0.069267      0.92959
F7_NULL_1078       SET     203      0.11725      0.01238     0.065568     0.036883
F7_NULL_1079       SET     203    -0.014825   -0.0015653      0.07014       0.5837
F7_NULL_1080       SET     203    -0.057676   -0.0060897     0.068026      0.80173
F7_NULL_1081       SET     203    -0.090183   -0.0095219     0.067123      0.91044
F7_NULL_1082       SET     203    -0.038951   -0.0041126     0.065743      0.72323
F7_NULL_1083       SET     203     0.018113    0.0019124     0.067098       0.3936
F7_NULL_1084       SET     203     -0.11492    -0.012133      0.06749      0.95568
F7_NULL_1085       SET     203    -0.095457    -0.010079     0.069105       0.9164
F7_NULL_1086       SET     203    -0.016579   -0.0017505     0.066134      0.59897
F7_NULL_1087       SET     203    0.0079395   0.00083829     0.068493      0.45386
F7_NULL_1088       SET     203    -0.038833   -0.0041001     0.068644       0.7142
F7_NULL_1089       SET     203    -0.087904   -0.0092813     0.068872      0.89907
F7_NULL_1090       SET     203   0.00089127   9.4105e-05     0.069781       0.4949
F7_NULL_1091       SET     203    -0.034418    -0.003634     0.069644      0.68941
F7_NULL_1092       SET     203    -0.033487   -0.0035357     0.067674      0.68963
F7_NULL_1093       SET     203     0.047211    0.0049847     0.066922      0.24027
F7_NULL_1094       SET     203    -0.023592    -0.002491     0.067217       0.6372
F7_NULL_1095       SET     203      -0.1299    -0.013716      0.06645      0.97469
F7_NULL_1096       SET     203    -0.035173   -0.0037138     0.065854      0.70336
F7_NULL_1097       SET     203     -0.04221   -0.0044568     0.067399      0.73443
F7_NULL_1098       SET     203     0.072276    0.0076313     0.067355      0.14163
F7_NULL_1099       SET     203     0.048787    0.0051511     0.065667      0.22876
F7_NULL_1100       SET     203     0.082697    0.0087316      0.06584      0.10456
F7_NULL_1101       SET     203    0.0039837   0.00042062     0.066514      0.47612
F7_NULL_1102       SET     203     0.092447     0.009761      0.06714     0.084275
F7_NULL_1103       SET     203  -0.00033734  -3.5618e-05     0.069466      0.50194
F7_NULL_1104       SET     203    -0.062154   -0.0065625     0.068366      0.81835
F7_NULL_1105       SET     203    -0.031105   -0.0032842      0.06746      0.67763
F7_NULL_1106       SET     203    -0.012809   -0.0013525     0.067128      0.57567
F7_NULL_1107       SET     203     0.043616    0.0046052     0.068512      0.26219
F7_NULL_1108       SET     203     0.015789     0.001667     0.068405      0.40873
F7_NULL_1109       SET     203    -0.026855   -0.0028355     0.066838      0.65608
F7_NULL_1110       SET     203    -0.096084    -0.010145     0.067574      0.92246
F7_NULL_1111       SET     203     -0.12859    -0.013577     0.068819      0.96914
F7_NULL_1112       SET     203     -0.01112   -0.0011741     0.069878      0.56322
F7_NULL_1113       SET     203     0.097536     0.010298     0.067076     0.072967
F7_NULL_1114       SET     203    -0.015021    -0.001586     0.066847       0.5889
F7_NULL_1115       SET     203    -0.014476   -0.0015285     0.067365      0.58508
F7_NULL_1116       SET     203     0.014643    0.0015461     0.066701      0.41312
F7_NULL_1117       SET     203     0.067328    0.0071089     0.067872      0.16061
F7_NULL_1118       SET     203    -0.093558   -0.0098783     0.067071      0.91847
F7_NULL_1119       SET     203     0.027372    0.0028901     0.067855      0.34333
F7_NULL_1120       SET     203    -0.023142   -0.0024434     0.065787      0.63749
F7_NULL_1121       SET     203   -0.0078242  -0.00082611     0.067307      0.54627
F7_NULL_1122       SET     203    -0.044957   -0.0047468     0.067461      0.74742
F7_NULL_1123       SET     203     0.070261    0.0074185     0.067355      0.14845
F7_NULL_1124       SET     203    -0.077339   -0.0081658     0.065691      0.88046
F7_NULL_1125       SET     203    -0.051042   -0.0053893     0.066183      0.77971
F7_NULL_1126       SET     203     -0.11576    -0.012223     0.067654      0.95646
F7_NULL_1127       SET     203      0.11152     0.011775     0.069007     0.053048
F7_NULL_1128       SET     203     0.011353    0.0011987     0.068281      0.43397
F7_NULL_1129       SET     203     -0.10152    -0.010719     0.066762      0.93582
F7_NULL_1130       SET     203    0.0061133   0.00064547     0.067128      0.46372
F7_NULL_1131       SET     203     0.012559    0.0013261     0.068527      0.42729
F7_NULL_1132       SET     203     0.055669    0.0058778     0.069302      0.21091
F7_NULL_1133       SET     203    -0.001254   -0.0001324      0.06666       0.5075
F7_NULL_1134       SET     203     0.013338    0.0014083     0.069394      0.42379
F7_NULL_1135       SET     203     -0.10322    -0.010898     0.067744      0.93619
F7_NULL_1136       SET     203      0.02331    0.0024612     0.067199      0.36434
F7_NULL_1137       SET     203    -0.091694   -0.0096815      0.06672      0.91532
F7_NULL_1138       SET     203    -0.068315    -0.007213     0.068328      0.84129
F7_NULL_1139       SET     203     0.030247    0.0031936     0.068123      0.32853
F7_NULL_1140       SET     203     0.066541    0.0070257      0.06657      0.15877
F7_NULL_1141       SET     203     0.012624    0.0013329     0.067391       0.4257
F7_NULL_1142       SET     203     0.065672    0.0069339     0.067137        0.164
F7_NULL_1143       SET     203     0.012136    0.0012814     0.070328       0.4315
F7_NULL_1144       SET     203     0.082808    0.0087433     0.069068      0.11528
F7_NULL_1145       SET     203     0.057744    0.0060969     0.067809      0.19723
F7_NULL_1146       SET     203     -0.14264     -0.01506        0.065      0.98589
F7_NULL_1147       SET     203      0.11086     0.011705     0.070154      0.05704
F7_NULL_1148       SET     203     0.014583    0.0015398     0.069553      0.41696
F7_NULL_1149       SET     203    -0.066315   -0.0070019       0.0672      0.83813
F7_NULL_1150       SET     203     -0.10889    -0.011497     0.068138      0.94498
F7_NULL_1151       SET     203     0.034504    0.0036431     0.067006       0.3033
F7_NULL_1152       SET     203     -0.04336   -0.0045781     0.069719        0.733
F7_NULL_1153       SET     203    -0.012929   -0.0013651     0.066516      0.57706
F7_NULL_1154       SET     203     0.041419    0.0043732     0.067034      0.26833
F7_NULL_1155       SET     203     -0.01327   -0.0014011     0.069091      0.57616
F7_NULL_1156       SET     203    -0.063214   -0.0066745     0.068569      0.82171
F7_NULL_1157       SET     203     -0.08079   -0.0085302     0.069545      0.87731
F7_NULL_1158       SET     203      0.12367     0.013058     0.063455     0.025661
F7_NULL_1159       SET     203     0.024641    0.0026017     0.065052      0.35242
F7_NULL_1160       SET     203    -0.017669   -0.0018656     0.068972      0.60109
F7_NULL_1161       SET     203    -0.042788   -0.0045177     0.068082      0.73515
F7_NULL_1162       SET     203     -0.09618    -0.010155     0.069794       0.9159
F7_NULL_1163       SET     203    0.0030455   0.00032155      0.06926      0.48246
F7_NULL_1164       SET     203      0.14205     0.014998     0.066148     0.015887
F7_NULL_1165       SET     203    -0.087863   -0.0092769     0.066074      0.90819
F7_NULL_1166       SET     203     0.022494     0.002375     0.066934      0.36841
F7_NULL_1167       SET     203    -0.039376   -0.0041575     0.066971      0.72172
F7_NULL_1168       SET     203    0.0015066   0.00015908     0.066024       0.4909
F7_NULL_1169       SET     203    -0.039553   -0.0041762     0.066973       0.7226
F7_NULL_1170       SET     203     0.035547    0.0037532     0.067524       0.2993
F7_NULL_1171       SET     203     0.072002    0.0076023     0.071551      0.15714
F7_NULL_1172       SET     203      0.11938     0.012604     0.068751      0.04126
F7_NULL_1173       SET     203  -0.00029076    -3.07e-05     0.067222      0.50173
F7_NULL_1174       SET     203   -0.0085593  -0.00090373      0.06831      0.54986
F7_NULL_1175       SET     203     -0.04861   -0.0051325     0.067825      0.76321
F7_NULL_1176       SET     203     0.027189    0.0028707     0.069273      0.34735
F7_NULL_1177       SET     203    -0.034588    -0.003652     0.066565      0.69833
F7_NULL_1178       SET     203   -0.0035359  -0.00037333     0.068692      0.52053
F7_NULL_1179       SET     203    -0.039077   -0.0041259     0.067979       0.7173
F7_NULL_1180       SET     203    -0.098404     -0.01039      0.06652      0.93046
F7_NULL_1181       SET     203     0.043026    0.0045429     0.068968      0.26637
F7_NULL_1182       SET     203     -0.14455    -0.015262      0.06807      0.98314
F7_NULL_1183       SET     203       0.0444     0.004688     0.068722      0.25912
F7_NULL_1184       SET     203     0.012743    0.0013454     0.067117      0.42471
F7_NULL_1185       SET     203    -0.040155   -0.0042398     0.069064      0.71952
F7_NULL_1186       SET     203    -0.069836   -0.0073736     0.067346      0.85012
F7_NULL_1187       SET     203     0.020679    0.0021833     0.065382       0.3759
F7_NULL_1188       SET     203    -0.027509   -0.0029046     0.064874      0.66423
F7_NULL_1189       SET     203    -0.034091   -0.0035995     0.068024      0.69187
F7_NULL_1190       SET     203   0.00047342   4.9986e-05      0.06913      0.49727
F7_NULL_1191       SET     203    -0.064447   -0.0068046     0.067672      0.82953
F7_NULL_1192       SET     203    -0.026161   -0.0027622     0.070234      0.64523
F7_NULL_1193       SET     203    -0.062628   -0.0066125     0.066576      0.82656
F7_NULL_1194       SET     203    0.0088209   0.00093135     0.066337      0.44711
F7_NULL_1195       SET     203     0.047975    0.0050654     0.067587      0.23891
F7_NULL_1196       SET     203    -0.016375   -0.0017289     0.066397       0.5974
F7_NULL_1197       SET     203   -0.0051042  -0.00053892     0.067577       0.5301
F7_NULL_1198       SET     203     0.016857    0.0017798      0.06948      0.40415
F7_NULL_1199       SET     203    -0.067249   -0.0071005     0.070557      0.82973
F7_NULL_1200       SET     203     0.011257    0.0011886     0.067534      0.43381
F7_NULL_1201       SET     203     0.048598    0.0051312     0.066544       0.2326
F7_NULL_1202       SET     203    -0.072176   -0.0076207     0.067242      0.85844
F7_NULL_1203       SET     203    -0.048346   -0.0051046     0.068137        0.761
F7_NULL_1204       SET     203     0.057955    0.0061192     0.066951      0.19335
F7_NULL_1205       SET     203     0.017373    0.0018343     0.065801      0.39589
F7_NULL_1206       SET     203    0.0076276   0.00080536      0.06651      0.45435
F7_NULL_1207       SET     203     0.010614    0.0011207     0.067881      0.43787
F7_NULL_1208       SET     203    -0.033622     -0.00355     0.068214      0.68895
F7_NULL_1209       SET     203    0.0055753   0.00058867     0.068058      0.46736
F7_NULL_1210       SET     203    -0.076653   -0.0080934     0.067734       0.8711
F7_NULL_1211       SET     203     -0.19832    -0.020939     0.067151      0.99843
F7_NULL_1212       SET     203     0.050688    0.0053519     0.067524      0.22643
F7_NULL_1213       SET     203    -0.051305    -0.005417     0.065816      0.78216
F7_NULL_1214       SET     203     -0.03802   -0.0040144      0.06664      0.71584
F7_NULL_1215       SET     203     -0.04364   -0.0046077     0.069392      0.73529
F7_NULL_1216       SET     203     0.074162    0.0078304     0.067579      0.13624
F7_NULL_1217       SET     203    -0.095538    -0.010087     0.070771      0.91148
F7_NULL_1218       SET     203     0.014616    0.0015432     0.066688      0.41326
F7_NULL_1219       SET     203     0.083476    0.0088138     0.071526       0.1216
F7_NULL_1220       SET     203     -0.07789    -0.008224     0.069447      0.86897
F7_NULL_1221       SET     203     0.024132     0.002548     0.068231      0.36179
F7_NULL_1222       SET     203    -0.047526    -0.005018     0.068412      0.75637
F7_NULL_1223       SET     203      0.05598    0.0059107      0.06798      0.20512
F7_NULL_1224       SET     203     -0.03491    -0.003686     0.066492      0.70021
F7_NULL_1225       SET     203     -0.12759    -0.013472     0.068392      0.96894
F7_NULL_1226       SET     203     -0.12854    -0.013572     0.064537      0.97679
F7_NULL_1227       SET     203     0.043203    0.0045616     0.066466      0.25785
F7_NULL_1228       SET     203      -0.0729   -0.0076971     0.064103      0.87227
F7_NULL_1229       SET     203     0.049354    0.0052111     0.067973       0.2339
F7_NULL_1230       SET     203    -0.037875    -0.003999     0.065267      0.71914
F7_NULL_1231       SET     203    -0.084248   -0.0088953     0.065071      0.90228
F7_NULL_1232       SET     203   -0.0057929  -0.00061164     0.068543      0.53368
F7_NULL_1233       SET     203      0.11517      0.01216     0.066447     0.041538
F7_NULL_1234       SET     203    -0.082985   -0.0087619     0.065445      0.89759
F7_NULL_1235       SET     203     0.044307    0.0046781     0.071462      0.26763
F7_NULL_1236       SET     203     -0.13086    -0.013817     0.068303      0.97231
F7_NULL_1237       SET     203     0.057155    0.0060347     0.066288      0.19429
F7_NULL_1238       SET     203    -0.072344   -0.0076385     0.067447      0.85827
F7_NULL_1239       SET     203     0.045955    0.0048522     0.065926      0.24288
F7_NULL_1240       SET     203     0.074487    0.0078647     0.066062      0.12977
F7_NULL_1241       SET     203      0.05592    0.0059043     0.069787      0.21149
F7_NULL_1242       SET     203     -0.04443   -0.0046911     0.068088      0.74297
F7_NULL_1243       SET     203    -0.099753    -0.010532     0.068326      0.92784
F7_NULL_1244       SET     203    -0.051618   -0.0054501      0.06575      0.78379
F7_NULL_1245       SET     203     -0.14372    -0.015174     0.067937       0.9828
F7_NULL_1246       SET     203    -0.039719   -0.0041937     0.065615      0.72752
F7_NULL_1247       SET     203     0.049006    0.0051743     0.067881      0.23517
F7_NULL_1248       SET     203    -0.040031   -0.0042266     0.067835      0.72244
F7_NULL_1249       SET     203    -0.034182   -0.0036091      0.07067      0.68569
F7_NULL_1250       SET     203     0.055904    0.0059026     0.066032      0.19861
F7_NULL_1251       SET     203    -0.034824   -0.0036769     0.068151      0.69532
F7_NULL_1252       SET     203    -0.096067    -0.010143     0.071673      0.90993
F7_NULL_1253       SET     203     0.074809    0.0078987     0.068657      0.13795
F7_NULL_1254       SET     203    0.0017219   0.00018181     0.067193      0.48978
F7_NULL_1255       SET     203     0.035244    0.0037212      0.06615      0.29709
F7_NULL_1256       SET     203     0.057118    0.0060308      0.06765      0.19925
F7_NULL_1257       SET     203    -0.010851   -0.0011457     0.066755      0.56456
F7_NULL_1258       SET     203     0.054776    0.0057835     0.067672      0.20914
F7_NULL_1259       SET     203     0.016308    0.0017218     0.065846       0.4022
F7_NULL_1260       SET     203     0.046054    0.0048626     0.069138      0.25267
F7_NULL_1261       SET     203     -0.12844    -0.013562     0.068075       0.9704
F7_NULL_1262       SET     203    0.0025083   0.00026484     0.066531      0.48496
F7_NULL_1263       SET     203      0.12791     0.013505     0.068516      0.03097
F7_NULL_1264       SET     203     0.017185    0.0018145     0.067331      0.39928
F7_NULL_1265       SET     203    -0.031672   -0.0033441     0.067576      0.68035
F7_NULL_1266       SET     203    -0.050402   -0.0053217     0.067471      0.77247
F7_NULL_1267       SET     203     0.034812    0.0036757     0.066956      0.30156
F7_NULL_1268       SET     203   -0.0054892  -0.00057958     0.068635      0.53187
F7_NULL_1269       SET     203     0.016263    0.0017171     0.065335      0.40171
F7_NULL_1270       SET     203      0.15827     0.016711     0.068976     0.010886
F7_NULL_1271       SET     203     0.023871    0.0025205     0.069113       0.3649
F7_NULL_1272       SET     203    -0.085123   -0.0089877     0.067914      0.89496
F7_NULL_1273       SET     203    -0.021606   -0.0022813     0.068298      0.62413
F7_NULL_1274       SET     203    -0.074432   -0.0078589     0.066672      0.86786
F7_NULL_1275       SET     203     0.003542   0.00037398     0.069819      0.47977
F7_NULL_1276       SET     203    -0.088122   -0.0093044     0.069584      0.89731
F7_NULL_1277       SET     203    -0.018525   -0.0019559     0.068702      0.60628
F7_NULL_1278       SET     203     -0.10175    -0.010743     0.068268      0.93193
F7_NULL_1279       SET     203     0.010249    0.0010822     0.066445      0.43871
F7_NULL_1280       SET     203      0.19878     0.020988     0.068228    0.0017892
F7_NULL_1281       SET     203  -0.00018719  -1.9764e-05     0.066668      0.50112
F7_NULL_1282       SET     203    -0.097863    -0.010333     0.064291      0.93601
F7_NULL_1283       SET     203    -0.070969   -0.0074933     0.069168      0.84756
F7_NULL_1284       SET     203     0.063021    0.0066541     0.066382      0.17122
F7_NULL_1285       SET     203     0.010113    0.0010678     0.068454      0.44128
F7_NULL_1286       SET     203     0.043802    0.0046248     0.067789      0.25909
F7_NULL_1287       SET     203    -0.013596   -0.0014355     0.068515      0.57865
F7_NULL_1288       SET     203     0.080978      0.00855     0.067797      0.11616
F7_NULL_1289       SET     203     0.059138     0.006244     0.070055       0.1993
F7_NULL_1290       SET     203     -0.12929    -0.013651     0.066532        0.974
F7_NULL_1291       SET     203    -0.024721   -0.0026102     0.068061      0.64178
F7_NULL_1292       SET     203     0.091611    0.0096727     0.066378     0.083781
F7_NULL_1293       SET     203     0.098326     0.010382     0.064426     0.063493
F7_NULL_1294       SET     203     0.034828    0.0036773      0.06592      0.29863
F7_NULL_1295       SET     203     -0.13296    -0.014038     0.067343      0.97582
F7_NULL_1296       SET     203     0.075515    0.0079733     0.066848      0.12932
F7_NULL_1297       SET     203      0.01996    0.0021075     0.064943      0.37929
F7_NULL_1298       SET     203     0.024456    0.0025822     0.069159      0.36181
F7_NULL_1299       SET     203     0.064367    0.0067962     0.067493      0.17013
F7_NULL_1300       SET     203    -0.050248   -0.0053054     0.066991      0.77339
F7_NULL_1301       SET     203     0.054743    0.0057801     0.069228      0.21455
F7_NULL_1302       SET     203     -0.04421   -0.0046679     0.066528      0.74682
F7_NULL_1303       SET     203    -0.019855   -0.0020964     0.067723      0.61531
F7_NULL_1304       SET     203     0.038544    0.0040696     0.067413      0.28375
F7_NULL_1305       SET     203     -0.01272   -0.0013431     0.065234       0.5773
F7_NULL_1306       SET     203     0.027995    0.0029558     0.067755      0.33974
F7_NULL_1307       SET     203     -0.17345    -0.018313     0.068295      0.99445
F7_NULL_1308       SET     203     -0.10201    -0.010771     0.069744      0.92822
F7_NULL_1309       SET     203    -0.071373   -0.0075359     0.066674      0.85779
F7_NULL_1310       SET     203      0.08404    0.0088734     0.064879      0.09761
F7_NULL_1311       SET     203     0.097852     0.010332     0.066792     0.071465
F7_NULL_1312       SET     203    -0.055927   -0.0059051     0.065404      0.80375
F7_NULL_1313       SET     203    -0.058695   -0.0061973     0.066998       0.8095
F7_NULL_1314       SET     203      0.15795     0.016678     0.065475    0.0079287
F7_NULL_1315       SET     203     -0.12274    -0.012959     0.067835      0.96479
F7_NULL_1316       SET     203   -0.0020911  -0.00022079      0.06771      0.51232
F7_NULL_1317       SET     203     0.049714     0.005249     0.068696      0.23464
F7_NULL_1318       SET     203     0.018489    0.0019522     0.067594      0.39222
F7_NULL_1319       SET     203     -0.01681   -0.0017748     0.067587      0.59821
F7_NULL_1320       SET     203     0.018001    0.0019006     0.065734       0.3921
F7_NULL_1321       SET     203    -0.086848   -0.0091698     0.069102      0.89558
F7_NULL_1322       SET     203      0.01091    0.0011519     0.069372      0.43752
F7_NULL_1323       SET     203  -0.00053041  -5.6003e-05     0.066664      0.50317
F7_NULL_1324       SET     203     0.077193    0.0081504     0.068234      0.12897
F7_NULL_1325       SET     203    -0.022089   -0.0023322     0.066502      0.63011
F7_NULL_1326       SET     203    -0.010463   -0.0011047     0.067231      0.56184
F7_NULL_1327       SET     203     0.031759    0.0033533     0.068941      0.32252
F7_NULL_1328       SET     203    -0.098326    -0.010382     0.066191      0.93128
F7_NULL_1329       SET     203     0.040471    0.0042731     0.068565      0.27751
F7_NULL_1330       SET     203    -0.032559   -0.0034377     0.070806      0.67718
F7_NULL_1331       SET     203     0.040733    0.0043008     0.067202      0.27222
F7_NULL_1332       SET     203     0.030328    0.0032022     0.068638       0.3293
F7_NULL_1333       SET     203    -0.013876   -0.0014651     0.068516      0.58025
F7_NULL_1334       SET     203    -0.013459   -0.0014211     0.069025       0.5773
F7_NULL_1335       SET     203     -0.12029      -0.0127     0.068431       0.9606
F7_NULL_1336       SET     203    -0.010014   -0.0010573     0.066737      0.55964
F7_NULL_1337       SET     203    -0.033675   -0.0035556     0.067079      0.69217
F7_NULL_1338       SET     203    -0.018516    -0.001955     0.069874      0.60449
F7_NULL_1339       SET     203     0.046712    0.0049321     0.066907      0.24254
F7_NULL_1340       SET     203    -0.013443   -0.0014194     0.067078      0.57942
F7_NULL_1341       SET     203     -0.06299   -0.0066508     0.068676      0.82048
F7_NULL_1342       SET     203     0.055446    0.0058542     0.068713      0.20986
F7_NULL_1343       SET     203     0.039302    0.0041496     0.065857      0.27534
F7_NULL_1344       SET     203   -0.0088185   -0.0009311     0.063461      0.55526
F7_NULL_1345       SET     203     0.079228    0.0083653     0.067695      0.12093
F7_NULL_1346       SET     203    -0.047146   -0.0049778     0.066702      0.76015
F7_NULL_1347       SET     203     -0.06831   -0.0072125      0.06959      0.83684
F7_NULL_1348       SET     203    -0.038993   -0.0041171     0.069333      0.71308
F7_NULL_1349       SET     203    -0.040076   -0.0042314     0.068861      0.71971
F7_NULL_1350       SET     203    -0.041338   -0.0043647     0.066286      0.73356
F7_NULL_1351       SET     203     0.024701     0.002608     0.065838      0.35377
F7_NULL_1352       SET     203    -0.051003   -0.0053852     0.068601       0.7714
F7_NULL_1353       SET     203    -0.023667   -0.0024989     0.067272      0.63751
F7_NULL_1354       SET     203  -0.00072198   -7.623e-05     0.068171      0.50422
F7_NULL_1355       SET     203     0.023966    0.0025305     0.068621      0.36345
F7_NULL_1356       SET     203     0.028363    0.0029947     0.069881      0.34242
F7_NULL_1357       SET     203    -0.013031   -0.0013758     0.067399      0.57665
F7_NULL_1358       SET     203     0.053974    0.0056988     0.065707      0.20571
F7_NULL_1359       SET     203     0.064178    0.0067762     0.069167      0.17675
F7_NULL_1360       SET     203    0.0033257   0.00035114     0.069253      0.48085
F7_NULL_1361       SET     203      0.01388    0.0014655     0.068158      0.41932
F7_NULL_1362       SET     203     -0.10707    -0.011305     0.068225      0.94171
F7_NULL_1363       SET     203    -0.009839   -0.0010389     0.069236       0.5565
F7_NULL_1364       SET     203      0.02798    0.0029543     0.069134      0.34284
F7_NULL_1365       SET     203     0.026904    0.0028407     0.065136      0.33979
F7_NULL_1366       SET     203     -0.15929    -0.016819     0.069755       0.9888
F7_NULL_1367       SET     203     -0.09975    -0.010532     0.065886      0.93498
F7_NULL_1368       SET     203   -0.0048704  -0.00051424     0.068374      0.52839
F7_NULL_1369       SET     203     0.063637    0.0067191     0.065313      0.16495
F7_NULL_1370       SET     203    -0.040034    -0.004227     0.066218      0.72727
F7_NULL_1371       SET     203      0.11541     0.012185      0.06937     0.048099
F7_NULL_1372       SET     203    -0.044324     -0.00468      0.06702       0.7458
F7_NULL_1373       SET     203    -0.038636   -0.0040794     0.068141      0.71464
F7_NULL_1374       SET     203    -0.036183   -0.0038204     0.068175       0.7022
F7_NULL_1375       SET     203    -0.012095   -0.0012771     0.067895      0.57069
F7_NULL_1376       SET     203    -0.041002   -0.0043292       0.0674      0.72851
F7_NULL_1377       SET     203    -0.017797   -0.0018791     0.066745      0.60512
F7_NULL_1378       SET     203     0.070498    0.0074435     0.067105      0.14674
F7_NULL_1379       SET     203      0.13894      0.01467     0.067684     0.020054
F7_NULL_1380       SET     203   -0.0085475  -0.00090249      0.06893      0.54934
F7_NULL_1381       SET     203     0.021484    0.0022683     0.066402      0.37315
F7_NULL_1382       SET     203     -0.12383    -0.013074     0.067375      0.96695
F7_NULL_1383       SET     203    -0.033263   -0.0035121     0.064744      0.69629
F7_NULL_1384       SET     203     0.013448    0.0014199     0.066967      0.42042
F7_NULL_1385       SET     203     0.017153    0.0018111     0.066859      0.39876
F7_NULL_1386       SET     203     0.082711     0.008733     0.066593      0.10712
F7_NULL_1387       SET     203    -0.048089   -0.0050775     0.069365      0.75593
F7_NULL_1388       SET     203    -0.068392   -0.0072212     0.066699       0.8474
F7_NULL_1389       SET     203   -0.0014678  -0.00015498     0.065178      0.50898
F7_NULL_1390       SET     203    -0.029047   -0.0030669     0.066708      0.66837
F7_NULL_1391       SET     203     0.061138    0.0064553     0.067988      0.18427
F7_NULL_1392       SET     203    -0.025137   -0.0026541     0.070361      0.63955
F7_NULL_1393       SET     203    -0.045435   -0.0047972      0.06811      0.74763
F7_NULL_1394       SET     203    -0.019335   -0.0020414     0.066092      0.61506
F7_NULL_1395       SET     203      0.05961    0.0062939     0.068062      0.19057
F7_NULL_1396       SET     203    -0.022351   -0.0023599     0.066389      0.63181
F7_NULL_1397       SET     203      0.03212    0.0033913     0.067573      0.31728
F7_NULL_1398       SET     203     -0.01942   -0.0020505     0.067569       0.6131
F7_NULL_1399       SET     203     -0.19713    -0.020814     0.068018      0.99812
F7_NULL_1400       SET     203    -0.067254    -0.007101      0.06863      0.83644
F7_NULL_1401       SET     203     -0.03728   -0.0039362     0.068226      0.70761
F7_NULL_1402       SET     203     0.037339    0.0039424     0.066779      0.28804
F7_NULL_1403       SET     203       0.1704     0.017991     0.067625     0.005877
F7_NULL_1404       SET     203       0.0541    0.0057122     0.067625      0.21186
F7_NULL_1405       SET     203     0.066451    0.0070162     0.067141      0.16116
F7_NULL_1406       SET     203     0.016287    0.0017197     0.069539      0.40741
F7_NULL_1407       SET     203   -0.0082285  -0.00086881     0.068742      0.54764
F7_NULL_1408       SET     203     0.028895    0.0030509     0.067673       0.3347
F7_NULL_1409       SET     203     0.045523    0.0048065     0.066571      0.24705
F7_NULL_1410       SET     203    -0.077303    -0.008162     0.070021      0.86519
F7_NULL_1411       SET     203     0.061752    0.0065201       0.0672      0.17907
F7_NULL_1412       SET     203   -0.0079453   -0.0008389     0.069895      0.54525
F7_NULL_1413       SET     203     0.072673    0.0076732     0.066836      0.13845
F7_NULL_1414       SET     203      0.05107    0.0053922     0.066596      0.22159
F7_NULL_1415       SET     203     0.006466   0.00068271     0.066633      0.46135
F7_NULL_1416       SET     203     0.042466    0.0044837     0.066787      0.26245
F7_NULL_1417       SET     203     0.056718    0.0059886     0.068767      0.20475
F7_NULL_1418       SET     203    0.0002309   2.4379e-05     0.066947      0.49862
F7_NULL_1419       SET     203   -0.0054918  -0.00057985      0.06751      0.53242
F7_NULL_1420       SET     203     0.075617     0.007984     0.068957      0.13642
F7_NULL_1421       SET     203     -0.11577    -0.012223      0.06789      0.95591
F7_NULL_1422       SET     203     0.030917    0.0032644      0.06791      0.32446
F7_NULL_1423       SET     203      0.10805     0.011409       0.0701     0.061617
F7_NULL_1424       SET     203    -0.069162   -0.0073025     0.066931      0.84927
F7_NULL_1425       SET     203    0.0078181   0.00082547     0.066634       0.4533
F7_NULL_1426       SET     203    -0.086227   -0.0091043     0.068216      0.89688
F7_NULL_1427       SET     203    -0.045862   -0.0048424     0.068535       0.7483
F7_NULL_1428       SET     203     0.026851     0.002835      0.06649      0.34317
F7_NULL_1429       SET     203     0.025339    0.0026754     0.068857      0.35644
F7_NULL_1430       SET     203    0.0052183   0.00055098     0.065842      0.46842
F7_NULL_1431       SET     203      0.07285    0.0076918     0.069208      0.14627
F7_NULL_1432       SET     203    0.0035335   0.00037308      0.06583       0.4786
F7_NULL_1433       SET     203    -0.013698   -0.0014463     0.067015      0.58098
F7_NULL_1434       SET     203       0.1246     0.013156     0.066889     0.031251
F7_NULL_1435       SET     203     0.084444     0.008916     0.068328      0.10826
F7_NULL_1436       SET     203     0.019975     0.002109     0.067492      0.38363
F7_NULL_1437       SET     203    -0.030946   -0.0032674     0.066954      0.67803
F7_NULL_1438       SET     203    -0.078265   -0.0082636      0.06876      0.87248
F7_NULL_1439       SET     203    -0.048224   -0.0050918     0.066952      0.76432
F7_NULL_1440       SET     203     0.035327      0.00373     0.067403       0.3001
F7_NULL_1441       SET     203      -0.1325     -0.01399     0.068877      0.97279
F7_NULL_1442       SET     203    -0.050091   -0.0052888     0.067634      0.77053
F7_NULL_1443       SET     203    -0.062744   -0.0066248     0.066613      0.82687
F7_NULL_1444       SET     203     0.012322     0.001301     0.064984      0.42481
F7_NULL_1445       SET     203    -0.028287   -0.0029867      0.07036      0.65617
F7_NULL_1446       SET     203    -0.074226   -0.0078372     0.068595      0.86039
F7_NULL_1447       SET     203      0.17501     0.018478     0.066007    0.0040116
F7_NULL_1448       SET     203    -0.058652   -0.0061928     0.065537      0.81459
F7_NULL_1449       SET     203    -0.040403   -0.0042659     0.068244      0.72308
F7_NULL_1450       SET     203   -0.0092992  -0.00098185     0.068979      0.55362
F7_NULL_1451       SET     203     -0.19013    -0.020075     0.068179      0.99735
F7_NULL_1452       SET     203     -0.05822   -0.0061471     0.068537      0.80218
F7_NULL_1453       SET     203     0.074333    0.0078484      0.06552       0.1283
F7_NULL_1454       SET     203  -0.00019475  -2.0563e-05     0.065334      0.50119
F7_NULL_1455       SET     203      0.04538    0.0047914     0.068087      0.25255
F7_NULL_1456       SET     203      0.06423    0.0067817     0.067168      0.16948
F7_NULL_1457       SET     203    0.0010337   0.00010914     0.065422       0.4937
F7_NULL_1458       SET     203    -0.092839   -0.0098024     0.068798      0.91139
F7_NULL_1459       SET     203    -0.010661   -0.0011256      0.06858      0.56176
F7_NULL_1460       SET     203     0.024401    0.0025764      0.06703      0.35792
F7_NULL_1461       SET     203     0.017813    0.0018808     0.069129      0.39833
F7_NULL_1462       SET     203    -0.040729   -0.0043004     0.067494      0.72689
F7_NULL_1463       SET     203     0.081932    0.0086507      0.06876      0.11673
F7_NULL_1464       SET     203    -0.019102   -0.0020169     0.068415      0.60995
F7_NULL_1465       SET     203    0.0030624   0.00032335     0.067821      0.48199
F7_NULL_1466       SET     203    -0.025974   -0.0027425     0.068265      0.64821
F7_NULL_1467       SET     203    -0.044455   -0.0046937     0.068568      0.74161
F7_NULL_1468       SET     203     0.066529    0.0070244     0.068688      0.16639
F7_NULL_1469       SET     203    -0.094434   -0.0099708     0.066495      0.92221
F7_NULL_1470       SET     203    -0.057846   -0.0061077      0.06698       0.8061
F7_NULL_1471       SET     203     -0.16224     -0.01713     0.069494      0.99021
F7_NULL_1472       SET     203     0.018395    0.0019422     0.069362      0.39543
F7_NULL_1473       SET     203     0.023468    0.0024779     0.068999      0.36689
F7_NULL_1474       SET     203     0.061949    0.0065409     0.069133      0.18511
F7_NULL_1475       SET     203     -0.11184    -0.011809     0.067447      0.95135
F7_NULL_1476       SET     203     0.097011     0.010243     0.068964     0.079768
F7_NULL_1477       SET     203    -0.070445   -0.0074379     0.068151      0.84934
F7_NULL_1478       SET     203    -0.058985   -0.0062279     0.068144      0.80664
F7_NULL_1479       SET     203   -0.0064057  -0.00067634     0.066674      0.53827
F7_NULL_1480       SET     203     0.048874    0.0051603     0.065105      0.22642
F7_NULL_1481       SET     203     0.093051    0.0098248     0.064981     0.076086
F7_NULL_1482       SET     203     0.017859    0.0018856     0.066381      0.39395
F7_NULL_1483       SET     203     -0.03538   -0.0037356     0.068965      0.69602
F7_NULL_1484       SET     203    -0.041352   -0.0043662     0.066519      0.73291
F7_NULL_1485       SET     203    0.0093989   0.00099238       0.0684      0.44535
F7_NULL_1486       SET     203    -0.062188   -0.0065661     0.068507      0.81799
F7_NULL_1487       SET     203     -0.11396    -0.012032     0.066243       0.9573
F7_NULL_1488       SET     203    -0.013048   -0.0013776     0.067141      0.57704
F7_NULL_1489       SET     203     -0.08978   -0.0094794     0.067179      0.90929
F7_NULL_1490       SET     203     0.036314    0.0038342     0.067109      0.29422
F7_NULL_1491       SET     203     -0.11947    -0.012614     0.066987      0.96274
F7_NULL_1492       SET     203   -0.0038493  -0.00040643     0.070641      0.52173
F7_NULL_1493       SET     203    -0.036297   -0.0038324     0.068196      0.70272
F7_NULL_1494       SET     203   -0.0059721  -0.00063057     0.068984      0.53449
F7_NULL_1495       SET     203    -0.022827   -0.0024102     0.067087      0.63317
F7_NULL_1496       SET     203     0.057993    0.0061232     0.066517      0.19165
F7_NULL_1497       SET     203     0.002678   0.00028275     0.067777      0.48424
F7_NULL_1498       SET     203    -0.099631     -0.01052     0.067494      0.93004
F7_NULL_1499       SET     203   0.00068046   7.1847e-05     0.064912      0.49582
F7_NULL_1500       SET     203     0.033109    0.0034958     0.066791      0.31005
F7_NULL_1501       SET     203   -0.0015392  -0.00016251     0.067075      0.50915
F7_NULL_1502       SET     203     0.039226    0.0041417     0.068363      0.28306
F7_NULL_1503       SET     203     -0.04272   -0.0045105     0.069005      0.73206
F7_NULL_1504       SET     203     -0.11419    -0.012056     0.068971      0.95109
F7_NULL_1505       SET     203     -0.04057   -0.0042836     0.068384       0.7235
F7_NULL_1506       SET     203     -0.07859   -0.0082979      0.06897      0.87274
F7_NULL_1507       SET     203     0.026288    0.0027756     0.070434      0.35449
F7_NULL_1508       SET     203    -0.086611   -0.0091448     0.066484      0.90366
F7_NULL_1509       SET     203    -0.056373   -0.0059522      0.06822      0.79569
F7_NULL_1510       SET     203     -0.08313   -0.0087773     0.067151      0.89213
F7_NULL_1511       SET     203    -0.043377     -0.00458     0.067608      0.73943
F7_NULL_1512       SET     203    -0.021286   -0.0022475     0.066472       0.6256
F7_NULL_1513       SET     203    -0.055828   -0.0058946     0.068229      0.79339
F7_NULL_1514       SET     203     0.023592     0.002491     0.066849      0.36208
F7_NULL_1515       SET     203    -0.082542   -0.0087152     0.068044      0.88744
F7_NULL_1516       SET     203      0.10547     0.011136     0.069014     0.063245
F7_NULL_1517       SET     203    -0.094619   -0.0099904     0.067595       0.9192
F7_NULL_1518       SET     203    -0.048822   -0.0051548     0.067473      0.76533
F7_NULL_1519       SET     203      -0.1324    -0.013979     0.067576      0.97495
F7_NULL_1520       SET     203     0.034082    0.0035985     0.065671      0.30189
F7_NULL_1521       SET     203     0.034903    0.0036852     0.067028      0.30128
F7_NULL_1522       SET     203    -0.028578   -0.0030174     0.067766      0.66338
F7_NULL_1523       SET     203     0.048656    0.0051373     0.067135      0.23431
F7_NULL_1524       SET     203    -0.019195   -0.0020267     0.067112      0.61256
F7_NULL_1525       SET     203    -0.068643   -0.0072477      0.06827      0.84266
F7_NULL_1526       SET     203    0.0094565   0.00099847     0.069444      0.44584
F7_NULL_1527       SET     203    -0.037023   -0.0039091     0.066412       0.7114
F7_NULL_1528       SET     203     0.074894    0.0079076     0.068783      0.13812
F7_NULL_1529       SET     203     -0.07392   -0.0078049     0.064062      0.87572
F7_NULL_1530       SET     203     0.054905    0.0057971     0.067031      0.20637
F7_NULL_1531       SET     203     0.018828    0.0019879     0.068677      0.39199
F7_NULL_1532       SET     203    -0.031849   -0.0033627     0.068332      0.67942
F7_NULL_1533       SET     203     0.043085    0.0045492     0.068378      0.26432
F7_NULL_1534       SET     203    -0.022026   -0.0023256     0.067837      0.62729
F7_NULL_1535       SET     203    -0.078108   -0.0082471     0.066234      0.88085
F7_NULL_1536       SET     203    -0.035351   -0.0037325     0.069162      0.69537
F7_NULL_1537       SET     203     0.015167    0.0016014     0.068062      0.41183
F7_NULL_1538       SET     203     0.036056     0.003807     0.067208      0.29581
F7_NULL_1539       SET     203    0.0058715   0.00061994     0.068874      0.46603
F7_NULL_1540       SET     203     0.067845    0.0071634      0.06963      0.16495
F7_NULL_1541       SET     203     0.053182    0.0056152     0.067547      0.21555
F7_NULL_1542       SET     203     0.012619    0.0013323     0.070644      0.42912
F7_NULL_1543       SET     203    -0.036995   -0.0039061     0.067438      0.70835
F7_NULL_1544       SET     203  -0.00070991  -7.4956e-05     0.067363       0.5042
F7_NULL_1545       SET     203     -0.04817    -0.005086     0.068742      0.75826
F7_NULL_1546       SET     203     0.023111    0.0024402     0.066933      0.36494
F7_NULL_1547       SET     203     -0.04448   -0.0046964     0.070292      0.73656
F7_NULL_1548       SET     203     0.058253    0.0061506     0.069717      0.20171
F7_NULL_1549       SET     203    -0.019305   -0.0020383     0.066129      0.61483
F7_NULL_1550       SET     203     0.050714    0.0053546     0.068575       0.2298
F7_NULL_1551       SET     203    -0.051308   -0.0054173     0.067142      0.77761
F7_NULL_1552       SET     203      0.02918    0.0030809     0.065261       0.3274
F7_NULL_1553       SET     203    -0.085425   -0.0090196     0.068769      0.89291
F7_NULL_1554       SET     203    -0.092895   -0.0098083      0.06544      0.92212
F7_NULL_1555       SET     203     0.021034    0.0022208     0.066453      0.37581
F7_NULL_1556       SET     203     0.097651      0.01031     0.069317     0.079463
F7_NULL_1557       SET     203     0.026754    0.0028248     0.067134      0.34513
F7_NULL_1558       SET     203  -0.00070415  -7.4347e-05     0.066156      0.50425
F7_NULL_1559       SET     203   -0.0006651  -7.0224e-05     0.068168      0.50389
F7_NULL_1560       SET     203    -0.028748   -0.0030353      0.06644      0.66738
F7_NULL_1561       SET     203    -0.061922    -0.006538     0.071055      0.80825
F7_NULL_1562       SET     203    -0.027777   -0.0029329      0.06429      0.66715
F7_NULL_1563       SET     203    -0.039603   -0.0041814     0.067153      0.72231
F7_NULL_1564       SET     203     0.025059    0.0026459      0.06604      0.35218
F7_NULL_1565       SET     203     0.058405    0.0061666     0.066614      0.19032
F7_NULL_1566       SET     203    -0.073297   -0.0077391      0.06801      0.85942
F7_NULL_1567       SET     203     0.074545    0.0078709     0.069215      0.14074
F7_NULL_1568       SET     203     -0.12614    -0.013319     0.066971      0.97018
F7_NULL_1569       SET     203     0.086613     0.009145     0.066339      0.09585
F7_NULL_1570       SET     203    -0.012688   -0.0013396     0.065684      0.57658
F7_NULL_1571       SET     203    -0.035203   -0.0037169     0.067767      0.69828
F7_NULL_1572       SET     203     0.062116    0.0065585     0.069759      0.18662
F7_NULL_1573       SET     203    -0.017029    -0.001798     0.066029      0.60176
F7_NULL_1574       SET     203     0.005661   0.00059771     0.067178      0.46642
F7_NULL_1575       SET     203     0.076107    0.0080358     0.069777      0.13771
F7_NULL_1576       SET     203     0.084532    0.0089253     0.068732      0.10938
F7_NULL_1577       SET     203     -0.11428    -0.012066     0.068081      0.95337
F7_NULL_1578       SET     203     0.021276    0.0022464     0.067121      0.37563
F7_NULL_1579       SET     203     -0.10669    -0.011265     0.066987      0.94438
F7_NULL_1580       SET     203     0.027807     0.002936     0.066765      0.33853
F7_NULL_1581       SET     203     0.061508    0.0064943     0.067521      0.18117
F7_NULL_1582       SET     203    -0.024438   -0.0025803     0.067798      0.64074
F7_NULL_1583       SET     203     0.032832    0.0034665     0.070722      0.32124
F7_NULL_1584       SET     203    -0.013509   -0.0014264     0.064518      0.58293
F7_NULL_1585       SET     203    -0.095349    -0.010067     0.066662      0.92368
F7_NULL_1586       SET     203   -0.0072127  -0.00076155     0.067655      0.54245
F7_NULL_1587       SET     203     0.043757    0.0046201     0.067305       0.2578
F7_NULL_1588       SET     203    0.0076084   0.00080333     0.066192      0.45424
F7_NULL_1589       SET     203     0.055705    0.0058816     0.064407      0.19356
F7_NULL_1590       SET     203     0.007535   0.00079558     0.068326      0.45609
F7_NULL_1591       SET     203    -0.058194   -0.0061444     0.065257      0.81373
F7_NULL_1592       SET     203     0.019954    0.0021069     0.071307       0.3898
F7_NULL_1593       SET     203    0.0033655   0.00035534     0.067564      0.48014
F7_NULL_1594       SET     203     0.084429    0.0089144      0.06843      0.10865
F7_NULL_1595       SET     203    0.0070133   0.00074049     0.065287      0.45723
F7_NULL_1596       SET     203    -0.058834    -0.006212     0.065439      0.81569
F7_NULL_1597       SET     203     0.034586    0.0036517     0.069019      0.30815
F7_NULL_1598       SET     203     0.031767    0.0033541      0.06871      0.32192
F7_NULL_1599       SET     203     -0.04065    -0.004292     0.070548      0.71776
F7_NULL_1600       SET     203     0.014422    0.0015227     0.066887      0.41465
F7_NULL_1601       SET     203    -0.031364   -0.0033115     0.067299       0.6794
F7_NULL_1602       SET     203    -0.040426   -0.0042683     0.065909      0.73018
F7_NULL_1603       SET     203    -0.029949   -0.0031621     0.067295      0.67185
F7_NULL_1604       SET     203   -0.0055434   -0.0005853     0.070127       0.5315
F7_NULL_1605       SET     203    -0.025471   -0.0026894     0.067529      0.64698
F7_NULL_1606       SET     203    -0.069346   -0.0073218     0.068407      0.84463
F7_NULL_1607       SET     203     0.018539    0.0019574     0.065303      0.38825
F7_NULL_1608       SET     203    0.0040142   0.00042384     0.066419       0.4759
F7_NULL_1609       SET     203     0.046127    0.0048703     0.070162      0.25545
F7_NULL_1610       SET     203    0.0024911   0.00026302     0.066847      0.48514
F7_NULL_1611       SET     203     0.055317    0.0058406     0.067937      0.20776
F7_NULL_1612       SET     203     0.075751    0.0079981      0.06814      0.13314
F7_NULL_1613       SET     203    -0.058739    -0.006202     0.066002      0.81325
F7_NULL_1614       SET     203    -0.030856   -0.0032579     0.067904      0.67523
F7_NULL_1615       SET     203    -0.076381   -0.0080647      0.06939      0.86449
F7_NULL_1616       SET     203     0.025095    0.0026497      0.06826      0.35657
F7_NULL_1617       SET     203    -0.083086   -0.0087726     0.066999      0.89252
F7_NULL_1618       SET     203     0.052422    0.0055349     0.070411      0.22829
F7_NULL_1619       SET     203      -0.0167   -0.0017633     0.066891      0.59857
F7_NULL_1620       SET     203    -0.020716   -0.0021873     0.067506      0.62053
F7_NULL_1621       SET     203    -0.018519   -0.0019553     0.070556      0.60352
F7_NULL_1622       SET     203    -0.055507   -0.0058606     0.064365      0.80575
F7_NULL_1623       SET     203    -0.023543   -0.0024857     0.069493      0.63261
F7_NULL_1624       SET     203    -0.053463   -0.0056449     0.067823      0.78473
F7_NULL_1625       SET     203     0.011527    0.0012171       0.0689      0.43357
F7_NULL_1626       SET     203    -0.002602  -0.00027473      0.06867      0.51511
F7_NULL_1627       SET     203    -0.010226   -0.0010797     0.065383      0.56214
F7_NULL_1628       SET     203    -0.096128     -0.01015     0.068298      0.92035
F7_NULL_1629       SET     203     0.013677    0.0014441      0.06849      0.42086
F7_NULL_1630       SET     203     0.097755     0.010321     0.069018     0.078343
F7_NULL_1631       SET     203     0.015358    0.0016216     0.068487      0.41128
F7_NULL_1632       SET     203    -0.043682   -0.0046121     0.066966      0.74289
F7_NULL_1633       SET     203     0.024065    0.0025409     0.067808      0.36134
F7_NULL_1634       SET     203     0.096265     0.010164      0.06604     0.072473
F7_NULL_1635       SET     203     -0.11121    -0.011742     0.071614      0.93977
F7_NULL_1636       SET     203    -0.019944   -0.0021058     0.067729       0.6158
F7_NULL_1637       SET     203     0.028079    0.0029647     0.066132      0.33557
F7_NULL_1638       SET     203     0.081883    0.0086456     0.067312      0.11191
F7_NULL_1639       SET     203     -0.14012    -0.014795     0.065479      0.98381
F7_NULL_1640       SET     203     0.019377    0.0020459     0.067287      0.38669
F7_NULL_1641       SET     203     0.030579    0.0032287     0.066676      0.32325
F7_NULL_1642       SET     203      -0.1162    -0.012269     0.067865      0.95657
F7_NULL_1643       SET     203      -0.1068    -0.011277     0.065896      0.94746
F7_NULL_1644       SET     203     0.033809    0.0035697     0.066423      0.30538
F7_NULL_1645       SET     203    -0.026295   -0.0027764     0.066436      0.65387
F7_NULL_1646       SET     203    -0.052644   -0.0055584     0.067329      0.78285
F7_NULL_1647       SET     203    -0.038506   -0.0040657     0.067771      0.71504
F7_NULL_1648       SET     203   -0.0089964  -0.00094988     0.069131      0.55177
F7_NULL_1649       SET     203   -0.0091827  -0.00096956     0.066115      0.55523
F7_NULL_1650       SET     203     0.053905    0.0056916     0.067184      0.21118
F7_NULL_1651       SET     203     0.099187     0.010473     0.067245     0.070114
F7_NULL_1652       SET     203    -0.036834   -0.0038891     0.069273      0.70254
F7_NULL_1653       SET     203    -0.021401   -0.0022596     0.067772      0.62391
F7_NULL_1654       SET     203    -0.088164   -0.0093087     0.067788      0.90329
F7_NULL_1655       SET     203    -0.042541   -0.0044917     0.071645      0.72367
F7_NULL_1656       SET     203     -0.15557    -0.016425     0.068364      0.98856
F7_NULL_1657       SET     203  -0.00095165  -0.00010048     0.066551       0.5057
F7_NULL_1658       SET     203     0.022261    0.0023504     0.067124      0.37008
F7_NULL_1659       SET     203    -0.040826   -0.0043106     0.069479      0.72159
F7_NULL_1660       SET     203     0.061874    0.0065329     0.067799      0.18073
F7_NULL_1661       SET     203     -0.01993   -0.0021043     0.064904       0.6206
F7_NULL_1662       SET     203     0.080767    0.0085278     0.067568      0.11598
F7_NULL_1663       SET     203     0.087768     0.009267     0.066926     0.094866
F7_NULL_1664       SET     203     -0.13784    -0.014553      0.06657      0.98079
F7_NULL_1665       SET     203     0.043468    0.0045896     0.066442      0.25649
F7_NULL_1666       SET     203    -0.025619   -0.0027049     0.069242       0.6443
F7_NULL_1667       SET     203     0.053366    0.0056346     0.070028      0.22302
F7_NULL_1668       SET     203   -0.0020401   -0.0002154     0.068695      0.51185
F7_NULL_1669       SET     203    -0.078605   -0.0082995      0.06502      0.88665
F7_NULL_1670       SET     203     0.018239    0.0019258     0.068625      0.39521
F7_NULL_1671       SET     203    -0.037649   -0.0039752     0.067227      0.71227
F7_NULL_1672       SET     203     -0.09102   -0.0096103     0.069931      0.90346
F7_NULL_1673       SET     203    0.0068622   0.00072455     0.067435      0.45947
F7_NULL_1674       SET     203    -0.089232   -0.0094216     0.069864      0.89923
F7_NULL_1675       SET     203   -0.0049763  -0.00052542     0.069933      0.52836
F7_NULL_1676       SET     203    -0.085776   -0.0090566     0.066881      0.90016
F7_NULL_1677       SET     203    -0.019222   -0.0020296       0.0676      0.61193
F7_NULL_1678       SET     203     -0.14287    -0.015085     0.064721      0.98635
F7_NULL_1679       SET     203     0.013025    0.0013753     0.067165      0.42312
F7_NULL_1680       SET     203     0.028853    0.0030465     0.065527      0.32985
F7_NULL_1681       SET     203     0.060752    0.0064145     0.067272      0.18324
F7_NULL_1682       SET     203     0.084931    0.0089674     0.067526      0.10425
F7_NULL_1683       SET     203     0.020906    0.0022073     0.066268       0.3762
F7_NULL_1684       SET     203     0.048858    0.0051586     0.069349      0.24056
F7_NULL_1685       SET     203    -0.086958   -0.0091815     0.066914      0.90311
F7_NULL_1686       SET     203    -0.094004   -0.0099254     0.066017      0.92276
F7_NULL_1687       SET     203     0.028935    0.0030551     0.067418       0.3339
F7_NULL_1688       SET     203   -0.0062738  -0.00066242     0.066949      0.53733
F7_NULL_1689       SET     203     0.068785    0.0072626     0.066795      0.15156
F7_NULL_1690       SET     203     -0.11327     -0.01196     0.066825      0.95495
F7_NULL_1691       SET     203    -0.061924   -0.0065382      0.06813      0.81829
F7_NULL_1692       SET     203     0.018093    0.0019104     0.065778      0.39164
F7_NULL_1693       SET     203     0.054483    0.0057526     0.066577      0.20658
F7_NULL_1694       SET     203    -0.082886   -0.0087515     0.068004      0.88854
F7_NULL_1695       SET     203    -0.075427   -0.0079639     0.068448      0.86475
F7_NULL_1696       SET     203    -0.063573   -0.0067124     0.069559      0.81962
F7_NULL_1697       SET     203    -0.083236   -0.0087885     0.069012       0.8861
F7_NULL_1698       SET     203    -0.030038   -0.0031715     0.066358       0.6746
F7_NULL_1699       SET     203    -0.078408   -0.0082787     0.067252      0.87816
F7_NULL_1700       SET     203     0.063441    0.0066984     0.067314      0.17298
F7_NULL_1701       SET     203     0.040395    0.0042651     0.066256      0.27104
F7_NULL_1702       SET     203     0.080736    0.0085244     0.068524      0.11936
F7_NULL_1703       SET     203   -0.0055334  -0.00058425      0.06721      0.53281
F7_NULL_1704       SET     203     0.091755    0.0096879     0.067544     0.087171
F7_NULL_1705       SET     203    -0.007611  -0.00080361     0.068866        0.544
F7_NULL_1706       SET     203      0.07626    0.0080519     0.069315      0.13563
F7_NULL_1707       SET     203     0.011864    0.0012527     0.069097      0.43183
F7_NULL_1708       SET     203   0.00078939   8.3348e-05     0.067484      0.49533
F7_NULL_1709       SET     203     -0.10512    -0.011099     0.068636      0.93717
F7_NULL_1710       SET     203    -0.033341   -0.0035203      0.07101      0.68065
F7_NULL_1711       SET     203      0.05122    0.0054081     0.066133      0.21932
F7_NULL_1712       SET     203    -0.042855   -0.0045249     0.067046      0.73865
F7_NULL_1713       SET     203    -0.055988   -0.0059114     0.070087       0.7878
F7_NULL_1714       SET     203    -0.010094   -0.0010657     0.067314       0.5596
F7_NULL_1715       SET     203    -0.041235   -0.0043538     0.067821       0.7284
F7_NULL_1716       SET     203     0.051333      0.00542     0.066016      0.21841
F7_NULL_1717       SET     203   -0.0051752  -0.00054643     0.070129      0.52941
F7_NULL_1718       SET     203    0.0053877   0.00056886      0.06853      0.46867
F7_NULL_1719       SET     203    -0.038008   -0.0040131     0.070082       0.7062
F7_NULL_1720       SET     203    -0.029857   -0.0031524     0.065982      0.67454
F7_NULL_1721       SET     203     0.015613    0.0016484     0.069395        0.411
F7_NULL_1722       SET     203    -0.031403   -0.0033157     0.068458      0.67678
F7_NULL_1723       SET     203     0.044336    0.0046812     0.068674      0.25927
F7_NULL_1724       SET     203    -0.066711   -0.0070436     0.068139      0.83621
F7_NULL_1725       SET     203    -0.033683   -0.0035565     0.066659      0.69333
F7_NULL_1726       SET     203    0.0031131    0.0003287     0.066346      0.48129
F7_NULL_1727       SET     203    -0.079783   -0.0084239     0.066587      0.88457
F7_NULL_1728       SET     203     -0.09237   -0.0097529     0.066109      0.91882
F7_NULL_1729       SET     203    -0.030736   -0.0032453      0.06617      0.67885
F7_NULL_1730       SET     203    -0.068987   -0.0072839     0.066008      0.85201
F7_NULL_1731       SET     203     0.041109    0.0043404     0.069571       0.2773
F7_NULL_1732       SET     203    0.0075223   0.00079424     0.066889      0.45523
F7_NULL_1733       SET     203    -0.039079   -0.0041261     0.067957      0.71737
F7_NULL_1734       SET     203    -0.057477   -0.0060687      0.06846      0.79942
F7_NULL_1735       SET     203     0.012728    0.0013438     0.066614      0.42424
F7_NULL_1736       SET     203    0.0033788   0.00035675     0.066488      0.47974
F7_NULL_1737       SET     203    -0.044605   -0.0047096     0.067552      0.74547
F7_NULL_1738       SET     203     -0.00609  -0.00064301     0.069078      0.53513
F7_NULL_1739       SET     203      0.11586     0.012233     0.066016     0.039636
F7_NULL_1740       SET     203    -0.055795   -0.0058911     0.066452      0.79944
F7_NULL_1741       SET     203    0.0086982    0.0009184     0.067409      0.44867
F7_NULL_1742       SET     203    -0.035935   -0.0037942     0.068074       0.7012
F7_NULL_1743       SET     203      0.01305    0.0013779     0.069055      0.42506
F7_NULL_1744       SET     203    -0.045566   -0.0048111     0.069211      0.74484
F7_NULL_1745       SET     203     0.028848    0.0030459     0.066992      0.33338
F7_NULL_1746       SET     203     0.058223    0.0061475     0.069327      0.20051
F7_NULL_1747       SET     203      0.04757    0.0050227     0.066226      0.23629
F7_NULL_1748       SET     203    0.0083595   0.00088264     0.067482      0.45071
F7_NULL_1749       SET     203     0.025477      0.00269      0.06831      0.35459
F7_NULL_1750       SET     203    -0.063743   -0.0067303     0.069569      0.82023
F7_NULL_1751       SET     203    -0.083601    -0.008827     0.069078       0.8869
F7_NULL_1752       SET     203    -0.030026   -0.0031703     0.068028      0.67053
F7_NULL_1753       SET     203     -0.12273    -0.012959      0.06714      0.96622
F7_NULL_1754       SET     203    -0.021303   -0.0022493     0.070356      0.61897
F7_NULL_1755       SET     203    -0.068189   -0.0071997     0.065551      0.85088
F7_NULL_1756       SET     203    -0.051867   -0.0054764     0.068463      0.77565
F7_NULL_1757       SET     203     0.016105    0.0017004     0.069231      0.40803
F7_NULL_1758       SET     203    -0.088591   -0.0093538     0.066923       0.9072
F7_NULL_1759       SET     203   -0.0091657  -0.00096776     0.068078      0.55355
F7_NULL_1760       SET     203    -0.042587   -0.0044965     0.066978      0.73755
F7_NULL_1761       SET     203    0.0038984   0.00041161     0.068533      0.47732
F7_NULL_1762       SET     203    -0.013368   -0.0014115     0.065748      0.58056
F7_NULL_1763       SET     203      0.06559    0.0069253     0.068025      0.16748
F7_NULL_1764       SET     203    -0.029804   -0.0031468       0.0657      0.67495
F7_NULL_1765       SET     203     0.037634    0.0039736     0.067952      0.28985
F7_NULL_1766       SET     203     0.063098    0.0066622     0.066111      0.16994
F7_NULL_1767       SET     203      0.10821     0.011425     0.066304     0.051349
F7_NULL_1768       SET     203     0.059872    0.0063216     0.066856      0.18525
F7_NULL_1769       SET     203    -0.039876   -0.0042103     0.068303      0.72032
F7_NULL_1770       SET     203     -0.19533    -0.020624     0.068517      0.99782
F7_NULL_1771       SET     203    -0.051777   -0.0054668     0.068571       0.7749
F7_NULL_1772       SET     203     -0.12683    -0.013391     0.068363      0.96821
F7_NULL_1773       SET     203    -0.048462   -0.0051169     0.067783      0.76268
F7_NULL_1774       SET     203    0.0034371   0.00036291      0.06796      0.47983
F7_NULL_1775       SET     203    -0.032389   -0.0034197     0.066413      0.68711
F7_NULL_1776       SET     203   -0.0084106  -0.00088803     0.068141      0.54912
F7_NULL_1777       SET     203     0.086204    0.0091019     0.068441      0.10392
F7_NULL_1778       SET     203    -0.059686   -0.0063019     0.068444       0.8084
F7_NULL_1779       SET     203    -0.068623   -0.0072456     0.066297      0.84968
F7_NULL_1780       SET     203     0.002623   0.00027695     0.068534      0.48473
F7_NULL_1781       SET     203     0.070643    0.0074588      0.06732      0.14702
F7_NULL_1782       SET     203     0.071398    0.0075386     0.069779      0.15311
F7_NULL_1783       SET     203    0.0044443   0.00046925     0.067038      0.47357
F7_NULL_1784       SET     203     -0.10561    -0.011151     0.066254      0.94452
F7_NULL_1785       SET     203     0.099266     0.010481     0.067949     0.072031
F7_NULL_1786       SET     203    -0.014098   -0.0014886     0.068077      0.58203
F7_NULL_1787       SET     203     -0.11457    -0.012096     0.067395      0.95542
F7_NULL_1788       SET     203     0.043757    0.0046201     0.067186      0.25744
F7_NULL_1789       SET     203     0.035284    0.0037255     0.065877      0.29612
F7_NULL_1790       SET     203     -0.14163    -0.014954     0.065856      0.98424
F7_NULL_1791       SET     203      -0.1006    -0.010622     0.065167      0.93866
F7_NULL_1792       SET     203   0.00088113   9.3034e-05     0.064764      0.49457
F7_NULL_1793       SET     203     0.021851    0.0023071     0.067071       0.3723
F7_NULL_1794       SET     203    -0.082163   -0.0086752     0.069061      0.88291
F7_NULL_1795       SET     203     0.024282    0.0025638     0.069364      0.36315
F7_NULL_1796       SET     203     0.019594    0.0020688     0.066689      0.38445
F7_NULL_1797       SET     203    -0.010178   -0.0010746     0.067714      0.55974
F7_NULL_1798       SET     203    -0.016486   -0.0017407     0.065061      0.60002
F7_NULL_1799       SET     203     0.027107    0.0028621     0.068825      0.34685
F7_NULL_1800       SET     203    -0.052914   -0.0055869     0.067913      0.78205
F7_NULL_1801       SET     203    -0.025547   -0.0026974     0.067158      0.64818
F7_NULL_1802       SET     203    -0.087789   -0.0092692     0.067062      0.90473
F7_NULL_1803       SET     203   -0.0083354  -0.00088009     0.068787      0.54822
F7_NULL_1804       SET     203     0.050959    0.0053805     0.066652      0.22228
F7_NULL_1805       SET     203     0.090527    0.0095582      0.06935     0.095894
F7_NULL_1806       SET     203    -0.066311   -0.0070014     0.069539      0.82984
F7_NULL_1807       SET     203     0.062238    0.0065714     0.067956      0.17987
F7_NULL_1808       SET     203    -0.023208   -0.0024504     0.069457      0.63086
F7_NULL_1809       SET     203     -0.12643    -0.013349     0.066332      0.97167
F7_NULL_1810       SET     203    -0.004986  -0.00052645     0.069594      0.52856
F7_NULL_1811       SET     203    0.0078412   0.00082791     0.065283       0.4522
F7_NULL_1812       SET     203     0.019273     0.002035      0.06544      0.38418
F7_NULL_1813       SET     203    -0.053087   -0.0056052     0.066513       0.7876
F7_NULL_1814       SET     203    -0.047209   -0.0049845     0.066519      0.76105
F7_NULL_1815       SET     203     0.032729    0.0034557     0.067015      0.31264
F7_NULL_1816       SET     203      0.06146    0.0064892     0.068941      0.18634
F7_NULL_1817       SET     203    -0.088631   -0.0093581     0.066745      0.90788
F7_NULL_1818       SET     203     0.083368    0.0088024     0.067307      0.10775
F7_NULL_1819       SET     203    0.0027386   0.00028915     0.066898      0.48367
F7_NULL_1820       SET     203     0.052451     0.005538     0.066988      0.21682
F7_NULL_1821       SET     203     0.073689    0.0077805     0.066418      0.13362
F7_NULL_1822       SET     203     0.025234    0.0026644     0.069087      0.35746
F7_NULL_1823       SET     203     -0.02711   -0.0028624     0.067321      0.65641
F7_NULL_1824       SET     203   0.00016262   1.7171e-05     0.065725      0.49901
F7_NULL_1825       SET     203     0.092855     0.009804     0.066876     0.082507
F7_NULL_1826       SET     203     0.021523    0.0022726     0.066999      0.37401
F7_NULL_1827       SET     203    -0.045093   -0.0047612     0.067368      0.74836
F7_NULL_1828       SET     203    -0.048454    -0.005116     0.066284      0.76761
F7_NULL_1829       SET     203    -0.085464   -0.0090237     0.066787      0.89966
F7_NULL_1830       SET     203     0.020883    0.0022049     0.069381      0.38171
F7_NULL_1831       SET     203    -0.095193    -0.010051     0.067421        0.921
F7_NULL_1832       SET     203    -0.023059   -0.0024347      0.06686      0.63491
F7_NULL_1833       SET     203     0.019752    0.0020855     0.069535      0.38818
F7_NULL_1834       SET     203  -9.1404e-05  -9.6509e-06     0.069266      0.50053
F7_NULL_1835       SET     203    -0.053824    -0.005683     0.068872      0.78274
F7_NULL_1836       SET     203      0.02028    0.0021413     0.067771      0.38238
F7_NULL_1837       SET     203     -0.15821    -0.016705     0.065627      0.99204
F7_NULL_1838       SET     203     -0.02069   -0.0021845     0.068052      0.61944
F7_NULL_1839       SET     203    -0.021088   -0.0022266     0.067906      0.62193
F7_NULL_1840       SET     203    -0.051224   -0.0054084     0.067479       0.7761
F7_NULL_1841       SET     203    0.0014986   0.00015823     0.070149      0.49148
F7_NULL_1842       SET     203    -0.066026   -0.0069713     0.069393      0.82931
F7_NULL_1843       SET     203    -0.065013   -0.0068644     0.070141        0.823
F7_NULL_1844       SET     203     0.010778     0.001138     0.068197      0.43721
F7_NULL_1845       SET     203    -0.033679    -0.003556     0.068092      0.68956
F7_NULL_1846       SET     203    -0.040123   -0.0042364     0.071137      0.71363
F7_NULL_1847       SET     203     0.021632     0.002284      0.06737      0.37407
F7_NULL_1848       SET     203    -0.031011   -0.0032742     0.067591      0.67681
F7_NULL_1849       SET     203    -0.073467    -0.007757     0.066954      0.86373
F7_NULL_1850       SET     203     0.040423    0.0042681     0.070635      0.28357
F7_NULL_1851       SET     203    -0.010069   -0.0010631     0.066654      0.56004
F7_NULL_1852       SET     203    -0.011036   -0.0011652     0.065993       0.5664
F7_NULL_1853       SET     203    -0.093113   -0.0098313     0.067941      0.91472
F7_NULL_1854       SET     203      0.10362     0.010941     0.067471     0.062301
F7_NULL_1855       SET     203     0.013001    0.0013727     0.065357      0.42116
F7_NULL_1856       SET     203     -0.05052   -0.0053341     0.069624      0.76595
F7_NULL_1857       SET     203     0.031959    0.0033743     0.069168      0.32203
F7_NULL_1858       SET     203    -0.021219   -0.0022404     0.067768       0.6229
F7_NULL_1859       SET     203    -0.014256   -0.0015052      0.06914      0.58168
F7_NULL_1860       SET     203     -0.03562   -0.0037609     0.068646      0.69808
F7_NULL_1861       SET     203    -0.028394    -0.002998     0.063776      0.67192
F7_NULL_1862       SET     203     0.078599    0.0082988     0.066389      0.11823
F7_NULL_1863       SET     203    -0.041126   -0.0043422     0.066404      0.73214
F7_NULL_1864       SET     203    -0.090195   -0.0095232     0.067613      0.90889
F7_NULL_1865       SET     203   -0.0045714  -0.00048268     0.068338      0.52667
F7_NULL_1866       SET     203     0.026738    0.0028231     0.067897      0.34687
F7_NULL_1867       SET     203    -0.026701   -0.0028192     0.068778      0.65107
F7_NULL_1868       SET     203    -0.066716   -0.0070442     0.065836      0.84455
F7_NULL_1869       SET     203    -0.089744   -0.0094756     0.067499      0.90816
F7_NULL_1870       SET     203     0.072267    0.0076303     0.068483      0.14566
F7_NULL_1871       SET     203    -0.061499   -0.0064934      0.06736      0.81937
F7_NULL_1872       SET     203  -0.00011971  -1.2639e-05     0.070115      0.50068
F7_NULL_1873       SET     203     0.073367    0.0077465     0.068182      0.14096
F7_NULL_1874       SET     203     0.074007     0.007814      0.06809      0.13855
F7_NULL_1875       SET     203     -0.03879   -0.0040956     0.065691      0.72257
F7_NULL_1876       SET     203     0.016111     0.001701     0.065916      0.40346
F7_NULL_1877       SET     203    -0.048166   -0.0050856     0.068361      0.75946
F7_NULL_1878       SET     203     0.070158    0.0074076     0.064331      0.13774
F7_NULL_1879       SET     203    -0.089461   -0.0094457     0.069031      0.90249
F7_NULL_1880       SET     203     0.087553    0.0092443     0.069413       0.1036
F7_NULL_1881       SET     203   -0.0073619   -0.0007773     0.067366      0.54351
F7_NULL_1882       SET     203    0.0012754   0.00013467     0.066821      0.49239
F7_NULL_1883       SET     203     0.029822    0.0031488     0.066177      0.32613
F7_NULL_1884       SET     203   -0.0099442     -0.00105     0.067279      0.55875
F7_NULL_1885       SET     203     0.013516    0.0014271     0.068018      0.42124
F7_NULL_1886       SET     203   -0.0076542  -0.00080817     0.073266       0.5416
F7_NULL_1887       SET     203    -0.045258   -0.0047785     0.068309      0.74618
F7_NULL_1888       SET     203    -0.073683   -0.0077798     0.072662      0.84471
F7_NULL_1889       SET     203    -0.031555   -0.0033317     0.065074      0.68613
F7_NULL_1890       SET     203     0.040877     0.004316       0.0662      0.26846
F7_NULL_1891       SET     203    -0.042183   -0.0044539     0.066252      0.73784
F7_NULL_1892       SET     203    -0.088833   -0.0093794     0.065989      0.91087
F7_NULL_1893       SET     203     0.034269    0.0036183     0.064734      0.29827
F7_NULL_1894       SET     203     0.018793    0.0019843     0.066682      0.38904
F7_NULL_1895       SET     203      -0.1104    -0.011656     0.070905      0.94026
F7_NULL_1896       SET     203     0.052262    0.0055181     0.067826       0.2205
F7_NULL_1897       SET     203     0.049891    0.0052678      0.06846      0.23308
F7_NULL_1898       SET     203     0.057784    0.0061012     0.066949      0.19404
F7_NULL_1899       SET     203    -0.042227   -0.0044586      0.06744      0.73439
F7_NULL_1900       SET     203     0.014813     0.001564     0.067473      0.41312
F7_NULL_1901       SET     203     0.051254    0.0054116     0.066503      0.22045
F7_NULL_1902       SET     203     0.041504    0.0043822     0.068416      0.27205
F7_NULL_1903       SET     203    -0.094075   -0.0099329      0.06971      0.91141
F7_NULL_1904       SET     203     0.010847    0.0011453     0.067149      0.43583
F7_NULL_1905       SET     203    -0.042168   -0.0044523     0.068349      0.73136
F7_NULL_1906       SET     203    -0.012131   -0.0012808     0.067229      0.57159
F7_NULL_1907       SET     203     0.098622     0.010413     0.067398     0.071705
F7_NULL_1908       SET     203     0.094299    0.0099566     0.067491     0.081185
F7_NULL_1909       SET     203    -0.022157   -0.0023395     0.066869      0.62981
F7_NULL_1910       SET     203    -0.033781   -0.0035667       0.0659      0.69588
F7_NULL_1911       SET     203     -0.13944    -0.014722     0.067786      0.98015
F7_NULL_1912       SET     203    -0.025739   -0.0027176     0.067087      0.64939
F7_NULL_1913       SET     203     -0.04305   -0.0045454     0.067655      0.73771
F7_NULL_1914       SET     203    -0.020738   -0.0021896     0.070119      0.61629
F7_NULL_1915       SET     203      0.03594    0.0037948     0.067275      0.29659
F7_NULL_1916       SET     203    -0.065384   -0.0069036     0.067489      0.83367
F7_NULL_1917       SET     203     0.021433     0.002263     0.068807      0.37771
F7_NULL_1918       SET     203     0.062205    0.0065679     0.067484      0.17833
F7_NULL_1919       SET     203    0.0081716   0.00086279     0.068293      0.45238
F7_NULL_1920       SET     203     0.024696    0.0026075     0.066621      0.35544
F7_NULL_1921       SET     203     -0.04583   -0.0048389     0.067583      0.75115
F7_NULL_1922       SET     203     -0.10563    -0.011153     0.067016       0.9425
F7_NULL_1923       SET     203    -0.056859   -0.0060034     0.068071      0.79822
F7_NULL_1924       SET     203     -0.11317    -0.011949     0.067386      0.95346
F7_NULL_1925       SET     203     0.076557    0.0080832     0.068268      0.13106
F7_NULL_1926       SET     203     -0.14469    -0.015277     0.068416      0.98277
F7_NULL_1927       SET     203   -0.0062769  -0.00066274     0.068231      0.53665
F7_NULL_1928       SET     203    -0.044676   -0.0047171     0.067087      0.74727
F7_NULL_1929       SET     203     0.029658    0.0031314     0.065979      0.32654
F7_NULL_1930       SET     203     0.098921     0.010445     0.065741      0.06621
F7_NULL_1931       SET     203    -0.030357   -0.0032052     0.066526      0.67591
F7_NULL_1932       SET     203    -0.084974    -0.008972     0.068123      0.89386
F7_NULL_1933       SET     203     0.015474    0.0016339     0.069855      0.41234
F7_NULL_1934       SET     203    -0.014655   -0.0015474     0.067797      0.58557
F7_NULL_1935       SET     203     0.015246    0.0016097     0.067428      0.41056
F7_NULL_1936       SET     203   -0.0068636  -0.00072469     0.067461      0.54052
F7_NULL_1937       SET     203     -0.10487    -0.011073     0.065306      0.94583
F7_NULL_1938       SET     203    -0.046903   -0.0049522     0.067937      0.75502
F7_NULL_1939       SET     203     0.081749    0.0086315     0.066853      0.11071
F7_NULL_1940       SET     203    -0.011977   -0.0012646     0.066149      0.57184
F7_NULL_1941       SET     203   4.5156e-05   4.7678e-06     0.068254      0.49974
F7_NULL_1942       SET     203    -0.040983   -0.0043272     0.066691      0.73056
F7_NULL_1943       SET     203    -0.038376   -0.0040519     0.067129      0.71622
F7_NULL_1944       SET     203    -0.079972   -0.0084439     0.065225      0.88991
F7_NULL_1945       SET     203    -0.038222   -0.0040356     0.068931      0.71038
F7_NULL_1946       SET     203    -0.070939   -0.0074901       0.0691      0.84769
F7_NULL_1947       SET     203   -0.0022206  -0.00023447     0.067539      0.51311
F7_NULL_1948       SET     203    -0.020174   -0.0021301     0.067796      0.61698
F7_NULL_1949       SET     203    -0.036849   -0.0038907     0.067355      0.70784
F7_NULL_1950       SET     203     -0.13135    -0.013869     0.067602      0.97398
F7_NULL_1951       SET     203     0.019354    0.0020435      0.06905      0.38963
F7_NULL_1952       SET     203    -0.043705   -0.0046145     0.069029      0.73667
F7_NULL_1953       SET     203    0.0088876    0.0009384     0.064128      0.44489
F7_NULL_1954       SET     203  -0.00031466  -3.3223e-05     0.066841      0.50188
F7_NULL_1955       SET     203    -0.054195   -0.0057222     0.068517      0.78552
F7_NULL_1956       SET     203    -0.084565   -0.0089287     0.068909      0.89012
F7_NULL_1957       SET     203   -0.0045436  -0.00047973     0.067592       0.5268
F7_NULL_1958       SET     203    -0.095167    -0.010048     0.064866      0.92882
F7_NULL_1959       SET     203    -0.067251   -0.0071007     0.065901      0.84624
F7_NULL_1960       SET     203    -0.010306   -0.0010881     0.067027       0.5611
F7_NULL_1961       SET     203    -0.049927   -0.0052715      0.06786      0.76905
F7_NULL_1962       SET     203     0.033056    0.0034902     0.068058      0.31359
F7_NULL_1963       SET     203     -0.11696    -0.012349      0.06733      0.95881
F7_NULL_1964       SET     203     0.026588    0.0028073     0.067267      0.34633
F7_NULL_1965       SET     203     0.024511     0.002588     0.066964      0.35717
F7_NULL_1966       SET     203      0.11398     0.012034     0.069977      0.05169
F7_NULL_1967       SET     203    -0.042536   -0.0044911     0.068404      0.73297
F7_NULL_1968       SET     203    -0.018052    -0.001906     0.067666      0.60518
F7_NULL_1969       SET     203     0.064976    0.0068604     0.067052      0.16627
F7_NULL_1970       SET     203     0.026791    0.0028287     0.065359      0.34094
F7_NULL_1971       SET     203     -0.05745   -0.0060659     0.068553      0.79899
F7_NULL_1972       SET     203     0.050407    0.0053222     0.068195      0.22991
F7_NULL_1973       SET     203     0.040386    0.0042641     0.065848      0.26983
F7_NULL_1974       SET     203    -0.057514   -0.0060726     0.065915      0.80854
F7_NULL_1975       SET     203     0.019058    0.0020123     0.067715      0.38918
F7_NULL_1976       SET     203     0.027684     0.002923     0.068382       0.3428
F7_NULL_1977       SET     203     0.055807    0.0058924     0.067517      0.20425
F7_NULL_1978       SET     203     0.055174    0.0058255     0.064837       0.1974
F7_NULL_1979       SET     203    -0.028333   -0.0029915     0.067863      0.66184
F7_NULL_1980       SET     203     0.013039    0.0013767     0.068237      0.42423
F7_NULL_1981       SET     203      0.01047    0.0011054     0.067127      0.43803
F7_NULL_1982       SET     203    -0.062034   -0.0065499     0.067683       0.8203
F7_NULL_1983       SET     203    -0.077264   -0.0081579     0.066494      0.87737
F7_NULL_1984       SET     203     -0.11847    -0.012509      0.06673      0.96207
F7_NULL_1985       SET     203     0.065396    0.0069049     0.066401      0.16235
F7_NULL_1986       SET     203    -0.032682   -0.0034507     0.069477      0.68096
F7_NULL_1987       SET     203   -0.0047214  -0.00049851      0.06829      0.52756
F7_NULL_1988       SET     203    -0.081274   -0.0085813     0.066861      0.88792
F7_NULL_1989       SET     203     0.050038    0.0052832     0.066398      0.22555
F7_NULL_1990       SET     203     0.067361    0.0071123     0.064268      0.14729
F7_NULL_1991       SET     203    -0.034011   -0.0035911     0.069698      0.68722
F7_NULL_1992       SET     203     -0.10717    -0.011315     0.066999      0.94514
F7_NULL_1993       SET     203    -0.015949   -0.0016839     0.069688      0.59051
F7_NULL_1994       SET     203      0.10456      0.01104     0.069058     0.065007
F7_NULL_1995       SET     203    -0.079416   -0.0083851     0.068904      0.87544
F7_NULL_1996       SET     203     0.057123    0.0060314     0.069358      0.20509
F7_NULL_1997       SET     203    -0.042104   -0.0044455     0.068419      0.73084
F7_NULL_1998       SET     203     0.052037    0.0054943     0.068507      0.22376
F7_NULL_1999       SET     203     0.022491    0.0023747     0.070446      0.37476
