axis	null_set_id	target_genes	sampled_genes	fallback_draws
F1	F1_NULL_0000	252	252	1
F1	F1_NULL_0001	252	252	1
F1	F1_NULL_0002	252	252	1
F1	F1_NULL_0003	252	252	1
F1	F1_NULL_0004	252	252	1
F1	F1_NULL_0005	252	252	1
F1	F1_NULL_0006	252	252	1
F1	F1_NULL_0007	252	252	1
F1	F1_NULL_0008	252	252	1
F1	F1_NULL_0009	252	252	1
F1	F1_NULL_0010	252	252	1
F1	F1_NULL_0011	252	252	1
F1	F1_NULL_0012	252	252	1
F1	F1_NULL_0013	252	252	1
F1	F1_NULL_0014	252	252	1
F1	F1_NULL_0015	252	252	1
F1	F1_NULL_0016	252	252	1
F1	F1_NULL_0017	252	252	1
F1	F1_NULL_0018	252	252	1
F1	F1_NULL_0019	252	252	1
F1	F1_NULL_0020	252	252	1
F1	F1_NULL_0021	252	252	1
F1	F1_NULL_0022	252	252	1
F1	F1_NULL_0023	252	252	1
F1	F1_NULL_0024	252	252	1
F1	F1_NULL_0025	252	252	1
F1	F1_NULL_0026	252	252	1
F1	F1_NULL_0027	252	252	1
F1	F1_NULL_0028	252	252	1
F1	F1_NULL_0029	252	252	1
F1	F1_NULL_0030	252	252	1
F1	F1_NULL_0031	252	252	1
F1	F1_NULL_0032	252	252	1
F1	F1_NULL_0033	252	252	1
F1	F1_NULL_0034	252	252	1
F1	F1_NULL_0035	252	252	1
F1	F1_NULL_0036	252	252	1
F1	F1_NULL_0037	252	252	1
F1	F1_NULL_0038	252	252	1
F1	F1_NULL_0039	252	252	1
F1	F1_NULL_0040	252	252	1
F1	F1_NULL_0041	252	252	1
F1	F1_NULL_0042	252	252	1
F1	F1_NULL_0043	252	252	1
F1	F1_NULL_0044	252	252	1
F1	F1_NULL_0045	252	252	1
F1	F1_NULL_0046	252	252	1
F1	F1_NULL_0047	252	252	1
F1	F1_NULL_0048	252	252	1
F1	F1_NULL_0049	252	252	1
F1	F1_NULL_0050	252	252	1
F1	F1_NULL_0051	252	252	1
F1	F1_NULL_0052	252	252	1
F1	F1_NULL_0053	252	252	1
F1	F1_NULL_0054	252	252	1
F1	F1_NULL_0055	252	252	1
F1	F1_NULL_0056	252	252	1
F1	F1_NULL_0057	252	252	1
F1	F1_NULL_0058	252	252	1
F1	F1_NULL_0059	252	252	1
F1	F1_NULL_0060	252	252	1
F1	F1_NULL_0061	252	252	1
F1	F1_NULL_0062	252	252	1
F1	F1_NULL_0063	252	252	1
F1	F1_NULL_0064	252	252	1
F1	F1_NULL_0065	252	252	1
F1	F1_NULL_0066	252	252	1
F1	F1_NULL_0067	252	252	1
F1	F1_NULL_0068	252	252	1
F1	F1_NULL_0069	252	252	1
F1	F1_NULL_0070	252	252	1
F1	F1_NULL_0071	252	252	1
F1	F1_NULL_0072	252	252	1
F1	F1_NULL_0073	252	252	1
F1	F1_NULL_0074	252	252	1
F1	F1_NULL_0075	252	252	1
F1	F1_NULL_0076	252	252	1
F1	F1_NULL_0077	252	252	1
F1	F1_NULL_0078	252	252	1
F1	F1_NULL_0079	252	252	1
F1	F1_NULL_0080	252	252	1
F1	F1_NULL_0081	252	252	1
F1	F1_NULL_0082	252	252	1
F1	F1_NULL_0083	252	252	1
F1	F1_NULL_0084	252	252	1
F1	F1_NULL_0085	252	252	1
F1	F1_NULL_0086	252	252	1
F1	F1_NULL_0087	252	252	1
F1	F1_NULL_0088	252	252	1
F1	F1_NULL_0089	252	252	1
F1	F1_NULL_0090	252	252	1
F1	F1_NULL_0091	252	252	1
F1	F1_NULL_0092	252	252	1
F1	F1_NULL_0093	252	252	1
F1	F1_NULL_0094	252	252	1
F1	F1_NULL_0095	252	252	1
F1	F1_NULL_0096	252	252	1
F1	F1_NULL_0097	252	252	1
F1	F1_NULL_0098	252	252	1
F1	F1_NULL_0099	252	252	1
F1	F1_NULL_0100	252	252	1
F1	F1_NULL_0101	252	252	1
F1	F1_NULL_0102	252	252	1
F1	F1_NULL_0103	252	252	1
F1	F1_NULL_0104	252	252	1
F1	F1_NULL_0105	252	252	1
F1	F1_NULL_0106	252	252	1
F1	F1_NULL_0107	252	252	1
F1	F1_NULL_0108	252	252	1
F1	F1_NULL_0109	252	252	1
F1	F1_NULL_0110	252	252	1
F1	F1_NULL_0111	252	252	1
F1	F1_NULL_0112	252	252	1
F1	F1_NULL_0113	252	252	1
F1	F1_NULL_0114	252	252	1
F1	F1_NULL_0115	252	252	1
F1	F1_NULL_0116	252	252	1
F1	F1_NULL_0117	252	252	1
F1	F1_NULL_0118	252	252	1
F1	F1_NULL_0119	252	252	1
F1	F1_NULL_0120	252	252	1
F1	F1_NULL_0121	252	252	1
F1	F1_NULL_0122	252	252	1
F1	F1_NULL_0123	252	252	1
F1	F1_NULL_0124	252	252	1
F1	F1_NULL_0125	252	252	1
F1	F1_NULL_0126	252	252	1
F1	F1_NULL_0127	252	252	1
F1	F1_NULL_0128	252	252	1
F1	F1_NULL_0129	252	252	1
F1	F1_NULL_0130	252	252	1
F1	F1_NULL_0131	252	252	1
F1	F1_NULL_0132	252	252	1
F1	F1_NULL_0133	252	252	1
F1	F1_NULL_0134	252	252	1
F1	F1_NULL_0135	252	252	1
F1	F1_NULL_0136	252	252	1
F1	F1_NULL_0137	252	252	1
F1	F1_NULL_0138	252	252	1
F1	F1_NULL_0139	252	252	1
F1	F1_NULL_0140	252	252	1
F1	F1_NULL_0141	252	252	1
F1	F1_NULL_0142	252	252	1
F1	F1_NULL_0143	252	252	1
F1	F1_NULL_0144	252	252	1
F1	F1_NULL_0145	252	252	1
F1	F1_NULL_0146	252	252	1
F1	F1_NULL_0147	252	252	1
F1	F1_NULL_0148	252	252	1
F1	F1_NULL_0149	252	252	1
F1	F1_NULL_0150	252	252	1
F1	F1_NULL_0151	252	252	1
F1	F1_NULL_0152	252	252	1
F1	F1_NULL_0153	252	252	1
F1	F1_NULL_0154	252	252	1
F1	F1_NULL_0155	252	252	1
F1	F1_NULL_0156	252	252	1
F1	F1_NULL_0157	252	252	1
F1	F1_NULL_0158	252	252	1
F1	F1_NULL_0159	252	252	1
F1	F1_NULL_0160	252	252	1
F1	F1_NULL_0161	252	252	1
F1	F1_NULL_0162	252	252	1
F1	F1_NULL_0163	252	252	1
F1	F1_NULL_0164	252	252	1
F1	F1_NULL_0165	252	252	1
F1	F1_NULL_0166	252	252	1
F1	F1_NULL_0167	252	252	1
F1	F1_NULL_0168	252	252	1
F1	F1_NULL_0169	252	252	1
F1	F1_NULL_0170	252	252	1
F1	F1_NULL_0171	252	252	1
F1	F1_NULL_0172	252	252	1
F1	F1_NULL_0173	252	252	1
F1	F1_NULL_0174	252	252	1
F1	F1_NULL_0175	252	252	1
F1	F1_NULL_0176	252	252	1
F1	F1_NULL_0177	252	252	1
F1	F1_NULL_0178	252	252	1
F1	F1_NULL_0179	252	252	1
F1	F1_NULL_0180	252	252	1
F1	F1_NULL_0181	252	252	1
F1	F1_NULL_0182	252	252	1
F1	F1_NULL_0183	252	252	1
F1	F1_NULL_0184	252	252	1
F1	F1_NULL_0185	252	252	1
F1	F1_NULL_0186	252	252	1
F1	F1_NULL_0187	252	252	1
F1	F1_NULL_0188	252	252	1
F1	F1_NULL_0189	252	252	1
F1	F1_NULL_0190	252	252	1
F1	F1_NULL_0191	252	252	1
F1	F1_NULL_0192	252	252	1
F1	F1_NULL_0193	252	252	1
F1	F1_NULL_0194	252	252	1
F1	F1_NULL_0195	252	252	1
F1	F1_NULL_0196	252	252	1
F1	F1_NULL_0197	252	252	1
F1	F1_NULL_0198	252	252	1
F1	F1_NULL_0199	252	252	1
F1	F1_NULL_0200	252	252	1
F1	F1_NULL_0201	252	252	1
F1	F1_NULL_0202	252	252	1
F1	F1_NULL_0203	252	252	1
F1	F1_NULL_0204	252	252	1
F1	F1_NULL_0205	252	252	1
F1	F1_NULL_0206	252	252	1
F1	F1_NULL_0207	252	252	1
F1	F1_NULL_0208	252	252	1
F1	F1_NULL_0209	252	252	1
F1	F1_NULL_0210	252	252	1
F1	F1_NULL_0211	252	252	1
F1	F1_NULL_0212	252	252	1
F1	F1_NULL_0213	252	252	1
F1	F1_NULL_0214	252	252	1
F1	F1_NULL_0215	252	252	1
F1	F1_NULL_0216	252	252	1
F1	F1_NULL_0217	252	252	1
F1	F1_NULL_0218	252	252	1
F1	F1_NULL_0219	252	252	1
F1	F1_NULL_0220	252	252	1
F1	F1_NULL_0221	252	252	1
F1	F1_NULL_0222	252	252	1
F1	F1_NULL_0223	252	252	1
F1	F1_NULL_0224	252	252	1
F1	F1_NULL_0225	252	252	1
F1	F1_NULL_0226	252	252	1
F1	F1_NULL_0227	252	252	1
F1	F1_NULL_0228	252	252	1
F1	F1_NULL_0229	252	252	1
F1	F1_NULL_0230	252	252	1
F1	F1_NULL_0231	252	252	1
F1	F1_NULL_0232	252	252	1
F1	F1_NULL_0233	252	252	1
F1	F1_NULL_0234	252	252	1
F1	F1_NULL_0235	252	252	1
F1	F1_NULL_0236	252	252	1
F1	F1_NULL_0237	252	252	1
F1	F1_NULL_0238	252	252	1
F1	F1_NULL_0239	252	252	1
F1	F1_NULL_0240	252	252	1
F1	F1_NULL_0241	252	252	1
F1	F1_NULL_0242	252	252	1
F1	F1_NULL_0243	252	252	1
F1	F1_NULL_0244	252	252	1
F1	F1_NULL_0245	252	252	1
F1	F1_NULL_0246	252	252	1
F1	F1_NULL_0247	252	252	1
F1	F1_NULL_0248	252	252	1
F1	F1_NULL_0249	252	252	1
F1	F1_NULL_0250	252	252	1
F1	F1_NULL_0251	252	252	1
F1	F1_NULL_0252	252	252	1
F1	F1_NULL_0253	252	252	1
F1	F1_NULL_0254	252	252	1
F1	F1_NULL_0255	252	252	1
F1	F1_NULL_0256	252	252	1
F1	F1_NULL_0257	252	252	1
F1	F1_NULL_0258	252	252	1
F1	F1_NULL_0259	252	252	1
F1	F1_NULL_0260	252	252	1
F1	F1_NULL_0261	252	252	1
F1	F1_NULL_0262	252	252	1
F1	F1_NULL_0263	252	252	1
F1	F1_NULL_0264	252	252	1
F1	F1_NULL_0265	252	252	1
F1	F1_NULL_0266	252	252	1
F1	F1_NULL_0267	252	252	1
F1	F1_NULL_0268	252	252	1
F1	F1_NULL_0269	252	252	1
F1	F1_NULL_0270	252	252	1
F1	F1_NULL_0271	252	252	1
F1	F1_NULL_0272	252	252	1
F1	F1_NULL_0273	252	252	1
F1	F1_NULL_0274	252	252	1
F1	F1_NULL_0275	252	252	1
F1	F1_NULL_0276	252	252	1
F1	F1_NULL_0277	252	252	1
F1	F1_NULL_0278	252	252	1
F1	F1_NULL_0279	252	252	1
F1	F1_NULL_0280	252	252	1
F1	F1_NULL_0281	252	252	1
F1	F1_NULL_0282	252	252	1
F1	F1_NULL_0283	252	252	1
F1	F1_NULL_0284	252	252	1
F1	F1_NULL_0285	252	252	1
F1	F1_NULL_0286	252	252	1
F1	F1_NULL_0287	252	252	1
F1	F1_NULL_0288	252	252	1
F1	F1_NULL_0289	252	252	1
F1	F1_NULL_0290	252	252	1
F1	F1_NULL_0291	252	252	1
F1	F1_NULL_0292	252	252	1
F1	F1_NULL_0293	252	252	1
F1	F1_NULL_0294	252	252	1
F1	F1_NULL_0295	252	252	1
F1	F1_NULL_0296	252	252	1
F1	F1_NULL_0297	252	252	1
F1	F1_NULL_0298	252	252	1
F1	F1_NULL_0299	252	252	1
F1	F1_NULL_0300	252	252	1
F1	F1_NULL_0301	252	252	1
F1	F1_NULL_0302	252	252	1
F1	F1_NULL_0303	252	252	1
F1	F1_NULL_0304	252	252	1
F1	F1_NULL_0305	252	252	1
F1	F1_NULL_0306	252	252	1
F1	F1_NULL_0307	252	252	1
F1	F1_NULL_0308	252	252	1
F1	F1_NULL_0309	252	252	1
F1	F1_NULL_0310	252	252	1
F1	F1_NULL_0311	252	252	1
F1	F1_NULL_0312	252	252	1
F1	F1_NULL_0313	252	252	1
F1	F1_NULL_0314	252	252	1
F1	F1_NULL_0315	252	252	1
F1	F1_NULL_0316	252	252	1
F1	F1_NULL_0317	252	252	1
F1	F1_NULL_0318	252	252	1
F1	F1_NULL_0319	252	252	1
F1	F1_NULL_0320	252	252	1
F1	F1_NULL_0321	252	252	1
F1	F1_NULL_0322	252	252	1
F1	F1_NULL_0323	252	252	1
F1	F1_NULL_0324	252	252	1
F1	F1_NULL_0325	252	252	1
F1	F1_NULL_0326	252	252	1
F1	F1_NULL_0327	252	252	1
F1	F1_NULL_0328	252	252	1
F1	F1_NULL_0329	252	252	1
F1	F1_NULL_0330	252	252	1
F1	F1_NULL_0331	252	252	1
F1	F1_NULL_0332	252	252	1
F1	F1_NULL_0333	252	252	1
F1	F1_NULL_0334	252	252	1
F1	F1_NULL_0335	252	252	1
F1	F1_NULL_0336	252	252	1
F1	F1_NULL_0337	252	252	1
F1	F1_NULL_0338	252	252	1
F1	F1_NULL_0339	252	252	1
F1	F1_NULL_0340	252	252	1
F1	F1_NULL_0341	252	252	1
F1	F1_NULL_0342	252	252	1
F1	F1_NULL_0343	252	252	1
F1	F1_NULL_0344	252	252	1
F1	F1_NULL_0345	252	252	1
F1	F1_NULL_0346	252	252	1
F1	F1_NULL_0347	252	252	1
F1	F1_NULL_0348	252	252	1
F1	F1_NULL_0349	252	252	1
F1	F1_NULL_0350	252	252	1
F1	F1_NULL_0351	252	252	1
F1	F1_NULL_0352	252	252	1
F1	F1_NULL_0353	252	252	1
F1	F1_NULL_0354	252	252	1
F1	F1_NULL_0355	252	252	1
F1	F1_NULL_0356	252	252	1
F1	F1_NULL_0357	252	252	1
F1	F1_NULL_0358	252	252	1
F1	F1_NULL_0359	252	252	1
F1	F1_NULL_0360	252	252	1
F1	F1_NULL_0361	252	252	1
F1	F1_NULL_0362	252	252	1
F1	F1_NULL_0363	252	252	1
F1	F1_NULL_0364	252	252	1
F1	F1_NULL_0365	252	252	1
F1	F1_NULL_0366	252	252	1
F1	F1_NULL_0367	252	252	1
F1	F1_NULL_0368	252	252	1
F1	F1_NULL_0369	252	252	1
F1	F1_NULL_0370	252	252	1
F1	F1_NULL_0371	252	252	1
F1	F1_NULL_0372	252	252	1
F1	F1_NULL_0373	252	252	1
F1	F1_NULL_0374	252	252	1
F1	F1_NULL_0375	252	252	1
F1	F1_NULL_0376	252	252	1
F1	F1_NULL_0377	252	252	1
F1	F1_NULL_0378	252	252	1
F1	F1_NULL_0379	252	252	1
F1	F1_NULL_0380	252	252	1
F1	F1_NULL_0381	252	252	1
F1	F1_NULL_0382	252	252	1
F1	F1_NULL_0383	252	252	1
F1	F1_NULL_0384	252	252	1
F1	F1_NULL_0385	252	252	1
F1	F1_NULL_0386	252	252	1
F1	F1_NULL_0387	252	252	1
F1	F1_NULL_0388	252	252	1
F1	F1_NULL_0389	252	252	1
F1	F1_NULL_0390	252	252	1
F1	F1_NULL_0391	252	252	1
F1	F1_NULL_0392	252	252	1
F1	F1_NULL_0393	252	252	1
F1	F1_NULL_0394	252	252	1
F1	F1_NULL_0395	252	252	1
F1	F1_NULL_0396	252	252	1
F1	F1_NULL_0397	252	252	1
F1	F1_NULL_0398	252	252	1
F1	F1_NULL_0399	252	252	1
F1	F1_NULL_0400	252	252	1
F1	F1_NULL_0401	252	252	1
F1	F1_NULL_0402	252	252	1
F1	F1_NULL_0403	252	252	1
F1	F1_NULL_0404	252	252	1
F1	F1_NULL_0405	252	252	1
F1	F1_NULL_0406	252	252	1
F1	F1_NULL_0407	252	252	1
F1	F1_NULL_0408	252	252	1
F1	F1_NULL_0409	252	252	1
F1	F1_NULL_0410	252	252	1
F1	F1_NULL_0411	252	252	1
F1	F1_NULL_0412	252	252	1
F1	F1_NULL_0413	252	252	1
F1	F1_NULL_0414	252	252	1
F1	F1_NULL_0415	252	252	1
F1	F1_NULL_0416	252	252	1
F1	F1_NULL_0417	252	252	1
F1	F1_NULL_0418	252	252	1
F1	F1_NULL_0419	252	252	1
F1	F1_NULL_0420	252	252	1
F1	F1_NULL_0421	252	252	1
F1	F1_NULL_0422	252	252	1
F1	F1_NULL_0423	252	252	1
F1	F1_NULL_0424	252	252	1
F1	F1_NULL_0425	252	252	1
F1	F1_NULL_0426	252	252	1
F1	F1_NULL_0427	252	252	1
F1	F1_NULL_0428	252	252	1
F1	F1_NULL_0429	252	252	1
F1	F1_NULL_0430	252	252	1
F1	F1_NULL_0431	252	252	1
F1	F1_NULL_0432	252	252	1
F1	F1_NULL_0433	252	252	1
F1	F1_NULL_0434	252	252	1
F1	F1_NULL_0435	252	252	1
F1	F1_NULL_0436	252	252	1
F1	F1_NULL_0437	252	252	1
F1	F1_NULL_0438	252	252	1
F1	F1_NULL_0439	252	252	1
F1	F1_NULL_0440	252	252	1
F1	F1_NULL_0441	252	252	1
F1	F1_NULL_0442	252	252	1
F1	F1_NULL_0443	252	252	1
F1	F1_NULL_0444	252	252	1
F1	F1_NULL_0445	252	252	1
F1	F1_NULL_0446	252	252	1
F1	F1_NULL_0447	252	252	1
F1	F1_NULL_0448	252	252	1
F1	F1_NULL_0449	252	252	1
F1	F1_NULL_0450	252	252	1
F1	F1_NULL_0451	252	252	1
F1	F1_NULL_0452	252	252	1
F1	F1_NULL_0453	252	252	1
F1	F1_NULL_0454	252	252	1
F1	F1_NULL_0455	252	252	1
F1	F1_NULL_0456	252	252	1
F1	F1_NULL_0457	252	252	1
F1	F1_NULL_0458	252	252	1
F1	F1_NULL_0459	252	252	1
F1	F1_NULL_0460	252	252	1
F1	F1_NULL_0461	252	252	1
F1	F1_NULL_0462	252	252	1
F1	F1_NULL_0463	252	252	1
F1	F1_NULL_0464	252	252	1
F1	F1_NULL_0465	252	252	1
F1	F1_NULL_0466	252	252	1
F1	F1_NULL_0467	252	252	1
F1	F1_NULL_0468	252	252	1
F1	F1_NULL_0469	252	252	1
F1	F1_NULL_0470	252	252	1
F1	F1_NULL_0471	252	252	1
F1	F1_NULL_0472	252	252	1
F1	F1_NULL_0473	252	252	1
F1	F1_NULL_0474	252	252	1
F1	F1_NULL_0475	252	252	1
F1	F1_NULL_0476	252	252	1
F1	F1_NULL_0477	252	252	1
F1	F1_NULL_0478	252	252	1
F1	F1_NULL_0479	252	252	1
F1	F1_NULL_0480	252	252	1
F1	F1_NULL_0481	252	252	1
F1	F1_NULL_0482	252	252	1
F1	F1_NULL_0483	252	252	1
F1	F1_NULL_0484	252	252	1
F1	F1_NULL_0485	252	252	1
F1	F1_NULL_0486	252	252	1
F1	F1_NULL_0487	252	252	1
F1	F1_NULL_0488	252	252	1
F1	F1_NULL_0489	252	252	1
F1	F1_NULL_0490	252	252	1
F1	F1_NULL_0491	252	252	1
F1	F1_NULL_0492	252	252	1
F1	F1_NULL_0493	252	252	1
F1	F1_NULL_0494	252	252	1
F1	F1_NULL_0495	252	252	1
F1	F1_NULL_0496	252	252	1
F1	F1_NULL_0497	252	252	1
F1	F1_NULL_0498	252	252	1
F1	F1_NULL_0499	252	252	1
F1	F1_NULL_0500	252	252	1
F1	F1_NULL_0501	252	252	1
F1	F1_NULL_0502	252	252	1
F1	F1_NULL_0503	252	252	1
F1	F1_NULL_0504	252	252	1
F1	F1_NULL_0505	252	252	1
F1	F1_NULL_0506	252	252	1
F1	F1_NULL_0507	252	252	1
F1	F1_NULL_0508	252	252	1
F1	F1_NULL_0509	252	252	1
F1	F1_NULL_0510	252	252	1
F1	F1_NULL_0511	252	252	1
F1	F1_NULL_0512	252	252	1
F1	F1_NULL_0513	252	252	1
F1	F1_NULL_0514	252	252	1
F1	F1_NULL_0515	252	252	1
F1	F1_NULL_0516	252	252	1
F1	F1_NULL_0517	252	252	1
F1	F1_NULL_0518	252	252	1
F1	F1_NULL_0519	252	252	1
F1	F1_NULL_0520	252	252	1
F1	F1_NULL_0521	252	252	1
F1	F1_NULL_0522	252	252	1
F1	F1_NULL_0523	252	252	1
F1	F1_NULL_0524	252	252	1
F1	F1_NULL_0525	252	252	1
F1	F1_NULL_0526	252	252	1
F1	F1_NULL_0527	252	252	1
F1	F1_NULL_0528	252	252	1
F1	F1_NULL_0529	252	252	1
F1	F1_NULL_0530	252	252	1
F1	F1_NULL_0531	252	252	1
F1	F1_NULL_0532	252	252	1
F1	F1_NULL_0533	252	252	1
F1	F1_NULL_0534	252	252	1
F1	F1_NULL_0535	252	252	1
F1	F1_NULL_0536	252	252	1
F1	F1_NULL_0537	252	252	1
F1	F1_NULL_0538	252	252	1
F1	F1_NULL_0539	252	252	1
F1	F1_NULL_0540	252	252	1
F1	F1_NULL_0541	252	252	1
F1	F1_NULL_0542	252	252	1
F1	F1_NULL_0543	252	252	1
F1	F1_NULL_0544	252	252	1
F1	F1_NULL_0545	252	252	1
F1	F1_NULL_0546	252	252	1
F1	F1_NULL_0547	252	252	1
F1	F1_NULL_0548	252	252	1
F1	F1_NULL_0549	252	252	1
F1	F1_NULL_0550	252	252	1
F1	F1_NULL_0551	252	252	1
F1	F1_NULL_0552	252	252	1
F1	F1_NULL_0553	252	252	1
F1	F1_NULL_0554	252	252	1
F1	F1_NULL_0555	252	252	1
F1	F1_NULL_0556	252	252	1
F1	F1_NULL_0557	252	252	1
F1	F1_NULL_0558	252	252	1
F1	F1_NULL_0559	252	252	1
F1	F1_NULL_0560	252	252	1
F1	F1_NULL_0561	252	252	1
F1	F1_NULL_0562	252	252	1
F1	F1_NULL_0563	252	252	1
F1	F1_NULL_0564	252	252	1
F1	F1_NULL_0565	252	252	1
F1	F1_NULL_0566	252	252	1
F1	F1_NULL_0567	252	252	1
F1	F1_NULL_0568	252	252	1
F1	F1_NULL_0569	252	252	1
F1	F1_NULL_0570	252	252	1
F1	F1_NULL_0571	252	252	1
F1	F1_NULL_0572	252	252	1
F1	F1_NULL_0573	252	252	1
F1	F1_NULL_0574	252	252	1
F1	F1_NULL_0575	252	252	1
F1	F1_NULL_0576	252	252	1
F1	F1_NULL_0577	252	252	1
F1	F1_NULL_0578	252	252	1
F1	F1_NULL_0579	252	252	1
F1	F1_NULL_0580	252	252	1
F1	F1_NULL_0581	252	252	1
F1	F1_NULL_0582	252	252	1
F1	F1_NULL_0583	252	252	1
F1	F1_NULL_0584	252	252	1
F1	F1_NULL_0585	252	252	1
F1	F1_NULL_0586	252	252	1
F1	F1_NULL_0587	252	252	1
F1	F1_NULL_0588	252	252	1
F1	F1_NULL_0589	252	252	1
F1	F1_NULL_0590	252	252	1
F1	F1_NULL_0591	252	252	1
F1	F1_NULL_0592	252	252	1
F1	F1_NULL_0593	252	252	1
F1	F1_NULL_0594	252	252	1
F1	F1_NULL_0595	252	252	1
F1	F1_NULL_0596	252	252	1
F1	F1_NULL_0597	252	252	1
F1	F1_NULL_0598	252	252	1
F1	F1_NULL_0599	252	252	1
F1	F1_NULL_0600	252	252	1
F1	F1_NULL_0601	252	252	1
F1	F1_NULL_0602	252	252	1
F1	F1_NULL_0603	252	252	1
F1	F1_NULL_0604	252	252	1
F1	F1_NULL_0605	252	252	1
F1	F1_NULL_0606	252	252	1
F1	F1_NULL_0607	252	252	1
F1	F1_NULL_0608	252	252	1
F1	F1_NULL_0609	252	252	1
F1	F1_NULL_0610	252	252	1
F1	F1_NULL_0611	252	252	1
F1	F1_NULL_0612	252	252	1
F1	F1_NULL_0613	252	252	1
F1	F1_NULL_0614	252	252	1
F1	F1_NULL_0615	252	252	1
F1	F1_NULL_0616	252	252	1
F1	F1_NULL_0617	252	252	1
F1	F1_NULL_0618	252	252	1
F1	F1_NULL_0619	252	252	1
F1	F1_NULL_0620	252	252	1
F1	F1_NULL_0621	252	252	1
F1	F1_NULL_0622	252	252	1
F1	F1_NULL_0623	252	252	1
F1	F1_NULL_0624	252	252	1
F1	F1_NULL_0625	252	252	1
F1	F1_NULL_0626	252	252	1
F1	F1_NULL_0627	252	252	1
F1	F1_NULL_0628	252	252	1
F1	F1_NULL_0629	252	252	1
F1	F1_NULL_0630	252	252	1
F1	F1_NULL_0631	252	252	1
F1	F1_NULL_0632	252	252	1
F1	F1_NULL_0633	252	252	1
F1	F1_NULL_0634	252	252	1
F1	F1_NULL_0635	252	252	1
F1	F1_NULL_0636	252	252	1
F1	F1_NULL_0637	252	252	1
F1	F1_NULL_0638	252	252	1
F1	F1_NULL_0639	252	252	1
F1	F1_NULL_0640	252	252	1
F1	F1_NULL_0641	252	252	1
F1	F1_NULL_0642	252	252	1
F1	F1_NULL_0643	252	252	1
F1	F1_NULL_0644	252	252	1
F1	F1_NULL_0645	252	252	1
F1	F1_NULL_0646	252	252	1
F1	F1_NULL_0647	252	252	1
F1	F1_NULL_0648	252	252	1
F1	F1_NULL_0649	252	252	1
F1	F1_NULL_0650	252	252	1
F1	F1_NULL_0651	252	252	1
F1	F1_NULL_0652	252	252	1
F1	F1_NULL_0653	252	252	1
F1	F1_NULL_0654	252	252	1
F1	F1_NULL_0655	252	252	1
F1	F1_NULL_0656	252	252	1
F1	F1_NULL_0657	252	252	1
F1	F1_NULL_0658	252	252	1
F1	F1_NULL_0659	252	252	1
F1	F1_NULL_0660	252	252	1
F1	F1_NULL_0661	252	252	1
F1	F1_NULL_0662	252	252	1
F1	F1_NULL_0663	252	252	1
F1	F1_NULL_0664	252	252	1
F1	F1_NULL_0665	252	252	1
F1	F1_NULL_0666	252	252	1
F1	F1_NULL_0667	252	252	1
F1	F1_NULL_0668	252	252	1
F1	F1_NULL_0669	252	252	1
F1	F1_NULL_0670	252	252	1
F1	F1_NULL_0671	252	252	1
F1	F1_NULL_0672	252	252	1
F1	F1_NULL_0673	252	252	1
F1	F1_NULL_0674	252	252	1
F1	F1_NULL_0675	252	252	1
F1	F1_NULL_0676	252	252	1
F1	F1_NULL_0677	252	252	1
F1	F1_NULL_0678	252	252	1
F1	F1_NULL_0679	252	252	1
F1	F1_NULL_0680	252	252	1
F1	F1_NULL_0681	252	252	1
F1	F1_NULL_0682	252	252	1
F1	F1_NULL_0683	252	252	1
F1	F1_NULL_0684	252	252	1
F1	F1_NULL_0685	252	252	1
F1	F1_NULL_0686	252	252	1
F1	F1_NULL_0687	252	252	1
F1	F1_NULL_0688	252	252	1
F1	F1_NULL_0689	252	252	1
F1	F1_NULL_0690	252	252	1
F1	F1_NULL_0691	252	252	1
F1	F1_NULL_0692	252	252	1
F1	F1_NULL_0693	252	252	1
F1	F1_NULL_0694	252	252	1
F1	F1_NULL_0695	252	252	1
F1	F1_NULL_0696	252	252	1
F1	F1_NULL_0697	252	252	1
F1	F1_NULL_0698	252	252	1
F1	F1_NULL_0699	252	252	1
F1	F1_NULL_0700	252	252	1
F1	F1_NULL_0701	252	252	1
F1	F1_NULL_0702	252	252	1
F1	F1_NULL_0703	252	252	1
F1	F1_NULL_0704	252	252	1
F1	F1_NULL_0705	252	252	1
F1	F1_NULL_0706	252	252	1
F1	F1_NULL_0707	252	252	1
F1	F1_NULL_0708	252	252	1
F1	F1_NULL_0709	252	252	1
F1	F1_NULL_0710	252	252	1
F1	F1_NULL_0711	252	252	1
F1	F1_NULL_0712	252	252	1
F1	F1_NULL_0713	252	252	1
F1	F1_NULL_0714	252	252	1
F1	F1_NULL_0715	252	252	1
F1	F1_NULL_0716	252	252	1
F1	F1_NULL_0717	252	252	1
F1	F1_NULL_0718	252	252	1
F1	F1_NULL_0719	252	252	1
F1	F1_NULL_0720	252	252	1
F1	F1_NULL_0721	252	252	1
F1	F1_NULL_0722	252	252	1
F1	F1_NULL_0723	252	252	1
F1	F1_NULL_0724	252	252	1
F1	F1_NULL_0725	252	252	1
F1	F1_NULL_0726	252	252	1
F1	F1_NULL_0727	252	252	1
F1	F1_NULL_0728	252	252	1
F1	F1_NULL_0729	252	252	1
F1	F1_NULL_0730	252	252	1
F1	F1_NULL_0731	252	252	1
F1	F1_NULL_0732	252	252	1
F1	F1_NULL_0733	252	252	1
F1	F1_NULL_0734	252	252	1
F1	F1_NULL_0735	252	252	1
F1	F1_NULL_0736	252	252	1
F1	F1_NULL_0737	252	252	1
F1	F1_NULL_0738	252	252	1
F1	F1_NULL_0739	252	252	1
F1	F1_NULL_0740	252	252	1
F1	F1_NULL_0741	252	252	1
F1	F1_NULL_0742	252	252	1
F1	F1_NULL_0743	252	252	1
F1	F1_NULL_0744	252	252	1
F1	F1_NULL_0745	252	252	1
F1	F1_NULL_0746	252	252	1
F1	F1_NULL_0747	252	252	1
F1	F1_NULL_0748	252	252	1
F1	F1_NULL_0749	252	252	1
F1	F1_NULL_0750	252	252	1
F1	F1_NULL_0751	252	252	1
F1	F1_NULL_0752	252	252	1
F1	F1_NULL_0753	252	252	1
F1	F1_NULL_0754	252	252	1
F1	F1_NULL_0755	252	252	1
F1	F1_NULL_0756	252	252	1
F1	F1_NULL_0757	252	252	1
F1	F1_NULL_0758	252	252	1
F1	F1_NULL_0759	252	252	1
F1	F1_NULL_0760	252	252	1
F1	F1_NULL_0761	252	252	1
F1	F1_NULL_0762	252	252	1
F1	F1_NULL_0763	252	252	1
F1	F1_NULL_0764	252	252	1
F1	F1_NULL_0765	252	252	1
F1	F1_NULL_0766	252	252	1
F1	F1_NULL_0767	252	252	1
F1	F1_NULL_0768	252	252	1
F1	F1_NULL_0769	252	252	1
F1	F1_NULL_0770	252	252	1
F1	F1_NULL_0771	252	252	1
F1	F1_NULL_0772	252	252	1
F1	F1_NULL_0773	252	252	1
F1	F1_NULL_0774	252	252	1
F1	F1_NULL_0775	252	252	1
F1	F1_NULL_0776	252	252	1
F1	F1_NULL_0777	252	252	1
F1	F1_NULL_0778	252	252	1
F1	F1_NULL_0779	252	252	1
F1	F1_NULL_0780	252	252	1
F1	F1_NULL_0781	252	252	1
F1	F1_NULL_0782	252	252	1
F1	F1_NULL_0783	252	252	1
F1	F1_NULL_0784	252	252	1
F1	F1_NULL_0785	252	252	1
F1	F1_NULL_0786	252	252	1
F1	F1_NULL_0787	252	252	1
F1	F1_NULL_0788	252	252	1
F1	F1_NULL_0789	252	252	1
F1	F1_NULL_0790	252	252	1
F1	F1_NULL_0791	252	252	1
F1	F1_NULL_0792	252	252	1
F1	F1_NULL_0793	252	252	1
F1	F1_NULL_0794	252	252	1
F1	F1_NULL_0795	252	252	1
F1	F1_NULL_0796	252	252	1
F1	F1_NULL_0797	252	252	1
F1	F1_NULL_0798	252	252	1
F1	F1_NULL_0799	252	252	1
F1	F1_NULL_0800	252	252	1
F1	F1_NULL_0801	252	252	1
F1	F1_NULL_0802	252	252	1
F1	F1_NULL_0803	252	252	1
F1	F1_NULL_0804	252	252	1
F1	F1_NULL_0805	252	252	1
F1	F1_NULL_0806	252	252	1
F1	F1_NULL_0807	252	252	1
F1	F1_NULL_0808	252	252	1
F1	F1_NULL_0809	252	252	1
F1	F1_NULL_0810	252	252	1
F1	F1_NULL_0811	252	252	1
F1	F1_NULL_0812	252	252	1
F1	F1_NULL_0813	252	252	1
F1	F1_NULL_0814	252	252	1
F1	F1_NULL_0815	252	252	1
F1	F1_NULL_0816	252	252	1
F1	F1_NULL_0817	252	252	1
F1	F1_NULL_0818	252	252	1
F1	F1_NULL_0819	252	252	1
F1	F1_NULL_0820	252	252	1
F1	F1_NULL_0821	252	252	1
F1	F1_NULL_0822	252	252	1
F1	F1_NULL_0823	252	252	1
F1	F1_NULL_0824	252	252	1
F1	F1_NULL_0825	252	252	1
F1	F1_NULL_0826	252	252	1
F1	F1_NULL_0827	252	252	1
F1	F1_NULL_0828	252	252	1
F1	F1_NULL_0829	252	252	1
F1	F1_NULL_0830	252	252	1
F1	F1_NULL_0831	252	252	1
F1	F1_NULL_0832	252	252	1
F1	F1_NULL_0833	252	252	1
F1	F1_NULL_0834	252	252	1
F1	F1_NULL_0835	252	252	1
F1	F1_NULL_0836	252	252	1
F1	F1_NULL_0837	252	252	1
F1	F1_NULL_0838	252	252	1
F1	F1_NULL_0839	252	252	1
F1	F1_NULL_0840	252	252	1
F1	F1_NULL_0841	252	252	1
F1	F1_NULL_0842	252	252	1
F1	F1_NULL_0843	252	252	1
F1	F1_NULL_0844	252	252	1
F1	F1_NULL_0845	252	252	1
F1	F1_NULL_0846	252	252	1
F1	F1_NULL_0847	252	252	1
F1	F1_NULL_0848	252	252	1
F1	F1_NULL_0849	252	252	1
F1	F1_NULL_0850	252	252	1
F1	F1_NULL_0851	252	252	1
F1	F1_NULL_0852	252	252	1
F1	F1_NULL_0853	252	252	1
F1	F1_NULL_0854	252	252	1
F1	F1_NULL_0855	252	252	1
F1	F1_NULL_0856	252	252	1
F1	F1_NULL_0857	252	252	1
F1	F1_NULL_0858	252	252	1
F1	F1_NULL_0859	252	252	1
F1	F1_NULL_0860	252	252	1
F1	F1_NULL_0861	252	252	1
F1	F1_NULL_0862	252	252	1
F1	F1_NULL_0863	252	252	1
F1	F1_NULL_0864	252	252	1
F1	F1_NULL_0865	252	252	1
F1	F1_NULL_0866	252	252	1
F1	F1_NULL_0867	252	252	1
F1	F1_NULL_0868	252	252	1
F1	F1_NULL_0869	252	252	1
F1	F1_NULL_0870	252	252	1
F1	F1_NULL_0871	252	252	1
F1	F1_NULL_0872	252	252	1
F1	F1_NULL_0873	252	252	1
F1	F1_NULL_0874	252	252	1
F1	F1_NULL_0875	252	252	1
F1	F1_NULL_0876	252	252	1
F1	F1_NULL_0877	252	252	1
F1	F1_NULL_0878	252	252	1
F1	F1_NULL_0879	252	252	1
F1	F1_NULL_0880	252	252	1
F1	F1_NULL_0881	252	252	1
F1	F1_NULL_0882	252	252	1
F1	F1_NULL_0883	252	252	1
F1	F1_NULL_0884	252	252	1
F1	F1_NULL_0885	252	252	1
F1	F1_NULL_0886	252	252	1
F1	F1_NULL_0887	252	252	1
F1	F1_NULL_0888	252	252	1
F1	F1_NULL_0889	252	252	1
F1	F1_NULL_0890	252	252	1
F1	F1_NULL_0891	252	252	1
F1	F1_NULL_0892	252	252	1
F1	F1_NULL_0893	252	252	1
F1	F1_NULL_0894	252	252	1
F1	F1_NULL_0895	252	252	1
F1	F1_NULL_0896	252	252	1
F1	F1_NULL_0897	252	252	1
F1	F1_NULL_0898	252	252	1
F1	F1_NULL_0899	252	252	1
F1	F1_NULL_0900	252	252	1
F1	F1_NULL_0901	252	252	1
F1	F1_NULL_0902	252	252	1
F1	F1_NULL_0903	252	252	1
F1	F1_NULL_0904	252	252	1
F1	F1_NULL_0905	252	252	1
F1	F1_NULL_0906	252	252	1
F1	F1_NULL_0907	252	252	1
F1	F1_NULL_0908	252	252	1
F1	F1_NULL_0909	252	252	1
F1	F1_NULL_0910	252	252	1
F1	F1_NULL_0911	252	252	1
F1	F1_NULL_0912	252	252	1
F1	F1_NULL_0913	252	252	1
F1	F1_NULL_0914	252	252	1
F1	F1_NULL_0915	252	252	1
F1	F1_NULL_0916	252	252	1
F1	F1_NULL_0917	252	252	1
F1	F1_NULL_0918	252	252	1
F1	F1_NULL_0919	252	252	1
F1	F1_NULL_0920	252	252	1
F1	F1_NULL_0921	252	252	1
F1	F1_NULL_0922	252	252	1
F1	F1_NULL_0923	252	252	1
F1	F1_NULL_0924	252	252	1
F1	F1_NULL_0925	252	252	1
F1	F1_NULL_0926	252	252	1
F1	F1_NULL_0927	252	252	1
F1	F1_NULL_0928	252	252	1
F1	F1_NULL_0929	252	252	1
F1	F1_NULL_0930	252	252	1
F1	F1_NULL_0931	252	252	1
F1	F1_NULL_0932	252	252	1
F1	F1_NULL_0933	252	252	1
F1	F1_NULL_0934	252	252	1
F1	F1_NULL_0935	252	252	1
F1	F1_NULL_0936	252	252	1
F1	F1_NULL_0937	252	252	1
F1	F1_NULL_0938	252	252	1
F1	F1_NULL_0939	252	252	1
F1	F1_NULL_0940	252	252	1
F1	F1_NULL_0941	252	252	1
F1	F1_NULL_0942	252	252	1
F1	F1_NULL_0943	252	252	1
F1	F1_NULL_0944	252	252	1
F1	F1_NULL_0945	252	252	1
F1	F1_NULL_0946	252	252	1
F1	F1_NULL_0947	252	252	1
F1	F1_NULL_0948	252	252	1
F1	F1_NULL_0949	252	252	1
F1	F1_NULL_0950	252	252	1
F1	F1_NULL_0951	252	252	1
F1	F1_NULL_0952	252	252	1
F1	F1_NULL_0953	252	252	1
F1	F1_NULL_0954	252	252	1
F1	F1_NULL_0955	252	252	1
F1	F1_NULL_0956	252	252	1
F1	F1_NULL_0957	252	252	1
F1	F1_NULL_0958	252	252	1
F1	F1_NULL_0959	252	252	1
F1	F1_NULL_0960	252	252	1
F1	F1_NULL_0961	252	252	1
F1	F1_NULL_0962	252	252	1
F1	F1_NULL_0963	252	252	1
F1	F1_NULL_0964	252	252	1
F1	F1_NULL_0965	252	252	1
F1	F1_NULL_0966	252	252	1
F1	F1_NULL_0967	252	252	1
F1	F1_NULL_0968	252	252	1
F1	F1_NULL_0969	252	252	1
F1	F1_NULL_0970	252	252	1
F1	F1_NULL_0971	252	252	1
F1	F1_NULL_0972	252	252	1
F1	F1_NULL_0973	252	252	1
F1	F1_NULL_0974	252	252	1
F1	F1_NULL_0975	252	252	1
F1	F1_NULL_0976	252	252	1
F1	F1_NULL_0977	252	252	1
F1	F1_NULL_0978	252	252	1
F1	F1_NULL_0979	252	252	1
F1	F1_NULL_0980	252	252	1
F1	F1_NULL_0981	252	252	1
F1	F1_NULL_0982	252	252	1
F1	F1_NULL_0983	252	252	1
F1	F1_NULL_0984	252	252	1
F1	F1_NULL_0985	252	252	1
F1	F1_NULL_0986	252	252	1
F1	F1_NULL_0987	252	252	1
F1	F1_NULL_0988	252	252	1
F1	F1_NULL_0989	252	252	1
F1	F1_NULL_0990	252	252	1
F1	F1_NULL_0991	252	252	1
F1	F1_NULL_0992	252	252	1
F1	F1_NULL_0993	252	252	1
F1	F1_NULL_0994	252	252	1
F1	F1_NULL_0995	252	252	1
F1	F1_NULL_0996	252	252	1
F1	F1_NULL_0997	252	252	1
F1	F1_NULL_0998	252	252	1
F1	F1_NULL_0999	252	252	1
F1	F1_NULL_1000	252	252	1
F1	F1_NULL_1001	252	252	1
F1	F1_NULL_1002	252	252	1
F1	F1_NULL_1003	252	252	1
F1	F1_NULL_1004	252	252	1
F1	F1_NULL_1005	252	252	1
F1	F1_NULL_1006	252	252	1
F1	F1_NULL_1007	252	252	1
F1	F1_NULL_1008	252	252	1
F1	F1_NULL_1009	252	252	1
F1	F1_NULL_1010	252	252	1
F1	F1_NULL_1011	252	252	1
F1	F1_NULL_1012	252	252	1
F1	F1_NULL_1013	252	252	1
F1	F1_NULL_1014	252	252	1
F1	F1_NULL_1015	252	252	1
F1	F1_NULL_1016	252	252	1
F1	F1_NULL_1017	252	252	1
F1	F1_NULL_1018	252	252	1
F1	F1_NULL_1019	252	252	1
F1	F1_NULL_1020	252	252	1
F1	F1_NULL_1021	252	252	1
F1	F1_NULL_1022	252	252	1
F1	F1_NULL_1023	252	252	1
F1	F1_NULL_1024	252	252	1
F1	F1_NULL_1025	252	252	1
F1	F1_NULL_1026	252	252	1
F1	F1_NULL_1027	252	252	1
F1	F1_NULL_1028	252	252	1
F1	F1_NULL_1029	252	252	1
F1	F1_NULL_1030	252	252	1
F1	F1_NULL_1031	252	252	1
F1	F1_NULL_1032	252	252	1
F1	F1_NULL_1033	252	252	1
F1	F1_NULL_1034	252	252	1
F1	F1_NULL_1035	252	252	1
F1	F1_NULL_1036	252	252	1
F1	F1_NULL_1037	252	252	1
F1	F1_NULL_1038	252	252	1
F1	F1_NULL_1039	252	252	1
F1	F1_NULL_1040	252	252	1
F1	F1_NULL_1041	252	252	1
F1	F1_NULL_1042	252	252	1
F1	F1_NULL_1043	252	252	1
F1	F1_NULL_1044	252	252	1
F1	F1_NULL_1045	252	252	1
F1	F1_NULL_1046	252	252	1
F1	F1_NULL_1047	252	252	1
F1	F1_NULL_1048	252	252	1
F1	F1_NULL_1049	252	252	1
F1	F1_NULL_1050	252	252	1
F1	F1_NULL_1051	252	252	1
F1	F1_NULL_1052	252	252	1
F1	F1_NULL_1053	252	252	1
F1	F1_NULL_1054	252	252	1
F1	F1_NULL_1055	252	252	1
F1	F1_NULL_1056	252	252	1
F1	F1_NULL_1057	252	252	1
F1	F1_NULL_1058	252	252	1
F1	F1_NULL_1059	252	252	1
F1	F1_NULL_1060	252	252	1
F1	F1_NULL_1061	252	252	1
F1	F1_NULL_1062	252	252	1
F1	F1_NULL_1063	252	252	1
F1	F1_NULL_1064	252	252	1
F1	F1_NULL_1065	252	252	1
F1	F1_NULL_1066	252	252	1
F1	F1_NULL_1067	252	252	1
F1	F1_NULL_1068	252	252	1
F1	F1_NULL_1069	252	252	1
F1	F1_NULL_1070	252	252	1
F1	F1_NULL_1071	252	252	1
F1	F1_NULL_1072	252	252	1
F1	F1_NULL_1073	252	252	1
F1	F1_NULL_1074	252	252	1
F1	F1_NULL_1075	252	252	1
F1	F1_NULL_1076	252	252	1
F1	F1_NULL_1077	252	252	1
F1	F1_NULL_1078	252	252	1
F1	F1_NULL_1079	252	252	1
F1	F1_NULL_1080	252	252	1
F1	F1_NULL_1081	252	252	1
F1	F1_NULL_1082	252	252	1
F1	F1_NULL_1083	252	252	1
F1	F1_NULL_1084	252	252	1
F1	F1_NULL_1085	252	252	1
F1	F1_NULL_1086	252	252	1
F1	F1_NULL_1087	252	252	1
F1	F1_NULL_1088	252	252	1
F1	F1_NULL_1089	252	252	1
F1	F1_NULL_1090	252	252	1
F1	F1_NULL_1091	252	252	1
F1	F1_NULL_1092	252	252	1
F1	F1_NULL_1093	252	252	1
F1	F1_NULL_1094	252	252	1
F1	F1_NULL_1095	252	252	1
F1	F1_NULL_1096	252	252	1
F1	F1_NULL_1097	252	252	1
F1	F1_NULL_1098	252	252	1
F1	F1_NULL_1099	252	252	1
F1	F1_NULL_1100	252	252	1
F1	F1_NULL_1101	252	252	1
F1	F1_NULL_1102	252	252	1
F1	F1_NULL_1103	252	252	1
F1	F1_NULL_1104	252	252	1
F1	F1_NULL_1105	252	252	1
F1	F1_NULL_1106	252	252	1
F1	F1_NULL_1107	252	252	1
F1	F1_NULL_1108	252	252	1
F1	F1_NULL_1109	252	252	1
F1	F1_NULL_1110	252	252	1
F1	F1_NULL_1111	252	252	1
F1	F1_NULL_1112	252	252	1
F1	F1_NULL_1113	252	252	1
F1	F1_NULL_1114	252	252	1
F1	F1_NULL_1115	252	252	1
F1	F1_NULL_1116	252	252	1
F1	F1_NULL_1117	252	252	1
F1	F1_NULL_1118	252	252	1
F1	F1_NULL_1119	252	252	1
F1	F1_NULL_1120	252	252	1
F1	F1_NULL_1121	252	252	1
F1	F1_NULL_1122	252	252	1
F1	F1_NULL_1123	252	252	1
F1	F1_NULL_1124	252	252	1
F1	F1_NULL_1125	252	252	1
F1	F1_NULL_1126	252	252	1
F1	F1_NULL_1127	252	252	1
F1	F1_NULL_1128	252	252	1
F1	F1_NULL_1129	252	252	1
F1	F1_NULL_1130	252	252	1
F1	F1_NULL_1131	252	252	1
F1	F1_NULL_1132	252	252	1
F1	F1_NULL_1133	252	252	1
F1	F1_NULL_1134	252	252	1
F1	F1_NULL_1135	252	252	1
F1	F1_NULL_1136	252	252	1
F1	F1_NULL_1137	252	252	1
F1	F1_NULL_1138	252	252	1
F1	F1_NULL_1139	252	252	1
F1	F1_NULL_1140	252	252	1
F1	F1_NULL_1141	252	252	1
F1	F1_NULL_1142	252	252	1
F1	F1_NULL_1143	252	252	1
F1	F1_NULL_1144	252	252	1
F1	F1_NULL_1145	252	252	1
F1	F1_NULL_1146	252	252	1
F1	F1_NULL_1147	252	252	1
F1	F1_NULL_1148	252	252	1
F1	F1_NULL_1149	252	252	1
F1	F1_NULL_1150	252	252	1
F1	F1_NULL_1151	252	252	1
F1	F1_NULL_1152	252	252	1
F1	F1_NULL_1153	252	252	1
F1	F1_NULL_1154	252	252	1
F1	F1_NULL_1155	252	252	1
F1	F1_NULL_1156	252	252	1
F1	F1_NULL_1157	252	252	1
F1	F1_NULL_1158	252	252	1
F1	F1_NULL_1159	252	252	1
F1	F1_NULL_1160	252	252	1
F1	F1_NULL_1161	252	252	1
F1	F1_NULL_1162	252	252	1
F1	F1_NULL_1163	252	252	1
F1	F1_NULL_1164	252	252	1
F1	F1_NULL_1165	252	252	1
F1	F1_NULL_1166	252	252	1
F1	F1_NULL_1167	252	252	1
F1	F1_NULL_1168	252	252	1
F1	F1_NULL_1169	252	252	1
F1	F1_NULL_1170	252	252	1
F1	F1_NULL_1171	252	252	1
F1	F1_NULL_1172	252	252	1
F1	F1_NULL_1173	252	252	1
F1	F1_NULL_1174	252	252	1
F1	F1_NULL_1175	252	252	1
F1	F1_NULL_1176	252	252	1
F1	F1_NULL_1177	252	252	1
F1	F1_NULL_1178	252	252	1
F1	F1_NULL_1179	252	252	1
F1	F1_NULL_1180	252	252	1
F1	F1_NULL_1181	252	252	1
F1	F1_NULL_1182	252	252	1
F1	F1_NULL_1183	252	252	1
F1	F1_NULL_1184	252	252	1
F1	F1_NULL_1185	252	252	1
F1	F1_NULL_1186	252	252	1
F1	F1_NULL_1187	252	252	1
F1	F1_NULL_1188	252	252	1
F1	F1_NULL_1189	252	252	1
F1	F1_NULL_1190	252	252	1
F1	F1_NULL_1191	252	252	1
F1	F1_NULL_1192	252	252	1
F1	F1_NULL_1193	252	252	1
F1	F1_NULL_1194	252	252	1
F1	F1_NULL_1195	252	252	1
F1	F1_NULL_1196	252	252	1
F1	F1_NULL_1197	252	252	1
F1	F1_NULL_1198	252	252	1
F1	F1_NULL_1199	252	252	1
F1	F1_NULL_1200	252	252	1
F1	F1_NULL_1201	252	252	1
F1	F1_NULL_1202	252	252	1
F1	F1_NULL_1203	252	252	1
F1	F1_NULL_1204	252	252	1
F1	F1_NULL_1205	252	252	1
F1	F1_NULL_1206	252	252	1
F1	F1_NULL_1207	252	252	1
F1	F1_NULL_1208	252	252	1
F1	F1_NULL_1209	252	252	1
F1	F1_NULL_1210	252	252	1
F1	F1_NULL_1211	252	252	1
F1	F1_NULL_1212	252	252	1
F1	F1_NULL_1213	252	252	1
F1	F1_NULL_1214	252	252	1
F1	F1_NULL_1215	252	252	1
F1	F1_NULL_1216	252	252	1
F1	F1_NULL_1217	252	252	1
F1	F1_NULL_1218	252	252	1
F1	F1_NULL_1219	252	252	1
F1	F1_NULL_1220	252	252	1
F1	F1_NULL_1221	252	252	1
F1	F1_NULL_1222	252	252	1
F1	F1_NULL_1223	252	252	1
F1	F1_NULL_1224	252	252	1
F1	F1_NULL_1225	252	252	1
F1	F1_NULL_1226	252	252	1
F1	F1_NULL_1227	252	252	1
F1	F1_NULL_1228	252	252	1
F1	F1_NULL_1229	252	252	1
F1	F1_NULL_1230	252	252	1
F1	F1_NULL_1231	252	252	1
F1	F1_NULL_1232	252	252	1
F1	F1_NULL_1233	252	252	1
F1	F1_NULL_1234	252	252	1
F1	F1_NULL_1235	252	252	1
F1	F1_NULL_1236	252	252	1
F1	F1_NULL_1237	252	252	1
F1	F1_NULL_1238	252	252	1
F1	F1_NULL_1239	252	252	1
F1	F1_NULL_1240	252	252	1
F1	F1_NULL_1241	252	252	1
F1	F1_NULL_1242	252	252	1
F1	F1_NULL_1243	252	252	1
F1	F1_NULL_1244	252	252	1
F1	F1_NULL_1245	252	252	1
F1	F1_NULL_1246	252	252	1
F1	F1_NULL_1247	252	252	1
F1	F1_NULL_1248	252	252	1
F1	F1_NULL_1249	252	252	1
F1	F1_NULL_1250	252	252	1
F1	F1_NULL_1251	252	252	1
F1	F1_NULL_1252	252	252	1
F1	F1_NULL_1253	252	252	1
F1	F1_NULL_1254	252	252	1
F1	F1_NULL_1255	252	252	1
F1	F1_NULL_1256	252	252	1
F1	F1_NULL_1257	252	252	1
F1	F1_NULL_1258	252	252	1
F1	F1_NULL_1259	252	252	1
F1	F1_NULL_1260	252	252	1
F1	F1_NULL_1261	252	252	1
F1	F1_NULL_1262	252	252	1
F1	F1_NULL_1263	252	252	1
F1	F1_NULL_1264	252	252	1
F1	F1_NULL_1265	252	252	1
F1	F1_NULL_1266	252	252	1
F1	F1_NULL_1267	252	252	1
F1	F1_NULL_1268	252	252	1
F1	F1_NULL_1269	252	252	1
F1	F1_NULL_1270	252	252	1
F1	F1_NULL_1271	252	252	1
F1	F1_NULL_1272	252	252	1
F1	F1_NULL_1273	252	252	1
F1	F1_NULL_1274	252	252	1
F1	F1_NULL_1275	252	252	1
F1	F1_NULL_1276	252	252	1
F1	F1_NULL_1277	252	252	1
F1	F1_NULL_1278	252	252	1
F1	F1_NULL_1279	252	252	1
F1	F1_NULL_1280	252	252	1
F1	F1_NULL_1281	252	252	1
F1	F1_NULL_1282	252	252	1
F1	F1_NULL_1283	252	252	1
F1	F1_NULL_1284	252	252	1
F1	F1_NULL_1285	252	252	1
F1	F1_NULL_1286	252	252	1
F1	F1_NULL_1287	252	252	1
F1	F1_NULL_1288	252	252	1
F1	F1_NULL_1289	252	252	1
F1	F1_NULL_1290	252	252	1
F1	F1_NULL_1291	252	252	1
F1	F1_NULL_1292	252	252	1
F1	F1_NULL_1293	252	252	1
F1	F1_NULL_1294	252	252	1
F1	F1_NULL_1295	252	252	1
F1	F1_NULL_1296	252	252	1
F1	F1_NULL_1297	252	252	1
F1	F1_NULL_1298	252	252	1
F1	F1_NULL_1299	252	252	1
F1	F1_NULL_1300	252	252	1
F1	F1_NULL_1301	252	252	1
F1	F1_NULL_1302	252	252	1
F1	F1_NULL_1303	252	252	1
F1	F1_NULL_1304	252	252	1
F1	F1_NULL_1305	252	252	1
F1	F1_NULL_1306	252	252	1
F1	F1_NULL_1307	252	252	1
F1	F1_NULL_1308	252	252	1
F1	F1_NULL_1309	252	252	1
F1	F1_NULL_1310	252	252	1
F1	F1_NULL_1311	252	252	1
F1	F1_NULL_1312	252	252	1
F1	F1_NULL_1313	252	252	1
F1	F1_NULL_1314	252	252	1
F1	F1_NULL_1315	252	252	1
F1	F1_NULL_1316	252	252	1
F1	F1_NULL_1317	252	252	1
F1	F1_NULL_1318	252	252	1
F1	F1_NULL_1319	252	252	1
F1	F1_NULL_1320	252	252	1
F1	F1_NULL_1321	252	252	1
F1	F1_NULL_1322	252	252	1
F1	F1_NULL_1323	252	252	1
F1	F1_NULL_1324	252	252	1
F1	F1_NULL_1325	252	252	1
F1	F1_NULL_1326	252	252	1
F1	F1_NULL_1327	252	252	1
F1	F1_NULL_1328	252	252	1
F1	F1_NULL_1329	252	252	1
F1	F1_NULL_1330	252	252	1
F1	F1_NULL_1331	252	252	1
F1	F1_NULL_1332	252	252	1
F1	F1_NULL_1333	252	252	1
F1	F1_NULL_1334	252	252	1
F1	F1_NULL_1335	252	252	1
F1	F1_NULL_1336	252	252	1
F1	F1_NULL_1337	252	252	1
F1	F1_NULL_1338	252	252	1
F1	F1_NULL_1339	252	252	1
F1	F1_NULL_1340	252	252	1
F1	F1_NULL_1341	252	252	1
F1	F1_NULL_1342	252	252	1
F1	F1_NULL_1343	252	252	1
F1	F1_NULL_1344	252	252	1
F1	F1_NULL_1345	252	252	1
F1	F1_NULL_1346	252	252	1
F1	F1_NULL_1347	252	252	1
F1	F1_NULL_1348	252	252	1
F1	F1_NULL_1349	252	252	1
F1	F1_NULL_1350	252	252	1
F1	F1_NULL_1351	252	252	1
F1	F1_NULL_1352	252	252	1
F1	F1_NULL_1353	252	252	1
F1	F1_NULL_1354	252	252	1
F1	F1_NULL_1355	252	252	1
F1	F1_NULL_1356	252	252	1
F1	F1_NULL_1357	252	252	1
F1	F1_NULL_1358	252	252	1
F1	F1_NULL_1359	252	252	1
F1	F1_NULL_1360	252	252	1
F1	F1_NULL_1361	252	252	1
F1	F1_NULL_1362	252	252	1
F1	F1_NULL_1363	252	252	1
F1	F1_NULL_1364	252	252	1
F1	F1_NULL_1365	252	252	1
F1	F1_NULL_1366	252	252	1
F1	F1_NULL_1367	252	252	1
F1	F1_NULL_1368	252	252	1
F1	F1_NULL_1369	252	252	1
F1	F1_NULL_1370	252	252	1
F1	F1_NULL_1371	252	252	1
F1	F1_NULL_1372	252	252	1
F1	F1_NULL_1373	252	252	1
F1	F1_NULL_1374	252	252	1
F1	F1_NULL_1375	252	252	1
F1	F1_NULL_1376	252	252	1
F1	F1_NULL_1377	252	252	1
F1	F1_NULL_1378	252	252	1
F1	F1_NULL_1379	252	252	1
F1	F1_NULL_1380	252	252	1
F1	F1_NULL_1381	252	252	1
F1	F1_NULL_1382	252	252	1
F1	F1_NULL_1383	252	252	1
F1	F1_NULL_1384	252	252	1
F1	F1_NULL_1385	252	252	1
F1	F1_NULL_1386	252	252	1
F1	F1_NULL_1387	252	252	1
F1	F1_NULL_1388	252	252	1
F1	F1_NULL_1389	252	252	1
F1	F1_NULL_1390	252	252	1
F1	F1_NULL_1391	252	252	1
F1	F1_NULL_1392	252	252	1
F1	F1_NULL_1393	252	252	1
F1	F1_NULL_1394	252	252	1
F1	F1_NULL_1395	252	252	1
F1	F1_NULL_1396	252	252	1
F1	F1_NULL_1397	252	252	1
F1	F1_NULL_1398	252	252	1
F1	F1_NULL_1399	252	252	1
F1	F1_NULL_1400	252	252	1
F1	F1_NULL_1401	252	252	1
F1	F1_NULL_1402	252	252	1
F1	F1_NULL_1403	252	252	1
F1	F1_NULL_1404	252	252	1
F1	F1_NULL_1405	252	252	1
F1	F1_NULL_1406	252	252	1
F1	F1_NULL_1407	252	252	1
F1	F1_NULL_1408	252	252	1
F1	F1_NULL_1409	252	252	1
F1	F1_NULL_1410	252	252	1
F1	F1_NULL_1411	252	252	1
F1	F1_NULL_1412	252	252	1
F1	F1_NULL_1413	252	252	1
F1	F1_NULL_1414	252	252	1
F1	F1_NULL_1415	252	252	1
F1	F1_NULL_1416	252	252	1
F1	F1_NULL_1417	252	252	1
F1	F1_NULL_1418	252	252	1
F1	F1_NULL_1419	252	252	1
F1	F1_NULL_1420	252	252	1
F1	F1_NULL_1421	252	252	1
F1	F1_NULL_1422	252	252	1
F1	F1_NULL_1423	252	252	1
F1	F1_NULL_1424	252	252	1
F1	F1_NULL_1425	252	252	1
F1	F1_NULL_1426	252	252	1
F1	F1_NULL_1427	252	252	1
F1	F1_NULL_1428	252	252	1
F1	F1_NULL_1429	252	252	1
F1	F1_NULL_1430	252	252	1
F1	F1_NULL_1431	252	252	1
F1	F1_NULL_1432	252	252	1
F1	F1_NULL_1433	252	252	1
F1	F1_NULL_1434	252	252	1
F1	F1_NULL_1435	252	252	1
F1	F1_NULL_1436	252	252	1
F1	F1_NULL_1437	252	252	1
F1	F1_NULL_1438	252	252	1
F1	F1_NULL_1439	252	252	1
F1	F1_NULL_1440	252	252	1
F1	F1_NULL_1441	252	252	1
F1	F1_NULL_1442	252	252	1
F1	F1_NULL_1443	252	252	1
F1	F1_NULL_1444	252	252	1
F1	F1_NULL_1445	252	252	1
F1	F1_NULL_1446	252	252	1
F1	F1_NULL_1447	252	252	1
F1	F1_NULL_1448	252	252	1
F1	F1_NULL_1449	252	252	1
F1	F1_NULL_1450	252	252	1
F1	F1_NULL_1451	252	252	1
F1	F1_NULL_1452	252	252	1
F1	F1_NULL_1453	252	252	1
F1	F1_NULL_1454	252	252	1
F1	F1_NULL_1455	252	252	1
F1	F1_NULL_1456	252	252	1
F1	F1_NULL_1457	252	252	1
F1	F1_NULL_1458	252	252	1
F1	F1_NULL_1459	252	252	1
F1	F1_NULL_1460	252	252	1
F1	F1_NULL_1461	252	252	1
F1	F1_NULL_1462	252	252	1
F1	F1_NULL_1463	252	252	1
F1	F1_NULL_1464	252	252	1
F1	F1_NULL_1465	252	252	1
F1	F1_NULL_1466	252	252	1
F1	F1_NULL_1467	252	252	1
F1	F1_NULL_1468	252	252	1
F1	F1_NULL_1469	252	252	1
F1	F1_NULL_1470	252	252	1
F1	F1_NULL_1471	252	252	1
F1	F1_NULL_1472	252	252	1
F1	F1_NULL_1473	252	252	1
F1	F1_NULL_1474	252	252	1
F1	F1_NULL_1475	252	252	1
F1	F1_NULL_1476	252	252	1
F1	F1_NULL_1477	252	252	1
F1	F1_NULL_1478	252	252	1
F1	F1_NULL_1479	252	252	1
F1	F1_NULL_1480	252	252	1
F1	F1_NULL_1481	252	252	1
F1	F1_NULL_1482	252	252	1
F1	F1_NULL_1483	252	252	1
F1	F1_NULL_1484	252	252	1
F1	F1_NULL_1485	252	252	1
F1	F1_NULL_1486	252	252	1
F1	F1_NULL_1487	252	252	1
F1	F1_NULL_1488	252	252	1
F1	F1_NULL_1489	252	252	1
F1	F1_NULL_1490	252	252	1
F1	F1_NULL_1491	252	252	1
F1	F1_NULL_1492	252	252	1
F1	F1_NULL_1493	252	252	1
F1	F1_NULL_1494	252	252	1
F1	F1_NULL_1495	252	252	1
F1	F1_NULL_1496	252	252	1
F1	F1_NULL_1497	252	252	1
F1	F1_NULL_1498	252	252	1
F1	F1_NULL_1499	252	252	1
F1	F1_NULL_1500	252	252	1
F1	F1_NULL_1501	252	252	1
F1	F1_NULL_1502	252	252	1
F1	F1_NULL_1503	252	252	1
F1	F1_NULL_1504	252	252	1
F1	F1_NULL_1505	252	252	1
F1	F1_NULL_1506	252	252	1
F1	F1_NULL_1507	252	252	1
F1	F1_NULL_1508	252	252	1
F1	F1_NULL_1509	252	252	1
F1	F1_NULL_1510	252	252	1
F1	F1_NULL_1511	252	252	1
F1	F1_NULL_1512	252	252	1
F1	F1_NULL_1513	252	252	1
F1	F1_NULL_1514	252	252	1
F1	F1_NULL_1515	252	252	1
F1	F1_NULL_1516	252	252	1
F1	F1_NULL_1517	252	252	1
F1	F1_NULL_1518	252	252	1
F1	F1_NULL_1519	252	252	1
F1	F1_NULL_1520	252	252	1
F1	F1_NULL_1521	252	252	1
F1	F1_NULL_1522	252	252	1
F1	F1_NULL_1523	252	252	1
F1	F1_NULL_1524	252	252	1
F1	F1_NULL_1525	252	252	1
F1	F1_NULL_1526	252	252	1
F1	F1_NULL_1527	252	252	1
F1	F1_NULL_1528	252	252	1
F1	F1_NULL_1529	252	252	1
F1	F1_NULL_1530	252	252	1
F1	F1_NULL_1531	252	252	1
F1	F1_NULL_1532	252	252	1
F1	F1_NULL_1533	252	252	1
F1	F1_NULL_1534	252	252	1
F1	F1_NULL_1535	252	252	1
F1	F1_NULL_1536	252	252	1
F1	F1_NULL_1537	252	252	1
F1	F1_NULL_1538	252	252	1
F1	F1_NULL_1539	252	252	1
F1	F1_NULL_1540	252	252	1
F1	F1_NULL_1541	252	252	1
F1	F1_NULL_1542	252	252	1
F1	F1_NULL_1543	252	252	1
F1	F1_NULL_1544	252	252	1
F1	F1_NULL_1545	252	252	1
F1	F1_NULL_1546	252	252	1
F1	F1_NULL_1547	252	252	1
F1	F1_NULL_1548	252	252	1
F1	F1_NULL_1549	252	252	1
F1	F1_NULL_1550	252	252	1
F1	F1_NULL_1551	252	252	1
F1	F1_NULL_1552	252	252	1
F1	F1_NULL_1553	252	252	1
F1	F1_NULL_1554	252	252	1
F1	F1_NULL_1555	252	252	1
F1	F1_NULL_1556	252	252	1
F1	F1_NULL_1557	252	252	1
F1	F1_NULL_1558	252	252	1
F1	F1_NULL_1559	252	252	1
F1	F1_NULL_1560	252	252	1
F1	F1_NULL_1561	252	252	1
F1	F1_NULL_1562	252	252	1
F1	F1_NULL_1563	252	252	1
F1	F1_NULL_1564	252	252	1
F1	F1_NULL_1565	252	252	1
F1	F1_NULL_1566	252	252	1
F1	F1_NULL_1567	252	252	1
F1	F1_NULL_1568	252	252	1
F1	F1_NULL_1569	252	252	1
F1	F1_NULL_1570	252	252	1
F1	F1_NULL_1571	252	252	1
F1	F1_NULL_1572	252	252	1
F1	F1_NULL_1573	252	252	1
F1	F1_NULL_1574	252	252	1
F1	F1_NULL_1575	252	252	1
F1	F1_NULL_1576	252	252	1
F1	F1_NULL_1577	252	252	1
F1	F1_NULL_1578	252	252	1
F1	F1_NULL_1579	252	252	1
F1	F1_NULL_1580	252	252	1
F1	F1_NULL_1581	252	252	1
F1	F1_NULL_1582	252	252	1
F1	F1_NULL_1583	252	252	1
F1	F1_NULL_1584	252	252	1
F1	F1_NULL_1585	252	252	1
F1	F1_NULL_1586	252	252	1
F1	F1_NULL_1587	252	252	1
F1	F1_NULL_1588	252	252	1
F1	F1_NULL_1589	252	252	1
F1	F1_NULL_1590	252	252	1
F1	F1_NULL_1591	252	252	1
F1	F1_NULL_1592	252	252	1
F1	F1_NULL_1593	252	252	1
F1	F1_NULL_1594	252	252	1
F1	F1_NULL_1595	252	252	1
F1	F1_NULL_1596	252	252	1
F1	F1_NULL_1597	252	252	1
F1	F1_NULL_1598	252	252	1
F1	F1_NULL_1599	252	252	1
F1	F1_NULL_1600	252	252	1
F1	F1_NULL_1601	252	252	1
F1	F1_NULL_1602	252	252	1
F1	F1_NULL_1603	252	252	1
F1	F1_NULL_1604	252	252	1
F1	F1_NULL_1605	252	252	1
F1	F1_NULL_1606	252	252	1
F1	F1_NULL_1607	252	252	1
F1	F1_NULL_1608	252	252	1
F1	F1_NULL_1609	252	252	1
F1	F1_NULL_1610	252	252	1
F1	F1_NULL_1611	252	252	1
F1	F1_NULL_1612	252	252	1
F1	F1_NULL_1613	252	252	1
F1	F1_NULL_1614	252	252	1
F1	F1_NULL_1615	252	252	1
F1	F1_NULL_1616	252	252	1
F1	F1_NULL_1617	252	252	1
F1	F1_NULL_1618	252	252	1
F1	F1_NULL_1619	252	252	1
F1	F1_NULL_1620	252	252	1
F1	F1_NULL_1621	252	252	1
F1	F1_NULL_1622	252	252	1
F1	F1_NULL_1623	252	252	1
F1	F1_NULL_1624	252	252	1
F1	F1_NULL_1625	252	252	1
F1	F1_NULL_1626	252	252	1
F1	F1_NULL_1627	252	252	1
F1	F1_NULL_1628	252	252	1
F1	F1_NULL_1629	252	252	1
F1	F1_NULL_1630	252	252	1
F1	F1_NULL_1631	252	252	1
F1	F1_NULL_1632	252	252	1
F1	F1_NULL_1633	252	252	1
F1	F1_NULL_1634	252	252	1
F1	F1_NULL_1635	252	252	1
F1	F1_NULL_1636	252	252	1
F1	F1_NULL_1637	252	252	1
F1	F1_NULL_1638	252	252	1
F1	F1_NULL_1639	252	252	1
F1	F1_NULL_1640	252	252	1
F1	F1_NULL_1641	252	252	1
F1	F1_NULL_1642	252	252	1
F1	F1_NULL_1643	252	252	1
F1	F1_NULL_1644	252	252	1
F1	F1_NULL_1645	252	252	1
F1	F1_NULL_1646	252	252	1
F1	F1_NULL_1647	252	252	1
F1	F1_NULL_1648	252	252	1
F1	F1_NULL_1649	252	252	1
F1	F1_NULL_1650	252	252	1
F1	F1_NULL_1651	252	252	1
F1	F1_NULL_1652	252	252	1
F1	F1_NULL_1653	252	252	1
F1	F1_NULL_1654	252	252	1
F1	F1_NULL_1655	252	252	1
F1	F1_NULL_1656	252	252	1
F1	F1_NULL_1657	252	252	1
F1	F1_NULL_1658	252	252	1
F1	F1_NULL_1659	252	252	1
F1	F1_NULL_1660	252	252	1
F1	F1_NULL_1661	252	252	1
F1	F1_NULL_1662	252	252	1
F1	F1_NULL_1663	252	252	1
F1	F1_NULL_1664	252	252	1
F1	F1_NULL_1665	252	252	1
F1	F1_NULL_1666	252	252	1
F1	F1_NULL_1667	252	252	1
F1	F1_NULL_1668	252	252	1
F1	F1_NULL_1669	252	252	1
F1	F1_NULL_1670	252	252	1
F1	F1_NULL_1671	252	252	1
F1	F1_NULL_1672	252	252	1
F1	F1_NULL_1673	252	252	1
F1	F1_NULL_1674	252	252	1
F1	F1_NULL_1675	252	252	1
F1	F1_NULL_1676	252	252	1
F1	F1_NULL_1677	252	252	1
F1	F1_NULL_1678	252	252	1
F1	F1_NULL_1679	252	252	1
F1	F1_NULL_1680	252	252	1
F1	F1_NULL_1681	252	252	1
F1	F1_NULL_1682	252	252	1
F1	F1_NULL_1683	252	252	1
F1	F1_NULL_1684	252	252	1
F1	F1_NULL_1685	252	252	1
F1	F1_NULL_1686	252	252	1
F1	F1_NULL_1687	252	252	1
F1	F1_NULL_1688	252	252	1
F1	F1_NULL_1689	252	252	1
F1	F1_NULL_1690	252	252	1
F1	F1_NULL_1691	252	252	1
F1	F1_NULL_1692	252	252	1
F1	F1_NULL_1693	252	252	1
F1	F1_NULL_1694	252	252	1
F1	F1_NULL_1695	252	252	1
F1	F1_NULL_1696	252	252	1
F1	F1_NULL_1697	252	252	1
F1	F1_NULL_1698	252	252	1
F1	F1_NULL_1699	252	252	1
F1	F1_NULL_1700	252	252	1
F1	F1_NULL_1701	252	252	1
F1	F1_NULL_1702	252	252	1
F1	F1_NULL_1703	252	252	1
F1	F1_NULL_1704	252	252	1
F1	F1_NULL_1705	252	252	1
F1	F1_NULL_1706	252	252	1
F1	F1_NULL_1707	252	252	1
F1	F1_NULL_1708	252	252	1
F1	F1_NULL_1709	252	252	1
F1	F1_NULL_1710	252	252	1
F1	F1_NULL_1711	252	252	1
F1	F1_NULL_1712	252	252	1
F1	F1_NULL_1713	252	252	1
F1	F1_NULL_1714	252	252	1
F1	F1_NULL_1715	252	252	1
F1	F1_NULL_1716	252	252	1
F1	F1_NULL_1717	252	252	1
F1	F1_NULL_1718	252	252	1
F1	F1_NULL_1719	252	252	1
F1	F1_NULL_1720	252	252	1
F1	F1_NULL_1721	252	252	1
F1	F1_NULL_1722	252	252	1
F1	F1_NULL_1723	252	252	1
F1	F1_NULL_1724	252	252	1
F1	F1_NULL_1725	252	252	1
F1	F1_NULL_1726	252	252	1
F1	F1_NULL_1727	252	252	1
F1	F1_NULL_1728	252	252	1
F1	F1_NULL_1729	252	252	1
F1	F1_NULL_1730	252	252	1
F1	F1_NULL_1731	252	252	1
F1	F1_NULL_1732	252	252	1
F1	F1_NULL_1733	252	252	1
F1	F1_NULL_1734	252	252	1
F1	F1_NULL_1735	252	252	1
F1	F1_NULL_1736	252	252	1
F1	F1_NULL_1737	252	252	1
F1	F1_NULL_1738	252	252	1
F1	F1_NULL_1739	252	252	1
F1	F1_NULL_1740	252	252	1
F1	F1_NULL_1741	252	252	1
F1	F1_NULL_1742	252	252	1
F1	F1_NULL_1743	252	252	1
F1	F1_NULL_1744	252	252	1
F1	F1_NULL_1745	252	252	1
F1	F1_NULL_1746	252	252	1
F1	F1_NULL_1747	252	252	1
F1	F1_NULL_1748	252	252	1
F1	F1_NULL_1749	252	252	1
F1	F1_NULL_1750	252	252	1
F1	F1_NULL_1751	252	252	1
F1	F1_NULL_1752	252	252	1
F1	F1_NULL_1753	252	252	1
F1	F1_NULL_1754	252	252	1
F1	F1_NULL_1755	252	252	1
F1	F1_NULL_1756	252	252	1
F1	F1_NULL_1757	252	252	1
F1	F1_NULL_1758	252	252	1
F1	F1_NULL_1759	252	252	1
F1	F1_NULL_1760	252	252	1
F1	F1_NULL_1761	252	252	1
F1	F1_NULL_1762	252	252	1
F1	F1_NULL_1763	252	252	1
F1	F1_NULL_1764	252	252	1
F1	F1_NULL_1765	252	252	1
F1	F1_NULL_1766	252	252	1
F1	F1_NULL_1767	252	252	1
F1	F1_NULL_1768	252	252	1
F1	F1_NULL_1769	252	252	1
F1	F1_NULL_1770	252	252	1
F1	F1_NULL_1771	252	252	1
F1	F1_NULL_1772	252	252	1
F1	F1_NULL_1773	252	252	1
F1	F1_NULL_1774	252	252	1
F1	F1_NULL_1775	252	252	1
F1	F1_NULL_1776	252	252	1
F1	F1_NULL_1777	252	252	1
F1	F1_NULL_1778	252	252	1
F1	F1_NULL_1779	252	252	1
F1	F1_NULL_1780	252	252	1
F1	F1_NULL_1781	252	252	1
F1	F1_NULL_1782	252	252	1
F1	F1_NULL_1783	252	252	1
F1	F1_NULL_1784	252	252	1
F1	F1_NULL_1785	252	252	1
F1	F1_NULL_1786	252	252	1
F1	F1_NULL_1787	252	252	1
F1	F1_NULL_1788	252	252	1
F1	F1_NULL_1789	252	252	1
F1	F1_NULL_1790	252	252	1
F1	F1_NULL_1791	252	252	1
F1	F1_NULL_1792	252	252	1
F1	F1_NULL_1793	252	252	1
F1	F1_NULL_1794	252	252	1
F1	F1_NULL_1795	252	252	1
F1	F1_NULL_1796	252	252	1
F1	F1_NULL_1797	252	252	1
F1	F1_NULL_1798	252	252	1
F1	F1_NULL_1799	252	252	1
F1	F1_NULL_1800	252	252	1
F1	F1_NULL_1801	252	252	1
F1	F1_NULL_1802	252	252	1
F1	F1_NULL_1803	252	252	1
F1	F1_NULL_1804	252	252	1
F1	F1_NULL_1805	252	252	1
F1	F1_NULL_1806	252	252	1
F1	F1_NULL_1807	252	252	1
F1	F1_NULL_1808	252	252	1
F1	F1_NULL_1809	252	252	1
F1	F1_NULL_1810	252	252	1
F1	F1_NULL_1811	252	252	1
F1	F1_NULL_1812	252	252	1
F1	F1_NULL_1813	252	252	1
F1	F1_NULL_1814	252	252	1
F1	F1_NULL_1815	252	252	1
F1	F1_NULL_1816	252	252	1
F1	F1_NULL_1817	252	252	1
F1	F1_NULL_1818	252	252	1
F1	F1_NULL_1819	252	252	1
F1	F1_NULL_1820	252	252	1
F1	F1_NULL_1821	252	252	1
F1	F1_NULL_1822	252	252	1
F1	F1_NULL_1823	252	252	1
F1	F1_NULL_1824	252	252	1
F1	F1_NULL_1825	252	252	1
F1	F1_NULL_1826	252	252	1
F1	F1_NULL_1827	252	252	1
F1	F1_NULL_1828	252	252	1
F1	F1_NULL_1829	252	252	1
F1	F1_NULL_1830	252	252	1
F1	F1_NULL_1831	252	252	1
F1	F1_NULL_1832	252	252	1
F1	F1_NULL_1833	252	252	1
F1	F1_NULL_1834	252	252	1
F1	F1_NULL_1835	252	252	1
F1	F1_NULL_1836	252	252	1
F1	F1_NULL_1837	252	252	1
F1	F1_NULL_1838	252	252	1
F1	F1_NULL_1839	252	252	1
F1	F1_NULL_1840	252	252	1
F1	F1_NULL_1841	252	252	1
F1	F1_NULL_1842	252	252	1
F1	F1_NULL_1843	252	252	1
F1	F1_NULL_1844	252	252	1
F1	F1_NULL_1845	252	252	1
F1	F1_NULL_1846	252	252	1
F1	F1_NULL_1847	252	252	1
F1	F1_NULL_1848	252	252	1
F1	F1_NULL_1849	252	252	1
F1	F1_NULL_1850	252	252	1
F1	F1_NULL_1851	252	252	1
F1	F1_NULL_1852	252	252	1
F1	F1_NULL_1853	252	252	1
F1	F1_NULL_1854	252	252	1
F1	F1_NULL_1855	252	252	1
F1	F1_NULL_1856	252	252	1
F1	F1_NULL_1857	252	252	1
F1	F1_NULL_1858	252	252	1
F1	F1_NULL_1859	252	252	1
F1	F1_NULL_1860	252	252	1
F1	F1_NULL_1861	252	252	1
F1	F1_NULL_1862	252	252	1
F1	F1_NULL_1863	252	252	1
F1	F1_NULL_1864	252	252	1
F1	F1_NULL_1865	252	252	1
F1	F1_NULL_1866	252	252	1
F1	F1_NULL_1867	252	252	1
F1	F1_NULL_1868	252	252	1
F1	F1_NULL_1869	252	252	1
F1	F1_NULL_1870	252	252	1
F1	F1_NULL_1871	252	252	1
F1	F1_NULL_1872	252	252	1
F1	F1_NULL_1873	252	252	1
F1	F1_NULL_1874	252	252	1
F1	F1_NULL_1875	252	252	1
F1	F1_NULL_1876	252	252	1
F1	F1_NULL_1877	252	252	1
F1	F1_NULL_1878	252	252	1
F1	F1_NULL_1879	252	252	1
F1	F1_NULL_1880	252	252	1
F1	F1_NULL_1881	252	252	1
F1	F1_NULL_1882	252	252	1
F1	F1_NULL_1883	252	252	1
F1	F1_NULL_1884	252	252	1
F1	F1_NULL_1885	252	252	1
F1	F1_NULL_1886	252	252	1
F1	F1_NULL_1887	252	252	1
F1	F1_NULL_1888	252	252	1
F1	F1_NULL_1889	252	252	1
F1	F1_NULL_1890	252	252	1
F1	F1_NULL_1891	252	252	1
F1	F1_NULL_1892	252	252	1
F1	F1_NULL_1893	252	252	1
F1	F1_NULL_1894	252	252	1
F1	F1_NULL_1895	252	252	1
F1	F1_NULL_1896	252	252	1
F1	F1_NULL_1897	252	252	1
F1	F1_NULL_1898	252	252	1
F1	F1_NULL_1899	252	252	1
F1	F1_NULL_1900	252	252	1
F1	F1_NULL_1901	252	252	1
F1	F1_NULL_1902	252	252	1
F1	F1_NULL_1903	252	252	1
F1	F1_NULL_1904	252	252	1
F1	F1_NULL_1905	252	252	1
F1	F1_NULL_1906	252	252	1
F1	F1_NULL_1907	252	252	1
F1	F1_NULL_1908	252	252	1
F1	F1_NULL_1909	252	252	1
F1	F1_NULL_1910	252	252	1
F1	F1_NULL_1911	252	252	1
F1	F1_NULL_1912	252	252	1
F1	F1_NULL_1913	252	252	1
F1	F1_NULL_1914	252	252	1
F1	F1_NULL_1915	252	252	1
F1	F1_NULL_1916	252	252	1
F1	F1_NULL_1917	252	252	1
F1	F1_NULL_1918	252	252	1
F1	F1_NULL_1919	252	252	1
F1	F1_NULL_1920	252	252	1
F1	F1_NULL_1921	252	252	1
F1	F1_NULL_1922	252	252	1
F1	F1_NULL_1923	252	252	1
F1	F1_NULL_1924	252	252	1
F1	F1_NULL_1925	252	252	1
F1	F1_NULL_1926	252	252	1
F1	F1_NULL_1927	252	252	1
F1	F1_NULL_1928	252	252	1
F1	F1_NULL_1929	252	252	1
F1	F1_NULL_1930	252	252	1
F1	F1_NULL_1931	252	252	1
F1	F1_NULL_1932	252	252	1
F1	F1_NULL_1933	252	252	1
F1	F1_NULL_1934	252	252	1
F1	F1_NULL_1935	252	252	1
F1	F1_NULL_1936	252	252	1
F1	F1_NULL_1937	252	252	1
F1	F1_NULL_1938	252	252	1
F1	F1_NULL_1939	252	252	1
F1	F1_NULL_1940	252	252	1
F1	F1_NULL_1941	252	252	1
F1	F1_NULL_1942	252	252	1
F1	F1_NULL_1943	252	252	1
F1	F1_NULL_1944	252	252	1
F1	F1_NULL_1945	252	252	1
F1	F1_NULL_1946	252	252	1
F1	F1_NULL_1947	252	252	1
F1	F1_NULL_1948	252	252	1
F1	F1_NULL_1949	252	252	1
F1	F1_NULL_1950	252	252	1
F1	F1_NULL_1951	252	252	1
F1	F1_NULL_1952	252	252	1
F1	F1_NULL_1953	252	252	1
F1	F1_NULL_1954	252	252	1
F1	F1_NULL_1955	252	252	1
F1	F1_NULL_1956	252	252	1
F1	F1_NULL_1957	252	252	1
F1	F1_NULL_1958	252	252	1
F1	F1_NULL_1959	252	252	1
F1	F1_NULL_1960	252	252	1
F1	F1_NULL_1961	252	252	1
F1	F1_NULL_1962	252	252	1
F1	F1_NULL_1963	252	252	1
F1	F1_NULL_1964	252	252	1
F1	F1_NULL_1965	252	252	1
F1	F1_NULL_1966	252	252	1
F1	F1_NULL_1967	252	252	1
F1	F1_NULL_1968	252	252	1
F1	F1_NULL_1969	252	252	1
F1	F1_NULL_1970	252	252	1
F1	F1_NULL_1971	252	252	1
F1	F1_NULL_1972	252	252	1
F1	F1_NULL_1973	252	252	1
F1	F1_NULL_1974	252	252	1
F1	F1_NULL_1975	252	252	1
F1	F1_NULL_1976	252	252	1
F1	F1_NULL_1977	252	252	1
F1	F1_NULL_1978	252	252	1
F1	F1_NULL_1979	252	252	1
F1	F1_NULL_1980	252	252	1
F1	F1_NULL_1981	252	252	1
F1	F1_NULL_1982	252	252	1
F1	F1_NULL_1983	252	252	1
F1	F1_NULL_1984	252	252	1
F1	F1_NULL_1985	252	252	1
F1	F1_NULL_1986	252	252	1
F1	F1_NULL_1987	252	252	1
F1	F1_NULL_1988	252	252	1
F1	F1_NULL_1989	252	252	1
F1	F1_NULL_1990	252	252	1
F1	F1_NULL_1991	252	252	1
F1	F1_NULL_1992	252	252	1
F1	F1_NULL_1993	252	252	1
F1	F1_NULL_1994	252	252	1
F1	F1_NULL_1995	252	252	1
F1	F1_NULL_1996	252	252	1
F1	F1_NULL_1997	252	252	1
F1	F1_NULL_1998	252	252	1
F1	F1_NULL_1999	252	252	1
F2	F2_NULL_0000	674	674	2
F2	F2_NULL_0001	674	674	2
F2	F2_NULL_0002	674	674	2
F2	F2_NULL_0003	674	674	2
F2	F2_NULL_0004	674	674	2
F2	F2_NULL_0005	674	674	2
F2	F2_NULL_0006	674	674	2
F2	F2_NULL_0007	674	674	2
F2	F2_NULL_0008	674	674	2
F2	F2_NULL_0009	674	674	2
F2	F2_NULL_0010	674	674	2
F2	F2_NULL_0011	674	674	2
F2	F2_NULL_0012	674	674	2
F2	F2_NULL_0013	674	674	2
F2	F2_NULL_0014	674	674	2
F2	F2_NULL_0015	674	674	2
F2	F2_NULL_0016	674	674	2
F2	F2_NULL_0017	674	674	2
F2	F2_NULL_0018	674	674	2
F2	F2_NULL_0019	674	674	2
F2	F2_NULL_0020	674	674	2
F2	F2_NULL_0021	674	674	2
F2	F2_NULL_0022	674	674	2
F2	F2_NULL_0023	674	674	2
F2	F2_NULL_0024	674	674	2
F2	F2_NULL_0025	674	674	2
F2	F2_NULL_0026	674	674	2
F2	F2_NULL_0027	674	674	2
F2	F2_NULL_0028	674	674	2
F2	F2_NULL_0029	674	674	2
F2	F2_NULL_0030	674	674	2
F2	F2_NULL_0031	674	674	2
F2	F2_NULL_0032	674	674	2
F2	F2_NULL_0033	674	674	2
F2	F2_NULL_0034	674	674	2
F2	F2_NULL_0035	674	674	2
F2	F2_NULL_0036	674	674	2
F2	F2_NULL_0037	674	674	2
F2	F2_NULL_0038	674	674	2
F2	F2_NULL_0039	674	674	2
F2	F2_NULL_0040	674	674	2
F2	F2_NULL_0041	674	674	2
F2	F2_NULL_0042	674	674	2
F2	F2_NULL_0043	674	674	2
F2	F2_NULL_0044	674	674	2
F2	F2_NULL_0045	674	674	2
F2	F2_NULL_0046	674	674	2
F2	F2_NULL_0047	674	674	2
F2	F2_NULL_0048	674	674	2
F2	F2_NULL_0049	674	674	2
F2	F2_NULL_0050	674	674	2
F2	F2_NULL_0051	674	674	2
F2	F2_NULL_0052	674	674	2
F2	F2_NULL_0053	674	674	2
F2	F2_NULL_0054	674	674	2
F2	F2_NULL_0055	674	674	2
F2	F2_NULL_0056	674	674	2
F2	F2_NULL_0057	674	674	2
F2	F2_NULL_0058	674	674	2
F2	F2_NULL_0059	674	674	2
F2	F2_NULL_0060	674	674	2
F2	F2_NULL_0061	674	674	2
F2	F2_NULL_0062	674	674	2
F2	F2_NULL_0063	674	674	2
F2	F2_NULL_0064	674	674	2
F2	F2_NULL_0065	674	674	2
F2	F2_NULL_0066	674	674	2
F2	F2_NULL_0067	674	674	2
F2	F2_NULL_0068	674	674	2
F2	F2_NULL_0069	674	674	2
F2	F2_NULL_0070	674	674	2
F2	F2_NULL_0071	674	674	2
F2	F2_NULL_0072	674	674	2
F2	F2_NULL_0073	674	674	2
F2	F2_NULL_0074	674	674	2
F2	F2_NULL_0075	674	674	2
F2	F2_NULL_0076	674	674	2
F2	F2_NULL_0077	674	674	2
F2	F2_NULL_0078	674	674	2
F2	F2_NULL_0079	674	674	2
F2	F2_NULL_0080	674	674	2
F2	F2_NULL_0081	674	674	2
F2	F2_NULL_0082	674	674	2
F2	F2_NULL_0083	674	674	2
F2	F2_NULL_0084	674	674	2
F2	F2_NULL_0085	674	674	2
F2	F2_NULL_0086	674	674	2
F2	F2_NULL_0087	674	674	2
F2	F2_NULL_0088	674	674	2
F2	F2_NULL_0089	674	674	2
F2	F2_NULL_0090	674	674	2
F2	F2_NULL_0091	674	674	2
F2	F2_NULL_0092	674	674	2
F2	F2_NULL_0093	674	674	2
F2	F2_NULL_0094	674	674	2
F2	F2_NULL_0095	674	674	2
F2	F2_NULL_0096	674	674	2
F2	F2_NULL_0097	674	674	2
F2	F2_NULL_0098	674	674	2
F2	F2_NULL_0099	674	674	2
F2	F2_NULL_0100	674	674	2
F2	F2_NULL_0101	674	674	2
F2	F2_NULL_0102	674	674	2
F2	F2_NULL_0103	674	674	2
F2	F2_NULL_0104	674	674	2
F2	F2_NULL_0105	674	674	2
F2	F2_NULL_0106	674	674	2
F2	F2_NULL_0107	674	674	2
F2	F2_NULL_0108	674	674	2
F2	F2_NULL_0109	674	674	2
F2	F2_NULL_0110	674	674	2
F2	F2_NULL_0111	674	674	2
F2	F2_NULL_0112	674	674	2
F2	F2_NULL_0113	674	674	2
F2	F2_NULL_0114	674	674	2
F2	F2_NULL_0115	674	674	2
F2	F2_NULL_0116	674	674	2
F2	F2_NULL_0117	674	674	2
F2	F2_NULL_0118	674	674	2
F2	F2_NULL_0119	674	674	2
F2	F2_NULL_0120	674	674	2
F2	F2_NULL_0121	674	674	2
F2	F2_NULL_0122	674	674	2
F2	F2_NULL_0123	674	674	2
F2	F2_NULL_0124	674	674	2
F2	F2_NULL_0125	674	674	2
F2	F2_NULL_0126	674	674	2
F2	F2_NULL_0127	674	674	2
F2	F2_NULL_0128	674	674	2
F2	F2_NULL_0129	674	674	2
F2	F2_NULL_0130	674	674	2
F2	F2_NULL_0131	674	674	2
F2	F2_NULL_0132	674	674	2
F2	F2_NULL_0133	674	674	2
F2	F2_NULL_0134	674	674	2
F2	F2_NULL_0135	674	674	2
F2	F2_NULL_0136	674	674	2
F2	F2_NULL_0137	674	674	2
F2	F2_NULL_0138	674	674	2
F2	F2_NULL_0139	674	674	2
F2	F2_NULL_0140	674	674	2
F2	F2_NULL_0141	674	674	2
F2	F2_NULL_0142	674	674	2
F2	F2_NULL_0143	674	674	2
F2	F2_NULL_0144	674	674	2
F2	F2_NULL_0145	674	674	2
F2	F2_NULL_0146	674	674	2
F2	F2_NULL_0147	674	674	2
F2	F2_NULL_0148	674	674	2
F2	F2_NULL_0149	674	674	2
F2	F2_NULL_0150	674	674	2
F2	F2_NULL_0151	674	674	2
F2	F2_NULL_0152	674	674	2
F2	F2_NULL_0153	674	674	2
F2	F2_NULL_0154	674	674	2
F2	F2_NULL_0155	674	674	2
F2	F2_NULL_0156	674	674	2
F2	F2_NULL_0157	674	674	2
F2	F2_NULL_0158	674	674	2
F2	F2_NULL_0159	674	674	2
F2	F2_NULL_0160	674	674	2
F2	F2_NULL_0161	674	674	2
F2	F2_NULL_0162	674	674	2
F2	F2_NULL_0163	674	674	2
F2	F2_NULL_0164	674	674	2
F2	F2_NULL_0165	674	674	2
F2	F2_NULL_0166	674	674	2
F2	F2_NULL_0167	674	674	2
F2	F2_NULL_0168	674	674	2
F2	F2_NULL_0169	674	674	2
F2	F2_NULL_0170	674	674	2
F2	F2_NULL_0171	674	674	2
F2	F2_NULL_0172	674	674	2
F2	F2_NULL_0173	674	674	2
F2	F2_NULL_0174	674	674	2
F2	F2_NULL_0175	674	674	2
F2	F2_NULL_0176	674	674	2
F2	F2_NULL_0177	674	674	2
F2	F2_NULL_0178	674	674	2
F2	F2_NULL_0179	674	674	2
F2	F2_NULL_0180	674	674	2
F2	F2_NULL_0181	674	674	2
F2	F2_NULL_0182	674	674	2
F2	F2_NULL_0183	674	674	2
F2	F2_NULL_0184	674	674	2
F2	F2_NULL_0185	674	674	2
F2	F2_NULL_0186	674	674	2
F2	F2_NULL_0187	674	674	2
F2	F2_NULL_0188	674	674	2
F2	F2_NULL_0189	674	674	2
F2	F2_NULL_0190	674	674	2
F2	F2_NULL_0191	674	674	2
F2	F2_NULL_0192	674	674	2
F2	F2_NULL_0193	674	674	2
F2	F2_NULL_0194	674	674	2
F2	F2_NULL_0195	674	674	2
F2	F2_NULL_0196	674	674	2
F2	F2_NULL_0197	674	674	2
F2	F2_NULL_0198	674	674	2
F2	F2_NULL_0199	674	674	2
F2	F2_NULL_0200	674	674	2
F2	F2_NULL_0201	674	674	2
F2	F2_NULL_0202	674	674	2
F2	F2_NULL_0203	674	674	2
F2	F2_NULL_0204	674	674	2
F2	F2_NULL_0205	674	674	2
F2	F2_NULL_0206	674	674	2
F2	F2_NULL_0207	674	674	2
F2	F2_NULL_0208	674	674	2
F2	F2_NULL_0209	674	674	2
F2	F2_NULL_0210	674	674	2
F2	F2_NULL_0211	674	674	2
F2	F2_NULL_0212	674	674	2
F2	F2_NULL_0213	674	674	2
F2	F2_NULL_0214	674	674	2
F2	F2_NULL_0215	674	674	2
F2	F2_NULL_0216	674	674	2
F2	F2_NULL_0217	674	674	2
F2	F2_NULL_0218	674	674	2
F2	F2_NULL_0219	674	674	2
F2	F2_NULL_0220	674	674	2
F2	F2_NULL_0221	674	674	2
F2	F2_NULL_0222	674	674	2
F2	F2_NULL_0223	674	674	2
F2	F2_NULL_0224	674	674	2
F2	F2_NULL_0225	674	674	2
F2	F2_NULL_0226	674	674	2
F2	F2_NULL_0227	674	674	2
F2	F2_NULL_0228	674	674	2
F2	F2_NULL_0229	674	674	2
F2	F2_NULL_0230	674	674	2
F2	F2_NULL_0231	674	674	2
F2	F2_NULL_0232	674	674	2
F2	F2_NULL_0233	674	674	2
F2	F2_NULL_0234	674	674	2
F2	F2_NULL_0235	674	674	2
F2	F2_NULL_0236	674	674	2
F2	F2_NULL_0237	674	674	2
F2	F2_NULL_0238	674	674	2
F2	F2_NULL_0239	674	674	2
F2	F2_NULL_0240	674	674	2
F2	F2_NULL_0241	674	674	2
F2	F2_NULL_0242	674	674	2
F2	F2_NULL_0243	674	674	2
F2	F2_NULL_0244	674	674	2
F2	F2_NULL_0245	674	674	2
F2	F2_NULL_0246	674	674	2
F2	F2_NULL_0247	674	674	2
F2	F2_NULL_0248	674	674	2
F2	F2_NULL_0249	674	674	2
F2	F2_NULL_0250	674	674	2
F2	F2_NULL_0251	674	674	2
F2	F2_NULL_0252	674	674	2
F2	F2_NULL_0253	674	674	2
F2	F2_NULL_0254	674	674	2
F2	F2_NULL_0255	674	674	2
F2	F2_NULL_0256	674	674	2
F2	F2_NULL_0257	674	674	2
F2	F2_NULL_0258	674	674	2
F2	F2_NULL_0259	674	674	2
F2	F2_NULL_0260	674	674	2
F2	F2_NULL_0261	674	674	2
F2	F2_NULL_0262	674	674	2
F2	F2_NULL_0263	674	674	2
F2	F2_NULL_0264	674	674	2
F2	F2_NULL_0265	674	674	2
F2	F2_NULL_0266	674	674	2
F2	F2_NULL_0267	674	674	2
F2	F2_NULL_0268	674	674	2
F2	F2_NULL_0269	674	674	2
F2	F2_NULL_0270	674	674	2
F2	F2_NULL_0271	674	674	2
F2	F2_NULL_0272	674	674	2
F2	F2_NULL_0273	674	674	2
F2	F2_NULL_0274	674	674	2
F2	F2_NULL_0275	674	674	2
F2	F2_NULL_0276	674	674	2
F2	F2_NULL_0277	674	674	2
F2	F2_NULL_0278	674	674	2
F2	F2_NULL_0279	674	674	2
F2	F2_NULL_0280	674	674	2
F2	F2_NULL_0281	674	674	2
F2	F2_NULL_0282	674	674	2
F2	F2_NULL_0283	674	674	2
F2	F2_NULL_0284	674	674	2
F2	F2_NULL_0285	674	674	2
F2	F2_NULL_0286	674	674	2
F2	F2_NULL_0287	674	674	2
F2	F2_NULL_0288	674	674	2
F2	F2_NULL_0289	674	674	2
F2	F2_NULL_0290	674	674	2
F2	F2_NULL_0291	674	674	2
F2	F2_NULL_0292	674	674	2
F2	F2_NULL_0293	674	674	2
F2	F2_NULL_0294	674	674	2
F2	F2_NULL_0295	674	674	2
F2	F2_NULL_0296	674	674	2
F2	F2_NULL_0297	674	674	2
F2	F2_NULL_0298	674	674	2
F2	F2_NULL_0299	674	674	2
F2	F2_NULL_0300	674	674	2
F2	F2_NULL_0301	674	674	2
F2	F2_NULL_0302	674	674	2
F2	F2_NULL_0303	674	674	2
F2	F2_NULL_0304	674	674	2
F2	F2_NULL_0305	674	674	2
F2	F2_NULL_0306	674	674	2
F2	F2_NULL_0307	674	674	2
F2	F2_NULL_0308	674	674	2
F2	F2_NULL_0309	674	674	2
F2	F2_NULL_0310	674	674	2
F2	F2_NULL_0311	674	674	2
F2	F2_NULL_0312	674	674	2
F2	F2_NULL_0313	674	674	2
F2	F2_NULL_0314	674	674	2
F2	F2_NULL_0315	674	674	2
F2	F2_NULL_0316	674	674	2
F2	F2_NULL_0317	674	674	2
F2	F2_NULL_0318	674	674	2
F2	F2_NULL_0319	674	674	2
F2	F2_NULL_0320	674	674	2
F2	F2_NULL_0321	674	674	2
F2	F2_NULL_0322	674	674	2
F2	F2_NULL_0323	674	674	2
F2	F2_NULL_0324	674	674	2
F2	F2_NULL_0325	674	674	2
F2	F2_NULL_0326	674	674	2
F2	F2_NULL_0327	674	674	2
F2	F2_NULL_0328	674	674	2
F2	F2_NULL_0329	674	674	2
F2	F2_NULL_0330	674	674	2
F2	F2_NULL_0331	674	674	2
F2	F2_NULL_0332	674	674	2
F2	F2_NULL_0333	674	674	2
F2	F2_NULL_0334	674	674	2
F2	F2_NULL_0335	674	674	2
F2	F2_NULL_0336	674	674	2
F2	F2_NULL_0337	674	674	2
F2	F2_NULL_0338	674	674	2
F2	F2_NULL_0339	674	674	2
F2	F2_NULL_0340	674	674	2
F2	F2_NULL_0341	674	674	2
F2	F2_NULL_0342	674	674	2
F2	F2_NULL_0343	674	674	2
F2	F2_NULL_0344	674	674	2
F2	F2_NULL_0345	674	674	2
F2	F2_NULL_0346	674	674	2
F2	F2_NULL_0347	674	674	2
F2	F2_NULL_0348	674	674	2
F2	F2_NULL_0349	674	674	2
F2	F2_NULL_0350	674	674	2
F2	F2_NULL_0351	674	674	2
F2	F2_NULL_0352	674	674	2
F2	F2_NULL_0353	674	674	2
F2	F2_NULL_0354	674	674	2
F2	F2_NULL_0355	674	674	2
F2	F2_NULL_0356	674	674	2
F2	F2_NULL_0357	674	674	2
F2	F2_NULL_0358	674	674	2
F2	F2_NULL_0359	674	674	2
F2	F2_NULL_0360	674	674	2
F2	F2_NULL_0361	674	674	2
F2	F2_NULL_0362	674	674	2
F2	F2_NULL_0363	674	674	2
F2	F2_NULL_0364	674	674	2
F2	F2_NULL_0365	674	674	2
F2	F2_NULL_0366	674	674	2
F2	F2_NULL_0367	674	674	2
F2	F2_NULL_0368	674	674	2
F2	F2_NULL_0369	674	674	2
F2	F2_NULL_0370	674	674	2
F2	F2_NULL_0371	674	674	2
F2	F2_NULL_0372	674	674	2
F2	F2_NULL_0373	674	674	2
F2	F2_NULL_0374	674	674	2
F2	F2_NULL_0375	674	674	2
F2	F2_NULL_0376	674	674	2
F2	F2_NULL_0377	674	674	2
F2	F2_NULL_0378	674	674	2
F2	F2_NULL_0379	674	674	2
F2	F2_NULL_0380	674	674	2
F2	F2_NULL_0381	674	674	2
F2	F2_NULL_0382	674	674	2
F2	F2_NULL_0383	674	674	2
F2	F2_NULL_0384	674	674	2
F2	F2_NULL_0385	674	674	2
F2	F2_NULL_0386	674	674	2
F2	F2_NULL_0387	674	674	2
F2	F2_NULL_0388	674	674	2
F2	F2_NULL_0389	674	674	2
F2	F2_NULL_0390	674	674	2
F2	F2_NULL_0391	674	674	2
F2	F2_NULL_0392	674	674	2
F2	F2_NULL_0393	674	674	2
F2	F2_NULL_0394	674	674	2
F2	F2_NULL_0395	674	674	2
F2	F2_NULL_0396	674	674	2
F2	F2_NULL_0397	674	674	2
F2	F2_NULL_0398	674	674	2
F2	F2_NULL_0399	674	674	2
F2	F2_NULL_0400	674	674	2
F2	F2_NULL_0401	674	674	2
F2	F2_NULL_0402	674	674	2
F2	F2_NULL_0403	674	674	2
F2	F2_NULL_0404	674	674	2
F2	F2_NULL_0405	674	674	2
F2	F2_NULL_0406	674	674	2
F2	F2_NULL_0407	674	674	2
F2	F2_NULL_0408	674	674	2
F2	F2_NULL_0409	674	674	2
F2	F2_NULL_0410	674	674	2
F2	F2_NULL_0411	674	674	2
F2	F2_NULL_0412	674	674	2
F2	F2_NULL_0413	674	674	2
F2	F2_NULL_0414	674	674	2
F2	F2_NULL_0415	674	674	2
F2	F2_NULL_0416	674	674	2
F2	F2_NULL_0417	674	674	2
F2	F2_NULL_0418	674	674	2
F2	F2_NULL_0419	674	674	2
F2	F2_NULL_0420	674	674	2
F2	F2_NULL_0421	674	674	2
F2	F2_NULL_0422	674	674	2
F2	F2_NULL_0423	674	674	2
F2	F2_NULL_0424	674	674	2
F2	F2_NULL_0425	674	674	2
F2	F2_NULL_0426	674	674	2
F2	F2_NULL_0427	674	674	2
F2	F2_NULL_0428	674	674	2
F2	F2_NULL_0429	674	674	2
F2	F2_NULL_0430	674	674	2
F2	F2_NULL_0431	674	674	2
F2	F2_NULL_0432	674	674	2
F2	F2_NULL_0433	674	674	2
F2	F2_NULL_0434	674	674	2
F2	F2_NULL_0435	674	674	2
F2	F2_NULL_0436	674	674	2
F2	F2_NULL_0437	674	674	2
F2	F2_NULL_0438	674	674	2
F2	F2_NULL_0439	674	674	2
F2	F2_NULL_0440	674	674	2
F2	F2_NULL_0441	674	674	2
F2	F2_NULL_0442	674	674	2
F2	F2_NULL_0443	674	674	2
F2	F2_NULL_0444	674	674	2
F2	F2_NULL_0445	674	674	2
F2	F2_NULL_0446	674	674	2
F2	F2_NULL_0447	674	674	2
F2	F2_NULL_0448	674	674	2
F2	F2_NULL_0449	674	674	2
F2	F2_NULL_0450	674	674	2
F2	F2_NULL_0451	674	674	2
F2	F2_NULL_0452	674	674	2
F2	F2_NULL_0453	674	674	2
F2	F2_NULL_0454	674	674	2
F2	F2_NULL_0455	674	674	2
F2	F2_NULL_0456	674	674	2
F2	F2_NULL_0457	674	674	2
F2	F2_NULL_0458	674	674	2
F2	F2_NULL_0459	674	674	2
F2	F2_NULL_0460	674	674	2
F2	F2_NULL_0461	674	674	2
F2	F2_NULL_0462	674	674	2
F2	F2_NULL_0463	674	674	2
F2	F2_NULL_0464	674	674	2
F2	F2_NULL_0465	674	674	2
F2	F2_NULL_0466	674	674	2
F2	F2_NULL_0467	674	674	2
F2	F2_NULL_0468	674	674	2
F2	F2_NULL_0469	674	674	2
F2	F2_NULL_0470	674	674	2
F2	F2_NULL_0471	674	674	2
F2	F2_NULL_0472	674	674	2
F2	F2_NULL_0473	674	674	2
F2	F2_NULL_0474	674	674	2
F2	F2_NULL_0475	674	674	2
F2	F2_NULL_0476	674	674	2
F2	F2_NULL_0477	674	674	2
F2	F2_NULL_0478	674	674	2
F2	F2_NULL_0479	674	674	2
F2	F2_NULL_0480	674	674	2
F2	F2_NULL_0481	674	674	2
F2	F2_NULL_0482	674	674	2
F2	F2_NULL_0483	674	674	2
F2	F2_NULL_0484	674	674	2
F2	F2_NULL_0485	674	674	2
F2	F2_NULL_0486	674	674	2
F2	F2_NULL_0487	674	674	2
F2	F2_NULL_0488	674	674	2
F2	F2_NULL_0489	674	674	2
F2	F2_NULL_0490	674	674	2
F2	F2_NULL_0491	674	674	2
F2	F2_NULL_0492	674	674	2
F2	F2_NULL_0493	674	674	2
F2	F2_NULL_0494	674	674	2
F2	F2_NULL_0495	674	674	2
F2	F2_NULL_0496	674	674	2
F2	F2_NULL_0497	674	674	2
F2	F2_NULL_0498	674	674	2
F2	F2_NULL_0499	674	674	2
F2	F2_NULL_0500	674	674	2
F2	F2_NULL_0501	674	674	2
F2	F2_NULL_0502	674	674	2
F2	F2_NULL_0503	674	674	2
F2	F2_NULL_0504	674	674	2
F2	F2_NULL_0505	674	674	2
F2	F2_NULL_0506	674	674	2
F2	F2_NULL_0507	674	674	2
F2	F2_NULL_0508	674	674	2
F2	F2_NULL_0509	674	674	2
F2	F2_NULL_0510	674	674	2
F2	F2_NULL_0511	674	674	2
F2	F2_NULL_0512	674	674	2
F2	F2_NULL_0513	674	674	2
F2	F2_NULL_0514	674	674	2
F2	F2_NULL_0515	674	674	2
F2	F2_NULL_0516	674	674	2
F2	F2_NULL_0517	674	674	2
F2	F2_NULL_0518	674	674	2
F2	F2_NULL_0519	674	674	2
F2	F2_NULL_0520	674	674	2
F2	F2_NULL_0521	674	674	2
F2	F2_NULL_0522	674	674	2
F2	F2_NULL_0523	674	674	2
F2	F2_NULL_0524	674	674	2
F2	F2_NULL_0525	674	674	2
F2	F2_NULL_0526	674	674	2
F2	F2_NULL_0527	674	674	2
F2	F2_NULL_0528	674	674	2
F2	F2_NULL_0529	674	674	2
F2	F2_NULL_0530	674	674	2
F2	F2_NULL_0531	674	674	2
F2	F2_NULL_0532	674	674	2
F2	F2_NULL_0533	674	674	2
F2	F2_NULL_0534	674	674	2
F2	F2_NULL_0535	674	674	2
F2	F2_NULL_0536	674	674	2
F2	F2_NULL_0537	674	674	2
F2	F2_NULL_0538	674	674	2
F2	F2_NULL_0539	674	674	2
F2	F2_NULL_0540	674	674	2
F2	F2_NULL_0541	674	674	2
F2	F2_NULL_0542	674	674	2
F2	F2_NULL_0543	674	674	2
F2	F2_NULL_0544	674	674	2
F2	F2_NULL_0545	674	674	2
F2	F2_NULL_0546	674	674	2
F2	F2_NULL_0547	674	674	2
F2	F2_NULL_0548	674	674	2
F2	F2_NULL_0549	674	674	2
F2	F2_NULL_0550	674	674	2
F2	F2_NULL_0551	674	674	2
F2	F2_NULL_0552	674	674	2
F2	F2_NULL_0553	674	674	2
F2	F2_NULL_0554	674	674	2
F2	F2_NULL_0555	674	674	2
F2	F2_NULL_0556	674	674	2
F2	F2_NULL_0557	674	674	2
F2	F2_NULL_0558	674	674	2
F2	F2_NULL_0559	674	674	2
F2	F2_NULL_0560	674	674	2
F2	F2_NULL_0561	674	674	2
F2	F2_NULL_0562	674	674	2
F2	F2_NULL_0563	674	674	2
F2	F2_NULL_0564	674	674	2
F2	F2_NULL_0565	674	674	2
F2	F2_NULL_0566	674	674	2
F2	F2_NULL_0567	674	674	2
F2	F2_NULL_0568	674	674	2
F2	F2_NULL_0569	674	674	2
F2	F2_NULL_0570	674	674	2
F2	F2_NULL_0571	674	674	2
F2	F2_NULL_0572	674	674	2
F2	F2_NULL_0573	674	674	2
F2	F2_NULL_0574	674	674	2
F2	F2_NULL_0575	674	674	2
F2	F2_NULL_0576	674	674	2
F2	F2_NULL_0577	674	674	2
F2	F2_NULL_0578	674	674	2
F2	F2_NULL_0579	674	674	2
F2	F2_NULL_0580	674	674	2
F2	F2_NULL_0581	674	674	2
F2	F2_NULL_0582	674	674	2
F2	F2_NULL_0583	674	674	2
F2	F2_NULL_0584	674	674	2
F2	F2_NULL_0585	674	674	2
F2	F2_NULL_0586	674	674	2
F2	F2_NULL_0587	674	674	2
F2	F2_NULL_0588	674	674	2
F2	F2_NULL_0589	674	674	2
F2	F2_NULL_0590	674	674	2
F2	F2_NULL_0591	674	674	2
F2	F2_NULL_0592	674	674	2
F2	F2_NULL_0593	674	674	2
F2	F2_NULL_0594	674	674	2
F2	F2_NULL_0595	674	674	2
F2	F2_NULL_0596	674	674	2
F2	F2_NULL_0597	674	674	2
F2	F2_NULL_0598	674	674	2
F2	F2_NULL_0599	674	674	2
F2	F2_NULL_0600	674	674	2
F2	F2_NULL_0601	674	674	2
F2	F2_NULL_0602	674	674	2
F2	F2_NULL_0603	674	674	2
F2	F2_NULL_0604	674	674	2
F2	F2_NULL_0605	674	674	2
F2	F2_NULL_0606	674	674	2
F2	F2_NULL_0607	674	674	2
F2	F2_NULL_0608	674	674	2
F2	F2_NULL_0609	674	674	2
F2	F2_NULL_0610	674	674	2
F2	F2_NULL_0611	674	674	2
F2	F2_NULL_0612	674	674	2
F2	F2_NULL_0613	674	674	2
F2	F2_NULL_0614	674	674	2
F2	F2_NULL_0615	674	674	2
F2	F2_NULL_0616	674	674	2
F2	F2_NULL_0617	674	674	2
F2	F2_NULL_0618	674	674	2
F2	F2_NULL_0619	674	674	2
F2	F2_NULL_0620	674	674	2
F2	F2_NULL_0621	674	674	2
F2	F2_NULL_0622	674	674	2
F2	F2_NULL_0623	674	674	2
F2	F2_NULL_0624	674	674	2
F2	F2_NULL_0625	674	674	2
F2	F2_NULL_0626	674	674	2
F2	F2_NULL_0627	674	674	2
F2	F2_NULL_0628	674	674	2
F2	F2_NULL_0629	674	674	2
F2	F2_NULL_0630	674	674	2
F2	F2_NULL_0631	674	674	2
F2	F2_NULL_0632	674	674	2
F2	F2_NULL_0633	674	674	2
F2	F2_NULL_0634	674	674	2
F2	F2_NULL_0635	674	674	2
F2	F2_NULL_0636	674	674	2
F2	F2_NULL_0637	674	674	2
F2	F2_NULL_0638	674	674	2
F2	F2_NULL_0639	674	674	2
F2	F2_NULL_0640	674	674	2
F2	F2_NULL_0641	674	674	2
F2	F2_NULL_0642	674	674	2
F2	F2_NULL_0643	674	674	2
F2	F2_NULL_0644	674	674	2
F2	F2_NULL_0645	674	674	2
F2	F2_NULL_0646	674	674	2
F2	F2_NULL_0647	674	674	2
F2	F2_NULL_0648	674	674	2
F2	F2_NULL_0649	674	674	2
F2	F2_NULL_0650	674	674	2
F2	F2_NULL_0651	674	674	2
F2	F2_NULL_0652	674	674	2
F2	F2_NULL_0653	674	674	2
F2	F2_NULL_0654	674	674	2
F2	F2_NULL_0655	674	674	2
F2	F2_NULL_0656	674	674	2
F2	F2_NULL_0657	674	674	2
F2	F2_NULL_0658	674	674	2
F2	F2_NULL_0659	674	674	2
F2	F2_NULL_0660	674	674	2
F2	F2_NULL_0661	674	674	2
F2	F2_NULL_0662	674	674	2
F2	F2_NULL_0663	674	674	2
F2	F2_NULL_0664	674	674	2
F2	F2_NULL_0665	674	674	2
F2	F2_NULL_0666	674	674	2
F2	F2_NULL_0667	674	674	2
F2	F2_NULL_0668	674	674	2
F2	F2_NULL_0669	674	674	2
F2	F2_NULL_0670	674	674	2
F2	F2_NULL_0671	674	674	2
F2	F2_NULL_0672	674	674	2
F2	F2_NULL_0673	674	674	2
F2	F2_NULL_0674	674	674	2
F2	F2_NULL_0675	674	674	2
F2	F2_NULL_0676	674	674	2
F2	F2_NULL_0677	674	674	2
F2	F2_NULL_0678	674	674	2
F2	F2_NULL_0679	674	674	2
F2	F2_NULL_0680	674	674	2
F2	F2_NULL_0681	674	674	2
F2	F2_NULL_0682	674	674	2
F2	F2_NULL_0683	674	674	2
F2	F2_NULL_0684	674	674	2
F2	F2_NULL_0685	674	674	2
F2	F2_NULL_0686	674	674	2
F2	F2_NULL_0687	674	674	2
F2	F2_NULL_0688	674	674	2
F2	F2_NULL_0689	674	674	2
F2	F2_NULL_0690	674	674	2
F2	F2_NULL_0691	674	674	2
F2	F2_NULL_0692	674	674	2
F2	F2_NULL_0693	674	674	2
F2	F2_NULL_0694	674	674	2
F2	F2_NULL_0695	674	674	2
F2	F2_NULL_0696	674	674	2
F2	F2_NULL_0697	674	674	2
F2	F2_NULL_0698	674	674	2
F2	F2_NULL_0699	674	674	2
F2	F2_NULL_0700	674	674	2
F2	F2_NULL_0701	674	674	2
F2	F2_NULL_0702	674	674	2
F2	F2_NULL_0703	674	674	2
F2	F2_NULL_0704	674	674	2
F2	F2_NULL_0705	674	674	2
F2	F2_NULL_0706	674	674	2
F2	F2_NULL_0707	674	674	2
F2	F2_NULL_0708	674	674	2
F2	F2_NULL_0709	674	674	2
F2	F2_NULL_0710	674	674	2
F2	F2_NULL_0711	674	674	2
F2	F2_NULL_0712	674	674	2
F2	F2_NULL_0713	674	674	2
F2	F2_NULL_0714	674	674	2
F2	F2_NULL_0715	674	674	2
F2	F2_NULL_0716	674	674	2
F2	F2_NULL_0717	674	674	2
F2	F2_NULL_0718	674	674	2
F2	F2_NULL_0719	674	674	2
F2	F2_NULL_0720	674	674	2
F2	F2_NULL_0721	674	674	2
F2	F2_NULL_0722	674	674	2
F2	F2_NULL_0723	674	674	2
F2	F2_NULL_0724	674	674	2
F2	F2_NULL_0725	674	674	2
F2	F2_NULL_0726	674	674	2
F2	F2_NULL_0727	674	674	2
F2	F2_NULL_0728	674	674	2
F2	F2_NULL_0729	674	674	2
F2	F2_NULL_0730	674	674	2
F2	F2_NULL_0731	674	674	2
F2	F2_NULL_0732	674	674	2
F2	F2_NULL_0733	674	674	2
F2	F2_NULL_0734	674	674	2
F2	F2_NULL_0735	674	674	2
F2	F2_NULL_0736	674	674	2
F2	F2_NULL_0737	674	674	2
F2	F2_NULL_0738	674	674	2
F2	F2_NULL_0739	674	674	2
F2	F2_NULL_0740	674	674	2
F2	F2_NULL_0741	674	674	2
F2	F2_NULL_0742	674	674	2
F2	F2_NULL_0743	674	674	2
F2	F2_NULL_0744	674	674	2
F2	F2_NULL_0745	674	674	2
F2	F2_NULL_0746	674	674	2
F2	F2_NULL_0747	674	674	2
F2	F2_NULL_0748	674	674	2
F2	F2_NULL_0749	674	674	2
F2	F2_NULL_0750	674	674	2
F2	F2_NULL_0751	674	674	2
F2	F2_NULL_0752	674	674	2
F2	F2_NULL_0753	674	674	2
F2	F2_NULL_0754	674	674	2
F2	F2_NULL_0755	674	674	2
F2	F2_NULL_0756	674	674	2
F2	F2_NULL_0757	674	674	2
F2	F2_NULL_0758	674	674	2
F2	F2_NULL_0759	674	674	2
F2	F2_NULL_0760	674	674	2
F2	F2_NULL_0761	674	674	2
F2	F2_NULL_0762	674	674	2
F2	F2_NULL_0763	674	674	2
F2	F2_NULL_0764	674	674	2
F2	F2_NULL_0765	674	674	2
F2	F2_NULL_0766	674	674	2
F2	F2_NULL_0767	674	674	2
F2	F2_NULL_0768	674	674	2
F2	F2_NULL_0769	674	674	2
F2	F2_NULL_0770	674	674	2
F2	F2_NULL_0771	674	674	2
F2	F2_NULL_0772	674	674	2
F2	F2_NULL_0773	674	674	2
F2	F2_NULL_0774	674	674	2
F2	F2_NULL_0775	674	674	2
F2	F2_NULL_0776	674	674	2
F2	F2_NULL_0777	674	674	2
F2	F2_NULL_0778	674	674	2
F2	F2_NULL_0779	674	674	2
F2	F2_NULL_0780	674	674	2
F2	F2_NULL_0781	674	674	2
F2	F2_NULL_0782	674	674	2
F2	F2_NULL_0783	674	674	2
F2	F2_NULL_0784	674	674	2
F2	F2_NULL_0785	674	674	2
F2	F2_NULL_0786	674	674	2
F2	F2_NULL_0787	674	674	2
F2	F2_NULL_0788	674	674	2
F2	F2_NULL_0789	674	674	2
F2	F2_NULL_0790	674	674	2
F2	F2_NULL_0791	674	674	2
F2	F2_NULL_0792	674	674	2
F2	F2_NULL_0793	674	674	2
F2	F2_NULL_0794	674	674	2
F2	F2_NULL_0795	674	674	2
F2	F2_NULL_0796	674	674	2
F2	F2_NULL_0797	674	674	2
F2	F2_NULL_0798	674	674	2
F2	F2_NULL_0799	674	674	2
F2	F2_NULL_0800	674	674	2
F2	F2_NULL_0801	674	674	2
F2	F2_NULL_0802	674	674	2
F2	F2_NULL_0803	674	674	2
F2	F2_NULL_0804	674	674	2
F2	F2_NULL_0805	674	674	2
F2	F2_NULL_0806	674	674	2
F2	F2_NULL_0807	674	674	2
F2	F2_NULL_0808	674	674	2
F2	F2_NULL_0809	674	674	2
F2	F2_NULL_0810	674	674	2
F2	F2_NULL_0811	674	674	2
F2	F2_NULL_0812	674	674	2
F2	F2_NULL_0813	674	674	2
F2	F2_NULL_0814	674	674	2
F2	F2_NULL_0815	674	674	2
F2	F2_NULL_0816	674	674	2
F2	F2_NULL_0817	674	674	2
F2	F2_NULL_0818	674	674	2
F2	F2_NULL_0819	674	674	2
F2	F2_NULL_0820	674	674	2
F2	F2_NULL_0821	674	674	2
F2	F2_NULL_0822	674	674	2
F2	F2_NULL_0823	674	674	2
F2	F2_NULL_0824	674	674	2
F2	F2_NULL_0825	674	674	2
F2	F2_NULL_0826	674	674	2
F2	F2_NULL_0827	674	674	2
F2	F2_NULL_0828	674	674	2
F2	F2_NULL_0829	674	674	2
F2	F2_NULL_0830	674	674	2
F2	F2_NULL_0831	674	674	2
F2	F2_NULL_0832	674	674	2
F2	F2_NULL_0833	674	674	2
F2	F2_NULL_0834	674	674	2
F2	F2_NULL_0835	674	674	2
F2	F2_NULL_0836	674	674	2
F2	F2_NULL_0837	674	674	2
F2	F2_NULL_0838	674	674	2
F2	F2_NULL_0839	674	674	2
F2	F2_NULL_0840	674	674	2
F2	F2_NULL_0841	674	674	2
F2	F2_NULL_0842	674	674	2
F2	F2_NULL_0843	674	674	2
F2	F2_NULL_0844	674	674	2
F2	F2_NULL_0845	674	674	2
F2	F2_NULL_0846	674	674	2
F2	F2_NULL_0847	674	674	2
F2	F2_NULL_0848	674	674	2
F2	F2_NULL_0849	674	674	2
F2	F2_NULL_0850	674	674	2
F2	F2_NULL_0851	674	674	2
F2	F2_NULL_0852	674	674	2
F2	F2_NULL_0853	674	674	2
F2	F2_NULL_0854	674	674	2
F2	F2_NULL_0855	674	674	2
F2	F2_NULL_0856	674	674	2
F2	F2_NULL_0857	674	674	2
F2	F2_NULL_0858	674	674	2
F2	F2_NULL_0859	674	674	2
F2	F2_NULL_0860	674	674	2
F2	F2_NULL_0861	674	674	2
F2	F2_NULL_0862	674	674	2
F2	F2_NULL_0863	674	674	2
F2	F2_NULL_0864	674	674	2
F2	F2_NULL_0865	674	674	2
F2	F2_NULL_0866	674	674	2
F2	F2_NULL_0867	674	674	2
F2	F2_NULL_0868	674	674	2
F2	F2_NULL_0869	674	674	2
F2	F2_NULL_0870	674	674	2
F2	F2_NULL_0871	674	674	2
F2	F2_NULL_0872	674	674	2
F2	F2_NULL_0873	674	674	2
F2	F2_NULL_0874	674	674	2
F2	F2_NULL_0875	674	674	2
F2	F2_NULL_0876	674	674	2
F2	F2_NULL_0877	674	674	2
F2	F2_NULL_0878	674	674	2
F2	F2_NULL_0879	674	674	2
F2	F2_NULL_0880	674	674	2
F2	F2_NULL_0881	674	674	2
F2	F2_NULL_0882	674	674	2
F2	F2_NULL_0883	674	674	2
F2	F2_NULL_0884	674	674	2
F2	F2_NULL_0885	674	674	2
F2	F2_NULL_0886	674	674	2
F2	F2_NULL_0887	674	674	2
F2	F2_NULL_0888	674	674	2
F2	F2_NULL_0889	674	674	2
F2	F2_NULL_0890	674	674	2
F2	F2_NULL_0891	674	674	2
F2	F2_NULL_0892	674	674	2
F2	F2_NULL_0893	674	674	2
F2	F2_NULL_0894	674	674	2
F2	F2_NULL_0895	674	674	2
F2	F2_NULL_0896	674	674	2
F2	F2_NULL_0897	674	674	2
F2	F2_NULL_0898	674	674	2
F2	F2_NULL_0899	674	674	2
F2	F2_NULL_0900	674	674	2
F2	F2_NULL_0901	674	674	2
F2	F2_NULL_0902	674	674	2
F2	F2_NULL_0903	674	674	2
F2	F2_NULL_0904	674	674	2
F2	F2_NULL_0905	674	674	2
F2	F2_NULL_0906	674	674	2
F2	F2_NULL_0907	674	674	2
F2	F2_NULL_0908	674	674	2
F2	F2_NULL_0909	674	674	2
F2	F2_NULL_0910	674	674	2
F2	F2_NULL_0911	674	674	2
F2	F2_NULL_0912	674	674	2
F2	F2_NULL_0913	674	674	2
F2	F2_NULL_0914	674	674	2
F2	F2_NULL_0915	674	674	2
F2	F2_NULL_0916	674	674	2
F2	F2_NULL_0917	674	674	2
F2	F2_NULL_0918	674	674	2
F2	F2_NULL_0919	674	674	2
F2	F2_NULL_0920	674	674	2
F2	F2_NULL_0921	674	674	2
F2	F2_NULL_0922	674	674	2
F2	F2_NULL_0923	674	674	2
F2	F2_NULL_0924	674	674	2
F2	F2_NULL_0925	674	674	2
F2	F2_NULL_0926	674	674	2
F2	F2_NULL_0927	674	674	2
F2	F2_NULL_0928	674	674	2
F2	F2_NULL_0929	674	674	2
F2	F2_NULL_0930	674	674	2
F2	F2_NULL_0931	674	674	2
F2	F2_NULL_0932	674	674	2
F2	F2_NULL_0933	674	674	2
F2	F2_NULL_0934	674	674	2
F2	F2_NULL_0935	674	674	2
F2	F2_NULL_0936	674	674	2
F2	F2_NULL_0937	674	674	2
F2	F2_NULL_0938	674	674	2
F2	F2_NULL_0939	674	674	2
F2	F2_NULL_0940	674	674	2
F2	F2_NULL_0941	674	674	2
F2	F2_NULL_0942	674	674	2
F2	F2_NULL_0943	674	674	2
F2	F2_NULL_0944	674	674	2
F2	F2_NULL_0945	674	674	2
F2	F2_NULL_0946	674	674	2
F2	F2_NULL_0947	674	674	2
F2	F2_NULL_0948	674	674	2
F2	F2_NULL_0949	674	674	2
F2	F2_NULL_0950	674	674	2
F2	F2_NULL_0951	674	674	2
F2	F2_NULL_0952	674	674	2
F2	F2_NULL_0953	674	674	2
F2	F2_NULL_0954	674	674	2
F2	F2_NULL_0955	674	674	2
F2	F2_NULL_0956	674	674	2
F2	F2_NULL_0957	674	674	2
F2	F2_NULL_0958	674	674	2
F2	F2_NULL_0959	674	674	2
F2	F2_NULL_0960	674	674	2
F2	F2_NULL_0961	674	674	2
F2	F2_NULL_0962	674	674	2
F2	F2_NULL_0963	674	674	2
F2	F2_NULL_0964	674	674	2
F2	F2_NULL_0965	674	674	2
F2	F2_NULL_0966	674	674	2
F2	F2_NULL_0967	674	674	2
F2	F2_NULL_0968	674	674	2
F2	F2_NULL_0969	674	674	2
F2	F2_NULL_0970	674	674	2
F2	F2_NULL_0971	674	674	2
F2	F2_NULL_0972	674	674	2
F2	F2_NULL_0973	674	674	2
F2	F2_NULL_0974	674	674	2
F2	F2_NULL_0975	674	674	2
F2	F2_NULL_0976	674	674	2
F2	F2_NULL_0977	674	674	2
F2	F2_NULL_0978	674	674	2
F2	F2_NULL_0979	674	674	2
F2	F2_NULL_0980	674	674	2
F2	F2_NULL_0981	674	674	2
F2	F2_NULL_0982	674	674	2
F2	F2_NULL_0983	674	674	2
F2	F2_NULL_0984	674	674	2
F2	F2_NULL_0985	674	674	2
F2	F2_NULL_0986	674	674	2
F2	F2_NULL_0987	674	674	2
F2	F2_NULL_0988	674	674	2
F2	F2_NULL_0989	674	674	2
F2	F2_NULL_0990	674	674	2
F2	F2_NULL_0991	674	674	2
F2	F2_NULL_0992	674	674	2
F2	F2_NULL_0993	674	674	2
F2	F2_NULL_0994	674	674	2
F2	F2_NULL_0995	674	674	2
F2	F2_NULL_0996	674	674	2
F2	F2_NULL_0997	674	674	2
F2	F2_NULL_0998	674	674	2
F2	F2_NULL_0999	674	674	2
F2	F2_NULL_1000	674	674	2
F2	F2_NULL_1001	674	674	2
F2	F2_NULL_1002	674	674	2
F2	F2_NULL_1003	674	674	2
F2	F2_NULL_1004	674	674	2
F2	F2_NULL_1005	674	674	2
F2	F2_NULL_1006	674	674	2
F2	F2_NULL_1007	674	674	2
F2	F2_NULL_1008	674	674	2
F2	F2_NULL_1009	674	674	2
F2	F2_NULL_1010	674	674	2
F2	F2_NULL_1011	674	674	2
F2	F2_NULL_1012	674	674	2
F2	F2_NULL_1013	674	674	2
F2	F2_NULL_1014	674	674	2
F2	F2_NULL_1015	674	674	2
F2	F2_NULL_1016	674	674	2
F2	F2_NULL_1017	674	674	2
F2	F2_NULL_1018	674	674	2
F2	F2_NULL_1019	674	674	2
F2	F2_NULL_1020	674	674	2
F2	F2_NULL_1021	674	674	2
F2	F2_NULL_1022	674	674	2
F2	F2_NULL_1023	674	674	2
F2	F2_NULL_1024	674	674	2
F2	F2_NULL_1025	674	674	2
F2	F2_NULL_1026	674	674	2
F2	F2_NULL_1027	674	674	2
F2	F2_NULL_1028	674	674	2
F2	F2_NULL_1029	674	674	2
F2	F2_NULL_1030	674	674	2
F2	F2_NULL_1031	674	674	2
F2	F2_NULL_1032	674	674	2
F2	F2_NULL_1033	674	674	2
F2	F2_NULL_1034	674	674	2
F2	F2_NULL_1035	674	674	2
F2	F2_NULL_1036	674	674	2
F2	F2_NULL_1037	674	674	2
F2	F2_NULL_1038	674	674	2
F2	F2_NULL_1039	674	674	2
F2	F2_NULL_1040	674	674	2
F2	F2_NULL_1041	674	674	2
F2	F2_NULL_1042	674	674	2
F2	F2_NULL_1043	674	674	2
F2	F2_NULL_1044	674	674	2
F2	F2_NULL_1045	674	674	2
F2	F2_NULL_1046	674	674	2
F2	F2_NULL_1047	674	674	2
F2	F2_NULL_1048	674	674	2
F2	F2_NULL_1049	674	674	2
F2	F2_NULL_1050	674	674	2
F2	F2_NULL_1051	674	674	2
F2	F2_NULL_1052	674	674	2
F2	F2_NULL_1053	674	674	2
F2	F2_NULL_1054	674	674	2
F2	F2_NULL_1055	674	674	2
F2	F2_NULL_1056	674	674	2
F2	F2_NULL_1057	674	674	2
F2	F2_NULL_1058	674	674	2
F2	F2_NULL_1059	674	674	2
F2	F2_NULL_1060	674	674	2
F2	F2_NULL_1061	674	674	2
F2	F2_NULL_1062	674	674	2
F2	F2_NULL_1063	674	674	2
F2	F2_NULL_1064	674	674	2
F2	F2_NULL_1065	674	674	2
F2	F2_NULL_1066	674	674	2
F2	F2_NULL_1067	674	674	2
F2	F2_NULL_1068	674	674	2
F2	F2_NULL_1069	674	674	2
F2	F2_NULL_1070	674	674	2
F2	F2_NULL_1071	674	674	2
F2	F2_NULL_1072	674	674	2
F2	F2_NULL_1073	674	674	2
F2	F2_NULL_1074	674	674	2
F2	F2_NULL_1075	674	674	2
F2	F2_NULL_1076	674	674	2
F2	F2_NULL_1077	674	674	2
F2	F2_NULL_1078	674	674	2
F2	F2_NULL_1079	674	674	2
F2	F2_NULL_1080	674	674	2
F2	F2_NULL_1081	674	674	2
F2	F2_NULL_1082	674	674	2
F2	F2_NULL_1083	674	674	2
F2	F2_NULL_1084	674	674	2
F2	F2_NULL_1085	674	674	2
F2	F2_NULL_1086	674	674	2
F2	F2_NULL_1087	674	674	2
F2	F2_NULL_1088	674	674	2
F2	F2_NULL_1089	674	674	2
F2	F2_NULL_1090	674	674	2
F2	F2_NULL_1091	674	674	2
F2	F2_NULL_1092	674	674	2
F2	F2_NULL_1093	674	674	2
F2	F2_NULL_1094	674	674	2
F2	F2_NULL_1095	674	674	2
F2	F2_NULL_1096	674	674	2
F2	F2_NULL_1097	674	674	2
F2	F2_NULL_1098	674	674	2
F2	F2_NULL_1099	674	674	2
F2	F2_NULL_1100	674	674	2
F2	F2_NULL_1101	674	674	2
F2	F2_NULL_1102	674	674	2
F2	F2_NULL_1103	674	674	2
F2	F2_NULL_1104	674	674	2
F2	F2_NULL_1105	674	674	2
F2	F2_NULL_1106	674	674	2
F2	F2_NULL_1107	674	674	2
F2	F2_NULL_1108	674	674	2
F2	F2_NULL_1109	674	674	2
F2	F2_NULL_1110	674	674	2
F2	F2_NULL_1111	674	674	2
F2	F2_NULL_1112	674	674	2
F2	F2_NULL_1113	674	674	2
F2	F2_NULL_1114	674	674	2
F2	F2_NULL_1115	674	674	2
F2	F2_NULL_1116	674	674	2
F2	F2_NULL_1117	674	674	2
F2	F2_NULL_1118	674	674	2
F2	F2_NULL_1119	674	674	2
F2	F2_NULL_1120	674	674	2
F2	F2_NULL_1121	674	674	2
F2	F2_NULL_1122	674	674	2
F2	F2_NULL_1123	674	674	2
F2	F2_NULL_1124	674	674	2
F2	F2_NULL_1125	674	674	2
F2	F2_NULL_1126	674	674	2
F2	F2_NULL_1127	674	674	2
F2	F2_NULL_1128	674	674	2
F2	F2_NULL_1129	674	674	2
F2	F2_NULL_1130	674	674	2
F2	F2_NULL_1131	674	674	2
F2	F2_NULL_1132	674	674	2
F2	F2_NULL_1133	674	674	2
F2	F2_NULL_1134	674	674	2
F2	F2_NULL_1135	674	674	2
F2	F2_NULL_1136	674	674	2
F2	F2_NULL_1137	674	674	2
F2	F2_NULL_1138	674	674	2
F2	F2_NULL_1139	674	674	2
F2	F2_NULL_1140	674	674	2
F2	F2_NULL_1141	674	674	2
F2	F2_NULL_1142	674	674	2
F2	F2_NULL_1143	674	674	2
F2	F2_NULL_1144	674	674	2
F2	F2_NULL_1145	674	674	2
F2	F2_NULL_1146	674	674	2
F2	F2_NULL_1147	674	674	2
F2	F2_NULL_1148	674	674	2
F2	F2_NULL_1149	674	674	2
F2	F2_NULL_1150	674	674	2
F2	F2_NULL_1151	674	674	2
F2	F2_NULL_1152	674	674	2
F2	F2_NULL_1153	674	674	2
F2	F2_NULL_1154	674	674	2
F2	F2_NULL_1155	674	674	2
F2	F2_NULL_1156	674	674	2
F2	F2_NULL_1157	674	674	2
F2	F2_NULL_1158	674	674	2
F2	F2_NULL_1159	674	674	2
F2	F2_NULL_1160	674	674	2
F2	F2_NULL_1161	674	674	2
F2	F2_NULL_1162	674	674	2
F2	F2_NULL_1163	674	674	2
F2	F2_NULL_1164	674	674	2
F2	F2_NULL_1165	674	674	2
F2	F2_NULL_1166	674	674	2
F2	F2_NULL_1167	674	674	2
F2	F2_NULL_1168	674	674	2
F2	F2_NULL_1169	674	674	2
F2	F2_NULL_1170	674	674	2
F2	F2_NULL_1171	674	674	2
F2	F2_NULL_1172	674	674	2
F2	F2_NULL_1173	674	674	2
F2	F2_NULL_1174	674	674	2
F2	F2_NULL_1175	674	674	2
F2	F2_NULL_1176	674	674	2
F2	F2_NULL_1177	674	674	2
F2	F2_NULL_1178	674	674	2
F2	F2_NULL_1179	674	674	2
F2	F2_NULL_1180	674	674	2
F2	F2_NULL_1181	674	674	2
F2	F2_NULL_1182	674	674	2
F2	F2_NULL_1183	674	674	2
F2	F2_NULL_1184	674	674	2
F2	F2_NULL_1185	674	674	2
F2	F2_NULL_1186	674	674	2
F2	F2_NULL_1187	674	674	2
F2	F2_NULL_1188	674	674	2
F2	F2_NULL_1189	674	674	2
F2	F2_NULL_1190	674	674	2
F2	F2_NULL_1191	674	674	2
F2	F2_NULL_1192	674	674	2
F2	F2_NULL_1193	674	674	2
F2	F2_NULL_1194	674	674	2
F2	F2_NULL_1195	674	674	2
F2	F2_NULL_1196	674	674	2
F2	F2_NULL_1197	674	674	2
F2	F2_NULL_1198	674	674	2
F2	F2_NULL_1199	674	674	2
F2	F2_NULL_1200	674	674	2
F2	F2_NULL_1201	674	674	2
F2	F2_NULL_1202	674	674	2
F2	F2_NULL_1203	674	674	2
F2	F2_NULL_1204	674	674	2
F2	F2_NULL_1205	674	674	2
F2	F2_NULL_1206	674	674	2
F2	F2_NULL_1207	674	674	2
F2	F2_NULL_1208	674	674	2
F2	F2_NULL_1209	674	674	2
F2	F2_NULL_1210	674	674	2
F2	F2_NULL_1211	674	674	2
F2	F2_NULL_1212	674	674	2
F2	F2_NULL_1213	674	674	2
F2	F2_NULL_1214	674	674	2
F2	F2_NULL_1215	674	674	2
F2	F2_NULL_1216	674	674	2
F2	F2_NULL_1217	674	674	2
F2	F2_NULL_1218	674	674	2
F2	F2_NULL_1219	674	674	2
F2	F2_NULL_1220	674	674	2
F2	F2_NULL_1221	674	674	2
F2	F2_NULL_1222	674	674	2
F2	F2_NULL_1223	674	674	2
F2	F2_NULL_1224	674	674	2
F2	F2_NULL_1225	674	674	2
F2	F2_NULL_1226	674	674	2
F2	F2_NULL_1227	674	674	2
F2	F2_NULL_1228	674	674	2
F2	F2_NULL_1229	674	674	2
F2	F2_NULL_1230	674	674	2
F2	F2_NULL_1231	674	674	2
F2	F2_NULL_1232	674	674	2
F2	F2_NULL_1233	674	674	2
F2	F2_NULL_1234	674	674	2
F2	F2_NULL_1235	674	674	2
F2	F2_NULL_1236	674	674	2
F2	F2_NULL_1237	674	674	2
F2	F2_NULL_1238	674	674	2
F2	F2_NULL_1239	674	674	2
F2	F2_NULL_1240	674	674	2
F2	F2_NULL_1241	674	674	2
F2	F2_NULL_1242	674	674	2
F2	F2_NULL_1243	674	674	2
F2	F2_NULL_1244	674	674	2
F2	F2_NULL_1245	674	674	2
F2	F2_NULL_1246	674	674	2
F2	F2_NULL_1247	674	674	2
F2	F2_NULL_1248	674	674	2
F2	F2_NULL_1249	674	674	2
F2	F2_NULL_1250	674	674	2
F2	F2_NULL_1251	674	674	2
F2	F2_NULL_1252	674	674	2
F2	F2_NULL_1253	674	674	2
F2	F2_NULL_1254	674	674	2
F2	F2_NULL_1255	674	674	2
F2	F2_NULL_1256	674	674	2
F2	F2_NULL_1257	674	674	2
F2	F2_NULL_1258	674	674	2
F2	F2_NULL_1259	674	674	2
F2	F2_NULL_1260	674	674	2
F2	F2_NULL_1261	674	674	2
F2	F2_NULL_1262	674	674	2
F2	F2_NULL_1263	674	674	2
F2	F2_NULL_1264	674	674	2
F2	F2_NULL_1265	674	674	2
F2	F2_NULL_1266	674	674	2
F2	F2_NULL_1267	674	674	2
F2	F2_NULL_1268	674	674	2
F2	F2_NULL_1269	674	674	2
F2	F2_NULL_1270	674	674	2
F2	F2_NULL_1271	674	674	2
F2	F2_NULL_1272	674	674	2
F2	F2_NULL_1273	674	674	2
F2	F2_NULL_1274	674	674	2
F2	F2_NULL_1275	674	674	2
F2	F2_NULL_1276	674	674	2
F2	F2_NULL_1277	674	674	2
F2	F2_NULL_1278	674	674	2
F2	F2_NULL_1279	674	674	2
F2	F2_NULL_1280	674	674	2
F2	F2_NULL_1281	674	674	2
F2	F2_NULL_1282	674	674	2
F2	F2_NULL_1283	674	674	2
F2	F2_NULL_1284	674	674	2
F2	F2_NULL_1285	674	674	2
F2	F2_NULL_1286	674	674	2
F2	F2_NULL_1287	674	674	2
F2	F2_NULL_1288	674	674	2
F2	F2_NULL_1289	674	674	2
F2	F2_NULL_1290	674	674	2
F2	F2_NULL_1291	674	674	2
F2	F2_NULL_1292	674	674	2
F2	F2_NULL_1293	674	674	2
F2	F2_NULL_1294	674	674	2
F2	F2_NULL_1295	674	674	2
F2	F2_NULL_1296	674	674	2
F2	F2_NULL_1297	674	674	2
F2	F2_NULL_1298	674	674	2
F2	F2_NULL_1299	674	674	2
F2	F2_NULL_1300	674	674	2
F2	F2_NULL_1301	674	674	2
F2	F2_NULL_1302	674	674	2
F2	F2_NULL_1303	674	674	2
F2	F2_NULL_1304	674	674	2
F2	F2_NULL_1305	674	674	2
F2	F2_NULL_1306	674	674	2
F2	F2_NULL_1307	674	674	2
F2	F2_NULL_1308	674	674	2
F2	F2_NULL_1309	674	674	2
F2	F2_NULL_1310	674	674	2
F2	F2_NULL_1311	674	674	2
F2	F2_NULL_1312	674	674	2
F2	F2_NULL_1313	674	674	2
F2	F2_NULL_1314	674	674	2
F2	F2_NULL_1315	674	674	2
F2	F2_NULL_1316	674	674	2
F2	F2_NULL_1317	674	674	2
F2	F2_NULL_1318	674	674	2
F2	F2_NULL_1319	674	674	2
F2	F2_NULL_1320	674	674	2
F2	F2_NULL_1321	674	674	2
F2	F2_NULL_1322	674	674	2
F2	F2_NULL_1323	674	674	2
F2	F2_NULL_1324	674	674	2
F2	F2_NULL_1325	674	674	2
F2	F2_NULL_1326	674	674	2
F2	F2_NULL_1327	674	674	2
F2	F2_NULL_1328	674	674	2
F2	F2_NULL_1329	674	674	2
F2	F2_NULL_1330	674	674	2
F2	F2_NULL_1331	674	674	2
F2	F2_NULL_1332	674	674	2
F2	F2_NULL_1333	674	674	2
F2	F2_NULL_1334	674	674	2
F2	F2_NULL_1335	674	674	2
F2	F2_NULL_1336	674	674	2
F2	F2_NULL_1337	674	674	2
F2	F2_NULL_1338	674	674	2
F2	F2_NULL_1339	674	674	2
F2	F2_NULL_1340	674	674	2
F2	F2_NULL_1341	674	674	2
F2	F2_NULL_1342	674	674	2
F2	F2_NULL_1343	674	674	2
F2	F2_NULL_1344	674	674	2
F2	F2_NULL_1345	674	674	2
F2	F2_NULL_1346	674	674	2
F2	F2_NULL_1347	674	674	2
F2	F2_NULL_1348	674	674	2
F2	F2_NULL_1349	674	674	2
F2	F2_NULL_1350	674	674	2
F2	F2_NULL_1351	674	674	2
F2	F2_NULL_1352	674	674	2
F2	F2_NULL_1353	674	674	2
F2	F2_NULL_1354	674	674	2
F2	F2_NULL_1355	674	674	2
F2	F2_NULL_1356	674	674	2
F2	F2_NULL_1357	674	674	2
F2	F2_NULL_1358	674	674	2
F2	F2_NULL_1359	674	674	2
F2	F2_NULL_1360	674	674	2
F2	F2_NULL_1361	674	674	2
F2	F2_NULL_1362	674	674	2
F2	F2_NULL_1363	674	674	2
F2	F2_NULL_1364	674	674	2
F2	F2_NULL_1365	674	674	2
F2	F2_NULL_1366	674	674	2
F2	F2_NULL_1367	674	674	2
F2	F2_NULL_1368	674	674	2
F2	F2_NULL_1369	674	674	2
F2	F2_NULL_1370	674	674	2
F2	F2_NULL_1371	674	674	2
F2	F2_NULL_1372	674	674	2
F2	F2_NULL_1373	674	674	2
F2	F2_NULL_1374	674	674	2
F2	F2_NULL_1375	674	674	2
F2	F2_NULL_1376	674	674	2
F2	F2_NULL_1377	674	674	2
F2	F2_NULL_1378	674	674	2
F2	F2_NULL_1379	674	674	2
F2	F2_NULL_1380	674	674	2
F2	F2_NULL_1381	674	674	2
F2	F2_NULL_1382	674	674	2
F2	F2_NULL_1383	674	674	2
F2	F2_NULL_1384	674	674	2
F2	F2_NULL_1385	674	674	2
F2	F2_NULL_1386	674	674	2
F2	F2_NULL_1387	674	674	2
F2	F2_NULL_1388	674	674	2
F2	F2_NULL_1389	674	674	2
F2	F2_NULL_1390	674	674	2
F2	F2_NULL_1391	674	674	2
F2	F2_NULL_1392	674	674	2
F2	F2_NULL_1393	674	674	2
F2	F2_NULL_1394	674	674	2
F2	F2_NULL_1395	674	674	2
F2	F2_NULL_1396	674	674	2
F2	F2_NULL_1397	674	674	2
F2	F2_NULL_1398	674	674	2
F2	F2_NULL_1399	674	674	2
F2	F2_NULL_1400	674	674	2
F2	F2_NULL_1401	674	674	2
F2	F2_NULL_1402	674	674	2
F2	F2_NULL_1403	674	674	2
F2	F2_NULL_1404	674	674	2
F2	F2_NULL_1405	674	674	2
F2	F2_NULL_1406	674	674	2
F2	F2_NULL_1407	674	674	2
F2	F2_NULL_1408	674	674	2
F2	F2_NULL_1409	674	674	2
F2	F2_NULL_1410	674	674	2
F2	F2_NULL_1411	674	674	2
F2	F2_NULL_1412	674	674	2
F2	F2_NULL_1413	674	674	2
F2	F2_NULL_1414	674	674	2
F2	F2_NULL_1415	674	674	2
F2	F2_NULL_1416	674	674	2
F2	F2_NULL_1417	674	674	2
F2	F2_NULL_1418	674	674	2
F2	F2_NULL_1419	674	674	2
F2	F2_NULL_1420	674	674	2
F2	F2_NULL_1421	674	674	2
F2	F2_NULL_1422	674	674	2
F2	F2_NULL_1423	674	674	2
F2	F2_NULL_1424	674	674	2
F2	F2_NULL_1425	674	674	2
F2	F2_NULL_1426	674	674	2
F2	F2_NULL_1427	674	674	2
F2	F2_NULL_1428	674	674	2
F2	F2_NULL_1429	674	674	2
F2	F2_NULL_1430	674	674	2
F2	F2_NULL_1431	674	674	2
F2	F2_NULL_1432	674	674	2
F2	F2_NULL_1433	674	674	2
F2	F2_NULL_1434	674	674	2
F2	F2_NULL_1435	674	674	2
F2	F2_NULL_1436	674	674	2
F2	F2_NULL_1437	674	674	2
F2	F2_NULL_1438	674	674	2
F2	F2_NULL_1439	674	674	2
F2	F2_NULL_1440	674	674	2
F2	F2_NULL_1441	674	674	2
F2	F2_NULL_1442	674	674	2
F2	F2_NULL_1443	674	674	2
F2	F2_NULL_1444	674	674	2
F2	F2_NULL_1445	674	674	2
F2	F2_NULL_1446	674	674	2
F2	F2_NULL_1447	674	674	2
F2	F2_NULL_1448	674	674	2
F2	F2_NULL_1449	674	674	2
F2	F2_NULL_1450	674	674	2
F2	F2_NULL_1451	674	674	2
F2	F2_NULL_1452	674	674	2
F2	F2_NULL_1453	674	674	2
F2	F2_NULL_1454	674	674	2
F2	F2_NULL_1455	674	674	2
F2	F2_NULL_1456	674	674	2
F2	F2_NULL_1457	674	674	2
F2	F2_NULL_1458	674	674	2
F2	F2_NULL_1459	674	674	2
F2	F2_NULL_1460	674	674	2
F2	F2_NULL_1461	674	674	2
F2	F2_NULL_1462	674	674	2
F2	F2_NULL_1463	674	674	2
F2	F2_NULL_1464	674	674	2
F2	F2_NULL_1465	674	674	2
F2	F2_NULL_1466	674	674	2
F2	F2_NULL_1467	674	674	2
F2	F2_NULL_1468	674	674	2
F2	F2_NULL_1469	674	674	2
F2	F2_NULL_1470	674	674	2
F2	F2_NULL_1471	674	674	2
F2	F2_NULL_1472	674	674	2
F2	F2_NULL_1473	674	674	2
F2	F2_NULL_1474	674	674	2
F2	F2_NULL_1475	674	674	2
F2	F2_NULL_1476	674	674	2
F2	F2_NULL_1477	674	674	2
F2	F2_NULL_1478	674	674	2
F2	F2_NULL_1479	674	674	2
F2	F2_NULL_1480	674	674	2
F2	F2_NULL_1481	674	674	2
F2	F2_NULL_1482	674	674	2
F2	F2_NULL_1483	674	674	2
F2	F2_NULL_1484	674	674	2
F2	F2_NULL_1485	674	674	2
F2	F2_NULL_1486	674	674	2
F2	F2_NULL_1487	674	674	2
F2	F2_NULL_1488	674	674	2
F2	F2_NULL_1489	674	674	2
F2	F2_NULL_1490	674	674	2
F2	F2_NULL_1491	674	674	2
F2	F2_NULL_1492	674	674	2
F2	F2_NULL_1493	674	674	2
F2	F2_NULL_1494	674	674	2
F2	F2_NULL_1495	674	674	2
F2	F2_NULL_1496	674	674	2
F2	F2_NULL_1497	674	674	2
F2	F2_NULL_1498	674	674	2
F2	F2_NULL_1499	674	674	2
F2	F2_NULL_1500	674	674	2
F2	F2_NULL_1501	674	674	2
F2	F2_NULL_1502	674	674	2
F2	F2_NULL_1503	674	674	2
F2	F2_NULL_1504	674	674	2
F2	F2_NULL_1505	674	674	2
F2	F2_NULL_1506	674	674	2
F2	F2_NULL_1507	674	674	2
F2	F2_NULL_1508	674	674	2
F2	F2_NULL_1509	674	674	2
F2	F2_NULL_1510	674	674	2
F2	F2_NULL_1511	674	674	2
F2	F2_NULL_1512	674	674	2
F2	F2_NULL_1513	674	674	2
F2	F2_NULL_1514	674	674	2
F2	F2_NULL_1515	674	674	2
F2	F2_NULL_1516	674	674	2
F2	F2_NULL_1517	674	674	2
F2	F2_NULL_1518	674	674	2
F2	F2_NULL_1519	674	674	2
F2	F2_NULL_1520	674	674	2
F2	F2_NULL_1521	674	674	2
F2	F2_NULL_1522	674	674	2
F2	F2_NULL_1523	674	674	2
F2	F2_NULL_1524	674	674	2
F2	F2_NULL_1525	674	674	2
F2	F2_NULL_1526	674	674	2
F2	F2_NULL_1527	674	674	2
F2	F2_NULL_1528	674	674	2
F2	F2_NULL_1529	674	674	2
F2	F2_NULL_1530	674	674	2
F2	F2_NULL_1531	674	674	2
F2	F2_NULL_1532	674	674	2
F2	F2_NULL_1533	674	674	2
F2	F2_NULL_1534	674	674	2
F2	F2_NULL_1535	674	674	2
F2	F2_NULL_1536	674	674	2
F2	F2_NULL_1537	674	674	2
F2	F2_NULL_1538	674	674	2
F2	F2_NULL_1539	674	674	2
F2	F2_NULL_1540	674	674	2
F2	F2_NULL_1541	674	674	2
F2	F2_NULL_1542	674	674	2
F2	F2_NULL_1543	674	674	2
F2	F2_NULL_1544	674	674	2
F2	F2_NULL_1545	674	674	2
F2	F2_NULL_1546	674	674	2
F2	F2_NULL_1547	674	674	2
F2	F2_NULL_1548	674	674	2
F2	F2_NULL_1549	674	674	2
F2	F2_NULL_1550	674	674	2
F2	F2_NULL_1551	674	674	2
F2	F2_NULL_1552	674	674	2
F2	F2_NULL_1553	674	674	2
F2	F2_NULL_1554	674	674	2
F2	F2_NULL_1555	674	674	2
F2	F2_NULL_1556	674	674	2
F2	F2_NULL_1557	674	674	2
F2	F2_NULL_1558	674	674	2
F2	F2_NULL_1559	674	674	2
F2	F2_NULL_1560	674	674	2
F2	F2_NULL_1561	674	674	2
F2	F2_NULL_1562	674	674	2
F2	F2_NULL_1563	674	674	2
F2	F2_NULL_1564	674	674	2
F2	F2_NULL_1565	674	674	2
F2	F2_NULL_1566	674	674	2
F2	F2_NULL_1567	674	674	2
F2	F2_NULL_1568	674	674	2
F2	F2_NULL_1569	674	674	2
F2	F2_NULL_1570	674	674	2
F2	F2_NULL_1571	674	674	2
F2	F2_NULL_1572	674	674	2
F2	F2_NULL_1573	674	674	2
F2	F2_NULL_1574	674	674	2
F2	F2_NULL_1575	674	674	2
F2	F2_NULL_1576	674	674	2
F2	F2_NULL_1577	674	674	2
F2	F2_NULL_1578	674	674	2
F2	F2_NULL_1579	674	674	2
F2	F2_NULL_1580	674	674	2
F2	F2_NULL_1581	674	674	2
F2	F2_NULL_1582	674	674	2
F2	F2_NULL_1583	674	674	2
F2	F2_NULL_1584	674	674	2
F2	F2_NULL_1585	674	674	2
F2	F2_NULL_1586	674	674	2
F2	F2_NULL_1587	674	674	2
F2	F2_NULL_1588	674	674	2
F2	F2_NULL_1589	674	674	2
F2	F2_NULL_1590	674	674	2
F2	F2_NULL_1591	674	674	2
F2	F2_NULL_1592	674	674	2
F2	F2_NULL_1593	674	674	2
F2	F2_NULL_1594	674	674	2
F2	F2_NULL_1595	674	674	2
F2	F2_NULL_1596	674	674	2
F2	F2_NULL_1597	674	674	2
F2	F2_NULL_1598	674	674	2
F2	F2_NULL_1599	674	674	2
F2	F2_NULL_1600	674	674	2
F2	F2_NULL_1601	674	674	2
F2	F2_NULL_1602	674	674	2
F2	F2_NULL_1603	674	674	2
F2	F2_NULL_1604	674	674	2
F2	F2_NULL_1605	674	674	2
F2	F2_NULL_1606	674	674	2
F2	F2_NULL_1607	674	674	2
F2	F2_NULL_1608	674	674	2
F2	F2_NULL_1609	674	674	2
F2	F2_NULL_1610	674	674	2
F2	F2_NULL_1611	674	674	2
F2	F2_NULL_1612	674	674	2
F2	F2_NULL_1613	674	674	2
F2	F2_NULL_1614	674	674	2
F2	F2_NULL_1615	674	674	2
F2	F2_NULL_1616	674	674	2
F2	F2_NULL_1617	674	674	2
F2	F2_NULL_1618	674	674	2
F2	F2_NULL_1619	674	674	2
F2	F2_NULL_1620	674	674	2
F2	F2_NULL_1621	674	674	2
F2	F2_NULL_1622	674	674	2
F2	F2_NULL_1623	674	674	2
F2	F2_NULL_1624	674	674	2
F2	F2_NULL_1625	674	674	2
F2	F2_NULL_1626	674	674	2
F2	F2_NULL_1627	674	674	2
F2	F2_NULL_1628	674	674	2
F2	F2_NULL_1629	674	674	2
F2	F2_NULL_1630	674	674	2
F2	F2_NULL_1631	674	674	2
F2	F2_NULL_1632	674	674	2
F2	F2_NULL_1633	674	674	2
F2	F2_NULL_1634	674	674	2
F2	F2_NULL_1635	674	674	2
F2	F2_NULL_1636	674	674	2
F2	F2_NULL_1637	674	674	2
F2	F2_NULL_1638	674	674	2
F2	F2_NULL_1639	674	674	2
F2	F2_NULL_1640	674	674	2
F2	F2_NULL_1641	674	674	2
F2	F2_NULL_1642	674	674	2
F2	F2_NULL_1643	674	674	2
F2	F2_NULL_1644	674	674	2
F2	F2_NULL_1645	674	674	2
F2	F2_NULL_1646	674	674	2
F2	F2_NULL_1647	674	674	2
F2	F2_NULL_1648	674	674	2
F2	F2_NULL_1649	674	674	2
F2	F2_NULL_1650	674	674	2
F2	F2_NULL_1651	674	674	2
F2	F2_NULL_1652	674	674	2
F2	F2_NULL_1653	674	674	2
F2	F2_NULL_1654	674	674	2
F2	F2_NULL_1655	674	674	2
F2	F2_NULL_1656	674	674	2
F2	F2_NULL_1657	674	674	2
F2	F2_NULL_1658	674	674	2
F2	F2_NULL_1659	674	674	2
F2	F2_NULL_1660	674	674	2
F2	F2_NULL_1661	674	674	2
F2	F2_NULL_1662	674	674	2
F2	F2_NULL_1663	674	674	2
F2	F2_NULL_1664	674	674	2
F2	F2_NULL_1665	674	674	2
F2	F2_NULL_1666	674	674	2
F2	F2_NULL_1667	674	674	2
F2	F2_NULL_1668	674	674	2
F2	F2_NULL_1669	674	674	2
F2	F2_NULL_1670	674	674	2
F2	F2_NULL_1671	674	674	2
F2	F2_NULL_1672	674	674	2
F2	F2_NULL_1673	674	674	2
F2	F2_NULL_1674	674	674	2
F2	F2_NULL_1675	674	674	2
F2	F2_NULL_1676	674	674	2
F2	F2_NULL_1677	674	674	2
F2	F2_NULL_1678	674	674	2
F2	F2_NULL_1679	674	674	2
F2	F2_NULL_1680	674	674	2
F2	F2_NULL_1681	674	674	2
F2	F2_NULL_1682	674	674	2
F2	F2_NULL_1683	674	674	2
F2	F2_NULL_1684	674	674	2
F2	F2_NULL_1685	674	674	2
F2	F2_NULL_1686	674	674	2
F2	F2_NULL_1687	674	674	2
F2	F2_NULL_1688	674	674	2
F2	F2_NULL_1689	674	674	2
F2	F2_NULL_1690	674	674	2
F2	F2_NULL_1691	674	674	2
F2	F2_NULL_1692	674	674	2
F2	F2_NULL_1693	674	674	2
F2	F2_NULL_1694	674	674	2
F2	F2_NULL_1695	674	674	2
F2	F2_NULL_1696	674	674	2
F2	F2_NULL_1697	674	674	2
F2	F2_NULL_1698	674	674	2
F2	F2_NULL_1699	674	674	2
F2	F2_NULL_1700	674	674	2
F2	F2_NULL_1701	674	674	2
F2	F2_NULL_1702	674	674	2
F2	F2_NULL_1703	674	674	2
F2	F2_NULL_1704	674	674	2
F2	F2_NULL_1705	674	674	2
F2	F2_NULL_1706	674	674	2
F2	F2_NULL_1707	674	674	2
F2	F2_NULL_1708	674	674	2
F2	F2_NULL_1709	674	674	2
F2	F2_NULL_1710	674	674	2
F2	F2_NULL_1711	674	674	2
F2	F2_NULL_1712	674	674	2
F2	F2_NULL_1713	674	674	2
F2	F2_NULL_1714	674	674	2
F2	F2_NULL_1715	674	674	2
F2	F2_NULL_1716	674	674	2
F2	F2_NULL_1717	674	674	2
F2	F2_NULL_1718	674	674	2
F2	F2_NULL_1719	674	674	2
F2	F2_NULL_1720	674	674	2
F2	F2_NULL_1721	674	674	2
F2	F2_NULL_1722	674	674	2
F2	F2_NULL_1723	674	674	2
F2	F2_NULL_1724	674	674	2
F2	F2_NULL_1725	674	674	2
F2	F2_NULL_1726	674	674	2
F2	F2_NULL_1727	674	674	2
F2	F2_NULL_1728	674	674	2
F2	F2_NULL_1729	674	674	2
F2	F2_NULL_1730	674	674	2
F2	F2_NULL_1731	674	674	2
F2	F2_NULL_1732	674	674	2
F2	F2_NULL_1733	674	674	2
F2	F2_NULL_1734	674	674	2
F2	F2_NULL_1735	674	674	2
F2	F2_NULL_1736	674	674	2
F2	F2_NULL_1737	674	674	2
F2	F2_NULL_1738	674	674	2
F2	F2_NULL_1739	674	674	2
F2	F2_NULL_1740	674	674	2
F2	F2_NULL_1741	674	674	2
F2	F2_NULL_1742	674	674	2
F2	F2_NULL_1743	674	674	2
F2	F2_NULL_1744	674	674	2
F2	F2_NULL_1745	674	674	2
F2	F2_NULL_1746	674	674	2
F2	F2_NULL_1747	674	674	2
F2	F2_NULL_1748	674	674	2
F2	F2_NULL_1749	674	674	2
F2	F2_NULL_1750	674	674	2
F2	F2_NULL_1751	674	674	2
F2	F2_NULL_1752	674	674	2
F2	F2_NULL_1753	674	674	2
F2	F2_NULL_1754	674	674	2
F2	F2_NULL_1755	674	674	2
F2	F2_NULL_1756	674	674	2
F2	F2_NULL_1757	674	674	2
F2	F2_NULL_1758	674	674	2
F2	F2_NULL_1759	674	674	2
F2	F2_NULL_1760	674	674	2
F2	F2_NULL_1761	674	674	2
F2	F2_NULL_1762	674	674	2
F2	F2_NULL_1763	674	674	2
F2	F2_NULL_1764	674	674	2
F2	F2_NULL_1765	674	674	2
F2	F2_NULL_1766	674	674	2
F2	F2_NULL_1767	674	674	2
F2	F2_NULL_1768	674	674	2
F2	F2_NULL_1769	674	674	2
F2	F2_NULL_1770	674	674	2
F2	F2_NULL_1771	674	674	2
F2	F2_NULL_1772	674	674	2
F2	F2_NULL_1773	674	674	2
F2	F2_NULL_1774	674	674	2
F2	F2_NULL_1775	674	674	2
F2	F2_NULL_1776	674	674	2
F2	F2_NULL_1777	674	674	2
F2	F2_NULL_1778	674	674	2
F2	F2_NULL_1779	674	674	2
F2	F2_NULL_1780	674	674	2
F2	F2_NULL_1781	674	674	2
F2	F2_NULL_1782	674	674	2
F2	F2_NULL_1783	674	674	2
F2	F2_NULL_1784	674	674	2
F2	F2_NULL_1785	674	674	2
F2	F2_NULL_1786	674	674	2
F2	F2_NULL_1787	674	674	2
F2	F2_NULL_1788	674	674	2
F2	F2_NULL_1789	674	674	2
F2	F2_NULL_1790	674	674	2
F2	F2_NULL_1791	674	674	2
F2	F2_NULL_1792	674	674	2
F2	F2_NULL_1793	674	674	2
F2	F2_NULL_1794	674	674	2
F2	F2_NULL_1795	674	674	2
F2	F2_NULL_1796	674	674	2
F2	F2_NULL_1797	674	674	2
F2	F2_NULL_1798	674	674	2
F2	F2_NULL_1799	674	674	2
F2	F2_NULL_1800	674	674	2
F2	F2_NULL_1801	674	674	2
F2	F2_NULL_1802	674	674	2
F2	F2_NULL_1803	674	674	2
F2	F2_NULL_1804	674	674	2
F2	F2_NULL_1805	674	674	2
F2	F2_NULL_1806	674	674	2
F2	F2_NULL_1807	674	674	2
F2	F2_NULL_1808	674	674	2
F2	F2_NULL_1809	674	674	2
F2	F2_NULL_1810	674	674	2
F2	F2_NULL_1811	674	674	2
F2	F2_NULL_1812	674	674	2
F2	F2_NULL_1813	674	674	2
F2	F2_NULL_1814	674	674	2
F2	F2_NULL_1815	674	674	2
F2	F2_NULL_1816	674	674	2
F2	F2_NULL_1817	674	674	2
F2	F2_NULL_1818	674	674	2
F2	F2_NULL_1819	674	674	2
F2	F2_NULL_1820	674	674	2
F2	F2_NULL_1821	674	674	2
F2	F2_NULL_1822	674	674	2
F2	F2_NULL_1823	674	674	2
F2	F2_NULL_1824	674	674	2
F2	F2_NULL_1825	674	674	2
F2	F2_NULL_1826	674	674	2
F2	F2_NULL_1827	674	674	2
F2	F2_NULL_1828	674	674	2
F2	F2_NULL_1829	674	674	2
F2	F2_NULL_1830	674	674	2
F2	F2_NULL_1831	674	674	2
F2	F2_NULL_1832	674	674	2
F2	F2_NULL_1833	674	674	2
F2	F2_NULL_1834	674	674	2
F2	F2_NULL_1835	674	674	2
F2	F2_NULL_1836	674	674	2
F2	F2_NULL_1837	674	674	2
F2	F2_NULL_1838	674	674	2
F2	F2_NULL_1839	674	674	2
F2	F2_NULL_1840	674	674	2
F2	F2_NULL_1841	674	674	2
F2	F2_NULL_1842	674	674	2
F2	F2_NULL_1843	674	674	2
F2	F2_NULL_1844	674	674	2
F2	F2_NULL_1845	674	674	2
F2	F2_NULL_1846	674	674	2
F2	F2_NULL_1847	674	674	2
F2	F2_NULL_1848	674	674	2
F2	F2_NULL_1849	674	674	2
F2	F2_NULL_1850	674	674	2
F2	F2_NULL_1851	674	674	2
F2	F2_NULL_1852	674	674	2
F2	F2_NULL_1853	674	674	2
F2	F2_NULL_1854	674	674	2
F2	F2_NULL_1855	674	674	2
F2	F2_NULL_1856	674	674	2
F2	F2_NULL_1857	674	674	2
F2	F2_NULL_1858	674	674	2
F2	F2_NULL_1859	674	674	2
F2	F2_NULL_1860	674	674	2
F2	F2_NULL_1861	674	674	2
F2	F2_NULL_1862	674	674	2
F2	F2_NULL_1863	674	674	2
F2	F2_NULL_1864	674	674	2
F2	F2_NULL_1865	674	674	2
F2	F2_NULL_1866	674	674	2
F2	F2_NULL_1867	674	674	2
F2	F2_NULL_1868	674	674	2
F2	F2_NULL_1869	674	674	2
F2	F2_NULL_1870	674	674	2
F2	F2_NULL_1871	674	674	2
F2	F2_NULL_1872	674	674	2
F2	F2_NULL_1873	674	674	2
F2	F2_NULL_1874	674	674	2
F2	F2_NULL_1875	674	674	2
F2	F2_NULL_1876	674	674	2
F2	F2_NULL_1877	674	674	2
F2	F2_NULL_1878	674	674	2
F2	F2_NULL_1879	674	674	2
F2	F2_NULL_1880	674	674	2
F2	F2_NULL_1881	674	674	2
F2	F2_NULL_1882	674	674	2
F2	F2_NULL_1883	674	674	2
F2	F2_NULL_1884	674	674	2
F2	F2_NULL_1885	674	674	2
F2	F2_NULL_1886	674	674	2
F2	F2_NULL_1887	674	674	2
F2	F2_NULL_1888	674	674	2
F2	F2_NULL_1889	674	674	2
F2	F2_NULL_1890	674	674	2
F2	F2_NULL_1891	674	674	2
F2	F2_NULL_1892	674	674	2
F2	F2_NULL_1893	674	674	2
F2	F2_NULL_1894	674	674	2
F2	F2_NULL_1895	674	674	2
F2	F2_NULL_1896	674	674	2
F2	F2_NULL_1897	674	674	2
F2	F2_NULL_1898	674	674	2
F2	F2_NULL_1899	674	674	2
F2	F2_NULL_1900	674	674	2
F2	F2_NULL_1901	674	674	2
F2	F2_NULL_1902	674	674	2
F2	F2_NULL_1903	674	674	2
F2	F2_NULL_1904	674	674	2
F2	F2_NULL_1905	674	674	2
F2	F2_NULL_1906	674	674	2
F2	F2_NULL_1907	674	674	2
F2	F2_NULL_1908	674	674	2
F2	F2_NULL_1909	674	674	2
F2	F2_NULL_1910	674	674	2
F2	F2_NULL_1911	674	674	2
F2	F2_NULL_1912	674	674	2
F2	F2_NULL_1913	674	674	2
F2	F2_NULL_1914	674	674	2
F2	F2_NULL_1915	674	674	2
F2	F2_NULL_1916	674	674	2
F2	F2_NULL_1917	674	674	2
F2	F2_NULL_1918	674	674	2
F2	F2_NULL_1919	674	674	2
F2	F2_NULL_1920	674	674	2
F2	F2_NULL_1921	674	674	2
F2	F2_NULL_1922	674	674	2
F2	F2_NULL_1923	674	674	2
F2	F2_NULL_1924	674	674	2
F2	F2_NULL_1925	674	674	2
F2	F2_NULL_1926	674	674	2
F2	F2_NULL_1927	674	674	2
F2	F2_NULL_1928	674	674	2
F2	F2_NULL_1929	674	674	2
F2	F2_NULL_1930	674	674	2
F2	F2_NULL_1931	674	674	2
F2	F2_NULL_1932	674	674	2
F2	F2_NULL_1933	674	674	2
F2	F2_NULL_1934	674	674	2
F2	F2_NULL_1935	674	674	2
F2	F2_NULL_1936	674	674	2
F2	F2_NULL_1937	674	674	2
F2	F2_NULL_1938	674	674	2
F2	F2_NULL_1939	674	674	2
F2	F2_NULL_1940	674	674	2
F2	F2_NULL_1941	674	674	2
F2	F2_NULL_1942	674	674	2
F2	F2_NULL_1943	674	674	2
F2	F2_NULL_1944	674	674	2
F2	F2_NULL_1945	674	674	2
F2	F2_NULL_1946	674	674	2
F2	F2_NULL_1947	674	674	2
F2	F2_NULL_1948	674	674	2
F2	F2_NULL_1949	674	674	2
F2	F2_NULL_1950	674	674	2
F2	F2_NULL_1951	674	674	2
F2	F2_NULL_1952	674	674	2
F2	F2_NULL_1953	674	674	2
F2	F2_NULL_1954	674	674	2
F2	F2_NULL_1955	674	674	2
F2	F2_NULL_1956	674	674	2
F2	F2_NULL_1957	674	674	2
F2	F2_NULL_1958	674	674	2
F2	F2_NULL_1959	674	674	2
F2	F2_NULL_1960	674	674	2
F2	F2_NULL_1961	674	674	2
F2	F2_NULL_1962	674	674	2
F2	F2_NULL_1963	674	674	2
F2	F2_NULL_1964	674	674	2
F2	F2_NULL_1965	674	674	2
F2	F2_NULL_1966	674	674	2
F2	F2_NULL_1967	674	674	2
F2	F2_NULL_1968	674	674	2
F2	F2_NULL_1969	674	674	2
F2	F2_NULL_1970	674	674	2
F2	F2_NULL_1971	674	674	2
F2	F2_NULL_1972	674	674	2
F2	F2_NULL_1973	674	674	2
F2	F2_NULL_1974	674	674	2
F2	F2_NULL_1975	674	674	2
F2	F2_NULL_1976	674	674	2
F2	F2_NULL_1977	674	674	2
F2	F2_NULL_1978	674	674	2
F2	F2_NULL_1979	674	674	2
F2	F2_NULL_1980	674	674	2
F2	F2_NULL_1981	674	674	2
F2	F2_NULL_1982	674	674	2
F2	F2_NULL_1983	674	674	2
F2	F2_NULL_1984	674	674	2
F2	F2_NULL_1985	674	674	2
F2	F2_NULL_1986	674	674	2
F2	F2_NULL_1987	674	674	2
F2	F2_NULL_1988	674	674	2
F2	F2_NULL_1989	674	674	2
F2	F2_NULL_1990	674	674	2
F2	F2_NULL_1991	674	674	2
F2	F2_NULL_1992	674	674	2
F2	F2_NULL_1993	674	674	2
F2	F2_NULL_1994	674	674	2
F2	F2_NULL_1995	674	674	2
F2	F2_NULL_1996	674	674	2
F2	F2_NULL_1997	674	674	2
F2	F2_NULL_1998	674	674	2
F2	F2_NULL_1999	674	674	2
F6	F6_NULL_0000	128	128	0
F6	F6_NULL_0001	128	128	0
F6	F6_NULL_0002	128	128	0
F6	F6_NULL_0003	128	128	0
F6	F6_NULL_0004	128	128	0
F6	F6_NULL_0005	128	128	0
F6	F6_NULL_0006	128	128	0
F6	F6_NULL_0007	128	128	0
F6	F6_NULL_0008	128	128	0
F6	F6_NULL_0009	128	128	0
F6	F6_NULL_0010	128	128	0
F6	F6_NULL_0011	128	128	0
F6	F6_NULL_0012	128	128	0
F6	F6_NULL_0013	128	128	0
F6	F6_NULL_0014	128	128	0
F6	F6_NULL_0015	128	128	0
F6	F6_NULL_0016	128	128	0
F6	F6_NULL_0017	128	128	0
F6	F6_NULL_0018	128	128	0
F6	F6_NULL_0019	128	128	0
F6	F6_NULL_0020	128	128	0
F6	F6_NULL_0021	128	128	0
F6	F6_NULL_0022	128	128	0
F6	F6_NULL_0023	128	128	0
F6	F6_NULL_0024	128	128	0
F6	F6_NULL_0025	128	128	0
F6	F6_NULL_0026	128	128	0
F6	F6_NULL_0027	128	128	0
F6	F6_NULL_0028	128	128	0
F6	F6_NULL_0029	128	128	0
F6	F6_NULL_0030	128	128	0
F6	F6_NULL_0031	128	128	0
F6	F6_NULL_0032	128	128	0
F6	F6_NULL_0033	128	128	0
F6	F6_NULL_0034	128	128	0
F6	F6_NULL_0035	128	128	0
F6	F6_NULL_0036	128	128	0
F6	F6_NULL_0037	128	128	0
F6	F6_NULL_0038	128	128	0
F6	F6_NULL_0039	128	128	0
F6	F6_NULL_0040	128	128	0
F6	F6_NULL_0041	128	128	0
F6	F6_NULL_0042	128	128	0
F6	F6_NULL_0043	128	128	0
F6	F6_NULL_0044	128	128	0
F6	F6_NULL_0045	128	128	0
F6	F6_NULL_0046	128	128	0
F6	F6_NULL_0047	128	128	0
F6	F6_NULL_0048	128	128	0
F6	F6_NULL_0049	128	128	0
F6	F6_NULL_0050	128	128	0
F6	F6_NULL_0051	128	128	0
F6	F6_NULL_0052	128	128	0
F6	F6_NULL_0053	128	128	0
F6	F6_NULL_0054	128	128	0
F6	F6_NULL_0055	128	128	0
F6	F6_NULL_0056	128	128	0
F6	F6_NULL_0057	128	128	0
F6	F6_NULL_0058	128	128	0
F6	F6_NULL_0059	128	128	0
F6	F6_NULL_0060	128	128	0
F6	F6_NULL_0061	128	128	0
F6	F6_NULL_0062	128	128	0
F6	F6_NULL_0063	128	128	0
F6	F6_NULL_0064	128	128	0
F6	F6_NULL_0065	128	128	0
F6	F6_NULL_0066	128	128	0
F6	F6_NULL_0067	128	128	0
F6	F6_NULL_0068	128	128	0
F6	F6_NULL_0069	128	128	0
F6	F6_NULL_0070	128	128	0
F6	F6_NULL_0071	128	128	0
F6	F6_NULL_0072	128	128	0
F6	F6_NULL_0073	128	128	0
F6	F6_NULL_0074	128	128	0
F6	F6_NULL_0075	128	128	0
F6	F6_NULL_0076	128	128	0
F6	F6_NULL_0077	128	128	0
F6	F6_NULL_0078	128	128	0
F6	F6_NULL_0079	128	128	0
F6	F6_NULL_0080	128	128	0
F6	F6_NULL_0081	128	128	0
F6	F6_NULL_0082	128	128	0
F6	F6_NULL_0083	128	128	0
F6	F6_NULL_0084	128	128	0
F6	F6_NULL_0085	128	128	0
F6	F6_NULL_0086	128	128	0
F6	F6_NULL_0087	128	128	0
F6	F6_NULL_0088	128	128	0
F6	F6_NULL_0089	128	128	0
F6	F6_NULL_0090	128	128	0
F6	F6_NULL_0091	128	128	0
F6	F6_NULL_0092	128	128	0
F6	F6_NULL_0093	128	128	0
F6	F6_NULL_0094	128	128	0
F6	F6_NULL_0095	128	128	0
F6	F6_NULL_0096	128	128	0
F6	F6_NULL_0097	128	128	0
F6	F6_NULL_0098	128	128	0
F6	F6_NULL_0099	128	128	0
F6	F6_NULL_0100	128	128	0
F6	F6_NULL_0101	128	128	0
F6	F6_NULL_0102	128	128	0
F6	F6_NULL_0103	128	128	0
F6	F6_NULL_0104	128	128	0
F6	F6_NULL_0105	128	128	0
F6	F6_NULL_0106	128	128	0
F6	F6_NULL_0107	128	128	0
F6	F6_NULL_0108	128	128	0
F6	F6_NULL_0109	128	128	0
F6	F6_NULL_0110	128	128	0
F6	F6_NULL_0111	128	128	0
F6	F6_NULL_0112	128	128	0
F6	F6_NULL_0113	128	128	0
F6	F6_NULL_0114	128	128	0
F6	F6_NULL_0115	128	128	0
F6	F6_NULL_0116	128	128	0
F6	F6_NULL_0117	128	128	0
F6	F6_NULL_0118	128	128	0
F6	F6_NULL_0119	128	128	0
F6	F6_NULL_0120	128	128	0
F6	F6_NULL_0121	128	128	0
F6	F6_NULL_0122	128	128	0
F6	F6_NULL_0123	128	128	0
F6	F6_NULL_0124	128	128	0
F6	F6_NULL_0125	128	128	0
F6	F6_NULL_0126	128	128	0
F6	F6_NULL_0127	128	128	0
F6	F6_NULL_0128	128	128	0
F6	F6_NULL_0129	128	128	0
F6	F6_NULL_0130	128	128	0
F6	F6_NULL_0131	128	128	0
F6	F6_NULL_0132	128	128	0
F6	F6_NULL_0133	128	128	0
F6	F6_NULL_0134	128	128	0
F6	F6_NULL_0135	128	128	0
F6	F6_NULL_0136	128	128	0
F6	F6_NULL_0137	128	128	0
F6	F6_NULL_0138	128	128	0
F6	F6_NULL_0139	128	128	0
F6	F6_NULL_0140	128	128	0
F6	F6_NULL_0141	128	128	0
F6	F6_NULL_0142	128	128	0
F6	F6_NULL_0143	128	128	0
F6	F6_NULL_0144	128	128	0
F6	F6_NULL_0145	128	128	0
F6	F6_NULL_0146	128	128	0
F6	F6_NULL_0147	128	128	0
F6	F6_NULL_0148	128	128	0
F6	F6_NULL_0149	128	128	0
F6	F6_NULL_0150	128	128	0
F6	F6_NULL_0151	128	128	0
F6	F6_NULL_0152	128	128	0
F6	F6_NULL_0153	128	128	0
F6	F6_NULL_0154	128	128	0
F6	F6_NULL_0155	128	128	0
F6	F6_NULL_0156	128	128	0
F6	F6_NULL_0157	128	128	0
F6	F6_NULL_0158	128	128	0
F6	F6_NULL_0159	128	128	0
F6	F6_NULL_0160	128	128	0
F6	F6_NULL_0161	128	128	0
F6	F6_NULL_0162	128	128	0
F6	F6_NULL_0163	128	128	0
F6	F6_NULL_0164	128	128	0
F6	F6_NULL_0165	128	128	0
F6	F6_NULL_0166	128	128	0
F6	F6_NULL_0167	128	128	0
F6	F6_NULL_0168	128	128	0
F6	F6_NULL_0169	128	128	0
F6	F6_NULL_0170	128	128	0
F6	F6_NULL_0171	128	128	0
F6	F6_NULL_0172	128	128	0
F6	F6_NULL_0173	128	128	0
F6	F6_NULL_0174	128	128	0
F6	F6_NULL_0175	128	128	0
F6	F6_NULL_0176	128	128	0
F6	F6_NULL_0177	128	128	0
F6	F6_NULL_0178	128	128	0
F6	F6_NULL_0179	128	128	0
F6	F6_NULL_0180	128	128	0
F6	F6_NULL_0181	128	128	0
F6	F6_NULL_0182	128	128	0
F6	F6_NULL_0183	128	128	0
F6	F6_NULL_0184	128	128	0
F6	F6_NULL_0185	128	128	0
F6	F6_NULL_0186	128	128	0
F6	F6_NULL_0187	128	128	0
F6	F6_NULL_0188	128	128	0
F6	F6_NULL_0189	128	128	0
F6	F6_NULL_0190	128	128	0
F6	F6_NULL_0191	128	128	0
F6	F6_NULL_0192	128	128	0
F6	F6_NULL_0193	128	128	0
F6	F6_NULL_0194	128	128	0
F6	F6_NULL_0195	128	128	0
F6	F6_NULL_0196	128	128	0
F6	F6_NULL_0197	128	128	0
F6	F6_NULL_0198	128	128	0
F6	F6_NULL_0199	128	128	0
F6	F6_NULL_0200	128	128	0
F6	F6_NULL_0201	128	128	0
F6	F6_NULL_0202	128	128	0
F6	F6_NULL_0203	128	128	0
F6	F6_NULL_0204	128	128	0
F6	F6_NULL_0205	128	128	0
F6	F6_NULL_0206	128	128	0
F6	F6_NULL_0207	128	128	0
F6	F6_NULL_0208	128	128	0
F6	F6_NULL_0209	128	128	0
F6	F6_NULL_0210	128	128	0
F6	F6_NULL_0211	128	128	0
F6	F6_NULL_0212	128	128	0
F6	F6_NULL_0213	128	128	0
F6	F6_NULL_0214	128	128	0
F6	F6_NULL_0215	128	128	0
F6	F6_NULL_0216	128	128	0
F6	F6_NULL_0217	128	128	0
F6	F6_NULL_0218	128	128	0
F6	F6_NULL_0219	128	128	0
F6	F6_NULL_0220	128	128	0
F6	F6_NULL_0221	128	128	0
F6	F6_NULL_0222	128	128	0
F6	F6_NULL_0223	128	128	0
F6	F6_NULL_0224	128	128	0
F6	F6_NULL_0225	128	128	0
F6	F6_NULL_0226	128	128	0
F6	F6_NULL_0227	128	128	0
F6	F6_NULL_0228	128	128	0
F6	F6_NULL_0229	128	128	0
F6	F6_NULL_0230	128	128	0
F6	F6_NULL_0231	128	128	0
F6	F6_NULL_0232	128	128	0
F6	F6_NULL_0233	128	128	0
F6	F6_NULL_0234	128	128	0
F6	F6_NULL_0235	128	128	0
F6	F6_NULL_0236	128	128	0
F6	F6_NULL_0237	128	128	0
F6	F6_NULL_0238	128	128	0
F6	F6_NULL_0239	128	128	0
F6	F6_NULL_0240	128	128	0
F6	F6_NULL_0241	128	128	0
F6	F6_NULL_0242	128	128	0
F6	F6_NULL_0243	128	128	0
F6	F6_NULL_0244	128	128	0
F6	F6_NULL_0245	128	128	0
F6	F6_NULL_0246	128	128	0
F6	F6_NULL_0247	128	128	0
F6	F6_NULL_0248	128	128	0
F6	F6_NULL_0249	128	128	0
F6	F6_NULL_0250	128	128	0
F6	F6_NULL_0251	128	128	0
F6	F6_NULL_0252	128	128	0
F6	F6_NULL_0253	128	128	0
F6	F6_NULL_0254	128	128	0
F6	F6_NULL_0255	128	128	0
F6	F6_NULL_0256	128	128	0
F6	F6_NULL_0257	128	128	0
F6	F6_NULL_0258	128	128	0
F6	F6_NULL_0259	128	128	0
F6	F6_NULL_0260	128	128	0
F6	F6_NULL_0261	128	128	0
F6	F6_NULL_0262	128	128	0
F6	F6_NULL_0263	128	128	0
F6	F6_NULL_0264	128	128	0
F6	F6_NULL_0265	128	128	0
F6	F6_NULL_0266	128	128	0
F6	F6_NULL_0267	128	128	0
F6	F6_NULL_0268	128	128	0
F6	F6_NULL_0269	128	128	0
F6	F6_NULL_0270	128	128	0
F6	F6_NULL_0271	128	128	0
F6	F6_NULL_0272	128	128	0
F6	F6_NULL_0273	128	128	0
F6	F6_NULL_0274	128	128	0
F6	F6_NULL_0275	128	128	0
F6	F6_NULL_0276	128	128	0
F6	F6_NULL_0277	128	128	0
F6	F6_NULL_0278	128	128	0
F6	F6_NULL_0279	128	128	0
F6	F6_NULL_0280	128	128	0
F6	F6_NULL_0281	128	128	0
F6	F6_NULL_0282	128	128	0
F6	F6_NULL_0283	128	128	0
F6	F6_NULL_0284	128	128	0
F6	F6_NULL_0285	128	128	0
F6	F6_NULL_0286	128	128	0
F6	F6_NULL_0287	128	128	0
F6	F6_NULL_0288	128	128	0
F6	F6_NULL_0289	128	128	0
F6	F6_NULL_0290	128	128	0
F6	F6_NULL_0291	128	128	0
F6	F6_NULL_0292	128	128	0
F6	F6_NULL_0293	128	128	0
F6	F6_NULL_0294	128	128	0
F6	F6_NULL_0295	128	128	0
F6	F6_NULL_0296	128	128	0
F6	F6_NULL_0297	128	128	0
F6	F6_NULL_0298	128	128	0
F6	F6_NULL_0299	128	128	0
F6	F6_NULL_0300	128	128	0
F6	F6_NULL_0301	128	128	0
F6	F6_NULL_0302	128	128	0
F6	F6_NULL_0303	128	128	0
F6	F6_NULL_0304	128	128	0
F6	F6_NULL_0305	128	128	0
F6	F6_NULL_0306	128	128	0
F6	F6_NULL_0307	128	128	0
F6	F6_NULL_0308	128	128	0
F6	F6_NULL_0309	128	128	0
F6	F6_NULL_0310	128	128	0
F6	F6_NULL_0311	128	128	0
F6	F6_NULL_0312	128	128	0
F6	F6_NULL_0313	128	128	0
F6	F6_NULL_0314	128	128	0
F6	F6_NULL_0315	128	128	0
F6	F6_NULL_0316	128	128	0
F6	F6_NULL_0317	128	128	0
F6	F6_NULL_0318	128	128	0
F6	F6_NULL_0319	128	128	0
F6	F6_NULL_0320	128	128	0
F6	F6_NULL_0321	128	128	0
F6	F6_NULL_0322	128	128	0
F6	F6_NULL_0323	128	128	0
F6	F6_NULL_0324	128	128	0
F6	F6_NULL_0325	128	128	0
F6	F6_NULL_0326	128	128	0
F6	F6_NULL_0327	128	128	0
F6	F6_NULL_0328	128	128	0
F6	F6_NULL_0329	128	128	0
F6	F6_NULL_0330	128	128	0
F6	F6_NULL_0331	128	128	0
F6	F6_NULL_0332	128	128	0
F6	F6_NULL_0333	128	128	0
F6	F6_NULL_0334	128	128	0
F6	F6_NULL_0335	128	128	0
F6	F6_NULL_0336	128	128	0
F6	F6_NULL_0337	128	128	0
F6	F6_NULL_0338	128	128	0
F6	F6_NULL_0339	128	128	0
F6	F6_NULL_0340	128	128	0
F6	F6_NULL_0341	128	128	0
F6	F6_NULL_0342	128	128	0
F6	F6_NULL_0343	128	128	0
F6	F6_NULL_0344	128	128	0
F6	F6_NULL_0345	128	128	0
F6	F6_NULL_0346	128	128	0
F6	F6_NULL_0347	128	128	0
F6	F6_NULL_0348	128	128	0
F6	F6_NULL_0349	128	128	0
F6	F6_NULL_0350	128	128	0
F6	F6_NULL_0351	128	128	0
F6	F6_NULL_0352	128	128	0
F6	F6_NULL_0353	128	128	0
F6	F6_NULL_0354	128	128	0
F6	F6_NULL_0355	128	128	0
F6	F6_NULL_0356	128	128	0
F6	F6_NULL_0357	128	128	0
F6	F6_NULL_0358	128	128	0
F6	F6_NULL_0359	128	128	0
F6	F6_NULL_0360	128	128	0
F6	F6_NULL_0361	128	128	0
F6	F6_NULL_0362	128	128	0
F6	F6_NULL_0363	128	128	0
F6	F6_NULL_0364	128	128	0
F6	F6_NULL_0365	128	128	0
F6	F6_NULL_0366	128	128	0
F6	F6_NULL_0367	128	128	0
F6	F6_NULL_0368	128	128	0
F6	F6_NULL_0369	128	128	0
F6	F6_NULL_0370	128	128	0
F6	F6_NULL_0371	128	128	0
F6	F6_NULL_0372	128	128	0
F6	F6_NULL_0373	128	128	0
F6	F6_NULL_0374	128	128	0
F6	F6_NULL_0375	128	128	0
F6	F6_NULL_0376	128	128	0
F6	F6_NULL_0377	128	128	0
F6	F6_NULL_0378	128	128	0
F6	F6_NULL_0379	128	128	0
F6	F6_NULL_0380	128	128	0
F6	F6_NULL_0381	128	128	0
F6	F6_NULL_0382	128	128	0
F6	F6_NULL_0383	128	128	0
F6	F6_NULL_0384	128	128	0
F6	F6_NULL_0385	128	128	0
F6	F6_NULL_0386	128	128	0
F6	F6_NULL_0387	128	128	0
F6	F6_NULL_0388	128	128	0
F6	F6_NULL_0389	128	128	0
F6	F6_NULL_0390	128	128	0
F6	F6_NULL_0391	128	128	0
F6	F6_NULL_0392	128	128	0
F6	F6_NULL_0393	128	128	0
F6	F6_NULL_0394	128	128	0
F6	F6_NULL_0395	128	128	0
F6	F6_NULL_0396	128	128	0
F6	F6_NULL_0397	128	128	0
F6	F6_NULL_0398	128	128	0
F6	F6_NULL_0399	128	128	0
F6	F6_NULL_0400	128	128	0
F6	F6_NULL_0401	128	128	0
F6	F6_NULL_0402	128	128	0
F6	F6_NULL_0403	128	128	0
F6	F6_NULL_0404	128	128	0
F6	F6_NULL_0405	128	128	0
F6	F6_NULL_0406	128	128	0
F6	F6_NULL_0407	128	128	0
F6	F6_NULL_0408	128	128	0
F6	F6_NULL_0409	128	128	0
F6	F6_NULL_0410	128	128	0
F6	F6_NULL_0411	128	128	0
F6	F6_NULL_0412	128	128	0
F6	F6_NULL_0413	128	128	0
F6	F6_NULL_0414	128	128	0
F6	F6_NULL_0415	128	128	0
F6	F6_NULL_0416	128	128	0
F6	F6_NULL_0417	128	128	0
F6	F6_NULL_0418	128	128	0
F6	F6_NULL_0419	128	128	0
F6	F6_NULL_0420	128	128	0
F6	F6_NULL_0421	128	128	0
F6	F6_NULL_0422	128	128	0
F6	F6_NULL_0423	128	128	0
F6	F6_NULL_0424	128	128	0
F6	F6_NULL_0425	128	128	0
F6	F6_NULL_0426	128	128	0
F6	F6_NULL_0427	128	128	0
F6	F6_NULL_0428	128	128	0
F6	F6_NULL_0429	128	128	0
F6	F6_NULL_0430	128	128	0
F6	F6_NULL_0431	128	128	0
F6	F6_NULL_0432	128	128	0
F6	F6_NULL_0433	128	128	0
F6	F6_NULL_0434	128	128	0
F6	F6_NULL_0435	128	128	0
F6	F6_NULL_0436	128	128	0
F6	F6_NULL_0437	128	128	0
F6	F6_NULL_0438	128	128	0
F6	F6_NULL_0439	128	128	0
F6	F6_NULL_0440	128	128	0
F6	F6_NULL_0441	128	128	0
F6	F6_NULL_0442	128	128	0
F6	F6_NULL_0443	128	128	0
F6	F6_NULL_0444	128	128	0
F6	F6_NULL_0445	128	128	0
F6	F6_NULL_0446	128	128	0
F6	F6_NULL_0447	128	128	0
F6	F6_NULL_0448	128	128	0
F6	F6_NULL_0449	128	128	0
F6	F6_NULL_0450	128	128	0
F6	F6_NULL_0451	128	128	0
F6	F6_NULL_0452	128	128	0
F6	F6_NULL_0453	128	128	0
F6	F6_NULL_0454	128	128	0
F6	F6_NULL_0455	128	128	0
F6	F6_NULL_0456	128	128	0
F6	F6_NULL_0457	128	128	0
F6	F6_NULL_0458	128	128	0
F6	F6_NULL_0459	128	128	0
F6	F6_NULL_0460	128	128	0
F6	F6_NULL_0461	128	128	0
F6	F6_NULL_0462	128	128	0
F6	F6_NULL_0463	128	128	0
F6	F6_NULL_0464	128	128	0
F6	F6_NULL_0465	128	128	0
F6	F6_NULL_0466	128	128	0
F6	F6_NULL_0467	128	128	0
F6	F6_NULL_0468	128	128	0
F6	F6_NULL_0469	128	128	0
F6	F6_NULL_0470	128	128	0
F6	F6_NULL_0471	128	128	0
F6	F6_NULL_0472	128	128	0
F6	F6_NULL_0473	128	128	0
F6	F6_NULL_0474	128	128	0
F6	F6_NULL_0475	128	128	0
F6	F6_NULL_0476	128	128	0
F6	F6_NULL_0477	128	128	0
F6	F6_NULL_0478	128	128	0
F6	F6_NULL_0479	128	128	0
F6	F6_NULL_0480	128	128	0
F6	F6_NULL_0481	128	128	0
F6	F6_NULL_0482	128	128	0
F6	F6_NULL_0483	128	128	0
F6	F6_NULL_0484	128	128	0
F6	F6_NULL_0485	128	128	0
F6	F6_NULL_0486	128	128	0
F6	F6_NULL_0487	128	128	0
F6	F6_NULL_0488	128	128	0
F6	F6_NULL_0489	128	128	0
F6	F6_NULL_0490	128	128	0
F6	F6_NULL_0491	128	128	0
F6	F6_NULL_0492	128	128	0
F6	F6_NULL_0493	128	128	0
F6	F6_NULL_0494	128	128	0
F6	F6_NULL_0495	128	128	0
F6	F6_NULL_0496	128	128	0
F6	F6_NULL_0497	128	128	0
F6	F6_NULL_0498	128	128	0
F6	F6_NULL_0499	128	128	0
F6	F6_NULL_0500	128	128	0
F6	F6_NULL_0501	128	128	0
F6	F6_NULL_0502	128	128	0
F6	F6_NULL_0503	128	128	0
F6	F6_NULL_0504	128	128	0
F6	F6_NULL_0505	128	128	0
F6	F6_NULL_0506	128	128	0
F6	F6_NULL_0507	128	128	0
F6	F6_NULL_0508	128	128	0
F6	F6_NULL_0509	128	128	0
F6	F6_NULL_0510	128	128	0
F6	F6_NULL_0511	128	128	0
F6	F6_NULL_0512	128	128	0
F6	F6_NULL_0513	128	128	0
F6	F6_NULL_0514	128	128	0
F6	F6_NULL_0515	128	128	0
F6	F6_NULL_0516	128	128	0
F6	F6_NULL_0517	128	128	0
F6	F6_NULL_0518	128	128	0
F6	F6_NULL_0519	128	128	0
F6	F6_NULL_0520	128	128	0
F6	F6_NULL_0521	128	128	0
F6	F6_NULL_0522	128	128	0
F6	F6_NULL_0523	128	128	0
F6	F6_NULL_0524	128	128	0
F6	F6_NULL_0525	128	128	0
F6	F6_NULL_0526	128	128	0
F6	F6_NULL_0527	128	128	0
F6	F6_NULL_0528	128	128	0
F6	F6_NULL_0529	128	128	0
F6	F6_NULL_0530	128	128	0
F6	F6_NULL_0531	128	128	0
F6	F6_NULL_0532	128	128	0
F6	F6_NULL_0533	128	128	0
F6	F6_NULL_0534	128	128	0
F6	F6_NULL_0535	128	128	0
F6	F6_NULL_0536	128	128	0
F6	F6_NULL_0537	128	128	0
F6	F6_NULL_0538	128	128	0
F6	F6_NULL_0539	128	128	0
F6	F6_NULL_0540	128	128	0
F6	F6_NULL_0541	128	128	0
F6	F6_NULL_0542	128	128	0
F6	F6_NULL_0543	128	128	0
F6	F6_NULL_0544	128	128	0
F6	F6_NULL_0545	128	128	0
F6	F6_NULL_0546	128	128	0
F6	F6_NULL_0547	128	128	0
F6	F6_NULL_0548	128	128	0
F6	F6_NULL_0549	128	128	0
F6	F6_NULL_0550	128	128	0
F6	F6_NULL_0551	128	128	0
F6	F6_NULL_0552	128	128	0
F6	F6_NULL_0553	128	128	0
F6	F6_NULL_0554	128	128	0
F6	F6_NULL_0555	128	128	0
F6	F6_NULL_0556	128	128	0
F6	F6_NULL_0557	128	128	0
F6	F6_NULL_0558	128	128	0
F6	F6_NULL_0559	128	128	0
F6	F6_NULL_0560	128	128	0
F6	F6_NULL_0561	128	128	0
F6	F6_NULL_0562	128	128	0
F6	F6_NULL_0563	128	128	0
F6	F6_NULL_0564	128	128	0
F6	F6_NULL_0565	128	128	0
F6	F6_NULL_0566	128	128	0
F6	F6_NULL_0567	128	128	0
F6	F6_NULL_0568	128	128	0
F6	F6_NULL_0569	128	128	0
F6	F6_NULL_0570	128	128	0
F6	F6_NULL_0571	128	128	0
F6	F6_NULL_0572	128	128	0
F6	F6_NULL_0573	128	128	0
F6	F6_NULL_0574	128	128	0
F6	F6_NULL_0575	128	128	0
F6	F6_NULL_0576	128	128	0
F6	F6_NULL_0577	128	128	0
F6	F6_NULL_0578	128	128	0
F6	F6_NULL_0579	128	128	0
F6	F6_NULL_0580	128	128	0
F6	F6_NULL_0581	128	128	0
F6	F6_NULL_0582	128	128	0
F6	F6_NULL_0583	128	128	0
F6	F6_NULL_0584	128	128	0
F6	F6_NULL_0585	128	128	0
F6	F6_NULL_0586	128	128	0
F6	F6_NULL_0587	128	128	0
F6	F6_NULL_0588	128	128	0
F6	F6_NULL_0589	128	128	0
F6	F6_NULL_0590	128	128	0
F6	F6_NULL_0591	128	128	0
F6	F6_NULL_0592	128	128	0
F6	F6_NULL_0593	128	128	0
F6	F6_NULL_0594	128	128	0
F6	F6_NULL_0595	128	128	0
F6	F6_NULL_0596	128	128	0
F6	F6_NULL_0597	128	128	0
F6	F6_NULL_0598	128	128	0
F6	F6_NULL_0599	128	128	0
F6	F6_NULL_0600	128	128	0
F6	F6_NULL_0601	128	128	0
F6	F6_NULL_0602	128	128	0
F6	F6_NULL_0603	128	128	0
F6	F6_NULL_0604	128	128	0
F6	F6_NULL_0605	128	128	0
F6	F6_NULL_0606	128	128	0
F6	F6_NULL_0607	128	128	0
F6	F6_NULL_0608	128	128	0
F6	F6_NULL_0609	128	128	0
F6	F6_NULL_0610	128	128	0
F6	F6_NULL_0611	128	128	0
F6	F6_NULL_0612	128	128	0
F6	F6_NULL_0613	128	128	0
F6	F6_NULL_0614	128	128	0
F6	F6_NULL_0615	128	128	0
F6	F6_NULL_0616	128	128	0
F6	F6_NULL_0617	128	128	0
F6	F6_NULL_0618	128	128	0
F6	F6_NULL_0619	128	128	0
F6	F6_NULL_0620	128	128	0
F6	F6_NULL_0621	128	128	0
F6	F6_NULL_0622	128	128	0
F6	F6_NULL_0623	128	128	0
F6	F6_NULL_0624	128	128	0
F6	F6_NULL_0625	128	128	0
F6	F6_NULL_0626	128	128	0
F6	F6_NULL_0627	128	128	0
F6	F6_NULL_0628	128	128	0
F6	F6_NULL_0629	128	128	0
F6	F6_NULL_0630	128	128	0
F6	F6_NULL_0631	128	128	0
F6	F6_NULL_0632	128	128	0
F6	F6_NULL_0633	128	128	0
F6	F6_NULL_0634	128	128	0
F6	F6_NULL_0635	128	128	0
F6	F6_NULL_0636	128	128	0
F6	F6_NULL_0637	128	128	0
F6	F6_NULL_0638	128	128	0
F6	F6_NULL_0639	128	128	0
F6	F6_NULL_0640	128	128	0
F6	F6_NULL_0641	128	128	0
F6	F6_NULL_0642	128	128	0
F6	F6_NULL_0643	128	128	0
F6	F6_NULL_0644	128	128	0
F6	F6_NULL_0645	128	128	0
F6	F6_NULL_0646	128	128	0
F6	F6_NULL_0647	128	128	0
F6	F6_NULL_0648	128	128	0
F6	F6_NULL_0649	128	128	0
F6	F6_NULL_0650	128	128	0
F6	F6_NULL_0651	128	128	0
F6	F6_NULL_0652	128	128	0
F6	F6_NULL_0653	128	128	0
F6	F6_NULL_0654	128	128	0
F6	F6_NULL_0655	128	128	0
F6	F6_NULL_0656	128	128	0
F6	F6_NULL_0657	128	128	0
F6	F6_NULL_0658	128	128	0
F6	F6_NULL_0659	128	128	0
F6	F6_NULL_0660	128	128	0
F6	F6_NULL_0661	128	128	0
F6	F6_NULL_0662	128	128	0
F6	F6_NULL_0663	128	128	0
F6	F6_NULL_0664	128	128	0
F6	F6_NULL_0665	128	128	0
F6	F6_NULL_0666	128	128	0
F6	F6_NULL_0667	128	128	0
F6	F6_NULL_0668	128	128	0
F6	F6_NULL_0669	128	128	0
F6	F6_NULL_0670	128	128	0
F6	F6_NULL_0671	128	128	0
F6	F6_NULL_0672	128	128	0
F6	F6_NULL_0673	128	128	0
F6	F6_NULL_0674	128	128	0
F6	F6_NULL_0675	128	128	0
F6	F6_NULL_0676	128	128	0
F6	F6_NULL_0677	128	128	0
F6	F6_NULL_0678	128	128	0
F6	F6_NULL_0679	128	128	0
F6	F6_NULL_0680	128	128	0
F6	F6_NULL_0681	128	128	0
F6	F6_NULL_0682	128	128	0
F6	F6_NULL_0683	128	128	0
F6	F6_NULL_0684	128	128	0
F6	F6_NULL_0685	128	128	0
F6	F6_NULL_0686	128	128	0
F6	F6_NULL_0687	128	128	0
F6	F6_NULL_0688	128	128	0
F6	F6_NULL_0689	128	128	0
F6	F6_NULL_0690	128	128	0
F6	F6_NULL_0691	128	128	0
F6	F6_NULL_0692	128	128	0
F6	F6_NULL_0693	128	128	0
F6	F6_NULL_0694	128	128	0
F6	F6_NULL_0695	128	128	0
F6	F6_NULL_0696	128	128	0
F6	F6_NULL_0697	128	128	0
F6	F6_NULL_0698	128	128	0
F6	F6_NULL_0699	128	128	0
F6	F6_NULL_0700	128	128	0
F6	F6_NULL_0701	128	128	0
F6	F6_NULL_0702	128	128	0
F6	F6_NULL_0703	128	128	0
F6	F6_NULL_0704	128	128	0
F6	F6_NULL_0705	128	128	0
F6	F6_NULL_0706	128	128	0
F6	F6_NULL_0707	128	128	0
F6	F6_NULL_0708	128	128	0
F6	F6_NULL_0709	128	128	0
F6	F6_NULL_0710	128	128	0
F6	F6_NULL_0711	128	128	0
F6	F6_NULL_0712	128	128	0
F6	F6_NULL_0713	128	128	0
F6	F6_NULL_0714	128	128	0
F6	F6_NULL_0715	128	128	0
F6	F6_NULL_0716	128	128	0
F6	F6_NULL_0717	128	128	0
F6	F6_NULL_0718	128	128	0
F6	F6_NULL_0719	128	128	0
F6	F6_NULL_0720	128	128	0
F6	F6_NULL_0721	128	128	0
F6	F6_NULL_0722	128	128	0
F6	F6_NULL_0723	128	128	0
F6	F6_NULL_0724	128	128	0
F6	F6_NULL_0725	128	128	0
F6	F6_NULL_0726	128	128	0
F6	F6_NULL_0727	128	128	0
F6	F6_NULL_0728	128	128	0
F6	F6_NULL_0729	128	128	0
F6	F6_NULL_0730	128	128	0
F6	F6_NULL_0731	128	128	0
F6	F6_NULL_0732	128	128	0
F6	F6_NULL_0733	128	128	0
F6	F6_NULL_0734	128	128	0
F6	F6_NULL_0735	128	128	0
F6	F6_NULL_0736	128	128	0
F6	F6_NULL_0737	128	128	0
F6	F6_NULL_0738	128	128	0
F6	F6_NULL_0739	128	128	0
F6	F6_NULL_0740	128	128	0
F6	F6_NULL_0741	128	128	0
F6	F6_NULL_0742	128	128	0
F6	F6_NULL_0743	128	128	0
F6	F6_NULL_0744	128	128	0
F6	F6_NULL_0745	128	128	0
F6	F6_NULL_0746	128	128	0
F6	F6_NULL_0747	128	128	0
F6	F6_NULL_0748	128	128	0
F6	F6_NULL_0749	128	128	0
F6	F6_NULL_0750	128	128	0
F6	F6_NULL_0751	128	128	0
F6	F6_NULL_0752	128	128	0
F6	F6_NULL_0753	128	128	0
F6	F6_NULL_0754	128	128	0
F6	F6_NULL_0755	128	128	0
F6	F6_NULL_0756	128	128	0
F6	F6_NULL_0757	128	128	0
F6	F6_NULL_0758	128	128	0
F6	F6_NULL_0759	128	128	0
F6	F6_NULL_0760	128	128	0
F6	F6_NULL_0761	128	128	0
F6	F6_NULL_0762	128	128	0
F6	F6_NULL_0763	128	128	0
F6	F6_NULL_0764	128	128	0
F6	F6_NULL_0765	128	128	0
F6	F6_NULL_0766	128	128	0
F6	F6_NULL_0767	128	128	0
F6	F6_NULL_0768	128	128	0
F6	F6_NULL_0769	128	128	0
F6	F6_NULL_0770	128	128	0
F6	F6_NULL_0771	128	128	0
F6	F6_NULL_0772	128	128	0
F6	F6_NULL_0773	128	128	0
F6	F6_NULL_0774	128	128	0
F6	F6_NULL_0775	128	128	0
F6	F6_NULL_0776	128	128	0
F6	F6_NULL_0777	128	128	0
F6	F6_NULL_0778	128	128	0
F6	F6_NULL_0779	128	128	0
F6	F6_NULL_0780	128	128	0
F6	F6_NULL_0781	128	128	0
F6	F6_NULL_0782	128	128	0
F6	F6_NULL_0783	128	128	0
F6	F6_NULL_0784	128	128	0
F6	F6_NULL_0785	128	128	0
F6	F6_NULL_0786	128	128	0
F6	F6_NULL_0787	128	128	0
F6	F6_NULL_0788	128	128	0
F6	F6_NULL_0789	128	128	0
F6	F6_NULL_0790	128	128	0
F6	F6_NULL_0791	128	128	0
F6	F6_NULL_0792	128	128	0
F6	F6_NULL_0793	128	128	0
F6	F6_NULL_0794	128	128	0
F6	F6_NULL_0795	128	128	0
F6	F6_NULL_0796	128	128	0
F6	F6_NULL_0797	128	128	0
F6	F6_NULL_0798	128	128	0
F6	F6_NULL_0799	128	128	0
F6	F6_NULL_0800	128	128	0
F6	F6_NULL_0801	128	128	0
F6	F6_NULL_0802	128	128	0
F6	F6_NULL_0803	128	128	0
F6	F6_NULL_0804	128	128	0
F6	F6_NULL_0805	128	128	0
F6	F6_NULL_0806	128	128	0
F6	F6_NULL_0807	128	128	0
F6	F6_NULL_0808	128	128	0
F6	F6_NULL_0809	128	128	0
F6	F6_NULL_0810	128	128	0
F6	F6_NULL_0811	128	128	0
F6	F6_NULL_0812	128	128	0
F6	F6_NULL_0813	128	128	0
F6	F6_NULL_0814	128	128	0
F6	F6_NULL_0815	128	128	0
F6	F6_NULL_0816	128	128	0
F6	F6_NULL_0817	128	128	0
F6	F6_NULL_0818	128	128	0
F6	F6_NULL_0819	128	128	0
F6	F6_NULL_0820	128	128	0
F6	F6_NULL_0821	128	128	0
F6	F6_NULL_0822	128	128	0
F6	F6_NULL_0823	128	128	0
F6	F6_NULL_0824	128	128	0
F6	F6_NULL_0825	128	128	0
F6	F6_NULL_0826	128	128	0
F6	F6_NULL_0827	128	128	0
F6	F6_NULL_0828	128	128	0
F6	F6_NULL_0829	128	128	0
F6	F6_NULL_0830	128	128	0
F6	F6_NULL_0831	128	128	0
F6	F6_NULL_0832	128	128	0
F6	F6_NULL_0833	128	128	0
F6	F6_NULL_0834	128	128	0
F6	F6_NULL_0835	128	128	0
F6	F6_NULL_0836	128	128	0
F6	F6_NULL_0837	128	128	0
F6	F6_NULL_0838	128	128	0
F6	F6_NULL_0839	128	128	0
F6	F6_NULL_0840	128	128	0
F6	F6_NULL_0841	128	128	0
F6	F6_NULL_0842	128	128	0
F6	F6_NULL_0843	128	128	0
F6	F6_NULL_0844	128	128	0
F6	F6_NULL_0845	128	128	0
F6	F6_NULL_0846	128	128	0
F6	F6_NULL_0847	128	128	0
F6	F6_NULL_0848	128	128	0
F6	F6_NULL_0849	128	128	0
F6	F6_NULL_0850	128	128	0
F6	F6_NULL_0851	128	128	0
F6	F6_NULL_0852	128	128	0
F6	F6_NULL_0853	128	128	0
F6	F6_NULL_0854	128	128	0
F6	F6_NULL_0855	128	128	0
F6	F6_NULL_0856	128	128	0
F6	F6_NULL_0857	128	128	0
F6	F6_NULL_0858	128	128	0
F6	F6_NULL_0859	128	128	0
F6	F6_NULL_0860	128	128	0
F6	F6_NULL_0861	128	128	0
F6	F6_NULL_0862	128	128	0
F6	F6_NULL_0863	128	128	0
F6	F6_NULL_0864	128	128	0
F6	F6_NULL_0865	128	128	0
F6	F6_NULL_0866	128	128	0
F6	F6_NULL_0867	128	128	0
F6	F6_NULL_0868	128	128	0
F6	F6_NULL_0869	128	128	0
F6	F6_NULL_0870	128	128	0
F6	F6_NULL_0871	128	128	0
F6	F6_NULL_0872	128	128	0
F6	F6_NULL_0873	128	128	0
F6	F6_NULL_0874	128	128	0
F6	F6_NULL_0875	128	128	0
F6	F6_NULL_0876	128	128	0
F6	F6_NULL_0877	128	128	0
F6	F6_NULL_0878	128	128	0
F6	F6_NULL_0879	128	128	0
F6	F6_NULL_0880	128	128	0
F6	F6_NULL_0881	128	128	0
F6	F6_NULL_0882	128	128	0
F6	F6_NULL_0883	128	128	0
F6	F6_NULL_0884	128	128	0
F6	F6_NULL_0885	128	128	0
F6	F6_NULL_0886	128	128	0
F6	F6_NULL_0887	128	128	0
F6	F6_NULL_0888	128	128	0
F6	F6_NULL_0889	128	128	0
F6	F6_NULL_0890	128	128	0
F6	F6_NULL_0891	128	128	0
F6	F6_NULL_0892	128	128	0
F6	F6_NULL_0893	128	128	0
F6	F6_NULL_0894	128	128	0
F6	F6_NULL_0895	128	128	0
F6	F6_NULL_0896	128	128	0
F6	F6_NULL_0897	128	128	0
F6	F6_NULL_0898	128	128	0
F6	F6_NULL_0899	128	128	0
F6	F6_NULL_0900	128	128	0
F6	F6_NULL_0901	128	128	0
F6	F6_NULL_0902	128	128	0
F6	F6_NULL_0903	128	128	0
F6	F6_NULL_0904	128	128	0
F6	F6_NULL_0905	128	128	0
F6	F6_NULL_0906	128	128	0
F6	F6_NULL_0907	128	128	0
F6	F6_NULL_0908	128	128	0
F6	F6_NULL_0909	128	128	0
F6	F6_NULL_0910	128	128	0
F6	F6_NULL_0911	128	128	0
F6	F6_NULL_0912	128	128	0
F6	F6_NULL_0913	128	128	0
F6	F6_NULL_0914	128	128	0
F6	F6_NULL_0915	128	128	0
F6	F6_NULL_0916	128	128	0
F6	F6_NULL_0917	128	128	0
F6	F6_NULL_0918	128	128	0
F6	F6_NULL_0919	128	128	0
F6	F6_NULL_0920	128	128	0
F6	F6_NULL_0921	128	128	0
F6	F6_NULL_0922	128	128	0
F6	F6_NULL_0923	128	128	0
F6	F6_NULL_0924	128	128	0
F6	F6_NULL_0925	128	128	0
F6	F6_NULL_0926	128	128	0
F6	F6_NULL_0927	128	128	0
F6	F6_NULL_0928	128	128	0
F6	F6_NULL_0929	128	128	0
F6	F6_NULL_0930	128	128	0
F6	F6_NULL_0931	128	128	0
F6	F6_NULL_0932	128	128	0
F6	F6_NULL_0933	128	128	0
F6	F6_NULL_0934	128	128	0
F6	F6_NULL_0935	128	128	0
F6	F6_NULL_0936	128	128	0
F6	F6_NULL_0937	128	128	0
F6	F6_NULL_0938	128	128	0
F6	F6_NULL_0939	128	128	0
F6	F6_NULL_0940	128	128	0
F6	F6_NULL_0941	128	128	0
F6	F6_NULL_0942	128	128	0
F6	F6_NULL_0943	128	128	0
F6	F6_NULL_0944	128	128	0
F6	F6_NULL_0945	128	128	0
F6	F6_NULL_0946	128	128	0
F6	F6_NULL_0947	128	128	0
F6	F6_NULL_0948	128	128	0
F6	F6_NULL_0949	128	128	0
F6	F6_NULL_0950	128	128	0
F6	F6_NULL_0951	128	128	0
F6	F6_NULL_0952	128	128	0
F6	F6_NULL_0953	128	128	0
F6	F6_NULL_0954	128	128	0
F6	F6_NULL_0955	128	128	0
F6	F6_NULL_0956	128	128	0
F6	F6_NULL_0957	128	128	0
F6	F6_NULL_0958	128	128	0
F6	F6_NULL_0959	128	128	0
F6	F6_NULL_0960	128	128	0
F6	F6_NULL_0961	128	128	0
F6	F6_NULL_0962	128	128	0
F6	F6_NULL_0963	128	128	0
F6	F6_NULL_0964	128	128	0
F6	F6_NULL_0965	128	128	0
F6	F6_NULL_0966	128	128	0
F6	F6_NULL_0967	128	128	0
F6	F6_NULL_0968	128	128	0
F6	F6_NULL_0969	128	128	0
F6	F6_NULL_0970	128	128	0
F6	F6_NULL_0971	128	128	0
F6	F6_NULL_0972	128	128	0
F6	F6_NULL_0973	128	128	0
F6	F6_NULL_0974	128	128	0
F6	F6_NULL_0975	128	128	0
F6	F6_NULL_0976	128	128	0
F6	F6_NULL_0977	128	128	0
F6	F6_NULL_0978	128	128	0
F6	F6_NULL_0979	128	128	0
F6	F6_NULL_0980	128	128	0
F6	F6_NULL_0981	128	128	0
F6	F6_NULL_0982	128	128	0
F6	F6_NULL_0983	128	128	0
F6	F6_NULL_0984	128	128	0
F6	F6_NULL_0985	128	128	0
F6	F6_NULL_0986	128	128	0
F6	F6_NULL_0987	128	128	0
F6	F6_NULL_0988	128	128	0
F6	F6_NULL_0989	128	128	0
F6	F6_NULL_0990	128	128	0
F6	F6_NULL_0991	128	128	0
F6	F6_NULL_0992	128	128	0
F6	F6_NULL_0993	128	128	0
F6	F6_NULL_0994	128	128	0
F6	F6_NULL_0995	128	128	0
F6	F6_NULL_0996	128	128	0
F6	F6_NULL_0997	128	128	0
F6	F6_NULL_0998	128	128	0
F6	F6_NULL_0999	128	128	0
F6	F6_NULL_1000	128	128	0
F6	F6_NULL_1001	128	128	0
F6	F6_NULL_1002	128	128	0
F6	F6_NULL_1003	128	128	0
F6	F6_NULL_1004	128	128	0
F6	F6_NULL_1005	128	128	0
F6	F6_NULL_1006	128	128	0
F6	F6_NULL_1007	128	128	0
F6	F6_NULL_1008	128	128	0
F6	F6_NULL_1009	128	128	0
F6	F6_NULL_1010	128	128	0
F6	F6_NULL_1011	128	128	0
F6	F6_NULL_1012	128	128	0
F6	F6_NULL_1013	128	128	0
F6	F6_NULL_1014	128	128	0
F6	F6_NULL_1015	128	128	0
F6	F6_NULL_1016	128	128	0
F6	F6_NULL_1017	128	128	0
F6	F6_NULL_1018	128	128	0
F6	F6_NULL_1019	128	128	0
F6	F6_NULL_1020	128	128	0
F6	F6_NULL_1021	128	128	0
F6	F6_NULL_1022	128	128	0
F6	F6_NULL_1023	128	128	0
F6	F6_NULL_1024	128	128	0
F6	F6_NULL_1025	128	128	0
F6	F6_NULL_1026	128	128	0
F6	F6_NULL_1027	128	128	0
F6	F6_NULL_1028	128	128	0
F6	F6_NULL_1029	128	128	0
F6	F6_NULL_1030	128	128	0
F6	F6_NULL_1031	128	128	0
F6	F6_NULL_1032	128	128	0
F6	F6_NULL_1033	128	128	0
F6	F6_NULL_1034	128	128	0
F6	F6_NULL_1035	128	128	0
F6	F6_NULL_1036	128	128	0
F6	F6_NULL_1037	128	128	0
F6	F6_NULL_1038	128	128	0
F6	F6_NULL_1039	128	128	0
F6	F6_NULL_1040	128	128	0
F6	F6_NULL_1041	128	128	0
F6	F6_NULL_1042	128	128	0
F6	F6_NULL_1043	128	128	0
F6	F6_NULL_1044	128	128	0
F6	F6_NULL_1045	128	128	0
F6	F6_NULL_1046	128	128	0
F6	F6_NULL_1047	128	128	0
F6	F6_NULL_1048	128	128	0
F6	F6_NULL_1049	128	128	0
F6	F6_NULL_1050	128	128	0
F6	F6_NULL_1051	128	128	0
F6	F6_NULL_1052	128	128	0
F6	F6_NULL_1053	128	128	0
F6	F6_NULL_1054	128	128	0
F6	F6_NULL_1055	128	128	0
F6	F6_NULL_1056	128	128	0
F6	F6_NULL_1057	128	128	0
F6	F6_NULL_1058	128	128	0
F6	F6_NULL_1059	128	128	0
F6	F6_NULL_1060	128	128	0
F6	F6_NULL_1061	128	128	0
F6	F6_NULL_1062	128	128	0
F6	F6_NULL_1063	128	128	0
F6	F6_NULL_1064	128	128	0
F6	F6_NULL_1065	128	128	0
F6	F6_NULL_1066	128	128	0
F6	F6_NULL_1067	128	128	0
F6	F6_NULL_1068	128	128	0
F6	F6_NULL_1069	128	128	0
F6	F6_NULL_1070	128	128	0
F6	F6_NULL_1071	128	128	0
F6	F6_NULL_1072	128	128	0
F6	F6_NULL_1073	128	128	0
F6	F6_NULL_1074	128	128	0
F6	F6_NULL_1075	128	128	0
F6	F6_NULL_1076	128	128	0
F6	F6_NULL_1077	128	128	0
F6	F6_NULL_1078	128	128	0
F6	F6_NULL_1079	128	128	0
F6	F6_NULL_1080	128	128	0
F6	F6_NULL_1081	128	128	0
F6	F6_NULL_1082	128	128	0
F6	F6_NULL_1083	128	128	0
F6	F6_NULL_1084	128	128	0
F6	F6_NULL_1085	128	128	0
F6	F6_NULL_1086	128	128	0
F6	F6_NULL_1087	128	128	0
F6	F6_NULL_1088	128	128	0
F6	F6_NULL_1089	128	128	0
F6	F6_NULL_1090	128	128	0
F6	F6_NULL_1091	128	128	0
F6	F6_NULL_1092	128	128	0
F6	F6_NULL_1093	128	128	0
F6	F6_NULL_1094	128	128	0
F6	F6_NULL_1095	128	128	0
F6	F6_NULL_1096	128	128	0
F6	F6_NULL_1097	128	128	0
F6	F6_NULL_1098	128	128	0
F6	F6_NULL_1099	128	128	0
F6	F6_NULL_1100	128	128	0
F6	F6_NULL_1101	128	128	0
F6	F6_NULL_1102	128	128	0
F6	F6_NULL_1103	128	128	0
F6	F6_NULL_1104	128	128	0
F6	F6_NULL_1105	128	128	0
F6	F6_NULL_1106	128	128	0
F6	F6_NULL_1107	128	128	0
F6	F6_NULL_1108	128	128	0
F6	F6_NULL_1109	128	128	0
F6	F6_NULL_1110	128	128	0
F6	F6_NULL_1111	128	128	0
F6	F6_NULL_1112	128	128	0
F6	F6_NULL_1113	128	128	0
F6	F6_NULL_1114	128	128	0
F6	F6_NULL_1115	128	128	0
F6	F6_NULL_1116	128	128	0
F6	F6_NULL_1117	128	128	0
F6	F6_NULL_1118	128	128	0
F6	F6_NULL_1119	128	128	0
F6	F6_NULL_1120	128	128	0
F6	F6_NULL_1121	128	128	0
F6	F6_NULL_1122	128	128	0
F6	F6_NULL_1123	128	128	0
F6	F6_NULL_1124	128	128	0
F6	F6_NULL_1125	128	128	0
F6	F6_NULL_1126	128	128	0
F6	F6_NULL_1127	128	128	0
F6	F6_NULL_1128	128	128	0
F6	F6_NULL_1129	128	128	0
F6	F6_NULL_1130	128	128	0
F6	F6_NULL_1131	128	128	0
F6	F6_NULL_1132	128	128	0
F6	F6_NULL_1133	128	128	0
F6	F6_NULL_1134	128	128	0
F6	F6_NULL_1135	128	128	0
F6	F6_NULL_1136	128	128	0
F6	F6_NULL_1137	128	128	0
F6	F6_NULL_1138	128	128	0
F6	F6_NULL_1139	128	128	0
F6	F6_NULL_1140	128	128	0
F6	F6_NULL_1141	128	128	0
F6	F6_NULL_1142	128	128	0
F6	F6_NULL_1143	128	128	0
F6	F6_NULL_1144	128	128	0
F6	F6_NULL_1145	128	128	0
F6	F6_NULL_1146	128	128	0
F6	F6_NULL_1147	128	128	0
F6	F6_NULL_1148	128	128	0
F6	F6_NULL_1149	128	128	0
F6	F6_NULL_1150	128	128	0
F6	F6_NULL_1151	128	128	0
F6	F6_NULL_1152	128	128	0
F6	F6_NULL_1153	128	128	0
F6	F6_NULL_1154	128	128	0
F6	F6_NULL_1155	128	128	0
F6	F6_NULL_1156	128	128	0
F6	F6_NULL_1157	128	128	0
F6	F6_NULL_1158	128	128	0
F6	F6_NULL_1159	128	128	0
F6	F6_NULL_1160	128	128	0
F6	F6_NULL_1161	128	128	0
F6	F6_NULL_1162	128	128	0
F6	F6_NULL_1163	128	128	0
F6	F6_NULL_1164	128	128	0
F6	F6_NULL_1165	128	128	0
F6	F6_NULL_1166	128	128	0
F6	F6_NULL_1167	128	128	0
F6	F6_NULL_1168	128	128	0
F6	F6_NULL_1169	128	128	0
F6	F6_NULL_1170	128	128	0
F6	F6_NULL_1171	128	128	0
F6	F6_NULL_1172	128	128	0
F6	F6_NULL_1173	128	128	0
F6	F6_NULL_1174	128	128	0
F6	F6_NULL_1175	128	128	0
F6	F6_NULL_1176	128	128	0
F6	F6_NULL_1177	128	128	0
F6	F6_NULL_1178	128	128	0
F6	F6_NULL_1179	128	128	0
F6	F6_NULL_1180	128	128	0
F6	F6_NULL_1181	128	128	0
F6	F6_NULL_1182	128	128	0
F6	F6_NULL_1183	128	128	0
F6	F6_NULL_1184	128	128	0
F6	F6_NULL_1185	128	128	0
F6	F6_NULL_1186	128	128	0
F6	F6_NULL_1187	128	128	0
F6	F6_NULL_1188	128	128	0
F6	F6_NULL_1189	128	128	0
F6	F6_NULL_1190	128	128	0
F6	F6_NULL_1191	128	128	0
F6	F6_NULL_1192	128	128	0
F6	F6_NULL_1193	128	128	0
F6	F6_NULL_1194	128	128	0
F6	F6_NULL_1195	128	128	0
F6	F6_NULL_1196	128	128	0
F6	F6_NULL_1197	128	128	0
F6	F6_NULL_1198	128	128	0
F6	F6_NULL_1199	128	128	0
F6	F6_NULL_1200	128	128	0
F6	F6_NULL_1201	128	128	0
F6	F6_NULL_1202	128	128	0
F6	F6_NULL_1203	128	128	0
F6	F6_NULL_1204	128	128	0
F6	F6_NULL_1205	128	128	0
F6	F6_NULL_1206	128	128	0
F6	F6_NULL_1207	128	128	0
F6	F6_NULL_1208	128	128	0
F6	F6_NULL_1209	128	128	0
F6	F6_NULL_1210	128	128	0
F6	F6_NULL_1211	128	128	0
F6	F6_NULL_1212	128	128	0
F6	F6_NULL_1213	128	128	0
F6	F6_NULL_1214	128	128	0
F6	F6_NULL_1215	128	128	0
F6	F6_NULL_1216	128	128	0
F6	F6_NULL_1217	128	128	0
F6	F6_NULL_1218	128	128	0
F6	F6_NULL_1219	128	128	0
F6	F6_NULL_1220	128	128	0
F6	F6_NULL_1221	128	128	0
F6	F6_NULL_1222	128	128	0
F6	F6_NULL_1223	128	128	0
F6	F6_NULL_1224	128	128	0
F6	F6_NULL_1225	128	128	0
F6	F6_NULL_1226	128	128	0
F6	F6_NULL_1227	128	128	0
F6	F6_NULL_1228	128	128	0
F6	F6_NULL_1229	128	128	0
F6	F6_NULL_1230	128	128	0
F6	F6_NULL_1231	128	128	0
F6	F6_NULL_1232	128	128	0
F6	F6_NULL_1233	128	128	0
F6	F6_NULL_1234	128	128	0
F6	F6_NULL_1235	128	128	0
F6	F6_NULL_1236	128	128	0
F6	F6_NULL_1237	128	128	0
F6	F6_NULL_1238	128	128	0
F6	F6_NULL_1239	128	128	0
F6	F6_NULL_1240	128	128	0
F6	F6_NULL_1241	128	128	0
F6	F6_NULL_1242	128	128	0
F6	F6_NULL_1243	128	128	0
F6	F6_NULL_1244	128	128	0
F6	F6_NULL_1245	128	128	0
F6	F6_NULL_1246	128	128	0
F6	F6_NULL_1247	128	128	0
F6	F6_NULL_1248	128	128	0
F6	F6_NULL_1249	128	128	0
F6	F6_NULL_1250	128	128	0
F6	F6_NULL_1251	128	128	0
F6	F6_NULL_1252	128	128	0
F6	F6_NULL_1253	128	128	0
F6	F6_NULL_1254	128	128	0
F6	F6_NULL_1255	128	128	0
F6	F6_NULL_1256	128	128	0
F6	F6_NULL_1257	128	128	0
F6	F6_NULL_1258	128	128	0
F6	F6_NULL_1259	128	128	0
F6	F6_NULL_1260	128	128	0
F6	F6_NULL_1261	128	128	0
F6	F6_NULL_1262	128	128	0
F6	F6_NULL_1263	128	128	0
F6	F6_NULL_1264	128	128	0
F6	F6_NULL_1265	128	128	0
F6	F6_NULL_1266	128	128	0
F6	F6_NULL_1267	128	128	0
F6	F6_NULL_1268	128	128	0
F6	F6_NULL_1269	128	128	0
F6	F6_NULL_1270	128	128	0
F6	F6_NULL_1271	128	128	0
F6	F6_NULL_1272	128	128	0
F6	F6_NULL_1273	128	128	0
F6	F6_NULL_1274	128	128	0
F6	F6_NULL_1275	128	128	0
F6	F6_NULL_1276	128	128	0
F6	F6_NULL_1277	128	128	0
F6	F6_NULL_1278	128	128	0
F6	F6_NULL_1279	128	128	0
F6	F6_NULL_1280	128	128	0
F6	F6_NULL_1281	128	128	0
F6	F6_NULL_1282	128	128	0
F6	F6_NULL_1283	128	128	0
F6	F6_NULL_1284	128	128	0
F6	F6_NULL_1285	128	128	0
F6	F6_NULL_1286	128	128	0
F6	F6_NULL_1287	128	128	0
F6	F6_NULL_1288	128	128	0
F6	F6_NULL_1289	128	128	0
F6	F6_NULL_1290	128	128	0
F6	F6_NULL_1291	128	128	0
F6	F6_NULL_1292	128	128	0
F6	F6_NULL_1293	128	128	0
F6	F6_NULL_1294	128	128	0
F6	F6_NULL_1295	128	128	0
F6	F6_NULL_1296	128	128	0
F6	F6_NULL_1297	128	128	0
F6	F6_NULL_1298	128	128	0
F6	F6_NULL_1299	128	128	0
F6	F6_NULL_1300	128	128	0
F6	F6_NULL_1301	128	128	0
F6	F6_NULL_1302	128	128	0
F6	F6_NULL_1303	128	128	0
F6	F6_NULL_1304	128	128	0
F6	F6_NULL_1305	128	128	0
F6	F6_NULL_1306	128	128	0
F6	F6_NULL_1307	128	128	0
F6	F6_NULL_1308	128	128	0
F6	F6_NULL_1309	128	128	0
F6	F6_NULL_1310	128	128	0
F6	F6_NULL_1311	128	128	0
F6	F6_NULL_1312	128	128	0
F6	F6_NULL_1313	128	128	0
F6	F6_NULL_1314	128	128	0
F6	F6_NULL_1315	128	128	0
F6	F6_NULL_1316	128	128	0
F6	F6_NULL_1317	128	128	0
F6	F6_NULL_1318	128	128	0
F6	F6_NULL_1319	128	128	0
F6	F6_NULL_1320	128	128	0
F6	F6_NULL_1321	128	128	0
F6	F6_NULL_1322	128	128	0
F6	F6_NULL_1323	128	128	0
F6	F6_NULL_1324	128	128	0
F6	F6_NULL_1325	128	128	0
F6	F6_NULL_1326	128	128	0
F6	F6_NULL_1327	128	128	0
F6	F6_NULL_1328	128	128	0
F6	F6_NULL_1329	128	128	0
F6	F6_NULL_1330	128	128	0
F6	F6_NULL_1331	128	128	0
F6	F6_NULL_1332	128	128	0
F6	F6_NULL_1333	128	128	0
F6	F6_NULL_1334	128	128	0
F6	F6_NULL_1335	128	128	0
F6	F6_NULL_1336	128	128	0
F6	F6_NULL_1337	128	128	0
F6	F6_NULL_1338	128	128	0
F6	F6_NULL_1339	128	128	0
F6	F6_NULL_1340	128	128	0
F6	F6_NULL_1341	128	128	0
F6	F6_NULL_1342	128	128	0
F6	F6_NULL_1343	128	128	0
F6	F6_NULL_1344	128	128	0
F6	F6_NULL_1345	128	128	0
F6	F6_NULL_1346	128	128	0
F6	F6_NULL_1347	128	128	0
F6	F6_NULL_1348	128	128	0
F6	F6_NULL_1349	128	128	0
F6	F6_NULL_1350	128	128	0
F6	F6_NULL_1351	128	128	0
F6	F6_NULL_1352	128	128	0
F6	F6_NULL_1353	128	128	0
F6	F6_NULL_1354	128	128	0
F6	F6_NULL_1355	128	128	0
F6	F6_NULL_1356	128	128	0
F6	F6_NULL_1357	128	128	0
F6	F6_NULL_1358	128	128	0
F6	F6_NULL_1359	128	128	0
F6	F6_NULL_1360	128	128	0
F6	F6_NULL_1361	128	128	0
F6	F6_NULL_1362	128	128	0
F6	F6_NULL_1363	128	128	0
F6	F6_NULL_1364	128	128	0
F6	F6_NULL_1365	128	128	0
F6	F6_NULL_1366	128	128	0
F6	F6_NULL_1367	128	128	0
F6	F6_NULL_1368	128	128	0
F6	F6_NULL_1369	128	128	0
F6	F6_NULL_1370	128	128	0
F6	F6_NULL_1371	128	128	0
F6	F6_NULL_1372	128	128	0
F6	F6_NULL_1373	128	128	0
F6	F6_NULL_1374	128	128	0
F6	F6_NULL_1375	128	128	0
F6	F6_NULL_1376	128	128	0
F6	F6_NULL_1377	128	128	0
F6	F6_NULL_1378	128	128	0
F6	F6_NULL_1379	128	128	0
F6	F6_NULL_1380	128	128	0
F6	F6_NULL_1381	128	128	0
F6	F6_NULL_1382	128	128	0
F6	F6_NULL_1383	128	128	0
F6	F6_NULL_1384	128	128	0
F6	F6_NULL_1385	128	128	0
F6	F6_NULL_1386	128	128	0
F6	F6_NULL_1387	128	128	0
F6	F6_NULL_1388	128	128	0
F6	F6_NULL_1389	128	128	0
F6	F6_NULL_1390	128	128	0
F6	F6_NULL_1391	128	128	0
F6	F6_NULL_1392	128	128	0
F6	F6_NULL_1393	128	128	0
F6	F6_NULL_1394	128	128	0
F6	F6_NULL_1395	128	128	0
F6	F6_NULL_1396	128	128	0
F6	F6_NULL_1397	128	128	0
F6	F6_NULL_1398	128	128	0
F6	F6_NULL_1399	128	128	0
F6	F6_NULL_1400	128	128	0
F6	F6_NULL_1401	128	128	0
F6	F6_NULL_1402	128	128	0
F6	F6_NULL_1403	128	128	0
F6	F6_NULL_1404	128	128	0
F6	F6_NULL_1405	128	128	0
F6	F6_NULL_1406	128	128	0
F6	F6_NULL_1407	128	128	0
F6	F6_NULL_1408	128	128	0
F6	F6_NULL_1409	128	128	0
F6	F6_NULL_1410	128	128	0
F6	F6_NULL_1411	128	128	0
F6	F6_NULL_1412	128	128	0
F6	F6_NULL_1413	128	128	0
F6	F6_NULL_1414	128	128	0
F6	F6_NULL_1415	128	128	0
F6	F6_NULL_1416	128	128	0
F6	F6_NULL_1417	128	128	0
F6	F6_NULL_1418	128	128	0
F6	F6_NULL_1419	128	128	0
F6	F6_NULL_1420	128	128	0
F6	F6_NULL_1421	128	128	0
F6	F6_NULL_1422	128	128	0
F6	F6_NULL_1423	128	128	0
F6	F6_NULL_1424	128	128	0
F6	F6_NULL_1425	128	128	0
F6	F6_NULL_1426	128	128	0
F6	F6_NULL_1427	128	128	0
F6	F6_NULL_1428	128	128	0
F6	F6_NULL_1429	128	128	0
F6	F6_NULL_1430	128	128	0
F6	F6_NULL_1431	128	128	0
F6	F6_NULL_1432	128	128	0
F6	F6_NULL_1433	128	128	0
F6	F6_NULL_1434	128	128	0
F6	F6_NULL_1435	128	128	0
F6	F6_NULL_1436	128	128	0
F6	F6_NULL_1437	128	128	0
F6	F6_NULL_1438	128	128	0
F6	F6_NULL_1439	128	128	0
F6	F6_NULL_1440	128	128	0
F6	F6_NULL_1441	128	128	0
F6	F6_NULL_1442	128	128	0
F6	F6_NULL_1443	128	128	0
F6	F6_NULL_1444	128	128	0
F6	F6_NULL_1445	128	128	0
F6	F6_NULL_1446	128	128	0
F6	F6_NULL_1447	128	128	0
F6	F6_NULL_1448	128	128	0
F6	F6_NULL_1449	128	128	0
F6	F6_NULL_1450	128	128	0
F6	F6_NULL_1451	128	128	0
F6	F6_NULL_1452	128	128	0
F6	F6_NULL_1453	128	128	0
F6	F6_NULL_1454	128	128	0
F6	F6_NULL_1455	128	128	0
F6	F6_NULL_1456	128	128	0
F6	F6_NULL_1457	128	128	0
F6	F6_NULL_1458	128	128	0
F6	F6_NULL_1459	128	128	0
F6	F6_NULL_1460	128	128	0
F6	F6_NULL_1461	128	128	0
F6	F6_NULL_1462	128	128	0
F6	F6_NULL_1463	128	128	0
F6	F6_NULL_1464	128	128	0
F6	F6_NULL_1465	128	128	0
F6	F6_NULL_1466	128	128	0
F6	F6_NULL_1467	128	128	0
F6	F6_NULL_1468	128	128	0
F6	F6_NULL_1469	128	128	0
F6	F6_NULL_1470	128	128	0
F6	F6_NULL_1471	128	128	0
F6	F6_NULL_1472	128	128	0
F6	F6_NULL_1473	128	128	0
F6	F6_NULL_1474	128	128	0
F6	F6_NULL_1475	128	128	0
F6	F6_NULL_1476	128	128	0
F6	F6_NULL_1477	128	128	0
F6	F6_NULL_1478	128	128	0
F6	F6_NULL_1479	128	128	0
F6	F6_NULL_1480	128	128	0
F6	F6_NULL_1481	128	128	0
F6	F6_NULL_1482	128	128	0
F6	F6_NULL_1483	128	128	0
F6	F6_NULL_1484	128	128	0
F6	F6_NULL_1485	128	128	0
F6	F6_NULL_1486	128	128	0
F6	F6_NULL_1487	128	128	0
F6	F6_NULL_1488	128	128	0
F6	F6_NULL_1489	128	128	0
F6	F6_NULL_1490	128	128	0
F6	F6_NULL_1491	128	128	0
F6	F6_NULL_1492	128	128	0
F6	F6_NULL_1493	128	128	0
F6	F6_NULL_1494	128	128	0
F6	F6_NULL_1495	128	128	0
F6	F6_NULL_1496	128	128	0
F6	F6_NULL_1497	128	128	0
F6	F6_NULL_1498	128	128	0
F6	F6_NULL_1499	128	128	0
F6	F6_NULL_1500	128	128	0
F6	F6_NULL_1501	128	128	0
F6	F6_NULL_1502	128	128	0
F6	F6_NULL_1503	128	128	0
F6	F6_NULL_1504	128	128	0
F6	F6_NULL_1505	128	128	0
F6	F6_NULL_1506	128	128	0
F6	F6_NULL_1507	128	128	0
F6	F6_NULL_1508	128	128	0
F6	F6_NULL_1509	128	128	0
F6	F6_NULL_1510	128	128	0
F6	F6_NULL_1511	128	128	0
F6	F6_NULL_1512	128	128	0
F6	F6_NULL_1513	128	128	0
F6	F6_NULL_1514	128	128	0
F6	F6_NULL_1515	128	128	0
F6	F6_NULL_1516	128	128	0
F6	F6_NULL_1517	128	128	0
F6	F6_NULL_1518	128	128	0
F6	F6_NULL_1519	128	128	0
F6	F6_NULL_1520	128	128	0
F6	F6_NULL_1521	128	128	0
F6	F6_NULL_1522	128	128	0
F6	F6_NULL_1523	128	128	0
F6	F6_NULL_1524	128	128	0
F6	F6_NULL_1525	128	128	0
F6	F6_NULL_1526	128	128	0
F6	F6_NULL_1527	128	128	0
F6	F6_NULL_1528	128	128	0
F6	F6_NULL_1529	128	128	0
F6	F6_NULL_1530	128	128	0
F6	F6_NULL_1531	128	128	0
F6	F6_NULL_1532	128	128	0
F6	F6_NULL_1533	128	128	0
F6	F6_NULL_1534	128	128	0
F6	F6_NULL_1535	128	128	0
F6	F6_NULL_1536	128	128	0
F6	F6_NULL_1537	128	128	0
F6	F6_NULL_1538	128	128	0
F6	F6_NULL_1539	128	128	0
F6	F6_NULL_1540	128	128	0
F6	F6_NULL_1541	128	128	0
F6	F6_NULL_1542	128	128	0
F6	F6_NULL_1543	128	128	0
F6	F6_NULL_1544	128	128	0
F6	F6_NULL_1545	128	128	0
F6	F6_NULL_1546	128	128	0
F6	F6_NULL_1547	128	128	0
F6	F6_NULL_1548	128	128	0
F6	F6_NULL_1549	128	128	0
F6	F6_NULL_1550	128	128	0
F6	F6_NULL_1551	128	128	0
F6	F6_NULL_1552	128	128	0
F6	F6_NULL_1553	128	128	0
F6	F6_NULL_1554	128	128	0
F6	F6_NULL_1555	128	128	0
F6	F6_NULL_1556	128	128	0
F6	F6_NULL_1557	128	128	0
F6	F6_NULL_1558	128	128	0
F6	F6_NULL_1559	128	128	0
F6	F6_NULL_1560	128	128	0
F6	F6_NULL_1561	128	128	0
F6	F6_NULL_1562	128	128	0
F6	F6_NULL_1563	128	128	0
F6	F6_NULL_1564	128	128	0
F6	F6_NULL_1565	128	128	0
F6	F6_NULL_1566	128	128	0
F6	F6_NULL_1567	128	128	0
F6	F6_NULL_1568	128	128	0
F6	F6_NULL_1569	128	128	0
F6	F6_NULL_1570	128	128	0
F6	F6_NULL_1571	128	128	0
F6	F6_NULL_1572	128	128	0
F6	F6_NULL_1573	128	128	0
F6	F6_NULL_1574	128	128	0
F6	F6_NULL_1575	128	128	0
F6	F6_NULL_1576	128	128	0
F6	F6_NULL_1577	128	128	0
F6	F6_NULL_1578	128	128	0
F6	F6_NULL_1579	128	128	0
F6	F6_NULL_1580	128	128	0
F6	F6_NULL_1581	128	128	0
F6	F6_NULL_1582	128	128	0
F6	F6_NULL_1583	128	128	0
F6	F6_NULL_1584	128	128	0
F6	F6_NULL_1585	128	128	0
F6	F6_NULL_1586	128	128	0
F6	F6_NULL_1587	128	128	0
F6	F6_NULL_1588	128	128	0
F6	F6_NULL_1589	128	128	0
F6	F6_NULL_1590	128	128	0
F6	F6_NULL_1591	128	128	0
F6	F6_NULL_1592	128	128	0
F6	F6_NULL_1593	128	128	0
F6	F6_NULL_1594	128	128	0
F6	F6_NULL_1595	128	128	0
F6	F6_NULL_1596	128	128	0
F6	F6_NULL_1597	128	128	0
F6	F6_NULL_1598	128	128	0
F6	F6_NULL_1599	128	128	0
F6	F6_NULL_1600	128	128	0
F6	F6_NULL_1601	128	128	0
F6	F6_NULL_1602	128	128	0
F6	F6_NULL_1603	128	128	0
F6	F6_NULL_1604	128	128	0
F6	F6_NULL_1605	128	128	0
F6	F6_NULL_1606	128	128	0
F6	F6_NULL_1607	128	128	0
F6	F6_NULL_1608	128	128	0
F6	F6_NULL_1609	128	128	0
F6	F6_NULL_1610	128	128	0
F6	F6_NULL_1611	128	128	0
F6	F6_NULL_1612	128	128	0
F6	F6_NULL_1613	128	128	0
F6	F6_NULL_1614	128	128	0
F6	F6_NULL_1615	128	128	0
F6	F6_NULL_1616	128	128	0
F6	F6_NULL_1617	128	128	0
F6	F6_NULL_1618	128	128	0
F6	F6_NULL_1619	128	128	0
F6	F6_NULL_1620	128	128	0
F6	F6_NULL_1621	128	128	0
F6	F6_NULL_1622	128	128	0
F6	F6_NULL_1623	128	128	0
F6	F6_NULL_1624	128	128	0
F6	F6_NULL_1625	128	128	0
F6	F6_NULL_1626	128	128	0
F6	F6_NULL_1627	128	128	0
F6	F6_NULL_1628	128	128	0
F6	F6_NULL_1629	128	128	0
F6	F6_NULL_1630	128	128	0
F6	F6_NULL_1631	128	128	0
F6	F6_NULL_1632	128	128	0
F6	F6_NULL_1633	128	128	0
F6	F6_NULL_1634	128	128	0
F6	F6_NULL_1635	128	128	0
F6	F6_NULL_1636	128	128	0
F6	F6_NULL_1637	128	128	0
F6	F6_NULL_1638	128	128	0
F6	F6_NULL_1639	128	128	0
F6	F6_NULL_1640	128	128	0
F6	F6_NULL_1641	128	128	0
F6	F6_NULL_1642	128	128	0
F6	F6_NULL_1643	128	128	0
F6	F6_NULL_1644	128	128	0
F6	F6_NULL_1645	128	128	0
F6	F6_NULL_1646	128	128	0
F6	F6_NULL_1647	128	128	0
F6	F6_NULL_1648	128	128	0
F6	F6_NULL_1649	128	128	0
F6	F6_NULL_1650	128	128	0
F6	F6_NULL_1651	128	128	0
F6	F6_NULL_1652	128	128	0
F6	F6_NULL_1653	128	128	0
F6	F6_NULL_1654	128	128	0
F6	F6_NULL_1655	128	128	0
F6	F6_NULL_1656	128	128	0
F6	F6_NULL_1657	128	128	0
F6	F6_NULL_1658	128	128	0
F6	F6_NULL_1659	128	128	0
F6	F6_NULL_1660	128	128	0
F6	F6_NULL_1661	128	128	0
F6	F6_NULL_1662	128	128	0
F6	F6_NULL_1663	128	128	0
F6	F6_NULL_1664	128	128	0
F6	F6_NULL_1665	128	128	0
F6	F6_NULL_1666	128	128	0
F6	F6_NULL_1667	128	128	0
F6	F6_NULL_1668	128	128	0
F6	F6_NULL_1669	128	128	0
F6	F6_NULL_1670	128	128	0
F6	F6_NULL_1671	128	128	0
F6	F6_NULL_1672	128	128	0
F6	F6_NULL_1673	128	128	0
F6	F6_NULL_1674	128	128	0
F6	F6_NULL_1675	128	128	0
F6	F6_NULL_1676	128	128	0
F6	F6_NULL_1677	128	128	0
F6	F6_NULL_1678	128	128	0
F6	F6_NULL_1679	128	128	0
F6	F6_NULL_1680	128	128	0
F6	F6_NULL_1681	128	128	0
F6	F6_NULL_1682	128	128	0
F6	F6_NULL_1683	128	128	0
F6	F6_NULL_1684	128	128	0
F6	F6_NULL_1685	128	128	0
F6	F6_NULL_1686	128	128	0
F6	F6_NULL_1687	128	128	0
F6	F6_NULL_1688	128	128	0
F6	F6_NULL_1689	128	128	0
F6	F6_NULL_1690	128	128	0
F6	F6_NULL_1691	128	128	0
F6	F6_NULL_1692	128	128	0
F6	F6_NULL_1693	128	128	0
F6	F6_NULL_1694	128	128	0
F6	F6_NULL_1695	128	128	0
F6	F6_NULL_1696	128	128	0
F6	F6_NULL_1697	128	128	0
F6	F6_NULL_1698	128	128	0
F6	F6_NULL_1699	128	128	0
F6	F6_NULL_1700	128	128	0
F6	F6_NULL_1701	128	128	0
F6	F6_NULL_1702	128	128	0
F6	F6_NULL_1703	128	128	0
F6	F6_NULL_1704	128	128	0
F6	F6_NULL_1705	128	128	0
F6	F6_NULL_1706	128	128	0
F6	F6_NULL_1707	128	128	0
F6	F6_NULL_1708	128	128	0
F6	F6_NULL_1709	128	128	0
F6	F6_NULL_1710	128	128	0
F6	F6_NULL_1711	128	128	0
F6	F6_NULL_1712	128	128	0
F6	F6_NULL_1713	128	128	0
F6	F6_NULL_1714	128	128	0
F6	F6_NULL_1715	128	128	0
F6	F6_NULL_1716	128	128	0
F6	F6_NULL_1717	128	128	0
F6	F6_NULL_1718	128	128	0
F6	F6_NULL_1719	128	128	0
F6	F6_NULL_1720	128	128	0
F6	F6_NULL_1721	128	128	0
F6	F6_NULL_1722	128	128	0
F6	F6_NULL_1723	128	128	0
F6	F6_NULL_1724	128	128	0
F6	F6_NULL_1725	128	128	0
F6	F6_NULL_1726	128	128	0
F6	F6_NULL_1727	128	128	0
F6	F6_NULL_1728	128	128	0
F6	F6_NULL_1729	128	128	0
F6	F6_NULL_1730	128	128	0
F6	F6_NULL_1731	128	128	0
F6	F6_NULL_1732	128	128	0
F6	F6_NULL_1733	128	128	0
F6	F6_NULL_1734	128	128	0
F6	F6_NULL_1735	128	128	0
F6	F6_NULL_1736	128	128	0
F6	F6_NULL_1737	128	128	0
F6	F6_NULL_1738	128	128	0
F6	F6_NULL_1739	128	128	0
F6	F6_NULL_1740	128	128	0
F6	F6_NULL_1741	128	128	0
F6	F6_NULL_1742	128	128	0
F6	F6_NULL_1743	128	128	0
F6	F6_NULL_1744	128	128	0
F6	F6_NULL_1745	128	128	0
F6	F6_NULL_1746	128	128	0
F6	F6_NULL_1747	128	128	0
F6	F6_NULL_1748	128	128	0
F6	F6_NULL_1749	128	128	0
F6	F6_NULL_1750	128	128	0
F6	F6_NULL_1751	128	128	0
F6	F6_NULL_1752	128	128	0
F6	F6_NULL_1753	128	128	0
F6	F6_NULL_1754	128	128	0
F6	F6_NULL_1755	128	128	0
F6	F6_NULL_1756	128	128	0
F6	F6_NULL_1757	128	128	0
F6	F6_NULL_1758	128	128	0
F6	F6_NULL_1759	128	128	0
F6	F6_NULL_1760	128	128	0
F6	F6_NULL_1761	128	128	0
F6	F6_NULL_1762	128	128	0
F6	F6_NULL_1763	128	128	0
F6	F6_NULL_1764	128	128	0
F6	F6_NULL_1765	128	128	0
F6	F6_NULL_1766	128	128	0
F6	F6_NULL_1767	128	128	0
F6	F6_NULL_1768	128	128	0
F6	F6_NULL_1769	128	128	0
F6	F6_NULL_1770	128	128	0
F6	F6_NULL_1771	128	128	0
F6	F6_NULL_1772	128	128	0
F6	F6_NULL_1773	128	128	0
F6	F6_NULL_1774	128	128	0
F6	F6_NULL_1775	128	128	0
F6	F6_NULL_1776	128	128	0
F6	F6_NULL_1777	128	128	0
F6	F6_NULL_1778	128	128	0
F6	F6_NULL_1779	128	128	0
F6	F6_NULL_1780	128	128	0
F6	F6_NULL_1781	128	128	0
F6	F6_NULL_1782	128	128	0
F6	F6_NULL_1783	128	128	0
F6	F6_NULL_1784	128	128	0
F6	F6_NULL_1785	128	128	0
F6	F6_NULL_1786	128	128	0
F6	F6_NULL_1787	128	128	0
F6	F6_NULL_1788	128	128	0
F6	F6_NULL_1789	128	128	0
F6	F6_NULL_1790	128	128	0
F6	F6_NULL_1791	128	128	0
F6	F6_NULL_1792	128	128	0
F6	F6_NULL_1793	128	128	0
F6	F6_NULL_1794	128	128	0
F6	F6_NULL_1795	128	128	0
F6	F6_NULL_1796	128	128	0
F6	F6_NULL_1797	128	128	0
F6	F6_NULL_1798	128	128	0
F6	F6_NULL_1799	128	128	0
F6	F6_NULL_1800	128	128	0
F6	F6_NULL_1801	128	128	0
F6	F6_NULL_1802	128	128	0
F6	F6_NULL_1803	128	128	0
F6	F6_NULL_1804	128	128	0
F6	F6_NULL_1805	128	128	0
F6	F6_NULL_1806	128	128	0
F6	F6_NULL_1807	128	128	0
F6	F6_NULL_1808	128	128	0
F6	F6_NULL_1809	128	128	0
F6	F6_NULL_1810	128	128	0
F6	F6_NULL_1811	128	128	0
F6	F6_NULL_1812	128	128	0
F6	F6_NULL_1813	128	128	0
F6	F6_NULL_1814	128	128	0
F6	F6_NULL_1815	128	128	0
F6	F6_NULL_1816	128	128	0
F6	F6_NULL_1817	128	128	0
F6	F6_NULL_1818	128	128	0
F6	F6_NULL_1819	128	128	0
F6	F6_NULL_1820	128	128	0
F6	F6_NULL_1821	128	128	0
F6	F6_NULL_1822	128	128	0
F6	F6_NULL_1823	128	128	0
F6	F6_NULL_1824	128	128	0
F6	F6_NULL_1825	128	128	0
F6	F6_NULL_1826	128	128	0
F6	F6_NULL_1827	128	128	0
F6	F6_NULL_1828	128	128	0
F6	F6_NULL_1829	128	128	0
F6	F6_NULL_1830	128	128	0
F6	F6_NULL_1831	128	128	0
F6	F6_NULL_1832	128	128	0
F6	F6_NULL_1833	128	128	0
F6	F6_NULL_1834	128	128	0
F6	F6_NULL_1835	128	128	0
F6	F6_NULL_1836	128	128	0
F6	F6_NULL_1837	128	128	0
F6	F6_NULL_1838	128	128	0
F6	F6_NULL_1839	128	128	0
F6	F6_NULL_1840	128	128	0
F6	F6_NULL_1841	128	128	0
F6	F6_NULL_1842	128	128	0
F6	F6_NULL_1843	128	128	0
F6	F6_NULL_1844	128	128	0
F6	F6_NULL_1845	128	128	0
F6	F6_NULL_1846	128	128	0
F6	F6_NULL_1847	128	128	0
F6	F6_NULL_1848	128	128	0
F6	F6_NULL_1849	128	128	0
F6	F6_NULL_1850	128	128	0
F6	F6_NULL_1851	128	128	0
F6	F6_NULL_1852	128	128	0
F6	F6_NULL_1853	128	128	0
F6	F6_NULL_1854	128	128	0
F6	F6_NULL_1855	128	128	0
F6	F6_NULL_1856	128	128	0
F6	F6_NULL_1857	128	128	0
F6	F6_NULL_1858	128	128	0
F6	F6_NULL_1859	128	128	0
F6	F6_NULL_1860	128	128	0
F6	F6_NULL_1861	128	128	0
F6	F6_NULL_1862	128	128	0
F6	F6_NULL_1863	128	128	0
F6	F6_NULL_1864	128	128	0
F6	F6_NULL_1865	128	128	0
F6	F6_NULL_1866	128	128	0
F6	F6_NULL_1867	128	128	0
F6	F6_NULL_1868	128	128	0
F6	F6_NULL_1869	128	128	0
F6	F6_NULL_1870	128	128	0
F6	F6_NULL_1871	128	128	0
F6	F6_NULL_1872	128	128	0
F6	F6_NULL_1873	128	128	0
F6	F6_NULL_1874	128	128	0
F6	F6_NULL_1875	128	128	0
F6	F6_NULL_1876	128	128	0
F6	F6_NULL_1877	128	128	0
F6	F6_NULL_1878	128	128	0
F6	F6_NULL_1879	128	128	0
F6	F6_NULL_1880	128	128	0
F6	F6_NULL_1881	128	128	0
F6	F6_NULL_1882	128	128	0
F6	F6_NULL_1883	128	128	0
F6	F6_NULL_1884	128	128	0
F6	F6_NULL_1885	128	128	0
F6	F6_NULL_1886	128	128	0
F6	F6_NULL_1887	128	128	0
F6	F6_NULL_1888	128	128	0
F6	F6_NULL_1889	128	128	0
F6	F6_NULL_1890	128	128	0
F6	F6_NULL_1891	128	128	0
F6	F6_NULL_1892	128	128	0
F6	F6_NULL_1893	128	128	0
F6	F6_NULL_1894	128	128	0
F6	F6_NULL_1895	128	128	0
F6	F6_NULL_1896	128	128	0
F6	F6_NULL_1897	128	128	0
F6	F6_NULL_1898	128	128	0
F6	F6_NULL_1899	128	128	0
F6	F6_NULL_1900	128	128	0
F6	F6_NULL_1901	128	128	0
F6	F6_NULL_1902	128	128	0
F6	F6_NULL_1903	128	128	0
F6	F6_NULL_1904	128	128	0
F6	F6_NULL_1905	128	128	0
F6	F6_NULL_1906	128	128	0
F6	F6_NULL_1907	128	128	0
F6	F6_NULL_1908	128	128	0
F6	F6_NULL_1909	128	128	0
F6	F6_NULL_1910	128	128	0
F6	F6_NULL_1911	128	128	0
F6	F6_NULL_1912	128	128	0
F6	F6_NULL_1913	128	128	0
F6	F6_NULL_1914	128	128	0
F6	F6_NULL_1915	128	128	0
F6	F6_NULL_1916	128	128	0
F6	F6_NULL_1917	128	128	0
F6	F6_NULL_1918	128	128	0
F6	F6_NULL_1919	128	128	0
F6	F6_NULL_1920	128	128	0
F6	F6_NULL_1921	128	128	0
F6	F6_NULL_1922	128	128	0
F6	F6_NULL_1923	128	128	0
F6	F6_NULL_1924	128	128	0
F6	F6_NULL_1925	128	128	0
F6	F6_NULL_1926	128	128	0
F6	F6_NULL_1927	128	128	0
F6	F6_NULL_1928	128	128	0
F6	F6_NULL_1929	128	128	0
F6	F6_NULL_1930	128	128	0
F6	F6_NULL_1931	128	128	0
F6	F6_NULL_1932	128	128	0
F6	F6_NULL_1933	128	128	0
F6	F6_NULL_1934	128	128	0
F6	F6_NULL_1935	128	128	0
F6	F6_NULL_1936	128	128	0
F6	F6_NULL_1937	128	128	0
F6	F6_NULL_1938	128	128	0
F6	F6_NULL_1939	128	128	0
F6	F6_NULL_1940	128	128	0
F6	F6_NULL_1941	128	128	0
F6	F6_NULL_1942	128	128	0
F6	F6_NULL_1943	128	128	0
F6	F6_NULL_1944	128	128	0
F6	F6_NULL_1945	128	128	0
F6	F6_NULL_1946	128	128	0
F6	F6_NULL_1947	128	128	0
F6	F6_NULL_1948	128	128	0
F6	F6_NULL_1949	128	128	0
F6	F6_NULL_1950	128	128	0
F6	F6_NULL_1951	128	128	0
F6	F6_NULL_1952	128	128	0
F6	F6_NULL_1953	128	128	0
F6	F6_NULL_1954	128	128	0
F6	F6_NULL_1955	128	128	0
F6	F6_NULL_1956	128	128	0
F6	F6_NULL_1957	128	128	0
F6	F6_NULL_1958	128	128	0
F6	F6_NULL_1959	128	128	0
F6	F6_NULL_1960	128	128	0
F6	F6_NULL_1961	128	128	0
F6	F6_NULL_1962	128	128	0
F6	F6_NULL_1963	128	128	0
F6	F6_NULL_1964	128	128	0
F6	F6_NULL_1965	128	128	0
F6	F6_NULL_1966	128	128	0
F6	F6_NULL_1967	128	128	0
F6	F6_NULL_1968	128	128	0
F6	F6_NULL_1969	128	128	0
F6	F6_NULL_1970	128	128	0
F6	F6_NULL_1971	128	128	0
F6	F6_NULL_1972	128	128	0
F6	F6_NULL_1973	128	128	0
F6	F6_NULL_1974	128	128	0
F6	F6_NULL_1975	128	128	0
F6	F6_NULL_1976	128	128	0
F6	F6_NULL_1977	128	128	0
F6	F6_NULL_1978	128	128	0
F6	F6_NULL_1979	128	128	0
F6	F6_NULL_1980	128	128	0
F6	F6_NULL_1981	128	128	0
F6	F6_NULL_1982	128	128	0
F6	F6_NULL_1983	128	128	0
F6	F6_NULL_1984	128	128	0
F6	F6_NULL_1985	128	128	0
F6	F6_NULL_1986	128	128	0
F6	F6_NULL_1987	128	128	0
F6	F6_NULL_1988	128	128	0
F6	F6_NULL_1989	128	128	0
F6	F6_NULL_1990	128	128	0
F6	F6_NULL_1991	128	128	0
F6	F6_NULL_1992	128	128	0
F6	F6_NULL_1993	128	128	0
F6	F6_NULL_1994	128	128	0
F6	F6_NULL_1995	128	128	0
F6	F6_NULL_1996	128	128	0
F6	F6_NULL_1997	128	128	0
F6	F6_NULL_1998	128	128	0
F6	F6_NULL_1999	128	128	0
F7	F7_NULL_0000	203	203	1
F7	F7_NULL_0001	203	203	1
F7	F7_NULL_0002	203	203	1
F7	F7_NULL_0003	203	203	1
F7	F7_NULL_0004	203	203	1
F7	F7_NULL_0005	203	203	1
F7	F7_NULL_0006	203	203	1
F7	F7_NULL_0007	203	203	1
F7	F7_NULL_0008	203	203	1
F7	F7_NULL_0009	203	203	1
F7	F7_NULL_0010	203	203	1
F7	F7_NULL_0011	203	203	1
F7	F7_NULL_0012	203	203	1
F7	F7_NULL_0013	203	203	1
F7	F7_NULL_0014	203	203	1
F7	F7_NULL_0015	203	203	1
F7	F7_NULL_0016	203	203	1
F7	F7_NULL_0017	203	203	1
F7	F7_NULL_0018	203	203	1
F7	F7_NULL_0019	203	203	1
F7	F7_NULL_0020	203	203	1
F7	F7_NULL_0021	203	203	1
F7	F7_NULL_0022	203	203	1
F7	F7_NULL_0023	203	203	1
F7	F7_NULL_0024	203	203	1
F7	F7_NULL_0025	203	203	1
F7	F7_NULL_0026	203	203	1
F7	F7_NULL_0027	203	203	1
F7	F7_NULL_0028	203	203	1
F7	F7_NULL_0029	203	203	1
F7	F7_NULL_0030	203	203	1
F7	F7_NULL_0031	203	203	1
F7	F7_NULL_0032	203	203	1
F7	F7_NULL_0033	203	203	1
F7	F7_NULL_0034	203	203	1
F7	F7_NULL_0035	203	203	1
F7	F7_NULL_0036	203	203	1
F7	F7_NULL_0037	203	203	1
F7	F7_NULL_0038	203	203	1
F7	F7_NULL_0039	203	203	1
F7	F7_NULL_0040	203	203	1
F7	F7_NULL_0041	203	203	1
F7	F7_NULL_0042	203	203	1
F7	F7_NULL_0043	203	203	1
F7	F7_NULL_0044	203	203	1
F7	F7_NULL_0045	203	203	1
F7	F7_NULL_0046	203	203	1
F7	F7_NULL_0047	203	203	1
F7	F7_NULL_0048	203	203	1
F7	F7_NULL_0049	203	203	1
F7	F7_NULL_0050	203	203	1
F7	F7_NULL_0051	203	203	1
F7	F7_NULL_0052	203	203	1
F7	F7_NULL_0053	203	203	1
F7	F7_NULL_0054	203	203	1
F7	F7_NULL_0055	203	203	1
F7	F7_NULL_0056	203	203	1
F7	F7_NULL_0057	203	203	1
F7	F7_NULL_0058	203	203	1
F7	F7_NULL_0059	203	203	1
F7	F7_NULL_0060	203	203	1
F7	F7_NULL_0061	203	203	1
F7	F7_NULL_0062	203	203	1
F7	F7_NULL_0063	203	203	1
F7	F7_NULL_0064	203	203	1
F7	F7_NULL_0065	203	203	1
F7	F7_NULL_0066	203	203	1
F7	F7_NULL_0067	203	203	1
F7	F7_NULL_0068	203	203	1
F7	F7_NULL_0069	203	203	1
F7	F7_NULL_0070	203	203	1
F7	F7_NULL_0071	203	203	1
F7	F7_NULL_0072	203	203	1
F7	F7_NULL_0073	203	203	1
F7	F7_NULL_0074	203	203	1
F7	F7_NULL_0075	203	203	1
F7	F7_NULL_0076	203	203	1
F7	F7_NULL_0077	203	203	1
F7	F7_NULL_0078	203	203	1
F7	F7_NULL_0079	203	203	1
F7	F7_NULL_0080	203	203	1
F7	F7_NULL_0081	203	203	1
F7	F7_NULL_0082	203	203	1
F7	F7_NULL_0083	203	203	1
F7	F7_NULL_0084	203	203	1
F7	F7_NULL_0085	203	203	1
F7	F7_NULL_0086	203	203	1
F7	F7_NULL_0087	203	203	1
F7	F7_NULL_0088	203	203	1
F7	F7_NULL_0089	203	203	1
F7	F7_NULL_0090	203	203	1
F7	F7_NULL_0091	203	203	1
F7	F7_NULL_0092	203	203	1
F7	F7_NULL_0093	203	203	1
F7	F7_NULL_0094	203	203	1
F7	F7_NULL_0095	203	203	1
F7	F7_NULL_0096	203	203	1
F7	F7_NULL_0097	203	203	1
F7	F7_NULL_0098	203	203	1
F7	F7_NULL_0099	203	203	1
F7	F7_NULL_0100	203	203	1
F7	F7_NULL_0101	203	203	1
F7	F7_NULL_0102	203	203	1
F7	F7_NULL_0103	203	203	1
F7	F7_NULL_0104	203	203	1
F7	F7_NULL_0105	203	203	1
F7	F7_NULL_0106	203	203	1
F7	F7_NULL_0107	203	203	1
F7	F7_NULL_0108	203	203	1
F7	F7_NULL_0109	203	203	1
F7	F7_NULL_0110	203	203	1
F7	F7_NULL_0111	203	203	1
F7	F7_NULL_0112	203	203	1
F7	F7_NULL_0113	203	203	1
F7	F7_NULL_0114	203	203	1
F7	F7_NULL_0115	203	203	1
F7	F7_NULL_0116	203	203	1
F7	F7_NULL_0117	203	203	1
F7	F7_NULL_0118	203	203	1
F7	F7_NULL_0119	203	203	1
F7	F7_NULL_0120	203	203	1
F7	F7_NULL_0121	203	203	1
F7	F7_NULL_0122	203	203	1
F7	F7_NULL_0123	203	203	1
F7	F7_NULL_0124	203	203	1
F7	F7_NULL_0125	203	203	1
F7	F7_NULL_0126	203	203	1
F7	F7_NULL_0127	203	203	1
F7	F7_NULL_0128	203	203	1
F7	F7_NULL_0129	203	203	1
F7	F7_NULL_0130	203	203	1
F7	F7_NULL_0131	203	203	1
F7	F7_NULL_0132	203	203	1
F7	F7_NULL_0133	203	203	1
F7	F7_NULL_0134	203	203	1
F7	F7_NULL_0135	203	203	1
F7	F7_NULL_0136	203	203	1
F7	F7_NULL_0137	203	203	1
F7	F7_NULL_0138	203	203	1
F7	F7_NULL_0139	203	203	1
F7	F7_NULL_0140	203	203	1
F7	F7_NULL_0141	203	203	1
F7	F7_NULL_0142	203	203	1
F7	F7_NULL_0143	203	203	1
F7	F7_NULL_0144	203	203	1
F7	F7_NULL_0145	203	203	1
F7	F7_NULL_0146	203	203	1
F7	F7_NULL_0147	203	203	1
F7	F7_NULL_0148	203	203	1
F7	F7_NULL_0149	203	203	1
F7	F7_NULL_0150	203	203	1
F7	F7_NULL_0151	203	203	1
F7	F7_NULL_0152	203	203	1
F7	F7_NULL_0153	203	203	1
F7	F7_NULL_0154	203	203	1
F7	F7_NULL_0155	203	203	1
F7	F7_NULL_0156	203	203	1
F7	F7_NULL_0157	203	203	1
F7	F7_NULL_0158	203	203	1
F7	F7_NULL_0159	203	203	1
F7	F7_NULL_0160	203	203	1
F7	F7_NULL_0161	203	203	1
F7	F7_NULL_0162	203	203	1
F7	F7_NULL_0163	203	203	1
F7	F7_NULL_0164	203	203	1
F7	F7_NULL_0165	203	203	1
F7	F7_NULL_0166	203	203	1
F7	F7_NULL_0167	203	203	1
F7	F7_NULL_0168	203	203	1
F7	F7_NULL_0169	203	203	1
F7	F7_NULL_0170	203	203	1
F7	F7_NULL_0171	203	203	1
F7	F7_NULL_0172	203	203	1
F7	F7_NULL_0173	203	203	1
F7	F7_NULL_0174	203	203	1
F7	F7_NULL_0175	203	203	1
F7	F7_NULL_0176	203	203	1
F7	F7_NULL_0177	203	203	1
F7	F7_NULL_0178	203	203	1
F7	F7_NULL_0179	203	203	1
F7	F7_NULL_0180	203	203	1
F7	F7_NULL_0181	203	203	1
F7	F7_NULL_0182	203	203	1
F7	F7_NULL_0183	203	203	1
F7	F7_NULL_0184	203	203	1
F7	F7_NULL_0185	203	203	1
F7	F7_NULL_0186	203	203	1
F7	F7_NULL_0187	203	203	1
F7	F7_NULL_0188	203	203	1
F7	F7_NULL_0189	203	203	1
F7	F7_NULL_0190	203	203	1
F7	F7_NULL_0191	203	203	1
F7	F7_NULL_0192	203	203	1
F7	F7_NULL_0193	203	203	1
F7	F7_NULL_0194	203	203	1
F7	F7_NULL_0195	203	203	1
F7	F7_NULL_0196	203	203	1
F7	F7_NULL_0197	203	203	1
F7	F7_NULL_0198	203	203	1
F7	F7_NULL_0199	203	203	1
F7	F7_NULL_0200	203	203	1
F7	F7_NULL_0201	203	203	1
F7	F7_NULL_0202	203	203	1
F7	F7_NULL_0203	203	203	1
F7	F7_NULL_0204	203	203	1
F7	F7_NULL_0205	203	203	1
F7	F7_NULL_0206	203	203	1
F7	F7_NULL_0207	203	203	1
F7	F7_NULL_0208	203	203	1
F7	F7_NULL_0209	203	203	1
F7	F7_NULL_0210	203	203	1
F7	F7_NULL_0211	203	203	1
F7	F7_NULL_0212	203	203	1
F7	F7_NULL_0213	203	203	1
F7	F7_NULL_0214	203	203	1
F7	F7_NULL_0215	203	203	1
F7	F7_NULL_0216	203	203	1
F7	F7_NULL_0217	203	203	1
F7	F7_NULL_0218	203	203	1
F7	F7_NULL_0219	203	203	1
F7	F7_NULL_0220	203	203	1
F7	F7_NULL_0221	203	203	1
F7	F7_NULL_0222	203	203	1
F7	F7_NULL_0223	203	203	1
F7	F7_NULL_0224	203	203	1
F7	F7_NULL_0225	203	203	1
F7	F7_NULL_0226	203	203	1
F7	F7_NULL_0227	203	203	1
F7	F7_NULL_0228	203	203	1
F7	F7_NULL_0229	203	203	1
F7	F7_NULL_0230	203	203	1
F7	F7_NULL_0231	203	203	1
F7	F7_NULL_0232	203	203	1
F7	F7_NULL_0233	203	203	1
F7	F7_NULL_0234	203	203	1
F7	F7_NULL_0235	203	203	1
F7	F7_NULL_0236	203	203	1
F7	F7_NULL_0237	203	203	1
F7	F7_NULL_0238	203	203	1
F7	F7_NULL_0239	203	203	1
F7	F7_NULL_0240	203	203	1
F7	F7_NULL_0241	203	203	1
F7	F7_NULL_0242	203	203	1
F7	F7_NULL_0243	203	203	1
F7	F7_NULL_0244	203	203	1
F7	F7_NULL_0245	203	203	1
F7	F7_NULL_0246	203	203	1
F7	F7_NULL_0247	203	203	1
F7	F7_NULL_0248	203	203	1
F7	F7_NULL_0249	203	203	1
F7	F7_NULL_0250	203	203	1
F7	F7_NULL_0251	203	203	1
F7	F7_NULL_0252	203	203	1
F7	F7_NULL_0253	203	203	1
F7	F7_NULL_0254	203	203	1
F7	F7_NULL_0255	203	203	1
F7	F7_NULL_0256	203	203	1
F7	F7_NULL_0257	203	203	1
F7	F7_NULL_0258	203	203	1
F7	F7_NULL_0259	203	203	1
F7	F7_NULL_0260	203	203	1
F7	F7_NULL_0261	203	203	1
F7	F7_NULL_0262	203	203	1
F7	F7_NULL_0263	203	203	1
F7	F7_NULL_0264	203	203	1
F7	F7_NULL_0265	203	203	1
F7	F7_NULL_0266	203	203	1
F7	F7_NULL_0267	203	203	1
F7	F7_NULL_0268	203	203	1
F7	F7_NULL_0269	203	203	1
F7	F7_NULL_0270	203	203	1
F7	F7_NULL_0271	203	203	1
F7	F7_NULL_0272	203	203	1
F7	F7_NULL_0273	203	203	1
F7	F7_NULL_0274	203	203	1
F7	F7_NULL_0275	203	203	1
F7	F7_NULL_0276	203	203	1
F7	F7_NULL_0277	203	203	1
F7	F7_NULL_0278	203	203	1
F7	F7_NULL_0279	203	203	1
F7	F7_NULL_0280	203	203	1
F7	F7_NULL_0281	203	203	1
F7	F7_NULL_0282	203	203	1
F7	F7_NULL_0283	203	203	1
F7	F7_NULL_0284	203	203	1
F7	F7_NULL_0285	203	203	1
F7	F7_NULL_0286	203	203	1
F7	F7_NULL_0287	203	203	1
F7	F7_NULL_0288	203	203	1
F7	F7_NULL_0289	203	203	1
F7	F7_NULL_0290	203	203	1
F7	F7_NULL_0291	203	203	1
F7	F7_NULL_0292	203	203	1
F7	F7_NULL_0293	203	203	1
F7	F7_NULL_0294	203	203	1
F7	F7_NULL_0295	203	203	1
F7	F7_NULL_0296	203	203	1
F7	F7_NULL_0297	203	203	1
F7	F7_NULL_0298	203	203	1
F7	F7_NULL_0299	203	203	1
F7	F7_NULL_0300	203	203	1
F7	F7_NULL_0301	203	203	1
F7	F7_NULL_0302	203	203	1
F7	F7_NULL_0303	203	203	1
F7	F7_NULL_0304	203	203	1
F7	F7_NULL_0305	203	203	1
F7	F7_NULL_0306	203	203	1
F7	F7_NULL_0307	203	203	1
F7	F7_NULL_0308	203	203	1
F7	F7_NULL_0309	203	203	1
F7	F7_NULL_0310	203	203	1
F7	F7_NULL_0311	203	203	1
F7	F7_NULL_0312	203	203	1
F7	F7_NULL_0313	203	203	1
F7	F7_NULL_0314	203	203	1
F7	F7_NULL_0315	203	203	1
F7	F7_NULL_0316	203	203	1
F7	F7_NULL_0317	203	203	1
F7	F7_NULL_0318	203	203	1
F7	F7_NULL_0319	203	203	1
F7	F7_NULL_0320	203	203	1
F7	F7_NULL_0321	203	203	1
F7	F7_NULL_0322	203	203	1
F7	F7_NULL_0323	203	203	1
F7	F7_NULL_0324	203	203	1
F7	F7_NULL_0325	203	203	1
F7	F7_NULL_0326	203	203	1
F7	F7_NULL_0327	203	203	1
F7	F7_NULL_0328	203	203	1
F7	F7_NULL_0329	203	203	1
F7	F7_NULL_0330	203	203	1
F7	F7_NULL_0331	203	203	1
F7	F7_NULL_0332	203	203	1
F7	F7_NULL_0333	203	203	1
F7	F7_NULL_0334	203	203	1
F7	F7_NULL_0335	203	203	1
F7	F7_NULL_0336	203	203	1
F7	F7_NULL_0337	203	203	1
F7	F7_NULL_0338	203	203	1
F7	F7_NULL_0339	203	203	1
F7	F7_NULL_0340	203	203	1
F7	F7_NULL_0341	203	203	1
F7	F7_NULL_0342	203	203	1
F7	F7_NULL_0343	203	203	1
F7	F7_NULL_0344	203	203	1
F7	F7_NULL_0345	203	203	1
F7	F7_NULL_0346	203	203	1
F7	F7_NULL_0347	203	203	1
F7	F7_NULL_0348	203	203	1
F7	F7_NULL_0349	203	203	1
F7	F7_NULL_0350	203	203	1
F7	F7_NULL_0351	203	203	1
F7	F7_NULL_0352	203	203	1
F7	F7_NULL_0353	203	203	1
F7	F7_NULL_0354	203	203	1
F7	F7_NULL_0355	203	203	1
F7	F7_NULL_0356	203	203	1
F7	F7_NULL_0357	203	203	1
F7	F7_NULL_0358	203	203	1
F7	F7_NULL_0359	203	203	1
F7	F7_NULL_0360	203	203	1
F7	F7_NULL_0361	203	203	1
F7	F7_NULL_0362	203	203	1
F7	F7_NULL_0363	203	203	1
F7	F7_NULL_0364	203	203	1
F7	F7_NULL_0365	203	203	1
F7	F7_NULL_0366	203	203	1
F7	F7_NULL_0367	203	203	1
F7	F7_NULL_0368	203	203	1
F7	F7_NULL_0369	203	203	1
F7	F7_NULL_0370	203	203	1
F7	F7_NULL_0371	203	203	1
F7	F7_NULL_0372	203	203	1
F7	F7_NULL_0373	203	203	1
F7	F7_NULL_0374	203	203	1
F7	F7_NULL_0375	203	203	1
F7	F7_NULL_0376	203	203	1
F7	F7_NULL_0377	203	203	1
F7	F7_NULL_0378	203	203	1
F7	F7_NULL_0379	203	203	1
F7	F7_NULL_0380	203	203	1
F7	F7_NULL_0381	203	203	1
F7	F7_NULL_0382	203	203	1
F7	F7_NULL_0383	203	203	1
F7	F7_NULL_0384	203	203	1
F7	F7_NULL_0385	203	203	1
F7	F7_NULL_0386	203	203	1
F7	F7_NULL_0387	203	203	1
F7	F7_NULL_0388	203	203	1
F7	F7_NULL_0389	203	203	1
F7	F7_NULL_0390	203	203	1
F7	F7_NULL_0391	203	203	1
F7	F7_NULL_0392	203	203	1
F7	F7_NULL_0393	203	203	1
F7	F7_NULL_0394	203	203	1
F7	F7_NULL_0395	203	203	1
F7	F7_NULL_0396	203	203	1
F7	F7_NULL_0397	203	203	1
F7	F7_NULL_0398	203	203	1
F7	F7_NULL_0399	203	203	1
F7	F7_NULL_0400	203	203	1
F7	F7_NULL_0401	203	203	1
F7	F7_NULL_0402	203	203	1
F7	F7_NULL_0403	203	203	1
F7	F7_NULL_0404	203	203	1
F7	F7_NULL_0405	203	203	1
F7	F7_NULL_0406	203	203	1
F7	F7_NULL_0407	203	203	1
F7	F7_NULL_0408	203	203	1
F7	F7_NULL_0409	203	203	1
F7	F7_NULL_0410	203	203	1
F7	F7_NULL_0411	203	203	1
F7	F7_NULL_0412	203	203	1
F7	F7_NULL_0413	203	203	1
F7	F7_NULL_0414	203	203	1
F7	F7_NULL_0415	203	203	1
F7	F7_NULL_0416	203	203	1
F7	F7_NULL_0417	203	203	1
F7	F7_NULL_0418	203	203	1
F7	F7_NULL_0419	203	203	1
F7	F7_NULL_0420	203	203	1
F7	F7_NULL_0421	203	203	1
F7	F7_NULL_0422	203	203	1
F7	F7_NULL_0423	203	203	1
F7	F7_NULL_0424	203	203	1
F7	F7_NULL_0425	203	203	1
F7	F7_NULL_0426	203	203	1
F7	F7_NULL_0427	203	203	1
F7	F7_NULL_0428	203	203	1
F7	F7_NULL_0429	203	203	1
F7	F7_NULL_0430	203	203	1
F7	F7_NULL_0431	203	203	1
F7	F7_NULL_0432	203	203	1
F7	F7_NULL_0433	203	203	1
F7	F7_NULL_0434	203	203	1
F7	F7_NULL_0435	203	203	1
F7	F7_NULL_0436	203	203	1
F7	F7_NULL_0437	203	203	1
F7	F7_NULL_0438	203	203	1
F7	F7_NULL_0439	203	203	1
F7	F7_NULL_0440	203	203	1
F7	F7_NULL_0441	203	203	1
F7	F7_NULL_0442	203	203	1
F7	F7_NULL_0443	203	203	1
F7	F7_NULL_0444	203	203	1
F7	F7_NULL_0445	203	203	1
F7	F7_NULL_0446	203	203	1
F7	F7_NULL_0447	203	203	1
F7	F7_NULL_0448	203	203	1
F7	F7_NULL_0449	203	203	1
F7	F7_NULL_0450	203	203	1
F7	F7_NULL_0451	203	203	1
F7	F7_NULL_0452	203	203	1
F7	F7_NULL_0453	203	203	1
F7	F7_NULL_0454	203	203	1
F7	F7_NULL_0455	203	203	1
F7	F7_NULL_0456	203	203	1
F7	F7_NULL_0457	203	203	1
F7	F7_NULL_0458	203	203	1
F7	F7_NULL_0459	203	203	1
F7	F7_NULL_0460	203	203	1
F7	F7_NULL_0461	203	203	1
F7	F7_NULL_0462	203	203	1
F7	F7_NULL_0463	203	203	1
F7	F7_NULL_0464	203	203	1
F7	F7_NULL_0465	203	203	1
F7	F7_NULL_0466	203	203	1
F7	F7_NULL_0467	203	203	1
F7	F7_NULL_0468	203	203	1
F7	F7_NULL_0469	203	203	1
F7	F7_NULL_0470	203	203	1
F7	F7_NULL_0471	203	203	1
F7	F7_NULL_0472	203	203	1
F7	F7_NULL_0473	203	203	1
F7	F7_NULL_0474	203	203	1
F7	F7_NULL_0475	203	203	1
F7	F7_NULL_0476	203	203	1
F7	F7_NULL_0477	203	203	1
F7	F7_NULL_0478	203	203	1
F7	F7_NULL_0479	203	203	1
F7	F7_NULL_0480	203	203	1
F7	F7_NULL_0481	203	203	1
F7	F7_NULL_0482	203	203	1
F7	F7_NULL_0483	203	203	1
F7	F7_NULL_0484	203	203	1
F7	F7_NULL_0485	203	203	1
F7	F7_NULL_0486	203	203	1
F7	F7_NULL_0487	203	203	1
F7	F7_NULL_0488	203	203	1
F7	F7_NULL_0489	203	203	1
F7	F7_NULL_0490	203	203	1
F7	F7_NULL_0491	203	203	1
F7	F7_NULL_0492	203	203	1
F7	F7_NULL_0493	203	203	1
F7	F7_NULL_0494	203	203	1
F7	F7_NULL_0495	203	203	1
F7	F7_NULL_0496	203	203	1
F7	F7_NULL_0497	203	203	1
F7	F7_NULL_0498	203	203	1
F7	F7_NULL_0499	203	203	1
F7	F7_NULL_0500	203	203	1
F7	F7_NULL_0501	203	203	1
F7	F7_NULL_0502	203	203	1
F7	F7_NULL_0503	203	203	1
F7	F7_NULL_0504	203	203	1
F7	F7_NULL_0505	203	203	1
F7	F7_NULL_0506	203	203	1
F7	F7_NULL_0507	203	203	1
F7	F7_NULL_0508	203	203	1
F7	F7_NULL_0509	203	203	1
F7	F7_NULL_0510	203	203	1
F7	F7_NULL_0511	203	203	1
F7	F7_NULL_0512	203	203	1
F7	F7_NULL_0513	203	203	1
F7	F7_NULL_0514	203	203	1
F7	F7_NULL_0515	203	203	1
F7	F7_NULL_0516	203	203	1
F7	F7_NULL_0517	203	203	1
F7	F7_NULL_0518	203	203	1
F7	F7_NULL_0519	203	203	1
F7	F7_NULL_0520	203	203	1
F7	F7_NULL_0521	203	203	1
F7	F7_NULL_0522	203	203	1
F7	F7_NULL_0523	203	203	1
F7	F7_NULL_0524	203	203	1
F7	F7_NULL_0525	203	203	1
F7	F7_NULL_0526	203	203	1
F7	F7_NULL_0527	203	203	1
F7	F7_NULL_0528	203	203	1
F7	F7_NULL_0529	203	203	1
F7	F7_NULL_0530	203	203	1
F7	F7_NULL_0531	203	203	1
F7	F7_NULL_0532	203	203	1
F7	F7_NULL_0533	203	203	1
F7	F7_NULL_0534	203	203	1
F7	F7_NULL_0535	203	203	1
F7	F7_NULL_0536	203	203	1
F7	F7_NULL_0537	203	203	1
F7	F7_NULL_0538	203	203	1
F7	F7_NULL_0539	203	203	1
F7	F7_NULL_0540	203	203	1
F7	F7_NULL_0541	203	203	1
F7	F7_NULL_0542	203	203	1
F7	F7_NULL_0543	203	203	1
F7	F7_NULL_0544	203	203	1
F7	F7_NULL_0545	203	203	1
F7	F7_NULL_0546	203	203	1
F7	F7_NULL_0547	203	203	1
F7	F7_NULL_0548	203	203	1
F7	F7_NULL_0549	203	203	1
F7	F7_NULL_0550	203	203	1
F7	F7_NULL_0551	203	203	1
F7	F7_NULL_0552	203	203	1
F7	F7_NULL_0553	203	203	1
F7	F7_NULL_0554	203	203	1
F7	F7_NULL_0555	203	203	1
F7	F7_NULL_0556	203	203	1
F7	F7_NULL_0557	203	203	1
F7	F7_NULL_0558	203	203	1
F7	F7_NULL_0559	203	203	1
F7	F7_NULL_0560	203	203	1
F7	F7_NULL_0561	203	203	1
F7	F7_NULL_0562	203	203	1
F7	F7_NULL_0563	203	203	1
F7	F7_NULL_0564	203	203	1
F7	F7_NULL_0565	203	203	1
F7	F7_NULL_0566	203	203	1
F7	F7_NULL_0567	203	203	1
F7	F7_NULL_0568	203	203	1
F7	F7_NULL_0569	203	203	1
F7	F7_NULL_0570	203	203	1
F7	F7_NULL_0571	203	203	1
F7	F7_NULL_0572	203	203	1
F7	F7_NULL_0573	203	203	1
F7	F7_NULL_0574	203	203	1
F7	F7_NULL_0575	203	203	1
F7	F7_NULL_0576	203	203	1
F7	F7_NULL_0577	203	203	1
F7	F7_NULL_0578	203	203	1
F7	F7_NULL_0579	203	203	1
F7	F7_NULL_0580	203	203	1
F7	F7_NULL_0581	203	203	1
F7	F7_NULL_0582	203	203	1
F7	F7_NULL_0583	203	203	1
F7	F7_NULL_0584	203	203	1
F7	F7_NULL_0585	203	203	1
F7	F7_NULL_0586	203	203	1
F7	F7_NULL_0587	203	203	1
F7	F7_NULL_0588	203	203	1
F7	F7_NULL_0589	203	203	1
F7	F7_NULL_0590	203	203	1
F7	F7_NULL_0591	203	203	1
F7	F7_NULL_0592	203	203	1
F7	F7_NULL_0593	203	203	1
F7	F7_NULL_0594	203	203	1
F7	F7_NULL_0595	203	203	1
F7	F7_NULL_0596	203	203	1
F7	F7_NULL_0597	203	203	1
F7	F7_NULL_0598	203	203	1
F7	F7_NULL_0599	203	203	1
F7	F7_NULL_0600	203	203	1
F7	F7_NULL_0601	203	203	1
F7	F7_NULL_0602	203	203	1
F7	F7_NULL_0603	203	203	1
F7	F7_NULL_0604	203	203	1
F7	F7_NULL_0605	203	203	1
F7	F7_NULL_0606	203	203	1
F7	F7_NULL_0607	203	203	1
F7	F7_NULL_0608	203	203	1
F7	F7_NULL_0609	203	203	1
F7	F7_NULL_0610	203	203	1
F7	F7_NULL_0611	203	203	1
F7	F7_NULL_0612	203	203	1
F7	F7_NULL_0613	203	203	1
F7	F7_NULL_0614	203	203	1
F7	F7_NULL_0615	203	203	1
F7	F7_NULL_0616	203	203	1
F7	F7_NULL_0617	203	203	1
F7	F7_NULL_0618	203	203	1
F7	F7_NULL_0619	203	203	1
F7	F7_NULL_0620	203	203	1
F7	F7_NULL_0621	203	203	1
F7	F7_NULL_0622	203	203	1
F7	F7_NULL_0623	203	203	1
F7	F7_NULL_0624	203	203	1
F7	F7_NULL_0625	203	203	1
F7	F7_NULL_0626	203	203	1
F7	F7_NULL_0627	203	203	1
F7	F7_NULL_0628	203	203	1
F7	F7_NULL_0629	203	203	1
F7	F7_NULL_0630	203	203	1
F7	F7_NULL_0631	203	203	1
F7	F7_NULL_0632	203	203	1
F7	F7_NULL_0633	203	203	1
F7	F7_NULL_0634	203	203	1
F7	F7_NULL_0635	203	203	1
F7	F7_NULL_0636	203	203	1
F7	F7_NULL_0637	203	203	1
F7	F7_NULL_0638	203	203	1
F7	F7_NULL_0639	203	203	1
F7	F7_NULL_0640	203	203	1
F7	F7_NULL_0641	203	203	1
F7	F7_NULL_0642	203	203	1
F7	F7_NULL_0643	203	203	1
F7	F7_NULL_0644	203	203	1
F7	F7_NULL_0645	203	203	1
F7	F7_NULL_0646	203	203	1
F7	F7_NULL_0647	203	203	1
F7	F7_NULL_0648	203	203	1
F7	F7_NULL_0649	203	203	1
F7	F7_NULL_0650	203	203	1
F7	F7_NULL_0651	203	203	1
F7	F7_NULL_0652	203	203	1
F7	F7_NULL_0653	203	203	1
F7	F7_NULL_0654	203	203	1
F7	F7_NULL_0655	203	203	1
F7	F7_NULL_0656	203	203	1
F7	F7_NULL_0657	203	203	1
F7	F7_NULL_0658	203	203	1
F7	F7_NULL_0659	203	203	1
F7	F7_NULL_0660	203	203	1
F7	F7_NULL_0661	203	203	1
F7	F7_NULL_0662	203	203	1
F7	F7_NULL_0663	203	203	1
F7	F7_NULL_0664	203	203	1
F7	F7_NULL_0665	203	203	1
F7	F7_NULL_0666	203	203	1
F7	F7_NULL_0667	203	203	1
F7	F7_NULL_0668	203	203	1
F7	F7_NULL_0669	203	203	1
F7	F7_NULL_0670	203	203	1
F7	F7_NULL_0671	203	203	1
F7	F7_NULL_0672	203	203	1
F7	F7_NULL_0673	203	203	1
F7	F7_NULL_0674	203	203	1
F7	F7_NULL_0675	203	203	1
F7	F7_NULL_0676	203	203	1
F7	F7_NULL_0677	203	203	1
F7	F7_NULL_0678	203	203	1
F7	F7_NULL_0679	203	203	1
F7	F7_NULL_0680	203	203	1
F7	F7_NULL_0681	203	203	1
F7	F7_NULL_0682	203	203	1
F7	F7_NULL_0683	203	203	1
F7	F7_NULL_0684	203	203	1
F7	F7_NULL_0685	203	203	1
F7	F7_NULL_0686	203	203	1
F7	F7_NULL_0687	203	203	1
F7	F7_NULL_0688	203	203	1
F7	F7_NULL_0689	203	203	1
F7	F7_NULL_0690	203	203	1
F7	F7_NULL_0691	203	203	1
F7	F7_NULL_0692	203	203	1
F7	F7_NULL_0693	203	203	1
F7	F7_NULL_0694	203	203	1
F7	F7_NULL_0695	203	203	1
F7	F7_NULL_0696	203	203	1
F7	F7_NULL_0697	203	203	1
F7	F7_NULL_0698	203	203	1
F7	F7_NULL_0699	203	203	1
F7	F7_NULL_0700	203	203	1
F7	F7_NULL_0701	203	203	1
F7	F7_NULL_0702	203	203	1
F7	F7_NULL_0703	203	203	1
F7	F7_NULL_0704	203	203	1
F7	F7_NULL_0705	203	203	1
F7	F7_NULL_0706	203	203	1
F7	F7_NULL_0707	203	203	1
F7	F7_NULL_0708	203	203	1
F7	F7_NULL_0709	203	203	1
F7	F7_NULL_0710	203	203	1
F7	F7_NULL_0711	203	203	1
F7	F7_NULL_0712	203	203	1
F7	F7_NULL_0713	203	203	1
F7	F7_NULL_0714	203	203	1
F7	F7_NULL_0715	203	203	1
F7	F7_NULL_0716	203	203	1
F7	F7_NULL_0717	203	203	1
F7	F7_NULL_0718	203	203	1
F7	F7_NULL_0719	203	203	1
F7	F7_NULL_0720	203	203	1
F7	F7_NULL_0721	203	203	1
F7	F7_NULL_0722	203	203	1
F7	F7_NULL_0723	203	203	1
F7	F7_NULL_0724	203	203	1
F7	F7_NULL_0725	203	203	1
F7	F7_NULL_0726	203	203	1
F7	F7_NULL_0727	203	203	1
F7	F7_NULL_0728	203	203	1
F7	F7_NULL_0729	203	203	1
F7	F7_NULL_0730	203	203	1
F7	F7_NULL_0731	203	203	1
F7	F7_NULL_0732	203	203	1
F7	F7_NULL_0733	203	203	1
F7	F7_NULL_0734	203	203	1
F7	F7_NULL_0735	203	203	1
F7	F7_NULL_0736	203	203	1
F7	F7_NULL_0737	203	203	1
F7	F7_NULL_0738	203	203	1
F7	F7_NULL_0739	203	203	1
F7	F7_NULL_0740	203	203	1
F7	F7_NULL_0741	203	203	1
F7	F7_NULL_0742	203	203	1
F7	F7_NULL_0743	203	203	1
F7	F7_NULL_0744	203	203	1
F7	F7_NULL_0745	203	203	1
F7	F7_NULL_0746	203	203	1
F7	F7_NULL_0747	203	203	1
F7	F7_NULL_0748	203	203	1
F7	F7_NULL_0749	203	203	1
F7	F7_NULL_0750	203	203	1
F7	F7_NULL_0751	203	203	1
F7	F7_NULL_0752	203	203	1
F7	F7_NULL_0753	203	203	1
F7	F7_NULL_0754	203	203	1
F7	F7_NULL_0755	203	203	1
F7	F7_NULL_0756	203	203	1
F7	F7_NULL_0757	203	203	1
F7	F7_NULL_0758	203	203	1
F7	F7_NULL_0759	203	203	1
F7	F7_NULL_0760	203	203	1
F7	F7_NULL_0761	203	203	1
F7	F7_NULL_0762	203	203	1
F7	F7_NULL_0763	203	203	1
F7	F7_NULL_0764	203	203	1
F7	F7_NULL_0765	203	203	1
F7	F7_NULL_0766	203	203	1
F7	F7_NULL_0767	203	203	1
F7	F7_NULL_0768	203	203	1
F7	F7_NULL_0769	203	203	1
F7	F7_NULL_0770	203	203	1
F7	F7_NULL_0771	203	203	1
F7	F7_NULL_0772	203	203	1
F7	F7_NULL_0773	203	203	1
F7	F7_NULL_0774	203	203	1
F7	F7_NULL_0775	203	203	1
F7	F7_NULL_0776	203	203	1
F7	F7_NULL_0777	203	203	1
F7	F7_NULL_0778	203	203	1
F7	F7_NULL_0779	203	203	1
F7	F7_NULL_0780	203	203	1
F7	F7_NULL_0781	203	203	1
F7	F7_NULL_0782	203	203	1
F7	F7_NULL_0783	203	203	1
F7	F7_NULL_0784	203	203	1
F7	F7_NULL_0785	203	203	1
F7	F7_NULL_0786	203	203	1
F7	F7_NULL_0787	203	203	1
F7	F7_NULL_0788	203	203	1
F7	F7_NULL_0789	203	203	1
F7	F7_NULL_0790	203	203	1
F7	F7_NULL_0791	203	203	1
F7	F7_NULL_0792	203	203	1
F7	F7_NULL_0793	203	203	1
F7	F7_NULL_0794	203	203	1
F7	F7_NULL_0795	203	203	1
F7	F7_NULL_0796	203	203	1
F7	F7_NULL_0797	203	203	1
F7	F7_NULL_0798	203	203	1
F7	F7_NULL_0799	203	203	1
F7	F7_NULL_0800	203	203	1
F7	F7_NULL_0801	203	203	1
F7	F7_NULL_0802	203	203	1
F7	F7_NULL_0803	203	203	1
F7	F7_NULL_0804	203	203	1
F7	F7_NULL_0805	203	203	1
F7	F7_NULL_0806	203	203	1
F7	F7_NULL_0807	203	203	1
F7	F7_NULL_0808	203	203	1
F7	F7_NULL_0809	203	203	1
F7	F7_NULL_0810	203	203	1
F7	F7_NULL_0811	203	203	1
F7	F7_NULL_0812	203	203	1
F7	F7_NULL_0813	203	203	1
F7	F7_NULL_0814	203	203	1
F7	F7_NULL_0815	203	203	1
F7	F7_NULL_0816	203	203	1
F7	F7_NULL_0817	203	203	1
F7	F7_NULL_0818	203	203	1
F7	F7_NULL_0819	203	203	1
F7	F7_NULL_0820	203	203	1
F7	F7_NULL_0821	203	203	1
F7	F7_NULL_0822	203	203	1
F7	F7_NULL_0823	203	203	1
F7	F7_NULL_0824	203	203	1
F7	F7_NULL_0825	203	203	1
F7	F7_NULL_0826	203	203	1
F7	F7_NULL_0827	203	203	1
F7	F7_NULL_0828	203	203	1
F7	F7_NULL_0829	203	203	1
F7	F7_NULL_0830	203	203	1
F7	F7_NULL_0831	203	203	1
F7	F7_NULL_0832	203	203	1
F7	F7_NULL_0833	203	203	1
F7	F7_NULL_0834	203	203	1
F7	F7_NULL_0835	203	203	1
F7	F7_NULL_0836	203	203	1
F7	F7_NULL_0837	203	203	1
F7	F7_NULL_0838	203	203	1
F7	F7_NULL_0839	203	203	1
F7	F7_NULL_0840	203	203	1
F7	F7_NULL_0841	203	203	1
F7	F7_NULL_0842	203	203	1
F7	F7_NULL_0843	203	203	1
F7	F7_NULL_0844	203	203	1
F7	F7_NULL_0845	203	203	1
F7	F7_NULL_0846	203	203	1
F7	F7_NULL_0847	203	203	1
F7	F7_NULL_0848	203	203	1
F7	F7_NULL_0849	203	203	1
F7	F7_NULL_0850	203	203	1
F7	F7_NULL_0851	203	203	1
F7	F7_NULL_0852	203	203	1
F7	F7_NULL_0853	203	203	1
F7	F7_NULL_0854	203	203	1
F7	F7_NULL_0855	203	203	1
F7	F7_NULL_0856	203	203	1
F7	F7_NULL_0857	203	203	1
F7	F7_NULL_0858	203	203	1
F7	F7_NULL_0859	203	203	1
F7	F7_NULL_0860	203	203	1
F7	F7_NULL_0861	203	203	1
F7	F7_NULL_0862	203	203	1
F7	F7_NULL_0863	203	203	1
F7	F7_NULL_0864	203	203	1
F7	F7_NULL_0865	203	203	1
F7	F7_NULL_0866	203	203	1
F7	F7_NULL_0867	203	203	1
F7	F7_NULL_0868	203	203	1
F7	F7_NULL_0869	203	203	1
F7	F7_NULL_0870	203	203	1
F7	F7_NULL_0871	203	203	1
F7	F7_NULL_0872	203	203	1
F7	F7_NULL_0873	203	203	1
F7	F7_NULL_0874	203	203	1
F7	F7_NULL_0875	203	203	1
F7	F7_NULL_0876	203	203	1
F7	F7_NULL_0877	203	203	1
F7	F7_NULL_0878	203	203	1
F7	F7_NULL_0879	203	203	1
F7	F7_NULL_0880	203	203	1
F7	F7_NULL_0881	203	203	1
F7	F7_NULL_0882	203	203	1
F7	F7_NULL_0883	203	203	1
F7	F7_NULL_0884	203	203	1
F7	F7_NULL_0885	203	203	1
F7	F7_NULL_0886	203	203	1
F7	F7_NULL_0887	203	203	1
F7	F7_NULL_0888	203	203	1
F7	F7_NULL_0889	203	203	1
F7	F7_NULL_0890	203	203	1
F7	F7_NULL_0891	203	203	1
F7	F7_NULL_0892	203	203	1
F7	F7_NULL_0893	203	203	1
F7	F7_NULL_0894	203	203	1
F7	F7_NULL_0895	203	203	1
F7	F7_NULL_0896	203	203	1
F7	F7_NULL_0897	203	203	1
F7	F7_NULL_0898	203	203	1
F7	F7_NULL_0899	203	203	1
F7	F7_NULL_0900	203	203	1
F7	F7_NULL_0901	203	203	1
F7	F7_NULL_0902	203	203	1
F7	F7_NULL_0903	203	203	1
F7	F7_NULL_0904	203	203	1
F7	F7_NULL_0905	203	203	1
F7	F7_NULL_0906	203	203	1
F7	F7_NULL_0907	203	203	1
F7	F7_NULL_0908	203	203	1
F7	F7_NULL_0909	203	203	1
F7	F7_NULL_0910	203	203	1
F7	F7_NULL_0911	203	203	1
F7	F7_NULL_0912	203	203	1
F7	F7_NULL_0913	203	203	1
F7	F7_NULL_0914	203	203	1
F7	F7_NULL_0915	203	203	1
F7	F7_NULL_0916	203	203	1
F7	F7_NULL_0917	203	203	1
F7	F7_NULL_0918	203	203	1
F7	F7_NULL_0919	203	203	1
F7	F7_NULL_0920	203	203	1
F7	F7_NULL_0921	203	203	1
F7	F7_NULL_0922	203	203	1
F7	F7_NULL_0923	203	203	1
F7	F7_NULL_0924	203	203	1
F7	F7_NULL_0925	203	203	1
F7	F7_NULL_0926	203	203	1
F7	F7_NULL_0927	203	203	1
F7	F7_NULL_0928	203	203	1
F7	F7_NULL_0929	203	203	1
F7	F7_NULL_0930	203	203	1
F7	F7_NULL_0931	203	203	1
F7	F7_NULL_0932	203	203	1
F7	F7_NULL_0933	203	203	1
F7	F7_NULL_0934	203	203	1
F7	F7_NULL_0935	203	203	1
F7	F7_NULL_0936	203	203	1
F7	F7_NULL_0937	203	203	1
F7	F7_NULL_0938	203	203	1
F7	F7_NULL_0939	203	203	1
F7	F7_NULL_0940	203	203	1
F7	F7_NULL_0941	203	203	1
F7	F7_NULL_0942	203	203	1
F7	F7_NULL_0943	203	203	1
F7	F7_NULL_0944	203	203	1
F7	F7_NULL_0945	203	203	1
F7	F7_NULL_0946	203	203	1
F7	F7_NULL_0947	203	203	1
F7	F7_NULL_0948	203	203	1
F7	F7_NULL_0949	203	203	1
F7	F7_NULL_0950	203	203	1
F7	F7_NULL_0951	203	203	1
F7	F7_NULL_0952	203	203	1
F7	F7_NULL_0953	203	203	1
F7	F7_NULL_0954	203	203	1
F7	F7_NULL_0955	203	203	1
F7	F7_NULL_0956	203	203	1
F7	F7_NULL_0957	203	203	1
F7	F7_NULL_0958	203	203	1
F7	F7_NULL_0959	203	203	1
F7	F7_NULL_0960	203	203	1
F7	F7_NULL_0961	203	203	1
F7	F7_NULL_0962	203	203	1
F7	F7_NULL_0963	203	203	1
F7	F7_NULL_0964	203	203	1
F7	F7_NULL_0965	203	203	1
F7	F7_NULL_0966	203	203	1
F7	F7_NULL_0967	203	203	1
F7	F7_NULL_0968	203	203	1
F7	F7_NULL_0969	203	203	1
F7	F7_NULL_0970	203	203	1
F7	F7_NULL_0971	203	203	1
F7	F7_NULL_0972	203	203	1
F7	F7_NULL_0973	203	203	1
F7	F7_NULL_0974	203	203	1
F7	F7_NULL_0975	203	203	1
F7	F7_NULL_0976	203	203	1
F7	F7_NULL_0977	203	203	1
F7	F7_NULL_0978	203	203	1
F7	F7_NULL_0979	203	203	1
F7	F7_NULL_0980	203	203	1
F7	F7_NULL_0981	203	203	1
F7	F7_NULL_0982	203	203	1
F7	F7_NULL_0983	203	203	1
F7	F7_NULL_0984	203	203	1
F7	F7_NULL_0985	203	203	1
F7	F7_NULL_0986	203	203	1
F7	F7_NULL_0987	203	203	1
F7	F7_NULL_0988	203	203	1
F7	F7_NULL_0989	203	203	1
F7	F7_NULL_0990	203	203	1
F7	F7_NULL_0991	203	203	1
F7	F7_NULL_0992	203	203	1
F7	F7_NULL_0993	203	203	1
F7	F7_NULL_0994	203	203	1
F7	F7_NULL_0995	203	203	1
F7	F7_NULL_0996	203	203	1
F7	F7_NULL_0997	203	203	1
F7	F7_NULL_0998	203	203	1
F7	F7_NULL_0999	203	203	1
F7	F7_NULL_1000	203	203	1
F7	F7_NULL_1001	203	203	1
F7	F7_NULL_1002	203	203	1
F7	F7_NULL_1003	203	203	1
F7	F7_NULL_1004	203	203	1
F7	F7_NULL_1005	203	203	1
F7	F7_NULL_1006	203	203	1
F7	F7_NULL_1007	203	203	1
F7	F7_NULL_1008	203	203	1
F7	F7_NULL_1009	203	203	1
F7	F7_NULL_1010	203	203	1
F7	F7_NULL_1011	203	203	1
F7	F7_NULL_1012	203	203	1
F7	F7_NULL_1013	203	203	1
F7	F7_NULL_1014	203	203	1
F7	F7_NULL_1015	203	203	1
F7	F7_NULL_1016	203	203	1
F7	F7_NULL_1017	203	203	1
F7	F7_NULL_1018	203	203	1
F7	F7_NULL_1019	203	203	1
F7	F7_NULL_1020	203	203	1
F7	F7_NULL_1021	203	203	1
F7	F7_NULL_1022	203	203	1
F7	F7_NULL_1023	203	203	1
F7	F7_NULL_1024	203	203	1
F7	F7_NULL_1025	203	203	1
F7	F7_NULL_1026	203	203	1
F7	F7_NULL_1027	203	203	1
F7	F7_NULL_1028	203	203	1
F7	F7_NULL_1029	203	203	1
F7	F7_NULL_1030	203	203	1
F7	F7_NULL_1031	203	203	1
F7	F7_NULL_1032	203	203	1
F7	F7_NULL_1033	203	203	1
F7	F7_NULL_1034	203	203	1
F7	F7_NULL_1035	203	203	1
F7	F7_NULL_1036	203	203	1
F7	F7_NULL_1037	203	203	1
F7	F7_NULL_1038	203	203	1
F7	F7_NULL_1039	203	203	1
F7	F7_NULL_1040	203	203	1
F7	F7_NULL_1041	203	203	1
F7	F7_NULL_1042	203	203	1
F7	F7_NULL_1043	203	203	1
F7	F7_NULL_1044	203	203	1
F7	F7_NULL_1045	203	203	1
F7	F7_NULL_1046	203	203	1
F7	F7_NULL_1047	203	203	1
F7	F7_NULL_1048	203	203	1
F7	F7_NULL_1049	203	203	1
F7	F7_NULL_1050	203	203	1
F7	F7_NULL_1051	203	203	1
F7	F7_NULL_1052	203	203	1
F7	F7_NULL_1053	203	203	1
F7	F7_NULL_1054	203	203	1
F7	F7_NULL_1055	203	203	1
F7	F7_NULL_1056	203	203	1
F7	F7_NULL_1057	203	203	1
F7	F7_NULL_1058	203	203	1
F7	F7_NULL_1059	203	203	1
F7	F7_NULL_1060	203	203	1
F7	F7_NULL_1061	203	203	1
F7	F7_NULL_1062	203	203	1
F7	F7_NULL_1063	203	203	1
F7	F7_NULL_1064	203	203	1
F7	F7_NULL_1065	203	203	1
F7	F7_NULL_1066	203	203	1
F7	F7_NULL_1067	203	203	1
F7	F7_NULL_1068	203	203	1
F7	F7_NULL_1069	203	203	1
F7	F7_NULL_1070	203	203	1
F7	F7_NULL_1071	203	203	1
F7	F7_NULL_1072	203	203	1
F7	F7_NULL_1073	203	203	1
F7	F7_NULL_1074	203	203	1
F7	F7_NULL_1075	203	203	1
F7	F7_NULL_1076	203	203	1
F7	F7_NULL_1077	203	203	1
F7	F7_NULL_1078	203	203	1
F7	F7_NULL_1079	203	203	1
F7	F7_NULL_1080	203	203	1
F7	F7_NULL_1081	203	203	1
F7	F7_NULL_1082	203	203	1
F7	F7_NULL_1083	203	203	1
F7	F7_NULL_1084	203	203	1
F7	F7_NULL_1085	203	203	1
F7	F7_NULL_1086	203	203	1
F7	F7_NULL_1087	203	203	1
F7	F7_NULL_1088	203	203	1
F7	F7_NULL_1089	203	203	1
F7	F7_NULL_1090	203	203	1
F7	F7_NULL_1091	203	203	1
F7	F7_NULL_1092	203	203	1
F7	F7_NULL_1093	203	203	1
F7	F7_NULL_1094	203	203	1
F7	F7_NULL_1095	203	203	1
F7	F7_NULL_1096	203	203	1
F7	F7_NULL_1097	203	203	1
F7	F7_NULL_1098	203	203	1
F7	F7_NULL_1099	203	203	1
F7	F7_NULL_1100	203	203	1
F7	F7_NULL_1101	203	203	1
F7	F7_NULL_1102	203	203	1
F7	F7_NULL_1103	203	203	1
F7	F7_NULL_1104	203	203	1
F7	F7_NULL_1105	203	203	1
F7	F7_NULL_1106	203	203	1
F7	F7_NULL_1107	203	203	1
F7	F7_NULL_1108	203	203	1
F7	F7_NULL_1109	203	203	1
F7	F7_NULL_1110	203	203	1
F7	F7_NULL_1111	203	203	1
F7	F7_NULL_1112	203	203	1
F7	F7_NULL_1113	203	203	1
F7	F7_NULL_1114	203	203	1
F7	F7_NULL_1115	203	203	1
F7	F7_NULL_1116	203	203	1
F7	F7_NULL_1117	203	203	1
F7	F7_NULL_1118	203	203	1
F7	F7_NULL_1119	203	203	1
F7	F7_NULL_1120	203	203	1
F7	F7_NULL_1121	203	203	1
F7	F7_NULL_1122	203	203	1
F7	F7_NULL_1123	203	203	1
F7	F7_NULL_1124	203	203	1
F7	F7_NULL_1125	203	203	1
F7	F7_NULL_1126	203	203	1
F7	F7_NULL_1127	203	203	1
F7	F7_NULL_1128	203	203	1
F7	F7_NULL_1129	203	203	1
F7	F7_NULL_1130	203	203	1
F7	F7_NULL_1131	203	203	1
F7	F7_NULL_1132	203	203	1
F7	F7_NULL_1133	203	203	1
F7	F7_NULL_1134	203	203	1
F7	F7_NULL_1135	203	203	1
F7	F7_NULL_1136	203	203	1
F7	F7_NULL_1137	203	203	1
F7	F7_NULL_1138	203	203	1
F7	F7_NULL_1139	203	203	1
F7	F7_NULL_1140	203	203	1
F7	F7_NULL_1141	203	203	1
F7	F7_NULL_1142	203	203	1
F7	F7_NULL_1143	203	203	1
F7	F7_NULL_1144	203	203	1
F7	F7_NULL_1145	203	203	1
F7	F7_NULL_1146	203	203	1
F7	F7_NULL_1147	203	203	1
F7	F7_NULL_1148	203	203	1
F7	F7_NULL_1149	203	203	1
F7	F7_NULL_1150	203	203	1
F7	F7_NULL_1151	203	203	1
F7	F7_NULL_1152	203	203	1
F7	F7_NULL_1153	203	203	1
F7	F7_NULL_1154	203	203	1
F7	F7_NULL_1155	203	203	1
F7	F7_NULL_1156	203	203	1
F7	F7_NULL_1157	203	203	1
F7	F7_NULL_1158	203	203	1
F7	F7_NULL_1159	203	203	1
F7	F7_NULL_1160	203	203	1
F7	F7_NULL_1161	203	203	1
F7	F7_NULL_1162	203	203	1
F7	F7_NULL_1163	203	203	1
F7	F7_NULL_1164	203	203	1
F7	F7_NULL_1165	203	203	1
F7	F7_NULL_1166	203	203	1
F7	F7_NULL_1167	203	203	1
F7	F7_NULL_1168	203	203	1
F7	F7_NULL_1169	203	203	1
F7	F7_NULL_1170	203	203	1
F7	F7_NULL_1171	203	203	1
F7	F7_NULL_1172	203	203	1
F7	F7_NULL_1173	203	203	1
F7	F7_NULL_1174	203	203	1
F7	F7_NULL_1175	203	203	1
F7	F7_NULL_1176	203	203	1
F7	F7_NULL_1177	203	203	1
F7	F7_NULL_1178	203	203	1
F7	F7_NULL_1179	203	203	1
F7	F7_NULL_1180	203	203	1
F7	F7_NULL_1181	203	203	1
F7	F7_NULL_1182	203	203	1
F7	F7_NULL_1183	203	203	1
F7	F7_NULL_1184	203	203	1
F7	F7_NULL_1185	203	203	1
F7	F7_NULL_1186	203	203	1
F7	F7_NULL_1187	203	203	1
F7	F7_NULL_1188	203	203	1
F7	F7_NULL_1189	203	203	1
F7	F7_NULL_1190	203	203	1
F7	F7_NULL_1191	203	203	1
F7	F7_NULL_1192	203	203	1
F7	F7_NULL_1193	203	203	1
F7	F7_NULL_1194	203	203	1
F7	F7_NULL_1195	203	203	1
F7	F7_NULL_1196	203	203	1
F7	F7_NULL_1197	203	203	1
F7	F7_NULL_1198	203	203	1
F7	F7_NULL_1199	203	203	1
F7	F7_NULL_1200	203	203	1
F7	F7_NULL_1201	203	203	1
F7	F7_NULL_1202	203	203	1
F7	F7_NULL_1203	203	203	1
F7	F7_NULL_1204	203	203	1
F7	F7_NULL_1205	203	203	1
F7	F7_NULL_1206	203	203	1
F7	F7_NULL_1207	203	203	1
F7	F7_NULL_1208	203	203	1
F7	F7_NULL_1209	203	203	1
F7	F7_NULL_1210	203	203	1
F7	F7_NULL_1211	203	203	1
F7	F7_NULL_1212	203	203	1
F7	F7_NULL_1213	203	203	1
F7	F7_NULL_1214	203	203	1
F7	F7_NULL_1215	203	203	1
F7	F7_NULL_1216	203	203	1
F7	F7_NULL_1217	203	203	1
F7	F7_NULL_1218	203	203	1
F7	F7_NULL_1219	203	203	1
F7	F7_NULL_1220	203	203	1
F7	F7_NULL_1221	203	203	1
F7	F7_NULL_1222	203	203	1
F7	F7_NULL_1223	203	203	1
F7	F7_NULL_1224	203	203	1
F7	F7_NULL_1225	203	203	1
F7	F7_NULL_1226	203	203	1
F7	F7_NULL_1227	203	203	1
F7	F7_NULL_1228	203	203	1
F7	F7_NULL_1229	203	203	1
F7	F7_NULL_1230	203	203	1
F7	F7_NULL_1231	203	203	1
F7	F7_NULL_1232	203	203	1
F7	F7_NULL_1233	203	203	1
F7	F7_NULL_1234	203	203	1
F7	F7_NULL_1235	203	203	1
F7	F7_NULL_1236	203	203	1
F7	F7_NULL_1237	203	203	1
F7	F7_NULL_1238	203	203	1
F7	F7_NULL_1239	203	203	1
F7	F7_NULL_1240	203	203	1
F7	F7_NULL_1241	203	203	1
F7	F7_NULL_1242	203	203	1
F7	F7_NULL_1243	203	203	1
F7	F7_NULL_1244	203	203	1
F7	F7_NULL_1245	203	203	1
F7	F7_NULL_1246	203	203	1
F7	F7_NULL_1247	203	203	1
F7	F7_NULL_1248	203	203	1
F7	F7_NULL_1249	203	203	1
F7	F7_NULL_1250	203	203	1
F7	F7_NULL_1251	203	203	1
F7	F7_NULL_1252	203	203	1
F7	F7_NULL_1253	203	203	1
F7	F7_NULL_1254	203	203	1
F7	F7_NULL_1255	203	203	1
F7	F7_NULL_1256	203	203	1
F7	F7_NULL_1257	203	203	1
F7	F7_NULL_1258	203	203	1
F7	F7_NULL_1259	203	203	1
F7	F7_NULL_1260	203	203	1
F7	F7_NULL_1261	203	203	1
F7	F7_NULL_1262	203	203	1
F7	F7_NULL_1263	203	203	1
F7	F7_NULL_1264	203	203	1
F7	F7_NULL_1265	203	203	1
F7	F7_NULL_1266	203	203	1
F7	F7_NULL_1267	203	203	1
F7	F7_NULL_1268	203	203	1
F7	F7_NULL_1269	203	203	1
F7	F7_NULL_1270	203	203	1
F7	F7_NULL_1271	203	203	1
F7	F7_NULL_1272	203	203	1
F7	F7_NULL_1273	203	203	1
F7	F7_NULL_1274	203	203	1
F7	F7_NULL_1275	203	203	1
F7	F7_NULL_1276	203	203	1
F7	F7_NULL_1277	203	203	1
F7	F7_NULL_1278	203	203	1
F7	F7_NULL_1279	203	203	1
F7	F7_NULL_1280	203	203	1
F7	F7_NULL_1281	203	203	1
F7	F7_NULL_1282	203	203	1
F7	F7_NULL_1283	203	203	1
F7	F7_NULL_1284	203	203	1
F7	F7_NULL_1285	203	203	1
F7	F7_NULL_1286	203	203	1
F7	F7_NULL_1287	203	203	1
F7	F7_NULL_1288	203	203	1
F7	F7_NULL_1289	203	203	1
F7	F7_NULL_1290	203	203	1
F7	F7_NULL_1291	203	203	1
F7	F7_NULL_1292	203	203	1
F7	F7_NULL_1293	203	203	1
F7	F7_NULL_1294	203	203	1
F7	F7_NULL_1295	203	203	1
F7	F7_NULL_1296	203	203	1
F7	F7_NULL_1297	203	203	1
F7	F7_NULL_1298	203	203	1
F7	F7_NULL_1299	203	203	1
F7	F7_NULL_1300	203	203	1
F7	F7_NULL_1301	203	203	1
F7	F7_NULL_1302	203	203	1
F7	F7_NULL_1303	203	203	1
F7	F7_NULL_1304	203	203	1
F7	F7_NULL_1305	203	203	1
F7	F7_NULL_1306	203	203	1
F7	F7_NULL_1307	203	203	1
F7	F7_NULL_1308	203	203	1
F7	F7_NULL_1309	203	203	1
F7	F7_NULL_1310	203	203	1
F7	F7_NULL_1311	203	203	1
F7	F7_NULL_1312	203	203	1
F7	F7_NULL_1313	203	203	1
F7	F7_NULL_1314	203	203	1
F7	F7_NULL_1315	203	203	1
F7	F7_NULL_1316	203	203	1
F7	F7_NULL_1317	203	203	1
F7	F7_NULL_1318	203	203	1
F7	F7_NULL_1319	203	203	1
F7	F7_NULL_1320	203	203	1
F7	F7_NULL_1321	203	203	1
F7	F7_NULL_1322	203	203	1
F7	F7_NULL_1323	203	203	1
F7	F7_NULL_1324	203	203	1
F7	F7_NULL_1325	203	203	1
F7	F7_NULL_1326	203	203	1
F7	F7_NULL_1327	203	203	1
F7	F7_NULL_1328	203	203	1
F7	F7_NULL_1329	203	203	1
F7	F7_NULL_1330	203	203	1
F7	F7_NULL_1331	203	203	1
F7	F7_NULL_1332	203	203	1
F7	F7_NULL_1333	203	203	1
F7	F7_NULL_1334	203	203	1
F7	F7_NULL_1335	203	203	1
F7	F7_NULL_1336	203	203	1
F7	F7_NULL_1337	203	203	1
F7	F7_NULL_1338	203	203	1
F7	F7_NULL_1339	203	203	1
F7	F7_NULL_1340	203	203	1
F7	F7_NULL_1341	203	203	1
F7	F7_NULL_1342	203	203	1
F7	F7_NULL_1343	203	203	1
F7	F7_NULL_1344	203	203	1
F7	F7_NULL_1345	203	203	1
F7	F7_NULL_1346	203	203	1
F7	F7_NULL_1347	203	203	1
F7	F7_NULL_1348	203	203	1
F7	F7_NULL_1349	203	203	1
F7	F7_NULL_1350	203	203	1
F7	F7_NULL_1351	203	203	1
F7	F7_NULL_1352	203	203	1
F7	F7_NULL_1353	203	203	1
F7	F7_NULL_1354	203	203	1
F7	F7_NULL_1355	203	203	1
F7	F7_NULL_1356	203	203	1
F7	F7_NULL_1357	203	203	1
F7	F7_NULL_1358	203	203	1
F7	F7_NULL_1359	203	203	1
F7	F7_NULL_1360	203	203	1
F7	F7_NULL_1361	203	203	1
F7	F7_NULL_1362	203	203	1
F7	F7_NULL_1363	203	203	1
F7	F7_NULL_1364	203	203	1
F7	F7_NULL_1365	203	203	1
F7	F7_NULL_1366	203	203	1
F7	F7_NULL_1367	203	203	1
F7	F7_NULL_1368	203	203	1
F7	F7_NULL_1369	203	203	1
F7	F7_NULL_1370	203	203	1
F7	F7_NULL_1371	203	203	1
F7	F7_NULL_1372	203	203	1
F7	F7_NULL_1373	203	203	1
F7	F7_NULL_1374	203	203	1
F7	F7_NULL_1375	203	203	1
F7	F7_NULL_1376	203	203	1
F7	F7_NULL_1377	203	203	1
F7	F7_NULL_1378	203	203	1
F7	F7_NULL_1379	203	203	1
F7	F7_NULL_1380	203	203	1
F7	F7_NULL_1381	203	203	1
F7	F7_NULL_1382	203	203	1
F7	F7_NULL_1383	203	203	1
F7	F7_NULL_1384	203	203	1
F7	F7_NULL_1385	203	203	1
F7	F7_NULL_1386	203	203	1
F7	F7_NULL_1387	203	203	1
F7	F7_NULL_1388	203	203	1
F7	F7_NULL_1389	203	203	1
F7	F7_NULL_1390	203	203	1
F7	F7_NULL_1391	203	203	1
F7	F7_NULL_1392	203	203	1
F7	F7_NULL_1393	203	203	1
F7	F7_NULL_1394	203	203	1
F7	F7_NULL_1395	203	203	1
F7	F7_NULL_1396	203	203	1
F7	F7_NULL_1397	203	203	1
F7	F7_NULL_1398	203	203	1
F7	F7_NULL_1399	203	203	1
F7	F7_NULL_1400	203	203	1
F7	F7_NULL_1401	203	203	1
F7	F7_NULL_1402	203	203	1
F7	F7_NULL_1403	203	203	1
F7	F7_NULL_1404	203	203	1
F7	F7_NULL_1405	203	203	1
F7	F7_NULL_1406	203	203	1
F7	F7_NULL_1407	203	203	1
F7	F7_NULL_1408	203	203	1
F7	F7_NULL_1409	203	203	1
F7	F7_NULL_1410	203	203	1
F7	F7_NULL_1411	203	203	1
F7	F7_NULL_1412	203	203	1
F7	F7_NULL_1413	203	203	1
F7	F7_NULL_1414	203	203	1
F7	F7_NULL_1415	203	203	1
F7	F7_NULL_1416	203	203	1
F7	F7_NULL_1417	203	203	1
F7	F7_NULL_1418	203	203	1
F7	F7_NULL_1419	203	203	1
F7	F7_NULL_1420	203	203	1
F7	F7_NULL_1421	203	203	1
F7	F7_NULL_1422	203	203	1
F7	F7_NULL_1423	203	203	1
F7	F7_NULL_1424	203	203	1
F7	F7_NULL_1425	203	203	1
F7	F7_NULL_1426	203	203	1
F7	F7_NULL_1427	203	203	1
F7	F7_NULL_1428	203	203	1
F7	F7_NULL_1429	203	203	1
F7	F7_NULL_1430	203	203	1
F7	F7_NULL_1431	203	203	1
F7	F7_NULL_1432	203	203	1
F7	F7_NULL_1433	203	203	1
F7	F7_NULL_1434	203	203	1
F7	F7_NULL_1435	203	203	1
F7	F7_NULL_1436	203	203	1
F7	F7_NULL_1437	203	203	1
F7	F7_NULL_1438	203	203	1
F7	F7_NULL_1439	203	203	1
F7	F7_NULL_1440	203	203	1
F7	F7_NULL_1441	203	203	1
F7	F7_NULL_1442	203	203	1
F7	F7_NULL_1443	203	203	1
F7	F7_NULL_1444	203	203	1
F7	F7_NULL_1445	203	203	1
F7	F7_NULL_1446	203	203	1
F7	F7_NULL_1447	203	203	1
F7	F7_NULL_1448	203	203	1
F7	F7_NULL_1449	203	203	1
F7	F7_NULL_1450	203	203	1
F7	F7_NULL_1451	203	203	1
F7	F7_NULL_1452	203	203	1
F7	F7_NULL_1453	203	203	1
F7	F7_NULL_1454	203	203	1
F7	F7_NULL_1455	203	203	1
F7	F7_NULL_1456	203	203	1
F7	F7_NULL_1457	203	203	1
F7	F7_NULL_1458	203	203	1
F7	F7_NULL_1459	203	203	1
F7	F7_NULL_1460	203	203	1
F7	F7_NULL_1461	203	203	1
F7	F7_NULL_1462	203	203	1
F7	F7_NULL_1463	203	203	1
F7	F7_NULL_1464	203	203	1
F7	F7_NULL_1465	203	203	1
F7	F7_NULL_1466	203	203	1
F7	F7_NULL_1467	203	203	1
F7	F7_NULL_1468	203	203	1
F7	F7_NULL_1469	203	203	1
F7	F7_NULL_1470	203	203	1
F7	F7_NULL_1471	203	203	1
F7	F7_NULL_1472	203	203	1
F7	F7_NULL_1473	203	203	1
F7	F7_NULL_1474	203	203	1
F7	F7_NULL_1475	203	203	1
F7	F7_NULL_1476	203	203	1
F7	F7_NULL_1477	203	203	1
F7	F7_NULL_1478	203	203	1
F7	F7_NULL_1479	203	203	1
F7	F7_NULL_1480	203	203	1
F7	F7_NULL_1481	203	203	1
F7	F7_NULL_1482	203	203	1
F7	F7_NULL_1483	203	203	1
F7	F7_NULL_1484	203	203	1
F7	F7_NULL_1485	203	203	1
F7	F7_NULL_1486	203	203	1
F7	F7_NULL_1487	203	203	1
F7	F7_NULL_1488	203	203	1
F7	F7_NULL_1489	203	203	1
F7	F7_NULL_1490	203	203	1
F7	F7_NULL_1491	203	203	1
F7	F7_NULL_1492	203	203	1
F7	F7_NULL_1493	203	203	1
F7	F7_NULL_1494	203	203	1
F7	F7_NULL_1495	203	203	1
F7	F7_NULL_1496	203	203	1
F7	F7_NULL_1497	203	203	1
F7	F7_NULL_1498	203	203	1
F7	F7_NULL_1499	203	203	1
F7	F7_NULL_1500	203	203	1
F7	F7_NULL_1501	203	203	1
F7	F7_NULL_1502	203	203	1
F7	F7_NULL_1503	203	203	1
F7	F7_NULL_1504	203	203	1
F7	F7_NULL_1505	203	203	1
F7	F7_NULL_1506	203	203	1
F7	F7_NULL_1507	203	203	1
F7	F7_NULL_1508	203	203	1
F7	F7_NULL_1509	203	203	1
F7	F7_NULL_1510	203	203	1
F7	F7_NULL_1511	203	203	1
F7	F7_NULL_1512	203	203	1
F7	F7_NULL_1513	203	203	1
F7	F7_NULL_1514	203	203	1
F7	F7_NULL_1515	203	203	1
F7	F7_NULL_1516	203	203	1
F7	F7_NULL_1517	203	203	1
F7	F7_NULL_1518	203	203	1
F7	F7_NULL_1519	203	203	1
F7	F7_NULL_1520	203	203	1
F7	F7_NULL_1521	203	203	1
F7	F7_NULL_1522	203	203	1
F7	F7_NULL_1523	203	203	1
F7	F7_NULL_1524	203	203	1
F7	F7_NULL_1525	203	203	1
F7	F7_NULL_1526	203	203	1
F7	F7_NULL_1527	203	203	1
F7	F7_NULL_1528	203	203	1
F7	F7_NULL_1529	203	203	1
F7	F7_NULL_1530	203	203	1
F7	F7_NULL_1531	203	203	1
F7	F7_NULL_1532	203	203	1
F7	F7_NULL_1533	203	203	1
F7	F7_NULL_1534	203	203	1
F7	F7_NULL_1535	203	203	1
F7	F7_NULL_1536	203	203	1
F7	F7_NULL_1537	203	203	1
F7	F7_NULL_1538	203	203	1
F7	F7_NULL_1539	203	203	1
F7	F7_NULL_1540	203	203	1
F7	F7_NULL_1541	203	203	1
F7	F7_NULL_1542	203	203	1
F7	F7_NULL_1543	203	203	1
F7	F7_NULL_1544	203	203	1
F7	F7_NULL_1545	203	203	1
F7	F7_NULL_1546	203	203	1
F7	F7_NULL_1547	203	203	1
F7	F7_NULL_1548	203	203	1
F7	F7_NULL_1549	203	203	1
F7	F7_NULL_1550	203	203	1
F7	F7_NULL_1551	203	203	1
F7	F7_NULL_1552	203	203	1
F7	F7_NULL_1553	203	203	1
F7	F7_NULL_1554	203	203	1
F7	F7_NULL_1555	203	203	1
F7	F7_NULL_1556	203	203	1
F7	F7_NULL_1557	203	203	1
F7	F7_NULL_1558	203	203	1
F7	F7_NULL_1559	203	203	1
F7	F7_NULL_1560	203	203	1
F7	F7_NULL_1561	203	203	1
F7	F7_NULL_1562	203	203	1
F7	F7_NULL_1563	203	203	1
F7	F7_NULL_1564	203	203	1
F7	F7_NULL_1565	203	203	1
F7	F7_NULL_1566	203	203	1
F7	F7_NULL_1567	203	203	1
F7	F7_NULL_1568	203	203	1
F7	F7_NULL_1569	203	203	1
F7	F7_NULL_1570	203	203	1
F7	F7_NULL_1571	203	203	1
F7	F7_NULL_1572	203	203	1
F7	F7_NULL_1573	203	203	1
F7	F7_NULL_1574	203	203	1
F7	F7_NULL_1575	203	203	1
F7	F7_NULL_1576	203	203	1
F7	F7_NULL_1577	203	203	1
F7	F7_NULL_1578	203	203	1
F7	F7_NULL_1579	203	203	1
F7	F7_NULL_1580	203	203	1
F7	F7_NULL_1581	203	203	1
F7	F7_NULL_1582	203	203	1
F7	F7_NULL_1583	203	203	1
F7	F7_NULL_1584	203	203	1
F7	F7_NULL_1585	203	203	1
F7	F7_NULL_1586	203	203	1
F7	F7_NULL_1587	203	203	1
F7	F7_NULL_1588	203	203	1
F7	F7_NULL_1589	203	203	1
F7	F7_NULL_1590	203	203	1
F7	F7_NULL_1591	203	203	1
F7	F7_NULL_1592	203	203	1
F7	F7_NULL_1593	203	203	1
F7	F7_NULL_1594	203	203	1
F7	F7_NULL_1595	203	203	1
F7	F7_NULL_1596	203	203	1
F7	F7_NULL_1597	203	203	1
F7	F7_NULL_1598	203	203	1
F7	F7_NULL_1599	203	203	1
F7	F7_NULL_1600	203	203	1
F7	F7_NULL_1601	203	203	1
F7	F7_NULL_1602	203	203	1
F7	F7_NULL_1603	203	203	1
F7	F7_NULL_1604	203	203	1
F7	F7_NULL_1605	203	203	1
F7	F7_NULL_1606	203	203	1
F7	F7_NULL_1607	203	203	1
F7	F7_NULL_1608	203	203	1
F7	F7_NULL_1609	203	203	1
F7	F7_NULL_1610	203	203	1
F7	F7_NULL_1611	203	203	1
F7	F7_NULL_1612	203	203	1
F7	F7_NULL_1613	203	203	1
F7	F7_NULL_1614	203	203	1
F7	F7_NULL_1615	203	203	1
F7	F7_NULL_1616	203	203	1
F7	F7_NULL_1617	203	203	1
F7	F7_NULL_1618	203	203	1
F7	F7_NULL_1619	203	203	1
F7	F7_NULL_1620	203	203	1
F7	F7_NULL_1621	203	203	1
F7	F7_NULL_1622	203	203	1
F7	F7_NULL_1623	203	203	1
F7	F7_NULL_1624	203	203	1
F7	F7_NULL_1625	203	203	1
F7	F7_NULL_1626	203	203	1
F7	F7_NULL_1627	203	203	1
F7	F7_NULL_1628	203	203	1
F7	F7_NULL_1629	203	203	1
F7	F7_NULL_1630	203	203	1
F7	F7_NULL_1631	203	203	1
F7	F7_NULL_1632	203	203	1
F7	F7_NULL_1633	203	203	1
F7	F7_NULL_1634	203	203	1
F7	F7_NULL_1635	203	203	1
F7	F7_NULL_1636	203	203	1
F7	F7_NULL_1637	203	203	1
F7	F7_NULL_1638	203	203	1
F7	F7_NULL_1639	203	203	1
F7	F7_NULL_1640	203	203	1
F7	F7_NULL_1641	203	203	1
F7	F7_NULL_1642	203	203	1
F7	F7_NULL_1643	203	203	1
F7	F7_NULL_1644	203	203	1
F7	F7_NULL_1645	203	203	1
F7	F7_NULL_1646	203	203	1
F7	F7_NULL_1647	203	203	1
F7	F7_NULL_1648	203	203	1
F7	F7_NULL_1649	203	203	1
F7	F7_NULL_1650	203	203	1
F7	F7_NULL_1651	203	203	1
F7	F7_NULL_1652	203	203	1
F7	F7_NULL_1653	203	203	1
F7	F7_NULL_1654	203	203	1
F7	F7_NULL_1655	203	203	1
F7	F7_NULL_1656	203	203	1
F7	F7_NULL_1657	203	203	1
F7	F7_NULL_1658	203	203	1
F7	F7_NULL_1659	203	203	1
F7	F7_NULL_1660	203	203	1
F7	F7_NULL_1661	203	203	1
F7	F7_NULL_1662	203	203	1
F7	F7_NULL_1663	203	203	1
F7	F7_NULL_1664	203	203	1
F7	F7_NULL_1665	203	203	1
F7	F7_NULL_1666	203	203	1
F7	F7_NULL_1667	203	203	1
F7	F7_NULL_1668	203	203	1
F7	F7_NULL_1669	203	203	1
F7	F7_NULL_1670	203	203	1
F7	F7_NULL_1671	203	203	1
F7	F7_NULL_1672	203	203	1
F7	F7_NULL_1673	203	203	1
F7	F7_NULL_1674	203	203	1
F7	F7_NULL_1675	203	203	1
F7	F7_NULL_1676	203	203	1
F7	F7_NULL_1677	203	203	1
F7	F7_NULL_1678	203	203	1
F7	F7_NULL_1679	203	203	1
F7	F7_NULL_1680	203	203	1
F7	F7_NULL_1681	203	203	1
F7	F7_NULL_1682	203	203	1
F7	F7_NULL_1683	203	203	1
F7	F7_NULL_1684	203	203	1
F7	F7_NULL_1685	203	203	1
F7	F7_NULL_1686	203	203	1
F7	F7_NULL_1687	203	203	1
F7	F7_NULL_1688	203	203	1
F7	F7_NULL_1689	203	203	1
F7	F7_NULL_1690	203	203	1
F7	F7_NULL_1691	203	203	1
F7	F7_NULL_1692	203	203	1
F7	F7_NULL_1693	203	203	1
F7	F7_NULL_1694	203	203	1
F7	F7_NULL_1695	203	203	1
F7	F7_NULL_1696	203	203	1
F7	F7_NULL_1697	203	203	1
F7	F7_NULL_1698	203	203	1
F7	F7_NULL_1699	203	203	1
F7	F7_NULL_1700	203	203	1
F7	F7_NULL_1701	203	203	1
F7	F7_NULL_1702	203	203	1
F7	F7_NULL_1703	203	203	1
F7	F7_NULL_1704	203	203	1
F7	F7_NULL_1705	203	203	1
F7	F7_NULL_1706	203	203	1
F7	F7_NULL_1707	203	203	1
F7	F7_NULL_1708	203	203	1
F7	F7_NULL_1709	203	203	1
F7	F7_NULL_1710	203	203	1
F7	F7_NULL_1711	203	203	1
F7	F7_NULL_1712	203	203	1
F7	F7_NULL_1713	203	203	1
F7	F7_NULL_1714	203	203	1
F7	F7_NULL_1715	203	203	1
F7	F7_NULL_1716	203	203	1
F7	F7_NULL_1717	203	203	1
F7	F7_NULL_1718	203	203	1
F7	F7_NULL_1719	203	203	1
F7	F7_NULL_1720	203	203	1
F7	F7_NULL_1721	203	203	1
F7	F7_NULL_1722	203	203	1
F7	F7_NULL_1723	203	203	1
F7	F7_NULL_1724	203	203	1
F7	F7_NULL_1725	203	203	1
F7	F7_NULL_1726	203	203	1
F7	F7_NULL_1727	203	203	1
F7	F7_NULL_1728	203	203	1
F7	F7_NULL_1729	203	203	1
F7	F7_NULL_1730	203	203	1
F7	F7_NULL_1731	203	203	1
F7	F7_NULL_1732	203	203	1
F7	F7_NULL_1733	203	203	1
F7	F7_NULL_1734	203	203	1
F7	F7_NULL_1735	203	203	1
F7	F7_NULL_1736	203	203	1
F7	F7_NULL_1737	203	203	1
F7	F7_NULL_1738	203	203	1
F7	F7_NULL_1739	203	203	1
F7	F7_NULL_1740	203	203	1
F7	F7_NULL_1741	203	203	1
F7	F7_NULL_1742	203	203	1
F7	F7_NULL_1743	203	203	1
F7	F7_NULL_1744	203	203	1
F7	F7_NULL_1745	203	203	1
F7	F7_NULL_1746	203	203	1
F7	F7_NULL_1747	203	203	1
F7	F7_NULL_1748	203	203	1
F7	F7_NULL_1749	203	203	1
F7	F7_NULL_1750	203	203	1
F7	F7_NULL_1751	203	203	1
F7	F7_NULL_1752	203	203	1
F7	F7_NULL_1753	203	203	1
F7	F7_NULL_1754	203	203	1
F7	F7_NULL_1755	203	203	1
F7	F7_NULL_1756	203	203	1
F7	F7_NULL_1757	203	203	1
F7	F7_NULL_1758	203	203	1
F7	F7_NULL_1759	203	203	1
F7	F7_NULL_1760	203	203	1
F7	F7_NULL_1761	203	203	1
F7	F7_NULL_1762	203	203	1
F7	F7_NULL_1763	203	203	1
F7	F7_NULL_1764	203	203	1
F7	F7_NULL_1765	203	203	1
F7	F7_NULL_1766	203	203	1
F7	F7_NULL_1767	203	203	1
F7	F7_NULL_1768	203	203	1
F7	F7_NULL_1769	203	203	1
F7	F7_NULL_1770	203	203	1
F7	F7_NULL_1771	203	203	1
F7	F7_NULL_1772	203	203	1
F7	F7_NULL_1773	203	203	1
F7	F7_NULL_1774	203	203	1
F7	F7_NULL_1775	203	203	1
F7	F7_NULL_1776	203	203	1
F7	F7_NULL_1777	203	203	1
F7	F7_NULL_1778	203	203	1
F7	F7_NULL_1779	203	203	1
F7	F7_NULL_1780	203	203	1
F7	F7_NULL_1781	203	203	1
F7	F7_NULL_1782	203	203	1
F7	F7_NULL_1783	203	203	1
F7	F7_NULL_1784	203	203	1
F7	F7_NULL_1785	203	203	1
F7	F7_NULL_1786	203	203	1
F7	F7_NULL_1787	203	203	1
F7	F7_NULL_1788	203	203	1
F7	F7_NULL_1789	203	203	1
F7	F7_NULL_1790	203	203	1
F7	F7_NULL_1791	203	203	1
F7	F7_NULL_1792	203	203	1
F7	F7_NULL_1793	203	203	1
F7	F7_NULL_1794	203	203	1
F7	F7_NULL_1795	203	203	1
F7	F7_NULL_1796	203	203	1
F7	F7_NULL_1797	203	203	1
F7	F7_NULL_1798	203	203	1
F7	F7_NULL_1799	203	203	1
F7	F7_NULL_1800	203	203	1
F7	F7_NULL_1801	203	203	1
F7	F7_NULL_1802	203	203	1
F7	F7_NULL_1803	203	203	1
F7	F7_NULL_1804	203	203	1
F7	F7_NULL_1805	203	203	1
F7	F7_NULL_1806	203	203	1
F7	F7_NULL_1807	203	203	1
F7	F7_NULL_1808	203	203	1
F7	F7_NULL_1809	203	203	1
F7	F7_NULL_1810	203	203	1
F7	F7_NULL_1811	203	203	1
F7	F7_NULL_1812	203	203	1
F7	F7_NULL_1813	203	203	1
F7	F7_NULL_1814	203	203	1
F7	F7_NULL_1815	203	203	1
F7	F7_NULL_1816	203	203	1
F7	F7_NULL_1817	203	203	1
F7	F7_NULL_1818	203	203	1
F7	F7_NULL_1819	203	203	1
F7	F7_NULL_1820	203	203	1
F7	F7_NULL_1821	203	203	1
F7	F7_NULL_1822	203	203	1
F7	F7_NULL_1823	203	203	1
F7	F7_NULL_1824	203	203	1
F7	F7_NULL_1825	203	203	1
F7	F7_NULL_1826	203	203	1
F7	F7_NULL_1827	203	203	1
F7	F7_NULL_1828	203	203	1
F7	F7_NULL_1829	203	203	1
F7	F7_NULL_1830	203	203	1
F7	F7_NULL_1831	203	203	1
F7	F7_NULL_1832	203	203	1
F7	F7_NULL_1833	203	203	1
F7	F7_NULL_1834	203	203	1
F7	F7_NULL_1835	203	203	1
F7	F7_NULL_1836	203	203	1
F7	F7_NULL_1837	203	203	1
F7	F7_NULL_1838	203	203	1
F7	F7_NULL_1839	203	203	1
F7	F7_NULL_1840	203	203	1
F7	F7_NULL_1841	203	203	1
F7	F7_NULL_1842	203	203	1
F7	F7_NULL_1843	203	203	1
F7	F7_NULL_1844	203	203	1
F7	F7_NULL_1845	203	203	1
F7	F7_NULL_1846	203	203	1
F7	F7_NULL_1847	203	203	1
F7	F7_NULL_1848	203	203	1
F7	F7_NULL_1849	203	203	1
F7	F7_NULL_1850	203	203	1
F7	F7_NULL_1851	203	203	1
F7	F7_NULL_1852	203	203	1
F7	F7_NULL_1853	203	203	1
F7	F7_NULL_1854	203	203	1
F7	F7_NULL_1855	203	203	1
F7	F7_NULL_1856	203	203	1
F7	F7_NULL_1857	203	203	1
F7	F7_NULL_1858	203	203	1
F7	F7_NULL_1859	203	203	1
F7	F7_NULL_1860	203	203	1
F7	F7_NULL_1861	203	203	1
F7	F7_NULL_1862	203	203	1
F7	F7_NULL_1863	203	203	1
F7	F7_NULL_1864	203	203	1
F7	F7_NULL_1865	203	203	1
F7	F7_NULL_1866	203	203	1
F7	F7_NULL_1867	203	203	1
F7	F7_NULL_1868	203	203	1
F7	F7_NULL_1869	203	203	1
F7	F7_NULL_1870	203	203	1
F7	F7_NULL_1871	203	203	1
F7	F7_NULL_1872	203	203	1
F7	F7_NULL_1873	203	203	1
F7	F7_NULL_1874	203	203	1
F7	F7_NULL_1875	203	203	1
F7	F7_NULL_1876	203	203	1
F7	F7_NULL_1877	203	203	1
F7	F7_NULL_1878	203	203	1
F7	F7_NULL_1879	203	203	1
F7	F7_NULL_1880	203	203	1
F7	F7_NULL_1881	203	203	1
F7	F7_NULL_1882	203	203	1
F7	F7_NULL_1883	203	203	1
F7	F7_NULL_1884	203	203	1
F7	F7_NULL_1885	203	203	1
F7	F7_NULL_1886	203	203	1
F7	F7_NULL_1887	203	203	1
F7	F7_NULL_1888	203	203	1
F7	F7_NULL_1889	203	203	1
F7	F7_NULL_1890	203	203	1
F7	F7_NULL_1891	203	203	1
F7	F7_NULL_1892	203	203	1
F7	F7_NULL_1893	203	203	1
F7	F7_NULL_1894	203	203	1
F7	F7_NULL_1895	203	203	1
F7	F7_NULL_1896	203	203	1
F7	F7_NULL_1897	203	203	1
F7	F7_NULL_1898	203	203	1
F7	F7_NULL_1899	203	203	1
F7	F7_NULL_1900	203	203	1
F7	F7_NULL_1901	203	203	1
F7	F7_NULL_1902	203	203	1
F7	F7_NULL_1903	203	203	1
F7	F7_NULL_1904	203	203	1
F7	F7_NULL_1905	203	203	1
F7	F7_NULL_1906	203	203	1
F7	F7_NULL_1907	203	203	1
F7	F7_NULL_1908	203	203	1
F7	F7_NULL_1909	203	203	1
F7	F7_NULL_1910	203	203	1
F7	F7_NULL_1911	203	203	1
F7	F7_NULL_1912	203	203	1
F7	F7_NULL_1913	203	203	1
F7	F7_NULL_1914	203	203	1
F7	F7_NULL_1915	203	203	1
F7	F7_NULL_1916	203	203	1
F7	F7_NULL_1917	203	203	1
F7	F7_NULL_1918	203	203	1
F7	F7_NULL_1919	203	203	1
F7	F7_NULL_1920	203	203	1
F7	F7_NULL_1921	203	203	1
F7	F7_NULL_1922	203	203	1
F7	F7_NULL_1923	203	203	1
F7	F7_NULL_1924	203	203	1
F7	F7_NULL_1925	203	203	1
F7	F7_NULL_1926	203	203	1
F7	F7_NULL_1927	203	203	1
F7	F7_NULL_1928	203	203	1
F7	F7_NULL_1929	203	203	1
F7	F7_NULL_1930	203	203	1
F7	F7_NULL_1931	203	203	1
F7	F7_NULL_1932	203	203	1
F7	F7_NULL_1933	203	203	1
F7	F7_NULL_1934	203	203	1
F7	F7_NULL_1935	203	203	1
F7	F7_NULL_1936	203	203	1
F7	F7_NULL_1937	203	203	1
F7	F7_NULL_1938	203	203	1
F7	F7_NULL_1939	203	203	1
F7	F7_NULL_1940	203	203	1
F7	F7_NULL_1941	203	203	1
F7	F7_NULL_1942	203	203	1
F7	F7_NULL_1943	203	203	1
F7	F7_NULL_1944	203	203	1
F7	F7_NULL_1945	203	203	1
F7	F7_NULL_1946	203	203	1
F7	F7_NULL_1947	203	203	1
F7	F7_NULL_1948	203	203	1
F7	F7_NULL_1949	203	203	1
F7	F7_NULL_1950	203	203	1
F7	F7_NULL_1951	203	203	1
F7	F7_NULL_1952	203	203	1
F7	F7_NULL_1953	203	203	1
F7	F7_NULL_1954	203	203	1
F7	F7_NULL_1955	203	203	1
F7	F7_NULL_1956	203	203	1
F7	F7_NULL_1957	203	203	1
F7	F7_NULL_1958	203	203	1
F7	F7_NULL_1959	203	203	1
F7	F7_NULL_1960	203	203	1
F7	F7_NULL_1961	203	203	1
F7	F7_NULL_1962	203	203	1
F7	F7_NULL_1963	203	203	1
F7	F7_NULL_1964	203	203	1
F7	F7_NULL_1965	203	203	1
F7	F7_NULL_1966	203	203	1
F7	F7_NULL_1967	203	203	1
F7	F7_NULL_1968	203	203	1
F7	F7_NULL_1969	203	203	1
F7	F7_NULL_1970	203	203	1
F7	F7_NULL_1971	203	203	1
F7	F7_NULL_1972	203	203	1
F7	F7_NULL_1973	203	203	1
F7	F7_NULL_1974	203	203	1
F7	F7_NULL_1975	203	203	1
F7	F7_NULL_1976	203	203	1
F7	F7_NULL_1977	203	203	1
F7	F7_NULL_1978	203	203	1
F7	F7_NULL_1979	203	203	1
F7	F7_NULL_1980	203	203	1
F7	F7_NULL_1981	203	203	1
F7	F7_NULL_1982	203	203	1
F7	F7_NULL_1983	203	203	1
F7	F7_NULL_1984	203	203	1
F7	F7_NULL_1985	203	203	1
F7	F7_NULL_1986	203	203	1
F7	F7_NULL_1987	203	203	1
F7	F7_NULL_1988	203	203	1
F7	F7_NULL_1989	203	203	1
F7	F7_NULL_1990	203	203	1
F7	F7_NULL_1991	203	203	1
F7	F7_NULL_1992	203	203	1
F7	F7_NULL_1993	203	203	1
F7	F7_NULL_1994	203	203	1
F7	F7_NULL_1995	203	203	1
F7	F7_NULL_1996	203	203	1
F7	F7_NULL_1997	203	203	1
F7	F7_NULL_1998	203	203	1
F7	F7_NULL_1999	203	203	1
