donor_id	sample_accession	disease_group	tissue_state	cell_type	refined_state	F1_CORE_mean	F1_CORE_count	F1_EXTENDED_mean	F1_EXTENDED_count	F2_CORE_mean	F2_CORE_count	F2_EXTENDED_mean	F2_EXTENDED_count	F6_CORE_mean	F6_CORE_count	F6_EXTENDED_mean	F6_EXTENDED_count	F7_CORE_mean	F7_CORE_count	F7_EXTENDED_mean	F7_EXTENDED_count
30696	GSM5277189	PsO	lesional	B_cell	B_cell_plasma	0.292526727200142	3	0.19668442353016277	3	0.11654284167609562	3	0.1353183885569524	3	0.3109633457332135	3	0.34032676484339813	3	1.4698518063891157	3	0.7952115584436492	3
30696	GSM5277189	PsO	lesional	B_cell	B_cell_unresolved	0.2986516540393968	18	0.2082670030765311	18	0.14842817084514515	18	0.15924114748072787	18	0.37046600687974374	18	0.3412358304922235	18	1.295350723772098	18	0.7301012938767405	18
30696	GSM5277189	PsO	lesional	NK_cell	T_cell_TRM_T17_like	0.30113005349342536	1	0.20020304750989418	1	0.1488679420667821	1	0.1585325060531283	1	0.43303847794122197	1	0.3071342777722363	1	1.1828525053401275	1	0.6522454552895421	1
30696	GSM5277189	PsO	lesional	NK_cell	cytotoxic_NK_T	0.2704985074159031	20	0.1803451788665898	20	0.12218976515255386	20	0.1399381991822781	20	0.31573827875992344	20	0.3069281502509772	20	1.3703837265822183	20	0.7436852395537976	20
30696	GSM5277189	PsO	lesional	T_cell	T_cell_TRM_T17_like	0.2665423623296555	100	0.1721600607397766	100	0.11901601518479754	100	0.1321723034651322	100	0.3249536172266799	100	0.3083723897087082	100	1.3933330819910814	100	0.7453378756742878	100
30696	GSM5277189	PsO	lesional	dendritic	dendritic_LAMP3_CCR7	0.27560666956440116	4	0.18672641167617746	4	0.11775792638892014	4	0.13810109529247155	4	0.31503174306746595	4	0.26584792802135493	4	0.9623849288421444	4	0.5609158692007508	4
30696	GSM5277189	PsO	lesional	dendritic	myeloid_monocyte_macrophage	0.2765986489222578	8	0.20665714128171392	8	0.14680993632978512	8	0.1624329650501117	8	0.3745006938601718	8	0.3451877620822018	8	1.2137360259948449	8	0.7152671730877916	8
30696	GSM5277189	PsO	lesional	endothelial	endothelial_activated	0.34388347889373205	15	0.2535689948948113	15	0.18547356209616545	15	0.20547919352623456	15	0.40007659246057853	15	0.3804635541215486	15	1.4082340326120675	15	0.7916484481441188	15
30696	GSM5277189	PsO	lesional	endothelial	endothelial_vascular	0.3632718536202511	126	0.254565835569913	126	0.18694026370486083	126	0.2038357976612969	126	0.41804461456217723	126	0.3737580795481812	126	1.2899641939448596	126	0.7358732973145252	126
30696	GSM5277189	PsO	lesional	fibroblast	fibroblast_homeostatic_matrix	0.3584632704340307	317	0.2621831885504232	317	0.18041011773890428	317	0.20912094650548438	317	0.4038248074359338	317	0.3520283582656759	317	1.2189582666699776	317	0.7032943013028405	317
30696	GSM5277189	PsO	lesional	fibroblast	fibroblast_inflammatory	0.3503875488732755	1	0.2686540623985331	1	0.21348030320428568	1	0.22289556936846738	1	0.4571864315498772	1	0.4084807513664022	1	1.4477424680620603	1	0.8127396849971603	1
30696	GSM5277189	PsO	lesional	keratinocyte	keratinocyte_IFN_response	0.29978542259333135	1	0.18304032255399694	1	0.10457581703635337	1	0.1310721134345276	1	0.24083913295853038	1	0.22588109750049534	1	1.1360985704621478	1	0.5828202273599218	1
30696	GSM5277189	PsO	lesional	keratinocyte	keratinocyte_basal	0.37243117999463915	599	0.2781245309478667	599	0.1768229659661746	599	0.199170395351701	599	0.46843884305164957	599	0.4405494720736022	599	1.4497859129906543	599	0.8260903922903988	599
30696	GSM5277189	PsO	lesional	keratinocyte	keratinocyte_inflammatory_T17	0.3647182528833853	1683	0.2630489918215698	1683	0.1662557934012997	1683	0.18478007706243055	1683	0.4502568104649958	1683	0.4121519176147344	1683	1.397044447054207	1683	0.7935015079974209	1683
30696	GSM5277189	PsO	lesional	keratinocyte	keratinocyte_proliferative	0.47453788827374144	3	0.33359971845821845	3	0.1989879783435242	3	0.22122024188410463	3	0.5488496162909358	3	0.5155652450231578	3	1.4026400264206575	3	0.8271548232287792	3
30696	GSM5277189	PsO	lesional	keratinocyte	keratinocyte_spinous_suprabasal	0.32499151022643	31	0.22138199508647965	31	0.1400189935273892	31	0.15698660492204555	31	0.39962802994030944	31	0.35719905211428193	31	1.3775380243046156	31	0.7606108396666139	31
30696	GSM5277189	PsO	lesional	keratinocyte	keratinocyte_stress_hypoxia	0.283823702055586	7	0.20766095285319427	7	0.14210222460189753	7	0.16678814322400012	7	0.3578769854605533	7	0.3247199555013496	7	1.1653795372128548	7	0.6519719098099636	7
30696	GSM5277189	PsO	lesional	melanocyte	melanocyte_unresolved	0.4281868830259042	107	0.3190473512675789	107	0.20158791180649782	107	0.21688829418517724	107	0.5276489744819765	107	0.46879117449225427	107	1.3082236109723226	107	0.7750094013272018	107
30696	GSM5277189	PsO	lesional	myeloid_monocyte	dendritic_LAMP3_CCR7	0.31197294370033335	3	0.20797860217634553	3	0.14315094655321262	3	0.16078363998455622	3	0.4029289000714058	3	0.3721561274641401	3	1.4489657219237302	3	0.8132523056196784	3
30696	GSM5277189	PsO	lesional	myeloid_monocyte	myeloid_monocyte_macrophage	0.31294348052274346	49	0.22718092290507638	49	0.15715741965377134	49	0.17020839143036876	49	0.4144958319707375	49	0.3593865008279866	49	1.2705557814336108	49	0.7375043770350572	49
30696V3	GSM5277179	PsO	nonlesional	B_cell	B_cell_plasma	0.4311683494318455	1	0.3135646150076883	1	0.22662553441308003	1	0.24599006396819548	1	0.5413849154491962	1	0.523945618003676	1	1.4383534856849902	1	0.8499162787234942	1
30696V3	GSM5277179	PsO	nonlesional	B_cell	B_cell_unresolved	0.32948381559654494	1	0.18587994641621675	1	0.09394515744727056	1	0.13791798884408576	1	0.27074651733763627	1	0.20518037158319183	1	1.0477709267382336	1	0.5416042305628062	1
30696V3	GSM5277179	PsO	nonlesional	NK_cell	T_cell_TRM_T17_like	0.2988797031850107	1	0.16575344639754755	1	0.13210233772090724	1	0.15866679421995192	1	0.26862858641072657	1	0.2293132626847783	1	0.6129910156951864	1	0.365858947551147	1
30696V3	GSM5277179	PsO	nonlesional	T_cell	T_cell_TRM_T17_like	0.3468605065102088	9	0.23002755771089006	9	0.15794804474903934	9	0.1854576341381219	9	0.36591934412944166	9	0.35647147440005716	9	1.2701854890759283	9	0.7179719189491464	9
30696V3	GSM5277179	PsO	nonlesional	endothelial	endothelial_activated	0.32641251597972304	6	0.20801308595425838	6	0.1526149093422421	6	0.17371622092687924	6	0.2889366142919343	6	0.2735594296359695	6	1.1639114427683916	6	0.6306139257746988	6
30696V3	GSM5277179	PsO	nonlesional	endothelial	endothelial_vascular	0.40667696403352394	41	0.28686473654409983	41	0.2128499898639764	41	0.23766440067981376	41	0.4122314437413754	41	0.38069935114210995	41	1.206945382927287	41	0.6997886823831754	41
30696V3	GSM5277179	PsO	nonlesional	fibroblast	fibroblast_homeostatic_matrix	0.42009480624393863	68	0.3101310910753071	68	0.23480469246502303	68	0.26662705978866397	68	0.40734199556737793	68	0.37458112687935435	68	1.1360881556980071	68	0.6669244588379497	68
30696V3	GSM5277179	PsO	nonlesional	fibroblast	fibroblast_inflammatory	0.47259975786703	2	0.3250402560453711	2	0.2018481872835192	2	0.22134664242401353	2	0.4351628681798362	2	0.42933281974635085	2	1.3778467950791766	2	0.7800573930175232	2
30696V3	GSM5277179	PsO	nonlesional	keratinocyte	keratinocyte_basal	0.4405382398351745	91	0.32543102918308936	91	0.20356889406957526	91	0.2306758996437731	91	0.5106284028301861	91	0.4822998888564579	91	1.4341280526796976	91	0.8273971961132396	91
30696V3	GSM5277179	PsO	nonlesional	keratinocyte	keratinocyte_inflammatory_T17	0.40032091554633514	8	0.3003366910389541	8	0.1980698422644389	8	0.20297306898144216	8	0.5536817811675264	8	0.4936107544659541	8	1.4807413166989232	8	0.8602090095217085	8
30696V3	GSM5277179	PsO	nonlesional	keratinocyte	keratinocyte_spinous_suprabasal	0.4258246861823073	1242	0.3163135025711201	1242	0.20052942829287213	1242	0.22241424022124925	1242	0.5052756036188413	1242	0.46705468174886455	1242	1.4493290897065898	1242	0.8393139455052645	1242
30696V3	GSM5277179	PsO	nonlesional	keratinocyte	keratinocyte_stress_hypoxia	0.27888333005924043	2	0.17474863474974342	2	0.10757431351345216	2	0.1518838045166484	2	0.1909221889748331	2	0.19170469109955524	2	0.541053121598317	2	0.3158894066664822	2
30696V3	GSM5277179	PsO	nonlesional	mast_cell	mast_cell	0.2888368048420415	4	0.15246965434979062	4	0.07469454185908456	4	0.11268773881852921	4	0.2072190571315361	4	0.18784582333112096	4	0.9833756719669713	4	0.5253843308277898	4
30696V3	GSM5277179	PsO	nonlesional	melanocyte	melanocyte_unresolved	0.48665521413333435	15	0.3652010337377919	15	0.2390070038470051	15	0.2632759748949173	15	0.5578930424420683	15	0.4892128444469965	15	1.2658364596690173	15	0.7734015739170721	15
30696V3	GSM5277179	PsO	nonlesional	myeloid_monocyte	dendritic_LAMP3_CCR7	0.4212144068793682	2	0.2856061397608237	2	0.21875428318189788	2	0.22890076813392396	2	0.5060104772139014	2	0.47017750070225584	2	1.337033101473839	2	0.7783121032100216	2
30696V3	GSM5277179	PsO	nonlesional	myeloid_monocyte	myeloid_monocyte_macrophage	0.33764321029425615	2	0.24580899475176324	2	0.18092813576169828	2	0.1788239237205304	2	0.46145412764547367	2	0.41631799155393956	2	1.316697035533445	2	0.7603767527150171	2
30696V3	GSM5277179	PsO	nonlesional	unassigned	unassigned_unresolved	0.28163238679478375	2	0.16186446439689006	2	0.09691958089255204	2	0.1374483797945007	2	0.18531920476724079	2	0.16534473196648342	2	0.7842796383435513	2	0.44102718613929004	2
30696V3	GSM5277190	PsO	lesional	B_cell	B_cell_plasma	0.37832176072571566	4	0.2519821069832598	4	0.16927409489109843	4	0.18324632341089586	4	0.3737558671458168	4	0.3593744148422143	4	1.1068379543213809	4	0.6331440945161246	4
30696V3	GSM5277190	PsO	lesional	B_cell	B_cell_unresolved	0.3205069940608403	7	0.20174861436874755	7	0.12342901334192866	7	0.14909391596503824	7	0.27853971166634717	7	0.28467308310599904	7	1.0785208961556518	7	0.5925036310081887	7
30696V3	GSM5277190	PsO	lesional	NK_cell	T_cell_TRM_T17_like	0.37669016752427237	1	0.25529156526950525	1	0.15361453586847942	1	0.17180914387471488	1	0.48008333024898714	1	0.41378534069521616	1	1.2624975118967474	1	0.7286621827772011	1
30696V3	GSM5277190	PsO	lesional	NK_cell	cytotoxic_NK_T	0.34447378928079775	18	0.21628921992584937	18	0.14283759219796321	18	0.16679831822975952	18	0.3649384463558572	18	0.31963537596004404	18	1.225057218250776	18	0.6832295950194495	18
30696V3	GSM5277190	PsO	lesional	T_cell	T_cell_TRM_T17_like	0.32664313451568466	127	0.20860839133610662	127	0.13672627054021388	127	0.1589291303256725	127	0.3217716339969709	127	0.3016013723487115	127	1.1628824298169578	127	0.6428147530983059	127
30696V3	GSM5277190	PsO	lesional	T_cell	T_cell_unresolved	0.34252680880710984	1	0.15522043849969056	1	0.07577236376032202	1	0.11084970636173931	1	0.1595752272819944	1	0.22487249917779617	1	1.2379797966434898	1	0.6091987353544597	1
30696V3	GSM5277190	PsO	lesional	T_cell	cytotoxic_NK_T	0.3775292647186993	5	0.23871244364520225	5	0.15585188772817196	5	0.17371161164710974	5	0.39499560377527865	5	0.3616962449315186	5	1.225279171592011	5	0.6803036849971196	5
30696V3	GSM5277190	PsO	lesional	dendritic	dendritic_LAMP3_CCR7	0.3244708809456885	5	0.20633614220474555	5	0.14176507490368012	5	0.1665110916910416	5	0.32752872008030576	5	0.3107199195320939	5	1.0422291650885156	5	0.5900948522895104	5
30696V3	GSM5277190	PsO	lesional	dendritic	myeloid_monocyte_macrophage	0.3448926540325103	6	0.2483476902922129	6	0.17209652497031133	6	0.19517356128264365	6	0.39313966805278505	6	0.37329305006796115	6	1.245163588064757	6	0.7293517835778628	6
30696V3	GSM5277190	PsO	lesional	endothelial	endothelial_activated	0.3910211026634555	20	0.2703950981515948	20	0.19180729634294275	20	0.22060653588500628	20	0.377514702889134	20	0.33776030728549616	20	1.1988520333493624	20	0.6815370880021241	20
30696V3	GSM5277190	PsO	lesional	endothelial	endothelial_vascular	0.41184894020016555	162	0.2836401195888201	162	0.21083988087508457	162	0.23676529345816574	162	0.413719232611029	162	0.3614839073790615	162	1.1212935455040436	162	0.658265222280975	162
30696V3	GSM5277190	PsO	lesional	fibroblast	fibroblast_homeostatic_matrix	0.428467249316752	405	0.31157618130980397	405	0.2229325203302751	405	0.26006343266948445	405	0.42080661504614775	405	0.36656745055437046	405	1.0908701161911936	405	0.6537670808743737	405
30696V3	GSM5277190	PsO	lesional	fibroblast	fibroblast_inflammatory	0.40163660488224107	3	0.27994349636832905	3	0.18054627760538897	3	0.21368126977666613	3	0.4301183732647895	3	0.35567657714608186	3	1.234659695529442	3	0.692583338866631	3
30696V3	GSM5277190	PsO	lesional	keratinocyte	keratinocyte_IFN_response	0.300551719111913	8	0.19855100078983118	8	0.1467727611400218	8	0.16860136183131913	8	0.2841621458550095	8	0.2762600081235024	8	0.906329958953823	8	0.5185832100514947	8
30696V3	GSM5277190	PsO	lesional	keratinocyte	keratinocyte_basal	0.454219613999448	98	0.3218268673460149	98	0.20020368661073673	98	0.22944280267403203	98	0.4900374604234306	98	0.4639498528186965	98	1.3267023380302767	98	0.776261196036549	98
30696V3	GSM5277190	PsO	lesional	keratinocyte	keratinocyte_inflammatory_T17	0.4205079655245593	539	0.29098499405618106	539	0.1835629933734953	539	0.20251590281531637	539	0.4930072009193411	539	0.43344292145189894	539	1.2476626626705283	539	0.7356084766260842	539
30696V3	GSM5277190	PsO	lesional	keratinocyte	keratinocyte_proliferative	0.3170354268270125	3	0.19180955008285405	3	0.1231119774666261	3	0.15930513315464875	3	0.27184486893977594	3	0.31400897995855565	3	1.0367052736260325	3	0.6009254578139939	3
30696V3	GSM5277190	PsO	lesional	keratinocyte	keratinocyte_spinous_suprabasal	0.43482594709266786	245	0.3029005775112264	245	0.1880590205565689	245	0.21326932576476432	245	0.48324460818334586	245	0.4343344446252163	245	1.2711872107639854	245	0.750652474430731	245
30696V3	GSM5277190	PsO	lesional	keratinocyte	keratinocyte_stress_hypoxia	0.3672087731763463	6	0.24550985386199117	6	0.15367402980190167	6	0.17606622102193256	6	0.3451775200439992	6	0.30572276504761	6	1.078926892249603	6	0.6131643802321579	6
30696V3	GSM5277190	PsO	lesional	mast_cell	mast_cell	0.30303258871672983	6	0.16322472207620486	6	0.07988639075962238	6	0.11554259630970141	6	0.2302717245918646	6	0.18126337578997087	6	0.7943507589827373	6	0.4336580230266562	6
30696V3	GSM5277190	PsO	lesional	melanocyte	melanocyte_unresolved	0.47172525347279193	10	0.34656748390496217	10	0.22139409219307135	10	0.24501374111230084	10	0.5201846459196241	10	0.46400214132299267	10	1.2147207014030041	10	0.7390150590798357	10
30696V3	GSM5277190	PsO	lesional	myeloid_monocyte	dendritic_LAMP3_CCR7	0.38711548202093027	4	0.25106573580402486	4	0.1773741310219915	4	0.20295012846788346	4	0.4116442658285109	4	0.36794187811909806	4	1.0060265712721763	4	0.6082372180234895	4
30696V3	GSM5277190	PsO	lesional	myeloid_monocyte	myeloid_monocyte_macrophage	0.37476987129875994	51	0.2658630636769851	51	0.1944134582037207	51	0.21282412066681192	51	0.45618533589552096	51	0.39714595291807675	51	1.195271339779207	51	0.7183557659045192	51
30696V3	GSM5277190	PsO	lesional	unassigned	unassigned_unresolved	0.3035149532044759	3	0.18778718172831296	3	0.12827869478145273	3	0.15701608440163003	3	0.272069129011458	3	0.2462912495197088	3	1.0284220925612952	3	0.5845056844402494	3
31170	GSM5277180	PsO	nonlesional	B_cell	B_cell_plasma	0.24838577036634027	6	0.15535024787670368	6	0.09065797729068929	6	0.1091511368574624	6	0.24066226418066972	6	0.22482356730740208	6	1.1459939714329315	6	0.6106029483677262	6
31170	GSM5277180	PsO	nonlesional	B_cell	B_cell_unresolved	0.29510313213165246	16	0.1943195612188728	16	0.131009759669751	16	0.1538592096810293	16	0.29181480055890635	16	0.2716403184937821	16	1.1846885721523763	16	0.6332034785535442	16
31170	GSM5277180	PsO	nonlesional	NK_cell	T_cell_TRM_T17_like	0.300979828386586	6	0.19137556243662068	6	0.1261067261866981	6	0.14461707676563137	6	0.30178628497093507	6	0.28600077040864336	6	1.277516853552963	6	0.6967747383223131	6
31170	GSM5277180	PsO	nonlesional	NK_cell	cytotoxic_NK_T	0.31649300824612503	15	0.22447178327921066	15	0.1634602558202603	15	0.1729550039926387	15	0.39266470257920605	15	0.3449951097241671	15	1.3939983207441051	15	0.7718369370066572	15
31170	GSM5277180	PsO	nonlesional	T_cell	T_cell_TRM_T17_like	0.29596776123443264	62	0.20609998952062367	62	0.14772772906444553	62	0.1607764735398681	62	0.34802275191336074	62	0.3317208782365951	62	1.418888273593345	62	0.7729328993987837	62
31170	GSM5277180	PsO	nonlesional	dendritic	dendritic_LAMP3_CCR7	0.2568656895431383	2	0.19929986349403364	2	0.10698391065157323	2	0.15202522901815568	2	0.2863374180369116	2	0.24228842773238662	2	0.7112285502182262	2	0.42728368726963484	2
31170	GSM5277180	PsO	nonlesional	dendritic	dendritic_unresolved	0.17774372246273085	1	0.09960721654718521	1	0.07803543786299431	1	0.10274640280396218	1	0.1341415543245053	1	0.13463777848049194	1	0.4785572836551073	1	0.2812130937000504	1
31170	GSM5277180	PsO	nonlesional	dendritic	myeloid_monocyte_macrophage	0.35925665871429663	13	0.24911461445571778	13	0.1680417216400515	13	0.1825672638437406	13	0.3839455564596668	13	0.36553336135811004	13	1.2445285973757587	13	0.713295466688925	13
31170	GSM5277180	PsO	nonlesional	endothelial	endothelial_activated	0.3342241864021068	22	0.23616654766306083	22	0.17022798480215648	22	0.19067563333866805	22	0.38009357584383513	22	0.3491211840095606	22	1.3941010555636864	22	0.7699402638180325	22
31170	GSM5277180	PsO	nonlesional	endothelial	endothelial_vascular	0.36444410489328904	299	0.26951989315258224	299	0.19974982702601654	299	0.2116085873485591	299	0.4274560828804389	299	0.38827987443522033	299	1.4177873273222747	299	0.7983578219081601	299
31170	GSM5277180	PsO	nonlesional	fibroblast	fibroblast_homeostatic_matrix	0.3788300574984573	787	0.2893528125292359	787	0.20689995961302757	787	0.22948041651845613	787	0.4376161741189793	787	0.38965723993278556	787	1.3312571421075565	787	0.7622131631846831	787
31170	GSM5277180	PsO	nonlesional	fibroblast	fibroblast_inflammatory	0.3613019950185546	12	0.26637340575216967	12	0.1831186599566351	12	0.20401023043068522	12	0.40942838517449526	12	0.38458508661486346	12	1.4058186077604427	12	0.7874709029888906	12
31170	GSM5277180	PsO	nonlesional	keratinocyte	keratinocyte_basal	0.35616244217822157	47	0.27136981777599767	47	0.1671034708282775	47	0.19116530452365685	47	0.4128804442414104	47	0.39325524594282263	47	1.353204478986353	47	0.7673979434283542	47
31170	GSM5277180	PsO	nonlesional	keratinocyte	keratinocyte_inflammatory_T17	0.21265210316377564	60	0.1548591594227932	60	0.1005020737841816	60	0.10821374899086544	60	0.2936704354119254	60	0.2628501245981471	60	1.1253466114882529	60	0.6083310707306626	60
31170	GSM5277180	PsO	nonlesional	keratinocyte	keratinocyte_proliferative	0.3926824921278507	2	0.27012977889079026	2	0.18413233083695701	2	0.2003509164304026	2	0.45407344194357047	2	0.35356413557321653	2	1.2220162372899388	2	0.6636126649707985	2
31170	GSM5277180	PsO	nonlesional	keratinocyte	keratinocyte_spinous_suprabasal	0.32805587435086536	97	0.2504764121376056	97	0.16223467402709096	97	0.17922928514613073	97	0.40708962172343327	97	0.3821969158942545	97	1.424037805609517	97	0.7950657420899361	97
31170	GSM5277180	PsO	nonlesional	keratinocyte	keratinocyte_stress_hypoxia	0.35283180479549303	7	0.2881423191993619	7	0.18417656388722345	7	0.2017446390214001	7	0.4132358715210831	7	0.3692852732476667	7	1.2052318869573264	7	0.7028112198713803	7
31170	GSM5277180	PsO	nonlesional	mast_cell	mast_cell	0.26045909960575897	16	0.17813389854117656	16	0.12298320553593999	16	0.13552198573832688	16	0.2805899409727322	16	0.24929330615337342	16	1.033412331137298	16	0.5666557476545387	16
31170	GSM5277180	PsO	nonlesional	melanocyte	melanocyte_unresolved	0.4081659539708543	54	0.3118246819500104	54	0.1998720407446116	54	0.21915561799621314	54	0.4753157047611454	54	0.424213882079103	54	1.1972658922024513	54	0.7061766504017536	54
31170	GSM5277180	PsO	nonlesional	myeloid_monocyte	dendritic_LAMP3_CCR7	0.39131333205925656	1	0.25005647107957363	1	0.21320769114507776	1	0.21780437634930888	1	0.49209501242610204	1	0.4393526544951054	1	1.5005813288012626	1	0.8525484622468407	1
31170	GSM5277180	PsO	nonlesional	myeloid_monocyte	myeloid_monocyte_macrophage	0.3690151345018016	15	0.24978278276320923	15	0.17605089864342377	15	0.19177662655800337	15	0.3995973500081079	15	0.3504722928660833	15	1.3004211306469955	15	0.7327580822620943	15
31170	GSM5277180	PsO	nonlesional	unassigned	unassigned_unresolved	0.2710331716221849	6	0.17651801919506127	6	0.10848407826195598	6	0.13294827727199762	6	0.26570800189783045	6	0.24823865008200566	6	1.0579751951279306	6	0.5643358497499668	6
31170	GSM5277191	PsO	lesional	B_cell	B_cell_plasma	0.28343059087989153	12	0.17689503668716658	12	0.1184366217728706	12	0.1324506289459961	12	0.30677016465692125	12	0.28503098403448585	12	1.3986670405910717	12	0.7427878675810952	12
31170	GSM5277191	PsO	lesional	B_cell	B_cell_unresolved	0.2587525658892886	2	0.1846604094182462	2	0.12612186646371448	2	0.12771766556249617	2	0.3938081151984936	2	0.3437348274580694	2	1.496602010427646	2	0.8169142769361271	2
31170	GSM5277191	PsO	lesional	NK_cell	T_cell_TRM_T17_like	0.39181633454841813	2	0.2811899328808817	2	0.18240061614770284	2	0.190392587118007	2	0.4807987239692597	2	0.45644200811779434	2	1.4683700661478258	2	0.8371910452571487	2
31170	GSM5277191	PsO	lesional	NK_cell	cytotoxic_NK_T	0.32679110697070196	10	0.22203659907753764	10	0.1575882589543268	10	0.1651361415749763	10	0.40574655952701144	10	0.34780633623463064	10	1.3581616876329643	10	0.7441317894749991	10
31170	GSM5277191	PsO	lesional	T_cell	T_cell_TRM_T17_like	0.3105068278737091	74	0.213089441954985	74	0.15346565408786278	74	0.16215206728411904	74	0.38460561650494796	74	0.3493220836787791	74	1.4418678973804917	74	0.7906069932798792	74
31170	GSM5277191	PsO	lesional	dendritic	dendritic_LAMP3_CCR7	0.3329131937028575	10	0.23236455467075365	10	0.16858874201632928	10	0.18735260721737018	10	0.421805488954669	10	0.380307065759099	10	1.3729188983853464	10	0.7720872477490607	10
31170	GSM5277191	PsO	lesional	dendritic	myeloid_monocyte_macrophage	0.31317968545625174	16	0.2215443778344628	16	0.163840039095992	16	0.17499487683962084	16	0.3981570157209	16	0.35841270073761394	16	1.371072186711042	16	0.7812785286037713	16
31170	GSM5277191	PsO	lesional	endothelial	endothelial_activated	0.42047179186196076	9	0.2993443944757774	9	0.21589347684753285	9	0.22629524446122845	9	0.48650068204552355	9	0.4234225795317483	9	1.3957985023719561	9	0.8008199596530196	9
31170	GSM5277191	PsO	lesional	endothelial	endothelial_vascular	0.3927738527613974	236	0.2857104465627993	236	0.2117636717505783	236	0.22355682645230954	236	0.4555487625004573	236	0.4062854002827774	236	1.4173767711310985	236	0.8120469238578069	236
31170	GSM5277191	PsO	lesional	fibroblast	fibroblast_homeostatic_matrix	0.4045106830474497	691	0.3052381678543346	691	0.2191802194456733	691	0.2428601170208401	691	0.46922184026434266	691	0.41179652598832994	691	1.3524365947271053	691	0.7871530568849215	691
31170	GSM5277191	PsO	lesional	fibroblast	fibroblast_inflammatory	0.3716983945305594	4	0.2699291989454915	4	0.1780770347178299	4	0.20769052494796278	4	0.3973392656498752	4	0.3456893161644484	4	1.3280029773341058	4	0.7415735844093592	4
31170	GSM5277191	PsO	lesional	keratinocyte	keratinocyte_IFN_response	0.3184668345278427	3	0.21633786221200854	3	0.14033671275462614	3	0.15598236014836644	3	0.3318371828002041	3	0.28966974367301723	3	1.209690885439521	3	0.6912241454376703	3
31170	GSM5277191	PsO	lesional	keratinocyte	keratinocyte_basal	0.3918843819722261	312	0.30677175214627495	312	0.20123997154544312	312	0.21828162874607115	312	0.5073070956101761	312	0.48387299499176023	312	1.5488138773382825	312	0.8917706108223502	312
31170	GSM5277191	PsO	lesional	keratinocyte	keratinocyte_inflammatory_T17	0.3528853564433961	1593	0.25712341362195945	1593	0.1693769060706466	1593	0.18273799400220192	1593	0.432392420836457	1593	0.3940427601339944	1593	1.4110762505508867	1593	0.7955835360380884	1593
31170	GSM5277191	PsO	lesional	keratinocyte	keratinocyte_proliferative	0.40546562066294506	6	0.300488513820209	6	0.19229183260682325	6	0.197402903173609	6	0.5365305135358885	6	0.5231771610881658	6	1.487631234958065	6	0.8466294548811119	6
31170	GSM5277191	PsO	lesional	keratinocyte	keratinocyte_spinous_suprabasal	0.3583632665197489	337	0.27281070179435074	337	0.1792034940714609	337	0.19392008919227668	337	0.45578971700381204	337	0.41662144015279684	337	1.4440690148140454	337	0.8251925345967664	337
31170	GSM5277191	PsO	lesional	keratinocyte	keratinocyte_stress_hypoxia	0.47430703717147454	1	0.33499495819769565	1	0.22120261621226542	1	0.24446571978087733	1	0.5289442186786895	1	0.45966668803645566	1	1.49890116642342	1	0.8387369033653133	1
31170	GSM5277191	PsO	lesional	mast_cell	mast_cell	0.2266979961397746	2	0.1279318684269659	2	0.11488193356345619	2	0.11651877927917029	2	0.21290523744285508	2	0.2060483152344558	2	1.0657531349034581	2	0.5657129338647441	2
31170	GSM5277191	PsO	lesional	melanocyte	melanocyte_unresolved	0.4635290834185402	57	0.3603838274446861	57	0.2328303226842576	57	0.24724877863136432	57	0.5750408423089435	57	0.5080383622381353	57	1.305860161472541	57	0.7937210416860647	57
31170	GSM5277191	PsO	lesional	myeloid_monocyte	dendritic_LAMP3_CCR7	0.32688151701720924	4	0.2333067164667455	4	0.1588624639623657	4	0.17147375883166466	4	0.4235645547310187	4	0.38807623324292717	4	1.4934024938866295	4	0.8571069736730528	4
31170	GSM5277191	PsO	lesional	myeloid_monocyte	myeloid_monocyte_macrophage	0.3305553682760836	65	0.2406138841106261	65	0.16775896042379299	65	0.17992897499052152	65	0.43205384137726355	65	0.3813555230021656	65	1.4365765270051247	65	0.8180554856561204	65
31277	GSM5277181	PsO	nonlesional	B_cell	B_cell_plasma	0.2708323393960235	10	0.1995377075370905	10	0.13120112670991363	10	0.15144614320564773	10	0.3178257352969202	10	0.3194834584749845	10	1.4469549065524694	10	0.7924409009380529	10
31277	GSM5277181	PsO	nonlesional	B_cell	B_cell_unresolved	0.27498179919427107	58	0.1940740094868369	58	0.12768657605295178	58	0.14892186380773223	58	0.29843862497929546	58	0.2859844590085433	58	1.3009537884007842	58	0.7007861549285608	58
31277	GSM5277181	PsO	nonlesional	NK_cell	T_cell_TRM_T17_like	0.24063299716327136	4	0.1820180131121399	4	0.12982418363400544	4	0.13381655719791571	4	0.2980991635954141	4	0.2964505462735257	4	1.4736217315139803	4	0.7888181544626982	4
31277	GSM5277181	PsO	nonlesional	NK_cell	cytotoxic_NK_T	0.2592916276430321	15	0.17791014143711192	15	0.1249154222375796	15	0.13570811505550143	15	0.3081866298902466	15	0.29552762385046133	15	1.377326715290684	15	0.7320782956749379	15
31277	GSM5277181	PsO	nonlesional	T_cell	T_cell_TRM_T17_like	0.2527677308047385	86	0.1825888343688109	86	0.12804694808950692	86	0.1359397627046521	86	0.30561887854199726	86	0.3082232519437274	86	1.4722517702012439	86	0.7881095563813711	86
31277	GSM5277181	PsO	nonlesional	T_cell	T_cell_unresolved	0.29833519907305034	6	0.2044479571033999	6	0.13011000855736965	6	0.15091342210997316	6	0.30304778056688314	6	0.2951781426385158	6	1.3944281547168142	6	0.7379586933224255	6
31277	GSM5277181	PsO	nonlesional	T_cell	cytotoxic_NK_T	0.24619450894495928	4	0.18249849581541888	4	0.1368828896685199	4	0.14099177387714942	4	0.3209297477522904	4	0.29096158287085244	4	1.4081175096998655	4	0.7636527980949324	4
31277	GSM5277181	PsO	nonlesional	dendritic	dendritic_LAMP3_CCR7	0.28279032828633677	2	0.19971820194725687	2	0.15393032207214927	2	0.1580551744247854	2	0.400612899742225	2	0.369463613315085	2	1.5161705929937115	2	0.8332969899776252	2
31277	GSM5277181	PsO	nonlesional	dendritic	dendritic_unresolved	0.2596094511384129	1	0.13396173617141116	1	0.060693545199756685	1	0.09109062688460426	1	0.24421992798716333	1	0.16705410817825622	1	0.7575642019071317	1	0.39267763916525306	1
31277	GSM5277181	PsO	nonlesional	dendritic	myeloid_monocyte_macrophage	0.2976264579325575	5	0.20931484393558705	5	0.1377878504457021	5	0.1554623210915786	5	0.3604047289538804	5	0.3210274732301106	5	1.2810822290638142	5	0.7192034025615561	5
31277	GSM5277181	PsO	nonlesional	endothelial	endothelial_activated	0.28178326187743663	123	0.2108702934103415	123	0.15309042319780475	123	0.16851364770058283	123	0.34026893375796674	123	0.3325093297579104	123	1.4381590743615293	123	0.7771308526807297	123
31277	GSM5277181	PsO	nonlesional	endothelial	endothelial_vascular	0.3066456218519648	170	0.22413309629761516	170	0.15955158470044695	170	0.17556843492062374	170	0.35868600142051854	170	0.3399595217741741	170	1.4272352416856564	170	0.7781864669125648	170
31277	GSM5277181	PsO	nonlesional	fibroblast	fibroblast_homeostatic_matrix	0.31755474327993244	702	0.2369906618290577	702	0.15872567316216743	702	0.18481818665892139	702	0.35217556709910675	702	0.3292688327724062	702	1.3849833479352616	702	0.7570344102717869	702
31277	GSM5277181	PsO	nonlesional	fibroblast	fibroblast_inflammatory	0.2837677912903447	23	0.21277915880744727	23	0.13206536548684814	23	0.15799380372356508	23	0.3271265000194606	23	0.3128452345044515	23	1.438032847844306	23	0.7764503278744866	23
31277	GSM5277181	PsO	nonlesional	keratinocyte	keratinocyte_IFN_response	0.31821474029168273	1	0.229296896283717	1	0.15148498556220927	1	0.180165752198796	1	0.38168173236423336	1	0.342004668788151	1	1.4256387438329576	1	0.7620145654236132	1
31277	GSM5277181	PsO	nonlesional	keratinocyte	keratinocyte_basal	0.3351536570714636	408	0.26245695454929374	408	0.1635302658241034	408	0.18306584417143004	408	0.4263989163036435	408	0.42420188547260473	408	1.6058533631290952	408	0.8823196017105548	408
31277	GSM5277181	PsO	nonlesional	keratinocyte	keratinocyte_inflammatory_T17	0.28225335401646084	7	0.2176599393779274	7	0.14572992577415358	7	0.15723670612957388	7	0.3432475319001781	7	0.3206336049608524	7	1.4011310432823019	7	0.7661695068664216	7
31277	GSM5277181	PsO	nonlesional	keratinocyte	keratinocyte_proliferative	0.19868370341379246	1	0.17200528883843813	1	0.11750273692186589	1	0.12552663457383287	1	0.31713446749795277	1	0.3420655195295924	1	1.4401207343860514	1	0.7772480191543167	1
31277	GSM5277181	PsO	nonlesional	keratinocyte	keratinocyte_spinous_suprabasal	0.3329091913338678	1470	0.26273478009953966	1470	0.16885457135427195	1470	0.18371566449418744	1470	0.4402237605168674	1470	0.42131131705314223	1470	1.6017641248346774	1470	0.8877559804185924	1470
31277	GSM5277181	PsO	nonlesional	keratinocyte	keratinocyte_stress_hypoxia	0.29307508775401464	9	0.20710100281550228	9	0.13640015628472968	9	0.15033359407602087	9	0.32317489078056916	9	0.3265442386014192	9	1.332239943938929	9	0.7299822481315585	9
31277	GSM5277181	PsO	nonlesional	mast_cell	mast_cell	0.18610461770469292	67	0.13278144805365213	67	0.08654548438909417	67	0.09317579255593926	67	0.22772204379715374	67	0.2127642007015889	67	1.082361776602012	67	0.5721389712336269	67
31277	GSM5277181	PsO	nonlesional	melanocyte	melanocyte_unresolved	0.380525018732708	223	0.29199230372991936	223	0.1860692527396958	223	0.2031642411868451	223	0.4467972345413073	223	0.4171162884740813	223	1.3854769703224694	223	0.7896660962737605	223
31277	GSM5277181	PsO	nonlesional	myeloid_monocyte	dendritic_LAMP3_CCR7	0.2730575805378795	1	0.16948766598398005	1	0.0953937749039254	1	0.12471370816540944	1	0.33662021532681496	1	0.3588931657054984	1	1.6011263744710613	1	0.8436751388994173	1
31277	GSM5277181	PsO	nonlesional	myeloid_monocyte	myeloid_monocyte_macrophage	0.29430180836800757	54	0.21038573449358539	54	0.1381942413733897	54	0.15730909468851678	54	0.353934418328187	54	0.33324912559408787	54	1.429203593459313	54	0.782185841355923	54
31277	GSM5277181	PsO	nonlesional	unassigned	unassigned_unresolved	0.24217234649316138	15	0.1663022391878714	15	0.10706850426132236	15	0.12672179487413868	15	0.2639668621888157	15	0.25700120722269143	15	1.2136901690093125	15	0.647197546336926	15
31277	GSM5277192	PsO	lesional	B_cell	B_cell_plasma	0.2368449406959315	8	0.16068933389028722	8	0.11118655888499568	8	0.11695281272343797	8	0.30521673436355706	8	0.28422024969166426	8	1.379045774562472	8	0.722953422459611	8
31277	GSM5277192	PsO	lesional	B_cell	B_cell_unresolved	0.22697538985215235	23	0.14948703068847535	23	0.10110971116773473	23	0.11210130289711075	23	0.2656564665279374	23	0.2639031367760471	23	1.297211564734341	23	0.6826631408909947	23
31277	GSM5277192	PsO	lesional	NK_cell	T_cell_TRM_T17_like	0.2246970056182711	5	0.16195355354221272	5	0.11701724955811843	5	0.1179546481960797	5	0.3097658146616534	5	0.2872971698613795	5	1.323352495256712	5	0.6975825085826773	5
31277	GSM5277192	PsO	lesional	NK_cell	cytotoxic_NK_T	0.2428518410463953	56	0.1738220789859696	56	0.12438825961219986	56	0.12964683184591239	56	0.31712080846116303	56	0.30478091907471166	56	1.4021282906216015	56	0.760480296592579	56
31277	GSM5277192	PsO	lesional	T_cell	T_cell_TRM_T17_like	0.24451236892556444	163	0.1679574512499842	163	0.11678150308716956	163	0.12292785568719279	163	0.311182445482774	163	0.29702926446417877	163	1.4638807958719875	163	0.7748409782066266	163
31277	GSM5277192	PsO	lesional	T_cell	T_cell_unresolved	0.27991833674035255	2	0.2023470236985353	2	0.13897196830097383	2	0.1453891758831182	2	0.33246279068704665	2	0.295214320227667	2	1.3472712086047636	2	0.7306757094455967	2
31277	GSM5277192	PsO	lesional	T_cell	cytotoxic_NK_T	0.21671178976349936	8	0.14952259481038008	8	0.11690097012625397	8	0.11541257713590648	8	0.27354501961194005	8	0.2680820797282391	8	1.3377164041003609	8	0.7058426336271586	8
31277	GSM5277192	PsO	lesional	dendritic	dendritic_LAMP3_CCR7	0.20870572944457186	1	0.1351911963284359	1	0.09588977558129405	1	0.1097902460552573	1	0.2628275235267399	1	0.2634473177078773	1	1.4195247474642883	1	0.7389080543177136	1
31277	GSM5277192	PsO	lesional	endothelial	endothelial_activated	0.32334718332611706	16	0.24915722387833367	16	0.18520360278342185	16	0.19884741808891068	16	0.3858864686378186	16	0.3871127613374968	16	1.513104847441825	16	0.8437839906140292	16
31277	GSM5277192	PsO	lesional	endothelial	endothelial_vascular	0.31998676430374184	79	0.23229344243870612	79	0.17591345100345424	79	0.18988150046034377	79	0.3711481171119923	79	0.33562456059697976	79	1.2925645830886623	79	0.7231754518535721	79
31277	GSM5277192	PsO	lesional	fibroblast	fibroblast_homeostatic_matrix	0.33523723332683064	216	0.2529209677243197	216	0.18020388549732902	216	0.2023633641963136	216	0.38674598671487803	216	0.34753015214625393	216	1.3064651903710722	216	0.733467053984721	216
31277	GSM5277192	PsO	lesional	fibroblast	fibroblast_inflammatory	0.24046768909460242	7	0.17119282979189018	7	0.11316926559483398	7	0.1432200964162151	7	0.2360217990672111	7	0.2539218738531213	7	1.2266008383414222	7	0.6581018879966161	7
31277	GSM5277192	PsO	lesional	keratinocyte	keratinocyte_IFN_response	0.25635956084114464	6	0.18716300347401302	6	0.13007224412984308	6	0.15114875277715265	6	0.30551320416405603	6	0.2837460855451412	6	1.269925376702899	6	0.6895395032895499	6
31277	GSM5277192	PsO	lesional	keratinocyte	keratinocyte_basal	0.3736191794289272	510	0.2892087004404567	510	0.1808298840756158	510	0.20118139432451937	510	0.46770662717621575	510	0.4559533505022665	510	1.5850684184140669	510	0.8943349914274553	510
31277	GSM5277192	PsO	lesional	keratinocyte	keratinocyte_inflammatory_T17	0.3754868232671945	1640	0.2883919815594427	1640	0.17941852512777595	1640	0.19136491369538716	1640	0.48007617383054285	1640	0.4567422558059354	1640	1.5558651242104165	1640	0.8836722401091068	1640
31277	GSM5277192	PsO	lesional	keratinocyte	keratinocyte_spinous_suprabasal	0.2999241047902394	31	0.21658232218520043	31	0.14158874560199183	31	0.1526763604368933	31	0.37684592359128916	31	0.34086998652322803	31	1.433694485533337	31	0.7805586538416333	31
31277	GSM5277192	PsO	lesional	keratinocyte	keratinocyte_stress_hypoxia	0.29391407102095896	4	0.22015528102209206	4	0.14988946314045737	4	0.15833794971467416	4	0.3137237150529378	4	0.3239932998576031	4	1.2810920857735608	4	0.7036655238714059	4
31277	GSM5277192	PsO	lesional	mast_cell	mast_cell	0.17665836258790868	9	0.12005036792696885	9	0.0793669597820233	9	0.08409043478433706	9	0.21272703002567434	9	0.2004870451194006	9	0.9738768765394856	9	0.532175148602898	9
31277	GSM5277192	PsO	lesional	melanocyte	melanocyte_unresolved	0.43190245310481423	55	0.3341282515109683	55	0.20766461116636367	55	0.21963839572253574	55	0.5280426211427126	55	0.48482161144074043	55	1.4189627362841182	55	0.8340921721615758	55
31277	GSM5277192	PsO	lesional	myeloid_monocyte	dendritic_LAMP3_CCR7	0.2965116781198492	6	0.22048582026647945	6	0.15470176334040653	6	0.16333682229079774	6	0.43664312395941435	6	0.38237327192080656	6	1.429454943616885	6	0.8146196296020319	6
31277	GSM5277192	PsO	lesional	myeloid_monocyte	myeloid_monocyte_macrophage	0.2967117848911962	79	0.22154195916818747	79	0.15614363517161878	79	0.16682916283586713	79	0.40321451254275	79	0.3559509100309165	79	1.3721726039278581	79	0.7785155452102864	79
31277	GSM5277192	PsO	lesional	unassigned	unassigned_unresolved	0.2808318821175538	8	0.18957211543960492	8	0.10609803075545149	8	0.12554361861381638	8	0.29396438577412015	8	0.2889740646336149	8	1.243724270723797	8	0.6632035585325673	8
31499	GSM5277193	PsO	lesional	B_cell	B_cell_plasma	0.190926656113426	1	0.12971111303030627	1	0.09953160122834208	1	0.1169951436339794	1	0.17828776245790187	1	0.18331632370300976	1	1.210310055470458	1	0.6588670995954499	1
31499	GSM5277193	PsO	lesional	B_cell	B_cell_unresolved	0.28161511066176365	3	0.20164946446763535	3	0.13657169270252031	3	0.14645221888138402	3	0.3646130150730745	3	0.3073483430862221	3	1.130968850041011	3	0.613211483495536	3
31499	GSM5277193	PsO	lesional	NK_cell	T_cell_TRM_T17_like	0.2765713730191668	2	0.19720265926439273	2	0.1586859218817965	2	0.1652717195939657	2	0.382695950960795	2	0.33670232829557706	2	1.4120605213136224	2	0.7781104668554054	2
31499	GSM5277193	PsO	lesional	NK_cell	cytotoxic_NK_T	0.26591976902209546	5	0.20762189976895778	5	0.14605848767733573	5	0.15722011061952096	5	0.34277417473746613	5	0.340010312286853	5	1.4031780724437777	5	0.7821489013031783	5
31499	GSM5277193	PsO	lesional	T_cell	T_cell_TRM_T17_like	0.3012465821545187	49	0.21505557638166886	49	0.1494901158593842	49	0.15772734617460843	49	0.37004159757336746	49	0.35257883703441195	49	1.4659028660560665	49	0.8032005957151825	49
31499	GSM5277193	PsO	lesional	dendritic	dendritic_LAMP3_CCR7	0.34831981269230383	5	0.2630852742605414	5	0.17661434019402616	5	0.18953313894658325	5	0.454263429722061	5	0.4412051307030905	5	1.4956284618970155	5	0.8541710473298197	5
31499	GSM5277193	PsO	lesional	dendritic	myeloid_monocyte_macrophage	0.3577139688189782	2	0.2744956701232617	2	0.20152556227687868	2	0.20393796878790155	2	0.504311378873411	2	0.415415722912868	2	1.4259465564987268	2	0.8238196185285858	2
31499	GSM5277193	PsO	lesional	endothelial	endothelial_activated	0.36220522588725734	18	0.28190882429427666	18	0.191760295017499	18	0.20586265452998978	18	0.457437530900021	18	0.4049518852709019	18	1.4715119436137392	18	0.8227359503618484	18
31499	GSM5277193	PsO	lesional	endothelial	endothelial_vascular	0.36993402708950385	152	0.27503594355102184	152	0.19971425994930903	152	0.21048849702473796	152	0.4352209661680084	152	0.3844266692886263	152	1.387292011309051	152	0.7869316628918434	152
31499	GSM5277193	PsO	lesional	fibroblast	fibroblast_homeostatic_matrix	0.37015579092055767	196	0.2901546850575647	196	0.20233616638987018	196	0.2287812635898756	196	0.43454144113620413	196	0.3840962662335833	196	1.33108131762743	196	0.7643178919163632	196
31499	GSM5277193	PsO	lesional	fibroblast	fibroblast_inflammatory	0.3849074987614229	2	0.2954531407354007	2	0.1882094714751322	2	0.20315053168153652	2	0.4926069191059109	2	0.402664621959177	2	1.4508743253044916	2	0.8249678455241278	2
31499	GSM5277193	PsO	lesional	keratinocyte	keratinocyte_basal	0.4251604483358786	275	0.3330304814413171	275	0.21292459516435952	275	0.22866310929853226	275	0.5531529278835259	275	0.5103150721823737	275	1.5454985632440081	275	0.8981002790114845	275
31499	GSM5277193	PsO	lesional	keratinocyte	keratinocyte_inflammatory_T17	0.3966839740997209	1382	0.29774307276423945	1382	0.1880101426425588	1382	0.19951640307947557	1382	0.5031049401327798	1382	0.45079893379339925	1382	1.4559926213160985	1382	0.8369682689931409	1382
31499	GSM5277193	PsO	lesional	keratinocyte	keratinocyte_spinous_suprabasal	0.38629794714206106	326	0.29229634922361614	326	0.18653435626612316	326	0.20072626537301666	326	0.4846255095958659	326	0.43134716913167503	326	1.403633182336573	326	0.8080111537564728	326
31499	GSM5277193	PsO	lesional	keratinocyte	keratinocyte_stress_hypoxia	0.3658949687916649	1	0.30613113645740225	1	0.19106941031490782	1	0.20696371131581945	1	0.4340055276996065	1	0.3951568499197829	1	1.270950443997667	1	0.7197767156238936	1
31499	GSM5277193	PsO	lesional	mast_cell	mast_cell	0.24115483359494505	34	0.15586951100733443	34	0.09257014402964792	34	0.10522056448989192	34	0.2804001165362209	34	0.24261821344791243	34	1.1053612398378956	34	0.5945040439210968	34
31499	GSM5277193	PsO	lesional	melanocyte	melanocyte_unresolved	0.45953697048752273	75	0.3599958539604842	75	0.2292986225404204	75	0.24403954653397103	75	0.5803962926988278	75	0.49937646956726717	75	1.3132698019810465	75	0.7915949050003858	75
31499	GSM5277193	PsO	lesional	myeloid_monocyte	myeloid_monocyte_macrophage	0.35055582048914846	41	0.2650440642717738	41	0.18749737951623122	41	0.19624416723562363	41	0.471214341969987	41	0.41294634280565834	41	1.4349424911744366	41	0.8308226899412839	41
3696	GSM5277178	PsO	nonlesional	B_cell	B_cell_plasma	0.29985818864415403	2	0.21457254063774236	2	0.11504991338610512	2	0.1419943743446593	2	0.35054943672038813	2	0.3393283574403404	2	1.5192279714867636	2	0.8332605728983707	2
3696	GSM5277178	PsO	nonlesional	B_cell	B_cell_unresolved	0.31516517857194715	47	0.22256389984438849	47	0.14192880464851068	47	0.1638125057215071	47	0.37219344026320444	47	0.3494697632397863	47	1.389355256528456	47	0.7728368018251243	47
3696	GSM5277178	PsO	nonlesional	NK_cell	cytotoxic_NK_T	0.24464322516741976	4	0.15837118395148414	4	0.10649522062682465	4	0.12605897599429114	4	0.2935291965963587	4	0.2743250366206471	4	1.3313886748190489	4	0.7028214616685113	4
3696	GSM5277178	PsO	nonlesional	T_cell	T_cell_TRM_T17_like	0.2739176540644081	21	0.18378582609721802	21	0.11857673090177026	21	0.13420328701457485	21	0.33552853418094664	21	0.31187049764853825	21	1.358394596500711	21	0.7313387870421542	21
3696	GSM5277178	PsO	nonlesional	T_cell	cytotoxic_NK_T	0.27926912595581804	1	0.22027652374821882	1	0.1372811916425311	1	0.1484193636171907	1	0.4091672539039214	1	0.3661886000339757	1	1.3765497085831382	1	0.7660213502630663	1
3696	GSM5277178	PsO	nonlesional	dendritic	dendritic_LAMP3_CCR7	0.13960791499182024	1	0.13398252111157272	1	0.09250246902168659	1	0.08974141683933828	1	0.2798235300579787	1	0.2645909229552982	1	1.4739540368498163	1	0.7659249822983631	1
3696	GSM5277178	PsO	nonlesional	dendritic	myeloid_monocyte_macrophage	0.2909334059706564	1	0.22316611178822823	1	0.1643797389816348	1	0.17123281604929486	1	0.4438769914772243	1	0.40476938461569434	1	1.4321778140408803	1	0.8191078501305054	1
3696	GSM5277178	PsO	nonlesional	endothelial	endothelial_activated	0.3149003913957476	43	0.22708923482947102	43	0.16012009423179355	43	0.17629929022641377	43	0.38978246105096653	43	0.35585942412084126	43	1.425587054860322	43	0.7785942415981713	43
3696	GSM5277178	PsO	nonlesional	endothelial	endothelial_vascular	0.32261624130156197	83	0.22533930357187462	83	0.15905366827549514	83	0.17475189160198534	83	0.37762047191928944	83	0.34152254329563614	83	1.3609080597905157	83	0.7475437483759769	83
3696	GSM5277178	PsO	nonlesional	fibroblast	fibroblast_homeostatic_matrix	0.3501076550890058	376	0.2590445343495694	376	0.1755490124920695	376	0.20093063260873886	376	0.40405777194860004	376	0.3575668399350138	376	1.292534901284278	376	0.7292039097090266	376
3696	GSM5277178	PsO	nonlesional	fibroblast	fibroblast_inflammatory	0.3697762151313884	6	0.25026265796790487	6	0.15918347684867196	6	0.1841085501576111	6	0.40508764200662667	6	0.3570995113184601	6	1.298207475082777	6	0.7167499494746434	6
3696	GSM5277178	PsO	nonlesional	keratinocyte	keratinocyte_IFN_response	0.3866037285859761	1	0.26991381639634543	1	0.1588743063020361	1	0.18599032673604257	1	0.44863499208253144	1	0.40810439129225295	1	1.4696734748657143	1	0.8239364650576376	1
3696	GSM5277178	PsO	nonlesional	keratinocyte	keratinocyte_basal	0.33913336115816634	792	0.2586718028492862	792	0.16091159995403692	792	0.18321790393009543	792	0.43492275320243434	792	0.4147695616604434	792	1.496384652437468	792	0.8331313825124816	792
3696	GSM5277178	PsO	nonlesional	keratinocyte	keratinocyte_inflammatory_T17	0.3127909133544518	6	0.2233522837896369	6	0.1412622793182695	6	0.16289841426987053	6	0.3761404769564272	6	0.3442161227844806	6	1.0776254224765192	6	0.6222860169460129	6
3696	GSM5277178	PsO	nonlesional	keratinocyte	keratinocyte_proliferative	0.39127119987386516	1	0.24631069719602794	1	0.1373586368778445	1	0.16789478075689981	1	0.44039013006166766	1	0.35932588462846987	1	1.5273530382872078	1	0.8246203760275445	1
3696	GSM5277178	PsO	nonlesional	keratinocyte	keratinocyte_spinous_suprabasal	0.3511984865720771	2458	0.2650277393570608	2458	0.16311575562565034	2458	0.18057689907306468	2458	0.46588942892776974	2458	0.4348870625449088	2458	1.5612308920039624	2458	0.8710018795735829	2458
3696	GSM5277178	PsO	nonlesional	keratinocyte	keratinocyte_stress_hypoxia	0.3435451232018386	5	0.26544087942559613	5	0.15537478227964882	5	0.18932784548292653	5	0.43896566653665225	5	0.40495941571844574	5	1.3137286575194083	5	0.7327434397325503	5
3696	GSM5277178	PsO	nonlesional	mast_cell	mast_cell	0.254917640575988	6	0.16443382568063514	6	0.10513494545867065	6	0.11166012203824621	6	0.2928096466981267	6	0.23308442804068177	6	0.9938904231890645	6	0.5364428814579018	6
3696	GSM5277178	PsO	nonlesional	melanocyte	melanocyte_unresolved	0.3875492593022165	84	0.29192457738513305	84	0.18575309598840528	84	0.20390175977440228	84	0.4731050674882982	84	0.41499180517103523	84	1.3395081840511305	84	0.7696305752702401	84
3696	GSM5277178	PsO	nonlesional	myeloid_monocyte	myeloid_monocyte_macrophage	0.32306393899917507	40	0.22778151282408182	40	0.14148646777500523	40	0.16396197597087847	40	0.39156678278574797	40	0.3665677116365816	40	1.4322615289767695	40	0.8022918677181637	40
3696	GSM5277178	PsO	nonlesional	unassigned	unassigned_unresolved	0.28152301911001815	6	0.18497761782015928	6	0.1139027703161068	6	0.13504910698981895	6	0.3080086738062408	6	0.3030438481862001	6	1.241400333498582	6	0.6605600912815085	6
369PC	GSM5277182	PsO	nonlesional	B_cell	B_cell_plasma	0.24087371103358934	11	0.1655825719495068	11	0.11406587307450886	11	0.12603564441426165	11	0.27610521308648533	11	0.2748098909333156	11	1.4900985322181044	11	0.7782031021855365	11
369PC	GSM5277182	PsO	nonlesional	B_cell	B_cell_unresolved	0.3128161727287791	4	0.20970526357966482	4	0.13172272447792882	4	0.15447220812401918	4	0.3614793509216793	4	0.3033825352217897	4	1.3551969215822064	4	0.7406495492622317	4
369PC	GSM5277182	PsO	nonlesional	NK_cell	T_cell_TRM_T17_like	0.2160535734018702	2	0.1711319490892943	2	0.12129164738991022	2	0.12963524166152846	2	0.2940127679545597	2	0.3019874045622551	2	1.4519248298749055	2	0.7762179864462824	2
369PC	GSM5277182	PsO	nonlesional	NK_cell	cytotoxic_NK_T	0.30111027695655135	5	0.23596321281878865	5	0.18096702096929462	5	0.18449441485777957	5	0.42383690992560724	5	0.3867044194791498	5	1.32241986065248	5	0.7506972342065918	5
369PC	GSM5277182	PsO	nonlesional	T_cell	T_cell_TRM_T17_like	0.2764197859023393	51	0.19232947350012145	51	0.14089515939555916	51	0.14916916719004744	51	0.3287085237722816	51	0.3110649810194837	51	1.3792666780059388	51	0.7494823870832459	51
369PC	GSM5277182	PsO	nonlesional	T_cell	T_cell_unresolved	0.16071425393369168	1	0.16698237184188242	1	0.12269872984051154	1	0.12770119274389152	1	0.1328890995212913	1	0.15973286264383105	1	0.5297349229794059	1	0.3321372571328076	1
369PC	GSM5277182	PsO	nonlesional	T_cell	cytotoxic_NK_T	0.30121899376700917	1	0.21829252336125451	1	0.1341182561210814	1	0.15266892362648807	1	0.3756351699898534	1	0.38189976484603694	1	1.4257810627635437	1	0.7669192747562407	1
369PC	GSM5277182	PsO	nonlesional	dendritic	dendritic_LAMP3_CCR7	0.312805599590497	1	0.22101771725485495	1	0.20045532606736075	1	0.2069303342663653	1	0.406334141321068	1	0.32561752294887997	1	1.4480596835243251	1	0.8272076686707989	1
369PC	GSM5277182	PsO	nonlesional	dendritic	myeloid_monocyte_macrophage	0.34408721073987786	1	0.24784958744653682	1	0.1930344059902398	1	0.2047020724823368	1	0.4573549261276302	1	0.38238378668239115	1	1.4626545153047599	1	0.8376200904404733	1
369PC	GSM5277182	PsO	nonlesional	endothelial	endothelial_activated	0.27751853361183415	7	0.2202625297531995	7	0.16694517424983138	7	0.17492414740151083	7	0.34124883155436375	7	0.3145950578182887	7	1.2572585121921716	7	0.6918343894678396	7
369PC	GSM5277182	PsO	nonlesional	endothelial	endothelial_vascular	0.3578570482292715	96	0.27281579052708294	96	0.2066552518537662	96	0.2141674573717872	96	0.44801667846604826	96	0.3868341627684632	96	1.3829471671260825	96	0.7827855153020925	96
369PC	GSM5277182	PsO	nonlesional	fibroblast	fibroblast_homeostatic_matrix	0.3659652454043854	298	0.28384647322017	298	0.20471508151916623	298	0.23010390312898982	298	0.4237293939172874	298	0.3745534932631101	298	1.3187408648234267	298	0.7485138283165486	298
369PC	GSM5277182	PsO	nonlesional	fibroblast	fibroblast_inflammatory	0.32541147916067825	8	0.24010821461197807	8	0.18413808894461595	8	0.19924086421901815	8	0.37553822338510023	8	0.34347325810788576	8	1.257830365241448	8	0.7072944743385198	8
369PC	GSM5277182	PsO	nonlesional	keratinocyte	keratinocyte_basal	0.33760624521133153	115	0.2748329550100903	115	0.17884279638458875	115	0.19222097203777444	115	0.44942859264491825	115	0.4359994916875942	115	1.5954941030510874	115	0.8879381528542328	115
369PC	GSM5277182	PsO	nonlesional	keratinocyte	keratinocyte_inflammatory_T17	0.1888337372629391	33	0.12779674727966672	33	0.08422142014937944	33	0.09107556127407211	33	0.2764206993655097	33	0.23479911741478002	33	1.0944046095901545	33	0.5811114577156734	33
369PC	GSM5277182	PsO	nonlesional	keratinocyte	keratinocyte_spinous_suprabasal	0.3415130405412369	464	0.28098973422369733	464	0.1903942257202048	464	0.1970044816105896	464	0.4740759425796026	464	0.435254492903046	464	1.5510258972128268	464	0.8703568436550607	464
369PC	GSM5277182	PsO	nonlesional	keratinocyte	keratinocyte_stress_hypoxia	0.3708656159243233	2	0.26813613534355885	2	0.2025217227586393	2	0.21451049343722112	2	0.4665890733163588	2	0.40758715691585434	2	1.3767712039545188	2	0.7693913304504761	2
369PC	GSM5277182	PsO	nonlesional	mast_cell	mast_cell	0.23161018194331817	6	0.15471222370975932	6	0.11706651990996379	6	0.121091728271012	6	0.3100378511595293	6	0.23630619277591017	6	0.9870574398086802	6	0.5397600805605071	6
369PC	GSM5277182	PsO	nonlesional	melanocyte	melanocyte_unresolved	0.3850417707742331	44	0.3046586102522139	44	0.19958071098154173	44	0.21015969677601518	44	0.4819724072781158	44	0.4223696685284978	44	1.271921489475909	44	0.738445736513512	44
369PC	GSM5277182	PsO	nonlesional	myeloid_monocyte	dendritic_LAMP3_CCR7	0.3352213494788288	2	0.23874936886394532	2	0.17786306130025512	2	0.18611553934545474	2	0.41059234669162237	2	0.3968224414014515	2	1.5409652674137493	2	0.8774217663613857	2
369PC	GSM5277182	PsO	nonlesional	myeloid_monocyte	myeloid_monocyte_macrophage	0.30632809088849333	17	0.2156117825956459	17	0.1558329527812863	17	0.17006705315730908	17	0.37270271390417986	17	0.3141009958986874	17	1.2614518853507035	17	0.7058113759971614	17
369PC	GSM5277182	PsO	nonlesional	unassigned	unassigned_unresolved	0.3431167247065291	1	0.22033285161587524	1	0.13476090276927033	1	0.15831946957660717	1	0.37651643064974943	1	0.28594659945328005	1	1.2707141564695847	1	0.7153706303875088	1
369PC	GSM5277194	PsO	lesional	B_cell	B_cell_plasma	0.32795364099723806	3	0.24011015049299708	3	0.17405404510262704	3	0.17273668503991665	3	0.45075137864894016	3	0.4042079303641079	3	1.541903843813972	3	0.8551726265216871	3
369PC	GSM5277194	PsO	lesional	B_cell	B_cell_unresolved	0.21775529732118276	2	0.16311905038995358	2	0.11421649431669578	2	0.12332200863784341	2	0.32473011495044146	2	0.27886503212283575	2	1.3227567178949389	2	0.7127004391161756	2
369PC	GSM5277194	PsO	lesional	NK_cell	cytotoxic_NK_T	0.30331089068843003	14	0.21932461120586458	14	0.16163164560065904	14	0.16518279152905027	14	0.38302875628272587	14	0.3505638822471508	14	1.4206054348369463	14	0.7867175022586731	14
369PC	GSM5277194	PsO	lesional	T_cell	T_cell_TRM_T17_like	0.28931846751966034	60	0.19997611148221098	60	0.14311044911172394	60	0.15092517137029626	60	0.368171575322449	60	0.333802813776911	60	1.4154049416508991	60	0.7654010523594963	60
369PC	GSM5277194	PsO	lesional	T_cell	cytotoxic_NK_T	0.29293506587250023	1	0.2214421772944839	1	0.16797282121574786	1	0.18157838606635593	1	0.44970863841055453	1	0.3959000410915503	1	1.4237326232246497	1	0.8228125007238132	1
369PC	GSM5277194	PsO	lesional	dendritic	dendritic_LAMP3_CCR7	0.2986028563962118	2	0.20808002733332637	2	0.1460339301491593	2	0.16768331819247215	2	0.3800242575553413	2	0.33806585417170887	2	1.2147160142499913	2	0.699657589318285	2
369PC	GSM5277194	PsO	lesional	dendritic	myeloid_monocyte_macrophage	0.28760510052315164	4	0.22902414497774728	4	0.1701114971282458	4	0.17423136974296913	4	0.40175884570299075	4	0.39446313646673237	4	1.4919730977913983	4	0.8539779846617014	4
369PC	GSM5277194	PsO	lesional	endothelial	endothelial_activated	0.4341003283924316	2	0.29797307463728406	2	0.2135818990103278	2	0.22631408349889492	2	0.47314688576300035	2	0.39930582437355666	2	1.3944814669819534	2	0.8015023138224528	2
369PC	GSM5277194	PsO	lesional	endothelial	endothelial_vascular	0.42425902362499424	77	0.31396002243102294	77	0.2353172298671003	77	0.2458639037212853	77	0.5022125168167146	77	0.42976721913648525	77	1.3782395601504007	77	0.8028819719951045	77
369PC	GSM5277194	PsO	lesional	fibroblast	fibroblast_homeostatic_matrix	0.37619891747571943	166	0.2828309286162364	166	0.19961885013110106	166	0.22564578624130088	166	0.42812096318791854	166	0.3711971971491144	166	1.3046998803927843	166	0.7463159369191277	166
369PC	GSM5277194	PsO	lesional	keratinocyte	keratinocyte_IFN_response	0.462650917951787	1	0.36298510562639524	1	0.2640761054095902	1	0.27258777036953374	1	0.504954114221435	1	0.4783792776048368	1	1.4215294506555807	1	0.8534384555804329	1
369PC	GSM5277194	PsO	lesional	keratinocyte	keratinocyte_basal	0.43760745789771016	569	0.3304128130804511	569	0.2043710310174517	569	0.22459455025393607	569	0.5336549276061907	569	0.5025571032327745	569	1.5636088824927061	569	0.9059277892255998	569
369PC	GSM5277194	PsO	lesional	keratinocyte	keratinocyte_inflammatory_T17	0.3988867583886086	906	0.29219210646264937	906	0.18203099381046484	906	0.19313957815729563	906	0.489199800899195	906	0.44548034916631063	906	1.4500224482932076	906	0.8304760754201974	906
369PC	GSM5277194	PsO	lesional	keratinocyte	keratinocyte_proliferative	0.3989605894054067	4	0.2841708628941377	4	0.22184168788538583	4	0.22539977019842922	4	0.5063025263901253	4	0.4243791406400169	4	1.1785278958380325	4	0.7059902423522827	4
369PC	GSM5277194	PsO	lesional	keratinocyte	keratinocyte_spinous_suprabasal	0.2036683743300351	37	0.14665367395617399	37	0.09829652973443195	37	0.10242052997696081	37	0.3011924478894378	37	0.25169165114368364	37	1.1574893963267814	37	0.6171438508595424	37
369PC	GSM5277194	PsO	lesional	keratinocyte	keratinocyte_stress_hypoxia	0.4605336254643229	2	0.3981754912860639	2	0.25324545412090704	2	0.2795876886813315	2	0.5595766225640829	2	0.48049826211436536	2	1.1880306447540576	2	0.7310806543613162	2
369PC	GSM5277194	PsO	lesional	mast_cell	mast_cell	0.33713176722463056	1	0.2033399451251068	1	0.14244936709547987	1	0.14937016033469994	1	0.3962919042005204	1	0.3445282087028233	1	0.9942546772979517	1	0.5676032420219871	1
369PC	GSM5277194	PsO	lesional	melanocyte	melanocyte_unresolved	0.46931955479623805	51	0.3689583836433945	51	0.23305004805835408	51	0.2459655513714244	51	0.592563865370036	51	0.5079951648239698	51	1.3516664754516468	51	0.8105421371666095	51
369PC	GSM5277194	PsO	lesional	myeloid_monocyte	dendritic_LAMP3_CCR7	0.3012691373068584	4	0.23884708105638572	4	0.17444120345014796	4	0.18260080126266476	4	0.4089103210884763	4	0.3786169689773988	4	1.4547711023278724	4	0.8344290403330663	4
369PC	GSM5277194	PsO	lesional	myeloid_monocyte	myeloid_monocyte_macrophage	0.33134495561473476	36	0.24777044600400375	36	0.17568505323747174	36	0.18292094470453138	36	0.43729190366601833	36	0.38545523751394645	36	1.335481223512314	36	0.7750329619677135	36
5851	GSM5277183	PsO	nonlesional	B_cell	B_cell_unresolved	0.23723065096978058	3	0.14940760144037815	3	0.12343821654070268	3	0.1433227004886962	3	0.19484594210127212	3	0.20354644613465567	3	0.7251526163880202	3	0.432830734790789	3
5851	GSM5277183	PsO	nonlesional	T_cell	T_cell_TRM_T17_like	0.3288241292357132	20	0.213314611529207	20	0.14298923782409853	20	0.16859244243108387	20	0.33774455548288373	20	0.3446560690242734	20	1.243144254164917	20	0.692643167605696	20
5851	GSM5277183	PsO	nonlesional	dendritic	dendritic_unresolved	0.32280682640128694	1	0.1625908976839126	1	0.0747759398698599	1	0.11415680140162124	1	0.24282182249245884	1	0.2315447883579403	1	1.0833964556798374	1	0.5607454099479615	1
5851	GSM5277183	PsO	nonlesional	dendritic	myeloid_monocyte_macrophage	0.38551708547778113	6	0.25752066380004796	6	0.1862815675277972	6	0.20819908330379502	6	0.39545947839341045	6	0.3775358110194635	6	1.1303825983796731	6	0.6674978575846374	6
5851	GSM5277183	PsO	nonlesional	endothelial	endothelial_activated	0.36500637429858424	6	0.24270492948719902	6	0.1773528874988984	6	0.21088440141800638	6	0.3189600109872641	6	0.31766133675738495	6	1.0787128600965132	6	0.6168229515245858	6
5851	GSM5277183	PsO	nonlesional	endothelial	endothelial_vascular	0.3981419412723587	101	0.2781389346536825	101	0.20850558274497152	101	0.23124739362181254	101	0.39962765909330517	101	0.35731550632110015	101	1.1778483706726823	101	0.6810373925800546	101
5851	GSM5277183	PsO	nonlesional	fibroblast	fibroblast_homeostatic_matrix	0.4014438459790716	264	0.2826432599322839	264	0.19775065205993467	264	0.23455657541234418	264	0.37407277034277175	264	0.33523717711606227	264	1.100245199377209	264	0.6380414136390402	264
5851	GSM5277183	PsO	nonlesional	fibroblast	fibroblast_inflammatory	0.3542178497859424	4	0.23104733648900097	4	0.14765211786605503	4	0.18496837021967366	4	0.27528696317558676	4	0.267328409900918	4	1.0783126417434272	4	0.6106133277123228	4
5851	GSM5277183	PsO	nonlesional	keratinocyte	keratinocyte_IFN_response	0.1518891987788736	1	0.0983963738506032	1	0.10614562125520055	1	0.07992718278969928	1	0.3266651763587834	1	0.26686661289730335	1	1.3383511687828007	1	0.6905261482156627	1
5851	GSM5277183	PsO	nonlesional	keratinocyte	keratinocyte_basal	0.40557889588537527	407	0.28726603748793234	407	0.17271979795112177	407	0.20074053412509066	407	0.4452258286254625	407	0.424107203904959	407	1.4542704024231323	407	0.8129024637707694	407
5851	GSM5277183	PsO	nonlesional	keratinocyte	keratinocyte_inflammatory_T17	0.4345066838547981	13	0.3002392573369248	13	0.17985344649249854	13	0.1967136006996995	13	0.5107331437864323	13	0.4655068756328969	13	1.4584549375099163	13	0.8276276767211266	13
5851	GSM5277183	PsO	nonlesional	keratinocyte	keratinocyte_proliferative	0.5060675404357586	1	0.372499887393437	1	0.23027561395071747	1	0.2537909295318491	1	0.5938840333335483	1	0.5702268932264056	1	1.4946521095166023	1	0.8731019808086251	1
5851	GSM5277183	PsO	nonlesional	keratinocyte	keratinocyte_spinous_suprabasal	0.4195388796268362	2360	0.293954140858898	2360	0.17453448153017603	2360	0.19804912319866502	2360	0.46500114077065935	2360	0.4252105731313912	2360	1.45022609792661	2360	0.8187735131781315	2360
5851	GSM5277183	PsO	nonlesional	keratinocyte	keratinocyte_stress_hypoxia	0.43463038356141664	3	0.2879298413642291	3	0.18611869593461436	3	0.21305678810062142	3	0.4039543509578942	3	0.35135459925785734	3	1.2651629922248198	3	0.6901543528311267	3
5851	GSM5277183	PsO	nonlesional	mast_cell	mast_cell	0.33211203909294024	14	0.1951606529576055	14	0.1077054951795109	14	0.13999830999434992	14	0.2546928623135835	14	0.2405963693384159	14	1.0202163122887042	14	0.5647429629425719	14
5851	GSM5277183	PsO	nonlesional	melanocyte	melanocyte_unresolved	0.45579681512788295	37	0.3312466698135047	37	0.2206608480653675	37	0.24133070413812288	37	0.4739456517135403	37	0.4189710504038656	37	1.1256452121871232	37	0.6803321200580872	37
5851	GSM5277183	PsO	nonlesional	myeloid_monocyte	myeloid_monocyte_macrophage	0.38527352701981704	7	0.26525402629737665	7	0.17397044733826145	7	0.20122733997952902	7	0.4391619953272852	7	0.40065776070705034	7	1.2938104395140788	7	0.7542765487803427	7
5851	GSM5277183	PsO	nonlesional	unassigned	unassigned_unresolved	0.3294234344119289	9	0.21099310414403474	9	0.1346564852168171	9	0.161058569612367	9	0.2935878658364363	9	0.26494388093021304	9	0.9578356654151625	9	0.5420094062794933	9
5851	GSM5277195	PsO	lesional	B_cell	B_cell_plasma	0.3616446737605755	1	0.25933822759130415	1	0.24054255988313325	1	0.24877811643596576	1	0.48628674680097395	1	0.4223217396541486	1	1.3378742403600685	1	0.7773801525316923	1
5851	GSM5277195	PsO	lesional	NK_cell	T_cell_TRM_T17_like	0.4482625304647633	1	0.3293140715077413	1	0.2168431251744539	1	0.23093119728205877	1	0.47751446328777486	1	0.4153077494610877	1	1.1750923540725335	1	0.7201204958222114	1
5851	GSM5277195	PsO	lesional	NK_cell	cytotoxic_NK_T	0.321705798268977	3	0.21079555375638862	3	0.16976131340430847	3	0.1902243609293642	3	0.278042639555958	3	0.28160487729170264	3	0.7524046143298847	3	0.4441637572804736	3
5851	GSM5277195	PsO	lesional	T_cell	T_cell_TRM_T17_like	0.354387434399202	14	0.25443333694018705	14	0.18699283038908301	14	0.2062127550991597	14	0.36802229821215976	14	0.37102551603771944	14	1.228428532229268	14	0.7068151562504124	14
5851	GSM5277195	PsO	lesional	dendritic	dendritic_LAMP3_CCR7	0.34273835292394905	2	0.22716564442598508	2	0.1667045556269047	2	0.1883383219380052	2	0.3472875452502691	2	0.3449651383086499	2	1.114094662198855	2	0.6749634255710192	2
5851	GSM5277195	PsO	lesional	dendritic	myeloid_monocyte_macrophage	0.31771061172737775	1	0.26415595507224504	1	0.2264900814848586	1	0.23180739138055984	1	0.42307517259053773	1	0.42776309604697593	1	1.3253554539795664	1	0.8011950422039896	1
5851	GSM5277195	PsO	lesional	endothelial	endothelial_vascular	0.46246686453760616	25	0.3363031808639693	25	0.27152481827765135	25	0.29173633699233137	25	0.4863093683144413	25	0.42488634269776143	25	1.186579600723626	25	0.7187174051733233	25
5851	GSM5277195	PsO	lesional	fibroblast	fibroblast_homeostatic_matrix	0.4216407956908635	29	0.30998230380071196	29	0.24432185839526072	29	0.2768900307415988	29	0.41416081511189234	29	0.36692841880768107	29	1.031022662344212	29	0.6241266052943254	29
5851	GSM5277195	PsO	lesional	keratinocyte	keratinocyte_IFN_response	0.2155408870927629	1	0.19763436353929403	1	0.14583633906769483	1	0.13064632461783104	1	0.47147841328867623	1	0.3639875424274207	1	1.4441703168721998	1	0.8018267339163799	1
5851	GSM5277195	PsO	lesional	keratinocyte	keratinocyte_basal	0.45277524813148934	291	0.34313837569778094	291	0.227131036976013	291	0.25259331916596595	291	0.519341481595763	291	0.5052544425337732	291	1.3818532207721657	291	0.8205737936766184	291
5851	GSM5277195	PsO	lesional	keratinocyte	keratinocyte_inflammatory_T17	0.39856252616598536	304	0.29380977969446254	304	0.19195090165373818	304	0.20631839516330416	304	0.49190084290409597	304	0.4550205819982148	304	1.3322867128033669	304	0.778064526127974	304
5851	GSM5277195	PsO	lesional	keratinocyte	keratinocyte_spinous_suprabasal	0.4130511186501816	316	0.3015945868594277	316	0.19505866239852498	316	0.2152758009079093	316	0.47787287885827173	316	0.44343346862641725	316	1.3114675991968785	316	0.7689336432812627	316
5851	GSM5277195	PsO	lesional	melanocyte	melanocyte_unresolved	0.48695461728927963	7	0.3800690766998017	7	0.27059990420525815	7	0.27965720922580656	7	0.6028461098257026	7	0.5069426908560488	7	1.161262299726062	7	0.731329424732284	7
5851	GSM5277195	PsO	lesional	myeloid_monocyte	dendritic_LAMP3_CCR7	0.37983422385578625	2	0.2514265565837659	2	0.17016831982314284	2	0.19451992780052146	2	0.4490923443861997	2	0.3858133390931142	2	1.1057742264104617	2	0.6639746743913901	2
5851	GSM5277195	PsO	lesional	myeloid_monocyte	myeloid_monocyte_macrophage	0.38167220361585885	3	0.29861619265060996	3	0.24612649067820488	3	0.25047609659995	3	0.5355958665773918	3	0.4710621627932125	3	1.2778813541134326	3	0.7908155545422252	3
6215A	GSM5277196	PsO	lesional	B_cell	B_cell_plasma	0.29952368349472075	25	0.20424829792602472	25	0.13905581088822003	25	0.15232144449447416	25	0.3693369687279503	25	0.32673236122998234	25	1.2102266704826548	25	0.6890719563864866	25
6215A	GSM5277196	PsO	lesional	B_cell	B_cell_unresolved	0.34002905555094737	21	0.2425817331234815	21	0.15831485015315402	21	0.1715965004009186	21	0.39391208121536275	21	0.3665120867884034	21	1.2835267584817556	21	0.7242777948243001	21
6215A	GSM5277196	PsO	lesional	NK_cell	T_cell_TRM_T17_like	0.3197265998864114	6	0.23183799568446592	6	0.17418509812899532	6	0.1796535655219206	6	0.3758125965371566	6	0.3691825310971615	6	1.3370158799933496	6	0.7638262741177586	6
6215A	GSM5277196	PsO	lesional	NK_cell	cytotoxic_NK_T	0.31034117882780315	40	0.22259828938175938	40	0.16690898814443042	40	0.1731551883308123	40	0.3987339117606174	40	0.35390448018675524	40	1.2684153608137396	40	0.7115654078237604	40
6215A	GSM5277196	PsO	lesional	T_cell	T_cell_TRM_T17_like	0.30291354641814494	290	0.21475846454013164	290	0.15792724334816763	290	0.16394575007107562	290	0.38519580417790483	290	0.3538787544321684	290	1.4026805997450702	290	0.778481482084257	290
6215A	GSM5277196	PsO	lesional	T_cell	cytotoxic_NK_T	0.3008487693906438	3	0.19777032403988418	3	0.1278096288227016	3	0.14602142601990956	3	0.3140134494948014	3	0.3137211070057788	3	1.266931765268586	3	0.7046570672887821	3
6215A	GSM5277196	PsO	lesional	dendritic	dendritic_LAMP3_CCR7	0.3625983664038577	5	0.25659376588467964	5	0.19322417927992572	5	0.20318589792877942	5	0.4629989490798298	5	0.39556996102772846	5	1.1734840866829566	5	0.7012431754726232	5
6215A	GSM5277196	PsO	lesional	dendritic	myeloid_monocyte_macrophage	0.34698900560650114	8	0.24939391466439254	8	0.18630844086944695	8	0.19056238660659577	8	0.4641116024808343	8	0.415211572235465	8	1.2831241070837562	8	0.7398450295913378	8
6215A	GSM5277196	PsO	lesional	endothelial	endothelial_activated	0.3708927500577379	52	0.27416803882174073	52	0.19539120650601083	52	0.2133645402517862	52	0.4455801193816897	52	0.3946250027644927	52	1.3746500120498955	52	0.7870275641660912	52
6215A	GSM5277196	PsO	lesional	endothelial	endothelial_vascular	0.37816363576048884	216	0.2796163737065336	216	0.20435671344393824	216	0.21857131778776287	216	0.4448512492738781	216	0.394628917538216	216	1.3334233100402808	216	0.7689679408824404	216
6215A	GSM5277196	PsO	lesional	fibroblast	fibroblast_homeostatic_matrix	0.4134704459662065	555	0.3218551512258826	555	0.22545067860126444	555	0.24998853854210543	555	0.4822901039632335	555	0.428066478012859	555	1.288144080111024	555	0.7673407808978285	555
6215A	GSM5277196	PsO	lesional	fibroblast	fibroblast_inflammatory	0.3621999360637366	13	0.273706212744205	13	0.18330891755883866	13	0.20982287639314692	13	0.42973456785178715	13	0.39817101910429664	13	1.2912512878848033	13	0.7410347739290747	13
6215A	GSM5277196	PsO	lesional	keratinocyte	keratinocyte_IFN_response	0.3388601829764517	20	0.2358143123792839	20	0.15994220040267018	20	0.1757235813400471	20	0.39191398232174446	20	0.3444090548088507	20	1.2815500829608237	20	0.7224478106549241	20
6215A	GSM5277196	PsO	lesional	keratinocyte	keratinocyte_basal	0.4725786010909865	731	0.3516612604767161	731	0.2152586686339062	731	0.23099044401968868	731	0.5822450079410151	731	0.5406387378498949	731	1.515838727249505	731	0.8830964859583512	731
6215A	GSM5277196	PsO	lesional	keratinocyte	keratinocyte_inflammatory_T17	0.4766043576164701	857	0.34767821236839563	857	0.20998148079010087	857	0.2199296610904038	857	0.5799411440180235	857	0.5267822104111295	857	1.4537949562871284	857	0.8546703334189114	857
6215A	GSM5277196	PsO	lesional	keratinocyte	keratinocyte_proliferative	0.4644357314805073	10	0.3532801243662889	10	0.2247539488562309	10	0.23997383617843715	10	0.5898567208102622	10	0.5680426012959431	10	1.5481195508529253	10	0.9060210942194317	10
6215A	GSM5277196	PsO	lesional	keratinocyte	keratinocyte_spinous_suprabasal	0.45906186393224474	274	0.33620764475834103	274	0.20307632974213904	274	0.2136194564368644	274	0.5602662402714945	274	0.5014514707471892	274	1.4818845279669957	274	0.8631712552751241	274
6215A	GSM5277196	PsO	lesional	keratinocyte	keratinocyte_stress_hypoxia	0.3546964354339357	6	0.2622891168977787	6	0.1776233136009867	6	0.19844855323063773	6	0.44985002157308873	6	0.41549050986257147	6	1.413477100366921	6	0.7908507676717577	6
6215A	GSM5277196	PsO	lesional	mast_cell	mast_cell	0.250755837416158	75	0.17524766102531703	75	0.10951284981998062	75	0.11778925683588236	75	0.30840289119550407	75	0.26407541579454846	75	1.0272461517564742	75	0.575568693587265	75
6215A	GSM5277196	PsO	lesional	melanocyte	melanocyte_unresolved	0.4766369723831277	35	0.377275466166266	35	0.241968591263465	35	0.2529025219992795	35	0.5832570013271672	35	0.5018217072232469	35	1.2538668687025671	35	0.7750704652730875	35
6215A	GSM5277196	PsO	lesional	myeloid_monocyte	dendritic_LAMP3_CCR7	0.3485358150224095	5	0.25186194443195414	5	0.18698816089390488	5	0.19526664891097545	5	0.4349838202256685	5	0.41418769237429	5	1.4306744823541784	5	0.8212592265752396	5
6215A	GSM5277196	PsO	lesional	myeloid_monocyte	myeloid_monocyte_macrophage	0.34525439821402715	84	0.2564066547163485	84	0.18441240745937776	84	0.1929242079700164	84	0.4461996856637266	84	0.38588205844726625	84	1.2695361816095851	84	0.7470976336584633	84
6215A	GSM5277196	PsO	lesional	unassigned	unassigned_unresolved	0.477970367926114	1	0.30633948243525067	1	0.22155225608569007	1	0.23436214604527955	1	0.5264515332269397	1	0.4016891425822213	1	1.3282427279071256	1	0.7636527835810033	1
6215B	GSM5277197	PsO	lesional	B_cell	B_cell_plasma	0.3204157628033585	30	0.229125532817384	30	0.15890941224493657	30	0.16671025620525567	30	0.401820800017899	30	0.34949174497059515	30	1.228746639435971	30	0.6988743279053184	30
6215B	GSM5277197	PsO	lesional	B_cell	B_cell_unresolved	0.30124748683303865	21	0.2101794735402399	21	0.1407133353341393	21	0.1541786450343546	21	0.35911861390366384	21	0.3085859565322269	21	1.169912016637718	21	0.6457698717841021	21
6215B	GSM5277197	PsO	lesional	NK_cell	T_cell_TRM_T17_like	0.2654366346619392	9	0.18933938254516966	9	0.15837789409116643	9	0.1561021933533637	9	0.33700052760428156	9	0.31065076120120605	9	1.219602357824828	9	0.6845593585735901	9
6215B	GSM5277197	PsO	lesional	NK_cell	cytotoxic_NK_T	0.31733977715700656	52	0.23597843717978798	52	0.17341131926537365	52	0.17707518243591444	52	0.4160153205127418	52	0.37006201740620004	52	1.275464662674846	52	0.7263939010262205	52
6215B	GSM5277197	PsO	lesional	T_cell	T_cell_TRM_T17_like	0.3087160220101229	279	0.21765665227830033	279	0.15998772535347902	279	0.16632811066798342	279	0.3904482225003639	279	0.35558519619989465	279	1.4039707369234165	279	0.7798347631720768	279
6215B	GSM5277197	PsO	lesional	T_cell	cytotoxic_NK_T	0.30497222167013477	3	0.20788781096175046	3	0.15329437314246627	3	0.1637505243300089	3	0.3648525562106646	3	0.35216575261223376	3	1.332255628608068	3	0.746469570883836	3
6215B	GSM5277197	PsO	lesional	dendritic	dendritic_LAMP3_CCR7	0.3446835975058888	6	0.24757730884155704	6	0.16958288345477765	6	0.18446895807587396	6	0.41815271816481153	6	0.3616486630187488	6	1.2131891296029023	6	0.7130190171686608	6
6215B	GSM5277197	PsO	lesional	dendritic	myeloid_monocyte_macrophage	0.35230689565374246	9	0.25618970048797773	9	0.17899363337978566	9	0.19082198294019867	9	0.4517772286683122	9	0.39907733065595635	9	1.3208095909349538	9	0.7643464483761456	9
6215B	GSM5277197	PsO	lesional	endothelial	endothelial_activated	0.37437937769521906	48	0.2817365663989258	48	0.19941335711131905	48	0.21784301480831536	48	0.45868963113083233	48	0.41573242584507963	48	1.4080344981235287	48	0.8044306607455093	48
6215B	GSM5277197	PsO	lesional	endothelial	endothelial_vascular	0.3852356611317783	257	0.2870199252497967	257	0.21104116530029143	257	0.22382719762183492	257	0.453142070319637	257	0.406089213919472	257	1.3278066989788926	257	0.7696178544925311	257
6215B	GSM5277197	PsO	lesional	fibroblast	fibroblast_homeostatic_matrix	0.40603725547136166	671	0.31672533219820426	671	0.2226823143742319	671	0.24656582399214583	671	0.4766083292332892	671	0.4223539596439202	671	1.2697694197255482	671	0.7575664794484349	671
6215B	GSM5277197	PsO	lesional	fibroblast	fibroblast_inflammatory	0.36978037403254543	9	0.28504264973728166	9	0.18347556186530303	9	0.2114249132587689	9	0.42637027905827285	9	0.4049904751661633	9	1.350213796048642	9	0.7749898694645533	9
6215B	GSM5277197	PsO	lesional	keratinocyte	keratinocyte_IFN_response	0.3239201037748334	19	0.23463964539246748	19	0.1613828663627579	19	0.17374911026582507	19	0.37991123875718885	19	0.3359992305280716	19	1.1947570965844996	19	0.6802019917386974	19
6215B	GSM5277197	PsO	lesional	keratinocyte	keratinocyte_basal	0.46663789982921416	927	0.3491428818306958	927	0.21546762904439448	927	0.23100030726465084	927	0.5787818308735689	927	0.5384630013579709	927	1.5043713144795148	927	0.8774117936467549	927
6215B	GSM5277197	PsO	lesional	keratinocyte	keratinocyte_inflammatory_T17	0.46756014877016777	1050	0.3424783992874136	1050	0.2086907373795582	1050	0.21818894537994182	1050	0.5728619641778819	1050	0.5214774627428861	1050	1.4458341301045163	1050	0.8492642149961052	1050
6215B	GSM5277197	PsO	lesional	keratinocyte	keratinocyte_proliferative	0.45908916107446157	10	0.35029469356681836	10	0.22922521080553385	10	0.24131439477917183	10	0.5672458451609914	10	0.5624186969631556	10	1.508751223084476	10	0.8881389176086041	10
6215B	GSM5277197	PsO	lesional	keratinocyte	keratinocyte_spinous_suprabasal	0.4515846563639386	340	0.3298257736110775	340	0.20150194911041766	340	0.21260712370298573	340	0.5524508857212334	340	0.4956190740666614	340	1.4658636037314705	340	0.8531481417149703	340
6215B	GSM5277197	PsO	lesional	keratinocyte	keratinocyte_stress_hypoxia	0.3694754253127081	7	0.26271852105977966	7	0.18957310398586422	7	0.20369241063668214	7	0.4668503830295951	7	0.4061710374067609	7	1.4164050808795146	7	0.786188621032546	7
6215B	GSM5277197	PsO	lesional	mast_cell	mast_cell	0.23488914404341832	86	0.1644362019420202	86	0.10955805332289195	86	0.11390040222577867	86	0.2992470599662129	86	0.2489802930752277	86	0.9936278573813417	86	0.5540671866507106	86
6215B	GSM5277197	PsO	lesional	melanocyte	melanocyte_unresolved	0.4735306166491748	62	0.37154351841887695	62	0.2444445142388067	62	0.2558258365247692	62	0.5818538041933502	62	0.5066557169642762	62	1.3040245797606465	62	0.7945802489576071	62
6215B	GSM5277197	PsO	lesional	myeloid_monocyte	dendritic_LAMP3_CCR7	0.33383276001083567	4	0.24222852613810175	4	0.17875465825250442	4	0.18784431846580452	4	0.4669198661709197	4	0.3870556176195843	4	1.319350621861186	4	0.76541079967234	4
6215B	GSM5277197	PsO	lesional	myeloid_monocyte	myeloid_monocyte_macrophage	0.34446407500949494	90	0.25367221710646815	90	0.18455082151306926	90	0.19197180192362212	90	0.4456152856085779	90	0.3757901216727076	90	1.2377067472274124	90	0.7255389851595899	90
7802ED	GSM5277184	PsO	nonlesional	B_cell	B_cell_plasma	0.32623193665374434	2	0.22256528803123074	2	0.14834611128372693	2	0.17377794285046294	2	0.3060892708817634	2	0.2982457769070983	2	1.0444106295388824	2	0.5838922755555325	2
7802ED	GSM5277184	PsO	nonlesional	B_cell	B_cell_unresolved	0.2531777038629325	2	0.14891872132557205	2	0.08758379963542776	2	0.12349372043253456	2	0.19682268716013657	2	0.1628674871260451	2	0.45603771696424084	2	0.2390994977175939	2
7802ED	GSM5277184	PsO	nonlesional	NK_cell	T_cell_TRM_T17_like	0.33611930930426714	2	0.23788918436909873	2	0.17032263164863096	2	0.19793796129609825	2	0.37661110551472887	2	0.36400302072550694	2	1.328831868357415	2	0.73002910989398	2
7802ED	GSM5277184	PsO	nonlesional	NK_cell	cytotoxic_NK_T	0.31802251217447414	4	0.20307017518239343	4	0.15353638232219477	4	0.17826670585617693	4	0.3093159804476887	4	0.3017737790775675	4	1.1396772300357325	4	0.6460352106622692	4
7802ED	GSM5277184	PsO	nonlesional	T_cell	T_cell_TRM_T17_like	0.3681749645572463	131	0.24945911143835878	131	0.17550601030858268	131	0.19174310229530947	131	0.40318480327745276	131	0.3781710954158857	131	1.3512472759824574	131	0.7601455418787512	131
7802ED	GSM5277184	PsO	nonlesional	T_cell	cytotoxic_NK_T	0.41176888391978694	1	0.2625537102984611	1	0.19485963048170568	1	0.20555947332917257	1	0.4042561722049284	1	0.3589925292448148	1	1.2975940295169661	1	0.7398983200145666	1
7802ED	GSM5277184	PsO	nonlesional	dendritic	dendritic_LAMP3_CCR7	0.36850035385847774	8	0.2570021236519759	8	0.17524859277870264	8	0.1921210129664689	8	0.4522193232398168	8	0.4059693415091804	8	1.2971360105363514	8	0.7551468202928111	8
7802ED	GSM5277184	PsO	nonlesional	dendritic	dendritic_unresolved	0.25713630016401723	1	0.13871510873830428	1	0.1113911511921688	1	0.11271666865961394	1	0.17523596084918078	1	0.16455210491148758	1	0.9715196215638071	1	0.5078178506105153	1
7802ED	GSM5277184	PsO	nonlesional	dendritic	myeloid_monocyte_macrophage	0.3975062317675313	65	0.27861290568875974	65	0.207275110940098	65	0.22067136744705199	65	0.4746541789867423	65	0.41733417474904094	65	1.2397312490937828	65	0.7406219416939441	65
7802ED	GSM5277184	PsO	nonlesional	endothelial	endothelial_activated	0.3979489272506434	26	0.28109709910049624	26	0.20548961921855918	26	0.22464226231164802	26	0.4419738840870933	26	0.38501006911464947	26	1.2220505611172774	26	0.7062492658714178	26
7802ED	GSM5277184	PsO	nonlesional	endothelial	endothelial_vascular	0.39013074294096856	79	0.2761874167950149	79	0.19486024046534983	79	0.21637650316102558	79	0.42909586227441754	79	0.37968836682185914	79	1.2372931219567254	79	0.7073038929825073	79
7802ED	GSM5277184	PsO	nonlesional	fibroblast	fibroblast_homeostatic_matrix	0.39269907371161217	765	0.28294991869442576	765	0.19951706406093073	765	0.23474655285544216	765	0.4006495534794749	765	0.36043499091535813	765	1.1161502779546248	765	0.653703281166828	765
7802ED	GSM5277184	PsO	nonlesional	fibroblast	fibroblast_inflammatory	0.30895212966441005	3	0.232521017616666	3	0.17681801221368065	3	0.20149876449552054	3	0.38077653409601436	3	0.3492402442263402	3	1.1874263006574797	3	0.6914343607878016	3
7802ED	GSM5277184	PsO	nonlesional	keratinocyte	keratinocyte_basal	0.38544091414424725	706	0.27508183938166	706	0.17267910595487335	706	0.1991752674901822	706	0.41419307375597847	706	0.4012839101461231	706	1.32652758706176	706	0.7456507349125169	706
7802ED	GSM5277184	PsO	nonlesional	keratinocyte	keratinocyte_inflammatory_T17	0.31884185275740634	103	0.21449739015465016	103	0.13693243018156795	103	0.14983968364122954	103	0.37893221666973453	103	0.32223261431815725	103	1.2070274469255295	103	0.6698021022081225	103
7802ED	GSM5277184	PsO	nonlesional	keratinocyte	keratinocyte_proliferative	0.3822301124532738	2	0.2596928288764051	2	0.18142632458090077	2	0.1901226723399279	2	0.43296542955218464	2	0.3984199614767211	2	1.3405925127405722	2	0.7455202898623343	2
7802ED	GSM5277184	PsO	nonlesional	keratinocyte	keratinocyte_spinous_suprabasal	0.38428342532033005	2433	0.2677924935359449	2433	0.1665181061864898	2433	0.19028681677556844	2433	0.42109062541441833	2433	0.3850952235375079	2433	1.3085672139892155	2433	0.7365671604937102	2433
7802ED	GSM5277184	PsO	nonlesional	keratinocyte	keratinocyte_stress_hypoxia	0.2713111725230076	2	0.17061564189915754	2	0.06674919157697838	2	0.12004758323532205	2	0.13232605710275247	2	0.16819149985868415	2	0.42484190533577393	2	0.2424798216563097	2
7802ED	GSM5277184	PsO	nonlesional	mast_cell	mast_cell	0.3428583730291139	66	0.22357119100873407	66	0.14424015635840715	66	0.16800651142478737	66	0.36428384682024273	66	0.3222598633138982	66	1.154223681894216	66	0.6499447157377737	66
7802ED	GSM5277184	PsO	nonlesional	melanocyte	melanocyte_unresolved	0.42006481011171304	157	0.2956721241386425	157	0.18123829249035955	157	0.20695206240305006	157	0.43881444196972735	157	0.37879762211851353	157	1.1222516107140805	157	0.6575284449518102	157
7802ED	GSM5277184	PsO	nonlesional	myeloid_monocyte	dendritic_LAMP3_CCR7	0.42870728450754786	1	0.2664858025333292	1	0.20423405914721987	1	0.22078597325196753	1	0.4126740333126262	1	0.3838670877052595	1	1.1548200246275033	1	0.6663951199193384	1
7802ED	GSM5277184	PsO	nonlesional	myeloid_monocyte	myeloid_monocyte_macrophage	0.39808894097504993	46	0.2755529133708884	46	0.19752190523231394	46	0.21384019059765338	46	0.4580540437448233	46	0.39403325221109514	46	1.2111155188818812	46	0.7200228579596716	46
7802ED	GSM5277198	PsO	lesional	B_cell	B_cell_plasma	0.3921847301179973	6	0.24390527044699717	6	0.1588289726834919	6	0.18315920544181832	6	0.4093563054616986	6	0.35275494091593723	6	1.3886735085547242	6	0.7745782396284655	6
7802ED	GSM5277198	PsO	lesional	B_cell	B_cell_unresolved	0.3739566494954637	11	0.2517694210236506	11	0.17357271416914807	11	0.1905882395098248	11	0.4299209552610408	11	0.4012291805532726	11	1.3013948000941458	11	0.7429229491474593	11
7802ED	GSM5277198	PsO	lesional	NK_cell	T_cell_TRM_T17_like	0.2923801987053169	4	0.19057734220127365	4	0.1458359720832172	4	0.16416608927934592	4	0.2848052848709741	4	0.30524406595097664	4	1.2109857048672514	4	0.6518619368400004	4
7802ED	GSM5277198	PsO	lesional	NK_cell	cytotoxic_NK_T	0.3411229055005007	32	0.22638723906306601	32	0.15815086646847265	32	0.17671348024192446	32	0.3551740466781776	32	0.32815770128741784	32	1.244418401360011	32	0.6981715666504937	32
7802ED	GSM5277198	PsO	lesional	T_cell	T_cell_TRM_T17_like	0.34402777031982945	252	0.2199594881735065	252	0.15064222032093497	252	0.16873539649988925	252	0.35790658975669365	252	0.3300723011417147	252	1.2969486269494481	252	0.7157755036323857	252
7802ED	GSM5277198	PsO	lesional	T_cell	cytotoxic_NK_T	0.3365754061525118	4	0.21208986035963223	4	0.13714887852708876	4	0.1645726053369367	4	0.38391019723365305	4	0.32494270684293464	4	1.342401882268277	4	0.7174538374139406	4
7802ED	GSM5277198	PsO	lesional	dendritic	dendritic_LAMP3_CCR7	0.35959579961307847	14	0.24337532819522442	14	0.18128113818434846	14	0.19719398160387575	14	0.41340139624118954	14	0.3794377442668942	14	1.287567885606661	14	0.7393446465047349	14
7802ED	GSM5277198	PsO	lesional	dendritic	dendritic_unresolved	0.2627159250356845	1	0.15297779335316747	1	0.08853804682895629	1	0.11272178045997973	1	0.22863825040139335	1	0.17398426761963948	1	0.7930400908073678	1	0.4558959664281213	1
7802ED	GSM5277198	PsO	lesional	dendritic	myeloid_monocyte_macrophage	0.4064829972229018	31	0.28361916246640284	31	0.20880602146922214	31	0.2221720795695717	31	0.5011618050869466	31	0.4274428507019297	31	1.3033037241360852	31	0.7784371926289915	31
7802ED	GSM5277198	PsO	lesional	endothelial	endothelial_activated	0.3909809851736453	16	0.2704725188283987	16	0.19323123098279826	16	0.21591362598149894	16	0.4136704543260502	16	0.37485480581536096	16	1.2822341452783257	16	0.7268521755979863	16
7802ED	GSM5277198	PsO	lesional	endothelial	endothelial_vascular	0.4301371219285577	109	0.30055401383906416	109	0.22043357196263055	109	0.24323898582907255	109	0.45687491405221264	109	0.3930473083347473	109	1.2158018573564415	109	0.707311207843423	109
7802ED	GSM5277198	PsO	lesional	fibroblast	fibroblast_homeostatic_matrix	0.4182667059175818	396	0.2995416849982397	396	0.209305366484963	396	0.24635274843536634	396	0.41904910649704685	396	0.3675208466574534	396	1.1289111581870408	396	0.6640178392621768	396
7802ED	GSM5277198	PsO	lesional	fibroblast	fibroblast_inflammatory	0.42267343207613334	3	0.27403749292224894	3	0.2060815099335469	3	0.23138874021417744	3	0.477494711470901	3	0.37912161260922755	3	1.2208362993430015	3	0.6975649435589194	3
7802ED	GSM5277198	PsO	lesional	keratinocyte	keratinocyte_IFN_response	0.21665941958405233	1	0.15445645842028818	1	0.07280588950803431	1	0.09167037499980187	1	0.29435153828378613	1	0.2404066849473138	1	0.8849281150307006	1	0.4756486589166296	1
7802ED	GSM5277198	PsO	lesional	keratinocyte	keratinocyte_basal	0.44280443805896963	1033	0.3187175880253836	1033	0.20271048957543006	1033	0.22851065275954738	1033	0.49284997478579334	1033	0.470055752312341	1033	1.4249783451028835	1033	0.8189183858204154	1033
7802ED	GSM5277198	PsO	lesional	keratinocyte	keratinocyte_inflammatory_T17	0.4492690564112642	1556	0.31517277295620855	1556	0.19692672610612214	1556	0.21174670710682156	1556	0.5298623838492688	1556	0.4649087018457804	1556	1.3478183234753842	1556	0.7879722503584909	1556
7802ED	GSM5277198	PsO	lesional	keratinocyte	keratinocyte_proliferative	0.46206844511321776	4	0.32611602149154184	4	0.23829439728712087	4	0.24460446010427903	4	0.581204680192837	4	0.5227275161378075	4	1.4031906591204526	4	0.8372556321670913	4
7802ED	GSM5277198	PsO	lesional	keratinocyte	keratinocyte_spinous_suprabasal	0.4411639960081694	1503	0.31318375972664103	1503	0.19733050303964197	1503	0.2163717506729584	1503	0.5095371527597443	1503	0.45450484218585174	1503	1.3753105643689285	1503	0.8000105643640494	1503
7802ED	GSM5277198	PsO	lesional	keratinocyte	keratinocyte_stress_hypoxia	0.3481226549059869	6	0.23514156361046337	6	0.15598113818790607	6	0.18499843468267874	6	0.37583222893974116	6	0.3318596981037369	6	1.2325394051128125	6	0.6785650537664902	6
7802ED	GSM5277198	PsO	lesional	mast_cell	mast_cell	0.3131249654158562	17	0.17438508810433043	17	0.09167803059831124	17	0.11999945419982963	17	0.25532884651683896	17	0.21413265264434053	17	1.0138895065885272	17	0.5442012729656251	17
7802ED	GSM5277198	PsO	lesional	melanocyte	melanocyte_unresolved	0.49582132351240954	90	0.370989899603493	90	0.23898882460972443	90	0.2606425145564865	90	0.5511622522196541	90	0.4748093699861861	90	1.1415158269211347	90	0.7127104997870631	90
7802ED	GSM5277198	PsO	lesional	myeloid_monocyte	dendritic_LAMP3_CCR7	0.34612705817492306	8	0.23267386088679992	8	0.17975948686508395	8	0.19126369917845243	8	0.42691424075829243	8	0.3816457238995851	8	1.2891394856818985	8	0.7311733403911442	8
7802ED	GSM5277198	PsO	lesional	myeloid_monocyte	myeloid_monocyte_macrophage	0.392641463268907	81	0.27542889834627665	81	0.20373834508485825	81	0.21709798882794656	81	0.48364317416193514	81	0.4045685132065768	81	1.255239495894187	81	0.7469032660541463	81
8659ED	GSM5277185	PsO	nonlesional	B_cell	B_cell_plasma	0.3091871913688187	6	0.20243180190191754	6	0.12069624861530857	6	0.1448791766519392	6	0.29141032547730367	6	0.2918414529405718	6	1.3972062405326777	6	0.7432964958421476	6
8659ED	GSM5277185	PsO	nonlesional	B_cell	B_cell_unresolved	0.3043387513604215	3	0.16512874605543812	3	0.0947820375104317	3	0.12962267795430962	3	0.21789063922381968	3	0.2145962473760088	3	1.0743795518052457	3	0.5516073319711464	3
8659ED	GSM5277185	PsO	nonlesional	NK_cell	T_cell_TRM_T17_like	0.3818361532586377	6	0.27306295148430565	6	0.1979202222923575	6	0.21359762962016152	6	0.43797976915032977	6	0.38140676309046695	6	1.310666831688908	6	0.7542375486693023	6
8659ED	GSM5277185	PsO	nonlesional	NK_cell	cytotoxic_NK_T	0.391569769739017	13	0.2699720965139736	13	0.17880081430989717	13	0.19377843314642476	13	0.4131305021920678	13	0.39054320646868845	13	1.341506947725395	13	0.7575151827010767	13
8659ED	GSM5277185	PsO	nonlesional	T_cell	T_cell_TRM_T17_like	0.38837799644251886	133	0.26429109062856615	133	0.18576698528384455	133	0.1997591428671677	133	0.4200889337990256	133	0.3895041678118266	133	1.4387342587274923	133	0.8037923697725121	133
8659ED	GSM5277185	PsO	nonlesional	T_cell	cytotoxic_NK_T	0.3875447308645996	2	0.23397890093853796	2	0.17323353986338558	2	0.18662038673426662	2	0.3878560815575789	2	0.35352774757741623	2	1.3771188756056527	2	0.7817756536058464	2
8659ED	GSM5277185	PsO	nonlesional	dendritic	dendritic_LAMP3_CCR7	0.47005183129909645	1	0.33956375272284406	1	0.26572854840821314	1	0.27842847133808185	1	0.5595473568454558	1	0.49847114288795297	1	1.3593035499245394	1	0.8216633813387388	1
8659ED	GSM5277185	PsO	nonlesional	dendritic	myeloid_monocyte_macrophage	0.42713981575232546	12	0.3040770607202311	12	0.21956969183869235	12	0.22964289753905154	12	0.48450977639536386	12	0.43335789897552796	12	1.3893987170643347	12	0.8167521845137972	12
8659ED	GSM5277185	PsO	nonlesional	endothelial	endothelial_activated	0.42217380704438906	113	0.3099725365287823	113	0.23613274931237693	113	0.26176361077176913	113	0.46542938396572586	113	0.42869540441904935	113	1.4078188990408538	113	0.8117637631053617	113
8659ED	GSM5277185	PsO	nonlesional	endothelial	endothelial_vascular	0.4080366951059756	269	0.2924937541551358	269	0.21960179620778944	269	0.24244360890147632	269	0.42647538156599135	269	0.3859632678806153	269	1.2766315006894398	269	0.7339854711830256	269
8659ED	GSM5277185	PsO	nonlesional	fibroblast	fibroblast_homeostatic_matrix	0.4365970515838465	1139	0.32471471676356944	1139	0.23290119078021143	1139	0.2632214278836623	1139	0.44723073156587423	1139	0.39720648341618453	1139	1.2367307016188906	1139	0.7188890826700552	1139
8659ED	GSM5277185	PsO	nonlesional	fibroblast	fibroblast_inflammatory	0.36242893909159357	3	0.2317362044251824	3	0.14645264126471294	3	0.18645386015832707	3	0.24583647024633848	3	0.24084222134968436	3	0.9897850792923005	3	0.5321245996386177	3
8659ED	GSM5277185	PsO	nonlesional	keratinocyte	keratinocyte_IFN_response	0.4552292990869465	7	0.2979153367442745	7	0.20245243544683092	7	0.2339039606155562	7	0.46143598098577715	7	0.37997183417515057	7	1.2229445397185563	7	0.6971548003743532	7
8659ED	GSM5277185	PsO	nonlesional	keratinocyte	keratinocyte_basal	0.4058276742141834	228	0.28149218123487413	228	0.17551019020333106	228	0.20136476937257414	228	0.422935841312779	228	0.3970651411851002	228	1.3483271271004904	228	0.7569240643425946	228
8659ED	GSM5277185	PsO	nonlesional	keratinocyte	keratinocyte_inflammatory_T17	0.3540547319464611	388	0.22282478445089737	388	0.1301735893326831	388	0.1531713045377912	388	0.351886804399521	388	0.32047826518920797	388	1.250270304185703	388	0.6793439692305644	388
8659ED	GSM5277185	PsO	nonlesional	keratinocyte	keratinocyte_spinous_suprabasal	0.3833025013369706	464	0.2600814381788225	464	0.16271697824265033	464	0.18764388420031627	464	0.40731121759354283	464	0.3636230379118748	464	1.270330380796768	464	0.7113344386988913	464
8659ED	GSM5277185	PsO	nonlesional	keratinocyte	keratinocyte_stress_hypoxia	0.44165050187327826	21	0.30935066752800583	21	0.20809617582462114	21	0.23296992000402625	21	0.4460909865892565	21	0.3946713796600873	21	1.2711001574280718	21	0.7245325226589823	21
8659ED	GSM5277185	PsO	nonlesional	mast_cell	mast_cell	0.3107984691265839	28	0.17744977955118296	28	0.08843266266497851	28	0.11970570750453997	28	0.2494151234563062	28	0.22373293482653359	28	1.0939137362143814	28	0.5868096585301161	28
8659ED	GSM5277185	PsO	nonlesional	melanocyte	melanocyte_unresolved	0.4898941878656396	85	0.36935429338027087	85	0.24211271738556345	85	0.2603637187715326	85	0.5390283753893462	85	0.46581550744062716	85	1.2149483154178977	85	0.734321350691544	85
8659ED	GSM5277185	PsO	nonlesional	myeloid_monocyte	dendritic_LAMP3_CCR7	0.4305484124542569	1	0.32425942881197156	1	0.23586298155872812	1	0.23024777644020697	1	0.5849902424175527	1	0.48593336101612106	1	1.420045965243743	1	0.8459625871612978	1
8659ED	GSM5277185	PsO	nonlesional	myeloid_monocyte	myeloid_monocyte_macrophage	0.427473713132166	34	0.30917236038586404	34	0.22372393482524458	34	0.23611755924499492	34	0.5078493529455885	34	0.4448596765384046	34	1.3471152135356625	34	0.8002858251501727	34
8659ED	GSM5277199	PsO	lesional	B_cell	B_cell_plasma	0.2502133484236746	17	0.16293161371280687	17	0.09660342031155862	17	0.11206745819595773	17	0.25946925482352545	17	0.22687479501985494	17	0.907203325555023	17	0.5192548890139913	17
8659ED	GSM5277199	PsO	lesional	B_cell	B_cell_unresolved	0.3371708245961801	19	0.2174669684318127	19	0.14240845535008806	19	0.1704568233330364	19	0.30092273094658073	19	0.2656312296315506	19	1.027348445628972	19	0.5761762345665528	19
8659ED	GSM5277199	PsO	lesional	NK_cell	T_cell_TRM_T17_like	0.3442670716514436	4	0.24706903933660293	4	0.17882897980185686	4	0.19258482874612334	4	0.3692313462556225	4	0.3531747626784732	4	1.2145587143573413	4	0.6719890824683405	4
8659ED	GSM5277199	PsO	lesional	NK_cell	cytotoxic_NK_T	0.3688114825584253	29	0.24451886009383178	29	0.16848527035082117	29	0.1818587574971431	29	0.37357970077579816	29	0.35161816902900767	29	1.3515494981534493	29	0.7588789483698327	29
8659ED	GSM5277199	PsO	lesional	T_cell	T_cell_TRM_T17_like	0.3795423842657336	377	0.25785551164362497	377	0.1834570612534538	377	0.1954855117520129	377	0.41147193873656107	377	0.37682926744011525	377	1.4026725927562567	377	0.78391923212247	377
8659ED	GSM5277199	PsO	lesional	T_cell	T_cell_unresolved	0.42676184391403843	1	0.2703712241657392	1	0.17755473116023776	1	0.20269258202408066	1	0.41948562900350594	1	0.36999421162933066	1	1.4946416183599853	1	0.8087608268133512	1
8659ED	GSM5277199	PsO	lesional	T_cell	cytotoxic_NK_T	0.346527176954963	6	0.22490667861532354	6	0.15192029474866547	6	0.1741617784120724	6	0.3468777640795184	6	0.30561169992450576	6	1.2904001792943829	6	0.6989244336642155	6
8659ED	GSM5277199	PsO	lesional	dendritic	dendritic_LAMP3_CCR7	0.37884045295768	10	0.2530141419110821	10	0.17467760629445112	10	0.19622587872682934	10	0.38812641344859355	10	0.3547176892193778	10	1.1255739588478961	10	0.6556157554071477	10
8659ED	GSM5277199	PsO	lesional	dendritic	myeloid_monocyte_macrophage	0.4140538410763411	14	0.29186869331295956	14	0.20657155548338962	14	0.215177362162493	14	0.4874476588506361	14	0.4153444162567569	14	1.3699918446526855	14	0.8085471272405184	14
8659ED	GSM5277199	PsO	lesional	endothelial	endothelial_activated	0.31496334774699764	9	0.20966287736813194	9	0.14183737184904452	9	0.17335957209851016	9	0.24898063171342955	9	0.24312345284807005	9	0.9036335497218388	9	0.5018674379907909	9
8659ED	GSM5277199	PsO	lesional	endothelial	endothelial_vascular	0.40511924636584584	438	0.2905459282743539	438	0.22513430619241354	438	0.24367599318040473	438	0.4187701242645212	438	0.3698101692673702	438	1.1886829690089389	438	0.6900165861094295	438
8659ED	GSM5277199	PsO	lesional	fibroblast	fibroblast_homeostatic_matrix	0.4385183730114214	1327	0.3208037227047673	1327	0.23427122150471816	1327	0.26300590146707353	1327	0.4458860091242788	1327	0.3893342829852473	1327	1.215237479407114	1327	0.7099380518639182	1327
8659ED	GSM5277199	PsO	lesional	fibroblast	fibroblast_inflammatory	0.4347466905269106	11	0.30620860784234827	11	0.2094276987092839	11	0.2327714431900512	11	0.4416580003302401	11	0.3804906286166227	11	1.2562195325738121	11	0.7097372277692522	11
8659ED	GSM5277199	PsO	lesional	keratinocyte	keratinocyte_IFN_response	0.40454170775014764	6	0.2721945450295095	6	0.1892394499179104	6	0.2110200853631821	6	0.4171972397838663	6	0.3634826019678974	6	1.219634354655118	6	0.6921809719627171	6
8659ED	GSM5277199	PsO	lesional	keratinocyte	keratinocyte_basal	0.44804139384683683	352	0.32349067301816264	352	0.1981929711686775	352	0.22040804543994755	352	0.49137334242012437	352	0.4691127169702875	352	1.4936901699324066	352	0.8527521467579927	352
8659ED	GSM5277199	PsO	lesional	keratinocyte	keratinocyte_inflammatory_T17	0.3977788967910532	147	0.2720412600273634	147	0.16661294943080895	147	0.18130925286912153	147	0.45172561075408074	147	0.4048952411887318	147	1.2889347953020913	147	0.734362238732645	147
8659ED	GSM5277199	PsO	lesional	keratinocyte	keratinocyte_proliferative	0.43937863720547127	3	0.2844223880710602	3	0.18131658769597878	3	0.20189774876024302	3	0.4006515555518446	3	0.4089594461264512	3	1.2536663908500891	3	0.7094664800930132	3
8659ED	GSM5277199	PsO	lesional	keratinocyte	keratinocyte_spinous_suprabasal	0.39392196372539073	112	0.27363082733193556	112	0.17338576894510438	112	0.19414252591528786	112	0.42181980980712297	112	0.3792605282989669	112	1.249468820442343	112	0.7114996184981524	112
8659ED	GSM5277199	PsO	lesional	keratinocyte	keratinocyte_stress_hypoxia	0.39668079563958136	9	0.2656940588850238	9	0.18081639307859984	9	0.20078331805796581	9	0.36906533623956717	9	0.34362958299475754	9	1.1756133491133505	9	0.6708759170063959	9
8659ED	GSM5277199	PsO	lesional	mast_cell	mast_cell	0.312734516618188	34	0.17936767322388147	34	0.09129607715557492	34	0.12202834492069388	34	0.23566220042490643	34	0.20904559603555	34	0.997327090990184	34	0.5438952354561595	34
8659ED	GSM5277199	PsO	lesional	melanocyte	melanocyte_unresolved	0.5108641289980491	26	0.3947909288790625	26	0.2628787505710457	26	0.27865281864793484	26	0.5969809011659503	26	0.5009892417291437	26	1.2527298960033912	26	0.7671910794330274	26
8659ED	GSM5277199	PsO	lesional	myeloid_monocyte	dendritic_LAMP3_CCR7	0.4211507709295661	3	0.29236815522510196	3	0.19481649715618668	3	0.21216072590627708	3	0.4425013123623496	3	0.39598068177965	3	1.3062890905040343	3	0.7737343368201318	3
8659ED	GSM5277199	PsO	lesional	myeloid_monocyte	myeloid_monocyte_macrophage	0.4286222504139995	45	0.30764413907619237	45	0.22054306268232438	45	0.23019606693361314	45	0.5057499313950576	45	0.43146835646749226	45	1.307785518717173	45	0.7806892815287527	45
8659ED	GSM5277199	PsO	lesional	unassigned	unassigned_unresolved	0.2829803242792057	8	0.1793673495752932	8	0.10492139462562566	8	0.1346510009728079	8	0.21447891958549944	8	0.1774411723276695	8	0.6438989253100644	8	0.358930794294379	8
8940	GSM5277186	PsO	nonlesional	B_cell	B_cell_plasma	0.38120047862594764	9	0.27532465890732144	9	0.19821999095196283	9	0.20222623426208142	9	0.4945273421815666	9	0.4353054866012265	9	1.4430372113237144	9	0.8270758943847162	9
8940	GSM5277186	PsO	nonlesional	B_cell	B_cell_unresolved	0.29728562166394007	27	0.21237911628346404	27	0.14617785609267311	27	0.162605296775838	27	0.3694874633212063	27	0.3359431420887464	27	1.2792371606629556	27	0.7065725275513337	27
8940	GSM5277186	PsO	nonlesional	NK_cell	T_cell_TRM_T17_like	0.31262853978834276	3	0.22625999929709148	3	0.1624134162117379	3	0.17288880600306608	3	0.4206295696673159	3	0.3750546635078816	3	1.3310793340611096	3	0.737111539283034	3
8940	GSM5277186	PsO	nonlesional	NK_cell	cytotoxic_NK_T	0.30289451699456993	7	0.21339674056120053	7	0.15180978514969704	7	0.15916681390624846	7	0.3483508806222053	7	0.3224627420490573	7	1.278932324744866	7	0.7026406002365378	7
8940	GSM5277186	PsO	nonlesional	T_cell	T_cell_TRM_T17_like	0.2993883815278377	88	0.21190528580641377	88	0.15693990735659116	88	0.16439676702832873	88	0.38249992749356215	88	0.3455273769265234	88	1.386089097929701	88	0.7610663701965268	88
8940	GSM5277186	PsO	nonlesional	T_cell	cytotoxic_NK_T	0.32725052236602187	1	0.2238833492895261	1	0.14410902925305744	1	0.1379742065937545	1	0.40044897802545354	1	0.31452055510272947	1	1.3392828411683981	1	0.7113338928340972	1
8940	GSM5277186	PsO	nonlesional	dendritic	dendritic_LAMP3_CCR7	0.30012254739036937	3	0.1855185165580248	3	0.12869110917450685	3	0.15630302895207046	3	0.3101097726504539	3	0.2470431468076982	3	0.9352193482999267	3	0.5412401030284881	3
8940	GSM5277186	PsO	nonlesional	dendritic	dendritic_unresolved	0.21988839235141303	1	0.17153486253601102	1	0.06212447225586534	1	0.10812793948735656	1	0.21076633648419962	1	0.15339180758347545	1	0.5070365334889325	1	0.29559994225310715	1
8940	GSM5277186	PsO	nonlesional	dendritic	myeloid_monocyte_macrophage	0.39460889490422235	2	0.2917303871779472	2	0.20438950354579064	2	0.21681060217793907	2	0.502402989508593	2	0.4142578871065634	2	1.358755462007577	2	0.7967800216462688	2
8940	GSM5277186	PsO	nonlesional	endothelial	endothelial_activated	0.3502055679027772	40	0.2532037436369049	40	0.18013740326373917	40	0.19296099486151436	40	0.4108680282104791	40	0.37619392267255275	40	1.4165208482396277	40	0.7855901374373163	40
8940	GSM5277186	PsO	nonlesional	endothelial	endothelial_vascular	0.3494743005638942	359	0.25587867394177455	359	0.18587471709791759	359	0.1990129576996721	359	0.41243396795674503	359	0.3720969915723152	359	1.338950270298194	359	0.7508293847774563	359
8940	GSM5277186	PsO	nonlesional	fibroblast	fibroblast_homeostatic_matrix	0.3680490992753236	811	0.27755739371389776	811	0.19358152895846942	811	0.2192858875793515	811	0.4239834449352745	811	0.3720096290780708	811	1.24884977716965	811	0.715315208255107	811
8940	GSM5277186	PsO	nonlesional	fibroblast	fibroblast_inflammatory	0.3627660792916258	10	0.26184102232068507	10	0.18360588441950138	10	0.20232826471224802	10	0.42146096696005503	10	0.39393527904365094	10	1.3432795791159589	10	0.7596546154731858	10
8940	GSM5277186	PsO	nonlesional	keratinocyte	keratinocyte_IFN_response	0.40034954946754325	1	0.2781790296758602	1	0.19329476139553536	1	0.2091630110067287	1	0.5486527830076038	1	0.4591752289177632	1	1.4054462195992998	1	0.8427392349077001	1
8940	GSM5277186	PsO	nonlesional	keratinocyte	keratinocyte_basal	0.40757098712700685	1116	0.3015834159061394	1116	0.1871046374300324	1116	0.20615713570189823	1116	0.49770457924335937	1116	0.46016425201327354	1116	1.5149969202650844	1116	0.8578063399236926	1116
8940	GSM5277186	PsO	nonlesional	keratinocyte	keratinocyte_inflammatory_T17	0.40918150180732915	32	0.29941325359016746	32	0.1916778163082994	32	0.20646163971812173	32	0.5224648994571983	32	0.4402411581289733	32	1.4073376786798268	32	0.8133151382008763	32
8940	GSM5277186	PsO	nonlesional	keratinocyte	keratinocyte_proliferative	0.5058100699552952	2	0.3915536095909846	2	0.2517504121162578	2	0.24965109591267404	2	0.690374740302822	2	0.686886297793754	2	1.616066904270097	2	0.9582864578504168	2
8940	GSM5277186	PsO	nonlesional	keratinocyte	keratinocyte_spinous_suprabasal	0.39952291115278177	2568	0.2957345578379319	2568	0.1828053140551853	2568	0.20021655329017318	2568	0.48572809766394154	2568	0.4459509654564659	2568	1.515316065767872	2568	0.8560477215504929	2568
8940	GSM5277186	PsO	nonlesional	keratinocyte	keratinocyte_stress_hypoxia	0.3795054147487171	4	0.26265023122706305	4	0.16573528908731378	4	0.18676773168643704	4	0.39318873440246505	4	0.3707372090608935	4	1.263550039245351	4	0.7174948562095456	4
8940	GSM5277186	PsO	nonlesional	mast_cell	mast_cell	0.23510549855439536	25	0.16729892981200375	25	0.10179228308249008	25	0.1135998283241592	25	0.2624282212134914	25	0.231537455426802	25	1.006227374125359	25	0.5472270716703501	25
8940	GSM5277186	PsO	nonlesional	melanocyte	melanocyte_unresolved	0.4395494485960284	251	0.33880525852545756	251	0.2162657756165237	251	0.23070078765093746	251	0.5395651083794882	251	0.4706331998149289	251	1.2878682915643858	251	0.766979819350436	251
8940	GSM5277186	PsO	nonlesional	myeloid_monocyte	dendritic_LAMP3_CCR7	0.3338172244497469	1	0.2518220370403164	1	0.151716745871242	1	0.17292445835281997	1	0.38838316583499954	1	0.3461739669711807	1	1.1983772932116745	1	0.6822378123170233	1
8940	GSM5277186	PsO	nonlesional	myeloid_monocyte	myeloid_monocyte_macrophage	0.35038345957722233	71	0.2588851154702554	71	0.17740429000277147	71	0.19433632345389382	71	0.44661509127954113	71	0.39719437764082094	71	1.4046088545072866	71	0.8018993074949818	71
8940	GSM5277186	PsO	nonlesional	unassigned	unassigned_unresolved	0.3996122527468935	1	0.2655958093477309	1	0.20280950485614405	1	0.22357045188958705	1	0.43182327732708253	1	0.3430331092128601	1	0.6879623372291422	1	0.4642811411270868	1
8940	GSM5277200	PsO	lesional	B_cell	B_cell_plasma	0.2618602596292047	4	0.19400585244829985	4	0.13028629353934243	4	0.14116653353786077	4	0.3261847769546736	4	0.3022300081359408	4	1.1719555010649323	4	0.6514517816595178	4
8940	GSM5277200	PsO	lesional	B_cell	B_cell_unresolved	0.3814366749222233	8	0.2713333758450659	8	0.17453746115248037	8	0.18345438283725357	8	0.4750541706774679	8	0.42621436510591065	8	1.301938079506812	8	0.7420899173750287	8
8940	GSM5277200	PsO	lesional	NK_cell	T_cell_TRM_T17_like	0.3292422497333472	3	0.23800962856635502	3	0.18151071417134382	3	0.1827477526324678	3	0.4394595615945203	3	0.3847566544615952	3	1.3826066558475578	3	0.7823001922222274	3
8940	GSM5277200	PsO	lesional	NK_cell	cytotoxic_NK_T	0.2958258147019997	12	0.1934304767549083	12	0.14742587796233814	12	0.15680856619450656	12	0.34865388645037654	12	0.28829488114158003	12	1.2131665098768722	12	0.661533358682354	12
8940	GSM5277200	PsO	lesional	T_cell	T_cell_TRM_T17_like	0.3089159155303307	150	0.21190134661829807	150	0.15252892328145143	150	0.15978243648415705	150	0.37524515284591564	150	0.33186576513852617	150	1.3342629438009028	150	0.7371280866109712	150
8940	GSM5277200	PsO	lesional	T_cell	cytotoxic_NK_T	0.3316618134465059	1	0.23891274467162008	1	0.19442097379575465	1	0.1875887832766425	1	0.44553179887758126	1	0.37095428477329967	1	1.3588606866197857	1	0.7660466937096471	1
8940	GSM5277200	PsO	lesional	endothelial	endothelial_activated	0.38356451074229053	49	0.28930922812343324	49	0.20687667202463872	49	0.2185419422255093	49	0.4793095945936786	49	0.4226570835747774	49	1.4116385249235814	49	0.8121146474970178	49
8940	GSM5277200	PsO	lesional	endothelial	endothelial_vascular	0.3805390326928808	301	0.2786387898378141	301	0.20246350809126754	301	0.21569023385804337	301	0.44201328225071695	301	0.3879728285074361	301	1.2957852554019422	301	0.7435259227477771	301
8940	GSM5277200	PsO	lesional	fibroblast	fibroblast_homeostatic_matrix	0.38021260586417216	1005	0.2885395412313889	1005	0.20017758440907762	1005	0.2242049614898061	1005	0.4445177948071073	1005	0.3852325384592502	1005	1.2459688792239718	1005	0.7262209461823458	1005
8940	GSM5277200	PsO	lesional	fibroblast	fibroblast_inflammatory	0.37196517871205365	12	0.2704046490238264	12	0.17771315663006748	12	0.19604077816637092	12	0.4732201756918358	12	0.41200383739080565	12	1.3109214844475685	12	0.7555043969008701	12
8940	GSM5277200	PsO	lesional	keratinocyte	keratinocyte_IFN_response	0.36750855556126494	10	0.26914203162932243	10	0.18063655313580837	10	0.19138739397625618	10	0.4447750769724004	10	0.37616385675572256	10	1.3322496601968994	10	0.7564895769949729	10
8940	GSM5277200	PsO	lesional	keratinocyte	keratinocyte_basal	0.44264376272417827	494	0.3263869753257885	494	0.19607405639911837	494	0.2164503581459611	494	0.5195820141343604	494	0.4902398097431292	494	1.4622776555017545	494	0.8469554557125787	494
8940	GSM5277200	PsO	lesional	keratinocyte	keratinocyte_inflammatory_T17	0.415959119783732	1510	0.29847157826330767	1510	0.17874318591558602	1510	0.19767090449682023	1510	0.4751964630043768	1510	0.4370042739241943	1510	1.3414402247548634	1510	0.7729750317403303	1510
8940	GSM5277200	PsO	lesional	keratinocyte	keratinocyte_proliferative	0.44598112589166977	3	0.34421046334709143	3	0.2310531709534669	3	0.237847480779637	3	0.577351702731394	3	0.5907066632765272	3	1.5002257089262008	3	0.8834256583171113	3
8940	GSM5277200	PsO	lesional	keratinocyte	keratinocyte_spinous_suprabasal	0.39248549685647144	75	0.28124697902219364	75	0.17484008669491374	75	0.19138649455808537	75	0.46697784424740973	75	0.41606473224292995	75	1.3823390872795671	75	0.7870945459673361	75
8940	GSM5277200	PsO	lesional	keratinocyte	keratinocyte_stress_hypoxia	0.343846451442351	7	0.24643514527123328	7	0.1632564703030854	7	0.17959862687013003	7	0.4034396416453361	7	0.3696570633684568	7	1.3105032591186845	7	0.7468494559608779	7
8940	GSM5277200	PsO	lesional	mast_cell	mast_cell	0.23716459594794925	69	0.15357509785294604	69	0.09630375566305026	69	0.10694192318802517	69	0.2600075277945371	69	0.2196996761770575	69	0.8921013379441265	69	0.4947506412821748	69
8940	GSM5277200	PsO	lesional	melanocyte	melanocyte_unresolved	0.4316921768630625	22	0.3167231101709355	22	0.19979938430009617	22	0.21507435724920237	22	0.5065210273848478	22	0.44884453614758274	22	1.3046678079965413	22	0.7651726886489567	22
8940	GSM5277200	PsO	lesional	myeloid_monocyte	dendritic_LAMP3_CCR7	0.36138948812615723	3	0.2647689246847208	3	0.19130197319802558	3	0.19737491524864562	3	0.46197420156082275	3	0.41322966630412267	3	1.317879979595632	3	0.7810694453490368	3
8940	GSM5277200	PsO	lesional	myeloid_monocyte	myeloid_monocyte_macrophage	0.3559366174262385	46	0.26222669872397203	46	0.1842826077397648	46	0.18980910425572817	46	0.45923255317230927	46	0.38988191158634955	46	1.2693936638137384	46	0.7452322448857341	46
929	GSM5277187	PsO	nonlesional	B_cell	B_cell_unresolved	0.3374486332906013	12	0.24278781400941862	12	0.14912404335768578	12	0.17128810223651456	12	0.4242205171835745	12	0.37790804584566634	12	1.3205066391587732	12	0.7514365823887635	12
929	GSM5277187	PsO	nonlesional	NK_cell	cytotoxic_NK_T	0.2749881492446035	1	0.17557041104112744	1	0.11484883120027181	1	0.13643067426158914	1	0.3152552714768383	1	0.3095556918041533	1	1.4665565353075514	1	0.776492042683294	1
929	GSM5277187	PsO	nonlesional	dendritic	myeloid_monocyte_macrophage	0.34001236771067594	1	0.23483073285931857	1	0.12858134755913916	1	0.16667560450462598	1	0.38212798376146445	1	0.32260303631494164	1	1.3680906075177601	1	0.7805083176211963	1
929	GSM5277187	PsO	nonlesional	endothelial	endothelial_activated	0.3623611455855451	2	0.2901281863185153	2	0.19927802482456222	2	0.2122431169937194	2	0.45976294466026363	2	0.4548139588867813	2	1.4966251218751605	2	0.8757589579020277	2
929	GSM5277187	PsO	nonlesional	keratinocyte	keratinocyte_basal	0.36731979471372583	1520	0.26967438134841165	1520	0.16330021545364418	1520	0.1866773922783645	1520	0.44711436913475494	1520	0.4287955863451574	1520	1.5884685356738313	1520	0.8800692471685	1520
929	GSM5277187	PsO	nonlesional	keratinocyte	keratinocyte_inflammatory_T17	0.39702742276563563	11	0.2991657092277452	11	0.18087132814184126	11	0.19668812888478807	11	0.5180565762937418	11	0.46647929302555496	11	1.5675952597461782	11	0.8890850983740805	11
929	GSM5277187	PsO	nonlesional	keratinocyte	keratinocyte_proliferative	0.33867216938350575	1	0.25900023888338486	1	0.1852630385632299	1	0.20408105603284368	1	0.46009252878792306	1	0.4768506166517893	1	1.736422869103871	1	0.9503687386572888	1
929	GSM5277187	PsO	nonlesional	keratinocyte	keratinocyte_spinous_suprabasal	0.3712176971210275	3419	0.27357166448986375	3419	0.1642817658341759	3419	0.1836793098491004	3419	0.4640190989860905	3419	0.44238014297599454	3419	1.6038672776699283	3419	0.8916628734149628	3419
929	GSM5277187	PsO	nonlesional	keratinocyte	keratinocyte_stress_hypoxia	0.35650769794484777	1	0.25138212186912295	1	0.174804710707758	1	0.17907030758009115	1	0.5048082583185652	1	0.3861144148223833	1	1.6784731801790327	1	0.9136496071014839	1
929	GSM5277187	PsO	nonlesional	melanocyte	melanocyte_unresolved	0.4283415616159795	180	0.3133976276174579	180	0.1954125366801722	180	0.21200003802057954	180	0.4973245411418963	180	0.4384521378393034	180	1.3535433811336237	180	0.7907340314233603	180
929	GSM5277187	PsO	nonlesional	myeloid_monocyte	dendritic_LAMP3_CCR7	0.363617421451341	3	0.2469445771215358	3	0.147926659497105	3	0.17132710612969518	3	0.42049459227236063	3	0.39945305906574785	3	1.4538052279189682	3	0.8197110431958964	3
929	GSM5277187	PsO	nonlesional	myeloid_monocyte	myeloid_monocyte_macrophage	0.37535097902781567	11	0.2752094526570853	11	0.17006992883904995	11	0.18958772814753802	11	0.4560823868515465	11	0.42596073660700623	11	1.496690836552231	11	0.8581065806898537	11
929	GSM5277201	PsO	lesional	B_cell	B_cell_plasma	0.3432849480020931	1	0.22334783456382326	1	0.16936893458319835	1	0.17506248628339638	1	0.3927110432533414	1	0.2869459618572535	1	1.2205221581970769	1	0.6766433307948347	1
929	GSM5277201	PsO	lesional	B_cell	B_cell_unresolved	0.2902728505784595	2	0.22786670047890506	2	0.17226747123770403	2	0.18011692280869634	2	0.40176383484708755	2	0.3755828283487328	2	1.2898055090884324	2	0.7534586279403904	2
929	GSM5277201	PsO	lesional	NK_cell	T_cell_TRM_T17_like	0.3495450418295319	4	0.27471332223183154	4	0.21950436527120798	4	0.21397307914319602	4	0.4423402585457812	4	0.4142069801264725	4	1.3236014655688508	4	0.7439071331058866	4
929	GSM5277201	PsO	lesional	NK_cell	cytotoxic_NK_T	0.3084714478880064	29	0.22041489613795467	29	0.156826533372366	29	0.1672454241361885	29	0.39078726914940043	29	0.3499888883331542	29	1.2914967503868167	29	0.7290839249146872	29
929	GSM5277201	PsO	lesional	T_cell	T_cell_TRM_T17_like	0.3128900588142665	38	0.2221986562749988	38	0.16229565146625186	38	0.1703428415053962	38	0.40133490217005285	38	0.3526585000266051	38	1.2801104621507597	38	0.7180834898621538	38
929	GSM5277201	PsO	lesional	T_cell	cytotoxic_NK_T	0.2054975816456473	1	0.18666344515491728	1	0.16233573536981838	1	0.17178238598327267	1	0.3173137101169905	1	0.32988166412433817	1	1.258950818519398	1	0.703150523450293	1
929	GSM5277201	PsO	lesional	endothelial	endothelial_activated	0.3819708330360049	1	0.2969749547947147	1	0.20644960708476345	1	0.21492489276294355	1	0.49701653372128457	1	0.4075616701424047	1	1.330106875294191	1	0.7758607004776045	1
929	GSM5277201	PsO	lesional	keratinocyte	keratinocyte_IFN_response	0.29257995505934353	3	0.19174435668305692	3	0.13516923929980187	3	0.14769781520390893	3	0.2659084039565462	3	0.25294265381758047	3	1.0115585116942214	3	0.558908113043015	3
929	GSM5277201	PsO	lesional	keratinocyte	keratinocyte_basal	0.44361054408889616	2691	0.3234349879488683	2691	0.19433806396637643	2691	0.21867985350097377	2691	0.5190781473686936	2691	0.4870046796659658	2691	1.4936995599783731	2691	0.862855299412242	2691
929	GSM5277201	PsO	lesional	keratinocyte	keratinocyte_inflammatory_T17	0.4433310150698454	1923	0.3141897799496789	1923	0.1799139584786076	1923	0.2012223756264535	1923	0.49452207510822993	1923	0.4623448905277901	1923	1.4016674894993006	1923	0.8083462864880131	1923
929	GSM5277201	PsO	lesional	keratinocyte	keratinocyte_proliferative	0.5466509067376487	1	0.39119751531545005	1	0.2343763941796199	1	0.23958749160908585	1	0.6259061370994534	1	0.6118849381982313	1	1.58566773667147	1	0.9335206708065282	1
929	GSM5277201	PsO	lesional	keratinocyte	keratinocyte_spinous_suprabasal	0.4295330911020803	179	0.3057687317510781	179	0.18076876818724044	179	0.20024798003951128	179	0.4957227890591703	179	0.4518241845753839	179	1.4340659506077187	179	0.8258979186049377	179
929	GSM5277201	PsO	lesional	melanocyte	melanocyte_unresolved	0.4997478212197731	21	0.3743312771186926	21	0.23647709605137443	21	0.25091904921959496	21	0.5890674741895098	21	0.5177550410610201	21	1.3614834239792881	21	0.825847117655214	21
929	GSM5277201	PsO	lesional	myeloid_monocyte	dendritic_LAMP3_CCR7	0.3365059577965042	3	0.2330498618983143	3	0.15433412492959517	3	0.17145419449996044	3	0.39372365679244936	3	0.3897422285008045	3	1.4361752961870595	3	0.8146350583484515	3
929	GSM5277201	PsO	lesional	myeloid_monocyte	myeloid_monocyte_macrophage	0.37260210098855334	18	0.269369807125	18	0.18779164856147135	18	0.19556215334830274	18	0.47989506426195433	18	0.41497314820068554	18	1.3301385018455378	18	0.7763464640406421	18
9709PC	GSM5277188	PsO	nonlesional	B_cell	B_cell_unresolved	0.2799027583173782	5	0.1983173818853193	5	0.1315130337384	5	0.14922082228615802	5	0.32463570270894415	5	0.2988653801244638	5	1.2381713831958792	5	0.6874181316017159	5
9709PC	GSM5277188	PsO	nonlesional	NK_cell	cytotoxic_NK_T	0.22160286033155127	6	0.14928597587793088	6	0.10287793750578156	6	0.11018176354772996	6	0.25156263986709637	6	0.2568490961961289	6	1.179210611609039	6	0.6294962037038642	6
9709PC	GSM5277188	PsO	nonlesional	T_cell	T_cell_TRM_T17_like	0.2806622937061642	5	0.20206524179823612	5	0.13024114558925745	5	0.14106871525866746	5	0.29535083397589307	5	0.300241671964918	5	1.3464967835197867	5	0.7244868858098433	5
9709PC	GSM5277188	PsO	nonlesional	T_cell	T_cell_unresolved	0.35224849081326387	1	0.2829632734457567	1	0.20726074114530676	1	0.2043226258744402	1	0.47700169252450975	1	0.42833428107962135	1	1.4938203283795335	1	0.8228904625604635	1
9709PC	GSM5277188	PsO	nonlesional	endothelial	endothelial_activated	0.25937500770822103	7	0.18509304700389503	7	0.1348085005820837	7	0.14670147850347398	7	0.2928063621910481	7	0.2834235495683422	7	1.3556745415164353	7	0.7170215509412282	7
9709PC	GSM5277188	PsO	nonlesional	endothelial	endothelial_vascular	0.29964433665864193	28	0.22281208223642052	28	0.15555388478376	28	0.168601507788093	28	0.35117407113198107	28	0.31939169511139537	28	1.3315487481120292	28	0.7257165433470224	28
9709PC	GSM5277188	PsO	nonlesional	fibroblast	fibroblast_homeostatic_matrix	0.3545377336700561	25	0.2616981961305532	25	0.1773580136834844	25	0.2010103554714494	25	0.4011160732085417	25	0.3758142504174723	25	1.326990862192349	25	0.7522001248138639	25
9709PC	GSM5277188	PsO	nonlesional	fibroblast	fibroblast_inflammatory	0.34083042043920825	1	0.2472041686302344	1	0.16034235229578198	1	0.1831046772248114	1	0.37146569962744	1	0.36120647872836864	1	1.5161419276578436	1	0.8409566312326537	1
9709PC	GSM5277188	PsO	nonlesional	keratinocyte	keratinocyte_IFN_response	0.3628709137316531	1	0.26711128647758875	1	0.17661209107337225	1	0.19965322196835242	1	0.40854824145104085	1	0.3718748352545237	1	1.499151611400675	1	0.8422020790312122	1
9709PC	GSM5277188	PsO	nonlesional	keratinocyte	keratinocyte_basal	0.373795413123268	138	0.28093639385812996	138	0.17355244878964343	138	0.1956442668008522	138	0.4481708799804479	138	0.4509868549272738	138	1.5731437552824847	138	0.878186162182373	138
9709PC	GSM5277188	PsO	nonlesional	keratinocyte	keratinocyte_inflammatory_T17	0.3734158878299713	11	0.2876801806273786	11	0.18563023910987086	11	0.1946916037260079	11	0.47701563102038486	11	0.4327748567662067	11	1.4883840680480487	11	0.8460437016435485	11
9709PC	GSM5277188	PsO	nonlesional	keratinocyte	keratinocyte_spinous_suprabasal	0.3637625327154869	577	0.26846355940963634	577	0.1630589819839083	577	0.1840119489132523	577	0.43615124683808815	577	0.41920414284534785	577	1.5863111721837446	577	0.8787631005115997	577
9709PC	GSM5277188	PsO	nonlesional	keratinocyte	keratinocyte_stress_hypoxia	0.1608313913794344	1	0.12382282893693035	1	0.05298333823762564	1	0.05816368851961388	1	0.16872837947150596	1	0.19402550429508178	1	1.008508375220317	1	0.559983445237158	1
9709PC	GSM5277188	PsO	nonlesional	mast_cell	mast_cell	0.24618673483736253	1	0.16259937579124104	1	0.08495109480506285	1	0.09119125176829498	1	0.2544431533280133	1	0.2004261998715319	1	1.1136875336107752	1	0.5647196079647228	1
9709PC	GSM5277188	PsO	nonlesional	melanocyte	melanocyte_unresolved	0.4001284142698283	39	0.30851618453851115	39	0.1959401627943536	39	0.21436569525392565	39	0.46937153586967995	39	0.442143636882944	39	1.4043113503028426	39	0.8132563564000607	39
9709PC	GSM5277188	PsO	nonlesional	myeloid_monocyte	dendritic_LAMP3_CCR7	0.2941141868152186	1	0.21364015289118177	1	0.15974061560908373	1	0.18095881837766303	1	0.4380532549810274	1	0.40208588935475437	1	1.4748087811797015	1	0.7980120591704084	1
9709PC	GSM5277188	PsO	nonlesional	myeloid_monocyte	myeloid_monocyte_macrophage	0.34006328572963757	12	0.24302413442107418	12	0.16109683401436112	12	0.17870972879693967	12	0.3981310275452392	12	0.3799270896362743	12	1.451894182260509	12	0.8195480493394524	12
9709PC	GSM5277188	PsO	nonlesional	unassigned	unassigned_unresolved	0.2977068420859521	2	0.20409934697615773	2	0.133313392716271	2	0.13958053963427935	2	0.3508044436643332	2	0.2923450011351343	2	0.9899335862621115	2	0.5593467205147534	2
9709PC	GSM5277202	PsO	lesional	B_cell	B_cell_plasma	0.2367915075543466	7	0.16850950864228528	7	0.12784092117195364	7	0.1229158854835019	7	0.297530208903372	7	0.29623264691940443	7	1.3606895328795807	7	0.7315226118098238	7
9709PC	GSM5277202	PsO	lesional	B_cell	B_cell_unresolved	0.24798107935318817	40	0.18065164216438662	40	0.1261232261499623	40	0.13260780580537185	40	0.3089610757972591	40	0.2841373476662583	40	1.2955122020645473	40	0.700562803606055	40
9709PC	GSM5277202	PsO	lesional	NK_cell	T_cell_TRM_T17_like	0.22079379114735675	3	0.15171940844012852	3	0.1119412586473608	3	0.10838862377253948	3	0.26521161128946774	3	0.2778037735536593	3	1.4264312230634797	3	0.7617466884544767	3
9709PC	GSM5277202	PsO	lesional	NK_cell	cytotoxic_NK_T	0.21141432326024753	9	0.16160962881999097	9	0.11765650951416509	9	0.11696657243359929	9	0.30802683366044864	9	0.3031087023584057	9	1.4241936624078833	9	0.7713944364200762	9
9709PC	GSM5277202	PsO	lesional	T_cell	T_cell_TRM_T17_like	0.22756401096827347	78	0.15840022177742671	78	0.11550556146177983	78	0.1166171247047797	78	0.3087755449644924	78	0.2882939883083233	78	1.3985641617136584	78	0.738428091351157	78
9709PC	GSM5277202	PsO	lesional	dendritic	dendritic_LAMP3_CCR7	0.2562394782361363	5	0.17535440463259308	5	0.12306247891941005	5	0.13577487951477257	5	0.2667952851088076	5	0.29510339889261433	5	1.330111593331417	5	0.7300609513269273	5
9709PC	GSM5277202	PsO	lesional	dendritic	myeloid_monocyte_macrophage	0.28652156495511544	4	0.198366533230045	4	0.13024365064994795	4	0.13744048425896532	4	0.37348217937359873	4	0.32443051777250825	4	1.4481123682040145	4	0.7972105922666994	4
9709PC	GSM5277202	PsO	lesional	endothelial	endothelial_activated	0.2795969135077972	13	0.19571496679688777	13	0.14217593043827348	13	0.14779883769642743	13	0.35151776514805927	13	0.3115926002991569	13	1.3494664291706635	13	0.7243900035584614	13
9709PC	GSM5277202	PsO	lesional	endothelial	endothelial_vascular	0.28885609660142625	80	0.2143856336585987	80	0.15282475153760933	80	0.15623852129542776	80	0.3636530835122245	80	0.32457514099993967	80	1.3561624026303203	80	0.7430549796034425	80
9709PC	GSM5277202	PsO	lesional	fibroblast	fibroblast_homeostatic_matrix	0.3268209962726437	500	0.24702077483359794	500	0.16996912447957674	500	0.18485170153387517	500	0.38720593798786596	500	0.34486445151845435	500	1.3164173301728885	500	0.7410491220905849	500
9709PC	GSM5277202	PsO	lesional	fibroblast	fibroblast_inflammatory	0.31594033406070415	36	0.23079469467038935	36	0.15856377762712148	36	0.17194950245662854	36	0.386326708824271	36	0.3482754433205151	36	1.379533058223682	36	0.7622209051904609	36
9709PC	GSM5277202	PsO	lesional	keratinocyte	keratinocyte_basal	0.338625537443765	290	0.2672252935176663	290	0.17127164586970275	290	0.1769150132766209	290	0.4516033426834204	290	0.44060922829606713	290	1.5827721358913818	290	0.8872487020602631	290
9709PC	GSM5277202	PsO	lesional	keratinocyte	keratinocyte_inflammatory_T17	0.3656154192371203	1064	0.2815722099669221	1064	0.17798479000509876	1064	0.18240935592275143	1064	0.46795002981077305	1064	0.43754157222191736	1064	1.523315044380458	1064	0.8637488785513597	1064
9709PC	GSM5277202	PsO	lesional	keratinocyte	keratinocyte_proliferative	0.25120589354706435	2	0.18582876480942828	2	0.12031510096478389	2	0.12038722283067702	2	0.3444435089343962	2	0.28076624177558374	2	1.1571970025548857	2	0.6381147498109947	2
9709PC	GSM5277202	PsO	lesional	keratinocyte	keratinocyte_spinous_suprabasal	0.3370976291873143	538	0.2607983013334105	538	0.17222276632958378	538	0.1806418033275505	538	0.4283112287745039	538	0.3926526393365863	538	1.4683061420222672	538	0.8285773381810244	538
9709PC	GSM5277202	PsO	lesional	keratinocyte	keratinocyte_stress_hypoxia	0.30804687938864295	7	0.22074378255364144	7	0.143818750807	7	0.14893907335565407	7	0.38667114437521066	7	0.32454406034945515	7	1.2577892233158754	7	0.6956490332042461	7
9709PC	GSM5277202	PsO	lesional	mast_cell	mast_cell	0.1963668923999893	26	0.12819027322238383	26	0.08745328322088022	26	0.09012904689942605	26	0.26589613992877575	26	0.21708656338951177	26	1.135842912326487	26	0.6017160810275388	26
9709PC	GSM5277202	PsO	lesional	melanocyte	melanocyte_unresolved	0.34856459001468754	156	0.2675069770397037	156	0.17025353985275982	156	0.17830300560216722	156	0.4330901527762377	156	0.40177921858876586	156	1.3367947147799875	156	0.7626504003355064	156
9709PC	GSM5277202	PsO	lesional	myeloid_monocyte	dendritic_LAMP3_CCR7	0.2607399733699072	10	0.1909764723947235	10	0.13144646485839234	10	0.13834157763516736	10	0.35377243278704384	10	0.3426475622826605	10	1.4731419319977686	10	0.8133000927252935	10
9709PC	GSM5277202	PsO	lesional	myeloid_monocyte	myeloid_monocyte_macrophage	0.27771007470265824	77	0.20574654135452278	77	0.14040755214401626	77	0.14819778283228552	77	0.3631805591630162	77	0.3188468730638545	77	1.3293363075574534	77	0.7433421978574669	77
9709PC	GSM5277202	PsO	lesional	unassigned	unassigned_unresolved	0.29150260032414926	8	0.19671697577445751	8	0.1385347253739158	8	0.1427525595341629	8	0.3719324864289819	8	0.3024819539770705	8	1.2731102201552642	8	0.7011935112524822	8
AR001	GSM5277170	Healthy	healthy	B_cell	B_cell_plasma	0.30816961052537534	2	0.22541525673350427	2	0.1607069813936985	2	0.18919854908130274	2	0.270729436217905	2	0.2760074955818763	2	0.7037303325087432	2	0.43466558393660026	2
AR001	GSM5277170	Healthy	healthy	B_cell	B_cell_unresolved	0.3669453827287278	5	0.25233608189121426	5	0.17954159756164892	5	0.20151188889069646	5	0.34456646761164167	5	0.33973426332014534	5	0.8420810789970448	5	0.5234347740700647	5
AR001	GSM5277170	Healthy	healthy	NK_cell	T_cell_TRM_T17_like	0.37025172853538996	1	0.24331541088108613	1	0.20837767500840693	1	0.22927304229266557	1	0.3303396876379726	1	0.34776940274978296	1	1.1819130906481963	1	0.6714322234856492	1
AR001	GSM5277170	Healthy	healthy	NK_cell	cytotoxic_NK_T	0.3755763860887442	14	0.2665425593622213	14	0.19780386628148208	14	0.2162554987529283	14	0.4205092874532251	14	0.39947542350449866	14	1.26277267886039	14	0.7344625297794584	14
AR001	GSM5277170	Healthy	healthy	T_cell	T_cell_TRM_T17_like	0.37734771357004854	112	0.27223318851078315	112	0.1926648745044751	112	0.20693190591581748	112	0.41746990093953273	112	0.4206130461822873	112	1.4121151717997833	112	0.8058420206226777	112
AR001	GSM5277170	Healthy	healthy	T_cell	T_cell_unresolved	0.38884587078598953	4	0.2713157547536153	4	0.17958106386278583	4	0.22274833812989264	4	0.3450234288642578	4	0.36781846548117153	4	1.1809711087500334	4	0.6645495446776128	4
AR001	GSM5277170	Healthy	healthy	T_cell	cytotoxic_NK_T	0.39162653288101296	7	0.2734964991734689	7	0.199684868777152	7	0.2125918134998317	7	0.42565639407854844	7	0.40800599825067924	7	1.3244908769410482	7	0.7610765980756652	7
AR001	GSM5277170	Healthy	healthy	dendritic	dendritic_LAMP3_CCR7	0.3586419410457986	1	0.2718020658776496	1	0.20590107671505098	1	0.24164389894430946	1	0.30666670923520567	1	0.2887957448228591	1	0.47909471266579007	1	0.32691331522916844	1
AR001	GSM5277170	Healthy	healthy	dendritic	myeloid_monocyte_macrophage	0.4174547851645137	11	0.3157548538891264	11	0.236613582153987	11	0.2503100422717648	11	0.5249783133312559	11	0.4773311117642361	11	1.4108450587384167	11	0.8506355923701308	11
AR001	GSM5277170	Healthy	healthy	endothelial	endothelial_activated	0.4190467785301666	27	0.31278787730863145	27	0.23399399599212597	27	0.2584421029347605	27	0.4661540065070084	27	0.4538552504315772	27	1.3952095877038988	27	0.8008400708609718	27
AR001	GSM5277170	Healthy	healthy	endothelial	endothelial_vascular	0.3976121923770587	26	0.3043033520908733	26	0.2316689090024284	26	0.2558976396152105	26	0.43027711859822515	26	0.4166861381949205	26	1.1898457739585622	26	0.6997120992811041	26
AR001	GSM5277170	Healthy	healthy	fibroblast	fibroblast_homeostatic_matrix	0.4339713856197247	445	0.34125796579975126	445	0.24770729168389408	445	0.28898213772523584	445	0.42195870395951196	445	0.4060697775536166	445	1.154441078060782	445	0.6876351298045019	445
AR001	GSM5277170	Healthy	healthy	fibroblast	fibroblast_inflammatory	0.4319640107953388	14	0.31940481439781354	14	0.21984386716774332	14	0.25581460020284336	14	0.4203599530639387	14	0.42701447887969923	14	1.30569245466416	14	0.7558464329785649	14
AR001	GSM5277170	Healthy	healthy	keratinocyte	keratinocyte_basal	0.4150730328165114	77	0.31498765526327843	77	0.209229977227242	77	0.23957916015132472	77	0.42895228585879797	77	0.4321710008670727	77	1.3751317639978178	77	0.7903626701301352	77
AR001	GSM5277170	Healthy	healthy	keratinocyte	keratinocyte_inflammatory_T17	0.3337458384818139	8	0.2427215740481089	8	0.15206763602435	8	0.16704959219237864	8	0.4256198272873068	8	0.3782149550461839	8	1.3410285816185714	8	0.7481250168135684	8
AR001	GSM5277170	Healthy	healthy	keratinocyte	keratinocyte_proliferative	0.45016176988957557	1	0.32210302960778925	1	0.21847501978798006	1	0.2470957547180069	1	0.4388327517607621	1	0.4090877658296076	1	1.2436971689196616	1	0.7550604679474912	1
AR001	GSM5277170	Healthy	healthy	keratinocyte	keratinocyte_spinous_suprabasal	0.3792709881225152	42	0.28346672499258474	42	0.18790908559509129	42	0.20955583526695096	42	0.46383193171968073	42	0.40112152010618213	42	1.2584295599042536	42	0.7252508593646658	42
AR001	GSM5277170	Healthy	healthy	keratinocyte	keratinocyte_stress_hypoxia	0.46439385561239516	13	0.3519193287897855	13	0.24399792313318777	13	0.2689332345679364	13	0.468695147153672	13	0.42871683496682356	13	1.1601526042453634	13	0.6977774787022083	13
AR001	GSM5277170	Healthy	healthy	mast_cell	mast_cell	0.33943026589847153	9	0.2158367880601783	9	0.13602090562361407	9	0.15411370171945596	9	0.3185008185608283	9	0.29989155604885886	9	1.1654226481087666	9	0.6569828821355707	9
AR001	GSM5277170	Healthy	healthy	melanocyte	melanocyte_unresolved	0.503601319830987	127	0.3863489795490596	127	0.2589940402126185	127	0.2869952305793134	127	0.5305261753137968	127	0.4930213670683919	127	1.1935507105816041	127	0.7346413970403752	127
AR001	GSM5277170	Healthy	healthy	myeloid_monocyte	myeloid_monocyte_macrophage	0.4064358628527955	16	0.30396817996864245	16	0.23084721685333293	16	0.2447793016562308	16	0.5108968232035301	16	0.46336170683715866	16	1.3996338150523076	16	0.837342550664545	16
AR001	GSM5277170	Healthy	healthy	unassigned	unassigned_unresolved	0.26009718871542054	8	0.1708085312618369	8	0.11286344166990502	8	0.1404942598787718	8	0.26657238946519446	8	0.2699722338473113	8	1.0926135091643108	8	0.5892897909611485	8
AR003	GSM5277171	Healthy	healthy	B_cell	B_cell_plasma	0.08227839425823094	1	0.11770924318408994	1	0.07406434345134247	1	0.0651227825619111	1	0.15261150617270217	1	0.18644638092473767	1	1.3582843777500733	1	0.7259326547792199	1
AR003	GSM5277171	Healthy	healthy	B_cell	B_cell_unresolved	0.2571312092521509	3	0.15023091057079432	3	0.06956572371423174	3	0.11067538545043336	3	0.18847955482936443	3	0.1975934581377634	3	1.0464431051849077	3	0.5531463022528543	3
AR003	GSM5277171	Healthy	healthy	NK_cell	cytotoxic_NK_T	0.3387749279400681	1	0.25484349165016246	1	0.1965918064081509	1	0.19428616186260717	1	0.37874981189296086	1	0.43226212357060256	1	1.4637497652770777	1	0.8362915714744131	1
AR003	GSM5277171	Healthy	healthy	T_cell	T_cell_TRM_T17_like	0.3342892746896382	63	0.23646175566652095	63	0.16820246275219156	63	0.1810039912450332	63	0.3677750125648497	63	0.3582813023583019	63	1.3643869053419744	63	0.7623050558248134	63
AR003	GSM5277171	Healthy	healthy	T_cell	T_cell_unresolved	0.41504730504870213	1	0.3286585460938135	1	0.21583042269340758	1	0.22596755185843692	1	0.46893996298323515	1	0.4327907928032362	1	1.4593614478756067	1	0.8097540279567575	1
AR003	GSM5277171	Healthy	healthy	T_cell	cytotoxic_NK_T	0.38769712660944916	1	0.27053839262267954	1	0.17773082652429373	1	0.20374847984942118	1	0.3558890663495941	1	0.4156409149405663	1	1.491364021904161	1	0.853584721787515	1
AR003	GSM5277171	Healthy	healthy	dendritic	myeloid_monocyte_macrophage	0.32870612518813436	1	0.25405253416313034	1	0.1949893804410288	1	0.2082570788735947	1	0.5008852100708774	1	0.4226492513896204	1	1.495030809554851	1	0.8601289702457138	1
AR003	GSM5277171	Healthy	healthy	endothelial	endothelial_activated	0.41606685635563545	11	0.3332784674061546	11	0.2501734036003533	11	0.2637958090880747	11	0.5051546372373212	11	0.46053998276331415	11	1.410753406376952	11	0.8264195992684552	11
AR003	GSM5277171	Healthy	healthy	endothelial	endothelial_vascular	0.3771064131911656	44	0.2943905251338965	44	0.22614795823856468	44	0.23846177648298902	44	0.4499463460359547	44	0.41918353625438165	44	1.362573835131278	44	0.7764117555855322	44
AR003	GSM5277171	Healthy	healthy	fibroblast	fibroblast_homeostatic_matrix	0.38776281313952415	152	0.29212546105409887	152	0.20864162961824972	152	0.23579012193826016	152	0.4027095887146889	152	0.3814986711079421	152	1.2740733274205396	152	0.7234888743668473	152
AR003	GSM5277171	Healthy	healthy	fibroblast	fibroblast_inflammatory	0.40145829086830287	8	0.3036621984390414	8	0.21136303298604264	8	0.23622099539381028	8	0.4333397942737222	8	0.4215455997930205	8	1.4117598212001652	8	0.7935376438488481	8
AR003	GSM5277171	Healthy	healthy	keratinocyte	keratinocyte_IFN_response	0.4858802256866933	1	0.36173955882798015	1	0.23403251404993794	1	0.2600735840263442	1	0.4932577497225519	1	0.45696725039634334	1	1.377332509378321	1	0.8028545766255005	1
AR003	GSM5277171	Healthy	healthy	keratinocyte	keratinocyte_basal	0.39367119689085944	626	0.29483445127860314	626	0.18095484634327316	626	0.2038489524153717	626	0.43688395855234996	626	0.4368288237120648	626	1.510182782010303	626	0.8454713861926597	626
AR003	GSM5277171	Healthy	healthy	keratinocyte	keratinocyte_inflammatory_T17	0.3089091050978828	3	0.17196609086867107	3	0.10737122452419724	3	0.12484540216155317	3	0.3514446470165207	3	0.27088348973154974	3	1.2615686935910428	3	0.6761775053016091	3
AR003	GSM5277171	Healthy	healthy	keratinocyte	keratinocyte_proliferative	0.37709291910054404	3	0.285705896989121	3	0.17800062046355478	3	0.20071118350603231	3	0.40723276689215565	3	0.4393623352483924	3	1.2474609761702755	3	0.712347238574775	3
AR003	GSM5277171	Healthy	healthy	keratinocyte	keratinocyte_spinous_suprabasal	0.3963254165609499	1252	0.29998659982909925	1252	0.18614230702982318	1252	0.2014707943774206	1252	0.48466744214186736	1252	0.4538482357825967	1252	1.5377304521784856	1252	0.8652299432844657	1252
AR003	GSM5277171	Healthy	healthy	keratinocyte	keratinocyte_stress_hypoxia	0.3807868720391353	8	0.29093805450229043	8	0.20729117591687976	8	0.22653440950448717	8	0.39649595931115383	8	0.39250894628384453	8	1.285197009008944	8	0.7371740539414686	8
AR003	GSM5277171	Healthy	healthy	mast_cell	mast_cell	0.27247496164490115	15	0.16928852779205342	15	0.0885658362310677	15	0.10677647852051544	15	0.2587666287206398	15	0.232473959752197	15	1.236636689513257	15	0.6537901228397304	15
AR003	GSM5277171	Healthy	healthy	melanocyte	melanocyte_unresolved	0.47904659513463604	46	0.3803123406900419	46	0.2564272793024937	46	0.27100450016340816	46	0.5724746196557132	46	0.5036313266691503	46	1.2836297312641596	46	0.782670507759156	46
AR003	GSM5277171	Healthy	healthy	myeloid_monocyte	myeloid_monocyte_macrophage	0.368935042345836	19	0.27281530884922406	19	0.20170477909782872	19	0.2138693315406023	19	0.42805496455246883	19	0.3964185909728874	19	1.3053399026907904	19	0.7616947730833682	19
AR003	GSM5277171	Healthy	healthy	unassigned	unassigned_unresolved	0.33249252240360194	6	0.2153044631856628	6	0.1323238420585923	6	0.15153226667255926	6	0.3237387641535672	6	0.28291983623259737	6	1.1980169791698854	6	0.6453723589463709	6
AR004	GSM5277172	Healthy	healthy	B_cell	B_cell_plasma	0.23197521189734566	1	0.14118396284026088	1	0.07722615185997796	1	0.12036580013604943	1	0.10307214388846642	1	0.16027106840477517	1	0.8587241773037535	1	0.4599389868886123	1
AR004	GSM5277172	Healthy	healthy	B_cell	B_cell_unresolved	0.25663567285092076	7	0.17202359267813133	7	0.10322258747694966	7	0.12356936573384722	7	0.2312954517992681	7	0.22583870493908956	7	0.9202829958505284	7	0.4957846941506675	7
AR004	GSM5277172	Healthy	healthy	NK_cell	T_cell_TRM_T17_like	0.36179660558290033	3	0.2763230039639812	3	0.18938912294441615	3	0.203321987203222	3	0.47006559592943925	3	0.4114086156116599	3	1.3220674495016245	3	0.7712513392655996	3
AR004	GSM5277172	Healthy	healthy	NK_cell	cytotoxic_NK_T	0.3682229400456725	7	0.2687474443999509	7	0.19898187830779204	7	0.20792616176823128	7	0.44562572589737737	7	0.3984189006150612	7	1.332618562579274	7	0.7705160733322057	7
AR004	GSM5277172	Healthy	healthy	T_cell	T_cell_TRM_T17_like	0.3365703841723921	119	0.24379501696935532	119	0.17711842959984264	119	0.18874558573917016	119	0.38323686179941535	119	0.36704175491717705	119	1.3521557078497337	119	0.7567797976802618	119
AR004	GSM5277172	Healthy	healthy	T_cell	T_cell_unresolved	0.4315592893028896	1	0.3260398360283184	1	0.22099657833273614	1	0.23688817706667825	1	0.39128156255091684	1	0.38380667127271106	1	1.2644182277513494	1	0.7393789532628182	1
AR004	GSM5277172	Healthy	healthy	dendritic	dendritic_LAMP3_CCR7	0.26819748981490277	2	0.18291278013136755	2	0.11184776534567353	2	0.13910256707748225	2	0.25499912557277404	2	0.24916542719890422	2	0.9549562991101954	2	0.5224728000985309	2
AR004	GSM5277172	Healthy	healthy	dendritic	myeloid_monocyte_macrophage	0.38076179476070193	4	0.2863782655737711	4	0.22205969183187543	4	0.2273017005538737	4	0.49519085452906764	4	0.44556476790251626	4	1.436941760642804	4	0.8572885080441899	4
AR004	GSM5277172	Healthy	healthy	endothelial	endothelial_activated	0.35901144667408685	12	0.27262691035277353	12	0.22027684572202347	12	0.2377960107627626	12	0.4125327149673976	12	0.37798875639979457	12	1.20254588182684	12	0.7006599543829086	12
AR004	GSM5277172	Healthy	healthy	endothelial	endothelial_vascular	0.40730747562746794	85	0.31327358438144376	85	0.24599669018222695	85	0.2578293791625511	85	0.48555172094846255	85	0.43962530011784134	85	1.3323920232506623	85	0.7760231396951061	85
AR004	GSM5277172	Healthy	healthy	fibroblast	fibroblast_homeostatic_matrix	0.43266358653846343	593	0.33686901650408174	593	0.2472165991077312	593	0.2772744675887213	593	0.4564262688969297	593	0.42497688992280047	593	1.2394065852673877	593	0.734456900683502	593
AR004	GSM5277172	Healthy	healthy	fibroblast	fibroblast_inflammatory	0.4200498666139616	20	0.3201465262946057	20	0.23033492098980787	20	0.24919020924661303	20	0.4833513613962981	20	0.4425770482213095	20	1.3794097543567696	20	0.7918765728899728	20
AR004	GSM5277172	Healthy	healthy	keratinocyte	keratinocyte_basal	0.35674316962914765	37	0.2741691948318783	37	0.1670062924069994	37	0.18382941781828507	37	0.40588505139917935	37	0.39143096169401337	37	1.3584277867013965	37	0.7669468323548826	37
AR004	GSM5277172	Healthy	healthy	keratinocyte	keratinocyte_inflammatory_T17	0.1988868490631087	3	0.12268641663095671	3	0.07262080215181659	3	0.06847981623266218	3	0.2606588071330536	3	0.220182077565284	3	1.3532229882961906	3	0.6746882633467397	3
AR004	GSM5277172	Healthy	healthy	keratinocyte	keratinocyte_spinous_suprabasal	0.38055774170571394	112	0.2872674088127427	112	0.18776314225353413	112	0.20506774252291232	112	0.4599226044876281	112	0.411308202553082	112	1.3149623745497612	112	0.7548195771765407	112
AR004	GSM5277172	Healthy	healthy	keratinocyte	keratinocyte_stress_hypoxia	0.35077706201643294	2	0.29957026530878833	2	0.21860887637031057	2	0.23187729368806803	2	0.4894767677998634	2	0.3777877213396257	2	1.0251912748702114	2	0.6250123006157344	2
AR004	GSM5277172	Healthy	healthy	mast_cell	mast_cell	0.28568242654252995	17	0.1753580666102928	17	0.10420151020730048	17	0.11799757310915056	17	0.2545595272694127	17	0.25256274344062474	17	1.162771490179273	17	0.6198822095077694	17
AR004	GSM5277172	Healthy	healthy	melanocyte	melanocyte_unresolved	0.4836995318670615	11	0.3692241863733953	11	0.2564833656992271	11	0.27380511435727883	11	0.5681331340006482	11	0.506115234467102	11	1.3480077270021675	11	0.8067552567488074	11
AR004	GSM5277172	Healthy	healthy	myeloid_monocyte	myeloid_monocyte_macrophage	0.3411742484389128	9	0.25142095033367967	9	0.17931659796287971	9	0.19258101071586836	9	0.4116629067618651	9	0.35868506788535554	9	1.3384949562317898	9	0.7670172782571472	9
AR004	GSM5277172	Healthy	healthy	unassigned	unassigned_unresolved	0.2514812717084571	18	0.17603352823008886	18	0.10159999114425518	18	0.1111702164999282	18	0.26969037068548135	18	0.25449691707531286	18	1.1058861053737403	18	0.5982105277607254	18
AR005	GSM5277173	Healthy	healthy	B_cell	B_cell_plasma	0.4059264434792105	2	0.34831484550457736	2	0.2537794423059205	2	0.2553192725897621	2	0.5932386909488692	2	0.5746976691017904	2	1.558863506458397	2	0.9277225011043664	2
AR005	GSM5277173	Healthy	healthy	B_cell	B_cell_unresolved	0.2685207874393701	6	0.21311346656199923	6	0.15686416797313182	6	0.170798745138012	6	0.3721187879840053	6	0.3730372704223013	6	1.2039915124020657	6	0.69552661383362	6
AR005	GSM5277173	Healthy	healthy	T_cell	T_cell_TRM_T17_like	0.37601650363706934	31	0.27201307082031034	31	0.20025913410167437	31	0.20539963300012937	31	0.44937138864395587	31	0.41932417003182537	31	1.3472496745434062	31	0.7752303043171257	31
AR005	GSM5277173	Healthy	healthy	endothelial	endothelial_activated	0.43379898212452633	1	0.3293263898466808	1	0.21481851170260882	1	0.24331385374350026	1	0.5335737587921291	1	0.48898043164205357	1	1.492274396721917	1	0.8482830154029724	1
AR005	GSM5277173	Healthy	healthy	endothelial	endothelial_vascular	0.34316975109122977	29	0.2756145217287772	29	0.21319434170598997	29	0.22356187647374715	29	0.4180788811098612	29	0.3934271186076372	29	1.247521100172557	29	0.7211556790380178	29
AR005	GSM5277173	Healthy	healthy	fibroblast	fibroblast_homeostatic_matrix	0.39003030709943276	161	0.303781734347443	161	0.21821176373109374	161	0.23940458027538294	161	0.43351401790733374	161	0.42855809589830146	161	1.3678115761035696	161	0.7813943229957846	161
AR005	GSM5277173	Healthy	healthy	fibroblast	fibroblast_inflammatory	0.3824866576612767	11	0.29708472596314683	11	0.21535314171351036	11	0.2328319574102399	11	0.4241934825213793	11	0.43241970695781584	11	1.43284826978077	11	0.8062026057336222	11
AR005	GSM5277173	Healthy	healthy	keratinocyte	keratinocyte_basal	0.3663552330569594	91	0.2997458226446279	91	0.20145502313005037	91	0.2173961727198927	91	0.4796380391513718	91	0.46844192719158045	91	1.4700480454356268	91	0.8382205347110352	91
AR005	GSM5277173	Healthy	healthy	keratinocyte	keratinocyte_inflammatory_T17	0.4073971542434721	2	0.28492293356777754	2	0.15786788693131704	2	0.181102893245078	2	0.3847782881701393	2	0.36782395006968394	2	1.4646890849303085	2	0.7980612347286444	2
AR005	GSM5277173	Healthy	healthy	keratinocyte	keratinocyte_spinous_suprabasal	0.3461414135043982	490	0.2806842275465159	490	0.19532006632976273	490	0.2057396975004099	490	0.4865846291220533	490	0.43800530691811884	490	1.3297473171119079	490	0.7718684259790438	490
AR005	GSM5277173	Healthy	healthy	keratinocyte	keratinocyte_stress_hypoxia	0.4050478255478298	12	0.33168963282966424	12	0.23011357132272595	12	0.2424530914567108	12	0.4560682959619389	12	0.43419753423025553	12	1.1738894674023288	12	0.7122941640977115	12
AR005	GSM5277173	Healthy	healthy	mast_cell	mast_cell	0.2983417308607133	10	0.2100035818088979	10	0.12232665506149272	10	0.13488845101312572	10	0.33256208677046184	10	0.3196247855610419	10	1.2773587173527867	10	0.6969911144751965	10
AR005	GSM5277173	Healthy	healthy	melanocyte	melanocyte_unresolved	0.41742037644302077	103	0.3310058606709472	103	0.22723442193186155	103	0.23707395581743398	103	0.5164430773620585	103	0.4759144096312523	103	1.3634277247897966	103	0.8000720152017704	103
AR005	GSM5277173	Healthy	healthy	myeloid_monocyte	myeloid_monocyte_macrophage	0.3836528604238068	2	0.29526731919472204	2	0.22112114302192276	2	0.23463786003547377	2	0.5046145596650559	2	0.46132714689779486	2	1.3428890355993786	2	0.8060333220980838	2
AR005	GSM5277173	Healthy	healthy	unassigned	unassigned_unresolved	0.2559799408920758	16	0.18441621078471998	16	0.12521258652958586	16	0.14195735034399115	16	0.27763493567016734	16	0.2515250909474294	16	0.849841073772734	16	0.480640479034228	16
AR006	GSM5277174	Healthy	healthy	NK_cell	T_cell_TRM_T17_like	0.3885605962688498	3	0.28068708669928616	3	0.1783342431126319	3	0.1923117495541584	3	0.43665642929142434	3	0.41075033337505923	3	1.4520329273321864	3	0.8138260882998694	3
AR006	GSM5277174	Healthy	healthy	NK_cell	cytotoxic_NK_T	0.3482352428571909	2	0.2666260332713314	2	0.1989477772085218	2	0.2017818140269218	2	0.39255895854685907	2	0.42138833482447846	2	1.4880321614248424	2	0.8499023074718116	2
AR006	GSM5277174	Healthy	healthy	T_cell	T_cell_TRM_T17_like	0.3839144035384155	26	0.2742500748154415	26	0.18805505816693902	26	0.20043909626315887	26	0.41934812406387806	26	0.40800897341873404	26	1.436131140924626	26	0.8208735904132003	26
AR006	GSM5277174	Healthy	healthy	T_cell	cytotoxic_NK_T	0.3952417597160305	1	0.2765384715691474	1	0.16666243308598472	1	0.18804886572151064	1	0.4120589961098011	1	0.3768951784753687	1	1.404942179507681	1	0.7737060155284744	1
AR006	GSM5277174	Healthy	healthy	dendritic	myeloid_monocyte_macrophage	0.38931486279411703	1	0.3025888407065122	1	0.19873320352127766	1	0.20481427704133898	1	0.4867473503394446	1	0.44884472732635544	1	1.4683595235250153	1	0.8529001176939613	1
AR006	GSM5277174	Healthy	healthy	keratinocyte	keratinocyte_basal	0.41653543633789947	1098	0.32207440186547387	1098	0.20429952916513558	1098	0.22258006364988747	1098	0.5048722490489801	1098	0.48658883419163523	1098	1.5468311047029153	1098	0.8809376231765749	1098
AR006	GSM5277174	Healthy	healthy	keratinocyte	keratinocyte_spinous_suprabasal	0.40491532420229776	1017	0.3041072369265401	1017	0.1855538898927653	1017	0.20351341831598102	1017	0.4894151120679051	1017	0.4523909935090859	1017	1.4925680115881768	1017	0.8458731095128004	1017
AR006	GSM5277174	Healthy	healthy	melanocyte	melanocyte_unresolved	0.4544263235202275	221	0.3361073069326046	221	0.21299621073106276	221	0.22760152593669378	221	0.4918574745976371	221	0.44737009093413854	221	1.3085104073679876	221	0.7679695509760475	221
AR006	GSM5277174	Healthy	healthy	myeloid_monocyte	myeloid_monocyte_macrophage	0.3482611183274552	4	0.251752450286316	4	0.18421999448839427	4	0.18813540019437752	4	0.4403619314879622	4	0.3684278215496516	4	1.447731161010239	4	0.8290296883082062	4
AR007	GSM5277175	Healthy	healthy	B_cell	B_cell_plasma	0.40278677153557324	3	0.27873969407689086	3	0.20415792609418257	3	0.21967172238082866	3	0.4041270503631223	3	0.33953059914047046	3	1.2414585438722543	3	0.6990170583940009	3
AR007	GSM5277175	Healthy	healthy	B_cell	B_cell_unresolved	0.32435459335568434	15	0.23501744030239813	15	0.1610820037222796	15	0.17039939658182834	15	0.3625846553508946	15	0.3292726248984449	15	1.0595203835123965	15	0.6154202095074877	15
AR007	GSM5277175	Healthy	healthy	NK_cell	T_cell_TRM_T17_like	0.37732219521311333	3	0.25923052381214745	3	0.18959020684234326	3	0.19796511281743637	3	0.45560989057446105	3	0.428820557320744	3	1.2345169741794275	3	0.7282871775781782	3
AR007	GSM5277175	Healthy	healthy	NK_cell	cytotoxic_NK_T	0.3660100015270218	5	0.23899433407076914	5	0.1628127118635389	5	0.17509510702758102	5	0.3904759640949928	5	0.3673931385846115	5	1.331087222914202	5	0.7481985593868226	5
AR007	GSM5277175	Healthy	healthy	T_cell	T_cell_TRM_T17_like	0.3343757469829071	71	0.22835074345826417	71	0.15429746808531503	71	0.17069092147665932	71	0.35066788117546865	71	0.346048913369849	71	1.286526158787721	71	0.7219270671708794	71
AR007	GSM5277175	Healthy	healthy	T_cell	T_cell_unresolved	0.4519612809511587	4	0.30502928868853846	4	0.21770184043152943	4	0.23016204245443656	4	0.49981516812371474	4	0.4205898969081942	4	1.4167721117064438	4	0.7805090758489914	4
AR007	GSM5277175	Healthy	healthy	T_cell	cytotoxic_NK_T	0.3595273241948073	3	0.2381073527026254	3	0.18385785143654768	3	0.1953542170803596	3	0.38847502727212485	3	0.3744525205034482	3	1.3762394293893603	3	0.7758481271099448	3
AR007	GSM5277175	Healthy	healthy	dendritic	myeloid_monocyte_macrophage	0.3703975935685528	4	0.27547982422593736	4	0.19544308571672117	4	0.20582692630070867	4	0.4601430174982901	4	0.42239872170705084	4	1.351477072076877	4	0.8006175468028792	4
AR007	GSM5277175	Healthy	healthy	endothelial	endothelial_activated	0.45647106930041553	4	0.3330970807611239	4	0.23576567562439776	4	0.256012453252977	4	0.5106646233272727	4	0.45525828991617306	4	1.3960283280803305	4	0.8022235515509555	4
AR007	GSM5277175	Healthy	healthy	endothelial	endothelial_vascular	0.38922940869105765	48	0.2848845822548091	48	0.2228206767523775	48	0.23949331184589417	48	0.4145399296516216	48	0.37534838144285754	48	1.2327667531658333	48	0.7149259138138069	48
AR007	GSM5277175	Healthy	healthy	fibroblast	fibroblast_homeostatic_matrix	0.4316151366732913	404	0.32222061650957073	404	0.23420044983188515	404	0.2623450436434415	404	0.42836432442918626	404	0.39241738757678174	404	1.2101424847898883	404	0.7099510247374137	404
AR007	GSM5277175	Healthy	healthy	fibroblast	fibroblast_inflammatory	0.46897923891629634	4	0.3186254894219353	4	0.21679081793903304	4	0.2360032956708732	4	0.4623978003870477	4	0.42316848580082667	4	1.4252181456753026	4	0.7950039645583754	4
AR007	GSM5277175	Healthy	healthy	keratinocyte	keratinocyte_IFN_response	0.5153156945994225	2	0.3525089898505206	2	0.2466921627060728	2	0.262435090640296	2	0.49421778905321323	2	0.44356015988155745	2	1.4265457196177247	2	0.8172941934681801	2
AR007	GSM5277175	Healthy	healthy	keratinocyte	keratinocyte_basal	0.42327664284437405	516	0.3453070290617901	516	0.23204970502257166	516	0.25195606482888805	516	0.5461732297902595	516	0.5194823122411931	516	1.483292763255779	516	0.8673672513040132	516
AR007	GSM5277175	Healthy	healthy	keratinocyte	keratinocyte_inflammatory_T17	0.45128820824217925	3	0.3709335190067007	3	0.24873211640771853	3	0.2541949913714876	3	0.6202612215840642	3	0.5726358118181801	3	1.5474429976147215	3	0.9292362694842072	3
AR007	GSM5277175	Healthy	healthy	keratinocyte	keratinocyte_proliferative	0.48126901779601755	1	0.3742657358094237	1	0.2678872150662795	1	0.26695526012553267	1	0.6593192337565168	1	0.6259803046955521	1	1.5945641108444806	1	0.933850504451376	1
AR007	GSM5277175	Healthy	healthy	keratinocyte	keratinocyte_spinous_suprabasal	0.43082502044434295	1462	0.3532206230338954	1462	0.23970627644613623	1462	0.2562497193043334	1462	0.5742213799724407	1462	0.5294074968494151	1462	1.4828092203398313	1462	0.8748016601315152	1462
AR007	GSM5277175	Healthy	healthy	keratinocyte	keratinocyte_stress_hypoxia	0.37428377497895265	10	0.2749753847302041	10	0.17579651240730024	10	0.1766767159110671	10	0.46161778621525806	10	0.39278508805547346	10	1.1446007204931128	10	0.6811230483326083	10
AR007	GSM5277175	Healthy	healthy	mast_cell	mast_cell	0.30568709174804365	25	0.20348204951599552	25	0.12361918096059257	25	0.13909554780589553	25	0.2829418783448607	25	0.27154713252452356	25	1.0108868074228503	25	0.5681632022479666	25
AR007	GSM5277175	Healthy	healthy	melanocyte	melanocyte_unresolved	0.435565502154532	108	0.3473110012468724	108	0.23868448115177415	108	0.24856882107865555	108	0.5385636777891453	108	0.4865757109089124	108	1.2698372007770453	108	0.7693071515039819	108
AR007	GSM5277175	Healthy	healthy	myeloid_monocyte	dendritic_LAMP3_CCR7	0.4587226950312162	2	0.34691139415874006	2	0.2509396059141945	2	0.2651476210216358	2	0.6165175554189728	2	0.5175471245890391	2	1.3973192444135973	2	0.8552768518233683	2
AR007	GSM5277175	Healthy	healthy	myeloid_monocyte	myeloid_monocyte_macrophage	0.3736444581674084	47	0.28873797322261124	47	0.20144624738432912	47	0.21702359820535375	47	0.47720789820569376	47	0.4382069255688438	47	1.2788731667884214	47	0.7676477604771007	47
AR007	GSM5277175	Healthy	healthy	unassigned	unassigned_unresolved	0.2794738960140035	60	0.19479323335159046	60	0.11957870331339873	60	0.11815441492854353	60	0.33231203326932807	60	0.29493245725226186	60	1.113164007374174	60	0.6259956948894707	60
AR008	GSM5277176	Healthy	healthy	B_cell	B_cell_unresolved	0.2245873739627274	1	0.1387684470702801	1	0.059106904761104216	1	0.10912032954137664	1	0.08944186427391088	1	0.08345976804375728	1	0.38947389180836417	1	0.2360808797181587	1
AR008	GSM5277176	Healthy	healthy	NK_cell	T_cell_TRM_T17_like	0.39535495842001245	1	0.26889060535951986	1	0.20745627226639946	1	0.21535827904916233	1	0.4628549617877416	1	0.43676846099579814	1	1.4021284512963195	1	0.7949060494851227	1
AR008	GSM5277176	Healthy	healthy	NK_cell	cytotoxic_NK_T	0.30050023377138324	4	0.19141166553070393	4	0.09515269789868464	4	0.14127194284758202	4	0.21797431381844332	4	0.21489523769863808	4	0.673442988997573	4	0.3882658835533336	4
AR008	GSM5277176	Healthy	healthy	T_cell	T_cell_TRM_T17_like	0.33489549092818355	13	0.22606400367234794	13	0.147017093570826	13	0.1653735572776024	13	0.35553859795608717	13	0.35431437812593525	13	1.387981118127121	13	0.7720894543149102	13
AR008	GSM5277176	Healthy	healthy	endothelial	endothelial_activated	0.22806385436902443	1	0.1837960175541094	1	0.12567246785735223	1	0.14134293123040287	1	0.22297267092634693	1	0.2708321774716389	1	1.1890258429719756	1	0.6508540768273633	1
AR008	GSM5277176	Healthy	healthy	endothelial	endothelial_vascular	0.40430333096620485	9	0.3069480257112998	9	0.2267364671222789	9	0.2435875114345546	9	0.4396877570125444	9	0.40224192224183924	9	1.2681549152778882	9	0.7325213389130592	9
AR008	GSM5277176	Healthy	healthy	fibroblast	fibroblast_homeostatic_matrix	0.4565786581538913	32	0.34524549697193574	32	0.24484946985990183	32	0.2796738886486557	32	0.4655226017890453	32	0.41301406419064207	32	1.2825632043096915	32	0.7527810196513091	32
AR008	GSM5277176	Healthy	healthy	keratinocyte	keratinocyte_basal	0.3405827894856727	4	0.21312307209669398	4	0.11424094152567878	4	0.13816800931932022	4	0.31828155277994474	4	0.3362420886639396	4	1.45331773881468	4	0.7535290997223673	4
AR008	GSM5277176	Healthy	healthy	keratinocyte	keratinocyte_inflammatory_T17	0.2490656808188944	2	0.1497984110123471	2	0.062347386967822216	2	0.08066985529762835	2	0.25060196033793947	2	0.22497777765912888	2	1.3221780219038393	2	0.6720282013467376	2
AR008	GSM5277176	Healthy	healthy	keratinocyte	keratinocyte_proliferative	0.427620037635075	1	0.30100548606520217	1	0.1868945154863209	1	0.1991280950903145	1	0.4762384460067257	1	0.5046984298396869	1	1.5583105067486969	1	0.8646486769767036	1
AR008	GSM5277176	Healthy	healthy	keratinocyte	keratinocyte_spinous_suprabasal	0.21313992333978624	27	0.13731281770226728	27	0.08590687729711449	27	0.09822112781178227	27	0.2440435763372195	27	0.22004075487840813	27	1.0547035996868355	27	0.5562759030562062	27
AR008	GSM5277176	Healthy	healthy	mast_cell	mast_cell	0.44746307576279337	1	0.30868196446973933	1	0.22036998621519252	1	0.22645685748223918	1	0.46772302808620514	1	0.4546281888144812	1	1.4340220655173486	1	0.8514620633030123	1
AR008	GSM5277176	Healthy	healthy	melanocyte	melanocyte_unresolved	0.2821440282546805	1	0.1872888042806079	1	0.09933896525931739	1	0.13409696909796537	1	0.27713003990563545	1	0.2717426440901727	1	1.3470927834443152	1	0.6844943176011166	1
AR008	GSM5277176	Healthy	healthy	myeloid_monocyte	myeloid_monocyte_macrophage	0.3296763439947163	1	0.22534852927448007	1	0.10303402594241544	1	0.1526597210692339	1	0.3366582527179509	1	0.25482528461005466	1	0.5988784635140331	1	0.35274028921667033	1
AR008	GSM5277176	Healthy	healthy	unassigned	unassigned_unresolved	0.3884803988238363	1	0.19423782390932057	1	0.11399158726211565	1	0.1497471527123972	1	0.26743580625555996	1	0.19845220884524345	1	0.881325362786496	1	0.4799433183924551	1
AR009	GSM5277177	Healthy	healthy	B_cell	B_cell_plasma	0.2872559710594452	10	0.18655406565049443	10	0.12361876127475387	10	0.13978531745678338	10	0.31905453441738396	10	0.2983062409902363	10	1.0317064038277106	10	0.5872741386043523	10
AR009	GSM5277177	Healthy	healthy	B_cell	B_cell_unresolved	0.2750587244885355	26	0.18039920807990398	26	0.12129709681789323	26	0.14620225266357753	26	0.25876291105919996	26	0.2443221884821162	26	0.8088394234172974	26	0.455791112855808	26
AR009	GSM5277177	Healthy	healthy	NK_cell	T_cell_TRM_T17_like	0.34314570140402256	5	0.26000478217586537	5	0.19528871707912793	5	0.18622060502467824	5	0.4621962502561778	5	0.44198453146330896	5	1.365342111651085	5	0.7816813601857733	5
AR009	GSM5277177	Healthy	healthy	NK_cell	cytotoxic_NK_T	0.28934773175148654	17	0.21161891627975726	17	0.15617063552374683	17	0.15913561766989692	17	0.3679058744477497	17	0.3539154710871902	17	1.230520677486545	17	0.702687007114102	17
AR009	GSM5277177	Healthy	healthy	T_cell	T_cell_TRM_T17_like	0.2847434034175352	152	0.20439155617515586	152	0.15354624838766173	152	0.1536843617307	152	0.3745932260658423	152	0.3524850539863187	152	1.2951632467114713	152	0.7224053624594	152
AR009	GSM5277177	Healthy	healthy	T_cell	cytotoxic_NK_T	0.291927455813175	1	0.1764960542400099	1	0.11367618236531146	1	0.15125809338611682	1	0.2124447183824643	1	0.16361883258584128	1	0.801035271452477	1	0.4366560076348552	1
AR009	GSM5277177	Healthy	healthy	dendritic	dendritic_LAMP3_CCR7	0.29499399711630947	2	0.17789692043432867	2	0.09864919664685973	2	0.1396672711044431	2	0.16450769507743135	2	0.15983282130494642	2	0.44930078110157967	2	0.2660614516602203	2
AR009	GSM5277177	Healthy	healthy	dendritic	myeloid_monocyte_macrophage	0.3280852140886597	12	0.22747248684849344	12	0.15117346338930274	12	0.1709978555082314	12	0.3447103140806276	12	0.3189355500996593	12	0.9307642165889841	12	0.5511817430781872	12
AR009	GSM5277177	Healthy	healthy	endothelial	endothelial_activated	0.2810445206290543	5	0.18783859295836608	5	0.1183351733508073	5	0.13421199000643297	5	0.2956293745597023	5	0.262417229930328	5	1.2690566894371464	5	0.6751131784150757	5
AR009	GSM5277177	Healthy	healthy	endothelial	endothelial_vascular	0.39667717590315993	16	0.28383211272594144	16	0.21161672534753428	16	0.226232054487445	16	0.4383135817918141	16	0.4111725861717558	16	1.3027255255491208	16	0.7502885322486268	16
AR009	GSM5277177	Healthy	healthy	fibroblast	fibroblast_homeostatic_matrix	0.3648927803952622	257	0.28540270818604185	257	0.20985240264373992	257	0.2393686517126829	257	0.3799261425930992	257	0.35717695416180206	257	1.1261648925875092	257	0.6597236187071758	257
AR009	GSM5277177	Healthy	healthy	fibroblast	fibroblast_inflammatory	0.3921917023016715	5	0.2876795658867611	5	0.20852765802367834	5	0.21051623622357893	5	0.4503491654422267	5	0.4160949638195913	5	1.414757677485113	5	0.7897916553442544	5
AR009	GSM5277177	Healthy	healthy	keratinocyte	keratinocyte_IFN_response	0.42525467617574225	1	0.3161497838323603	1	0.18090742489224018	1	0.20305536549685402	1	0.4437107947786763	1	0.4265005387634694	1	1.2216753410505117	1	0.7519680343045414	1
AR009	GSM5277177	Healthy	healthy	keratinocyte	keratinocyte_basal	0.3523832863852171	472	0.30399987393133027	472	0.21122643255913837	472	0.21930867562194017	472	0.5418480754127988	472	0.5142047733114858	472	1.5138965548759682	472	0.8789213259975082	472
AR009	GSM5277177	Healthy	healthy	keratinocyte	keratinocyte_proliferative	0.46844227905232894	2	0.3635899081986075	2	0.23770424833600895	2	0.23913910086203305	2	0.5444885996479236	2	0.48594302731346584	2	1.1434504552908575	2	0.7016263615792493	2
AR009	GSM5277177	Healthy	healthy	keratinocyte	keratinocyte_spinous_suprabasal	0.38613232549487475	1172	0.31708841657115827	1172	0.21725433290906665	1172	0.23174674406305168	1172	0.5377059727753195	1172	0.49968403054391297	1172	1.4436851573123044	1172	0.8459291513621868	1172
AR009	GSM5277177	Healthy	healthy	keratinocyte	keratinocyte_stress_hypoxia	0.4660090079140107	2	0.4157032255172961	2	0.2565542719752042	2	0.2534391837518227	2	0.5361907880525727	2	0.4918212653806085	2	1.0597539041397743	2	0.6791713563905755	2
AR009	GSM5277177	Healthy	healthy	mast_cell	mast_cell	0.18271011133901635	1	0.1055599822394738	1	0.07517125761257677	1	0.08447184753757891	1	0.2172287544440203	1	0.17237932206751422	1	0.9639966103792229	1	0.5232400261540673	1
AR009	GSM5277177	Healthy	healthy	melanocyte	melanocyte_unresolved	0.4551965652345344	42	0.36636959976694555	42	0.2456559542498812	42	0.24854177747896464	42	0.593865070778175	42	0.5283848619462973	42	1.2798600003370626	42	0.794160295425379	42
AR009	GSM5277177	Healthy	healthy	myeloid_monocyte	dendritic_LAMP3_CCR7	0.3224239501090733	2	0.1864128601496703	2	0.12425214942838629	2	0.15771315669697672	2	0.2085975581246438	2	0.19340263205989128	2	0.553733107397724	2	0.35744021148033045	2
AR009	GSM5277177	Healthy	healthy	myeloid_monocyte	myeloid_monocyte_macrophage	0.349207428474454	35	0.238113263351411	35	0.1634222123990213	35	0.17843691586262234	35	0.37325348037163125	35	0.33424633412285765	35	1.0854355559241142	35	0.6281242268537383	35
AR009	GSM5277177	Healthy	healthy	unassigned	unassigned_unresolved	0.28099819256056047	15	0.19283334821537926	15	0.12115180705876502	15	0.1482689445181785	15	0.26769150404800857	15	0.2590268812001924	15	0.983974392769534	15	0.5413485623603703	15
