sample_accession	axis	program_type	spatial_program	spot_spearman	n_spots
GSM6086615	F1	CORE	keratinocyte_basal	0.5780655251938228	469
GSM6086615	F1	CORE	keratinocyte_spinous_suprabasal	0.5211431551292549	469
GSM6086615	F1	CORE	keratinocyte_inflammatory_T17	0.3184062153576286	469
GSM6086615	F1	CORE	keratinocyte_stress_hypoxia	0.6178712187761534	469
GSM6086615	F1	CORE	fibroblast_matrix	-0.22959041252154042	469
GSM6086615	F1	CORE	fibroblast_inflammatory	0.24845234692350932	469
GSM6086615	F1	CORE	endothelial_vascular	0.23540446483416796	469
GSM6086615	F1	CORE	myeloid_dendritic	0.5705981598501739	469
GSM6086615	F1	CORE	T_NK_cytotoxic	0.51413239078745	469
GSM6086615	F1	CORE	B_plasma	0.12279447881759811	469
GSM6086615	F1	EXTENDED	keratinocyte_basal	0.5756046066820368	469
GSM6086615	F1	EXTENDED	keratinocyte_spinous_suprabasal	0.5016709347964582	469
GSM6086615	F1	EXTENDED	keratinocyte_inflammatory_T17	0.2978641978324418	469
GSM6086615	F1	EXTENDED	keratinocyte_stress_hypoxia	0.6252160205713712	469
GSM6086615	F1	EXTENDED	fibroblast_matrix	-0.16188835441356686	469
GSM6086615	F1	EXTENDED	fibroblast_inflammatory	0.29582006094953806	469
GSM6086615	F1	EXTENDED	endothelial_vascular	0.29099237859695687	469
GSM6086615	F1	EXTENDED	myeloid_dendritic	0.5882927995998664	469
GSM6086615	F1	EXTENDED	T_NK_cytotoxic	0.5411421380999171	469
GSM6086615	F1	EXTENDED	B_plasma	0.14507471125422036	469
GSM6086615	F2	CORE	keratinocyte_basal	0.5003713965271465	469
GSM6086615	F2	CORE	keratinocyte_spinous_suprabasal	0.4021735982132465	469
GSM6086615	F2	CORE	keratinocyte_inflammatory_T17	0.1975156539184772	469
GSM6086615	F2	CORE	keratinocyte_stress_hypoxia	0.6046478684767447	469
GSM6086615	F2	CORE	fibroblast_matrix	-0.07051727598539824	469
GSM6086615	F2	CORE	fibroblast_inflammatory	0.3595854881476755	469
GSM6086615	F2	CORE	endothelial_vascular	0.35760299733033485	469
GSM6086615	F2	CORE	myeloid_dendritic	0.5811273625294383	469
GSM6086615	F2	CORE	T_NK_cytotoxic	0.529368063362732	469
GSM6086615	F2	CORE	B_plasma	0.14918286432135414	469
GSM6086615	F2	EXTENDED	keratinocyte_basal	0.4811596748294121	469
GSM6086615	F2	EXTENDED	keratinocyte_spinous_suprabasal	0.3656262465636817	469
GSM6086615	F2	EXTENDED	keratinocyte_inflammatory_T17	0.15197242685334147	469
GSM6086615	F2	EXTENDED	keratinocyte_stress_hypoxia	0.5829864853862762	469
GSM6086615	F2	EXTENDED	fibroblast_matrix	-0.0406569314700361	469
GSM6086615	F2	EXTENDED	fibroblast_inflammatory	0.392243202725139	469
GSM6086615	F2	EXTENDED	endothelial_vascular	0.3859427316657819	469
GSM6086615	F2	EXTENDED	myeloid_dendritic	0.5644915764599349	469
GSM6086615	F2	EXTENDED	T_NK_cytotoxic	0.493014657527656	469
GSM6086615	F2	EXTENDED	B_plasma	0.16795580800086965	469
GSM6086615	F6	CORE	keratinocyte_basal	0.5880887597723736	469
GSM6086615	F6	CORE	keratinocyte_spinous_suprabasal	0.545392180294398	469
GSM6086615	F6	CORE	keratinocyte_inflammatory_T17	0.37850458117288943	469
GSM6086615	F6	CORE	keratinocyte_stress_hypoxia	0.6445961626002694	469
GSM6086615	F6	CORE	fibroblast_matrix	-0.19727161416777436	469
GSM6086615	F6	CORE	fibroblast_inflammatory	0.22931626608402947	469
GSM6086615	F6	CORE	endothelial_vascular	0.2348288900873246	469
GSM6086615	F6	CORE	myeloid_dendritic	0.6044003042341284	469
GSM6086615	F6	CORE	T_NK_cytotoxic	0.5626153269210492	469
GSM6086615	F6	CORE	B_plasma	0.12076497426624358	469
GSM6086615	F6	EXTENDED	keratinocyte_basal	0.5987583660562891	469
GSM6086615	F6	EXTENDED	keratinocyte_spinous_suprabasal	0.5370339097824947	469
GSM6086615	F6	EXTENDED	keratinocyte_inflammatory_T17	0.34703603795378973	469
GSM6086615	F6	EXTENDED	keratinocyte_stress_hypoxia	0.6309576299182208	469
GSM6086615	F6	EXTENDED	fibroblast_matrix	-0.19527818588909837	469
GSM6086615	F6	EXTENDED	fibroblast_inflammatory	0.2764989895098663	469
GSM6086615	F6	EXTENDED	endothelial_vascular	0.26044082435159543	469
GSM6086615	F6	EXTENDED	myeloid_dendritic	0.6155279300224521	469
GSM6086615	F6	EXTENDED	T_NK_cytotoxic	0.556867926529933	469
GSM6086615	F6	EXTENDED	B_plasma	0.1303357280164837	469
GSM6086615	F7	CORE	keratinocyte_basal	0.5936414047411857	469
GSM6086615	F7	CORE	keratinocyte_spinous_suprabasal	0.5110251568915978	469
GSM6086615	F7	CORE	keratinocyte_inflammatory_T17	0.3085954375887689	469
GSM6086615	F7	CORE	keratinocyte_stress_hypoxia	0.6101421028541358	469
GSM6086615	F7	CORE	fibroblast_matrix	-0.16343968975825027	469
GSM6086615	F7	CORE	fibroblast_inflammatory	0.3253937946878758	469
GSM6086615	F7	CORE	endothelial_vascular	0.2791080999375079	469
GSM6086615	F7	CORE	myeloid_dendritic	0.6118213182359479	469
GSM6086615	F7	CORE	T_NK_cytotoxic	0.5260752586784379	469
GSM6086615	F7	CORE	B_plasma	0.14658587159033673	469
GSM6086615	F7	EXTENDED	keratinocyte_basal	0.6041707390118014	469
GSM6086615	F7	EXTENDED	keratinocyte_spinous_suprabasal	0.5360427670453171	469
GSM6086615	F7	EXTENDED	keratinocyte_inflammatory_T17	0.3398424158097291	469
GSM6086615	F7	EXTENDED	keratinocyte_stress_hypoxia	0.6336017045604415	469
GSM6086615	F7	EXTENDED	fibroblast_matrix	-0.18139441219682123	469
GSM6086615	F7	EXTENDED	fibroblast_inflammatory	0.30616592854489083	469
GSM6086615	F7	EXTENDED	endothelial_vascular	0.27354667981808084	469
GSM6086615	F7	EXTENDED	myeloid_dendritic	0.6213455559840749	469
GSM6086615	F7	EXTENDED	T_NK_cytotoxic	0.5496074376280986	469
GSM6086615	F7	EXTENDED	B_plasma	0.1444608305036965	469
GSM6086616	F1	CORE	keratinocyte_basal	0.3886151695395255	660
GSM6086616	F1	CORE	keratinocyte_spinous_suprabasal	0.42102473801699414	660
GSM6086616	F1	CORE	keratinocyte_inflammatory_T17	0.3154413854443738	660
GSM6086616	F1	CORE	keratinocyte_stress_hypoxia	0.4089529397248013	660
GSM6086616	F1	CORE	fibroblast_matrix	0.2002601982824925	660
GSM6086616	F1	CORE	fibroblast_inflammatory	0.3892159538475843	660
GSM6086616	F1	CORE	endothelial_vascular	0.4450760138386322	660
GSM6086616	F1	CORE	myeloid_dendritic	0.3637234829095952	660
GSM6086616	F1	CORE	T_NK_cytotoxic	0.3730019210421425	660
GSM6086616	F1	CORE	B_plasma	0.19196211016837395	660
GSM6086616	F1	EXTENDED	keratinocyte_basal	0.3770704000117762	660
GSM6086616	F1	EXTENDED	keratinocyte_spinous_suprabasal	0.45825787844275556	660
GSM6086616	F1	EXTENDED	keratinocyte_inflammatory_T17	0.33662934367292174	660
GSM6086616	F1	EXTENDED	keratinocyte_stress_hypoxia	0.40209806920630947	660
GSM6086616	F1	EXTENDED	fibroblast_matrix	0.3335375355987648	660
GSM6086616	F1	EXTENDED	fibroblast_inflammatory	0.4160553570566348	660
GSM6086616	F1	EXTENDED	endothelial_vascular	0.44506709762419744	660
GSM6086616	F1	EXTENDED	myeloid_dendritic	0.3763749637497664	660
GSM6086616	F1	EXTENDED	T_NK_cytotoxic	0.386629266486182	660
GSM6086616	F1	EXTENDED	B_plasma	0.1882581748886342	660
GSM6086616	F2	CORE	keratinocyte_basal	0.3550409577387551	660
GSM6086616	F2	CORE	keratinocyte_spinous_suprabasal	0.4287364460686441	660
GSM6086616	F2	CORE	keratinocyte_inflammatory_T17	0.29901477163716694	660
GSM6086616	F2	CORE	keratinocyte_stress_hypoxia	0.3921695869788319	660
GSM6086616	F2	CORE	fibroblast_matrix	0.40980752681451593	660
GSM6086616	F2	CORE	fibroblast_inflammatory	0.4182268732301928	660
GSM6086616	F2	CORE	endothelial_vascular	0.435905877207332	660
GSM6086616	F2	CORE	myeloid_dendritic	0.3943877160543594	660
GSM6086616	F2	CORE	T_NK_cytotoxic	0.3660185638428355	660
GSM6086616	F2	CORE	B_plasma	0.17783594096306374	660
GSM6086616	F2	EXTENDED	keratinocyte_basal	0.38563943847391857	660
GSM6086616	F2	EXTENDED	keratinocyte_spinous_suprabasal	0.4544193757912402	660
GSM6086616	F2	EXTENDED	keratinocyte_inflammatory_T17	0.3150492463644967	660
GSM6086616	F2	EXTENDED	keratinocyte_stress_hypoxia	0.40273642104704976	660
GSM6086616	F2	EXTENDED	fibroblast_matrix	0.4089036502834235	660
GSM6086616	F2	EXTENDED	fibroblast_inflammatory	0.42977668574625616	660
GSM6086616	F2	EXTENDED	endothelial_vascular	0.4477913843068456	660
GSM6086616	F2	EXTENDED	myeloid_dendritic	0.3943452465118289	660
GSM6086616	F2	EXTENDED	T_NK_cytotoxic	0.37456316502671966	660
GSM6086616	F2	EXTENDED	B_plasma	0.19019168980310236	660
GSM6086616	F6	CORE	keratinocyte_basal	0.35113679176895324	660
GSM6086616	F6	CORE	keratinocyte_spinous_suprabasal	0.41177316427222366	660
GSM6086616	F6	CORE	keratinocyte_inflammatory_T17	0.27558103474035417	660
GSM6086616	F6	CORE	keratinocyte_stress_hypoxia	0.40950625623669146	660
GSM6086616	F6	CORE	fibroblast_matrix	0.24655169046239392	660
GSM6086616	F6	CORE	fibroblast_inflammatory	0.3969221018719225	660
GSM6086616	F6	CORE	endothelial_vascular	0.3693935117491218	660
GSM6086616	F6	CORE	myeloid_dendritic	0.3675449595584499	660
GSM6086616	F6	CORE	T_NK_cytotoxic	0.3617666626527899	660
GSM6086616	F6	CORE	B_plasma	0.17896204424719908	660
GSM6086616	F6	EXTENDED	keratinocyte_basal	0.38145831984342826	660
GSM6086616	F6	EXTENDED	keratinocyte_spinous_suprabasal	0.448142073279115	660
GSM6086616	F6	EXTENDED	keratinocyte_inflammatory_T17	0.33155736477193426	660
GSM6086616	F6	EXTENDED	keratinocyte_stress_hypoxia	0.40194402146113095	660
GSM6086616	F6	EXTENDED	fibroblast_matrix	0.28616095983723266	660
GSM6086616	F6	EXTENDED	fibroblast_inflammatory	0.4343121238041327	660
GSM6086616	F6	EXTENDED	endothelial_vascular	0.40179267600116897	660
GSM6086616	F6	EXTENDED	myeloid_dendritic	0.4004948198248373	660
GSM6086616	F6	EXTENDED	T_NK_cytotoxic	0.360880860889845	660
GSM6086616	F6	EXTENDED	B_plasma	0.18524329238895407	660
GSM6086616	F7	CORE	keratinocyte_basal	0.3895510280778073	660
GSM6086616	F7	CORE	keratinocyte_spinous_suprabasal	0.47172821205223947	660
GSM6086616	F7	CORE	keratinocyte_inflammatory_T17	0.3447523115055115	660
GSM6086616	F7	CORE	keratinocyte_stress_hypoxia	0.42292104718484885	660
GSM6086616	F7	CORE	fibroblast_matrix	0.2716515032394637	660
GSM6086616	F7	CORE	fibroblast_inflammatory	0.42500194737684305	660
GSM6086616	F7	CORE	endothelial_vascular	0.44146298739035367	660
GSM6086616	F7	CORE	myeloid_dendritic	0.40763879430337085	660
GSM6086616	F7	CORE	T_NK_cytotoxic	0.3811722261588457	660
GSM6086616	F7	CORE	B_plasma	0.19307865504792626	660
GSM6086616	F7	EXTENDED	keratinocyte_basal	0.39273922279522394	660
GSM6086616	F7	EXTENDED	keratinocyte_spinous_suprabasal	0.47962422928783055	660
GSM6086616	F7	EXTENDED	keratinocyte_inflammatory_T17	0.3468644848087483	660
GSM6086616	F7	EXTENDED	keratinocyte_stress_hypoxia	0.4299718142229167	660
GSM6086616	F7	EXTENDED	fibroblast_matrix	0.27780173167565764	660
GSM6086616	F7	EXTENDED	fibroblast_inflammatory	0.4247459954307343	660
GSM6086616	F7	EXTENDED	endothelial_vascular	0.44419833481167775	660
GSM6086616	F7	EXTENDED	myeloid_dendritic	0.4011097188241572	660
GSM6086616	F7	EXTENDED	T_NK_cytotoxic	0.384612414253342	660
GSM6086616	F7	EXTENDED	B_plasma	0.198811434370336	660
GSM6086617	F1	CORE	keratinocyte_basal	0.33100431732154834	459
GSM6086617	F1	CORE	keratinocyte_spinous_suprabasal	0.1889335528653005	459
GSM6086617	F1	CORE	keratinocyte_inflammatory_T17	0.2635536471456312	459
GSM6086617	F1	CORE	keratinocyte_stress_hypoxia	0.38272467671616844	459
GSM6086617	F1	CORE	fibroblast_matrix	0.10853457034305741	459
GSM6086617	F1	CORE	fibroblast_inflammatory	0.29243960903346133	459
GSM6086617	F1	CORE	endothelial_vascular	0.351930441615999	459
GSM6086617	F1	CORE	myeloid_dendritic	0.5393256360235675	459
GSM6086617	F1	CORE	T_NK_cytotoxic	0.4247124020406029	459
GSM6086617	F1	CORE	B_plasma	0.0886833333487451	459
GSM6086617	F1	EXTENDED	keratinocyte_basal	0.4010746847779961	459
GSM6086617	F1	EXTENDED	keratinocyte_spinous_suprabasal	0.2595559953392216	459
GSM6086617	F1	EXTENDED	keratinocyte_inflammatory_T17	0.33717248348247203	459
GSM6086617	F1	EXTENDED	keratinocyte_stress_hypoxia	0.4371978583985862	459
GSM6086617	F1	EXTENDED	fibroblast_matrix	0.12085911924434535	459
GSM6086617	F1	EXTENDED	fibroblast_inflammatory	0.3147175218186481	459
GSM6086617	F1	EXTENDED	endothelial_vascular	0.3543558146646586	459
GSM6086617	F1	EXTENDED	myeloid_dendritic	0.552489060264777	459
GSM6086617	F1	EXTENDED	T_NK_cytotoxic	0.4637001214256252	459
GSM6086617	F1	EXTENDED	B_plasma	0.08861472998787559	459
GSM6086617	F2	CORE	keratinocyte_basal	0.383410088017654	459
GSM6086617	F2	CORE	keratinocyte_spinous_suprabasal	0.28003940432142566	459
GSM6086617	F2	CORE	keratinocyte_inflammatory_T17	0.3339775212246325	459
GSM6086617	F2	CORE	keratinocyte_stress_hypoxia	0.43533326985718035	459
GSM6086617	F2	CORE	fibroblast_matrix	0.11711519882340563	459
GSM6086617	F2	CORE	fibroblast_inflammatory	0.31027844933522375	459
GSM6086617	F2	CORE	endothelial_vascular	0.37922093067060625	459
GSM6086617	F2	CORE	myeloid_dendritic	0.5482800948476307	459
GSM6086617	F2	CORE	T_NK_cytotoxic	0.45696109679368274	459
GSM6086617	F2	CORE	B_plasma	0.09431729678516611	459
GSM6086617	F2	EXTENDED	keratinocyte_basal	0.37637572048148366	459
GSM6086617	F2	EXTENDED	keratinocyte_spinous_suprabasal	0.24721158827452605	459
GSM6086617	F2	EXTENDED	keratinocyte_inflammatory_T17	0.32771262030115866	459
GSM6086617	F2	EXTENDED	keratinocyte_stress_hypoxia	0.42192601146813785	459
GSM6086617	F2	EXTENDED	fibroblast_matrix	0.19493100923331985	459
GSM6086617	F2	EXTENDED	fibroblast_inflammatory	0.3558899132902799	459
GSM6086617	F2	EXTENDED	endothelial_vascular	0.3803202576305243	459
GSM6086617	F2	EXTENDED	myeloid_dendritic	0.5512787932497417	459
GSM6086617	F2	EXTENDED	T_NK_cytotoxic	0.4545219008778171	459
GSM6086617	F2	EXTENDED	B_plasma	0.09910950255235335	459
GSM6086617	F6	CORE	keratinocyte_basal	0.4182569870200983	459
GSM6086617	F6	CORE	keratinocyte_spinous_suprabasal	0.3072116640008013	459
GSM6086617	F6	CORE	keratinocyte_inflammatory_T17	0.3558313656341433	459
GSM6086617	F6	CORE	keratinocyte_stress_hypoxia	0.463631073451554	459
GSM6086617	F6	CORE	fibroblast_matrix	-0.03056197464707075	459
GSM6086617	F6	CORE	fibroblast_inflammatory	0.22115181461575215	459
GSM6086617	F6	CORE	endothelial_vascular	0.3200489918126273	459
GSM6086617	F6	CORE	myeloid_dendritic	0.5370990011149341	459
GSM6086617	F6	CORE	T_NK_cytotoxic	0.4060616826892548	459
GSM6086617	F6	CORE	B_plasma	0.07162039820564677	459
GSM6086617	F6	EXTENDED	keratinocyte_basal	0.440432401666394	459
GSM6086617	F6	EXTENDED	keratinocyte_spinous_suprabasal	0.2981821293154547	459
GSM6086617	F6	EXTENDED	keratinocyte_inflammatory_T17	0.37043823779664253	459
GSM6086617	F6	EXTENDED	keratinocyte_stress_hypoxia	0.48721977577723335	459
GSM6086617	F6	EXTENDED	fibroblast_matrix	0.005122020517448064	459
GSM6086617	F6	EXTENDED	fibroblast_inflammatory	0.2663598263454021	459
GSM6086617	F6	EXTENDED	endothelial_vascular	0.3325065948794147	459
GSM6086617	F6	EXTENDED	myeloid_dendritic	0.5514971009075171	459
GSM6086617	F6	EXTENDED	T_NK_cytotoxic	0.46853680143034276	459
GSM6086617	F6	EXTENDED	B_plasma	0.07312501609267322	459
GSM6086617	F7	CORE	keratinocyte_basal	0.4374761153826059	459
GSM6086617	F7	CORE	keratinocyte_spinous_suprabasal	0.19788427950572635	459
GSM6086617	F7	CORE	keratinocyte_inflammatory_T17	0.23800846749418222	459
GSM6086617	F7	CORE	keratinocyte_stress_hypoxia	0.3861639435805522	459
GSM6086617	F7	CORE	fibroblast_matrix	0.0338359029438765	459
GSM6086617	F7	CORE	fibroblast_inflammatory	0.31317550378541037	459
GSM6086617	F7	CORE	endothelial_vascular	0.34216168921363943	459
GSM6086617	F7	CORE	myeloid_dendritic	0.5603667076322247	459
GSM6086617	F7	CORE	T_NK_cytotoxic	0.4687751694543473	459
GSM6086617	F7	CORE	B_plasma	0.08768280343404132	459
GSM6086617	F7	EXTENDED	keratinocyte_basal	0.44030437816906165	459
GSM6086617	F7	EXTENDED	keratinocyte_spinous_suprabasal	0.2318756844280596	459
GSM6086617	F7	EXTENDED	keratinocyte_inflammatory_T17	0.2779304501794104	459
GSM6086617	F7	EXTENDED	keratinocyte_stress_hypoxia	0.41547921296537726	459
GSM6086617	F7	EXTENDED	fibroblast_matrix	0.01950934886493043	459
GSM6086617	F7	EXTENDED	fibroblast_inflammatory	0.30073338231822455	459
GSM6086617	F7	EXTENDED	endothelial_vascular	0.3558912834265404	459
GSM6086617	F7	EXTENDED	myeloid_dendritic	0.5621932367146242	459
GSM6086617	F7	EXTENDED	T_NK_cytotoxic	0.47543606592512266	459
GSM6086617	F7	EXTENDED	B_plasma	0.08003622658206781	459
GSM6086618	F1	CORE	keratinocyte_basal	0.5581343555787658	1044
GSM6086618	F1	CORE	keratinocyte_spinous_suprabasal	0.28716158062777203	1044
GSM6086618	F1	CORE	keratinocyte_inflammatory_T17	0.447860378555895	1044
GSM6086618	F1	CORE	keratinocyte_stress_hypoxia	0.546463090203894	1044
GSM6086618	F1	CORE	fibroblast_matrix	-0.21852298510248136	1044
GSM6086618	F1	CORE	fibroblast_inflammatory	0.26858709377754264	1044
GSM6086618	F1	CORE	endothelial_vascular	0.4571705703353894	1044
GSM6086618	F1	CORE	myeloid_dendritic	0.5708724742016289	1044
GSM6086618	F1	CORE	T_NK_cytotoxic	0.5763327415373987	1044
GSM6086618	F1	CORE	B_plasma	0.22871021314280696	1044
GSM6086618	F1	EXTENDED	keratinocyte_basal	0.5650647080552378	1044
GSM6086618	F1	EXTENDED	keratinocyte_spinous_suprabasal	0.28279487064959574	1044
GSM6086618	F1	EXTENDED	keratinocyte_inflammatory_T17	0.4560525395138732	1044
GSM6086618	F1	EXTENDED	keratinocyte_stress_hypoxia	0.5575921482529685	1044
GSM6086618	F1	EXTENDED	fibroblast_matrix	-0.1503141567893096	1044
GSM6086618	F1	EXTENDED	fibroblast_inflammatory	0.3138906311758426	1044
GSM6086618	F1	EXTENDED	endothelial_vascular	0.46498187647840766	1044
GSM6086618	F1	EXTENDED	myeloid_dendritic	0.5930631769343445	1044
GSM6086618	F1	EXTENDED	T_NK_cytotoxic	0.5899436323913879	1044
GSM6086618	F1	EXTENDED	B_plasma	0.2278293031521359	1044
GSM6086618	F2	CORE	keratinocyte_basal	0.5375079399533188	1044
GSM6086618	F2	CORE	keratinocyte_spinous_suprabasal	0.2746907790460364	1044
GSM6086618	F2	CORE	keratinocyte_inflammatory_T17	0.44814413403902387	1044
GSM6086618	F2	CORE	keratinocyte_stress_hypoxia	0.5476358284664766	1044
GSM6086618	F2	CORE	fibroblast_matrix	-0.0587654240327668	1044
GSM6086618	F2	CORE	fibroblast_inflammatory	0.34610264805472674	1044
GSM6086618	F2	CORE	endothelial_vascular	0.4638495459024023	1044
GSM6086618	F2	CORE	myeloid_dendritic	0.6070477646225506	1044
GSM6086618	F2	CORE	T_NK_cytotoxic	0.6030863827658185	1044
GSM6086618	F2	CORE	B_plasma	0.22630685290153588	1044
GSM6086618	F2	EXTENDED	keratinocyte_basal	0.5378731007958636	1044
GSM6086618	F2	EXTENDED	keratinocyte_spinous_suprabasal	0.2587277474025535	1044
GSM6086618	F2	EXTENDED	keratinocyte_inflammatory_T17	0.44253279238933446	1044
GSM6086618	F2	EXTENDED	keratinocyte_stress_hypoxia	0.5558027384854081	1044
GSM6086618	F2	EXTENDED	fibroblast_matrix	-0.06244780512660728	1044
GSM6086618	F2	EXTENDED	fibroblast_inflammatory	0.34416288032686165	1044
GSM6086618	F2	EXTENDED	endothelial_vascular	0.46628606771284214	1044
GSM6086618	F2	EXTENDED	myeloid_dendritic	0.6000420437532783	1044
GSM6086618	F2	EXTENDED	T_NK_cytotoxic	0.5962154006223491	1044
GSM6086618	F2	EXTENDED	B_plasma	0.22477650197625604	1044
GSM6086618	F6	CORE	keratinocyte_basal	0.5668201495990608	1044
GSM6086618	F6	CORE	keratinocyte_spinous_suprabasal	0.3059104073767627	1044
GSM6086618	F6	CORE	keratinocyte_inflammatory_T17	0.4849597195568277	1044
GSM6086618	F6	CORE	keratinocyte_stress_hypoxia	0.5613212311729306	1044
GSM6086618	F6	CORE	fibroblast_matrix	-0.16810735204638805	1044
GSM6086618	F6	CORE	fibroblast_inflammatory	0.3065298547136252	1044
GSM6086618	F6	CORE	endothelial_vascular	0.4359708025105394	1044
GSM6086618	F6	CORE	myeloid_dendritic	0.6007521464578043	1044
GSM6086618	F6	CORE	T_NK_cytotoxic	0.5808260457570864	1044
GSM6086618	F6	CORE	B_plasma	0.23051312731454474	1044
GSM6086618	F6	EXTENDED	keratinocyte_basal	0.5755696248661533	1044
GSM6086618	F6	EXTENDED	keratinocyte_spinous_suprabasal	0.30183176528984335	1044
GSM6086618	F6	EXTENDED	keratinocyte_inflammatory_T17	0.4769335772155147	1044
GSM6086618	F6	EXTENDED	keratinocyte_stress_hypoxia	0.5699267447732602	1044
GSM6086618	F6	EXTENDED	fibroblast_matrix	-0.16732592109589167	1044
GSM6086618	F6	EXTENDED	fibroblast_inflammatory	0.32042775045838096	1044
GSM6086618	F6	EXTENDED	endothelial_vascular	0.46232101613096266	1044
GSM6086618	F6	EXTENDED	myeloid_dendritic	0.5979103622530365	1044
GSM6086618	F6	EXTENDED	T_NK_cytotoxic	0.600937431697632	1044
GSM6086618	F6	EXTENDED	B_plasma	0.2287983265515296	1044
GSM6086618	F7	CORE	keratinocyte_basal	0.589585954678052	1044
GSM6086618	F7	CORE	keratinocyte_spinous_suprabasal	0.27576119379809266	1044
GSM6086618	F7	CORE	keratinocyte_inflammatory_T17	0.4765740966971966	1044
GSM6086618	F7	CORE	keratinocyte_stress_hypoxia	0.5292023239141522	1044
GSM6086618	F7	CORE	fibroblast_matrix	-0.2616048500563051	1044
GSM6086618	F7	CORE	fibroblast_inflammatory	0.2897931837088599	1044
GSM6086618	F7	CORE	endothelial_vascular	0.4795330751331822	1044
GSM6086618	F7	CORE	myeloid_dendritic	0.5848657659070484	1044
GSM6086618	F7	CORE	T_NK_cytotoxic	0.6042699318499005	1044
GSM6086618	F7	CORE	B_plasma	0.2227483212930746	1044
GSM6086618	F7	EXTENDED	keratinocyte_basal	0.591058547405983	1044
GSM6086618	F7	EXTENDED	keratinocyte_spinous_suprabasal	0.2866032172967832	1044
GSM6086618	F7	EXTENDED	keratinocyte_inflammatory_T17	0.4801677627277046	1044
GSM6086618	F7	EXTENDED	keratinocyte_stress_hypoxia	0.5477600664054436	1044
GSM6086618	F7	EXTENDED	fibroblast_matrix	-0.24783177666627446	1044
GSM6086618	F7	EXTENDED	fibroblast_inflammatory	0.2966593581816257	1044
GSM6086618	F7	EXTENDED	endothelial_vascular	0.48417213657431246	1044
GSM6086618	F7	EXTENDED	myeloid_dendritic	0.5931168499558716	1044
GSM6086618	F7	EXTENDED	T_NK_cytotoxic	0.6083877764006461	1044
GSM6086618	F7	EXTENDED	B_plasma	0.22532983492035524	1044
GSM6086619	F1	CORE	keratinocyte_basal	0.32813688211591074	447
GSM6086619	F1	CORE	keratinocyte_spinous_suprabasal	0.24796425712109318	447
GSM6086619	F1	CORE	keratinocyte_inflammatory_T17	0.25681719463914615	447
GSM6086619	F1	CORE	keratinocyte_stress_hypoxia	0.3444870972767412	447
GSM6086619	F1	CORE	fibroblast_matrix	0.19479117630836662	447
GSM6086619	F1	CORE	fibroblast_inflammatory	0.26270462455612714	447
GSM6086619	F1	CORE	endothelial_vascular	0.28056198248403375	447
GSM6086619	F1	CORE	myeloid_dendritic	0.22322856141145983	447
GSM6086619	F1	CORE	T_NK_cytotoxic	0.13233801074934345	447
GSM6086619	F1	CORE	B_plasma	0.07559342221157957	447
GSM6086619	F1	EXTENDED	keratinocyte_basal	0.34546880125800533	447
GSM6086619	F1	EXTENDED	keratinocyte_spinous_suprabasal	0.3264544973081265	447
GSM6086619	F1	EXTENDED	keratinocyte_inflammatory_T17	0.2598674493400584	447
GSM6086619	F1	EXTENDED	keratinocyte_stress_hypoxia	0.35758769737214924	447
GSM6086619	F1	EXTENDED	fibroblast_matrix	0.29356713884290514	447
GSM6086619	F1	EXTENDED	fibroblast_inflammatory	0.3225509845210946	447
GSM6086619	F1	EXTENDED	endothelial_vascular	0.2923809748927419	447
GSM6086619	F1	EXTENDED	myeloid_dendritic	0.2701168012731972	447
GSM6086619	F1	EXTENDED	T_NK_cytotoxic	0.1362815292954302	447
GSM6086619	F1	EXTENDED	B_plasma	0.07412559126040458	447
GSM6086619	F2	CORE	keratinocyte_basal	0.3688976756158813	447
GSM6086619	F2	CORE	keratinocyte_spinous_suprabasal	0.3260724107652852	447
GSM6086619	F2	CORE	keratinocyte_inflammatory_T17	0.24023115766901432	447
GSM6086619	F2	CORE	keratinocyte_stress_hypoxia	0.31768525892887284	447
GSM6086619	F2	CORE	fibroblast_matrix	0.34414574420591937	447
GSM6086619	F2	CORE	fibroblast_inflammatory	0.37231291131483246	447
GSM6086619	F2	CORE	endothelial_vascular	0.28684446227028076	447
GSM6086619	F2	CORE	myeloid_dendritic	0.271618352954287	447
GSM6086619	F2	CORE	T_NK_cytotoxic	0.11152340349168799	447
GSM6086619	F2	CORE	B_plasma	0.07706202184030005	447
GSM6086619	F2	EXTENDED	keratinocyte_basal	0.3507827464146191	447
GSM6086619	F2	EXTENDED	keratinocyte_spinous_suprabasal	0.33053444371254936	447
GSM6086619	F2	EXTENDED	keratinocyte_inflammatory_T17	0.24814888165021265	447
GSM6086619	F2	EXTENDED	keratinocyte_stress_hypoxia	0.32935238801033506	447
GSM6086619	F2	EXTENDED	fibroblast_matrix	0.34397478855252644	447
GSM6086619	F2	EXTENDED	fibroblast_inflammatory	0.3565555450334787	447
GSM6086619	F2	EXTENDED	endothelial_vascular	0.30369643136295166	447
GSM6086619	F2	EXTENDED	myeloid_dendritic	0.2644387995530275	447
GSM6086619	F2	EXTENDED	T_NK_cytotoxic	0.11416190079125672	447
GSM6086619	F2	EXTENDED	B_plasma	0.07522646385132918	447
GSM6086619	F6	CORE	keratinocyte_basal	0.32481137949015737	447
GSM6086619	F6	CORE	keratinocyte_spinous_suprabasal	0.28823494199413696	447
GSM6086619	F6	CORE	keratinocyte_inflammatory_T17	0.23955833400412402	447
GSM6086619	F6	CORE	keratinocyte_stress_hypoxia	0.3606301220999499	447
GSM6086619	F6	CORE	fibroblast_matrix	0.1846404772908453	447
GSM6086619	F6	CORE	fibroblast_inflammatory	0.290675481990159	447
GSM6086619	F6	CORE	endothelial_vascular	0.2427951233253648	447
GSM6086619	F6	CORE	myeloid_dendritic	0.23266032943829898	447
GSM6086619	F6	CORE	T_NK_cytotoxic	0.1547902496827537	447
GSM6086619	F6	CORE	B_plasma	0.07635274586966201	447
GSM6086619	F6	EXTENDED	keratinocyte_basal	0.3531104552789956	447
GSM6086619	F6	EXTENDED	keratinocyte_spinous_suprabasal	0.3655483996793911	447
GSM6086619	F6	EXTENDED	keratinocyte_inflammatory_T17	0.26362308165982995	447
GSM6086619	F6	EXTENDED	keratinocyte_stress_hypoxia	0.36703584080107443	447
GSM6086619	F6	EXTENDED	fibroblast_matrix	0.2396139431891372	447
GSM6086619	F6	EXTENDED	fibroblast_inflammatory	0.3704165530033802	447
GSM6086619	F6	EXTENDED	endothelial_vascular	0.30368446119168857	447
GSM6086619	F6	EXTENDED	myeloid_dendritic	0.26662567896188716	447
GSM6086619	F6	EXTENDED	T_NK_cytotoxic	0.13073983401359526	447
GSM6086619	F6	EXTENDED	B_plasma	0.0697221446536242	447
GSM6086619	F7	CORE	keratinocyte_basal	0.36193043778450856	447
GSM6086619	F7	CORE	keratinocyte_spinous_suprabasal	0.3408959137849608	447
GSM6086619	F7	CORE	keratinocyte_inflammatory_T17	0.24120427604639155	447
GSM6086619	F7	CORE	keratinocyte_stress_hypoxia	0.3579297536916888	447
GSM6086619	F7	CORE	fibroblast_matrix	0.20346810567706608	447
GSM6086619	F7	CORE	fibroblast_inflammatory	0.3534426135174203	447
GSM6086619	F7	CORE	endothelial_vascular	0.3164736991867815	447
GSM6086619	F7	CORE	myeloid_dendritic	0.2431321982796763	447
GSM6086619	F7	CORE	T_NK_cytotoxic	0.14193621435526088	447
GSM6086619	F7	CORE	B_plasma	0.06788729664632145	447
GSM6086619	F7	EXTENDED	keratinocyte_basal	0.3568148848196731	447
GSM6086619	F7	EXTENDED	keratinocyte_spinous_suprabasal	0.3516620663052567	447
GSM6086619	F7	EXTENDED	keratinocyte_inflammatory_T17	0.25330569079151705	447
GSM6086619	F7	EXTENDED	keratinocyte_stress_hypoxia	0.3607385604150766	447
GSM6086619	F7	EXTENDED	fibroblast_matrix	0.2111664777300892	447
GSM6086619	F7	EXTENDED	fibroblast_inflammatory	0.35987713527622933	447
GSM6086619	F7	EXTENDED	endothelial_vascular	0.3211931648484424	447
GSM6086619	F7	EXTENDED	myeloid_dendritic	0.24964317487750406	447
GSM6086619	F7	EXTENDED	T_NK_cytotoxic	0.13761471055978486	447
GSM6086619	F7	EXTENDED	B_plasma	0.06935512542814332	447
GSM6086620	F1	CORE	keratinocyte_basal	0.5732031808881131	230
GSM6086620	F1	CORE	keratinocyte_spinous_suprabasal	0.4926005833923054	230
GSM6086620	F1	CORE	keratinocyte_inflammatory_T17	0.413542295942144	230
GSM6086620	F1	CORE	keratinocyte_stress_hypoxia	0.6118499471960116	230
GSM6086620	F1	CORE	fibroblast_matrix	-0.35968283567368114	230
GSM6086620	F1	CORE	fibroblast_inflammatory	0.4331885362339605	230
GSM6086620	F1	CORE	endothelial_vascular	0.2832221305107109	230
GSM6086620	F1	CORE	myeloid_dendritic	0.3738862577356567	230
GSM6086620	F1	CORE	T_NK_cytotoxic	0.18968317383635092	230
GSM6086620	F1	CORE	B_plasma	0.1395792582393869	230
GSM6086620	F1	EXTENDED	keratinocyte_basal	0.57806101886163	230
GSM6086620	F1	EXTENDED	keratinocyte_spinous_suprabasal	0.47937932581942444	230
GSM6086620	F1	EXTENDED	keratinocyte_inflammatory_T17	0.4072458014740148	230
GSM6086620	F1	EXTENDED	keratinocyte_stress_hypoxia	0.6406570194675599	230
GSM6086620	F1	EXTENDED	fibroblast_matrix	-0.34268930423335203	230
GSM6086620	F1	EXTENDED	fibroblast_inflammatory	0.44809691461154105	230
GSM6086620	F1	EXTENDED	endothelial_vascular	0.31600592086205054	230
GSM6086620	F1	EXTENDED	myeloid_dendritic	0.4113641139311995	230
GSM6086620	F1	EXTENDED	T_NK_cytotoxic	0.21585627155076248	230
GSM6086620	F1	EXTENDED	B_plasma	0.15750259271573086	230
GSM6086620	F2	CORE	keratinocyte_basal	0.5452427477845019	230
GSM6086620	F2	CORE	keratinocyte_spinous_suprabasal	0.43463811677215886	230
GSM6086620	F2	CORE	keratinocyte_inflammatory_T17	0.32766083356552306	230
GSM6086620	F2	CORE	keratinocyte_stress_hypoxia	0.6154387515667176	230
GSM6086620	F2	CORE	fibroblast_matrix	-0.2702284081623609	230
GSM6086620	F2	CORE	fibroblast_inflammatory	0.45975235539933884	230
GSM6086620	F2	CORE	endothelial_vascular	0.3706947300890891	230
GSM6086620	F2	CORE	myeloid_dendritic	0.4188650799963041	230
GSM6086620	F2	CORE	T_NK_cytotoxic	0.24043705647204333	230
GSM6086620	F2	CORE	B_plasma	0.188587198342357	230
GSM6086620	F2	EXTENDED	keratinocyte_basal	0.5774539124103204	230
GSM6086620	F2	EXTENDED	keratinocyte_spinous_suprabasal	0.4097233694727524	230
GSM6086620	F2	EXTENDED	keratinocyte_inflammatory_T17	0.3029334819348109	230
GSM6086620	F2	EXTENDED	keratinocyte_stress_hypoxia	0.6301215186548043	230
GSM6086620	F2	EXTENDED	fibroblast_matrix	-0.2543824943975417	230
GSM6086620	F2	EXTENDED	fibroblast_inflammatory	0.48890248549896675	230
GSM6086620	F2	EXTENDED	endothelial_vascular	0.3663135110206291	230
GSM6086620	F2	EXTENDED	myeloid_dendritic	0.42943893894883955	230
GSM6086620	F2	EXTENDED	T_NK_cytotoxic	0.24407414252411247	230
GSM6086620	F2	EXTENDED	B_plasma	0.1853966717411327	230
GSM6086620	F6	CORE	keratinocyte_basal	0.5181853300442927	230
GSM6086620	F6	CORE	keratinocyte_spinous_suprabasal	0.5025848273617401	230
GSM6086620	F6	CORE	keratinocyte_inflammatory_T17	0.4117127224398916	230
GSM6086620	F6	CORE	keratinocyte_stress_hypoxia	0.6390009612148645	230
GSM6086620	F6	CORE	fibroblast_matrix	-0.3327656704953793	230
GSM6086620	F6	CORE	fibroblast_inflammatory	0.41994121104167115	230
GSM6086620	F6	CORE	endothelial_vascular	0.35520006982584224	230
GSM6086620	F6	CORE	myeloid_dendritic	0.3653635116268733	230
GSM6086620	F6	CORE	T_NK_cytotoxic	0.24514293535520293	230
GSM6086620	F6	CORE	B_plasma	0.16941472943552496	230
GSM6086620	F6	EXTENDED	keratinocyte_basal	0.5837755131356545	230
GSM6086620	F6	EXTENDED	keratinocyte_spinous_suprabasal	0.46985173550580805	230
GSM6086620	F6	EXTENDED	keratinocyte_inflammatory_T17	0.3745906267645398	230
GSM6086620	F6	EXTENDED	keratinocyte_stress_hypoxia	0.6375259707563827	230
GSM6086620	F6	EXTENDED	fibroblast_matrix	-0.32132850484026454	230
GSM6086620	F6	EXTENDED	fibroblast_inflammatory	0.4605994223526105	230
GSM6086620	F6	EXTENDED	endothelial_vascular	0.32552403855328493	230
GSM6086620	F6	EXTENDED	myeloid_dendritic	0.4043449058275546	230
GSM6086620	F6	EXTENDED	T_NK_cytotoxic	0.23266691808807735	230
GSM6086620	F6	EXTENDED	B_plasma	0.1776743691669534	230
GSM6086620	F7	CORE	keratinocyte_basal	0.6114577918618986	230
GSM6086620	F7	CORE	keratinocyte_spinous_suprabasal	0.368436158487421	230
GSM6086620	F7	CORE	keratinocyte_inflammatory_T17	0.2730774067398331	230
GSM6086620	F7	CORE	keratinocyte_stress_hypoxia	0.6280895921438957	230
GSM6086620	F7	CORE	fibroblast_matrix	-0.2802483351218157	230
GSM6086620	F7	CORE	fibroblast_inflammatory	0.41174320684775945	230
GSM6086620	F7	CORE	endothelial_vascular	0.286314819057071	230
GSM6086620	F7	CORE	myeloid_dendritic	0.3892259059732278	230
GSM6086620	F7	CORE	T_NK_cytotoxic	0.23926239949350422	230
GSM6086620	F7	CORE	B_plasma	0.16270569121501527	230
GSM6086620	F7	EXTENDED	keratinocyte_basal	0.5856668642654451	230
GSM6086620	F7	EXTENDED	keratinocyte_spinous_suprabasal	0.4305509186086364	230
GSM6086620	F7	EXTENDED	keratinocyte_inflammatory_T17	0.34500578214267213	230
GSM6086620	F7	EXTENDED	keratinocyte_stress_hypoxia	0.6403070906967201	230
GSM6086620	F7	EXTENDED	fibroblast_matrix	-0.311188087901109	230
GSM6086620	F7	EXTENDED	fibroblast_inflammatory	0.42946344653176244	230
GSM6086620	F7	EXTENDED	endothelial_vascular	0.30493123246492093	230
GSM6086620	F7	EXTENDED	myeloid_dendritic	0.3953587441656984	230
GSM6086620	F7	EXTENDED	T_NK_cytotoxic	0.2409083694572596	230
GSM6086620	F7	EXTENDED	B_plasma	0.17104209339747925	230
GSM6086621	F1	CORE	keratinocyte_basal	0.5142067503870376	1183
GSM6086621	F1	CORE	keratinocyte_spinous_suprabasal	0.39603327950872497	1183
GSM6086621	F1	CORE	keratinocyte_inflammatory_T17	0.3361030301303597	1183
GSM6086621	F1	CORE	keratinocyte_stress_hypoxia	0.5696313378266591	1183
GSM6086621	F1	CORE	fibroblast_matrix	-0.31257664521205564	1183
GSM6086621	F1	CORE	fibroblast_inflammatory	0.25222700286226657	1183
GSM6086621	F1	CORE	endothelial_vascular	0.38900874524765056	1183
GSM6086621	F1	CORE	myeloid_dendritic	0.5116114461694904	1183
GSM6086621	F1	CORE	T_NK_cytotoxic	0.4381390405854172	1183
GSM6086621	F1	CORE	B_plasma	0.17753333977990365	1183
GSM6086621	F1	EXTENDED	keratinocyte_basal	0.5224274642381764	1183
GSM6086621	F1	EXTENDED	keratinocyte_spinous_suprabasal	0.4037665927957841	1183
GSM6086621	F1	EXTENDED	keratinocyte_inflammatory_T17	0.3412380091093333	1183
GSM6086621	F1	EXTENDED	keratinocyte_stress_hypoxia	0.5880126726475225	1183
GSM6086621	F1	EXTENDED	fibroblast_matrix	-0.24769572030034534	1183
GSM6086621	F1	EXTENDED	fibroblast_inflammatory	0.28028456459047474	1183
GSM6086621	F1	EXTENDED	endothelial_vascular	0.39706081873954563	1183
GSM6086621	F1	EXTENDED	myeloid_dendritic	0.514329793555529	1183
GSM6086621	F1	EXTENDED	T_NK_cytotoxic	0.44759896171350716	1183
GSM6086621	F1	EXTENDED	B_plasma	0.18495727014682783	1183
GSM6086621	F2	CORE	keratinocyte_basal	0.49842133921296033	1183
GSM6086621	F2	CORE	keratinocyte_spinous_suprabasal	0.39314042186225195	1183
GSM6086621	F2	CORE	keratinocyte_inflammatory_T17	0.3194057282353847	1183
GSM6086621	F2	CORE	keratinocyte_stress_hypoxia	0.5833212115012383	1183
GSM6086621	F2	CORE	fibroblast_matrix	-0.19710765240104472	1183
GSM6086621	F2	CORE	fibroblast_inflammatory	0.28778289729987316	1183
GSM6086621	F2	CORE	endothelial_vascular	0.4136256803737699	1183
GSM6086621	F2	CORE	myeloid_dendritic	0.51299563634247	1183
GSM6086621	F2	CORE	T_NK_cytotoxic	0.4498597587230923	1183
GSM6086621	F2	CORE	B_plasma	0.19394846240411256	1183
GSM6086621	F2	EXTENDED	keratinocyte_basal	0.4987283311274391	1183
GSM6086621	F2	EXTENDED	keratinocyte_spinous_suprabasal	0.38150196125684904	1183
GSM6086621	F2	EXTENDED	keratinocyte_inflammatory_T17	0.30825704471508564	1183
GSM6086621	F2	EXTENDED	keratinocyte_stress_hypoxia	0.5821447087749755	1183
GSM6086621	F2	EXTENDED	fibroblast_matrix	-0.17215158191726992	1183
GSM6086621	F2	EXTENDED	fibroblast_inflammatory	0.3030271253025652	1183
GSM6086621	F2	EXTENDED	endothelial_vascular	0.4232213492717607	1183
GSM6086621	F2	EXTENDED	myeloid_dendritic	0.5143699974084907	1183
GSM6086621	F2	EXTENDED	T_NK_cytotoxic	0.4482945078549773	1183
GSM6086621	F2	EXTENDED	B_plasma	0.19188777725869177	1183
GSM6086621	F6	CORE	keratinocyte_basal	0.5220568304526682	1183
GSM6086621	F6	CORE	keratinocyte_spinous_suprabasal	0.4039092065408498	1183
GSM6086621	F6	CORE	keratinocyte_inflammatory_T17	0.3591009415601412	1183
GSM6086621	F6	CORE	keratinocyte_stress_hypoxia	0.5806340418203038	1183
GSM6086621	F6	CORE	fibroblast_matrix	-0.3147968133234052	1183
GSM6086621	F6	CORE	fibroblast_inflammatory	0.25223437191810577	1183
GSM6086621	F6	CORE	endothelial_vascular	0.36019733988115	1183
GSM6086621	F6	CORE	myeloid_dendritic	0.5215464224929522	1183
GSM6086621	F6	CORE	T_NK_cytotoxic	0.4431422598101826	1183
GSM6086621	F6	CORE	B_plasma	0.17298755955178108	1183
GSM6086621	F6	EXTENDED	keratinocyte_basal	0.5383836909751999	1183
GSM6086621	F6	EXTENDED	keratinocyte_spinous_suprabasal	0.4184161157706165	1183
GSM6086621	F6	EXTENDED	keratinocyte_inflammatory_T17	0.37847679408888213	1183
GSM6086621	F6	EXTENDED	keratinocyte_stress_hypoxia	0.5897861967002536	1183
GSM6086621	F6	EXTENDED	fibroblast_matrix	-0.2961339193680469	1183
GSM6086621	F6	EXTENDED	fibroblast_inflammatory	0.28730895735807116	1183
GSM6086621	F6	EXTENDED	endothelial_vascular	0.39521947639550375	1183
GSM6086621	F6	EXTENDED	myeloid_dendritic	0.5225536358446934	1183
GSM6086621	F6	EXTENDED	T_NK_cytotoxic	0.4547319140874183	1183
GSM6086621	F6	EXTENDED	B_plasma	0.18480176809185256	1183
GSM6086621	F7	CORE	keratinocyte_basal	0.5497375740293194	1183
GSM6086621	F7	CORE	keratinocyte_spinous_suprabasal	0.37207014510775926	1183
GSM6086621	F7	CORE	keratinocyte_inflammatory_T17	0.37397169847559814	1183
GSM6086621	F7	CORE	keratinocyte_stress_hypoxia	0.5622438546454085	1183
GSM6086621	F7	CORE	fibroblast_matrix	-0.3250420483470672	1183
GSM6086621	F7	CORE	fibroblast_inflammatory	0.2843422320742054	1183
GSM6086621	F7	CORE	endothelial_vascular	0.41829235388037456	1183
GSM6086621	F7	CORE	myeloid_dendritic	0.5209095771243742	1183
GSM6086621	F7	CORE	T_NK_cytotoxic	0.45669014886399645	1183
GSM6086621	F7	CORE	B_plasma	0.19507588183003488	1183
GSM6086621	F7	EXTENDED	keratinocyte_basal	0.552459521935209	1183
GSM6086621	F7	EXTENDED	keratinocyte_spinous_suprabasal	0.39622000536059265	1183
GSM6086621	F7	EXTENDED	keratinocyte_inflammatory_T17	0.3890673715258294	1183
GSM6086621	F7	EXTENDED	keratinocyte_stress_hypoxia	0.577994004191168	1183
GSM6086621	F7	EXTENDED	fibroblast_matrix	-0.32287822409628303	1183
GSM6086621	F7	EXTENDED	fibroblast_inflammatory	0.27635465678538396	1183
GSM6086621	F7	EXTENDED	endothelial_vascular	0.4133164770015337	1183
GSM6086621	F7	EXTENDED	myeloid_dendritic	0.5189182798689242	1183
GSM6086621	F7	EXTENDED	T_NK_cytotoxic	0.4605313765403911	1183
GSM6086621	F7	EXTENDED	B_plasma	0.19330117775681044	1183
GSM6086622	F1	CORE	keratinocyte_basal	0.3816530947371231	662
GSM6086622	F1	CORE	keratinocyte_spinous_suprabasal	0.3479698921426731	662
GSM6086622	F1	CORE	keratinocyte_inflammatory_T17	0.319680882608313	662
GSM6086622	F1	CORE	keratinocyte_stress_hypoxia	0.43022664192520543	662
GSM6086622	F1	CORE	fibroblast_matrix	-0.08713397940905987	662
GSM6086622	F1	CORE	fibroblast_inflammatory	0.30686573050909594	662
GSM6086622	F1	CORE	endothelial_vascular	0.37003102118881587	662
GSM6086622	F1	CORE	myeloid_dendritic	0.2594024351900852	662
GSM6086622	F1	CORE	T_NK_cytotoxic	0.15341020571402747	662
GSM6086622	F1	CORE	B_plasma	0.1367699117599855	662
GSM6086622	F1	EXTENDED	keratinocyte_basal	0.4187638709969818	662
GSM6086622	F1	EXTENDED	keratinocyte_spinous_suprabasal	0.3659306599902422	662
GSM6086622	F1	EXTENDED	keratinocyte_inflammatory_T17	0.3239778175777251	662
GSM6086622	F1	EXTENDED	keratinocyte_stress_hypoxia	0.4423786266771645	662
GSM6086622	F1	EXTENDED	fibroblast_matrix	0.034428308110679894	662
GSM6086622	F1	EXTENDED	fibroblast_inflammatory	0.3304614785884186	662
GSM6086622	F1	EXTENDED	endothelial_vascular	0.3827176354500045	662
GSM6086622	F1	EXTENDED	myeloid_dendritic	0.28029196840876497	662
GSM6086622	F1	EXTENDED	T_NK_cytotoxic	0.15614901269492754	662
GSM6086622	F1	EXTENDED	B_plasma	0.14764531659340743	662
GSM6086622	F2	CORE	keratinocyte_basal	0.42681246119714994	662
GSM6086622	F2	CORE	keratinocyte_spinous_suprabasal	0.3866656199037536	662
GSM6086622	F2	CORE	keratinocyte_inflammatory_T17	0.3353881436241801	662
GSM6086622	F2	CORE	keratinocyte_stress_hypoxia	0.4712434981356255	662
GSM6086622	F2	CORE	fibroblast_matrix	0.1299509267623464	662
GSM6086622	F2	CORE	fibroblast_inflammatory	0.3231092022040979	662
GSM6086622	F2	CORE	endothelial_vascular	0.3665951463824922	662
GSM6086622	F2	CORE	myeloid_dendritic	0.31646087004615003	662
GSM6086622	F2	CORE	T_NK_cytotoxic	0.16626919818168112	662
GSM6086622	F2	CORE	B_plasma	0.14937271493859836	662
GSM6086622	F2	EXTENDED	keratinocyte_basal	0.4253790320810742	662
GSM6086622	F2	EXTENDED	keratinocyte_spinous_suprabasal	0.3692918940485933	662
GSM6086622	F2	EXTENDED	keratinocyte_inflammatory_T17	0.3321673785104974	662
GSM6086622	F2	EXTENDED	keratinocyte_stress_hypoxia	0.47128708212631376	662
GSM6086622	F2	EXTENDED	fibroblast_matrix	0.10661928961059358	662
GSM6086622	F2	EXTENDED	fibroblast_inflammatory	0.3356608419257535	662
GSM6086622	F2	EXTENDED	endothelial_vascular	0.37786318130601154	662
GSM6086622	F2	EXTENDED	myeloid_dendritic	0.29418206414836134	662
GSM6086622	F2	EXTENDED	T_NK_cytotoxic	0.17028192661135888	662
GSM6086622	F2	EXTENDED	B_plasma	0.14693603911388284	662
GSM6086622	F6	CORE	keratinocyte_basal	0.416374473462285	662
GSM6086622	F6	CORE	keratinocyte_spinous_suprabasal	0.3620641673872657	662
GSM6086622	F6	CORE	keratinocyte_inflammatory_T17	0.3261512884447328	662
GSM6086622	F6	CORE	keratinocyte_stress_hypoxia	0.4693393991002807	662
GSM6086622	F6	CORE	fibroblast_matrix	-0.0201083356671212	662
GSM6086622	F6	CORE	fibroblast_inflammatory	0.31397088011249985	662
GSM6086622	F6	CORE	endothelial_vascular	0.3568356926689708	662
GSM6086622	F6	CORE	myeloid_dendritic	0.2922384938905241	662
GSM6086622	F6	CORE	T_NK_cytotoxic	0.14960845657087304	662
GSM6086622	F6	CORE	B_plasma	0.1459978147315781	662
GSM6086622	F6	EXTENDED	keratinocyte_basal	0.4410820984884472	662
GSM6086622	F6	EXTENDED	keratinocyte_spinous_suprabasal	0.38996500798124545	662
GSM6086622	F6	EXTENDED	keratinocyte_inflammatory_T17	0.313166802806939	662
GSM6086622	F6	EXTENDED	keratinocyte_stress_hypoxia	0.47253732826569445	662
GSM6086622	F6	EXTENDED	fibroblast_matrix	-0.001979229684649566	662
GSM6086622	F6	EXTENDED	fibroblast_inflammatory	0.35222866633736627	662
GSM6086622	F6	EXTENDED	endothelial_vascular	0.3783665450184338	662
GSM6086622	F6	EXTENDED	myeloid_dendritic	0.30724448864247916	662
GSM6086622	F6	EXTENDED	T_NK_cytotoxic	0.15944612264792665	662
GSM6086622	F6	EXTENDED	B_plasma	0.13793981880837033	662
GSM6086622	F7	CORE	keratinocyte_basal	0.4455375037011702	662
GSM6086622	F7	CORE	keratinocyte_spinous_suprabasal	0.38546768010330595	662
GSM6086622	F7	CORE	keratinocyte_inflammatory_T17	0.31800383674664734	662
GSM6086622	F7	CORE	keratinocyte_stress_hypoxia	0.445211008289396	662
GSM6086622	F7	CORE	fibroblast_matrix	0.0006020433887161444	662
GSM6086622	F7	CORE	fibroblast_inflammatory	0.3551168187765019	662
GSM6086622	F7	CORE	endothelial_vascular	0.3871581064142239	662
GSM6086622	F7	CORE	myeloid_dendritic	0.29129761250471514	662
GSM6086622	F7	CORE	T_NK_cytotoxic	0.16285456847141166	662
GSM6086622	F7	CORE	B_plasma	0.14883062776768596	662
GSM6086622	F7	EXTENDED	keratinocyte_basal	0.44946216196918565	662
GSM6086622	F7	EXTENDED	keratinocyte_spinous_suprabasal	0.3903161847731253	662
GSM6086622	F7	EXTENDED	keratinocyte_inflammatory_T17	0.3190633829202805	662
GSM6086622	F7	EXTENDED	keratinocyte_stress_hypoxia	0.452498926626909	662
GSM6086622	F7	EXTENDED	fibroblast_matrix	0.0006963990492697768	662
GSM6086622	F7	EXTENDED	fibroblast_inflammatory	0.36697160828625847	662
GSM6086622	F7	EXTENDED	endothelial_vascular	0.3872281607926272	662
GSM6086622	F7	EXTENDED	myeloid_dendritic	0.2965991041576103	662
GSM6086622	F7	EXTENDED	T_NK_cytotoxic	0.16290637248722903	662
GSM6086622	F7	EXTENDED	B_plasma	0.1515124768053827	662
GSM6086623	F1	CORE	keratinocyte_basal	0.5089315817472622	660
GSM6086623	F1	CORE	keratinocyte_spinous_suprabasal	0.5933639042306567	660
GSM6086623	F1	CORE	keratinocyte_inflammatory_T17	0.3629200307083966	660
GSM6086623	F1	CORE	keratinocyte_stress_hypoxia	0.5950163539667086	660
GSM6086623	F1	CORE	fibroblast_matrix	-0.20270275084790973	660
GSM6086623	F1	CORE	fibroblast_inflammatory	0.3055220245013164	660
GSM6086623	F1	CORE	endothelial_vascular	0.42561273419489065	660
GSM6086623	F1	CORE	myeloid_dendritic	0.6269640438523368	660
GSM6086623	F1	CORE	T_NK_cytotoxic	0.5950532735429503	660
GSM6086623	F1	CORE	B_plasma	0.2562264100907803	660
GSM6086623	F1	EXTENDED	keratinocyte_basal	0.5164017326052953	660
GSM6086623	F1	EXTENDED	keratinocyte_spinous_suprabasal	0.581849891166596	660
GSM6086623	F1	EXTENDED	keratinocyte_inflammatory_T17	0.32484768622684457	660
GSM6086623	F1	EXTENDED	keratinocyte_stress_hypoxia	0.6009755535213618	660
GSM6086623	F1	EXTENDED	fibroblast_matrix	-0.11270500230863764	660
GSM6086623	F1	EXTENDED	fibroblast_inflammatory	0.3495502381222616	660
GSM6086623	F1	EXTENDED	endothelial_vascular	0.44831796825473813	660
GSM6086623	F1	EXTENDED	myeloid_dendritic	0.6342544794247515	660
GSM6086623	F1	EXTENDED	T_NK_cytotoxic	0.5890343183541176	660
GSM6086623	F1	EXTENDED	B_plasma	0.253850984304547	660
GSM6086623	F2	CORE	keratinocyte_basal	0.4877755173960328	660
GSM6086623	F2	CORE	keratinocyte_spinous_suprabasal	0.5537186231159383	660
GSM6086623	F2	CORE	keratinocyte_inflammatory_T17	0.28501282434806796	660
GSM6086623	F2	CORE	keratinocyte_stress_hypoxia	0.597291136638478	660
GSM6086623	F2	CORE	fibroblast_matrix	-0.04861302192073727	660
GSM6086623	F2	CORE	fibroblast_inflammatory	0.36473393952265265	660
GSM6086623	F2	CORE	endothelial_vascular	0.4592541855971567	660
GSM6086623	F2	CORE	myeloid_dendritic	0.6396358551490994	660
GSM6086623	F2	CORE	T_NK_cytotoxic	0.5794662670346575	660
GSM6086623	F2	CORE	B_plasma	0.26314548627694934	660
GSM6086623	F2	EXTENDED	keratinocyte_basal	0.4948860833713489	660
GSM6086623	F2	EXTENDED	keratinocyte_spinous_suprabasal	0.5550704733263279	660
GSM6086623	F2	EXTENDED	keratinocyte_inflammatory_T17	0.29109683656089874	660
GSM6086623	F2	EXTENDED	keratinocyte_stress_hypoxia	0.5962035231876927	660
GSM6086623	F2	EXTENDED	fibroblast_matrix	-0.04125173563198486	660
GSM6086623	F2	EXTENDED	fibroblast_inflammatory	0.3842633491131531	660
GSM6086623	F2	EXTENDED	endothelial_vascular	0.46049209680134157	660
GSM6086623	F2	EXTENDED	myeloid_dendritic	0.651647284191154	660
GSM6086623	F2	EXTENDED	T_NK_cytotoxic	0.5861807331630814	660
GSM6086623	F2	EXTENDED	B_plasma	0.26445824776833	660
GSM6086623	F6	CORE	keratinocyte_basal	0.47029370814670873	660
GSM6086623	F6	CORE	keratinocyte_spinous_suprabasal	0.5920077863877287	660
GSM6086623	F6	CORE	keratinocyte_inflammatory_T17	0.3515319328561108	660
GSM6086623	F6	CORE	keratinocyte_stress_hypoxia	0.6177701686473256	660
GSM6086623	F6	CORE	fibroblast_matrix	-0.16726644158793028	660
GSM6086623	F6	CORE	fibroblast_inflammatory	0.2846329659140163	660
GSM6086623	F6	CORE	endothelial_vascular	0.40892110902239615	660
GSM6086623	F6	CORE	myeloid_dendritic	0.6166821365788903	660
GSM6086623	F6	CORE	T_NK_cytotoxic	0.5723328502310862	660
GSM6086623	F6	CORE	B_plasma	0.2566224345722505	660
GSM6086623	F6	EXTENDED	keratinocyte_basal	0.5173911244672812	660
GSM6086623	F6	EXTENDED	keratinocyte_spinous_suprabasal	0.5947443032220305	660
GSM6086623	F6	EXTENDED	keratinocyte_inflammatory_T17	0.3493592527246992	660
GSM6086623	F6	EXTENDED	keratinocyte_stress_hypoxia	0.6035766015401699	660
GSM6086623	F6	EXTENDED	fibroblast_matrix	-0.1535896216335461	660
GSM6086623	F6	EXTENDED	fibroblast_inflammatory	0.3155881732686195	660
GSM6086623	F6	EXTENDED	endothelial_vascular	0.43776236114464406	660
GSM6086623	F6	EXTENDED	myeloid_dendritic	0.6471294891873001	660
GSM6086623	F6	EXTENDED	T_NK_cytotoxic	0.5831374057890536	660
GSM6086623	F6	EXTENDED	B_plasma	0.2545726251123527	660
GSM6086623	F7	CORE	keratinocyte_basal	0.5208643062730179	660
GSM6086623	F7	CORE	keratinocyte_spinous_suprabasal	0.5956176936213736	660
GSM6086623	F7	CORE	keratinocyte_inflammatory_T17	0.34833951743356956	660
GSM6086623	F7	CORE	keratinocyte_stress_hypoxia	0.5653067639361815	660
GSM6086623	F7	CORE	fibroblast_matrix	-0.1996591030589668	660
GSM6086623	F7	CORE	fibroblast_inflammatory	0.306645675030467	660
GSM6086623	F7	CORE	endothelial_vascular	0.45493699216209993	660
GSM6086623	F7	CORE	myeloid_dendritic	0.6556876347475934	660
GSM6086623	F7	CORE	T_NK_cytotoxic	0.577709793820756	660
GSM6086623	F7	CORE	B_plasma	0.25309921234834043	660
GSM6086623	F7	EXTENDED	keratinocyte_basal	0.5219297924021369	660
GSM6086623	F7	EXTENDED	keratinocyte_spinous_suprabasal	0.6023352111486517	660
GSM6086623	F7	EXTENDED	keratinocyte_inflammatory_T17	0.358790438399354	660
GSM6086623	F7	EXTENDED	keratinocyte_stress_hypoxia	0.5773645422040986	660
GSM6086623	F7	EXTENDED	fibroblast_matrix	-0.1887392803905873	660
GSM6086623	F7	EXTENDED	fibroblast_inflammatory	0.31326355298316094	660
GSM6086623	F7	EXTENDED	endothelial_vascular	0.4542916882285387	660
GSM6086623	F7	EXTENDED	myeloid_dendritic	0.6573636546892866	660
GSM6086623	F7	EXTENDED	T_NK_cytotoxic	0.5856264273317902	660
GSM6086623	F7	EXTENDED	B_plasma	0.25703208556686075	660
GSM6086624	F1	CORE	keratinocyte_basal	0.6922000243878481	331
GSM6086624	F1	CORE	keratinocyte_spinous_suprabasal	0.5448687537927954	331
GSM6086624	F1	CORE	keratinocyte_inflammatory_T17	0.5323019002802184	331
GSM6086624	F1	CORE	keratinocyte_stress_hypoxia	0.6214997423163244	331
GSM6086624	F1	CORE	fibroblast_matrix	0.3855156942363866	331
GSM6086624	F1	CORE	fibroblast_inflammatory	0.3490020499722574	331
GSM6086624	F1	CORE	endothelial_vascular	0.4468213409281995	331
GSM6086624	F1	CORE	myeloid_dendritic	0.5561474507990533	331
GSM6086624	F1	CORE	T_NK_cytotoxic	0.30170114673890636	331
GSM6086624	F1	CORE	B_plasma	0.08549677527755709	331
GSM6086624	F1	EXTENDED	keratinocyte_basal	0.6951595193512226	331
GSM6086624	F1	EXTENDED	keratinocyte_spinous_suprabasal	0.5510944384722192	331
GSM6086624	F1	EXTENDED	keratinocyte_inflammatory_T17	0.5453186733659939	331
GSM6086624	F1	EXTENDED	keratinocyte_stress_hypoxia	0.6083845029325354	331
GSM6086624	F1	EXTENDED	fibroblast_matrix	0.42613665457299743	331
GSM6086624	F1	EXTENDED	fibroblast_inflammatory	0.37993979057709937	331
GSM6086624	F1	EXTENDED	endothelial_vascular	0.44274903099443286	331
GSM6086624	F1	EXTENDED	myeloid_dendritic	0.5597748731531514	331
GSM6086624	F1	EXTENDED	T_NK_cytotoxic	0.30516106299602347	331
GSM6086624	F1	EXTENDED	B_plasma	0.09314060636431001	331
GSM6086624	F2	CORE	keratinocyte_basal	0.6977837044645058	331
GSM6086624	F2	CORE	keratinocyte_spinous_suprabasal	0.5651682077334288	331
GSM6086624	F2	CORE	keratinocyte_inflammatory_T17	0.5235280124646622	331
GSM6086624	F2	CORE	keratinocyte_stress_hypoxia	0.6139911371033809	331
GSM6086624	F2	CORE	fibroblast_matrix	0.439025210168986	331
GSM6086624	F2	CORE	fibroblast_inflammatory	0.40026229384122713	331
GSM6086624	F2	CORE	endothelial_vascular	0.46786704444840194	331
GSM6086624	F2	CORE	myeloid_dendritic	0.5688186129203915	331
GSM6086624	F2	CORE	T_NK_cytotoxic	0.31390958046058853	331
GSM6086624	F2	CORE	B_plasma	0.10993462210032713	331
GSM6086624	F2	EXTENDED	keratinocyte_basal	0.7023971083679487	331
GSM6086624	F2	EXTENDED	keratinocyte_spinous_suprabasal	0.5730420348718431	331
GSM6086624	F2	EXTENDED	keratinocyte_inflammatory_T17	0.5278244705232571	331
GSM6086624	F2	EXTENDED	keratinocyte_stress_hypoxia	0.6196940394265456	331
GSM6086624	F2	EXTENDED	fibroblast_matrix	0.4517947439213449	331
GSM6086624	F2	EXTENDED	fibroblast_inflammatory	0.4167464280529674	331
GSM6086624	F2	EXTENDED	endothelial_vascular	0.4595605833085919	331
GSM6086624	F2	EXTENDED	myeloid_dendritic	0.574722353312142	331
GSM6086624	F2	EXTENDED	T_NK_cytotoxic	0.3140876682514203	331
GSM6086624	F2	EXTENDED	B_plasma	0.10592006875434735	331
GSM6086624	F6	CORE	keratinocyte_basal	0.6806699702209736	331
GSM6086624	F6	CORE	keratinocyte_spinous_suprabasal	0.5595783104972992	331
GSM6086624	F6	CORE	keratinocyte_inflammatory_T17	0.5213839988511915	331
GSM6086624	F6	CORE	keratinocyte_stress_hypoxia	0.6002563270459845	331
GSM6086624	F6	CORE	fibroblast_matrix	0.3855429208495768	331
GSM6086624	F6	CORE	fibroblast_inflammatory	0.33043818388712515	331
GSM6086624	F6	CORE	endothelial_vascular	0.4306446392867769	331
GSM6086624	F6	CORE	myeloid_dendritic	0.5590779538693494	331
GSM6086624	F6	CORE	T_NK_cytotoxic	0.30837652048229286	331
GSM6086624	F6	CORE	B_plasma	0.10156807152332141	331
GSM6086624	F6	EXTENDED	keratinocyte_basal	0.6993394664237979	331
GSM6086624	F6	EXTENDED	keratinocyte_spinous_suprabasal	0.5780237239419541	331
GSM6086624	F6	EXTENDED	keratinocyte_inflammatory_T17	0.5339041828779766	331
GSM6086624	F6	EXTENDED	keratinocyte_stress_hypoxia	0.6035582909557052	331
GSM6086624	F6	EXTENDED	fibroblast_matrix	0.41959357851833096	331
GSM6086624	F6	EXTENDED	fibroblast_inflammatory	0.39207792063766544	331
GSM6086624	F6	EXTENDED	endothelial_vascular	0.4567314545790423	331
GSM6086624	F6	EXTENDED	myeloid_dendritic	0.5745315953576975	331
GSM6086624	F6	EXTENDED	T_NK_cytotoxic	0.3079708373503104	331
GSM6086624	F6	EXTENDED	B_plasma	0.11349047667267574	331
GSM6086624	F7	CORE	keratinocyte_basal	0.7032453248768736	331
GSM6086624	F7	CORE	keratinocyte_spinous_suprabasal	0.5722437295555286	331
GSM6086624	F7	CORE	keratinocyte_inflammatory_T17	0.5054981586294972	331
GSM6086624	F7	CORE	keratinocyte_stress_hypoxia	0.6033594008345711	331
GSM6086624	F7	CORE	fibroblast_matrix	0.39350280061246834	331
GSM6086624	F7	CORE	fibroblast_inflammatory	0.420691698932882	331
GSM6086624	F7	CORE	endothelial_vascular	0.48394539897551675	331
GSM6086624	F7	CORE	myeloid_dendritic	0.5604801320077377	331
GSM6086624	F7	CORE	T_NK_cytotoxic	0.2948039695602956	331
GSM6086624	F7	CORE	B_plasma	0.09184157151411117	331
GSM6086624	F7	EXTENDED	keratinocyte_basal	0.6998681467949004	331
GSM6086624	F7	EXTENDED	keratinocyte_spinous_suprabasal	0.5744093922457415	331
GSM6086624	F7	EXTENDED	keratinocyte_inflammatory_T17	0.5227050574266913	331
GSM6086624	F7	EXTENDED	keratinocyte_stress_hypoxia	0.6090799264659481	331
GSM6086624	F7	EXTENDED	fibroblast_matrix	0.3974680585327123	331
GSM6086624	F7	EXTENDED	fibroblast_inflammatory	0.4218777437434943	331
GSM6086624	F7	EXTENDED	endothelial_vascular	0.47306743444874927	331
GSM6086624	F7	EXTENDED	myeloid_dendritic	0.5676417915764945	331
GSM6086624	F7	EXTENDED	T_NK_cytotoxic	0.30057360351477497	331
GSM6086624	F7	EXTENDED	B_plasma	0.09342835783687764	331
GSM6086625	F1	CORE	keratinocyte_basal	0.5051230486752579	684
GSM6086625	F1	CORE	keratinocyte_spinous_suprabasal	0.26813145322211546	684
GSM6086625	F1	CORE	keratinocyte_inflammatory_T17	0.10755042231091749	684
GSM6086625	F1	CORE	keratinocyte_stress_hypoxia	0.5379935733945764	684
GSM6086625	F1	CORE	fibroblast_matrix	0.29932922808860335	684
GSM6086625	F1	CORE	fibroblast_inflammatory	0.29968368549933055	684
GSM6086625	F1	CORE	endothelial_vascular	0.39201183029689046	684
GSM6086625	F1	CORE	myeloid_dendritic	0.4071479912703392	684
GSM6086625	F1	CORE	T_NK_cytotoxic	0.21732348454229808	684
GSM6086625	F1	CORE	B_plasma	0.1640205810340095	684
GSM6086625	F1	EXTENDED	keratinocyte_basal	0.5380351496120737	684
GSM6086625	F1	EXTENDED	keratinocyte_spinous_suprabasal	0.31414473919538133	684
GSM6086625	F1	EXTENDED	keratinocyte_inflammatory_T17	0.14334480281198259	684
GSM6086625	F1	EXTENDED	keratinocyte_stress_hypoxia	0.5662604868499196	684
GSM6086625	F1	EXTENDED	fibroblast_matrix	0.3360804080534065	684
GSM6086625	F1	EXTENDED	fibroblast_inflammatory	0.32440467511222465	684
GSM6086625	F1	EXTENDED	endothelial_vascular	0.3996304395385025	684
GSM6086625	F1	EXTENDED	myeloid_dendritic	0.44103811387229175	684
GSM6086625	F1	EXTENDED	T_NK_cytotoxic	0.24007698476656328	684
GSM6086625	F1	EXTENDED	B_plasma	0.17332437278993967	684
GSM6086625	F2	CORE	keratinocyte_basal	0.5534464564530349	684
GSM6086625	F2	CORE	keratinocyte_spinous_suprabasal	0.3420490768862024	684
GSM6086625	F2	CORE	keratinocyte_inflammatory_T17	0.1637667209023304	684
GSM6086625	F2	CORE	keratinocyte_stress_hypoxia	0.5610911237245004	684
GSM6086625	F2	CORE	fibroblast_matrix	0.3576574349104832	684
GSM6086625	F2	CORE	fibroblast_inflammatory	0.34786410116072985	684
GSM6086625	F2	CORE	endothelial_vascular	0.42321185138656325	684
GSM6086625	F2	CORE	myeloid_dendritic	0.470903004501514	684
GSM6086625	F2	CORE	T_NK_cytotoxic	0.24278178502206924	684
GSM6086625	F2	CORE	B_plasma	0.1871601565581508	684
GSM6086625	F2	EXTENDED	keratinocyte_basal	0.5402196489925788	684
GSM6086625	F2	EXTENDED	keratinocyte_spinous_suprabasal	0.3169155781841193	684
GSM6086625	F2	EXTENDED	keratinocyte_inflammatory_T17	0.13803334525941877	684
GSM6086625	F2	EXTENDED	keratinocyte_stress_hypoxia	0.5658867196561976	684
GSM6086625	F2	EXTENDED	fibroblast_matrix	0.3780426399668768	684
GSM6086625	F2	EXTENDED	fibroblast_inflammatory	0.3677573387749318	684
GSM6086625	F2	EXTENDED	endothelial_vascular	0.43631804459796625	684
GSM6086625	F2	EXTENDED	myeloid_dendritic	0.46806461902032404	684
GSM6086625	F2	EXTENDED	T_NK_cytotoxic	0.24342552901036962	684
GSM6086625	F2	EXTENDED	B_plasma	0.18831551424027188	684
GSM6086625	F6	CORE	keratinocyte_basal	0.545234971535872	684
GSM6086625	F6	CORE	keratinocyte_spinous_suprabasal	0.3488068402518375	684
GSM6086625	F6	CORE	keratinocyte_inflammatory_T17	0.15565213182202256	684
GSM6086625	F6	CORE	keratinocyte_stress_hypoxia	0.5685101395242445	684
GSM6086625	F6	CORE	fibroblast_matrix	0.31134051043758126	684
GSM6086625	F6	CORE	fibroblast_inflammatory	0.31708696416085147	684
GSM6086625	F6	CORE	endothelial_vascular	0.3888891343350815	684
GSM6086625	F6	CORE	myeloid_dendritic	0.45519238468270723	684
GSM6086625	F6	CORE	T_NK_cytotoxic	0.2471802802603831	684
GSM6086625	F6	CORE	B_plasma	0.16790064128949148	684
GSM6086625	F6	EXTENDED	keratinocyte_basal	0.5727892931729643	684
GSM6086625	F6	EXTENDED	keratinocyte_spinous_suprabasal	0.3461534109620749	684
GSM6086625	F6	EXTENDED	keratinocyte_inflammatory_T17	0.16449513945846905	684
GSM6086625	F6	EXTENDED	keratinocyte_stress_hypoxia	0.5661991391855941	684
GSM6086625	F6	EXTENDED	fibroblast_matrix	0.3237226037856581	684
GSM6086625	F6	EXTENDED	fibroblast_inflammatory	0.3389263233403427	684
GSM6086625	F6	EXTENDED	endothelial_vascular	0.38240610713954576	684
GSM6086625	F6	EXTENDED	myeloid_dendritic	0.45461668362625457	684
GSM6086625	F6	EXTENDED	T_NK_cytotoxic	0.25379735614108084	684
GSM6086625	F6	EXTENDED	B_plasma	0.16968334013225783	684
GSM6086625	F7	CORE	keratinocyte_basal	0.5681036958018639	684
GSM6086625	F7	CORE	keratinocyte_spinous_suprabasal	0.30796510419678	684
GSM6086625	F7	CORE	keratinocyte_inflammatory_T17	0.10589606250287402	684
GSM6086625	F7	CORE	keratinocyte_stress_hypoxia	0.5195488164886292	684
GSM6086625	F7	CORE	fibroblast_matrix	0.3281653705470085	684
GSM6086625	F7	CORE	fibroblast_inflammatory	0.3593738475547426	684
GSM6086625	F7	CORE	endothelial_vascular	0.3640225425202238	684
GSM6086625	F7	CORE	myeloid_dendritic	0.4321003020842908	684
GSM6086625	F7	CORE	T_NK_cytotoxic	0.25073526582371153	684
GSM6086625	F7	CORE	B_plasma	0.1691577039658979	684
GSM6086625	F7	EXTENDED	keratinocyte_basal	0.5758202827933139	684
GSM6086625	F7	EXTENDED	keratinocyte_spinous_suprabasal	0.334633419561119	684
GSM6086625	F7	EXTENDED	keratinocyte_inflammatory_T17	0.13881001418052646	684
GSM6086625	F7	EXTENDED	keratinocyte_stress_hypoxia	0.5490463845843501	684
GSM6086625	F7	EXTENDED	fibroblast_matrix	0.3182563357868158	684
GSM6086625	F7	EXTENDED	fibroblast_inflammatory	0.3527167150931125	684
GSM6086625	F7	EXTENDED	endothelial_vascular	0.3759726408541906	684
GSM6086625	F7	EXTENDED	myeloid_dendritic	0.44799082541237656	684
GSM6086625	F7	EXTENDED	T_NK_cytotoxic	0.25253952101564797	684
GSM6086625	F7	EXTENDED	B_plasma	0.1739141240963722	684
GSM6086626	F1	CORE	keratinocyte_basal	0.34028655556558013	873
GSM6086626	F1	CORE	keratinocyte_spinous_suprabasal	0.23378098299414854	873
GSM6086626	F1	CORE	keratinocyte_inflammatory_T17	0.31708975308722465	873
GSM6086626	F1	CORE	keratinocyte_stress_hypoxia	0.3750222164768696	873
GSM6086626	F1	CORE	fibroblast_matrix	0.12344033466307343	873
GSM6086626	F1	CORE	fibroblast_inflammatory	0.23027531596014666	873
GSM6086626	F1	CORE	endothelial_vascular	0.34660328614426994	873
GSM6086626	F1	CORE	myeloid_dendritic	0.2003429504391608	873
GSM6086626	F1	CORE	T_NK_cytotoxic	0.13180065828108609	873
GSM6086626	F1	CORE	B_plasma	0.004415009858128902	873
GSM6086626	F1	EXTENDED	keratinocyte_basal	0.35445720637872175	873
GSM6086626	F1	EXTENDED	keratinocyte_spinous_suprabasal	0.2634801020867294	873
GSM6086626	F1	EXTENDED	keratinocyte_inflammatory_T17	0.3244837327612378	873
GSM6086626	F1	EXTENDED	keratinocyte_stress_hypoxia	0.39327220313343975	873
GSM6086626	F1	EXTENDED	fibroblast_matrix	0.22407385163608456	873
GSM6086626	F1	EXTENDED	fibroblast_inflammatory	0.26752225061208634	873
GSM6086626	F1	EXTENDED	endothelial_vascular	0.35659880655052895	873
GSM6086626	F1	EXTENDED	myeloid_dendritic	0.20803085531736276	873
GSM6086626	F1	EXTENDED	T_NK_cytotoxic	0.13136005454023605	873
GSM6086626	F1	EXTENDED	B_plasma	0.03415005970264755	873
GSM6086626	F2	CORE	keratinocyte_basal	0.3140209230467254	873
GSM6086626	F2	CORE	keratinocyte_spinous_suprabasal	0.2184637534136874	873
GSM6086626	F2	CORE	keratinocyte_inflammatory_T17	0.2727667375293877	873
GSM6086626	F2	CORE	keratinocyte_stress_hypoxia	0.38927567395401935	873
GSM6086626	F2	CORE	fibroblast_matrix	0.31480646910118265	873
GSM6086626	F2	CORE	fibroblast_inflammatory	0.27269549230309525	873
GSM6086626	F2	CORE	endothelial_vascular	0.3507182884019738	873
GSM6086626	F2	CORE	myeloid_dendritic	0.20977099223046616	873
GSM6086626	F2	CORE	T_NK_cytotoxic	0.1240741250549398	873
GSM6086626	F2	CORE	B_plasma	0.06264041014053022	873
GSM6086626	F2	EXTENDED	keratinocyte_basal	0.34751912942101704	873
GSM6086626	F2	EXTENDED	keratinocyte_spinous_suprabasal	0.2604944572473902	873
GSM6086626	F2	EXTENDED	keratinocyte_inflammatory_T17	0.3108443296872446	873
GSM6086626	F2	EXTENDED	keratinocyte_stress_hypoxia	0.40195897269908565	873
GSM6086626	F2	EXTENDED	fibroblast_matrix	0.28238187707085305	873
GSM6086626	F2	EXTENDED	fibroblast_inflammatory	0.2664958441072596	873
GSM6086626	F2	EXTENDED	endothelial_vascular	0.35799420815802036	873
GSM6086626	F2	EXTENDED	myeloid_dendritic	0.201434695750107	873
GSM6086626	F2	EXTENDED	T_NK_cytotoxic	0.1325185535333137	873
GSM6086626	F2	EXTENDED	B_plasma	0.043400165927940895	873
GSM6086626	F6	CORE	keratinocyte_basal	0.30445811608624224	873
GSM6086626	F6	CORE	keratinocyte_spinous_suprabasal	0.24875170539148525	873
GSM6086626	F6	CORE	keratinocyte_inflammatory_T17	0.2878363090509937	873
GSM6086626	F6	CORE	keratinocyte_stress_hypoxia	0.3507100435365096	873
GSM6086626	F6	CORE	fibroblast_matrix	0.18721779470296254	873
GSM6086626	F6	CORE	fibroblast_inflammatory	0.2699459807897667	873
GSM6086626	F6	CORE	endothelial_vascular	0.33061286770866266	873
GSM6086626	F6	CORE	myeloid_dendritic	0.2538760636985421	873
GSM6086626	F6	CORE	T_NK_cytotoxic	0.11883077037149069	873
GSM6086626	F6	CORE	B_plasma	0.05235822062620236	873
GSM6086626	F6	EXTENDED	keratinocyte_basal	0.3596474158713337	873
GSM6086626	F6	EXTENDED	keratinocyte_spinous_suprabasal	0.2907475203117127	873
GSM6086626	F6	EXTENDED	keratinocyte_inflammatory_T17	0.32171540148291405	873
GSM6086626	F6	EXTENDED	keratinocyte_stress_hypoxia	0.38384769206604297	873
GSM6086626	F6	EXTENDED	fibroblast_matrix	0.2486919752633974	873
GSM6086626	F6	EXTENDED	fibroblast_inflammatory	0.28712313524965427	873
GSM6086626	F6	EXTENDED	endothelial_vascular	0.3678496715204238	873
GSM6086626	F6	EXTENDED	myeloid_dendritic	0.22922009565130116	873
GSM6086626	F6	EXTENDED	T_NK_cytotoxic	0.11857506244668113	873
GSM6086626	F6	EXTENDED	B_plasma	0.06346240990661278	873
GSM6086626	F7	CORE	keratinocyte_basal	0.34940123281610774	873
GSM6086626	F7	CORE	keratinocyte_spinous_suprabasal	0.29933419847779674	873
GSM6086626	F7	CORE	keratinocyte_inflammatory_T17	0.30511669753013765	873
GSM6086626	F7	CORE	keratinocyte_stress_hypoxia	0.3746300512133634	873
GSM6086626	F7	CORE	fibroblast_matrix	0.21109829186110765	873
GSM6086626	F7	CORE	fibroblast_inflammatory	0.28537169668775886	873
GSM6086626	F7	CORE	endothelial_vascular	0.331033780873172	873
GSM6086626	F7	CORE	myeloid_dendritic	0.23627280027748634	873
GSM6086626	F7	CORE	T_NK_cytotoxic	0.12890703414569588	873
GSM6086626	F7	CORE	B_plasma	0.07028182683472244	873
GSM6086626	F7	EXTENDED	keratinocyte_basal	0.35311146827810874	873
GSM6086626	F7	EXTENDED	keratinocyte_spinous_suprabasal	0.3000383752259869	873
GSM6086626	F7	EXTENDED	keratinocyte_inflammatory_T17	0.31141025983665377	873
GSM6086626	F7	EXTENDED	keratinocyte_stress_hypoxia	0.3868172432103894	873
GSM6086626	F7	EXTENDED	fibroblast_matrix	0.2179912468371005	873
GSM6086626	F7	EXTENDED	fibroblast_inflammatory	0.28603589738718865	873
GSM6086626	F7	EXTENDED	endothelial_vascular	0.3345005530506504	873
GSM6086626	F7	EXTENDED	myeloid_dendritic	0.2352267819336333	873
GSM6086626	F7	EXTENDED	T_NK_cytotoxic	0.12849215905770905	873
GSM6086626	F7	EXTENDED	B_plasma	0.06813009473510197	873
GSM6086627	F1	CORE	keratinocyte_basal	0.4055833176664707	705
GSM6086627	F1	CORE	keratinocyte_spinous_suprabasal	0.26054870861064416	705
GSM6086627	F1	CORE	keratinocyte_inflammatory_T17	0.16278744944397835	705
GSM6086627	F1	CORE	keratinocyte_stress_hypoxia	0.48596216257853625	705
GSM6086627	F1	CORE	fibroblast_matrix	0.10053848017800704	705
GSM6086627	F1	CORE	fibroblast_inflammatory	0.3556750756163411	705
GSM6086627	F1	CORE	endothelial_vascular	0.30393583743985636	705
GSM6086627	F1	CORE	myeloid_dendritic	0.33256915833102335	705
GSM6086627	F1	CORE	T_NK_cytotoxic	0.20949011996133568	705
GSM6086627	F1	CORE	B_plasma	0.1161327962216458	705
GSM6086627	F1	EXTENDED	keratinocyte_basal	0.4406015501908134	705
GSM6086627	F1	EXTENDED	keratinocyte_spinous_suprabasal	0.2693956483633009	705
GSM6086627	F1	EXTENDED	keratinocyte_inflammatory_T17	0.188149589299722	705
GSM6086627	F1	EXTENDED	keratinocyte_stress_hypoxia	0.4991593605954784	705
GSM6086627	F1	EXTENDED	fibroblast_matrix	0.18347863049644447	705
GSM6086627	F1	EXTENDED	fibroblast_inflammatory	0.3951340378694692	705
GSM6086627	F1	EXTENDED	endothelial_vascular	0.3265850400708959	705
GSM6086627	F1	EXTENDED	myeloid_dendritic	0.3519032651217754	705
GSM6086627	F1	EXTENDED	T_NK_cytotoxic	0.20612804635229096	705
GSM6086627	F1	EXTENDED	B_plasma	0.12228992011008354	705
GSM6086627	F2	CORE	keratinocyte_basal	0.42077862291870255	705
GSM6086627	F2	CORE	keratinocyte_spinous_suprabasal	0.24317424345671243	705
GSM6086627	F2	CORE	keratinocyte_inflammatory_T17	0.19733870508731313	705
GSM6086627	F2	CORE	keratinocyte_stress_hypoxia	0.48303548687813025	705
GSM6086627	F2	CORE	fibroblast_matrix	0.29983677355094523	705
GSM6086627	F2	CORE	fibroblast_inflammatory	0.4061494890732852	705
GSM6086627	F2	CORE	endothelial_vascular	0.33085608858590065	705
GSM6086627	F2	CORE	myeloid_dendritic	0.3550641012890457	705
GSM6086627	F2	CORE	T_NK_cytotoxic	0.21915629560834546	705
GSM6086627	F2	CORE	B_plasma	0.12280172390064151	705
GSM6086627	F2	EXTENDED	keratinocyte_basal	0.42622607627379283	705
GSM6086627	F2	EXTENDED	keratinocyte_spinous_suprabasal	0.23933959045591036	705
GSM6086627	F2	EXTENDED	keratinocyte_inflammatory_T17	0.17249260408533237	705
GSM6086627	F2	EXTENDED	keratinocyte_stress_hypoxia	0.496818754014577	705
GSM6086627	F2	EXTENDED	fibroblast_matrix	0.31115217212626944	705
GSM6086627	F2	EXTENDED	fibroblast_inflammatory	0.40890451946840695	705
GSM6086627	F2	EXTENDED	endothelial_vascular	0.33590007582961967	705
GSM6086627	F2	EXTENDED	myeloid_dendritic	0.3612875189496081	705
GSM6086627	F2	EXTENDED	T_NK_cytotoxic	0.2138208980070553	705
GSM6086627	F2	EXTENDED	B_plasma	0.12330683579366063	705
GSM6086627	F6	CORE	keratinocyte_basal	0.42435069141552473	705
GSM6086627	F6	CORE	keratinocyte_spinous_suprabasal	0.27913659166146915	705
GSM6086627	F6	CORE	keratinocyte_inflammatory_T17	0.2161722032806767	705
GSM6086627	F6	CORE	keratinocyte_stress_hypoxia	0.4853432720872715	705
GSM6086627	F6	CORE	fibroblast_matrix	0.1096639242006194	705
GSM6086627	F6	CORE	fibroblast_inflammatory	0.3244709389542311	705
GSM6086627	F6	CORE	endothelial_vascular	0.31187922924082107	705
GSM6086627	F6	CORE	myeloid_dendritic	0.36818685815668684	705
GSM6086627	F6	CORE	T_NK_cytotoxic	0.22954187950445132	705
GSM6086627	F6	CORE	B_plasma	0.11397880044799298	705
GSM6086627	F6	EXTENDED	keratinocyte_basal	0.46535100465713236	705
GSM6086627	F6	EXTENDED	keratinocyte_spinous_suprabasal	0.3094298937806538	705
GSM6086627	F6	EXTENDED	keratinocyte_inflammatory_T17	0.24297654597110044	705
GSM6086627	F6	EXTENDED	keratinocyte_stress_hypoxia	0.4991979308356123	705
GSM6086627	F6	EXTENDED	fibroblast_matrix	0.13487361815241855	705
GSM6086627	F6	EXTENDED	fibroblast_inflammatory	0.387225771808594	705
GSM6086627	F6	EXTENDED	endothelial_vascular	0.3011732804441412	705
GSM6086627	F6	EXTENDED	myeloid_dendritic	0.37164675461069574	705
GSM6086627	F6	EXTENDED	T_NK_cytotoxic	0.22926158666948268	705
GSM6086627	F6	EXTENDED	B_plasma	0.12045730898439934	705
GSM6086627	F7	CORE	keratinocyte_basal	0.4536032426090793	705
GSM6086627	F7	CORE	keratinocyte_spinous_suprabasal	0.29686771058038447	705
GSM6086627	F7	CORE	keratinocyte_inflammatory_T17	0.24844164588659995	705
GSM6086627	F7	CORE	keratinocyte_stress_hypoxia	0.47806933125860623	705
GSM6086627	F7	CORE	fibroblast_matrix	0.13156919089712435	705
GSM6086627	F7	CORE	fibroblast_inflammatory	0.4074560773988365	705
GSM6086627	F7	CORE	endothelial_vascular	0.30501149299903946	705
GSM6086627	F7	CORE	myeloid_dendritic	0.36821325924681303	705
GSM6086627	F7	CORE	T_NK_cytotoxic	0.23096665946213174	705
GSM6086627	F7	CORE	B_plasma	0.1210386715132993	705
GSM6086627	F7	EXTENDED	keratinocyte_basal	0.45456478072530143	705
GSM6086627	F7	EXTENDED	keratinocyte_spinous_suprabasal	0.3068452856878031	705
GSM6086627	F7	EXTENDED	keratinocyte_inflammatory_T17	0.25342930929638624	705
GSM6086627	F7	EXTENDED	keratinocyte_stress_hypoxia	0.4925303798641499	705
GSM6086627	F7	EXTENDED	fibroblast_matrix	0.13759753964633228	705
GSM6086627	F7	EXTENDED	fibroblast_inflammatory	0.40953503144175396	705
GSM6086627	F7	EXTENDED	endothelial_vascular	0.31038710367562483	705
GSM6086627	F7	EXTENDED	myeloid_dendritic	0.36815255388477475	705
GSM6086627	F7	EXTENDED	T_NK_cytotoxic	0.23200025703026028	705
GSM6086627	F7	EXTENDED	B_plasma	0.12154100644914141	705
GSM6086628	F1	CORE	keratinocyte_basal	0.5778757959119959	1122
GSM6086628	F1	CORE	keratinocyte_spinous_suprabasal	0.38240713042081637	1122
GSM6086628	F1	CORE	keratinocyte_inflammatory_T17	0.2538312598525118	1122
GSM6086628	F1	CORE	keratinocyte_stress_hypoxia	0.62544071643725	1122
GSM6086628	F1	CORE	fibroblast_matrix	-0.2260952212408871	1122
GSM6086628	F1	CORE	fibroblast_inflammatory	0.28820794572640257	1122
GSM6086628	F1	CORE	endothelial_vascular	0.3739841745076674	1122
GSM6086628	F1	CORE	myeloid_dendritic	0.5313064567085239	1122
GSM6086628	F1	CORE	T_NK_cytotoxic	0.4921291047678395	1122
GSM6086628	F1	CORE	B_plasma	0.1884567644869955	1122
GSM6086628	F1	EXTENDED	keratinocyte_basal	0.5800371857119168	1122
GSM6086628	F1	EXTENDED	keratinocyte_spinous_suprabasal	0.3841274146174605	1122
GSM6086628	F1	EXTENDED	keratinocyte_inflammatory_T17	0.2746074780202659	1122
GSM6086628	F1	EXTENDED	keratinocyte_stress_hypoxia	0.6437603798278658	1122
GSM6086628	F1	EXTENDED	fibroblast_matrix	-0.1522818200909853	1122
GSM6086628	F1	EXTENDED	fibroblast_inflammatory	0.33754126008206886	1122
GSM6086628	F1	EXTENDED	endothelial_vascular	0.40274676956067146	1122
GSM6086628	F1	EXTENDED	myeloid_dendritic	0.5591869550949421	1122
GSM6086628	F1	EXTENDED	T_NK_cytotoxic	0.5042879909627902	1122
GSM6086628	F1	EXTENDED	B_plasma	0.19876069516464126	1122
GSM6086628	F2	CORE	keratinocyte_basal	0.5494757293185139	1122
GSM6086628	F2	CORE	keratinocyte_spinous_suprabasal	0.36045271105369375	1122
GSM6086628	F2	CORE	keratinocyte_inflammatory_T17	0.2678000260977492	1122
GSM6086628	F2	CORE	keratinocyte_stress_hypoxia	0.635734497961291	1122
GSM6086628	F2	CORE	fibroblast_matrix	-0.07455861163635512	1122
GSM6086628	F2	CORE	fibroblast_inflammatory	0.36206220534894845	1122
GSM6086628	F2	CORE	endothelial_vascular	0.4292060068587398	1122
GSM6086628	F2	CORE	myeloid_dendritic	0.5866358885828948	1122
GSM6086628	F2	CORE	T_NK_cytotoxic	0.5154266974244345	1122
GSM6086628	F2	CORE	B_plasma	0.21415093829759033	1122
GSM6086628	F2	EXTENDED	keratinocyte_basal	0.5690195740575085	1122
GSM6086628	F2	EXTENDED	keratinocyte_spinous_suprabasal	0.35344928984923474	1122
GSM6086628	F2	EXTENDED	keratinocyte_inflammatory_T17	0.2472946397469495	1122
GSM6086628	F2	EXTENDED	keratinocyte_stress_hypoxia	0.6455686989925802	1122
GSM6086628	F2	EXTENDED	fibroblast_matrix	-0.07066470655859448	1122
GSM6086628	F2	EXTENDED	fibroblast_inflammatory	0.35866930157832155	1122
GSM6086628	F2	EXTENDED	endothelial_vascular	0.42281088766196995	1122
GSM6086628	F2	EXTENDED	myeloid_dendritic	0.5765497169796059	1122
GSM6086628	F2	EXTENDED	T_NK_cytotoxic	0.4999716011080274	1122
GSM6086628	F2	EXTENDED	B_plasma	0.20995948456648433	1122
GSM6086628	F6	CORE	keratinocyte_basal	0.5618108048050499	1122
GSM6086628	F6	CORE	keratinocyte_spinous_suprabasal	0.3983042846631149	1122
GSM6086628	F6	CORE	keratinocyte_inflammatory_T17	0.29738894817556905	1122
GSM6086628	F6	CORE	keratinocyte_stress_hypoxia	0.6328076400688393	1122
GSM6086628	F6	CORE	fibroblast_matrix	-0.2111733495642293	1122
GSM6086628	F6	CORE	fibroblast_inflammatory	0.33013141004141516	1122
GSM6086628	F6	CORE	endothelial_vascular	0.3894923947060247	1122
GSM6086628	F6	CORE	myeloid_dendritic	0.5820913729467506	1122
GSM6086628	F6	CORE	T_NK_cytotoxic	0.5147243839913201	1122
GSM6086628	F6	CORE	B_plasma	0.20438749062038036	1122
GSM6086628	F6	EXTENDED	keratinocyte_basal	0.5813947371198073	1122
GSM6086628	F6	EXTENDED	keratinocyte_spinous_suprabasal	0.3912258518093342	1122
GSM6086628	F6	EXTENDED	keratinocyte_inflammatory_T17	0.3059142234949862	1122
GSM6086628	F6	EXTENDED	keratinocyte_stress_hypoxia	0.6427967782443638	1122
GSM6086628	F6	EXTENDED	fibroblast_matrix	-0.17146785242982096	1122
GSM6086628	F6	EXTENDED	fibroblast_inflammatory	0.3484160198047602	1122
GSM6086628	F6	EXTENDED	endothelial_vascular	0.408271220441075	1122
GSM6086628	F6	EXTENDED	myeloid_dendritic	0.5827720225725438	1122
GSM6086628	F6	EXTENDED	T_NK_cytotoxic	0.5191222837118751	1122
GSM6086628	F6	EXTENDED	B_plasma	0.20523703060122642	1122
GSM6086628	F7	CORE	keratinocyte_basal	0.5990171519805354	1122
GSM6086628	F7	CORE	keratinocyte_spinous_suprabasal	0.3734896756105541	1122
GSM6086628	F7	CORE	keratinocyte_inflammatory_T17	0.24950855390669005	1122
GSM6086628	F7	CORE	keratinocyte_stress_hypoxia	0.6213652255985322	1122
GSM6086628	F7	CORE	fibroblast_matrix	-0.18233614741086127	1122
GSM6086628	F7	CORE	fibroblast_inflammatory	0.32937041525438804	1122
GSM6086628	F7	CORE	endothelial_vascular	0.42293150239538	1122
GSM6086628	F7	CORE	myeloid_dendritic	0.5632587625847935	1122
GSM6086628	F7	CORE	T_NK_cytotoxic	0.48885589768428	1122
GSM6086628	F7	CORE	B_plasma	0.19634712352386183	1122
GSM6086628	F7	EXTENDED	keratinocyte_basal	0.5982845127367272	1122
GSM6086628	F7	EXTENDED	keratinocyte_spinous_suprabasal	0.38267103916429923	1122
GSM6086628	F7	EXTENDED	keratinocyte_inflammatory_T17	0.2706847552742077	1122
GSM6086628	F7	EXTENDED	keratinocyte_stress_hypoxia	0.6362607486624712	1122
GSM6086628	F7	EXTENDED	fibroblast_matrix	-0.18059383430551207	1122
GSM6086628	F7	EXTENDED	fibroblast_inflammatory	0.335311991715774	1122
GSM6086628	F7	EXTENDED	endothelial_vascular	0.4257371052788441	1122
GSM6086628	F7	EXTENDED	myeloid_dendritic	0.5747448009911997	1122
GSM6086628	F7	EXTENDED	T_NK_cytotoxic	0.5004489600977868	1122
GSM6086628	F7	EXTENDED	B_plasma	0.20146577146025169	1122
GSM6086629	F1	CORE	keratinocyte_basal	0.5164965379472352	763
GSM6086629	F1	CORE	keratinocyte_spinous_suprabasal	0.30942337020882177	763
GSM6086629	F1	CORE	keratinocyte_inflammatory_T17	0.42276212245930883	763
GSM6086629	F1	CORE	keratinocyte_stress_hypoxia	0.6392763725735547	763
GSM6086629	F1	CORE	fibroblast_matrix	0.08717785349755024	763
GSM6086629	F1	CORE	fibroblast_inflammatory	0.3575821533027646	763
GSM6086629	F1	CORE	endothelial_vascular	0.39386898758437605	763
GSM6086629	F1	CORE	myeloid_dendritic	0.5613217307306857	763
GSM6086629	F1	CORE	T_NK_cytotoxic	0.28279247321695705	763
GSM6086629	F1	CORE	B_plasma	0.18794413879217078	763
GSM6086629	F1	EXTENDED	keratinocyte_basal	0.552106789385034	763
GSM6086629	F1	EXTENDED	keratinocyte_spinous_suprabasal	0.36072838543339736	763
GSM6086629	F1	EXTENDED	keratinocyte_inflammatory_T17	0.4282701109068275	763
GSM6086629	F1	EXTENDED	keratinocyte_stress_hypoxia	0.6555270938087276	763
GSM6086629	F1	EXTENDED	fibroblast_matrix	0.15438406844556696	763
GSM6086629	F1	EXTENDED	fibroblast_inflammatory	0.40367518664396645	763
GSM6086629	F1	EXTENDED	endothelial_vascular	0.4270038365295044	763
GSM6086629	F1	EXTENDED	myeloid_dendritic	0.5817804371647768	763
GSM6086629	F1	EXTENDED	T_NK_cytotoxic	0.28713620055094485	763
GSM6086629	F1	EXTENDED	B_plasma	0.19948276712111812	763
GSM6086629	F2	CORE	keratinocyte_basal	0.5663582150644124	763
GSM6086629	F2	CORE	keratinocyte_spinous_suprabasal	0.4037454055845058	763
GSM6086629	F2	CORE	keratinocyte_inflammatory_T17	0.406935033320642	763
GSM6086629	F2	CORE	keratinocyte_stress_hypoxia	0.6332649368493211	763
GSM6086629	F2	CORE	fibroblast_matrix	0.23609351376055351	763
GSM6086629	F2	CORE	fibroblast_inflammatory	0.4486225300471999	763
GSM6086629	F2	CORE	endothelial_vascular	0.4460702236302316	763
GSM6086629	F2	CORE	myeloid_dendritic	0.6023599425348006	763
GSM6086629	F2	CORE	T_NK_cytotoxic	0.30552498121430904	763
GSM6086629	F2	CORE	B_plasma	0.2059000571923803	763
GSM6086629	F2	EXTENDED	keratinocyte_basal	0.5673294330078864	763
GSM6086629	F2	EXTENDED	keratinocyte_spinous_suprabasal	0.40125505463692884	763
GSM6086629	F2	EXTENDED	keratinocyte_inflammatory_T17	0.3958232814043895	763
GSM6086629	F2	EXTENDED	keratinocyte_stress_hypoxia	0.6506680859629635	763
GSM6086629	F2	EXTENDED	fibroblast_matrix	0.2290000849402727	763
GSM6086629	F2	EXTENDED	fibroblast_inflammatory	0.44700112190915997	763
GSM6086629	F2	EXTENDED	endothelial_vascular	0.43670652199555754	763
GSM6086629	F2	EXTENDED	myeloid_dendritic	0.5919384136185771	763
GSM6086629	F2	EXTENDED	T_NK_cytotoxic	0.3021228511160201	763
GSM6086629	F2	EXTENDED	B_plasma	0.1994905957838671	763
GSM6086629	F6	CORE	keratinocyte_basal	0.5291539246410056	763
GSM6086629	F6	CORE	keratinocyte_spinous_suprabasal	0.3824100052885458	763
GSM6086629	F6	CORE	keratinocyte_inflammatory_T17	0.4256006913070235	763
GSM6086629	F6	CORE	keratinocyte_stress_hypoxia	0.615728957672029	763
GSM6086629	F6	CORE	fibroblast_matrix	0.14327510247368244	763
GSM6086629	F6	CORE	fibroblast_inflammatory	0.4016266324380636	763
GSM6086629	F6	CORE	endothelial_vascular	0.4086284463755923	763
GSM6086629	F6	CORE	myeloid_dendritic	0.5924282767180394	763
GSM6086629	F6	CORE	T_NK_cytotoxic	0.2920018575058053	763
GSM6086629	F6	CORE	B_plasma	0.19781828324334894	763
GSM6086629	F6	EXTENDED	keratinocyte_basal	0.5709351875740151	763
GSM6086629	F6	EXTENDED	keratinocyte_spinous_suprabasal	0.4109010030030472	763
GSM6086629	F6	EXTENDED	keratinocyte_inflammatory_T17	0.42111155858408006	763
GSM6086629	F6	EXTENDED	keratinocyte_stress_hypoxia	0.6440746382842265	763
GSM6086629	F6	EXTENDED	fibroblast_matrix	0.16442532717439984	763
GSM6086629	F6	EXTENDED	fibroblast_inflammatory	0.43902667657372524	763
GSM6086629	F6	EXTENDED	endothelial_vascular	0.4278220912202552	763
GSM6086629	F6	EXTENDED	myeloid_dendritic	0.6064419269087344	763
GSM6086629	F6	EXTENDED	T_NK_cytotoxic	0.307635552451952	763
GSM6086629	F6	EXTENDED	B_plasma	0.2093527565097533	763
GSM6086629	F7	CORE	keratinocyte_basal	0.5545925111016886	763
GSM6086629	F7	CORE	keratinocyte_spinous_suprabasal	0.3707842494917741	763
GSM6086629	F7	CORE	keratinocyte_inflammatory_T17	0.40175041094519864	763
GSM6086629	F7	CORE	keratinocyte_stress_hypoxia	0.6383950176479734	763
GSM6086629	F7	CORE	fibroblast_matrix	0.17217122315174352	763
GSM6086629	F7	CORE	fibroblast_inflammatory	0.42582612745318	763
GSM6086629	F7	CORE	endothelial_vascular	0.43117053568268937	763
GSM6086629	F7	CORE	myeloid_dendritic	0.5933889437461287	763
GSM6086629	F7	CORE	T_NK_cytotoxic	0.29827237503960974	763
GSM6086629	F7	CORE	B_plasma	0.2099442648186614	763
GSM6086629	F7	EXTENDED	keratinocyte_basal	0.5614982882409991	763
GSM6086629	F7	EXTENDED	keratinocyte_spinous_suprabasal	0.3714443230999233	763
GSM6086629	F7	EXTENDED	keratinocyte_inflammatory_T17	0.4128812086743896	763
GSM6086629	F7	EXTENDED	keratinocyte_stress_hypoxia	0.6482080128833985	763
GSM6086629	F7	EXTENDED	fibroblast_matrix	0.1679004296998965	763
GSM6086629	F7	EXTENDED	fibroblast_inflammatory	0.42350427635712135	763
GSM6086629	F7	EXTENDED	endothelial_vascular	0.43156719173877167	763
GSM6086629	F7	EXTENDED	myeloid_dendritic	0.5970445355175379	763
GSM6086629	F7	EXTENDED	T_NK_cytotoxic	0.30129786193696084	763
GSM6086629	F7	EXTENDED	B_plasma	0.2057627395818168	763
GSM6086630	F1	CORE	keratinocyte_basal	0.42887598012708134	983
GSM6086630	F1	CORE	keratinocyte_spinous_suprabasal	0.275314284757436	983
GSM6086630	F1	CORE	keratinocyte_inflammatory_T17	0.22129177249450846	983
GSM6086630	F1	CORE	keratinocyte_stress_hypoxia	0.5286205302415528	983
GSM6086630	F1	CORE	fibroblast_matrix	-0.07606803753362483	983
GSM6086630	F1	CORE	fibroblast_inflammatory	0.37887635347663856	983
GSM6086630	F1	CORE	endothelial_vascular	0.5162275908473414	983
GSM6086630	F1	CORE	myeloid_dendritic	0.4824793078842811	983
GSM6086630	F1	CORE	T_NK_cytotoxic	0.41887879215811746	983
GSM6086630	F1	CORE	B_plasma	0.23892868543444393	983
GSM6086630	F1	EXTENDED	keratinocyte_basal	0.43147457353516655	983
GSM6086630	F1	EXTENDED	keratinocyte_spinous_suprabasal	0.2964588793867051	983
GSM6086630	F1	EXTENDED	keratinocyte_inflammatory_T17	0.23771280563984437	983
GSM6086630	F1	EXTENDED	keratinocyte_stress_hypoxia	0.5515825656688909	983
GSM6086630	F1	EXTENDED	fibroblast_matrix	0.017536204767254586	983
GSM6086630	F1	EXTENDED	fibroblast_inflammatory	0.43922857786845837	983
GSM6086630	F1	EXTENDED	endothelial_vascular	0.5352290576565598	983
GSM6086630	F1	EXTENDED	myeloid_dendritic	0.5093357981055473	983
GSM6086630	F1	EXTENDED	T_NK_cytotoxic	0.422111468993327	983
GSM6086630	F1	EXTENDED	B_plasma	0.25232515027128366	983
GSM6086630	F2	CORE	keratinocyte_basal	0.4090076743333862	983
GSM6086630	F2	CORE	keratinocyte_spinous_suprabasal	0.2940198504878886	983
GSM6086630	F2	CORE	keratinocyte_inflammatory_T17	0.2519885029499845	983
GSM6086630	F2	CORE	keratinocyte_stress_hypoxia	0.5429255453509855	983
GSM6086630	F2	CORE	fibroblast_matrix	0.06071888450176691	983
GSM6086630	F2	CORE	fibroblast_inflammatory	0.4664452556379857	983
GSM6086630	F2	CORE	endothelial_vascular	0.5560153570580115	983
GSM6086630	F2	CORE	myeloid_dendritic	0.5173619593219247	983
GSM6086630	F2	CORE	T_NK_cytotoxic	0.4127176643566198	983
GSM6086630	F2	CORE	B_plasma	0.26835328749281434	983
GSM6086630	F2	EXTENDED	keratinocyte_basal	0.410840273032672	983
GSM6086630	F2	EXTENDED	keratinocyte_spinous_suprabasal	0.2844030011674127	983
GSM6086630	F2	EXTENDED	keratinocyte_inflammatory_T17	0.2343211350193365	983
GSM6086630	F2	EXTENDED	keratinocyte_stress_hypoxia	0.5431722197630887	983
GSM6086630	F2	EXTENDED	fibroblast_matrix	0.07941078151286382	983
GSM6086630	F2	EXTENDED	fibroblast_inflammatory	0.47533570181888873	983
GSM6086630	F2	EXTENDED	endothelial_vascular	0.5577940157081567	983
GSM6086630	F2	EXTENDED	myeloid_dendritic	0.5226899424891396	983
GSM6086630	F2	EXTENDED	T_NK_cytotoxic	0.4139275585138579	983
GSM6086630	F2	EXTENDED	B_plasma	0.26719980156558976	983
GSM6086630	F6	CORE	keratinocyte_basal	0.4458412992537552	983
GSM6086630	F6	CORE	keratinocyte_spinous_suprabasal	0.31039228840441985	983
GSM6086630	F6	CORE	keratinocyte_inflammatory_T17	0.2619688761952792	983
GSM6086630	F6	CORE	keratinocyte_stress_hypoxia	0.550385934419097	983
GSM6086630	F6	CORE	fibroblast_matrix	-0.026836230095870127	983
GSM6086630	F6	CORE	fibroblast_inflammatory	0.41211631090540857	983
GSM6086630	F6	CORE	endothelial_vascular	0.5043360520921542	983
GSM6086630	F6	CORE	myeloid_dendritic	0.5027065585608373	983
GSM6086630	F6	CORE	T_NK_cytotoxic	0.4207626892226551	983
GSM6086630	F6	CORE	B_plasma	0.2446675323688207	983
GSM6086630	F6	EXTENDED	keratinocyte_basal	0.4393248388095401	983
GSM6086630	F6	EXTENDED	keratinocyte_spinous_suprabasal	0.31389051071723145	983
GSM6086630	F6	EXTENDED	keratinocyte_inflammatory_T17	0.2570922672198154	983
GSM6086630	F6	EXTENDED	keratinocyte_stress_hypoxia	0.5550016100152043	983
GSM6086630	F6	EXTENDED	fibroblast_matrix	-0.012785595693847471	983
GSM6086630	F6	EXTENDED	fibroblast_inflammatory	0.4341259978903815	983
GSM6086630	F6	EXTENDED	endothelial_vascular	0.5376587060220407	983
GSM6086630	F6	EXTENDED	myeloid_dendritic	0.5146854724478404	983
GSM6086630	F6	EXTENDED	T_NK_cytotoxic	0.42958113039785684	983
GSM6086630	F6	EXTENDED	B_plasma	0.25099664893273804	983
GSM6086630	F7	CORE	keratinocyte_basal	0.420935260009813	983
GSM6086630	F7	CORE	keratinocyte_spinous_suprabasal	0.2861307940265154	983
GSM6086630	F7	CORE	keratinocyte_inflammatory_T17	0.22024239451329294	983
GSM6086630	F7	CORE	keratinocyte_stress_hypoxia	0.5136968835781526	983
GSM6086630	F7	CORE	fibroblast_matrix	-0.04495454214252264	983
GSM6086630	F7	CORE	fibroblast_inflammatory	0.40403580591376603	983
GSM6086630	F7	CORE	endothelial_vascular	0.5612486327000628	983
GSM6086630	F7	CORE	myeloid_dendritic	0.5014062498510244	983
GSM6086630	F7	CORE	T_NK_cytotoxic	0.4096292007091546	983
GSM6086630	F7	CORE	B_plasma	0.25192613930545005	983
GSM6086630	F7	EXTENDED	keratinocyte_basal	0.43684044357190094	983
GSM6086630	F7	EXTENDED	keratinocyte_spinous_suprabasal	0.3028933565339875	983
GSM6086630	F7	EXTENDED	keratinocyte_inflammatory_T17	0.2397577917026418	983
GSM6086630	F7	EXTENDED	keratinocyte_stress_hypoxia	0.5348205129057059	983
GSM6086630	F7	EXTENDED	fibroblast_matrix	-0.030951671775331247	983
GSM6086630	F7	EXTENDED	fibroblast_inflammatory	0.4139093586766605	983
GSM6086630	F7	EXTENDED	endothelial_vascular	0.5582549946000855	983
GSM6086630	F7	EXTENDED	myeloid_dendritic	0.5124844498041272	983
GSM6086630	F7	EXTENDED	T_NK_cytotoxic	0.4246740174096717	983
GSM6086630	F7	EXTENDED	B_plasma	0.259367976970978	983
GSM6086631	F1	CORE	keratinocyte_basal	0.293206891358294	929
GSM6086631	F1	CORE	keratinocyte_spinous_suprabasal	0.24780476365712986	929
GSM6086631	F1	CORE	keratinocyte_inflammatory_T17	0.28271291522183845	929
GSM6086631	F1	CORE	keratinocyte_stress_hypoxia	0.3996909834967225	929
GSM6086631	F1	CORE	fibroblast_matrix	0.3581457979244006	929
GSM6086631	F1	CORE	fibroblast_inflammatory	0.369052971688265	929
GSM6086631	F1	CORE	endothelial_vascular	0.31591186580471814	929
GSM6086631	F1	CORE	myeloid_dendritic	0.39584035044060334	929
GSM6086631	F1	CORE	T_NK_cytotoxic	0.23314903850517765	929
GSM6086631	F1	CORE	B_plasma	0.15971989535743572	929
GSM6086631	F1	EXTENDED	keratinocyte_basal	0.29033556477465866	929
GSM6086631	F1	EXTENDED	keratinocyte_spinous_suprabasal	0.2243279745216541	929
GSM6086631	F1	EXTENDED	keratinocyte_inflammatory_T17	0.2843076862035614	929
GSM6086631	F1	EXTENDED	keratinocyte_stress_hypoxia	0.41245266214152077	929
GSM6086631	F1	EXTENDED	fibroblast_matrix	0.4447900057098561	929
GSM6086631	F1	EXTENDED	fibroblast_inflammatory	0.4202319944737827	929
GSM6086631	F1	EXTENDED	endothelial_vascular	0.3012571587353735	929
GSM6086631	F1	EXTENDED	myeloid_dendritic	0.412816458532582	929
GSM6086631	F1	EXTENDED	T_NK_cytotoxic	0.23867724935278897	929
GSM6086631	F1	EXTENDED	B_plasma	0.16274918532866972	929
GSM6086631	F2	CORE	keratinocyte_basal	0.26663568724394715	929
GSM6086631	F2	CORE	keratinocyte_spinous_suprabasal	0.18969060761486395	929
GSM6086631	F2	CORE	keratinocyte_inflammatory_T17	0.2690416373981888	929
GSM6086631	F2	CORE	keratinocyte_stress_hypoxia	0.41677421848006563	929
GSM6086631	F2	CORE	fibroblast_matrix	0.45966299661095145	929
GSM6086631	F2	CORE	fibroblast_inflammatory	0.4296916917940466	929
GSM6086631	F2	CORE	endothelial_vascular	0.3386506789602682	929
GSM6086631	F2	CORE	myeloid_dendritic	0.4161406765917386	929
GSM6086631	F2	CORE	T_NK_cytotoxic	0.23099393354229733	929
GSM6086631	F2	CORE	B_plasma	0.16704035936368275	929
GSM6086631	F2	EXTENDED	keratinocyte_basal	0.2735941213591241	929
GSM6086631	F2	EXTENDED	keratinocyte_spinous_suprabasal	0.20049752462548742	929
GSM6086631	F2	EXTENDED	keratinocyte_inflammatory_T17	0.270056384421252	929
GSM6086631	F2	EXTENDED	keratinocyte_stress_hypoxia	0.42091277003301625	929
GSM6086631	F2	EXTENDED	fibroblast_matrix	0.47919145821437936	929
GSM6086631	F2	EXTENDED	fibroblast_inflammatory	0.441484536196334	929
GSM6086631	F2	EXTENDED	endothelial_vascular	0.3325254401936302	929
GSM6086631	F2	EXTENDED	myeloid_dendritic	0.42205400301990637	929
GSM6086631	F2	EXTENDED	T_NK_cytotoxic	0.23245173842329073	929
GSM6086631	F2	EXTENDED	B_plasma	0.16569264113237678	929
GSM6086631	F6	CORE	keratinocyte_basal	0.2763612888873731	929
GSM6086631	F6	CORE	keratinocyte_spinous_suprabasal	0.22561292235302555	929
GSM6086631	F6	CORE	keratinocyte_inflammatory_T17	0.27721584201844457	929
GSM6086631	F6	CORE	keratinocyte_stress_hypoxia	0.4105827883195502	929
GSM6086631	F6	CORE	fibroblast_matrix	0.32775040835170915	929
GSM6086631	F6	CORE	fibroblast_inflammatory	0.3509701553546346	929
GSM6086631	F6	CORE	endothelial_vascular	0.2790032140725171	929
GSM6086631	F6	CORE	myeloid_dendritic	0.4100845140493491	929
GSM6086631	F6	CORE	T_NK_cytotoxic	0.224819127551499	929
GSM6086631	F6	CORE	B_plasma	0.18012979945063243	929
GSM6086631	F6	EXTENDED	keratinocyte_basal	0.30946246808252864	929
GSM6086631	F6	EXTENDED	keratinocyte_spinous_suprabasal	0.24519148135945482	929
GSM6086631	F6	EXTENDED	keratinocyte_inflammatory_T17	0.27854223550575347	929
GSM6086631	F6	EXTENDED	keratinocyte_stress_hypoxia	0.4317174941428633	929
GSM6086631	F6	EXTENDED	fibroblast_matrix	0.37037154471806505	929
GSM6086631	F6	EXTENDED	fibroblast_inflammatory	0.39625761670605164	929
GSM6086631	F6	EXTENDED	endothelial_vascular	0.2842368224933788	929
GSM6086631	F6	EXTENDED	myeloid_dendritic	0.42807280342788157	929
GSM6086631	F6	EXTENDED	T_NK_cytotoxic	0.22483323606416114	929
GSM6086631	F6	EXTENDED	B_plasma	0.170039092463317	929
GSM6086631	F7	CORE	keratinocyte_basal	0.3210129232396471	929
GSM6086631	F7	CORE	keratinocyte_spinous_suprabasal	0.2593759254631064	929
GSM6086631	F7	CORE	keratinocyte_inflammatory_T17	0.2721970466870801	929
GSM6086631	F7	CORE	keratinocyte_stress_hypoxia	0.38714957558609175	929
GSM6086631	F7	CORE	fibroblast_matrix	0.3181793572094087	929
GSM6086631	F7	CORE	fibroblast_inflammatory	0.3790321937536329	929
GSM6086631	F7	CORE	endothelial_vascular	0.34440752422231263	929
GSM6086631	F7	CORE	myeloid_dendritic	0.398133551219284	929
GSM6086631	F7	CORE	T_NK_cytotoxic	0.19280474833502811	929
GSM6086631	F7	CORE	B_plasma	0.16507719722404487	929
GSM6086631	F7	EXTENDED	keratinocyte_basal	0.3182612470327985	929
GSM6086631	F7	EXTENDED	keratinocyte_spinous_suprabasal	0.25239822245827515	929
GSM6086631	F7	EXTENDED	keratinocyte_inflammatory_T17	0.28102353491098564	929
GSM6086631	F7	EXTENDED	keratinocyte_stress_hypoxia	0.40195218286189727	929
GSM6086631	F7	EXTENDED	fibroblast_matrix	0.340679760698129	929
GSM6086631	F7	EXTENDED	fibroblast_inflammatory	0.39554887968220354	929
GSM6086631	F7	EXTENDED	endothelial_vascular	0.33831542889786725	929
GSM6086631	F7	EXTENDED	myeloid_dendritic	0.4136238475797538	929
GSM6086631	F7	EXTENDED	T_NK_cytotoxic	0.2054027183030822	929
GSM6086631	F7	EXTENDED	B_plasma	0.1705569899628943	929
GSM6086632	F1	CORE	keratinocyte_basal	0.3048528520678343	830
GSM6086632	F1	CORE	keratinocyte_spinous_suprabasal	0.1577148487379677	830
GSM6086632	F1	CORE	keratinocyte_inflammatory_T17	-0.15492178483435512	830
GSM6086632	F1	CORE	keratinocyte_stress_hypoxia	0.40950218725339027	830
GSM6086632	F1	CORE	fibroblast_matrix	-0.02974109453072875	830
GSM6086632	F1	CORE	fibroblast_inflammatory	0.11681901973644054	830
GSM6086632	F1	CORE	endothelial_vascular	0.27940893427586566	830
GSM6086632	F1	CORE	myeloid_dendritic	0.40507932533224017	830
GSM6086632	F1	CORE	T_NK_cytotoxic	0.3642801882577302	830
GSM6086632	F1	CORE	B_plasma	0.11579768701054138	830
GSM6086632	F1	EXTENDED	keratinocyte_basal	0.337897445646574	830
GSM6086632	F1	EXTENDED	keratinocyte_spinous_suprabasal	0.20712619255840015	830
GSM6086632	F1	EXTENDED	keratinocyte_inflammatory_T17	-0.12236754519613513	830
GSM6086632	F1	EXTENDED	keratinocyte_stress_hypoxia	0.44366770948904394	830
GSM6086632	F1	EXTENDED	fibroblast_matrix	0.02164316162132243	830
GSM6086632	F1	EXTENDED	fibroblast_inflammatory	0.17351351953760896	830
GSM6086632	F1	EXTENDED	endothelial_vascular	0.2849505776392006	830
GSM6086632	F1	EXTENDED	myeloid_dendritic	0.4595139725249217	830
GSM6086632	F1	EXTENDED	T_NK_cytotoxic	0.4015000188444431	830
GSM6086632	F1	EXTENDED	B_plasma	0.1423719687900809	830
GSM6086632	F2	CORE	keratinocyte_basal	0.31494376222451365	830
GSM6086632	F2	CORE	keratinocyte_spinous_suprabasal	0.22735775413488257	830
GSM6086632	F2	CORE	keratinocyte_inflammatory_T17	-0.10956780281814688	830
GSM6086632	F2	CORE	keratinocyte_stress_hypoxia	0.4674152337281604	830
GSM6086632	F2	CORE	fibroblast_matrix	0.04924755988444209	830
GSM6086632	F2	CORE	fibroblast_inflammatory	0.18335093265985858	830
GSM6086632	F2	CORE	endothelial_vascular	0.2951228702548414	830
GSM6086632	F2	CORE	myeloid_dendritic	0.4729076040503256	830
GSM6086632	F2	CORE	T_NK_cytotoxic	0.4269442189502997	830
GSM6086632	F2	CORE	B_plasma	0.15000226311435338	830
GSM6086632	F2	EXTENDED	keratinocyte_basal	0.30926618037621295	830
GSM6086632	F2	EXTENDED	keratinocyte_spinous_suprabasal	0.18767939410158754	830
GSM6086632	F2	EXTENDED	keratinocyte_inflammatory_T17	-0.14492559342594805	830
GSM6086632	F2	EXTENDED	keratinocyte_stress_hypoxia	0.4494929227191817	830
GSM6086632	F2	EXTENDED	fibroblast_matrix	0.08245250578776085	830
GSM6086632	F2	EXTENDED	fibroblast_inflammatory	0.1977764282363881	830
GSM6086632	F2	EXTENDED	endothelial_vascular	0.30960804337425796	830
GSM6086632	F2	EXTENDED	myeloid_dendritic	0.4597623123071603	830
GSM6086632	F2	EXTENDED	T_NK_cytotoxic	0.4084062086229878	830
GSM6086632	F2	EXTENDED	B_plasma	0.13941300349756078	830
GSM6086632	F6	CORE	keratinocyte_basal	0.31742385968818426	830
GSM6086632	F6	CORE	keratinocyte_spinous_suprabasal	0.258077491090524	830
GSM6086632	F6	CORE	keratinocyte_inflammatory_T17	-0.05122811234431281	830
GSM6086632	F6	CORE	keratinocyte_stress_hypoxia	0.48048940555643677	830
GSM6086632	F6	CORE	fibroblast_matrix	-0.027738340477188792	830
GSM6086632	F6	CORE	fibroblast_inflammatory	0.11554431184542167	830
GSM6086632	F6	CORE	endothelial_vascular	0.2580392433932107	830
GSM6086632	F6	CORE	myeloid_dendritic	0.43058262302780453	830
GSM6086632	F6	CORE	T_NK_cytotoxic	0.4167920959902111	830
GSM6086632	F6	CORE	B_plasma	0.12271132998381713	830
GSM6086632	F6	EXTENDED	keratinocyte_basal	0.3355449381585663	830
GSM6086632	F6	EXTENDED	keratinocyte_spinous_suprabasal	0.24110647003448155	830
GSM6086632	F6	EXTENDED	keratinocyte_inflammatory_T17	-0.11190947483042481	830
GSM6086632	F6	EXTENDED	keratinocyte_stress_hypoxia	0.4559444401463384	830
GSM6086632	F6	EXTENDED	fibroblast_matrix	-0.014438621828623403	830
GSM6086632	F6	EXTENDED	fibroblast_inflammatory	0.14488723694669514	830
GSM6086632	F6	EXTENDED	endothelial_vascular	0.26662521317680576	830
GSM6086632	F6	EXTENDED	myeloid_dendritic	0.46153417694534	830
GSM6086632	F6	EXTENDED	T_NK_cytotoxic	0.4171550581815724	830
GSM6086632	F6	EXTENDED	B_plasma	0.14149223539634692	830
GSM6086632	F7	CORE	keratinocyte_basal	0.31611536571395404	830
GSM6086632	F7	CORE	keratinocyte_spinous_suprabasal	0.1468107021249304	830
GSM6086632	F7	CORE	keratinocyte_inflammatory_T17	-0.2338116887297222	830
GSM6086632	F7	CORE	keratinocyte_stress_hypoxia	0.3636572821842551	830
GSM6086632	F7	CORE	fibroblast_matrix	-0.014585409521693743	830
GSM6086632	F7	CORE	fibroblast_inflammatory	0.16945253136466473	830
GSM6086632	F7	CORE	endothelial_vascular	0.26199354627653326	830
GSM6086632	F7	CORE	myeloid_dendritic	0.4276804428960816	830
GSM6086632	F7	CORE	T_NK_cytotoxic	0.36409213568075666	830
GSM6086632	F7	CORE	B_plasma	0.10416732786681872	830
GSM6086632	F7	EXTENDED	keratinocyte_basal	0.3371069209458359	830
GSM6086632	F7	EXTENDED	keratinocyte_spinous_suprabasal	0.1966394537479432	830
GSM6086632	F7	EXTENDED	keratinocyte_inflammatory_T17	-0.16717100030593604	830
GSM6086632	F7	EXTENDED	keratinocyte_stress_hypoxia	0.4219751753240589	830
GSM6086632	F7	EXTENDED	fibroblast_matrix	-0.029526165528506648	830
GSM6086632	F7	EXTENDED	fibroblast_inflammatory	0.14976466130531385	830
GSM6086632	F7	EXTENDED	endothelial_vascular	0.2719514861210009	830
GSM6086632	F7	EXTENDED	myeloid_dendritic	0.4480619557344297	830
GSM6086632	F7	EXTENDED	T_NK_cytotoxic	0.39501710887083047	830
GSM6086632	F7	EXTENDED	B_plasma	0.12822854746656762	830
GSM6086633	F1	CORE	keratinocyte_basal	0.3819286796731382	955
GSM6086633	F1	CORE	keratinocyte_spinous_suprabasal	0.1770721351763386	955
GSM6086633	F1	CORE	keratinocyte_inflammatory_T17	0.2601056126091652	955
GSM6086633	F1	CORE	keratinocyte_stress_hypoxia	0.4428669597607491	955
GSM6086633	F1	CORE	fibroblast_matrix	0.02986483179271446	955
GSM6086633	F1	CORE	fibroblast_inflammatory	0.1655746510096424	955
GSM6086633	F1	CORE	endothelial_vascular	0.2303489814204074	955
GSM6086633	F1	CORE	myeloid_dendritic	0.3744257293624388	955
GSM6086633	F1	CORE	T_NK_cytotoxic	0.14462718089921742	955
GSM6086633	F1	CORE	B_plasma	0.06457588000415057	955
GSM6086633	F1	EXTENDED	keratinocyte_basal	0.39665409871997714	955
GSM6086633	F1	EXTENDED	keratinocyte_spinous_suprabasal	0.22491426937658637	955
GSM6086633	F1	EXTENDED	keratinocyte_inflammatory_T17	0.2901782437304376	955
GSM6086633	F1	EXTENDED	keratinocyte_stress_hypoxia	0.4601090115037807	955
GSM6086633	F1	EXTENDED	fibroblast_matrix	0.142477169691545	955
GSM6086633	F1	EXTENDED	fibroblast_inflammatory	0.20891461757690732	955
GSM6086633	F1	EXTENDED	endothelial_vascular	0.2652978113961984	955
GSM6086633	F1	EXTENDED	myeloid_dendritic	0.4166611663059035	955
GSM6086633	F1	EXTENDED	T_NK_cytotoxic	0.16014577518763273	955
GSM6086633	F1	EXTENDED	B_plasma	0.0733435982539701	955
GSM6086633	F2	CORE	keratinocyte_basal	0.3786111118401047	955
GSM6086633	F2	CORE	keratinocyte_spinous_suprabasal	0.23738833300862877	955
GSM6086633	F2	CORE	keratinocyte_inflammatory_T17	0.23389601280725583	955
GSM6086633	F2	CORE	keratinocyte_stress_hypoxia	0.4560786761904993	955
GSM6086633	F2	CORE	fibroblast_matrix	0.23704010551939458	955
GSM6086633	F2	CORE	fibroblast_inflammatory	0.24840734970248915	955
GSM6086633	F2	CORE	endothelial_vascular	0.2842468083259897	955
GSM6086633	F2	CORE	myeloid_dendritic	0.44107168521537854	955
GSM6086633	F2	CORE	T_NK_cytotoxic	0.17922398926258282	955
GSM6086633	F2	CORE	B_plasma	0.08708729481734825	955
GSM6086633	F2	EXTENDED	keratinocyte_basal	0.36946700862397625	955
GSM6086633	F2	EXTENDED	keratinocyte_spinous_suprabasal	0.24571430473231579	955
GSM6086633	F2	EXTENDED	keratinocyte_inflammatory_T17	0.22829673685710367	955
GSM6086633	F2	EXTENDED	keratinocyte_stress_hypoxia	0.45994119523994365	955
GSM6086633	F2	EXTENDED	fibroblast_matrix	0.2851346758366369	955
GSM6086633	F2	EXTENDED	fibroblast_inflammatory	0.2754254444453832	955
GSM6086633	F2	EXTENDED	endothelial_vascular	0.2807419655743486	955
GSM6086633	F2	EXTENDED	myeloid_dendritic	0.4366023478931776	955
GSM6086633	F2	EXTENDED	T_NK_cytotoxic	0.1769025908742604	955
GSM6086633	F2	EXTENDED	B_plasma	0.08716557735410518	955
GSM6086633	F6	CORE	keratinocyte_basal	0.403467534708547	955
GSM6086633	F6	CORE	keratinocyte_spinous_suprabasal	0.1992997128871103	955
GSM6086633	F6	CORE	keratinocyte_inflammatory_T17	0.26155110164511397	955
GSM6086633	F6	CORE	keratinocyte_stress_hypoxia	0.4680022042722971	955
GSM6086633	F6	CORE	fibroblast_matrix	0.05489301311659592	955
GSM6086633	F6	CORE	fibroblast_inflammatory	0.1740031433245855	955
GSM6086633	F6	CORE	endothelial_vascular	0.2500606702081629	955
GSM6086633	F6	CORE	myeloid_dendritic	0.40721700265751837	955
GSM6086633	F6	CORE	T_NK_cytotoxic	0.15298757928647097	955
GSM6086633	F6	CORE	B_plasma	0.06392770315860262	955
GSM6086633	F6	EXTENDED	keratinocyte_basal	0.41226596435996427	955
GSM6086633	F6	EXTENDED	keratinocyte_spinous_suprabasal	0.22494546293666495	955
GSM6086633	F6	EXTENDED	keratinocyte_inflammatory_T17	0.29931574655271315	955
GSM6086633	F6	EXTENDED	keratinocyte_stress_hypoxia	0.4703503475164756	955
GSM6086633	F6	EXTENDED	fibroblast_matrix	0.09360712134994312	955
GSM6086633	F6	EXTENDED	fibroblast_inflammatory	0.18785548660599208	955
GSM6086633	F6	EXTENDED	endothelial_vascular	0.26298487127519055	955
GSM6086633	F6	EXTENDED	myeloid_dendritic	0.41975897827680336	955
GSM6086633	F6	EXTENDED	T_NK_cytotoxic	0.16290485042908937	955
GSM6086633	F6	EXTENDED	B_plasma	0.07877218118778792	955
GSM6086633	F7	CORE	keratinocyte_basal	0.41345548545830163	955
GSM6086633	F7	CORE	keratinocyte_spinous_suprabasal	0.2079604945785774	955
GSM6086633	F7	CORE	keratinocyte_inflammatory_T17	0.30208138789144545	955
GSM6086633	F7	CORE	keratinocyte_stress_hypoxia	0.45475474095440394	955
GSM6086633	F7	CORE	fibroblast_matrix	0.018610988027638928	955
GSM6086633	F7	CORE	fibroblast_inflammatory	0.15704493298038635	955
GSM6086633	F7	CORE	endothelial_vascular	0.27772962427325315	955
GSM6086633	F7	CORE	myeloid_dendritic	0.41066167317647956	955
GSM6086633	F7	CORE	T_NK_cytotoxic	0.1433182221390452	955
GSM6086633	F7	CORE	B_plasma	0.06776586288058176	955
GSM6086633	F7	EXTENDED	keratinocyte_basal	0.4192472331509849	955
GSM6086633	F7	EXTENDED	keratinocyte_spinous_suprabasal	0.2134492881249586	955
GSM6086633	F7	EXTENDED	keratinocyte_inflammatory_T17	0.3092162030024946	955
GSM6086633	F7	EXTENDED	keratinocyte_stress_hypoxia	0.4669776571094588	955
GSM6086633	F7	EXTENDED	fibroblast_matrix	0.03275325431174273	955
GSM6086633	F7	EXTENDED	fibroblast_inflammatory	0.16552189509842707	955
GSM6086633	F7	EXTENDED	endothelial_vascular	0.2809308826986447	955
GSM6086633	F7	EXTENDED	myeloid_dendritic	0.4180437905682839	955
GSM6086633	F7	EXTENDED	T_NK_cytotoxic	0.1448926246362689	955
GSM6086633	F7	EXTENDED	B_plasma	0.07270588095818935	955
GSM6086634	F1	CORE	keratinocyte_basal	0.4650199000793668	654
GSM6086634	F1	CORE	keratinocyte_spinous_suprabasal	0.37490941301176	654
GSM6086634	F1	CORE	keratinocyte_inflammatory_T17	0.32665837782961665	654
GSM6086634	F1	CORE	keratinocyte_stress_hypoxia	0.5572483381162981	654
GSM6086634	F1	CORE	fibroblast_matrix	-0.44059556947873674	654
GSM6086634	F1	CORE	fibroblast_inflammatory	0.03337929754922327	654
GSM6086634	F1	CORE	endothelial_vascular	0.31349991822498474	654
GSM6086634	F1	CORE	myeloid_dendritic	0.42337039321181325	654
GSM6086634	F1	CORE	T_NK_cytotoxic	0.45404776956665005	654
GSM6086634	F1	CORE	B_plasma	0.28845307659157254	654
GSM6086634	F1	EXTENDED	keratinocyte_basal	0.4933504500241515	654
GSM6086634	F1	EXTENDED	keratinocyte_spinous_suprabasal	0.40550997970139346	654
GSM6086634	F1	EXTENDED	keratinocyte_inflammatory_T17	0.3464005816271167	654
GSM6086634	F1	EXTENDED	keratinocyte_stress_hypoxia	0.5835571194869564	654
GSM6086634	F1	EXTENDED	fibroblast_matrix	-0.3733044121282536	654
GSM6086634	F1	EXTENDED	fibroblast_inflammatory	0.0721344131866259	654
GSM6086634	F1	EXTENDED	endothelial_vascular	0.31076618402829115	654
GSM6086634	F1	EXTENDED	myeloid_dendritic	0.4551125640938078	654
GSM6086634	F1	EXTENDED	T_NK_cytotoxic	0.4661226762344885	654
GSM6086634	F1	EXTENDED	B_plasma	0.30845494427834813	654
GSM6086634	F2	CORE	keratinocyte_basal	0.4654226249146243	654
GSM6086634	F2	CORE	keratinocyte_spinous_suprabasal	0.3820378201775195	654
GSM6086634	F2	CORE	keratinocyte_inflammatory_T17	0.31599878895607736	654
GSM6086634	F2	CORE	keratinocyte_stress_hypoxia	0.554546266963068	654
GSM6086634	F2	CORE	fibroblast_matrix	-0.30111223661907877	654
GSM6086634	F2	CORE	fibroblast_inflammatory	0.12919540235239366	654
GSM6086634	F2	CORE	endothelial_vascular	0.34155722939407146	654
GSM6086634	F2	CORE	myeloid_dendritic	0.47928848148840025	654
GSM6086634	F2	CORE	T_NK_cytotoxic	0.4840365556082944	654
GSM6086634	F2	CORE	B_plasma	0.3356026962473861	654
GSM6086634	F2	EXTENDED	keratinocyte_basal	0.465094160179482	654
GSM6086634	F2	EXTENDED	keratinocyte_spinous_suprabasal	0.3738016273976838	654
GSM6086634	F2	EXTENDED	keratinocyte_inflammatory_T17	0.30163725802582037	654
GSM6086634	F2	EXTENDED	keratinocyte_stress_hypoxia	0.5551466297444007	654
GSM6086634	F2	EXTENDED	fibroblast_matrix	-0.28727218518294756	654
GSM6086634	F2	EXTENDED	fibroblast_inflammatory	0.14333560729696926	654
GSM6086634	F2	EXTENDED	endothelial_vascular	0.3454574675555171	654
GSM6086634	F2	EXTENDED	myeloid_dendritic	0.4779612797796621	654
GSM6086634	F2	EXTENDED	T_NK_cytotoxic	0.4807596198447857	654
GSM6086634	F2	EXTENDED	B_plasma	0.334245966198995	654
GSM6086634	F6	CORE	keratinocyte_basal	0.5273526741028872	654
GSM6086634	F6	CORE	keratinocyte_spinous_suprabasal	0.47306330242118283	654
GSM6086634	F6	CORE	keratinocyte_inflammatory_T17	0.40347288187163133	654
GSM6086634	F6	CORE	keratinocyte_stress_hypoxia	0.5904827627648558	654
GSM6086634	F6	CORE	fibroblast_matrix	-0.4029443216753085	654
GSM6086634	F6	CORE	fibroblast_inflammatory	0.03208688404856765	654
GSM6086634	F6	CORE	endothelial_vascular	0.2685968270711913	654
GSM6086634	F6	CORE	myeloid_dendritic	0.44947652920625625	654
GSM6086634	F6	CORE	T_NK_cytotoxic	0.45337341239216156	654
GSM6086634	F6	CORE	B_plasma	0.3125970325276771	654
GSM6086634	F6	EXTENDED	keratinocyte_basal	0.5144950590043591	654
GSM6086634	F6	EXTENDED	keratinocyte_spinous_suprabasal	0.43567055091603285	654
GSM6086634	F6	EXTENDED	keratinocyte_inflammatory_T17	0.3556698079950563	654
GSM6086634	F6	EXTENDED	keratinocyte_stress_hypoxia	0.58636040618179	654
GSM6086634	F6	EXTENDED	fibroblast_matrix	-0.3883326424776089	654
GSM6086634	F6	EXTENDED	fibroblast_inflammatory	0.07113471793708973	654
GSM6086634	F6	EXTENDED	endothelial_vascular	0.30807625338810457	654
GSM6086634	F6	EXTENDED	myeloid_dendritic	0.46294625483757246	654
GSM6086634	F6	EXTENDED	T_NK_cytotoxic	0.46689947152662553	654
GSM6086634	F6	EXTENDED	B_plasma	0.3223966755361203	654
GSM6086634	F7	CORE	keratinocyte_basal	0.4083844544589304	654
GSM6086634	F7	CORE	keratinocyte_spinous_suprabasal	0.2472624636820876	654
GSM6086634	F7	CORE	keratinocyte_inflammatory_T17	0.18094152337356598	654
GSM6086634	F7	CORE	keratinocyte_stress_hypoxia	0.49510688637699407	654
GSM6086634	F7	CORE	fibroblast_matrix	-0.3639198707447437	654
GSM6086634	F7	CORE	fibroblast_inflammatory	0.15396737614317588	654
GSM6086634	F7	CORE	endothelial_vascular	0.3556332080746124	654
GSM6086634	F7	CORE	myeloid_dendritic	0.43695183875072885	654
GSM6086634	F7	CORE	T_NK_cytotoxic	0.4547038071200988	654
GSM6086634	F7	CORE	B_plasma	0.35066464827770555	654
GSM6086634	F7	EXTENDED	keratinocyte_basal	0.4636654361793758	654
GSM6086634	F7	EXTENDED	keratinocyte_spinous_suprabasal	0.3308629767048426	654
GSM6086634	F7	EXTENDED	keratinocyte_inflammatory_T17	0.26647537206192884	654
GSM6086634	F7	EXTENDED	keratinocyte_stress_hypoxia	0.5471332099914323	654
GSM6086634	F7	EXTENDED	fibroblast_matrix	-0.3805865070244833	654
GSM6086634	F7	EXTENDED	fibroblast_inflammatory	0.12895427338706802	654
GSM6086634	F7	EXTENDED	endothelial_vascular	0.34424624473606236	654
GSM6086634	F7	EXTENDED	myeloid_dendritic	0.46418422525656994	654
GSM6086634	F7	EXTENDED	T_NK_cytotoxic	0.47202289501079603	654
GSM6086634	F7	EXTENDED	B_plasma	0.35215440920234664	654
GSM6086635	F1	CORE	keratinocyte_basal	0.3441217588650519	685
GSM6086635	F1	CORE	keratinocyte_spinous_suprabasal	0.15255054110183563	685
GSM6086635	F1	CORE	keratinocyte_inflammatory_T17	0.2633237312529142	685
GSM6086635	F1	CORE	keratinocyte_stress_hypoxia	0.5051706223470888	685
GSM6086635	F1	CORE	fibroblast_matrix	0.07263175804519047	685
GSM6086635	F1	CORE	fibroblast_inflammatory	0.2132413832267629	685
GSM6086635	F1	CORE	endothelial_vascular	0.34779220581126424	685
GSM6086635	F1	CORE	myeloid_dendritic	0.4493214905612965	685
GSM6086635	F1	CORE	T_NK_cytotoxic	0.36993036624112313	685
GSM6086635	F1	CORE	B_plasma	0.1823565379993031	685
GSM6086635	F1	EXTENDED	keratinocyte_basal	0.39472601572880417	685
GSM6086635	F1	EXTENDED	keratinocyte_spinous_suprabasal	0.22294977491556306	685
GSM6086635	F1	EXTENDED	keratinocyte_inflammatory_T17	0.2977749333874715	685
GSM6086635	F1	EXTENDED	keratinocyte_stress_hypoxia	0.5335459944605907	685
GSM6086635	F1	EXTENDED	fibroblast_matrix	0.19477816555944602	685
GSM6086635	F1	EXTENDED	fibroblast_inflammatory	0.2979298096431435	685
GSM6086635	F1	EXTENDED	endothelial_vascular	0.3727347249915044	685
GSM6086635	F1	EXTENDED	myeloid_dendritic	0.5024819574083229	685
GSM6086635	F1	EXTENDED	T_NK_cytotoxic	0.3906358579165011	685
GSM6086635	F1	EXTENDED	B_plasma	0.20580117944918727	685
GSM6086635	F2	CORE	keratinocyte_basal	0.3927997566710033	685
GSM6086635	F2	CORE	keratinocyte_spinous_suprabasal	0.26180556508540287	685
GSM6086635	F2	CORE	keratinocyte_inflammatory_T17	0.28832259321329273	685
GSM6086635	F2	CORE	keratinocyte_stress_hypoxia	0.5316684947975655	685
GSM6086635	F2	CORE	fibroblast_matrix	0.28212552324392226	685
GSM6086635	F2	CORE	fibroblast_inflammatory	0.32025222103035944	685
GSM6086635	F2	CORE	endothelial_vascular	0.3793437787560339	685
GSM6086635	F2	CORE	myeloid_dendritic	0.5085087316679051	685
GSM6086635	F2	CORE	T_NK_cytotoxic	0.41829948246480325	685
GSM6086635	F2	CORE	B_plasma	0.19933894204564895	685
GSM6086635	F2	EXTENDED	keratinocyte_basal	0.40025409768330616	685
GSM6086635	F2	EXTENDED	keratinocyte_spinous_suprabasal	0.24711800333730116	685
GSM6086635	F2	EXTENDED	keratinocyte_inflammatory_T17	0.2902843486034029	685
GSM6086635	F2	EXTENDED	keratinocyte_stress_hypoxia	0.5337925918511037	685
GSM6086635	F2	EXTENDED	fibroblast_matrix	0.287028931291164	685
GSM6086635	F2	EXTENDED	fibroblast_inflammatory	0.327382984586976	685
GSM6086635	F2	EXTENDED	endothelial_vascular	0.38018593829983777	685
GSM6086635	F2	EXTENDED	myeloid_dendritic	0.5152264624299434	685
GSM6086635	F2	EXTENDED	T_NK_cytotoxic	0.4139492396979739	685
GSM6086635	F2	EXTENDED	B_plasma	0.19632308321286712	685
GSM6086635	F6	CORE	keratinocyte_basal	0.3896956455518278	685
GSM6086635	F6	CORE	keratinocyte_spinous_suprabasal	0.260422518485896	685
GSM6086635	F6	CORE	keratinocyte_inflammatory_T17	0.2703193756628286	685
GSM6086635	F6	CORE	keratinocyte_stress_hypoxia	0.5290065457959273	685
GSM6086635	F6	CORE	fibroblast_matrix	0.1802491682188302	685
GSM6086635	F6	CORE	fibroblast_inflammatory	0.28592209262325563	685
GSM6086635	F6	CORE	endothelial_vascular	0.347689548946137	685
GSM6086635	F6	CORE	myeloid_dendritic	0.5059091078134271	685
GSM6086635	F6	CORE	T_NK_cytotoxic	0.3637372208868276	685
GSM6086635	F6	CORE	B_plasma	0.19876352562345562	685
GSM6086635	F6	EXTENDED	keratinocyte_basal	0.41437066333182	685
GSM6086635	F6	EXTENDED	keratinocyte_spinous_suprabasal	0.26072402015835805	685
GSM6086635	F6	EXTENDED	keratinocyte_inflammatory_T17	0.2905210801502868	685
GSM6086635	F6	EXTENDED	keratinocyte_stress_hypoxia	0.5456641123858205	685
GSM6086635	F6	EXTENDED	fibroblast_matrix	0.19539271277526415	685
GSM6086635	F6	EXTENDED	fibroblast_inflammatory	0.2996222838428804	685
GSM6086635	F6	EXTENDED	endothelial_vascular	0.37726402403226533	685
GSM6086635	F6	EXTENDED	myeloid_dendritic	0.5187211853120428	685
GSM6086635	F6	EXTENDED	T_NK_cytotoxic	0.38921544987549594	685
GSM6086635	F6	EXTENDED	B_plasma	0.21245487894792353	685
GSM6086635	F7	CORE	keratinocyte_basal	0.3389911032033894	685
GSM6086635	F7	CORE	keratinocyte_spinous_suprabasal	0.14188920215862125	685
GSM6086635	F7	CORE	keratinocyte_inflammatory_T17	0.2503717786884663	685
GSM6086635	F7	CORE	keratinocyte_stress_hypoxia	0.5010122176859584	685
GSM6086635	F7	CORE	fibroblast_matrix	0.12516270397740298	685
GSM6086635	F7	CORE	fibroblast_inflammatory	0.3122760953310994	685
GSM6086635	F7	CORE	endothelial_vascular	0.4005698365586302	685
GSM6086635	F7	CORE	myeloid_dendritic	0.4894003308244229	685
GSM6086635	F7	CORE	T_NK_cytotoxic	0.37757117269505064	685
GSM6086635	F7	CORE	B_plasma	0.21510664296707302	685
GSM6086635	F7	EXTENDED	keratinocyte_basal	0.37923566845133627	685
GSM6086635	F7	EXTENDED	keratinocyte_spinous_suprabasal	0.19368648735151178	685
GSM6086635	F7	EXTENDED	keratinocyte_inflammatory_T17	0.26877106389410543	685
GSM6086635	F7	EXTENDED	keratinocyte_stress_hypoxia	0.5269121569598552	685
GSM6086635	F7	EXTENDED	fibroblast_matrix	0.1505075258990731	685
GSM6086635	F7	EXTENDED	fibroblast_inflammatory	0.30857160746603546	685
GSM6086635	F7	EXTENDED	endothelial_vascular	0.3932444456873525	685
GSM6086635	F7	EXTENDED	myeloid_dendritic	0.5053985650458304	685
GSM6086635	F7	EXTENDED	T_NK_cytotoxic	0.3889151853904904	685
GSM6086635	F7	EXTENDED	B_plasma	0.22126976618621003	685
GSM6086636	F1	CORE	keratinocyte_basal	0.35613561977754515	1448
GSM6086636	F1	CORE	keratinocyte_spinous_suprabasal	0.2721197599791794	1448
GSM6086636	F1	CORE	keratinocyte_inflammatory_T17	0.1468766736429426	1448
GSM6086636	F1	CORE	keratinocyte_stress_hypoxia	0.49604941240029937	1448
GSM6086636	F1	CORE	fibroblast_matrix	0.01976611863141622	1448
GSM6086636	F1	CORE	fibroblast_inflammatory	0.31359186791018273	1448
GSM6086636	F1	CORE	endothelial_vascular	0.47407328801805015	1448
GSM6086636	F1	CORE	myeloid_dendritic	0.47340216170097754	1448
GSM6086636	F1	CORE	T_NK_cytotoxic	0.4312731308628471	1448
GSM6086636	F1	CORE	B_plasma	0.20622027644417273	1448
GSM6086636	F1	EXTENDED	keratinocyte_basal	0.3833164945943676	1448
GSM6086636	F1	EXTENDED	keratinocyte_spinous_suprabasal	0.32314668522378187	1448
GSM6086636	F1	EXTENDED	keratinocyte_inflammatory_T17	0.19390781272920588	1448
GSM6086636	F1	EXTENDED	keratinocyte_stress_hypoxia	0.5166188966979666	1448
GSM6086636	F1	EXTENDED	fibroblast_matrix	0.1467890116608046	1448
GSM6086636	F1	EXTENDED	fibroblast_inflammatory	0.38375841206299943	1448
GSM6086636	F1	EXTENDED	endothelial_vascular	0.4927696636917352	1448
GSM6086636	F1	EXTENDED	myeloid_dendritic	0.4987925714437879	1448
GSM6086636	F1	EXTENDED	T_NK_cytotoxic	0.4404051261984184	1448
GSM6086636	F1	EXTENDED	B_plasma	0.21572126020062868	1448
GSM6086636	F2	CORE	keratinocyte_basal	0.38508750078292386	1448
GSM6086636	F2	CORE	keratinocyte_spinous_suprabasal	0.3345068017021931	1448
GSM6086636	F2	CORE	keratinocyte_inflammatory_T17	0.20703558274438646	1448
GSM6086636	F2	CORE	keratinocyte_stress_hypoxia	0.5082481798710798	1448
GSM6086636	F2	CORE	fibroblast_matrix	0.22029637202402574	1448
GSM6086636	F2	CORE	fibroblast_inflammatory	0.4025524172494525	1448
GSM6086636	F2	CORE	endothelial_vascular	0.506233938546131	1448
GSM6086636	F2	CORE	myeloid_dendritic	0.5145433408696654	1448
GSM6086636	F2	CORE	T_NK_cytotoxic	0.4422346767087081	1448
GSM6086636	F2	CORE	B_plasma	0.2162125641721941	1448
GSM6086636	F2	EXTENDED	keratinocyte_basal	0.3771462656362993	1448
GSM6086636	F2	EXTENDED	keratinocyte_spinous_suprabasal	0.32040058476456135	1448
GSM6086636	F2	EXTENDED	keratinocyte_inflammatory_T17	0.189045852667985	1448
GSM6086636	F2	EXTENDED	keratinocyte_stress_hypoxia	0.5074757602007041	1448
GSM6086636	F2	EXTENDED	fibroblast_matrix	0.2283678863041569	1448
GSM6086636	F2	EXTENDED	fibroblast_inflammatory	0.4184141340237347	1448
GSM6086636	F2	EXTENDED	endothelial_vascular	0.5062570248971513	1448
GSM6086636	F2	EXTENDED	myeloid_dendritic	0.5087937135171742	1448
GSM6086636	F2	EXTENDED	T_NK_cytotoxic	0.43772250683857455	1448
GSM6086636	F2	EXTENDED	B_plasma	0.21614219113524555	1448
GSM6086636	F6	CORE	keratinocyte_basal	0.3868739458099288	1448
GSM6086636	F6	CORE	keratinocyte_spinous_suprabasal	0.3351370286416519	1448
GSM6086636	F6	CORE	keratinocyte_inflammatory_T17	0.2208153244335417	1448
GSM6086636	F6	CORE	keratinocyte_stress_hypoxia	0.5032618181864711	1448
GSM6086636	F6	CORE	fibroblast_matrix	0.0860064632105972	1448
GSM6086636	F6	CORE	fibroblast_inflammatory	0.32264842217685646	1448
GSM6086636	F6	CORE	endothelial_vascular	0.46626430904205696	1448
GSM6086636	F6	CORE	myeloid_dendritic	0.47791481596207186	1448
GSM6086636	F6	CORE	T_NK_cytotoxic	0.42601793158656653	1448
GSM6086636	F6	CORE	B_plasma	0.2146184214360776	1448
GSM6086636	F6	EXTENDED	keratinocyte_basal	0.40198696517088317	1448
GSM6086636	F6	EXTENDED	keratinocyte_spinous_suprabasal	0.34075740646767994	1448
GSM6086636	F6	EXTENDED	keratinocyte_inflammatory_T17	0.2112323605727831	1448
GSM6086636	F6	EXTENDED	keratinocyte_stress_hypoxia	0.5196874446192931	1448
GSM6086636	F6	EXTENDED	fibroblast_matrix	0.10905223337553284	1448
GSM6086636	F6	EXTENDED	fibroblast_inflammatory	0.36616255658466884	1448
GSM6086636	F6	EXTENDED	endothelial_vascular	0.5019674462066515	1448
GSM6086636	F6	EXTENDED	myeloid_dendritic	0.5049528477350891	1448
GSM6086636	F6	EXTENDED	T_NK_cytotoxic	0.4429675203790633	1448
GSM6086636	F6	EXTENDED	B_plasma	0.2179159214992139	1448
GSM6086636	F7	CORE	keratinocyte_basal	0.353508433637043	1448
GSM6086636	F7	CORE	keratinocyte_spinous_suprabasal	0.2636521985891323	1448
GSM6086636	F7	CORE	keratinocyte_inflammatory_T17	0.1364958596705394	1448
GSM6086636	F7	CORE	keratinocyte_stress_hypoxia	0.4721285062432739	1448
GSM6086636	F7	CORE	fibroblast_matrix	0.07229432588430919	1448
GSM6086636	F7	CORE	fibroblast_inflammatory	0.37607795819157597	1448
GSM6086636	F7	CORE	endothelial_vascular	0.5235057631384088	1448
GSM6086636	F7	CORE	myeloid_dendritic	0.5059333886916074	1448
GSM6086636	F7	CORE	T_NK_cytotoxic	0.45827024238086655	1448
GSM6086636	F7	CORE	B_plasma	0.20899983561129454	1448
GSM6086636	F7	EXTENDED	keratinocyte_basal	0.37116760981470875	1448
GSM6086636	F7	EXTENDED	keratinocyte_spinous_suprabasal	0.2925370266083545	1448
GSM6086636	F7	EXTENDED	keratinocyte_inflammatory_T17	0.1642848556253882	1448
GSM6086636	F7	EXTENDED	keratinocyte_stress_hypoxia	0.4970958924454852	1448
GSM6086636	F7	EXTENDED	fibroblast_matrix	0.08769762773627379	1448
GSM6086636	F7	EXTENDED	fibroblast_inflammatory	0.3781640377784322	1448
GSM6086636	F7	EXTENDED	endothelial_vascular	0.5170756434776846	1448
GSM6086636	F7	EXTENDED	myeloid_dendritic	0.5112581585221465	1448
GSM6086636	F7	EXTENDED	T_NK_cytotoxic	0.4587771799735364	1448
GSM6086636	F7	EXTENDED	B_plasma	0.215547959909171	1448
GSM6086637	F1	CORE	keratinocyte_basal	0.4155257407017726	651
GSM6086637	F1	CORE	keratinocyte_spinous_suprabasal	0.2396685246279547	651
GSM6086637	F1	CORE	keratinocyte_inflammatory_T17	0.09064165994306506	651
GSM6086637	F1	CORE	keratinocyte_stress_hypoxia	0.4988451515389466	651
GSM6086637	F1	CORE	fibroblast_matrix	-0.3419239057566633	651
GSM6086637	F1	CORE	fibroblast_inflammatory	-0.10932265884318663	651
GSM6086637	F1	CORE	endothelial_vascular	0.1747311003941271	651
GSM6086637	F1	CORE	myeloid_dendritic	0.43013960894038045	651
GSM6086637	F1	CORE	T_NK_cytotoxic	0.38752507289508975	651
GSM6086637	F1	CORE	B_plasma	0.2709331908751938	651
GSM6086637	F1	EXTENDED	keratinocyte_basal	0.40156504339851345	651
GSM6086637	F1	EXTENDED	keratinocyte_spinous_suprabasal	0.24721773378017198	651
GSM6086637	F1	EXTENDED	keratinocyte_inflammatory_T17	0.0850909154174541	651
GSM6086637	F1	EXTENDED	keratinocyte_stress_hypoxia	0.5102039293466402	651
GSM6086637	F1	EXTENDED	fibroblast_matrix	-0.31866028999579893	651
GSM6086637	F1	EXTENDED	fibroblast_inflammatory	-0.08015533608200578	651
GSM6086637	F1	EXTENDED	endothelial_vascular	0.2009662496144085	651
GSM6086637	F1	EXTENDED	myeloid_dendritic	0.4499859604914553	651
GSM6086637	F1	EXTENDED	T_NK_cytotoxic	0.41311508724917145	651
GSM6086637	F1	EXTENDED	B_plasma	0.2768347636868821	651
GSM6086637	F2	CORE	keratinocyte_basal	0.3247310687501829	651
GSM6086637	F2	CORE	keratinocyte_spinous_suprabasal	0.18198563360249487	651
GSM6086637	F2	CORE	keratinocyte_inflammatory_T17	0.05396245946809969	651
GSM6086637	F2	CORE	keratinocyte_stress_hypoxia	0.48393088296718706	651
GSM6086637	F2	CORE	fibroblast_matrix	-0.2270863566965792	651
GSM6086637	F2	CORE	fibroblast_inflammatory	0.01621096015025687	651
GSM6086637	F2	CORE	endothelial_vascular	0.23879296562131716	651
GSM6086637	F2	CORE	myeloid_dendritic	0.5008454589485832	651
GSM6086637	F2	CORE	T_NK_cytotoxic	0.46351310753906577	651
GSM6086637	F2	CORE	B_plasma	0.28364381065842614	651
GSM6086637	F2	EXTENDED	keratinocyte_basal	0.3242206486221837	651
GSM6086637	F2	EXTENDED	keratinocyte_spinous_suprabasal	0.13144353370753528	651
GSM6086637	F2	EXTENDED	keratinocyte_inflammatory_T17	-0.001904080483142427	651
GSM6086637	F2	EXTENDED	keratinocyte_stress_hypoxia	0.45924116391688247	651
GSM6086637	F2	EXTENDED	fibroblast_matrix	-0.15683267804383902	651
GSM6086637	F2	EXTENDED	fibroblast_inflammatory	0.07489493472254846	651
GSM6086637	F2	EXTENDED	endothelial_vascular	0.27101738659384306	651
GSM6086637	F2	EXTENDED	myeloid_dendritic	0.5097788059482022	651
GSM6086637	F2	EXTENDED	T_NK_cytotoxic	0.4541580524708727	651
GSM6086637	F2	EXTENDED	B_plasma	0.29734097571341145	651
GSM6086637	F6	CORE	keratinocyte_basal	0.41854994645278076	651
GSM6086637	F6	CORE	keratinocyte_spinous_suprabasal	0.3584693062164062	651
GSM6086637	F6	CORE	keratinocyte_inflammatory_T17	0.22376262413757708	651
GSM6086637	F6	CORE	keratinocyte_stress_hypoxia	0.5396768257960878	651
GSM6086637	F6	CORE	fibroblast_matrix	-0.42074253554313357	651
GSM6086637	F6	CORE	fibroblast_inflammatory	-0.19419283002260845	651
GSM6086637	F6	CORE	endothelial_vascular	0.08880152707256236	651
GSM6086637	F6	CORE	myeloid_dendritic	0.3949888503515614	651
GSM6086637	F6	CORE	T_NK_cytotoxic	0.38578144306857504	651
GSM6086637	F6	CORE	B_plasma	0.2535783546252491	651
GSM6086637	F6	EXTENDED	keratinocyte_basal	0.43670543579490606	651
GSM6086637	F6	EXTENDED	keratinocyte_spinous_suprabasal	0.3257573892563008	651
GSM6086637	F6	EXTENDED	keratinocyte_inflammatory_T17	0.1736640837887622	651
GSM6086637	F6	EXTENDED	keratinocyte_stress_hypoxia	0.5402125939853102	651
GSM6086637	F6	EXTENDED	fibroblast_matrix	-0.39840607852850024	651
GSM6086637	F6	EXTENDED	fibroblast_inflammatory	-0.15078644245754183	651
GSM6086637	F6	EXTENDED	endothelial_vascular	0.1359646671688816	651
GSM6086637	F6	EXTENDED	myeloid_dendritic	0.4307233054673906	651
GSM6086637	F6	EXTENDED	T_NK_cytotoxic	0.4272732743231691	651
GSM6086637	F6	EXTENDED	B_plasma	0.2594341207919728	651
GSM6086637	F7	CORE	keratinocyte_basal	0.402952159572525	651
GSM6086637	F7	CORE	keratinocyte_spinous_suprabasal	0.1847793172590323	651
GSM6086637	F7	CORE	keratinocyte_inflammatory_T17	0.016822646975031698	651
GSM6086637	F7	CORE	keratinocyte_stress_hypoxia	0.43901652409139763	651
GSM6086637	F7	CORE	fibroblast_matrix	-0.38788735377873546	651
GSM6086637	F7	CORE	fibroblast_inflammatory	-0.1076668582854531	651
GSM6086637	F7	CORE	endothelial_vascular	0.16664510985364944	651
GSM6086637	F7	CORE	myeloid_dendritic	0.4227438726084336	651
GSM6086637	F7	CORE	T_NK_cytotoxic	0.44329165126600906	651
GSM6086637	F7	CORE	B_plasma	0.2553935460045412	651
GSM6086637	F7	EXTENDED	keratinocyte_basal	0.42502575319659813	651
GSM6086637	F7	EXTENDED	keratinocyte_spinous_suprabasal	0.2546251927372054	651
GSM6086637	F7	EXTENDED	keratinocyte_inflammatory_T17	0.09705412734900169	651
GSM6086637	F7	EXTENDED	keratinocyte_stress_hypoxia	0.5018958200426168	651
GSM6086637	F7	EXTENDED	fibroblast_matrix	-0.4139329596971015	651
GSM6086637	F7	EXTENDED	fibroblast_inflammatory	-0.14381619479952942	651
GSM6086637	F7	EXTENDED	endothelial_vascular	0.16106847408301628	651
GSM6086637	F7	EXTENDED	myeloid_dendritic	0.43737860657203415	651
GSM6086637	F7	EXTENDED	T_NK_cytotoxic	0.4460305276591342	651
GSM6086637	F7	EXTENDED	B_plasma	0.2727632979054762	651
GSM6086638	F1	CORE	keratinocyte_basal	0.4137360460926609	786
GSM6086638	F1	CORE	keratinocyte_spinous_suprabasal	0.29314851305556794	786
GSM6086638	F1	CORE	keratinocyte_inflammatory_T17	0.3946366003233613	786
GSM6086638	F1	CORE	keratinocyte_stress_hypoxia	0.46737642054052964	786
GSM6086638	F1	CORE	fibroblast_matrix	0.10675121880759234	786
GSM6086638	F1	CORE	fibroblast_inflammatory	0.38319085778095174	786
GSM6086638	F1	CORE	endothelial_vascular	0.41614160838737435	786
GSM6086638	F1	CORE	myeloid_dendritic	0.41042526954136294	786
GSM6086638	F1	CORE	T_NK_cytotoxic	0.19649511760276556	786
GSM6086638	F1	CORE	B_plasma	0.06512105841903511	786
GSM6086638	F1	EXTENDED	keratinocyte_basal	0.43753563074296936	786
GSM6086638	F1	EXTENDED	keratinocyte_spinous_suprabasal	0.3133964400147795	786
GSM6086638	F1	EXTENDED	keratinocyte_inflammatory_T17	0.3930786783825185	786
GSM6086638	F1	EXTENDED	keratinocyte_stress_hypoxia	0.4905683775743866	786
GSM6086638	F1	EXTENDED	fibroblast_matrix	0.21940747083532508	786
GSM6086638	F1	EXTENDED	fibroblast_inflammatory	0.44466601945483814	786
GSM6086638	F1	EXTENDED	endothelial_vascular	0.4422650387204466	786
GSM6086638	F1	EXTENDED	myeloid_dendritic	0.42848766275709027	786
GSM6086638	F1	EXTENDED	T_NK_cytotoxic	0.21224951619508453	786
GSM6086638	F1	EXTENDED	B_plasma	0.050609404655638145	786
GSM6086638	F2	CORE	keratinocyte_basal	0.4180702962167505	786
GSM6086638	F2	CORE	keratinocyte_spinous_suprabasal	0.3110121832632787	786
GSM6086638	F2	CORE	keratinocyte_inflammatory_T17	0.3972676633754641	786
GSM6086638	F2	CORE	keratinocyte_stress_hypoxia	0.4773210794084623	786
GSM6086638	F2	CORE	fibroblast_matrix	0.31705084966932034	786
GSM6086638	F2	CORE	fibroblast_inflammatory	0.43271302408727047	786
GSM6086638	F2	CORE	endothelial_vascular	0.44787727726737014	786
GSM6086638	F2	CORE	myeloid_dendritic	0.441720451771891	786
GSM6086638	F2	CORE	T_NK_cytotoxic	0.19613718734560967	786
GSM6086638	F2	CORE	B_plasma	0.05553861329216919	786
GSM6086638	F2	EXTENDED	keratinocyte_basal	0.4470123790342865	786
GSM6086638	F2	EXTENDED	keratinocyte_spinous_suprabasal	0.30326696114864754	786
GSM6086638	F2	EXTENDED	keratinocyte_inflammatory_T17	0.4005559022272192	786
GSM6086638	F2	EXTENDED	keratinocyte_stress_hypoxia	0.49026934349016316	786
GSM6086638	F2	EXTENDED	fibroblast_matrix	0.30433571672497484	786
GSM6086638	F2	EXTENDED	fibroblast_inflammatory	0.4425040341196566	786
GSM6086638	F2	EXTENDED	endothelial_vascular	0.46152247329605384	786
GSM6086638	F2	EXTENDED	myeloid_dendritic	0.43919062472836573	786
GSM6086638	F2	EXTENDED	T_NK_cytotoxic	0.2065549257658517	786
GSM6086638	F2	EXTENDED	B_plasma	0.050061220471262366	786
GSM6086638	F6	CORE	keratinocyte_basal	0.41518266362522394	786
GSM6086638	F6	CORE	keratinocyte_spinous_suprabasal	0.3212945798270832	786
GSM6086638	F6	CORE	keratinocyte_inflammatory_T17	0.39146485945809334	786
GSM6086638	F6	CORE	keratinocyte_stress_hypoxia	0.4828596782439828	786
GSM6086638	F6	CORE	fibroblast_matrix	0.17923236522577352	786
GSM6086638	F6	CORE	fibroblast_inflammatory	0.3917988240701187	786
GSM6086638	F6	CORE	endothelial_vascular	0.437042427900426	786
GSM6086638	F6	CORE	myeloid_dendritic	0.4336252288143255	786
GSM6086638	F6	CORE	T_NK_cytotoxic	0.18546370684412122	786
GSM6086638	F6	CORE	B_plasma	0.0808513621832104	786
GSM6086638	F6	EXTENDED	keratinocyte_basal	0.43191840974377704	786
GSM6086638	F6	EXTENDED	keratinocyte_spinous_suprabasal	0.34551224661484187	786
GSM6086638	F6	EXTENDED	keratinocyte_inflammatory_T17	0.39926271131899194	786
GSM6086638	F6	EXTENDED	keratinocyte_stress_hypoxia	0.4899928285271767	786
GSM6086638	F6	EXTENDED	fibroblast_matrix	0.20132747914319982	786
GSM6086638	F6	EXTENDED	fibroblast_inflammatory	0.46194332539108535	786
GSM6086638	F6	EXTENDED	endothelial_vascular	0.446482506193214	786
GSM6086638	F6	EXTENDED	myeloid_dendritic	0.43307706631976745	786
GSM6086638	F6	EXTENDED	T_NK_cytotoxic	0.19427440923484388	786
GSM6086638	F6	EXTENDED	B_plasma	0.07774903047920077	786
GSM6086638	F7	CORE	keratinocyte_basal	0.4349784969660653	786
GSM6086638	F7	CORE	keratinocyte_spinous_suprabasal	0.3509797039478277	786
GSM6086638	F7	CORE	keratinocyte_inflammatory_T17	0.37584196487330807	786
GSM6086638	F7	CORE	keratinocyte_stress_hypoxia	0.4831167270391123	786
GSM6086638	F7	CORE	fibroblast_matrix	0.21877823651892214	786
GSM6086638	F7	CORE	fibroblast_inflammatory	0.46759408437866967	786
GSM6086638	F7	CORE	endothelial_vascular	0.45840106245944756	786
GSM6086638	F7	CORE	myeloid_dendritic	0.44640875369815636	786
GSM6086638	F7	CORE	T_NK_cytotoxic	0.20515198522409728	786
GSM6086638	F7	CORE	B_plasma	0.08722065679838253	786
GSM6086638	F7	EXTENDED	keratinocyte_basal	0.43792518547637527	786
GSM6086638	F7	EXTENDED	keratinocyte_spinous_suprabasal	0.3476358254055476	786
GSM6086638	F7	EXTENDED	keratinocyte_inflammatory_T17	0.38560285966632646	786
GSM6086638	F7	EXTENDED	keratinocyte_stress_hypoxia	0.49788262518610604	786
GSM6086638	F7	EXTENDED	fibroblast_matrix	0.22470137405319376	786
GSM6086638	F7	EXTENDED	fibroblast_inflammatory	0.47133685669088426	786
GSM6086638	F7	EXTENDED	endothelial_vascular	0.46095735684566014	786
GSM6086638	F7	EXTENDED	myeloid_dendritic	0.445545391996974	786
GSM6086638	F7	EXTENDED	T_NK_cytotoxic	0.20083901323425077	786
GSM6086638	F7	EXTENDED	B_plasma	0.08474931472365452	786
GSM6086639	F1	CORE	keratinocyte_basal	0.41751332169853356	1070
GSM6086639	F1	CORE	keratinocyte_spinous_suprabasal	0.330106964379238	1070
GSM6086639	F1	CORE	keratinocyte_inflammatory_T17	0.2626555014382271	1070
GSM6086639	F1	CORE	keratinocyte_stress_hypoxia	0.44206340758266827	1070
GSM6086639	F1	CORE	fibroblast_matrix	0.27393778560378423	1070
GSM6086639	F1	CORE	fibroblast_inflammatory	0.43665224274328324	1070
GSM6086639	F1	CORE	endothelial_vascular	0.40394526215882265	1070
GSM6086639	F1	CORE	myeloid_dendritic	0.3975830245921494	1070
GSM6086639	F1	CORE	T_NK_cytotoxic	0.19368650788927796	1070
GSM6086639	F1	CORE	B_plasma	0.14767495260457125	1070
GSM6086639	F1	EXTENDED	keratinocyte_basal	0.44070290765443965	1070
GSM6086639	F1	EXTENDED	keratinocyte_spinous_suprabasal	0.3459741611210468	1070
GSM6086639	F1	EXTENDED	keratinocyte_inflammatory_T17	0.2599583965479976	1070
GSM6086639	F1	EXTENDED	keratinocyte_stress_hypoxia	0.4529516318607977	1070
GSM6086639	F1	EXTENDED	fibroblast_matrix	0.3725763693676109	1070
GSM6086639	F1	EXTENDED	fibroblast_inflammatory	0.4822436778037853	1070
GSM6086639	F1	EXTENDED	endothelial_vascular	0.41294300785118687	1070
GSM6086639	F1	EXTENDED	myeloid_dendritic	0.4078493895993858	1070
GSM6086639	F1	EXTENDED	T_NK_cytotoxic	0.18602829104061105	1070
GSM6086639	F1	EXTENDED	B_plasma	0.1381112082591451	1070
GSM6086639	F2	CORE	keratinocyte_basal	0.43840924553127847	1070
GSM6086639	F2	CORE	keratinocyte_spinous_suprabasal	0.3514505415029854	1070
GSM6086639	F2	CORE	keratinocyte_inflammatory_T17	0.25031916176963187	1070
GSM6086639	F2	CORE	keratinocyte_stress_hypoxia	0.4488851458780709	1070
GSM6086639	F2	CORE	fibroblast_matrix	0.43049150453471796	1070
GSM6086639	F2	CORE	fibroblast_inflammatory	0.47211409664382736	1070
GSM6086639	F2	CORE	endothelial_vascular	0.44792021940759974	1070
GSM6086639	F2	CORE	myeloid_dendritic	0.40432582484692614	1070
GSM6086639	F2	CORE	T_NK_cytotoxic	0.20353649093246542	1070
GSM6086639	F2	CORE	B_plasma	0.13888695831720343	1070
GSM6086639	F2	EXTENDED	keratinocyte_basal	0.45344092120866225	1070
GSM6086639	F2	EXTENDED	keratinocyte_spinous_suprabasal	0.3586162913354008	1070
GSM6086639	F2	EXTENDED	keratinocyte_inflammatory_T17	0.2569405178582427	1070
GSM6086639	F2	EXTENDED	keratinocyte_stress_hypoxia	0.46126664036933474	1070
GSM6086639	F2	EXTENDED	fibroblast_matrix	0.4253030220315949	1070
GSM6086639	F2	EXTENDED	fibroblast_inflammatory	0.4763126896057509	1070
GSM6086639	F2	EXTENDED	endothelial_vascular	0.4436057999421812	1070
GSM6086639	F2	EXTENDED	myeloid_dendritic	0.4048456715232726	1070
GSM6086639	F2	EXTENDED	T_NK_cytotoxic	0.19932419414137054	1070
GSM6086639	F2	EXTENDED	B_plasma	0.14083162368486457	1070
GSM6086639	F6	CORE	keratinocyte_basal	0.4175771078418481	1070
GSM6086639	F6	CORE	keratinocyte_spinous_suprabasal	0.31957682173296753	1070
GSM6086639	F6	CORE	keratinocyte_inflammatory_T17	0.2625436172984466	1070
GSM6086639	F6	CORE	keratinocyte_stress_hypoxia	0.449004456252718	1070
GSM6086639	F6	CORE	fibroblast_matrix	0.3049232700241085	1070
GSM6086639	F6	CORE	fibroblast_inflammatory	0.4309386393821801	1070
GSM6086639	F6	CORE	endothelial_vascular	0.4087007176060457	1070
GSM6086639	F6	CORE	myeloid_dendritic	0.40166806228217794	1070
GSM6086639	F6	CORE	T_NK_cytotoxic	0.19891560341810857	1070
GSM6086639	F6	CORE	B_plasma	0.12865908662563982	1070
GSM6086639	F6	EXTENDED	keratinocyte_basal	0.42093134675498867	1070
GSM6086639	F6	EXTENDED	keratinocyte_spinous_suprabasal	0.3436837391839437	1070
GSM6086639	F6	EXTENDED	keratinocyte_inflammatory_T17	0.27243061091669685	1070
GSM6086639	F6	EXTENDED	keratinocyte_stress_hypoxia	0.45938085331150114	1070
GSM6086639	F6	EXTENDED	fibroblast_matrix	0.3198033890038379	1070
GSM6086639	F6	EXTENDED	fibroblast_inflammatory	0.45758351114831025	1070
GSM6086639	F6	EXTENDED	endothelial_vascular	0.4344912693233335	1070
GSM6086639	F6	EXTENDED	myeloid_dendritic	0.4106223123610946	1070
GSM6086639	F6	EXTENDED	T_NK_cytotoxic	0.20467484127672517	1070
GSM6086639	F6	EXTENDED	B_plasma	0.1338537123994963	1070
GSM6086639	F7	CORE	keratinocyte_basal	0.4405971339338268	1070
GSM6086639	F7	CORE	keratinocyte_spinous_suprabasal	0.33427417352252703	1070
GSM6086639	F7	CORE	keratinocyte_inflammatory_T17	0.2623144049741119	1070
GSM6086639	F7	CORE	keratinocyte_stress_hypoxia	0.44325214074311714	1070
GSM6086639	F7	CORE	fibroblast_matrix	0.2910671420738267	1070
GSM6086639	F7	CORE	fibroblast_inflammatory	0.472198773061581	1070
GSM6086639	F7	CORE	endothelial_vascular	0.4625661149370383	1070
GSM6086639	F7	CORE	myeloid_dendritic	0.42128598265456657	1070
GSM6086639	F7	CORE	T_NK_cytotoxic	0.20836554032199664	1070
GSM6086639	F7	CORE	B_plasma	0.14448613812964806	1070
GSM6086639	F7	EXTENDED	keratinocyte_basal	0.4440529274906394	1070
GSM6086639	F7	EXTENDED	keratinocyte_spinous_suprabasal	0.34200553995094873	1070
GSM6086639	F7	EXTENDED	keratinocyte_inflammatory_T17	0.26596218909688263	1070
GSM6086639	F7	EXTENDED	keratinocyte_stress_hypoxia	0.45037578002605316	1070
GSM6086639	F7	EXTENDED	fibroblast_matrix	0.2969458727456702	1070
GSM6086639	F7	EXTENDED	fibroblast_inflammatory	0.47515272809405606	1070
GSM6086639	F7	EXTENDED	endothelial_vascular	0.45899691937702314	1070
GSM6086639	F7	EXTENDED	myeloid_dendritic	0.4258340338196394	1070
GSM6086639	F7	EXTENDED	T_NK_cytotoxic	0.20568820877401275	1070
GSM6086639	F7	EXTENDED	B_plasma	0.14104594885376748	1070
GSM6086640	F1	CORE	keratinocyte_basal	0.36439438968525745	634
GSM6086640	F1	CORE	keratinocyte_spinous_suprabasal	0.3425077886279951	634
GSM6086640	F1	CORE	keratinocyte_inflammatory_T17	0.2654345559603701	634
GSM6086640	F1	CORE	keratinocyte_stress_hypoxia	0.49298714772629026	634
GSM6086640	F1	CORE	fibroblast_matrix	-0.043280093192322754	634
GSM6086640	F1	CORE	fibroblast_inflammatory	0.33588082390697116	634
GSM6086640	F1	CORE	endothelial_vascular	0.4041366326247775	634
GSM6086640	F1	CORE	myeloid_dendritic	0.4539453396172907	634
GSM6086640	F1	CORE	T_NK_cytotoxic	0.222878105416858	634
GSM6086640	F1	CORE	B_plasma	0.11940165653445046	634
GSM6086640	F1	EXTENDED	keratinocyte_basal	0.4304484781816729	634
GSM6086640	F1	EXTENDED	keratinocyte_spinous_suprabasal	0.44310320278656457	634
GSM6086640	F1	EXTENDED	keratinocyte_inflammatory_T17	0.3036794495358884	634
GSM6086640	F1	EXTENDED	keratinocyte_stress_hypoxia	0.5035188932298483	634
GSM6086640	F1	EXTENDED	fibroblast_matrix	0.15333982282514547	634
GSM6086640	F1	EXTENDED	fibroblast_inflammatory	0.41345234094233535	634
GSM6086640	F1	EXTENDED	endothelial_vascular	0.4239914426303998	634
GSM6086640	F1	EXTENDED	myeloid_dendritic	0.4683526627744871	634
GSM6086640	F1	EXTENDED	T_NK_cytotoxic	0.21876969439173707	634
GSM6086640	F1	EXTENDED	B_plasma	0.13051586434540316	634
GSM6086640	F2	CORE	keratinocyte_basal	0.44973825712298654	634
GSM6086640	F2	CORE	keratinocyte_spinous_suprabasal	0.4866789756136931	634
GSM6086640	F2	CORE	keratinocyte_inflammatory_T17	0.2948334462196217	634
GSM6086640	F2	CORE	keratinocyte_stress_hypoxia	0.4860926961916661	634
GSM6086640	F2	CORE	fibroblast_matrix	0.25367416145874977	634
GSM6086640	F2	CORE	fibroblast_inflammatory	0.42526574578812865	634
GSM6086640	F2	CORE	endothelial_vascular	0.39505609462132313	634
GSM6086640	F2	CORE	myeloid_dendritic	0.4473581605143744	634
GSM6086640	F2	CORE	T_NK_cytotoxic	0.22248900372737518	634
GSM6086640	F2	CORE	B_plasma	0.12763474058233856	634
GSM6086640	F2	EXTENDED	keratinocyte_basal	0.4523099625598758	634
GSM6086640	F2	EXTENDED	keratinocyte_spinous_suprabasal	0.47677434063050783	634
GSM6086640	F2	EXTENDED	keratinocyte_inflammatory_T17	0.3135154506670745	634
GSM6086640	F2	EXTENDED	keratinocyte_stress_hypoxia	0.4966448766522078	634
GSM6086640	F2	EXTENDED	fibroblast_matrix	0.2467048498141992	634
GSM6086640	F2	EXTENDED	fibroblast_inflammatory	0.43859715605262056	634
GSM6086640	F2	EXTENDED	endothelial_vascular	0.4116483676785046	634
GSM6086640	F2	EXTENDED	myeloid_dendritic	0.4656245201221999	634
GSM6086640	F2	EXTENDED	T_NK_cytotoxic	0.21665759661749637	634
GSM6086640	F2	EXTENDED	B_plasma	0.12664897201490202	634
GSM6086640	F6	CORE	keratinocyte_basal	0.429502496425268	634
GSM6086640	F6	CORE	keratinocyte_spinous_suprabasal	0.45178804586043786	634
GSM6086640	F6	CORE	keratinocyte_inflammatory_T17	0.2776134223156978	634
GSM6086640	F6	CORE	keratinocyte_stress_hypoxia	0.49098815989196776	634
GSM6086640	F6	CORE	fibroblast_matrix	0.11105105352391341	634
GSM6086640	F6	CORE	fibroblast_inflammatory	0.3927305069702642	634
GSM6086640	F6	CORE	endothelial_vascular	0.3934067500810258	634
GSM6086640	F6	CORE	myeloid_dendritic	0.42056323391060657	634
GSM6086640	F6	CORE	T_NK_cytotoxic	0.20822738642589414	634
GSM6086640	F6	CORE	B_plasma	0.13120391137986287	634
GSM6086640	F6	EXTENDED	keratinocyte_basal	0.46256122985162085	634
GSM6086640	F6	EXTENDED	keratinocyte_spinous_suprabasal	0.4795818497695463	634
GSM6086640	F6	EXTENDED	keratinocyte_inflammatory_T17	0.31951906051296036	634
GSM6086640	F6	EXTENDED	keratinocyte_stress_hypoxia	0.5022323114250399	634
GSM6086640	F6	EXTENDED	fibroblast_matrix	0.12059625196320582	634
GSM6086640	F6	EXTENDED	fibroblast_inflammatory	0.4299007316155807	634
GSM6086640	F6	EXTENDED	endothelial_vascular	0.4199628823741272	634
GSM6086640	F6	EXTENDED	myeloid_dendritic	0.4592629742077534	634
GSM6086640	F6	EXTENDED	T_NK_cytotoxic	0.2202407869197107	634
GSM6086640	F6	EXTENDED	B_plasma	0.13256914210330914	634
GSM6086640	F7	CORE	keratinocyte_basal	0.4815287009242481	634
GSM6086640	F7	CORE	keratinocyte_spinous_suprabasal	0.4473538739457752	634
GSM6086640	F7	CORE	keratinocyte_inflammatory_T17	0.3459203472762748	634
GSM6086640	F7	CORE	keratinocyte_stress_hypoxia	0.4984655287772044	634
GSM6086640	F7	CORE	fibroblast_matrix	0.028551257803384248	634
GSM6086640	F7	CORE	fibroblast_inflammatory	0.40928185881495754	634
GSM6086640	F7	CORE	endothelial_vascular	0.43936635660023193	634
GSM6086640	F7	CORE	myeloid_dendritic	0.4533051017353678	634
GSM6086640	F7	CORE	T_NK_cytotoxic	0.23912934902723448	634
GSM6086640	F7	CORE	B_plasma	0.13003037933364434	634
GSM6086640	F7	EXTENDED	keratinocyte_basal	0.4859285315012874	634
GSM6086640	F7	EXTENDED	keratinocyte_spinous_suprabasal	0.4593955543827018	634
GSM6086640	F7	EXTENDED	keratinocyte_inflammatory_T17	0.34790964968761484	634
GSM6086640	F7	EXTENDED	keratinocyte_stress_hypoxia	0.5050786417419114	634
GSM6086640	F7	EXTENDED	fibroblast_matrix	0.04719132590499881	634
GSM6086640	F7	EXTENDED	fibroblast_inflammatory	0.4126031808083312	634
GSM6086640	F7	EXTENDED	endothelial_vascular	0.43320196459040555	634
GSM6086640	F7	EXTENDED	myeloid_dendritic	0.45667537366448835	634
GSM6086640	F7	EXTENDED	T_NK_cytotoxic	0.2419786852771992	634
GSM6086640	F7	EXTENDED	B_plasma	0.13518202393210527	634
GSM6086641	F1	CORE	keratinocyte_basal	0.48865357966763756	977
GSM6086641	F1	CORE	keratinocyte_spinous_suprabasal	0.386874423950611	977
GSM6086641	F1	CORE	keratinocyte_inflammatory_T17	0.5081742385265394	977
GSM6086641	F1	CORE	keratinocyte_stress_hypoxia	0.466103828117605	977
GSM6086641	F1	CORE	fibroblast_matrix	0.21452477054432498	977
GSM6086641	F1	CORE	fibroblast_inflammatory	0.46036299503783285	977
GSM6086641	F1	CORE	endothelial_vascular	0.4254833170216138	977
GSM6086641	F1	CORE	myeloid_dendritic	0.4477325179159103	977
GSM6086641	F1	CORE	T_NK_cytotoxic	0.392242190544727	977
GSM6086641	F1	CORE	B_plasma	0.1133859260766202	977
GSM6086641	F1	EXTENDED	keratinocyte_basal	0.5336735515342776	977
GSM6086641	F1	EXTENDED	keratinocyte_spinous_suprabasal	0.4304138536540624	977
GSM6086641	F1	EXTENDED	keratinocyte_inflammatory_T17	0.5344186336923172	977
GSM6086641	F1	EXTENDED	keratinocyte_stress_hypoxia	0.4996374201978162	977
GSM6086641	F1	EXTENDED	fibroblast_matrix	0.2876720918435355	977
GSM6086641	F1	EXTENDED	fibroblast_inflammatory	0.49980039407645804	977
GSM6086641	F1	EXTENDED	endothelial_vascular	0.43475861537588795	977
GSM6086641	F1	EXTENDED	myeloid_dendritic	0.4623413455204691	977
GSM6086641	F1	EXTENDED	T_NK_cytotoxic	0.41051718946552357	977
GSM6086641	F1	EXTENDED	B_plasma	0.12864607808243353	977
GSM6086641	F2	CORE	keratinocyte_basal	0.541322796428153	977
GSM6086641	F2	CORE	keratinocyte_spinous_suprabasal	0.4242833090527888	977
GSM6086641	F2	CORE	keratinocyte_inflammatory_T17	0.5163105361328011	977
GSM6086641	F2	CORE	keratinocyte_stress_hypoxia	0.49545386942437564	977
GSM6086641	F2	CORE	fibroblast_matrix	0.33210087574721664	977
GSM6086641	F2	CORE	fibroblast_inflammatory	0.4996459352874786	977
GSM6086641	F2	CORE	endothelial_vascular	0.447531599479041	977
GSM6086641	F2	CORE	myeloid_dendritic	0.4647079741480974	977
GSM6086641	F2	CORE	T_NK_cytotoxic	0.41536782104933184	977
GSM6086641	F2	CORE	B_plasma	0.14446849288772365	977
GSM6086641	F2	EXTENDED	keratinocyte_basal	0.5476111090496083	977
GSM6086641	F2	EXTENDED	keratinocyte_spinous_suprabasal	0.42816802738126886	977
GSM6086641	F2	EXTENDED	keratinocyte_inflammatory_T17	0.5242635530414607	977
GSM6086641	F2	EXTENDED	keratinocyte_stress_hypoxia	0.5041901745906344	977
GSM6086641	F2	EXTENDED	fibroblast_matrix	0.3333903168075481	977
GSM6086641	F2	EXTENDED	fibroblast_inflammatory	0.5026055218997152	977
GSM6086641	F2	EXTENDED	endothelial_vascular	0.4466217588888676	977
GSM6086641	F2	EXTENDED	myeloid_dendritic	0.4624342454367182	977
GSM6086641	F2	EXTENDED	T_NK_cytotoxic	0.41736589419679854	977
GSM6086641	F2	EXTENDED	B_plasma	0.13805654263124	977
GSM6086641	F6	CORE	keratinocyte_basal	0.5338829042607022	977
GSM6086641	F6	CORE	keratinocyte_spinous_suprabasal	0.4286179456861937	977
GSM6086641	F6	CORE	keratinocyte_inflammatory_T17	0.5198557049413968	977
GSM6086641	F6	CORE	keratinocyte_stress_hypoxia	0.4866056985958037	977
GSM6086641	F6	CORE	fibroblast_matrix	0.2599951881652136	977
GSM6086641	F6	CORE	fibroblast_inflammatory	0.46215544691487387	977
GSM6086641	F6	CORE	endothelial_vascular	0.4219196895901448	977
GSM6086641	F6	CORE	myeloid_dendritic	0.4536634932887324	977
GSM6086641	F6	CORE	T_NK_cytotoxic	0.3956126432134159	977
GSM6086641	F6	CORE	B_plasma	0.14789580159553942	977
GSM6086641	F6	EXTENDED	keratinocyte_basal	0.5567158020710216	977
GSM6086641	F6	EXTENDED	keratinocyte_spinous_suprabasal	0.4416398019628638	977
GSM6086641	F6	EXTENDED	keratinocyte_inflammatory_T17	0.5409161687039241	977
GSM6086641	F6	EXTENDED	keratinocyte_stress_hypoxia	0.5007172854983958	977
GSM6086641	F6	EXTENDED	fibroblast_matrix	0.27474180940519094	977
GSM6086641	F6	EXTENDED	fibroblast_inflammatory	0.5025422193165645	977
GSM6086641	F6	EXTENDED	endothelial_vascular	0.4407273971224666	977
GSM6086641	F6	EXTENDED	myeloid_dendritic	0.46461282250250563	977
GSM6086641	F6	EXTENDED	T_NK_cytotoxic	0.41417899433514893	977
GSM6086641	F6	EXTENDED	B_plasma	0.13248197896442715	977
GSM6086641	F7	CORE	keratinocyte_basal	0.5231328467474115	977
GSM6086641	F7	CORE	keratinocyte_spinous_suprabasal	0.4123860131826914	977
GSM6086641	F7	CORE	keratinocyte_inflammatory_T17	0.5457147523302693	977
GSM6086641	F7	CORE	keratinocyte_stress_hypoxia	0.48631210068500047	977
GSM6086641	F7	CORE	fibroblast_matrix	0.21314111559268586	977
GSM6086641	F7	CORE	fibroblast_inflammatory	0.5050198339003648	977
GSM6086641	F7	CORE	endothelial_vascular	0.44734560406083257	977
GSM6086641	F7	CORE	myeloid_dendritic	0.46386980542379175	977
GSM6086641	F7	CORE	T_NK_cytotoxic	0.4200989712723004	977
GSM6086641	F7	CORE	B_plasma	0.12318867971424695	977
GSM6086641	F7	EXTENDED	keratinocyte_basal	0.531315637175374	977
GSM6086641	F7	EXTENDED	keratinocyte_spinous_suprabasal	0.42534328404585503	977
GSM6086641	F7	EXTENDED	keratinocyte_inflammatory_T17	0.5483752138261573	977
GSM6086641	F7	EXTENDED	keratinocyte_stress_hypoxia	0.49934741314867453	977
GSM6086641	F7	EXTENDED	fibroblast_matrix	0.23154283477821933	977
GSM6086641	F7	EXTENDED	fibroblast_inflammatory	0.5098014569245454	977
GSM6086641	F7	EXTENDED	endothelial_vascular	0.4469802748609218	977
GSM6086641	F7	EXTENDED	myeloid_dendritic	0.4665796784638797	977
GSM6086641	F7	EXTENDED	T_NK_cytotoxic	0.41814900336787547	977
GSM6086641	F7	EXTENDED	B_plasma	0.12331594173061856	977
GSM6086642	F1	CORE	keratinocyte_basal	0.5610589754637971	1099
GSM6086642	F1	CORE	keratinocyte_spinous_suprabasal	0.4232411981391072	1099
GSM6086642	F1	CORE	keratinocyte_inflammatory_T17	0.33924319403880904	1099
GSM6086642	F1	CORE	keratinocyte_stress_hypoxia	0.4836985153891637	1099
GSM6086642	F1	CORE	fibroblast_matrix	0.3522269231665243	1099
GSM6086642	F1	CORE	fibroblast_inflammatory	0.4999140861162741	1099
GSM6086642	F1	CORE	endothelial_vascular	0.4334222573580824	1099
GSM6086642	F1	CORE	myeloid_dendritic	0.376200555607536	1099
GSM6086642	F1	CORE	T_NK_cytotoxic	0.2715418351835928	1099
GSM6086642	F1	CORE	B_plasma	0.0848471561355706	1099
GSM6086642	F1	EXTENDED	keratinocyte_basal	0.6200057949798041	1099
GSM6086642	F1	EXTENDED	keratinocyte_spinous_suprabasal	0.5047036253022952	1099
GSM6086642	F1	EXTENDED	keratinocyte_inflammatory_T17	0.3618272635818376	1099
GSM6086642	F1	EXTENDED	keratinocyte_stress_hypoxia	0.5238290110669499	1099
GSM6086642	F1	EXTENDED	fibroblast_matrix	0.5220369187414963	1099
GSM6086642	F1	EXTENDED	fibroblast_inflammatory	0.6159548853678083	1099
GSM6086642	F1	EXTENDED	endothelial_vascular	0.44268188756490884	1099
GSM6086642	F1	EXTENDED	myeloid_dendritic	0.44211661865315227	1099
GSM6086642	F1	EXTENDED	T_NK_cytotoxic	0.28740362577790896	1099
GSM6086642	F1	EXTENDED	B_plasma	0.10947200618558703	1099
GSM6086642	F2	CORE	keratinocyte_basal	0.6271969306822818	1099
GSM6086642	F2	CORE	keratinocyte_spinous_suprabasal	0.530049742989599	1099
GSM6086642	F2	CORE	keratinocyte_inflammatory_T17	0.34122625468258067	1099
GSM6086642	F2	CORE	keratinocyte_stress_hypoxia	0.5159423851094895	1099
GSM6086642	F2	CORE	fibroblast_matrix	0.5777715541801646	1099
GSM6086642	F2	CORE	fibroblast_inflammatory	0.6460399256994678	1099
GSM6086642	F2	CORE	endothelial_vascular	0.4419338422636626	1099
GSM6086642	F2	CORE	myeloid_dendritic	0.4512480667456936	1099
GSM6086642	F2	CORE	T_NK_cytotoxic	0.2993026350305215	1099
GSM6086642	F2	CORE	B_plasma	0.11607680496468857	1099
GSM6086642	F2	EXTENDED	keratinocyte_basal	0.6254823856006668	1099
GSM6086642	F2	EXTENDED	keratinocyte_spinous_suprabasal	0.5198066134184817	1099
GSM6086642	F2	EXTENDED	keratinocyte_inflammatory_T17	0.3509148229468229	1099
GSM6086642	F2	EXTENDED	keratinocyte_stress_hypoxia	0.5185355710910194	1099
GSM6086642	F2	EXTENDED	fibroblast_matrix	0.5746812942759422	1099
GSM6086642	F2	EXTENDED	fibroblast_inflammatory	0.6460241429349586	1099
GSM6086642	F2	EXTENDED	endothelial_vascular	0.4383090644896316	1099
GSM6086642	F2	EXTENDED	myeloid_dendritic	0.4485070722674374	1099
GSM6086642	F2	EXTENDED	T_NK_cytotoxic	0.2899239008799345	1099
GSM6086642	F2	EXTENDED	B_plasma	0.11695041810403939	1099
GSM6086642	F6	CORE	keratinocyte_basal	0.6211739321691574	1099
GSM6086642	F6	CORE	keratinocyte_spinous_suprabasal	0.5133759206186079	1099
GSM6086642	F6	CORE	keratinocyte_inflammatory_T17	0.335043654524172	1099
GSM6086642	F6	CORE	keratinocyte_stress_hypoxia	0.5012415647480242	1099
GSM6086642	F6	CORE	fibroblast_matrix	0.4890873480063157	1099
GSM6086642	F6	CORE	fibroblast_inflammatory	0.5956476877170256	1099
GSM6086642	F6	CORE	endothelial_vascular	0.4206329716863719	1099
GSM6086642	F6	CORE	myeloid_dendritic	0.4268361279765109	1099
GSM6086642	F6	CORE	T_NK_cytotoxic	0.27610441668308766	1099
GSM6086642	F6	CORE	B_plasma	0.10282044713175309	1099
GSM6086642	F6	EXTENDED	keratinocyte_basal	0.6379226085761251	1099
GSM6086642	F6	EXTENDED	keratinocyte_spinous_suprabasal	0.5345017081324662	1099
GSM6086642	F6	EXTENDED	keratinocyte_inflammatory_T17	0.3526660072683171	1099
GSM6086642	F6	EXTENDED	keratinocyte_stress_hypoxia	0.5236028382150272	1099
GSM6086642	F6	EXTENDED	fibroblast_matrix	0.5219939358858484	1099
GSM6086642	F6	EXTENDED	fibroblast_inflammatory	0.6272817185793224	1099
GSM6086642	F6	EXTENDED	endothelial_vascular	0.4292563642294658	1099
GSM6086642	F6	EXTENDED	myeloid_dendritic	0.445116722513103	1099
GSM6086642	F6	EXTENDED	T_NK_cytotoxic	0.2888331693430546	1099
GSM6086642	F6	EXTENDED	B_plasma	0.10741666368707029	1099
GSM6086642	F7	CORE	keratinocyte_basal	0.6113598031500982	1099
GSM6086642	F7	CORE	keratinocyte_spinous_suprabasal	0.4948217451824628	1099
GSM6086642	F7	CORE	keratinocyte_inflammatory_T17	0.343999528360225	1099
GSM6086642	F7	CORE	keratinocyte_stress_hypoxia	0.5072937354546562	1099
GSM6086642	F7	CORE	fibroblast_matrix	0.4985102094815044	1099
GSM6086642	F7	CORE	fibroblast_inflammatory	0.6292171997231033	1099
GSM6086642	F7	CORE	endothelial_vascular	0.4709655324496755	1099
GSM6086642	F7	CORE	myeloid_dendritic	0.44901282180362173	1099
GSM6086642	F7	CORE	T_NK_cytotoxic	0.29636541719928605	1099
GSM6086642	F7	CORE	B_plasma	0.11101795554474085	1099
GSM6086642	F7	EXTENDED	keratinocyte_basal	0.6278566327964942	1099
GSM6086642	F7	EXTENDED	keratinocyte_spinous_suprabasal	0.5084136166254086	1099
GSM6086642	F7	EXTENDED	keratinocyte_inflammatory_T17	0.35670874872154096	1099
GSM6086642	F7	EXTENDED	keratinocyte_stress_hypoxia	0.5201993344623551	1099
GSM6086642	F7	EXTENDED	fibroblast_matrix	0.5090730842465505	1099
GSM6086642	F7	EXTENDED	fibroblast_inflammatory	0.6314882534584627	1099
GSM6086642	F7	EXTENDED	endothelial_vascular	0.46459810605005764	1099
GSM6086642	F7	EXTENDED	myeloid_dendritic	0.4531820562323396	1099
GSM6086642	F7	EXTENDED	T_NK_cytotoxic	0.29856237459517276	1099
GSM6086642	F7	EXTENDED	B_plasma	0.11051377938886194	1099
GSM6086643	F1	CORE	keratinocyte_basal	0.43200052121101085	1203
GSM6086643	F1	CORE	keratinocyte_spinous_suprabasal	0.2916408870097141	1203
GSM6086643	F1	CORE	keratinocyte_inflammatory_T17	0.2973516505465833	1203
GSM6086643	F1	CORE	keratinocyte_stress_hypoxia	0.424244572227462	1203
GSM6086643	F1	CORE	fibroblast_matrix	0.06453961720065547	1203
GSM6086643	F1	CORE	fibroblast_inflammatory	0.39296935389128096	1203
GSM6086643	F1	CORE	endothelial_vascular	0.4217235137585713	1203
GSM6086643	F1	CORE	myeloid_dendritic	0.36960559454173547	1203
GSM6086643	F1	CORE	T_NK_cytotoxic	0.23322569261043077	1203
GSM6086643	F1	CORE	B_plasma	0.21152107888697882	1203
GSM6086643	F1	EXTENDED	keratinocyte_basal	0.4513006641358111	1203
GSM6086643	F1	EXTENDED	keratinocyte_spinous_suprabasal	0.308448054171003	1203
GSM6086643	F1	EXTENDED	keratinocyte_inflammatory_T17	0.2865179986602411	1203
GSM6086643	F1	EXTENDED	keratinocyte_stress_hypoxia	0.4420325944198462	1203
GSM6086643	F1	EXTENDED	fibroblast_matrix	0.15630729380031147	1203
GSM6086643	F1	EXTENDED	fibroblast_inflammatory	0.45814329602613635	1203
GSM6086643	F1	EXTENDED	endothelial_vascular	0.4302576139215161	1203
GSM6086643	F1	EXTENDED	myeloid_dendritic	0.39714265793270215	1203
GSM6086643	F1	EXTENDED	T_NK_cytotoxic	0.24521023907782363	1203
GSM6086643	F1	EXTENDED	B_plasma	0.23144466445647865	1203
GSM6086643	F2	CORE	keratinocyte_basal	0.429572679244069	1203
GSM6086643	F2	CORE	keratinocyte_spinous_suprabasal	0.32953203903193806	1203
GSM6086643	F2	CORE	keratinocyte_inflammatory_T17	0.28104362178017506	1203
GSM6086643	F2	CORE	keratinocyte_stress_hypoxia	0.44421362391900177	1203
GSM6086643	F2	CORE	fibroblast_matrix	0.23463755311472567	1203
GSM6086643	F2	CORE	fibroblast_inflammatory	0.47520530186460047	1203
GSM6086643	F2	CORE	endothelial_vascular	0.44874511054584226	1203
GSM6086643	F2	CORE	myeloid_dendritic	0.4088187327558037	1203
GSM6086643	F2	CORE	T_NK_cytotoxic	0.2527103148261145	1203
GSM6086643	F2	CORE	B_plasma	0.2396573555470138	1203
GSM6086643	F2	EXTENDED	keratinocyte_basal	0.4397939510005793	1203
GSM6086643	F2	EXTENDED	keratinocyte_spinous_suprabasal	0.331757679962425	1203
GSM6086643	F2	EXTENDED	keratinocyte_inflammatory_T17	0.28728293765503704	1203
GSM6086643	F2	EXTENDED	keratinocyte_stress_hypoxia	0.4574519943402684	1203
GSM6086643	F2	EXTENDED	fibroblast_matrix	0.2254318556669073	1203
GSM6086643	F2	EXTENDED	fibroblast_inflammatory	0.4728238800944444	1203
GSM6086643	F2	EXTENDED	endothelial_vascular	0.4576331294232984	1203
GSM6086643	F2	EXTENDED	myeloid_dendritic	0.4078924796118524	1203
GSM6086643	F2	EXTENDED	T_NK_cytotoxic	0.25122306832661634	1203
GSM6086643	F2	EXTENDED	B_plasma	0.2366451836960505	1203
GSM6086643	F6	CORE	keratinocyte_basal	0.4261222200008812	1203
GSM6086643	F6	CORE	keratinocyte_spinous_suprabasal	0.3245748972972919	1203
GSM6086643	F6	CORE	keratinocyte_inflammatory_T17	0.2560827982574722	1203
GSM6086643	F6	CORE	keratinocyte_stress_hypoxia	0.4230639881134718	1203
GSM6086643	F6	CORE	fibroblast_matrix	0.1097392305428622	1203
GSM6086643	F6	CORE	fibroblast_inflammatory	0.4076684500957429	1203
GSM6086643	F6	CORE	endothelial_vascular	0.39892604051025204	1203
GSM6086643	F6	CORE	myeloid_dendritic	0.3956843919160814	1203
GSM6086643	F6	CORE	T_NK_cytotoxic	0.2574056321895321	1203
GSM6086643	F6	CORE	B_plasma	0.22221465248350633	1203
GSM6086643	F6	EXTENDED	keratinocyte_basal	0.45722093347706055	1203
GSM6086643	F6	EXTENDED	keratinocyte_spinous_suprabasal	0.3419894459884368	1203
GSM6086643	F6	EXTENDED	keratinocyte_inflammatory_T17	0.2757084993481176	1203
GSM6086643	F6	EXTENDED	keratinocyte_stress_hypoxia	0.44759636411578313	1203
GSM6086643	F6	EXTENDED	fibroblast_matrix	0.13234102605586587	1203
GSM6086643	F6	EXTENDED	fibroblast_inflammatory	0.4619620231699693	1203
GSM6086643	F6	EXTENDED	endothelial_vascular	0.4378423213889267	1203
GSM6086643	F6	EXTENDED	myeloid_dendritic	0.41042719149095275	1203
GSM6086643	F6	EXTENDED	T_NK_cytotoxic	0.26017215759073786	1203
GSM6086643	F6	EXTENDED	B_plasma	0.23279006668329102	1203
GSM6086643	F7	CORE	keratinocyte_basal	0.4541608523161263	1203
GSM6086643	F7	CORE	keratinocyte_spinous_suprabasal	0.36233516573747443	1203
GSM6086643	F7	CORE	keratinocyte_inflammatory_T17	0.27139463319864365	1203
GSM6086643	F7	CORE	keratinocyte_stress_hypoxia	0.4273705242252325	1203
GSM6086643	F7	CORE	fibroblast_matrix	0.11802659090896692	1203
GSM6086643	F7	CORE	fibroblast_inflammatory	0.4870981073017743	1203
GSM6086643	F7	CORE	endothelial_vascular	0.44395318578074394	1203
GSM6086643	F7	CORE	myeloid_dendritic	0.4135986845501333	1203
GSM6086643	F7	CORE	T_NK_cytotoxic	0.2758411822820465	1203
GSM6086643	F7	CORE	B_plasma	0.23626387366861534	1203
GSM6086643	F7	EXTENDED	keratinocyte_basal	0.46358191793764947	1203
GSM6086643	F7	EXTENDED	keratinocyte_spinous_suprabasal	0.36831988163042445	1203
GSM6086643	F7	EXTENDED	keratinocyte_inflammatory_T17	0.28114267504653884	1203
GSM6086643	F7	EXTENDED	keratinocyte_stress_hypoxia	0.4420745727457611	1203
GSM6086643	F7	EXTENDED	fibroblast_matrix	0.12449170217613799	1203
GSM6086643	F7	EXTENDED	fibroblast_inflammatory	0.4882634004467369	1203
GSM6086643	F7	EXTENDED	endothelial_vascular	0.4482540477536859	1203
GSM6086643	F7	EXTENDED	myeloid_dendritic	0.4171042173406825	1203
GSM6086643	F7	EXTENDED	T_NK_cytotoxic	0.27190694415803235	1203
GSM6086643	F7	EXTENDED	B_plasma	0.24034827803368447	1203
GSM6086644	F1	CORE	keratinocyte_basal	0.4110044462061629	1031
GSM6086644	F1	CORE	keratinocyte_spinous_suprabasal	0.4068363378889417	1031
GSM6086644	F1	CORE	keratinocyte_inflammatory_T17	0.2762039213087849	1031
GSM6086644	F1	CORE	keratinocyte_stress_hypoxia	0.39006881811657756	1031
GSM6086644	F1	CORE	fibroblast_matrix	0.42268632635336123	1031
GSM6086644	F1	CORE	fibroblast_inflammatory	0.4393026374201816	1031
GSM6086644	F1	CORE	endothelial_vascular	0.3989616821113003	1031
GSM6086644	F1	CORE	myeloid_dendritic	0.4074869712279102	1031
GSM6086644	F1	CORE	T_NK_cytotoxic	0.3304375851975045	1031
GSM6086644	F1	CORE	B_plasma	0.23252320795233125	1031
GSM6086644	F1	EXTENDED	keratinocyte_basal	0.4265689411415375	1031
GSM6086644	F1	EXTENDED	keratinocyte_spinous_suprabasal	0.42709140140592666	1031
GSM6086644	F1	EXTENDED	keratinocyte_inflammatory_T17	0.27297256107804735	1031
GSM6086644	F1	EXTENDED	keratinocyte_stress_hypoxia	0.3998990805067669	1031
GSM6086644	F1	EXTENDED	fibroblast_matrix	0.4939536111771354	1031
GSM6086644	F1	EXTENDED	fibroblast_inflammatory	0.47154540644825454	1031
GSM6086644	F1	EXTENDED	endothelial_vascular	0.43810629052544214	1031
GSM6086644	F1	EXTENDED	myeloid_dendritic	0.42857731346748595	1031
GSM6086644	F1	EXTENDED	T_NK_cytotoxic	0.34153242196590033	1031
GSM6086644	F1	EXTENDED	B_plasma	0.23755756453483073	1031
GSM6086644	F2	CORE	keratinocyte_basal	0.4214088389280828	1031
GSM6086644	F2	CORE	keratinocyte_spinous_suprabasal	0.41096938958893475	1031
GSM6086644	F2	CORE	keratinocyte_inflammatory_T17	0.2667010963757842	1031
GSM6086644	F2	CORE	keratinocyte_stress_hypoxia	0.39837281805216856	1031
GSM6086644	F2	CORE	fibroblast_matrix	0.5061004329558255	1031
GSM6086644	F2	CORE	fibroblast_inflammatory	0.45135021883800297	1031
GSM6086644	F2	CORE	endothelial_vascular	0.44284461348182874	1031
GSM6086644	F2	CORE	myeloid_dendritic	0.4199709751461598	1031
GSM6086644	F2	CORE	T_NK_cytotoxic	0.3437256763116027	1031
GSM6086644	F2	CORE	B_plasma	0.23514689702282404	1031
GSM6086644	F2	EXTENDED	keratinocyte_basal	0.4189469100995852	1031
GSM6086644	F2	EXTENDED	keratinocyte_spinous_suprabasal	0.4143130048901071	1031
GSM6086644	F2	EXTENDED	keratinocyte_inflammatory_T17	0.26440579635238726	1031
GSM6086644	F2	EXTENDED	keratinocyte_stress_hypoxia	0.4036451422128935	1031
GSM6086644	F2	EXTENDED	fibroblast_matrix	0.5464813429942672	1031
GSM6086644	F2	EXTENDED	fibroblast_inflammatory	0.4674055029296535	1031
GSM6086644	F2	EXTENDED	endothelial_vascular	0.43944751383618763	1031
GSM6086644	F2	EXTENDED	myeloid_dendritic	0.4303634396105107	1031
GSM6086644	F2	EXTENDED	T_NK_cytotoxic	0.34268779185605047	1031
GSM6086644	F2	EXTENDED	B_plasma	0.24355306968220838	1031
GSM6086644	F6	CORE	keratinocyte_basal	0.3977699710151161	1031
GSM6086644	F6	CORE	keratinocyte_spinous_suprabasal	0.3791529878868253	1031
GSM6086644	F6	CORE	keratinocyte_inflammatory_T17	0.25724722811582756	1031
GSM6086644	F6	CORE	keratinocyte_stress_hypoxia	0.4024517930551595	1031
GSM6086644	F6	CORE	fibroblast_matrix	0.3601552627505638	1031
GSM6086644	F6	CORE	fibroblast_inflammatory	0.43729374934933407	1031
GSM6086644	F6	CORE	endothelial_vascular	0.42447122654334557	1031
GSM6086644	F6	CORE	myeloid_dendritic	0.44041270419964434	1031
GSM6086644	F6	CORE	T_NK_cytotoxic	0.33984967184321513	1031
GSM6086644	F6	CORE	B_plasma	0.22741911948216922	1031
GSM6086644	F6	EXTENDED	keratinocyte_basal	0.42250846815195947	1031
GSM6086644	F6	EXTENDED	keratinocyte_spinous_suprabasal	0.44353283506470953	1031
GSM6086644	F6	EXTENDED	keratinocyte_inflammatory_T17	0.2679986575486335	1031
GSM6086644	F6	EXTENDED	keratinocyte_stress_hypoxia	0.41811763601515145	1031
GSM6086644	F6	EXTENDED	fibroblast_matrix	0.41119050922797495	1031
GSM6086644	F6	EXTENDED	fibroblast_inflammatory	0.4683814867474288	1031
GSM6086644	F6	EXTENDED	endothelial_vascular	0.46389380329217594	1031
GSM6086644	F6	EXTENDED	myeloid_dendritic	0.43805149947952293	1031
GSM6086644	F6	EXTENDED	T_NK_cytotoxic	0.3355238079847419	1031
GSM6086644	F6	EXTENDED	B_plasma	0.23483632111892988	1031
GSM6086644	F7	CORE	keratinocyte_basal	0.4282543851248668	1031
GSM6086644	F7	CORE	keratinocyte_spinous_suprabasal	0.4638048764478532	1031
GSM6086644	F7	CORE	keratinocyte_inflammatory_T17	0.2741352535857294	1031
GSM6086644	F7	CORE	keratinocyte_stress_hypoxia	0.3906801339152088	1031
GSM6086644	F7	CORE	fibroblast_matrix	0.40022818417963885	1031
GSM6086644	F7	CORE	fibroblast_inflammatory	0.48180067086727274	1031
GSM6086644	F7	CORE	endothelial_vascular	0.4881043764640869	1031
GSM6086644	F7	CORE	myeloid_dendritic	0.4418904717877209	1031
GSM6086644	F7	CORE	T_NK_cytotoxic	0.32929759535628383	1031
GSM6086644	F7	CORE	B_plasma	0.24206160629780465	1031
GSM6086644	F7	EXTENDED	keratinocyte_basal	0.43677723866298707	1031
GSM6086644	F7	EXTENDED	keratinocyte_spinous_suprabasal	0.4611895217771908	1031
GSM6086644	F7	EXTENDED	keratinocyte_inflammatory_T17	0.2722446863977106	1031
GSM6086644	F7	EXTENDED	keratinocyte_stress_hypoxia	0.39736763434637573	1031
GSM6086644	F7	EXTENDED	fibroblast_matrix	0.4110939667988965	1031
GSM6086644	F7	EXTENDED	fibroblast_inflammatory	0.4743672409012756	1031
GSM6086644	F7	EXTENDED	endothelial_vascular	0.4907223013985127	1031
GSM6086644	F7	EXTENDED	myeloid_dendritic	0.4464434895103503	1031
GSM6086644	F7	EXTENDED	T_NK_cytotoxic	0.3298227458310486	1031
GSM6086644	F7	EXTENDED	B_plasma	0.24233173698004282	1031
